ISO-10303-21;
HEADER;
FILE_DESCRIPTION (( 'STEP AP214' ),
    '1' );
FILE_NAME ('3-XFDFN.STEP',
    '2022-05-23T17:29:00',
    ( '' ),
    ( '' ),
    'SwSTEP 2.0',
    'SolidWorks 2021',
    '' );
FILE_SCHEMA (( 'AUTOMOTIVE_DESIGN' ));
ENDSEC;

DATA;
#1 = EDGE_CURVE ( 'NONE', #1250, #3985, #981, .T. ) ;
#2 = B_SPLINE_CURVE_WITH_KNOTS ( 'NONE', 3,
 ( #21, #2049, #1647, #4031, #2446, #2783, #3150, #5105, #3222, #1951, #449 ),
 .UNSPECIFIED., .F., .F.,
 ( 4, 1, 1, 1, 1, 1, 1, 1, 4 ),
 ( 0.000000000000000000, 0.1583078152472640054, 0.3004905362489810883, 0.4309541387409673852, 0.5529727382238589506, 0.6685077760671281899, 0.7789279285350658721, 0.8868891519493290465, 1.000000000000000000 ),
 .UNSPECIFIED. ) ;
#3 = VERTEX_POINT ( 'NONE', #1254 ) ;
#4 = FACE_OUTER_BOUND ( 'NONE', #4495, .T. ) ;
#5 = CARTESIAN_POINT ( 'NONE',  ( -0.06499999999999990508, 0.3699999999999999956, 0.1350520833333333226 ) ) ;
#6 = CARTESIAN_POINT ( 'NONE',  ( 0.06500000000000011324, 0.3699999999999999956, 0.1300520833333333182 ) ) ;
#7 = VECTOR ( 'NONE', #3578, 1000.000000000000000 ) ;
#8 = VECTOR ( 'NONE', #990, 1000.000000000000000 ) ;
#9 = CARTESIAN_POINT ( 'NONE',  ( 0.03798816297211091847, 0.3699999999999999400, 0.3171636961734754512 ) ) ;
#10 = CARTESIAN_POINT ( 'NONE',  ( -0.05846150538463838059, 0.3699999999999999956, 0.3080374269280508059 ) ) ;
#11 = VECTOR ( 'NONE', #846, 1000.000000000000000 ) ;
#12 = PLANE ( 'NONE',  #4589 ) ;
#13 = CARTESIAN_POINT ( 'NONE',  ( 0.02653737342724253254, 0.3690000000000000502, 0.3481176424959809834 ) ) ;
#14 = DIRECTION ( 'NONE',  ( -0.000000000000000000, 1.000000000000000000, -0.000000000000000000 ) ) ;
#15 = FACE_OUTER_BOUND ( 'NONE', #2996, .T. ) ;
#16 = VERTEX_POINT ( 'NONE', #3999 ) ;
#17 = CARTESIAN_POINT ( 'NONE',  ( 0.04962907330407109741, 0.3699999999999998845, -0.1160865636626247505 ) ) ;
#18 = VERTEX_POINT ( 'NONE', #3971 ) ;
#19 = ADVANCED_FACE ( 'NONE', ( #4 ), #4303, .T. ) ;
#20 = CARTESIAN_POINT ( 'NONE',  ( -0.02752537088122441675, 0.3700000000000001066, 0.2934846212966624179 ) ) ;
#21 = CARTESIAN_POINT ( 'NONE',  ( 0.02500000000000011241, 0.3699999999999999956, 0.3483333333333334947 ) ) ;
#22 = VERTEX_POINT ( 'NONE', #101 ) ;
#23 = CARTESIAN_POINT ( 'NONE',  ( -0.01911458333333330289, 0.3699999999999999956, -0.2883333333333333859 ) ) ;
#24 = DIRECTION ( 'NONE',  ( -0.1483404529302447539, 0.000000000000000000, 0.9889363528682976190 ) ) ;
#25 = ORIENTED_EDGE ( 'NONE', *, *, #1040, .T. ) ;
#26 = VERTEX_POINT ( 'NONE', #2357 ) ;
#27 = PRODUCT_DEFINITION_CONTEXT ( 'detailed design', #5054, 'design' ) ;
#28 = ADVANCED_FACE ( 'NONE', ( #3603 ), #4698, .T. ) ;
#29 = CARTESIAN_POINT ( 'NONE',  ( -0.3000000000000000444, 0.3699999999999999956, -0.4000000000000000222 ) ) ;
#30 = B_SPLINE_SURFACE_WITH_KNOTS ( 'NONE', 3, 1, ( 
 ( #358, #1939 ),
 ( #58, #4392 ),
 ( #462, #4003 ),
 ( #767, #842 ),
 ( #2020, #3917 ),
 ( #382, #3608 ),
 ( #3524, #4331 ),
 ( #3213, #10 ),
 ( #2822, #1566 ),
 ( #440, #3141 ),
 ( #35, #3948 ) ),
 .UNSPECIFIED., .F., .F., .F.,
 ( 4, 1, 1, 1, 1, 1, 1, 1, 4 ),
 ( 2, 2 ),
 ( 0.000000000000000000, 0.1371223374139007023, 0.2679123640023185482, 0.3935226983663877021, 0.5160237818867048354, 0.6367751505916589005, 0.7569302398618513728, 0.8771627914374638957, 1.000000000000000000 ),
 ( 0.000000000000000000, 1.000000000000000000 ),
 .UNSPECIFIED. ) ;
#31 = EDGE_LOOP ( 'NONE', ( #4404, #4843, #2264, #4873, #1063, #4768, #2784, #2601, #2883, #2633, #446, #3647 ) ) ;
#32 = CARTESIAN_POINT ( 'NONE',  ( 0.1799999999999994382, 0.000000000000000000, 0.1499999999999999944 ) ) ;
#33 = CARTESIAN_POINT ( 'NONE',  ( -0.05626284849290504042, 0.3689999999999999392, -0.1085622031426884543 ) ) ;
#34 = CARTESIAN_POINT ( 'NONE',  ( 0.02516553793639457123, 0.3689999999999999947, 0.3133478017376246649 ) ) ;
#35 = CARTESIAN_POINT ( 'NONE',  ( -0.05330729166666656194, 0.3689999999999999947, 0.3022395833333334503 ) ) ;
#36 = CARTESIAN_POINT ( 'NONE',  ( 0.03000000000000011338, 0.3689999999999999947, 0.2216666666666668173 ) ) ;
#37 = CARTESIAN_POINT ( 'NONE',  ( 0.06666666666666677676, 0.3689999999999999947, 0.3312760416666667984 ) ) ;
#38 = LINE ( 'NONE', #2022, #1958 ) ;
#39 = CARTESIAN_POINT ( 'NONE',  ( 0.02166538136999100056, 0.3700000000000001066, -0.1045670263579088766 ) ) ;
#40 = VERTEX_POINT ( 'NONE', #81 ) ;
#41 = LINE ( 'NONE', #4811, #2793 ) ;
#42 = EDGE_LOOP ( 'NONE', ( #1367, #4340, #256, #340 ) ) ;
#43 = CARTESIAN_POINT ( 'NONE',  ( -0.2999999999999999889, 0.3699999999999999956, 0.4000000000000000222 ) ) ;
#44 = B_SPLINE_CURVE_WITH_KNOTS ( 'NONE', 3,
 ( #447, #1214, #795, #1573, #1619, #4420, #4715, #3195, #1263, #2779, #2001, #3588, #870, #2370, #4009, #4739, #4368, #1241, #4312, #420, #3217, #2805, #2827 ),
 .UNSPECIFIED., .F., .F.,
 ( 4, 1, 1, 1, 1, 1, 1, 1, 1, 1, 1, 1, 1, 1, 1, 1, 1, 1, 1, 1, 4 ),
 ( 0.000000000000000000, 0.03727666120388441195, 0.07400527969318540511, 0.1103339484364384421, 0.1467031098566603797, 0.1828768902615880432, 0.2193971261894604452, 0.2558949648488802464, 0.2930192245668626905, 0.3682313734676938566, 0.4446999721670264472, 0.5231177152311957679, 0.6046692247300070600, 0.6471769291291802340, 0.6914633514816957982, 0.7379583824966597927, 0.7861087692881090216, 0.8363208198342581001, 0.8886675130637279318, 0.9431982673110448356, 1.000000000000000000 ),
 .UNSPECIFIED. ) ;
#45 = CARTESIAN_POINT ( 'NONE',  ( 0.04333333333333340420, 0.3689999999999999947, -0.06890624999999998834 ) ) ;
#46 = ORIENTED_EDGE ( 'NONE', *, *, #4047, .F. ) ;
#47 = SURFACE_STYLE_USAGE ( .BOTH. , #1221 ) ;
#48 = ORIENTED_EDGE ( 'NONE', *, *, #2947, .F. ) ;
#49 = ORIENTED_EDGE ( 'NONE', *, *, #120, .F. ) ;
#50 = CARTESIAN_POINT ( 'NONE',  ( 0.04189932683833588051, 0.3700000000000001621, 0.3209718306089472395 ) ) ;
#51 = CARTESIAN_POINT ( 'NONE',  ( 5.208333333340349133E-05, 0.3699999999999999956, -0.1066666666666666596 ) ) ;
#52 = ADVANCED_FACE ( 'NONE', ( #2796 ), #4775, .T. ) ;
#53 = VERTEX_POINT ( 'NONE', #4358 ) ;
#54 = DIRECTION ( 'NONE',  ( 0.000000000000000000, 0.000000000000000000, -1.000000000000000000 ) ) ;
#55 = CARTESIAN_POINT ( 'NONE',  ( 0.06160598578993204538, 0.3699999999999999400, -0.09737061793278085908 ) ) ;
#56 = CARTESIAN_POINT ( 'NONE',  ( -0.03049439250639076823, 0.3689999999999998836, -0.1271439302165555951 ) ) ;
#57 = DIRECTION ( 'NONE',  ( -0.000000000000000000, 1.000000000000000000, -0.000000000000000000 ) ) ;
#58 = CARTESIAN_POINT ( 'NONE',  ( -0.06496677457274616097, 0.3689999999999999947, 0.3294773670081953543 ) ) ;
#59 = CIRCLE ( 'NONE', #2908, 0.06999999999999999278 ) ;
#60 = CARTESIAN_POINT ( 'NONE',  ( 0.002470011118651818660, 0.3689999999999998836, 0.2982586272619666135 ) ) ;
#61 = CARTESIAN_POINT ( 'NONE',  ( -0.06499999999999994671, 0.3689999999999999947, -0.02333333333333332399 ) ) ;
#62 = CARTESIAN_POINT ( 'NONE',  ( 0.001250000000000070933, 0.3699999999999999956, -0.1316666666666666541 ) ) ;
#63 = CARTESIAN_POINT ( 'NONE',  ( 0.03667774930803981842, 0.3699999999999999400, -0.09675111988761669890 ) ) ;
#64 = CARTESIAN_POINT ( 'NONE',  ( 0.05113016521550372423, 0.3689999999999999392, -0.1145945144876390626 ) ) ;
#65 = ADVANCED_FACE ( 'NONE', ( #435 ), #327, .T. ) ;
#66 = EDGE_CURVE ( 'NONE', #4662, #1584, #838, .T. ) ;
#67 = CARTESIAN_POINT ( 'NONE',  ( -0.03166666666666656527, 0.3699999999999999956, 0.2933333333333334458 ) ) ;
#68 = SURFACE_STYLE_FILL_AREA ( #299 ) ;
#69 = CARTESIAN_POINT ( 'NONE',  ( 0.04284735290385467688, 0.3689999999999998281, -0.08074828627606375764 ) ) ;
#70 = ORIENTED_EDGE ( 'NONE', *, *, #437, .F. ) ;
#71 = CARTESIAN_POINT ( 'NONE',  ( 0.008829975067409052622, 0.3700000000000000511, -0.1315607317146691990 ) ) ;
#72 = DIRECTION ( 'NONE',  ( -1.000000000000000000, 0.000000000000000000, -7.529181753371580893E-17 ) ) ;
#73 = ORIENTED_EDGE ( 'NONE', *, *, #2166, .T. ) ;
#74 = ORIENTED_EDGE ( 'NONE', *, *, #4874, .F. ) ;
#75 = CARTESIAN_POINT ( 'NONE',  ( 0.03092284509237031714, 0.3699999999999999400, 0.3140025633870113797 ) ) ;
#76 = DIRECTION ( 'NONE',  ( -0.000000000000000000, 1.000000000000000000, -0.000000000000000000 ) ) ;
#77 = EDGE_CURVE ( 'NONE', #3827, #3768, #4117, .T. ) ;
#78 = VECTOR ( 'NONE', #2101, 1000.000000000000000 ) ;
#79 = VECTOR ( 'NONE', #3058, 1000.000000000000000 ) ;
#80 = ORIENTED_EDGE ( 'NONE', *, *, #1999, .F. ) ;
#81 = CARTESIAN_POINT ( 'NONE',  ( 0.01872395833333344306, 0.3699999999999999956, 0.1599999999999999756 ) ) ;
#82 = CARTESIAN_POINT ( 'NONE',  ( 0.06160598578993204538, 0.3699999999999999400, -0.09737061793278085908 ) ) ;
#83 = EDGE_CURVE ( 'NONE', #1605, #4685, #4897, .T. ) ;
#84 = CARTESIAN_POINT ( 'NONE',  ( -0.01928447230817318878, 0.3699999999999999956, -0.1300321815889124710 ) ) ;
#85 = DIRECTION ( 'NONE',  ( 1.000000000000000000, 0.000000000000000000, 0.000000000000000000 ) ) ;
#86 = CARTESIAN_POINT ( 'NONE',  ( -0.04314301995358471586, 0.3690000000000000502, 0.2955027672744015010 ) ) ;
#87 = CIRCLE ( 'NONE', #4199, 0.06999999999999999278 ) ;
#88 = CARTESIAN_POINT ( 'NONE',  ( 0.04368283226255072205, 0.3690000000000000502, 0.3691784216843386202 ) ) ;
#89 = CARTESIAN_POINT ( 'NONE',  ( 0.06500000000000002998, 0.3689999999999999947, -0.3666666666666666963 ) ) ;
#90 = DIRECTION ( 'NONE',  ( 1.000000000000000000, 0.000000000000000000, 0.000000000000000000 ) ) ;
#91 = VECTOR ( 'NONE', #1203, 1000.000000000000000 ) ;
#92 = MECHANICAL_DESIGN_GEOMETRIC_PRESENTATION_REPRESENTATION (  '', ( #3360 ), #3867 ) ;
#93 = FACE_OUTER_BOUND ( 'NONE', #722, .T. ) ;
#94 = SURFACE_SIDE_STYLE ('',( #1244 ) ) ;
#95 = CARTESIAN_POINT ( 'NONE',  ( -0.06404938920276841141, 0.3700000000000000511, 0.3408553928873088723 ) ) ;
#96 = EDGE_LOOP ( 'NONE', ( #3958, #4380, #1629, #1906 ) ) ;
#97 = CARTESIAN_POINT ( 'NONE',  ( -0.06499999999999994671, 0.3689999999999999947, -0.001666666666666675664 ) ) ;
#98 = ORIENTED_EDGE ( 'NONE', *, *, #1187, .T. ) ;
#99 = ORIENTED_EDGE ( 'NONE', *, *, #4734, .T. ) ;
#100 = CARTESIAN_POINT ( 'NONE',  ( -0.03810447311058745568, 0.3699999999999999956, -0.09340801912595723955 ) ) ;
#101 = CARTESIAN_POINT ( 'NONE',  ( -0.03166666666666656527, 0.3699999999999999956, 0.2933333333333334458 ) ) ;
#102 = DIRECTION ( 'NONE',  ( -1.000000000000000000, 0.000000000000000000, 0.000000000000000000 ) ) ;
#103 = PLANE ( 'NONE',  #4439 ) ;
#104 = B_SPLINE_CURVE_WITH_KNOTS ( 'NONE', 3,
 ( #948, #160, #1318, #4522, #2182, #903, #976, #4156, #2520, #1737, #4913, #3766, #3297, #213, #2496 ),
 .UNSPECIFIED., .F., .F.,
 ( 4, 1, 1, 1, 1, 1, 1, 1, 1, 1, 1, 1, 4 ),
 ( 0.000000000000000000, 0.07641885326300999759, 0.1482904191154950646, 0.2170740203133401658, 0.2815011076373060139, 0.3437748541366866251, 0.4031687009141697864, 0.4622544862431246515, 0.5204846996932586123, 0.6352124401530325759, 0.7501348736231245873, 0.8706158062173825485, 1.000000000000000000 ),
 .UNSPECIFIED. ) ;
#105 = CARTESIAN_POINT ( 'NONE',  ( 0.04170463862025115126, 0.3690000000000000502, 0.2913351687069903329 ) ) ;
#106 = CARTESIAN_POINT ( 'NONE',  ( 0.02046632943149729114, 0.3700000000000000511, 0.2886725515848470591 ) ) ;
#107 = CARTESIAN_POINT ( 'NONE',  ( -0.006850905705903896983, 0.3690000000000000502, 0.3076918003511570632 ) ) ;
#108 = FACE_OUTER_BOUND ( 'NONE', #3688, .T. ) ;
#109 = FACE_OUTER_BOUND ( 'NONE', #3529, .T. ) ;
#110 = EDGE_CURVE ( 'NONE', #928, #421, #2456, .T. ) ;
#111 = AXIS2_PLACEMENT_3D ( 'NONE', #1722, #2865, #4875 ) ;
#112 = CARTESIAN_POINT ( 'NONE',  ( 0.1000000000000001305, -0.02000000000000000042, 0.4200000000000000955 ) ) ;
#113 = DIRECTION ( 'NONE',  ( 0.000000000000000000, 0.000000000000000000, 1.000000000000000000 ) ) ;
#114 = SURFACE_SIDE_STYLE ('',( #4075 ) ) ;
#115 = CARTESIAN_POINT ( 'NONE',  ( 0.003830569004086025603, 0.3699999999999999956, -0.1316306015805492613 ) ) ;
#116 = ORIENTED_EDGE ( 'NONE', *, *, #4800, .T. ) ;
#117 = UNCERTAINTY_MEASURE_WITH_UNIT (LENGTH_MEASURE( 1.000000000000000082E-05 ), #4247, 'distance_accuracy_value', 'NONE');
#118 = DIRECTION ( 'NONE',  ( -1.355252715606880543E-16, -0.000000000000000000, -1.000000000000000000 ) ) ;
#119 = EDGE_CURVE ( 'NONE', #2654, #3818, #2479, .T. ) ;
#120 = EDGE_CURVE ( 'NONE', #2726, #4729, #3695, .T. ) ;
#121 = B_SPLINE_CURVE_WITH_KNOTS ( 'NONE', 3,
 ( #3254, #13, #3895, #3143, #1569, #3110, #1517, #4334, #4736, #909, #3950 ),
 .UNSPECIFIED., .F., .F.,
 ( 4, 1, 1, 1, 1, 1, 1, 1, 4 ),
 ( 0.000000000000000000, 0.1583078152472640054, 0.3004905362489810883, 0.4309541387409673852, 0.5529727382238589506, 0.6685077760671281899, 0.7789279285350658721, 0.8868891519493290465, 1.000000000000000000 ),
 .UNSPECIFIED. ) ;
#122 = CARTESIAN_POINT ( 'NONE',  ( -0.1000000000000000333, 0.08000000000000000167, 0.4000000000000000777 ) ) ;
#123 = CARTESIAN_POINT ( 'NONE',  ( 0.005000000000000107657, 0.3699999999999999956, 0.3284114583333334614 ) ) ;
#124 = CARTESIAN_POINT ( 'NONE',  ( -0.1999999999999999556, -0.02000000000000000042, -0.1100000000000000144 ) ) ;
#125 = CARTESIAN_POINT ( 'NONE',  ( -0.01559807260653194028, 0.3699999999999999956, 0.3253772147208079391 ) ) ;
#126 = CARTESIAN_POINT ( 'NONE',  ( 0.03667774930803981842, 0.3689999999999999392, -0.09675111988761669890 ) ) ;
#127 = CARTESIAN_POINT ( 'NONE',  ( -0.06499999999999994671, 0.3689999999999999947, -0.02333333333333332399 ) ) ;
#128 = VECTOR ( 'NONE', #3719, 1000.000000000000000 ) ;
#129 = CARTESIAN_POINT ( 'NONE',  ( 0.06500000000000002998, 0.3699999999999999956, -0.3397395833333333171 ) ) ;
#130 = EDGE_CURVE ( 'NONE', #5034, #4991, #4139, .T. ) ;
#131 = CARTESIAN_POINT ( 'NONE',  ( -0.03513545272014267917, 0.3699999999999999956, 0.3190670782382225013 ) ) ;
#132 = CARTESIAN_POINT ( 'NONE',  ( -0.01166666666666660648, 0.3689999999999999947, 0.06166666666666665436 ) ) ;
#133 = EDGE_CURVE ( 'NONE', #3851, #181, #194, .T. ) ;
#134 = DIRECTION ( 'NONE',  ( 0.000000000000000000, -1.000000000000000000, 0.000000000000000000 ) ) ;
#135 = ORIENTED_EDGE ( 'NONE', *, *, #1563, .T. ) ;
#136 = CARTESIAN_POINT ( 'NONE',  ( -0.01332139853923039116, 0.3689999999999999392, 0.3352948409867526069 ) ) ;
#137 = CARTESIAN_POINT ( 'NONE',  ( 0.1000000000000001305, -0.02000000000000000042, 0.4000000000000000777 ) ) ;
#138 = CARTESIAN_POINT ( 'NONE',  ( 0.06500000000000007161, 0.3700000000000000511, -0.07242187499999999667 ) ) ;
#139 = VECTOR ( 'NONE', #2943, 1000.000000000000000 ) ;
#140 = ORIENTED_EDGE ( 'NONE', *, *, #964, .F. ) ;
#141 = STYLED_ITEM ( 'NONE', ( #881 ), #2906 ) ;
#142 = ORIENTED_EDGE ( 'NONE', *, *, #581, .T. ) ;
#143 = VECTOR ( 'NONE', #379, 1000.000000000000000 ) ;
#144 = CARTESIAN_POINT ( 'NONE',  ( 0.06500000000000007161, 0.3699999999999999956, -0.07242187499999999667 ) ) ;
#145 = CARTESIAN_POINT ( 'NONE',  ( 0.06160598578993204538, 0.3689999999999999392, -0.09737061793278085908 ) ) ;
#146 = ADVANCED_FACE ( 'NONE', ( #2162 ), #172, .T. ) ;
#147 = CARTESIAN_POINT ( 'NONE',  ( 0.02890625000000007078, 0.3689999999999999947, -0.1277083333333333404 ) ) ;
#148 = DIRECTION ( 'NONE',  ( -0.000000000000000000, 1.000000000000000000, -0.000000000000000000 ) ) ;
#149 = CARTESIAN_POINT ( 'NONE',  ( -0.01424523903742889140, 0.3699999999999999956, 0.3284239707536690256 ) ) ;
#150 = VECTOR ( 'NONE', #4891, 1000.000000000000000 ) ;
#151 = CARTESIAN_POINT ( 'NONE',  ( 0.01645710177143260358, 0.3689999999999999947, -0.1055964731228814651 ) ) ;
#152 = CARTESIAN_POINT ( 'NONE',  ( -0.1000000000000000333, 0.08000000000000000167, 0.4200000000000000955 ) ) ;
#153 = CARTESIAN_POINT ( 'NONE',  ( 0.02322347240822954934, 0.3700000000000000511, 0.2884016808679601418 ) ) ;
#154 = ORIENTED_EDGE ( 'NONE', *, *, #3538, .T. ) ;
#155 = FILL_AREA_STYLE ('',( #4073 ) ) ;
#156 = DIRECTION ( 'NONE',  ( 0.000000000000000000, 0.000000000000000000, -1.000000000000000000 ) ) ;
#157 = FILL_AREA_STYLE ('',( #507 ) ) ;
#158 = ORIENTED_EDGE ( 'NONE', *, *, #83, .F. ) ;
#159 = CARTESIAN_POINT ( 'NONE',  ( -0.01559807260653194028, 0.3699999999999999956, 0.3253772147208079391 ) ) ;
#160 = CARTESIAN_POINT ( 'NONE',  ( -0.01332139853923039116, 0.3689999999999999392, 0.3352948409867526069 ) ) ;
#161 = CIRCLE ( 'NONE', #1555, 0.06999999999999999278 ) ;
#162 = LINE ( 'NONE', #4892, #1505 ) ;
#163 = ORIENTED_EDGE ( 'NONE', *, *, #666, .T. ) ;
#164 = UNCERTAINTY_MEASURE_WITH_UNIT (LENGTH_MEASURE( 1.000000000000000082E-05 ), #4379, 'distance_accuracy_value', 'NONE');
#165 = VECTOR ( 'NONE', #280, 1000.000000000000114 ) ;
#166 = ORIENTED_EDGE ( 'NONE', *, *, #1910, .T. ) ;
#167 = PRESENTATION_STYLE_ASSIGNMENT (( #1556 ) ) ;
#168 = SURFACE_SIDE_STYLE ('',( #4977 ) ) ;
#169 = VECTOR ( 'NONE', #3696, 1000.000000000000000 ) ;
#170 = ORIENTED_EDGE ( 'NONE', *, *, #1020, .F. ) ;
#171 = EDGE_CURVE ( 'NONE', #4400, #1272, #3250, .T. ) ;
#172 = PLANE ( 'NONE',  #111 ) ;
#173 = CARTESIAN_POINT ( 'NONE',  ( 0.02807291666666677718, 0.3689999999999999947, 0.3733333333333334614 ) ) ;
#174 = VECTOR ( 'NONE', #595, 1000.000000000000000 ) ;
#175 = LINE ( 'NONE', #1402, #2920 ) ;
#176 = CYLINDRICAL_SURFACE ( 'NONE', #2776, 0.07000000000000002054 ) ;
#177 = CARTESIAN_POINT ( 'NONE',  ( -0.02752537088122441675, 0.3690000000000001057, 0.2934846212966624179 ) ) ;
#178 = FILL_AREA_STYLE_COLOUR ( '', #4861 ) ;
#179 = DIRECTION ( 'NONE',  ( -0.000000000000000000, 1.000000000000000000, -0.000000000000000000 ) ) ;
#180 = CARTESIAN_POINT ( 'NONE',  ( 0.02604166666666677885, 0.3699999999999999956, 0.2883333333333334969 ) ) ;
#181 = VERTEX_POINT ( 'NONE', #518 ) ;
#182 = EDGE_CURVE ( 'NONE', #1198, #4014, #3279, .T. ) ;
#183 = DIRECTION ( 'NONE',  ( 0.000000000000000000, -0.000000000000000000, 1.000000000000000000 ) ) ;
#184 = CARTESIAN_POINT ( 'NONE',  ( -0.2500000000000000000, -0.02000000000000000042, 0.4000000000000000777 ) ) ;
#185 = EDGE_LOOP ( 'NONE', ( #4447, #1417, #1268, #25 ) ) ;
#186 = CARTESIAN_POINT ( 'NONE',  ( -0.2500000000000000000, -0.02000000000000000042, 0.4200000000000000955 ) ) ;
#187 = DIRECTION ( 'NONE',  ( 0.000000000000000000, -1.000000000000000000, 0.000000000000000000 ) ) ;
#188 = FACE_OUTER_BOUND ( 'NONE', #394, .T. ) ;
#189 = EDGE_LOOP ( 'NONE', ( #1025, #616, #4746, #3268 ) ) ;
#190 = ORIENTED_EDGE ( 'NONE', *, *, #894, .F. ) ;
#191 = PRESENTATION_STYLE_ASSIGNMENT (( #4871 ) ) ;
#192 = VERTEX_POINT ( 'NONE', #1347 ) ;
#193 = AXIS2_PLACEMENT_3D ( 'NONE', #4798, #3132, #2763 ) ;
#194 = LINE ( 'NONE', #4532, #2059 ) ;
#195 = FACE_OUTER_BOUND ( 'NONE', #1368, .T. ) ;
#196 = DIRECTION ( 'NONE',  ( 0.000000000000000000, 0.000000000000000000, -1.000000000000000000 ) ) ;
#197 =( LENGTH_UNIT ( ) NAMED_UNIT ( * ) SI_UNIT ( .MILLI., .METRE. ) );
#198 = CARTESIAN_POINT ( 'NONE',  ( -0.05608797282150782687, 0.3699999999999999956, 0.3049724456702963549 ) ) ;
#199 = VECTOR ( 'NONE', #1616, 1000.000000000000000 ) ;
#200 = CARTESIAN_POINT ( 'NONE',  ( -0.04320092471729619632, 0.3699999999999999400, 0.3334013545642002807 ) ) ;
#201 = CARTESIAN_POINT ( 'NONE',  ( -0.01166666666666660648, 0.3689999999999999947, 0.06166666666666665436 ) ) ;
#202 = LINE ( 'NONE', #4125, #4251 ) ;
#203 = CARTESIAN_POINT ( 'NONE',  ( 0.002470011118651818660, 0.3699999999999998845, 0.2982586272619666135 ) ) ;
#204 = ORIENTED_EDGE ( 'NONE', *, *, #133, .F. ) ;
#205 = SURFACE_SIDE_STYLE ('',( #2207 ) ) ;
#206 = CIRCLE ( 'NONE', #289, 0.06999999999999999278 ) ;
#207 = CARTESIAN_POINT ( 'NONE',  ( 0.02688562362091974009, 0.3699999999999999956, -0.1283326920320932985 ) ) ;
#208 = DIRECTION ( 'NONE',  ( -0.000000000000000000, 1.000000000000000000, -0.000000000000000000 ) ) ;
#209 = LINE ( 'NONE', #2467, #984 ) ;
#210 = EDGE_CURVE ( 'NONE', #1823, #3089, #1828, .T. ) ;
#211 = VERTEX_POINT ( 'NONE', #906 ) ;
#212 = CARTESIAN_POINT ( 'NONE',  ( -0.02947916666666655985, 0.3699999999999999956, 0.3183333333333334680 ) ) ;
#213 = CARTESIAN_POINT ( 'NONE',  ( -0.02830269322858102593, 0.3689999999999999947, 0.3183873828427439268 ) ) ;
#214 = DIRECTION ( 'NONE',  ( -1.000000000000000000, -0.000000000000000000, -0.000000000000000000 ) ) ;
#215 = VECTOR ( 'NONE', #3678, 1000.000000000000000 ) ;
#216 = EDGE_CURVE ( 'NONE', #644, #3570, #1372, .T. ) ;
#217 = ORIENTED_EDGE ( 'NONE', *, *, #789, .T. ) ;
#218 = UNCERTAINTY_MEASURE_WITH_UNIT (LENGTH_MEASURE( 1.000000000000000082E-05 ), #872, 'distance_accuracy_value', 'NONE');
#219 = ORIENTED_EDGE ( 'NONE', *, *, #2695, .F. ) ;
#220 = DIRECTION ( 'NONE',  ( -0.8395321291537954922, 0.000000000000000000, 0.5433100441906948408 ) ) ;
#221 = ORIENTED_EDGE ( 'NONE', *, *, #2735, .T. ) ;
#222 = DIRECTION ( 'NONE',  ( -0.9933244679893434848, 0.000000000000000000, -0.1153538091858598569 ) ) ;
#223 = EDGE_CURVE ( 'NONE', #5005, #2245, #3669, .T. ) ;
#224 = FACE_OUTER_BOUND ( 'NONE', #1399, .T. ) ;
#225 = DIRECTION ( 'NONE',  ( 0.000000000000000000, 0.000000000000000000, 1.000000000000000000 ) ) ;
#226 = SURFACE_STYLE_FILL_AREA ( #3725 ) ;
#227 = CARTESIAN_POINT ( 'NONE',  ( 0.06208104008970154186, 0.3699999999999998845, 0.3106948853264755450 ) ) ;
#228 = EDGE_CURVE ( 'NONE', #1333, #773, #1323, .T. ) ;
#229 = DIRECTION ( 'NONE',  ( -0.000000000000000000, 1.000000000000000000, -0.000000000000000000 ) ) ;
#230 = LINE ( 'NONE', #1407, #4025 ) ;
#231 = DIRECTION ( 'NONE',  ( -0.000000000000000000, 1.000000000000000000, -0.000000000000000000 ) ) ;
#232 = EDGE_LOOP ( 'NONE', ( #592, #1666, #1086, #2281 ) ) ;
#233 = ADVANCED_FACE ( 'NONE', ( #571 ), #2137, .T. ) ;
#234 = CARTESIAN_POINT ( 'NONE',  ( 0.06500000000000007161, 0.3689999999999999947, -0.07242187499999999667 ) ) ;
#235 = STYLED_ITEM ( 'NONE', ( #3837 ), #3690 ) ;
#236 = SURFACE_STYLE_FILL_AREA ( #4626 ) ;
#237 = CARTESIAN_POINT ( 'NONE',  ( 0.03146919003671175968, 0.3699999999999998845, -0.1008059612098333446 ) ) ;
#238 = CARTESIAN_POINT ( 'NONE',  ( -0.009770152304810328717, 0.3690000000000000502, 0.3038866078715188324 ) ) ;
#239 = ORIENTED_EDGE ( 'NONE', *, *, #3315, .T. ) ;
#240 = DIRECTION ( 'NONE',  ( -0.000000000000000000, -0.000000000000000000, -1.000000000000000000 ) ) ;
#241 = DIRECTION ( 'NONE',  ( -0.000000000000000000, 1.000000000000000000, -0.000000000000000000 ) ) ;
#242 = ORIENTED_EDGE ( 'NONE', *, *, #2643, .F. ) ;
#243 = ORIENTED_EDGE ( 'NONE', *, *, #490, .T. ) ;
#244 = CARTESIAN_POINT ( 'NONE',  ( 0.05602571113339661901, 0.3690000000000000502, 0.3601145382657746086 ) ) ;
#245 = VECTOR ( 'NONE', #2335, 1000.000000000000000 ) ;
#246 =( GEOMETRIC_REPRESENTATION_CONTEXT ( 3 ) GLOBAL_UNCERTAINTY_ASSIGNED_CONTEXT ( ( #1957 ) ) GLOBAL_UNIT_ASSIGNED_CONTEXT ( ( #4170, #711, #661 ) ) REPRESENTATION_CONTEXT ( 'NONE', 'WORKASPACE' ) );
#247 = CARTESIAN_POINT ( 'NONE',  ( -0.06499999999999990508, 0.3689999999999999947, 0.3309375000000001066 ) ) ;
#248 = VERTEX_POINT ( 'NONE', #122 ) ;
#249 = CARTESIAN_POINT ( 'NONE',  ( 0.04332596720941608165, 0.3699999999999999956, -0.06983506325311771012 ) ) ;
#250 = CARTESIAN_POINT ( 'NONE',  ( -0.02643229166666656235, 0.3689999999999999947, 0.1599999999999999756 ) ) ;
#251 = VECTOR ( 'NONE', #4645, 1000.000000000000000 ) ;
#252 = CARTESIAN_POINT ( 'NONE',  ( 0.05187500000000007383, 0.3689999999999999947, -0.1138541666666666730 ) ) ;
#253 = CARTESIAN_POINT ( 'NONE',  ( -0.03038881205946064590, 0.3699999999999998845, 0.3444894879842966828 ) ) ;
#254 = DIRECTION ( 'NONE',  ( -0.000000000000000000, 1.000000000000000000, -0.000000000000000000 ) ) ;
#255 = LINE ( 'NONE', #1809, #414 ) ;
#256 = ORIENTED_EDGE ( 'NONE', *, *, #3755, .T. ) ;
#257 = FILL_AREA_STYLE ('',( #2644 ) ) ;
#258 = CARTESIAN_POINT ( 'NONE',  ( 0.03848625811899276938, 0.3690000000000000502, -0.09432379406609266159 ) ) ;
#259 =( LENGTH_UNIT ( ) NAMED_UNIT ( * ) SI_UNIT ( .MILLI., .METRE. ) );
#260 = ORIENTED_EDGE ( 'NONE', *, *, #1859, .T. ) ;
#261 = PLANE ( 'NONE',  #5042 ) ;
#262 = EDGE_CURVE ( 'NONE', #3907, #1198, #885, .T. ) ;
#263 = LINE ( 'NONE', #4632, #601 ) ;
#264 = ORIENTED_EDGE ( 'NONE', *, *, #1287, .F. ) ;
#265 = ORIENTED_EDGE ( 'NONE', *, *, #2521, .T. ) ;
#266 = CARTESIAN_POINT ( 'NONE',  ( -0.1400000000000000133, 0.000000000000000000, -0.05000000000000005135 ) ) ;
#267 = PLANE ( 'NONE',  #2009 ) ;
#268 = ORIENTED_EDGE ( 'NONE', *, *, #2934, .T. ) ;
#269 = ORIENTED_EDGE ( 'NONE', *, *, #1457, .T. ) ;
#270 = VECTOR ( 'NONE', #4478, 1000.000000000000000 ) ;
#271 = CARTESIAN_POINT ( 'NONE',  ( -0.06499999999999997446, 0.3689999999999999947, -0.2894531249999999778 ) ) ;
#272 = CARTESIAN_POINT ( 'NONE',  ( -0.06499999999999994671, 0.3689999999999999947, -0.1533333333333333770 ) ) ;
#273 = CARTESIAN_POINT ( 'NONE',  ( -0.06499999999999994671, 0.3699999999999999956, -0.07101562499999999889 ) ) ;
#274 = SURFACE_STYLE_FILL_AREA ( #1746 ) ;
#275 = ADVANCED_FACE ( 'NONE', ( #2056 ), #1673, .T. ) ;
#276 = ADVANCED_FACE ( 'NONE', ( #5035 ), #4556, .T. ) ;
#277 = ADVANCED_FACE ( 'NONE', ( #4226 ), #4195, .T. ) ;
#278 = DIRECTION ( 'NONE',  ( -1.000000000000000000, 0.000000000000000000, 0.000000000000000000 ) ) ;
#279 = CARTESIAN_POINT ( 'NONE',  ( -0.1938775332709110621, 0.000000000000000000, -0.05612246672908897255 ) ) ;
#280 = DIRECTION ( 'NONE',  ( 0.8395321291537954922, 0.000000000000000000, 0.5433100441906948408 ) ) ;
#281 = CARTESIAN_POINT ( 'NONE',  ( 0.06345083484701735665, 0.3689999999999998836, -0.09078722991395180020 ) ) ;
#282 = CARTESIAN_POINT ( 'NONE',  ( -0.04240307159118022334, 0.3700000000000000511, -0.08158654803151148271 ) ) ;
#283 = FILL_AREA_STYLE ('',( #1812 ) ) ;
#284 = ORIENTED_EDGE ( 'NONE', *, *, #2613, .T. ) ;
#285 =( LENGTH_UNIT ( ) NAMED_UNIT ( * ) SI_UNIT ( .MILLI., .METRE. ) );
#286 = FACE_OUTER_BOUND ( 'NONE', #4128, .T. ) ;
#287 = DIRECTION ( 'NONE',  ( -0.000000000000000000, 1.000000000000000000, -0.000000000000000000 ) ) ;
#288 = EDGE_LOOP ( 'NONE', ( #4352, #1476, #1624, #142 ) ) ;
#289 = AXIS2_PLACEMENT_3D ( 'NONE', #4834, #4445, #532 ) ;
#290 = ORIENTED_EDGE ( 'NONE', *, *, #1704, .F. ) ;
#291 = ADVANCED_FACE ( 'NONE', ( #3352 ), #1771, .T. ) ;
#292 = CARTESIAN_POINT ( 'NONE',  ( 0.02807291666666677718, 0.3699999999999999956, 0.3733333333333334614 ) ) ;
#293 = CARTESIAN_POINT ( 'NONE',  ( 0.000000000000000000, 0.3699999999999999956, 0.000000000000000000 ) ) ;
#294 = DIRECTION ( 'NONE',  ( -0.000000000000000000, 1.000000000000000000, -0.000000000000000000 ) ) ;
#295 = COLOUR_RGB ( '',0.8000000000000000444, 0.8117647058823529438, 0.8000000000000000444 ) ;
#296 = ORIENTED_EDGE ( 'NONE', *, *, #2773, .F. ) ;
#297 = ORIENTED_EDGE ( 'NONE', *, *, #744, .T. ) ;
#298 = DIRECTION ( 'NONE',  ( -1.355252715606880543E-16, 1.000000000000000000, 0.000000000000000000 ) ) ;
#299 = FILL_AREA_STYLE ('',( #3590 ) ) ;
#300 = CARTESIAN_POINT ( 'NONE',  ( -0.06406611026553482580, 0.3690000000000000502, -0.08812345379470493123 ) ) ;
#301 = CARTESIAN_POINT ( 'NONE',  ( 0.05484470976132081038, 0.3690000000000000502, 0.3006125399708513002 ) ) ;
#302 = EDGE_CURVE ( 'NONE', #1898, #248, #681, .T. ) ;
#303 = CARTESIAN_POINT ( 'NONE',  ( 0.05484470976132081038, 0.3700000000000000511, 0.3006125399708513002 ) ) ;
#304 = DIRECTION ( 'NONE',  ( -0.000000000000000000, 1.000000000000000000, -0.000000000000000000 ) ) ;
#305 = VECTOR ( 'NONE', #5060, 1000.000000000000000 ) ;
#306 = CARTESIAN_POINT ( 'NONE',  ( -0.05876256996882606165, 0.3699999999999998845, 0.3538057597343898797 ) ) ;
#307 = VECTOR ( 'NONE', #387, 1000.000000000000000 ) ;
#308 = DIRECTION ( 'NONE',  ( 1.000000000000000000, 0.000000000000000000, 0.000000000000000000 ) ) ;
#309 = DIRECTION ( 'NONE',  ( 1.000000000000000000, 0.000000000000000000, 0.000000000000000000 ) ) ;
#310 =( LENGTH_UNIT ( ) NAMED_UNIT ( * ) SI_UNIT ( .MILLI., .METRE. ) );
#311 = SURFACE_SIDE_STYLE ('',( #1410 ) ) ;
#312 = ORIENTED_EDGE ( 'NONE', *, *, #1135, .F. ) ;
#313 = APPLICATION_PROTOCOL_DEFINITION ( 'draft international standard', 'automotive_design', 1998, #4784 ) ;
#314 = CARTESIAN_POINT ( 'NONE',  ( -0.04333333333333326542, 0.3699999999999999956, -0.1783333333333333715 ) ) ;
#315 = VERTEX_POINT ( 'NONE', #3021 ) ;
#316 = MECHANICAL_DESIGN_GEOMETRIC_PRESENTATION_REPRESENTATION (  '', ( #1858 ), #3023 ) ;
#317 = CARTESIAN_POINT ( 'NONE',  ( 0.04368283226255072205, 0.3700000000000000511, 0.3691784216843386202 ) ) ;
#318 = CARTESIAN_POINT ( 'NONE',  ( -0.05330729166666656194, 0.3699999999999999956, 0.3022395833333334503 ) ) ;
#319 = CARTESIAN_POINT ( 'NONE',  ( 0.005202870654914749232, 0.3699999999999998845, 0.3253915475544810199 ) ) ;
#320 = ORIENTED_EDGE ( 'NONE', *, *, #1783, .F. ) ;
#321 = VERTEX_POINT ( 'NONE', #2247 ) ;
#322 = COLOUR_RGB ( '',0.8000000000000000444, 0.8117647058823529438, 0.8000000000000000444 ) ;
#323 = FACE_OUTER_BOUND ( 'NONE', #1742, .T. ) ;
#324 = CARTESIAN_POINT ( 'NONE',  ( -0.004348958333333228198, 0.3689999999999999947, 0.3120312500000001488 ) ) ;
#325 = VECTOR ( 'NONE', #919, 1000.000000000000000 ) ;
#326 = CARTESIAN_POINT ( 'NONE',  ( 0.06506476431852724340, 0.3689999999999999392, 0.3183858300686282505 ) ) ;
#327 = B_SPLINE_SURFACE_WITH_KNOTS ( 'NONE', 3, 1, ( 
 ( #4803, #3576 ),
 ( #861, #762 ),
 ( #2328, #3913 ),
 ( #3186, #1989 ),
 ( #1561, #2436 ),
 ( #378, #1934 ),
 ( #1610, #3520 ),
 ( #1230, #4387 ),
 ( #3137, #4326 ),
 ( #406, #1965 ),
 ( #3548, #2768 ) ),
 .UNSPECIFIED., .F., .F., .F.,
 ( 4, 1, 1, 1, 1, 1, 1, 1, 4 ),
 ( 2, 2 ),
 ( 0.000000000000000000, 0.1583078152472640054, 0.3004905362489810883, 0.4309541387409673852, 0.5529727382238589506, 0.6685077760671281899, 0.7789279285350658721, 0.8868891519493290465, 1.000000000000000000 ),
 ( 0.000000000000000000, 1.000000000000000000 ),
 .UNSPECIFIED. ) ;
#328 = VECTOR ( 'NONE', #1953, 1000.000000000000000 ) ;
#329 = EDGE_CURVE ( 'NONE', #773, #53, #2222, .T. ) ;
#330 = ORIENTED_EDGE ( 'NONE', *, *, #2250, .T. ) ;
#331 = CARTESIAN_POINT ( 'NONE',  ( 0.01306559123674152882, 0.3699999999999999400, 0.3156675473904553830 ) ) ;
#332 = LINE ( 'NONE', #1967, #2537 ) ;
#333 = ORIENTED_EDGE ( 'NONE', *, *, #171, .T. ) ;
#334 = DIRECTION ( 'NONE',  ( 1.000000000000000000, 0.000000000000000000, 0.000000000000000000 ) ) ;
#335 = MECHANICAL_DESIGN_GEOMETRIC_PRESENTATION_REPRESENTATION (  '', ( #4872 ), #4711 ) ;
#336 = CARTESIAN_POINT ( 'NONE',  ( -0.06499999999999997446, 0.3689999999999999947, -0.3666666666666666963 ) ) ;
#337 = CARTESIAN_POINT ( 'NONE',  ( -0.04327196347849796010, 0.3700000000000001066, -0.06831677812292338836 ) ) ;
#338 = CARTESIAN_POINT ( 'NONE',  ( 0.03439221245209590772, 0.3690000000000001057, -0.09893864290524549687 ) ) ;
#339 = CARTESIAN_POINT ( 'NONE',  ( -0.005201944465477523726, 0.3689999999999999947, 0.3105518062626211884 ) ) ;
#340 = ORIENTED_EDGE ( 'NONE', *, *, #1985, .T. ) ;
#341 = CARTESIAN_POINT ( 'NONE',  ( 0.1799999999999999933, -0.02000000000000000042, 0.2199999999999999734 ) ) ;
#342 = CARTESIAN_POINT ( 'NONE',  ( -0.06499999999999990508, 0.3689999999999999947, 0.1350520833333333226 ) ) ;
#343 = ORIENTED_EDGE ( 'NONE', *, *, #2739, .F. ) ;
#344 = ADVANCED_FACE ( 'NONE', ( #323 ), #4611, .T. ) ;
#345 = ADVANCED_FACE ( 'NONE', ( #1849 ), #1115, .T. ) ;
#346 = CARTESIAN_POINT ( 'NONE',  ( 0.06666666666666677676, 0.3689999999999999947, 0.3312760416666667984 ) ) ;
#347 = CARTESIAN_POINT ( 'NONE',  ( -0.003854166666666559212, 0.3699999999999999956, 0.1746093750000000111 ) ) ;
#348 = CARTESIAN_POINT ( 'NONE',  ( 0.006193080477447987509, 0.3699999999999999400, 0.3225062652014146769 ) ) ;
#349 = ORIENTED_EDGE ( 'NONE', *, *, #370, .T. ) ;
#350 = ORIENTED_EDGE ( 'NONE', *, *, #2250, .F. ) ;
#351 = CARTESIAN_POINT ( 'NONE',  ( 0.04469668197237972734, 0.3699999999999999956, 0.3272189241171875596 ) ) ;
#352 = CARTESIAN_POINT ( 'NONE',  ( -0.06406611026553482580, 0.3700000000000000511, -0.08812345379470493123 ) ) ;
#353 = LINE ( 'NONE', #4696, #4530 ) ;
#354 = CARTESIAN_POINT ( 'NONE',  ( -0.1999999999999999556, 0.000000000000000000, -0.1100000000000000144 ) ) ;
#355 = EDGE_CURVE ( 'NONE', #1058, #3935, #2302, .T. ) ;
#356 = CARTESIAN_POINT ( 'NONE',  ( -0.06162920953274971664, 0.3689999999999998836, -0.09841055151615001051 ) ) ;
#357 = LINE ( 'NONE', #3140, #2286 ) ;
#358 = CARTESIAN_POINT ( 'NONE',  ( -0.06499999999999990508, 0.3689999999999999947, 0.3309375000000001066 ) ) ;
#359 = CARTESIAN_POINT ( 'NONE',  ( 0.06500000000000011324, 0.3689999999999999947, 0.2191666666666666763 ) ) ;
#360 = CARTESIAN_POINT ( 'NONE',  ( 0.06223958333333341753, 0.3700000000000000511, -0.09552083333333334647 ) ) ;
#361 = PLANE ( 'NONE',  #2078 ) ;
#362 = EDGE_LOOP ( 'NONE', ( #3432, #4134, #4265, #4945 ) ) ;
#363 = CYLINDRICAL_SURFACE ( 'NONE', #4120, 0.07000000000000002054 ) ;
#364 = CARTESIAN_POINT ( 'NONE',  ( 0.06500000000000011324, 0.3689999999999999947, 0.2191666666666666763 ) ) ;
#365 = ORIENTED_EDGE ( 'NONE', *, *, #2318, .T. ) ;
#366 = B_SPLINE_CURVE_WITH_KNOTS ( 'NONE', 3,
 ( #4480, #4613, #1169, #3054, #375, #4248, #1069, #710, #4728, #4274, #1928 ),
 .UNSPECIFIED., .F., .F.,
 ( 4, 1, 1, 1, 1, 1, 1, 1, 4 ),
 ( 0.000000000000000000, 0.1363431944354203951, 0.2690930279684730086, 0.3977221775177790519, 0.5226435276616346881, 0.6451150183765602675, 0.7655561911784939388, 0.8836700787672537860, 1.000000000000000000 ),
 .UNSPECIFIED. ) ;
#367 = ADVANCED_FACE ( 'NONE', ( #3829 ), #2685, .T. ) ;
#368 = CARTESIAN_POINT ( 'NONE',  ( -0.03670835716969736429, 0.3699999999999999956, 0.3421325459248480416 ) ) ;
#369 = DIRECTION ( 'NONE',  ( -1.000000000000000000, -0.000000000000000000, -0.000000000000000000 ) ) ;
#370 = EDGE_CURVE ( 'NONE', #3478, #3680, #602, .T. ) ;
#371 = ORIENTED_EDGE ( 'NONE', *, *, #789, .F. ) ;
#372 = ORIENTED_EDGE ( 'NONE', *, *, #2431, .F. ) ;
#373 = CARTESIAN_POINT ( 'NONE',  ( 0.04239179090025635421, 0.3700000000000000511, -0.08411182286575591416 ) ) ;
#374 = STYLED_ITEM ( 'NONE', ( #2604 ), #3037 ) ;
#375 = CARTESIAN_POINT ( 'NONE',  ( 0.03878860723338009575, 0.3700000000000000511, -0.1235358543761811284 ) ) ;
#376 = SURFACE_STYLE_FILL_AREA ( #4301 ) ;
#377 = EDGE_CURVE ( 'NONE', #1918, #2378, #3438, .T. ) ;
#378 = CARTESIAN_POINT ( 'NONE',  ( 0.03986195795303645872, 0.3689999999999999947, 0.3425352184216650109 ) ) ;
#379 = DIRECTION ( 'NONE',  ( -0.000000000000000000, 1.000000000000000000, -0.000000000000000000 ) ) ;
#380 = CARTESIAN_POINT ( 'NONE',  ( -0.05787873351891388574, 0.3700000000000000511, -0.1061907185233905149 ) ) ;
#381 = DIRECTION ( 'NONE',  ( -0.000000000000000000, 1.000000000000000000, -0.000000000000000000 ) ) ;
#382 = CARTESIAN_POINT ( 'NONE',  ( -0.06215218405361673526, 0.3690000000000001057, 0.3148105191983115447 ) ) ;
#383 = VECTOR ( 'NONE', #3413, 1000.000000000000000 ) ;
#384 = EDGE_CURVE ( 'NONE', #4469, #3043, #1606, .T. ) ;
#385 = MECHANICAL_DESIGN_GEOMETRIC_PRESENTATION_REPRESENTATION (  '', ( #141 ), #4908 ) ;
#386 = FACE_OUTER_BOUND ( 'NONE', #2246, .T. ) ;
#387 = DIRECTION ( 'NONE',  ( -0.000000000000000000, 1.000000000000000000, -0.000000000000000000 ) ) ;
#388 = CARTESIAN_POINT ( 'NONE',  ( 0.1799999999999999933, -0.02000000000000000042, 0.2199999999999999734 ) ) ;
#389 = LINE ( 'NONE', #4810, #1356 ) ;
#390 = VERTEX_POINT ( 'NONE', #3182 ) ;
#391 = CARTESIAN_POINT ( 'NONE',  ( -0.06499999999999990508, 0.3699999999999999956, 0.1058333333333333209 ) ) ;
#392 = VECTOR ( 'NONE', #1324, 1000.000000000000000 ) ;
#393 = EDGE_CURVE ( 'NONE', #587, #2407, #432, .T. ) ;
#394 = EDGE_LOOP ( 'NONE', ( #3374, #3385, #4489, #2755 ) ) ;
#395 = CARTESIAN_POINT ( 'NONE',  ( 0.008333333333333445975, 0.3699999999999999956, 0.2700000000000001288 ) ) ;
#396 = CARTESIAN_POINT ( 'NONE',  ( -0.04333333333333322379, 0.3689999999999999947, 0.3307291666666667962 ) ) ;
#397 = ORIENTED_EDGE ( 'NONE', *, *, #2166, .F. ) ;
#398 = DIRECTION ( 'NONE',  ( 1.000000000000000000, 0.000000000000000000, 0.000000000000000000 ) ) ;
#399 = CARTESIAN_POINT ( 'NONE',  ( -0.02666666666666656429, 0.3689999999999999947, 0.3450000000000001399 ) ) ;
#400 = EDGE_LOOP ( 'NONE', ( #1892, #3155, #3275, #3019 ) ) ;
#401 = ORIENTED_EDGE ( 'NONE', *, *, #3025, .F. ) ;
#402 = CARTESIAN_POINT ( 'NONE',  ( 0.04498687256020960507, 0.3699999999999999956, 0.3301553981129232151 ) ) ;
#403 = AXIS2_PLACEMENT_3D ( 'NONE', #4174, #2641, #1431 ) ;
#404 = LINE ( 'NONE', #4383, #4173 ) ;
#405 = ORIENTED_EDGE ( 'NONE', *, *, #3382, .F. ) ;
#406 = CARTESIAN_POINT ( 'NONE',  ( 0.04494684006155039852, 0.3689999999999999947, 0.3318658103497176270 ) ) ;
#407 = CARTESIAN_POINT ( 'NONE',  ( -0.04986551638024205868, 0.3690000000000000502, -0.1158138318214106399 ) ) ;
#408 = LINE ( 'NONE', #3162, #1699 ) ;
#409 = VECTOR ( 'NONE', #254, 1000.000000000000000 ) ;
#410 = VECTOR ( 'NONE', #1314, 1000.000000000000000 ) ;
#411 = AXIS2_PLACEMENT_3D ( 'NONE', #1736, #1790, #2956 ) ;
#412 = CARTESIAN_POINT ( 'NONE',  ( 0.04333333333333340420, 0.3699999999999999956, -0.04833333333333332538 ) ) ;
#413 = LINE ( 'NONE', #4756, #2123 ) ;
#414 = VECTOR ( 'NONE', #2309, 1000.000000000000000 ) ;
#415 = FILL_AREA_STYLE ('',( #5070 ) ) ;
#416 = CARTESIAN_POINT ( 'NONE',  ( 0.008333333333333445975, 0.3689999999999999947, 0.2216666666666668173 ) ) ;
#417 = CARTESIAN_POINT ( 'NONE',  ( -0.06499999999999994671, 0.3689999999999999947, -0.1533333333333333770 ) ) ;
#418 = CARTESIAN_POINT ( 'NONE',  ( 0.04332596720941608165, 0.3699999999999999956, -0.06983506325311771012 ) ) ;
#419 = ORIENTED_EDGE ( 'NONE', *, *, #4840, .F. ) ;
#420 = CARTESIAN_POINT ( 'NONE',  ( -0.007470652818850957028, 0.3700000000000000511, -0.1314410947797648999 ) ) ;
#421 = VERTEX_POINT ( 'NONE', #4409 ) ;
#422 = CARTESIAN_POINT ( 'NONE',  ( -0.03599441172767738756, 0.3689999999999999392, -0.09614199335843730265 ) ) ;
#423 = PLANE ( 'NONE',  #2124 ) ;
#424 = DIRECTION ( 'NONE',  ( 1.000000000000000000, 0.000000000000000000, 0.000000000000000000 ) ) ;
#425 = EDGE_CURVE ( 'NONE', #1842, #3907, #1167, .T. ) ;
#426 = ORIENTED_EDGE ( 'NONE', *, *, #4029, .F. ) ;
#427 = SURFACE_STYLE_USAGE ( .BOTH. , #4792 ) ;
#428 = FILL_AREA_STYLE_COLOUR ( '', #3103 ) ;
#429 = ORIENTED_EDGE ( 'NONE', *, *, #2460, .T. ) ;
#430 = ORIENTED_EDGE ( 'NONE', *, *, #3131, .T. ) ;
#431 = UNCERTAINTY_MEASURE_WITH_UNIT (LENGTH_MEASURE( 1.000000000000000082E-05 ), #1760, 'distance_accuracy_value', 'NONE');
#432 = LINE ( 'NONE', #29, #847 ) ;
#433 = CARTESIAN_POINT ( 'NONE',  ( -0.04208333333333327819, 0.3699999999999999956, -0.08330729166666665797 ) ) ;
#434 = ORIENTED_EDGE ( 'NONE', *, *, #4858, .F. ) ;
#435 = FACE_OUTER_BOUND ( 'NONE', #189, .T. ) ;
#436 = CARTESIAN_POINT ( 'NONE',  ( 0.01306559123674152882, 0.3689999999999999392, 0.3156675473904553830 ) ) ;
#437 = EDGE_CURVE ( 'NONE', #2050, #755, #2011, .T. ) ;
#438 = CARTESIAN_POINT ( 'NONE',  ( -0.04100103276243451805, 0.3700000000000000511, -0.1223606978440878179 ) ) ;
#439 = CARTESIAN_POINT ( 'NONE',  ( 0.03640681673721255646, 0.3700000000000000511, 0.3161409058865546351 ) ) ;
#440 = CARTESIAN_POINT ( 'NONE',  ( -0.05424078334674045654, 0.3689999999999999392, 0.3031570219436180436 ) ) ;
#441 = ADVANCED_FACE ( 'NONE', ( #781 ), #4727, .T. ) ;
#442 = EDGE_CURVE ( 'NONE', #2780, #2313, #4354, .T. ) ;
#443 = CARTESIAN_POINT ( 'NONE',  ( 0.008313864693615320364, 0.3690000000000000502, 0.2932598096996058001 ) ) ;
#444 = PLANE ( 'NONE',  #4510 ) ;
#445 = CARTESIAN_POINT ( 'NONE',  ( 0.04315729171411065990, 0.3699999999999999956, -0.07658924509658225632 ) ) ;
#446 = ORIENTED_EDGE ( 'NONE', *, *, #3322, .T. ) ;
#447 = CARTESIAN_POINT ( 'NONE',  ( -0.06252604166666660135, 0.3699999999999999956, -0.09562499999999998779 ) ) ;
#448 = DIRECTION ( 'NONE',  ( -0.000000000000000000, 0.000000000000000000, 1.000000000000000000 ) ) ;
#449 = CARTESIAN_POINT ( 'NONE',  ( 0.04500000000000011630, 0.3699999999999999956, 0.3307552083333334392 ) ) ;
#450 = ORIENTED_EDGE ( 'NONE', *, *, #4523, .T. ) ;
#451 = CARTESIAN_POINT ( 'NONE',  ( 0.02890625000000007078, 0.3689999999999999947, -0.1277083333333333404 ) ) ;
#452 = ORIENTED_EDGE ( 'NONE', *, *, #3869, .T. ) ;
#453 = EDGE_LOOP ( 'NONE', ( #2337, #3791, #1319, #2345 ) ) ;
#454 = ADVANCED_FACE ( 'NONE', ( #2381 ), #4299, .F. ) ;
#455 = CARTESIAN_POINT ( 'NONE',  ( 0.06496584073947719862, 0.3700000000000001066, -0.07588648862756720848 ) ) ;
#456 = ORIENTED_EDGE ( 'NONE', *, *, #3077, .T. ) ;
#457 = VECTOR ( 'NONE', #4052, 1000.000000000000000 ) ;
#458 = VERTEX_POINT ( 'NONE', #4528 ) ;
#459 = CARTESIAN_POINT ( 'NONE',  ( 0.005068122343980056670, 0.3700000000000000511, 0.3273973964378252277 ) ) ;
#460 = CARTESIAN_POINT ( 'NONE',  ( -0.01158707161737761344, 0.3689999999999999947, -0.1310957157233315351 ) ) ;
#461 = CARTESIAN_POINT ( 'NONE',  ( -0.04333333333333322379, 0.3689999999999999947, 0.3307291666666667962 ) ) ;
#462 = CARTESIAN_POINT ( 'NONE',  ( -0.06490185806878032149, 0.3689999999999999947, 0.3266245299798170021 ) ) ;
#463 = CARTESIAN_POINT ( 'NONE',  ( 0.06408155257635143875, 0.3690000000000000502, 0.3471711710243681193 ) ) ;
#464 = CARTESIAN_POINT ( 'NONE',  ( 0.06500000000000011324, 0.3689999999999999947, 0.1008333333333333165 ) ) ;
#465 = CARTESIAN_POINT ( 'NONE',  ( 0.03439221245209590772, 0.3700000000000001066, -0.09893864290524549687 ) ) ;
#466 = FACE_OUTER_BOUND ( 'NONE', #801, .T. ) ;
#467 = LINE ( 'NONE', #826, #2706 ) ;
#468 = PLANE ( 'NONE',  #2626 ) ;
#469 = LINE ( 'NONE', #4765, #4672 ) ;
#470 = ORIENTED_EDGE ( 'NONE', *, *, #3621, .F. ) ;
#471 = FACE_OUTER_BOUND ( 'NONE', #1868, .T. ) ;
#472 = ORIENTED_EDGE ( 'NONE', *, *, #3955, .T. ) ;
#473 = VECTOR ( 'NONE', #1791, 1000.000000000000000 ) ;
#474 = VERTEX_POINT ( 'NONE', #2497 ) ;
#475 = PRODUCT_DEFINITION_SHAPE ( 'NONE', 'NONE',  #1256 ) ;
#476 = VECTOR ( 'NONE', #2507, 1000.000000000000000 ) ;
#477 = CARTESIAN_POINT ( 'NONE',  ( -0.04315606589353081918, 0.3699999999999999400, -0.07166710947188943692 ) ) ;
#478 = CARTESIAN_POINT ( 'NONE',  ( -0.04333333333333326542, 0.3689999999999999947, -0.1783333333333333715 ) ) ;
#479 = EDGE_CURVE ( 'NONE', #4525, #2240, #3629, .T. ) ;
#480 = CARTESIAN_POINT ( 'NONE',  ( -0.02278885023330823670, 0.3700000000000000511, 0.3193209945290885754 ) ) ;
#481 = VECTOR ( 'NONE', #2803, 1000.000000000000000 ) ;
#482 = CARTESIAN_POINT ( 'NONE',  ( 0.06521985275334357679, 0.3689999999999998836, 0.3434458266286233297 ) ) ;
#483 = CARTESIAN_POINT ( 'NONE',  ( -0.02666666666666656776, 0.3690000000000000502, 0.3450000000000001954 ) ) ;
#484 = CARTESIAN_POINT ( 'NONE',  ( 0.06500000000000002998, 0.3689999999999999947, -0.2633333333333333637 ) ) ;
#485 = CARTESIAN_POINT ( 'NONE',  ( 0.02890625000000007078, 0.3689999999999999947, -0.1277083333333333404 ) ) ;
#486 = VECTOR ( 'NONE', #1991, 1000.000000000000000 ) ;
#487 = VECTOR ( 'NONE', #398, 1000.000000000000000 ) ;
#488 = SURFACE_STYLE_FILL_AREA ( #155 ) ;
#489 = FILL_AREA_STYLE_COLOUR ( '', #1559 ) ;
#490 = EDGE_CURVE ( 'NONE', #4337, #1322, #1793, .T. ) ;
#491 = CARTESIAN_POINT ( 'NONE',  ( -0.04562025506504985284, 0.3699999999999999956, 0.3652855794822919000 ) ) ;
#492 = ORIENTED_EDGE ( 'NONE', *, *, #2746, .T. ) ;
#493 = CARTESIAN_POINT ( 'NONE',  ( 0.02272060386258079046, 0.3689999999999999392, -0.1296196525229335317 ) ) ;
#494 = CARTESIAN_POINT ( 'NONE',  ( -0.04331155388255202715, 0.3689999999999999392, -0.06462680575130279326 ) ) ;
#495 = EDGE_CURVE ( 'NONE', #4610, #1955, #162, .T. ) ;
#496 = ORIENTED_EDGE ( 'NONE', *, *, #3721, .F. ) ;
#497 = LINE ( 'NONE', #2054, #3918 ) ;
#498 = DIRECTION ( 'NONE',  ( -1.000000000000000000, 0.000000000000000000, 0.000000000000000000 ) ) ;
#499 = CARTESIAN_POINT ( 'NONE',  ( -0.04208333333333327819, 0.3699999999999999956, -0.08330729166666665797 ) ) ;
#500 = CARTESIAN_POINT ( 'NONE',  ( -0.003854166666666559212, 0.3699999999999999956, 0.1746093750000000111 ) ) ;
#501 = FACE_OUTER_BOUND ( 'NONE', #2475, .T. ) ;
#502 = EDGE_CURVE ( 'NONE', #4176, #2904, #3716, .T. ) ;
#503 = CARTESIAN_POINT ( 'NONE',  ( -0.02752537088122441675, 0.3700000000000000511, 0.2934846212966624179 ) ) ;
#504 = DIRECTION ( 'NONE',  ( 0.000000000000000000, 0.000000000000000000, 1.000000000000000000 ) ) ;
#505 = CARTESIAN_POINT ( 'NONE',  ( 0.02509502413357500225, 0.3699999999999999956, 0.2883562915389701886 ) ) ;
#506 = COLOUR_RGB ( '',0.8000000000000000444, 0.8117647058823529438, 0.8000000000000000444 ) ;
#507 = FILL_AREA_STYLE_COLOUR ( '', #523 ) ;
#508 = ORIENTED_EDGE ( 'NONE', *, *, #4266, .F. ) ;
#509 = CARTESIAN_POINT ( 'NONE',  ( 0.02890625000000007078, 0.3699999999999999956, -0.1277083333333333404 ) ) ;
#510 = CARTESIAN_POINT ( 'NONE',  ( -0.06499999999999997446, 0.3689999999999999947, -0.2894531249999999778 ) ) ;
#511 = CARTESIAN_POINT ( 'NONE',  ( 0.06434744590730864799, 0.3700000000000001066, -0.08537120723481342321 ) ) ;
#512 = VERTEX_POINT ( 'NONE', #2574 ) ;
#513 = EDGE_CURVE ( 'NONE', #3181, #1949, #1764, .T. ) ;
#514 = UNCERTAINTY_MEASURE_WITH_UNIT (LENGTH_MEASURE( 1.000000000000000082E-05 ), #2696, 'distance_accuracy_value', 'NONE');
#515 = VECTOR ( 'NONE', #1841, 1000.000000000000000 ) ;
#516 =( LENGTH_UNIT ( ) NAMED_UNIT ( * ) SI_UNIT ( .MILLI., .METRE. ) );
#517 =( NAMED_UNIT ( * ) SI_UNIT ( $, .STERADIAN. ) SOLID_ANGLE_UNIT ( ) );
#518 = CARTESIAN_POINT ( 'NONE',  ( -0.04333333333333326542, 0.3699999999999999956, -0.1783333333333333715 ) ) ;
#519 = CARTESIAN_POINT ( 'NONE',  ( 0.01000000000000006613, 0.3689999999999999947, -0.2333333333333333925 ) ) ;
#520 = SURFACE_STYLE_FILL_AREA ( #1539 ) ;
#521 = LINE ( 'NONE', #3673, #5027 ) ;
#522 = CARTESIAN_POINT ( 'NONE',  ( -0.06215218405361673526, 0.3700000000000001066, 0.3148105191983115447 ) ) ;
#523 = COLOUR_RGB ( '',0.8000000000000000444, 0.8117647058823529438, 0.8000000000000000444 ) ;
#524 = CARTESIAN_POINT ( 'NONE',  ( 0.06666666666666677676, 0.3689999999999999947, 0.3312760416666667984 ) ) ;
#525 = SURFACE_SIDE_STYLE ('',( #2044 ) ) ;
#526 = STYLED_ITEM ( 'NONE', ( #4026 ), #3572 ) ;
#527 = DIRECTION ( 'NONE',  ( 0.000000000000000000, -0.000000000000000000, -1.000000000000000000 ) ) ;
#528 = CARTESIAN_POINT ( 'NONE',  ( -0.04248878166726695327, 0.3689999999999999947, 0.3256415349041866802 ) ) ;
#529 = ORIENTED_EDGE ( 'NONE', *, *, #210, .F. ) ;
#530 = DIRECTION ( 'NONE',  ( -0.000000000000000000, 1.000000000000000000, -0.000000000000000000 ) ) ;
#531 =( LENGTH_UNIT ( ) NAMED_UNIT ( * ) SI_UNIT ( .MILLI., .METRE. ) );
#532 = DIRECTION ( 'NONE',  ( 0.000000000000000000, 0.000000000000000000, -1.000000000000000000 ) ) ;
#533 = ORIENTED_EDGE ( 'NONE', *, *, #1948, .F. ) ;
#534 = CARTESIAN_POINT ( 'NONE',  ( 0.04282595334974539925, 0.3689999999999999392, 0.3224402264884843605 ) ) ;
#535 = CARTESIAN_POINT ( 'NONE',  ( -0.01610232950038081867, 0.3690000000000001057, -0.1056019274333977603 ) ) ;
#536 = ADVANCED_FACE ( 'NONE', ( #188 ), #3080, .T. ) ;
#537 = CARTESIAN_POINT ( 'NONE',  ( 0.02948354097485859221, 0.3699999999999999956, 0.3731594695147835705 ) ) ;
#538 =( GEOMETRIC_REPRESENTATION_CONTEXT ( 3 ) GLOBAL_UNCERTAINTY_ASSIGNED_CONTEXT ( ( #514 ) ) GLOBAL_UNIT_ASSIGNED_CONTEXT ( ( #2696, #1590, #3976 ) ) REPRESENTATION_CONTEXT ( 'NONE', 'WORKASPACE' ) );
#539 = ORIENTED_EDGE ( 'NONE', *, *, #2315, .F. ) ;
#540 = ORIENTED_EDGE ( 'NONE', *, *, #4186, .F. ) ;
#541 = AXIS2_PLACEMENT_3D ( 'NONE', #547, #988, #3752 ) ;
#542 = CARTESIAN_POINT ( 'NONE',  ( 0.06500000000000011324, 0.3689999999999999947, 0.1300520833333333182 ) ) ;
#543 =( GEOMETRIC_REPRESENTATION_CONTEXT ( 3 ) GLOBAL_UNCERTAINTY_ASSIGNED_CONTEXT ( ( #117 ) ) GLOBAL_UNIT_ASSIGNED_CONTEXT ( ( #4247, #3435, #2636 ) ) REPRESENTATION_CONTEXT ( 'NONE', 'WORKASPACE' ) );
#544 = VECTOR ( 'NONE', #1971, 1000.000000000000000 ) ;
#545 = CARTESIAN_POINT ( 'NONE',  ( 0.005464526604800295714, 0.3690000000000001057, 0.3330443861755094104 ) ) ;
#546 = CARTESIAN_POINT ( 'NONE',  ( 0.03000000000000011338, 0.3689999999999999947, 0.2700000000000001288 ) ) ;
#547 = CARTESIAN_POINT ( 'NONE',  ( -0.06499999999999994671, 0.3689999999999999947, -0.02333333333333332399 ) ) ;
#548 = CARTESIAN_POINT ( 'NONE',  ( -0.06499999999999997446, 0.3689999999999999947, -0.3666666666666666963 ) ) ;
#549 = FACE_OUTER_BOUND ( 'NONE', #4919, .T. ) ;
#550 = CARTESIAN_POINT ( 'NONE',  ( 0.05296412186147161916, 0.3689999999999999947, -0.1126601092552779737 ) ) ;
#551 = CARTESIAN_POINT ( 'NONE',  ( -0.006850905705903896983, 0.3699999999999999956, 0.3076918003511570632 ) ) ;
#552 = CARTESIAN_POINT ( 'NONE',  ( 0.1700000000000000677, -0.02000000000000000042, 0.2199999999999999734 ) ) ;
#553 = FILL_AREA_STYLE ('',( #2144 ) ) ;
#554 = CARTESIAN_POINT ( 'NONE',  ( 0.02604166666666677885, 0.3689999999999999947, 0.2883333333333334969 ) ) ;
#555 = ORIENTED_EDGE ( 'NONE', *, *, #4186, .T. ) ;
#556 =( GEOMETRIC_REPRESENTATION_CONTEXT ( 3 ) GLOBAL_UNCERTAINTY_ASSIGNED_CONTEXT ( ( #3937 ) ) GLOBAL_UNIT_ASSIGNED_CONTEXT ( ( #891, #4809, #4486 ) ) REPRESENTATION_CONTEXT ( 'NONE', 'WORKASPACE' ) );
#557 = CARTESIAN_POINT ( 'NONE',  ( 0.06500000000000011324, 0.3699999999999999956, 0.1008333333333333165 ) ) ;
#558 = LINE ( 'NONE', #1386, #658 ) ;
#559 = ORIENTED_EDGE ( 'NONE', *, *, #3792, .T. ) ;
#560 = DIRECTION ( 'NONE',  ( -0.000000000000000000, 0.000000000000000000, -1.000000000000000000 ) ) ;
#561 = VECTOR ( 'NONE', #1888, 1000.000000000000000 ) ;
#562 = CARTESIAN_POINT ( 'NONE',  ( -0.06499999999999994671, 0.3689999999999999947, 0.08666666666666666963 ) ) ;
#563 = PRESENTATION_LAYER_ASSIGNMENT (  '', '', ( #2118 ) ) ;
#564 = CARTESIAN_POINT ( 'NONE',  ( 0.06604660568018604072, 0.3700000000000001066, 0.3395510470965055760 ) ) ;
#565 = ORIENTED_EDGE ( 'NONE', *, *, #3792, .F. ) ;
#566 = UNCERTAINTY_MEASURE_WITH_UNIT (LENGTH_MEASURE( 1.000000000000000082E-05 ), #1901, 'distance_accuracy_value', 'NONE');
#567 = EDGE_LOOP ( 'NONE', ( #3746, #2839, #4526, #1876, #3888, #343 ) ) ;
#568 = FACE_OUTER_BOUND ( 'NONE', #1609, .T. ) ;
#569 = MECHANICAL_DESIGN_GEOMETRIC_PRESENTATION_REPRESENTATION (  '', ( #2462 ), #897 ) ;
#570 = VERTEX_POINT ( 'NONE', #3271 ) ;
#571 = FACE_OUTER_BOUND ( 'NONE', #3562, .T. ) ;
#572 = CARTESIAN_POINT ( 'NONE',  ( -0.06499999999999990508, 0.3689999999999999947, 0.2141666666666666718 ) ) ;
#573 = VECTOR ( 'NONE', #2557, 1000.000000000000000 ) ;
#574 = CARTESIAN_POINT ( 'NONE',  ( -0.04333333333333326542, 0.3689999999999999947, -0.1783333333333333715 ) ) ;
#575 = DIRECTION ( 'NONE',  ( -0.000000000000000000, 1.000000000000000000, -0.000000000000000000 ) ) ;
#576 = CARTESIAN_POINT ( 'NONE',  ( -0.02830269322858102593, 0.3699999999999999956, 0.3183873828427439268 ) ) ;
#577 = EDGE_CURVE ( 'NONE', #1796, #570, #4185, .T. ) ;
#578 = CARTESIAN_POINT ( 'NONE',  ( -0.04328868596782875500, 0.3699999999999999956, 0.3316302118805554699 ) ) ;
#579 = FACE_OUTER_BOUND ( 'NONE', #4939, .T. ) ;
#580 = PLANE ( 'NONE',  #2012 ) ;
#581 = EDGE_CURVE ( 'NONE', #2984, #2378, #4218, .T. ) ;
#582 = CARTESIAN_POINT ( 'NONE',  ( 0.02046632943149729114, 0.3700000000000000511, 0.2886725515848470591 ) ) ;
#583 = VERTEX_POINT ( 'NONE', #4996 ) ;
#584 = DIRECTION ( 'NONE',  ( -0.000000000000000000, 1.000000000000000000, -0.000000000000000000 ) ) ;
#585 = LINE ( 'NONE', #132, #410 ) ;
#586 = CARTESIAN_POINT ( 'NONE',  ( 0.01020991814388966072, 0.3689999999999999947, 0.3176168744518738096 ) ) ;
#587 = VERTEX_POINT ( 'NONE', #3502 ) ;
#588 = CARTESIAN_POINT ( 'NONE',  ( -0.01559807260653194028, 0.3689999999999999947, 0.3253772147208079391 ) ) ;
#589 = PLANE ( 'NONE',  #2928 ) ;
#590 = EDGE_CURVE ( 'NONE', #181, #4974, #1492, .T. ) ;
#591 = EDGE_LOOP ( 'NONE', ( #966, #4605, #2736, #3377 ) ) ;
#592 = ORIENTED_EDGE ( 'NONE', *, *, #3188, .T. ) ;
#593 = LINE ( 'NONE', #1006, #1604 ) ;
#594 = EDGE_CURVE ( 'NONE', #2157, #4135, #4191, .T. ) ;
#595 = DIRECTION ( 'NONE',  ( -1.000000000000000000, -0.000000000000000000, -0.000000000000000000 ) ) ;
#596 = CARTESIAN_POINT ( 'NONE',  ( -0.06499999999999997446, 0.3689999999999999947, -0.3666666666666666963 ) ) ;
#597 = DIRECTION ( 'NONE',  ( -0.000000000000000000, 0.000000000000000000, 1.000000000000000000 ) ) ;
#598 = PLANE ( 'NONE',  #4851 ) ;
#599 = LINE ( 'NONE', #1829, #8 ) ;
#600 = EDGE_CURVE ( 'NONE', #2430, #4189, #749, .T. ) ;
#601 = VECTOR ( 'NONE', #725, 1000.000000000000000 ) ;
#602 = B_SPLINE_CURVE_WITH_KNOTS ( 'NONE', 3,
 ( #3884, #249, #2990, #3573, #1251, #4771, #4382, #4748, #373, #2352, #758 ),
 .UNSPECIFIED., .F., .F.,
 ( 4, 1, 1, 1, 1, 1, 1, 1, 4 ),
 ( 0.000000000000000000, 0.1666730984235036683, 0.3209093864531072371, 0.4643462207895320271, 0.5938634226607045763, 0.7127439520709970555, 0.8209400066876521018, 0.9156866052628330754, 1.000000000000000000 ),
 .UNSPECIFIED. ) ;
#603 = LINE ( 'NONE', #686, #139 ) ;
#604 = LINE ( 'NONE', #2170, #2702 ) ;
#605 =( NAMED_UNIT ( * ) PLANE_ANGLE_UNIT ( ) SI_UNIT ( $, .RADIAN. ) );
#606 = FACE_OUTER_BOUND ( 'NONE', #3595, .T. ) ;
#607 = ORIENTED_EDGE ( 'NONE', *, *, #2634, .T. ) ;
#608 = CARTESIAN_POINT ( 'NONE',  ( 0.06397090047357163745, 0.3690000000000000502, -0.08817209067218002849 ) ) ;
#609 = VECTOR ( 'NONE', #220, 1000.000000000000114 ) ;
#610 = CARTESIAN_POINT ( 'NONE',  ( -0.04285045663788097231, 0.3689999999999999392, -0.07731932928450739595 ) ) ;
#611 = CARTESIAN_POINT ( 'NONE',  ( 0.01046505352097230022, 0.3689999999999999947, -0.1063031651870393474 ) ) ;
#612 = ORIENTED_EDGE ( 'NONE', *, *, #4252, .F. ) ;
#613 = CARTESIAN_POINT ( 'NONE',  ( -0.01650758884014940503, 0.3690000000000001057, 0.3240501202547662052 ) ) ;
#614 = LINE ( 'NONE', #1763, #4931 ) ;
#615 = CARTESIAN_POINT ( 'NONE',  ( 0.06483560663184712025, 0.3690000000000000502, -0.07922973354648991939 ) ) ;
#616 = ORIENTED_EDGE ( 'NONE', *, *, #4933, .F. ) ;
#617 = ORIENTED_EDGE ( 'NONE', *, *, #1929, .F. ) ;
#618 = CARTESIAN_POINT ( 'NONE',  ( 0.04007199221939920786, 0.3699999999999999956, 0.3706955006882282633 ) ) ;
#619 = DIRECTION ( 'NONE',  ( -2.168404344971008375E-16, -0.000000000000000000, 1.000000000000000000 ) ) ;
#620 = VERTEX_POINT ( 'NONE', #364 ) ;
#621 = VECTOR ( 'NONE', #1375, 1000.000000000000000 ) ;
#622 = DIRECTION ( 'NONE',  ( 0.000000000000000000, 0.000000000000000000, 1.000000000000000000 ) ) ;
#623 = DIRECTION ( 'NONE',  ( 1.000000000000000000, 0.000000000000000000, 0.000000000000000000 ) ) ;
#624 = CARTESIAN_POINT ( 'NONE',  ( -0.06499999999999997446, 0.3689999999999999947, -0.3416666666666666741 ) ) ;
#625 =( NAMED_UNIT ( * ) PLANE_ANGLE_UNIT ( ) SI_UNIT ( $, .RADIAN. ) );
#626 = AXIS2_PLACEMENT_3D ( 'NONE', #596, #2163, #3328 ) ;
#627 = CARTESIAN_POINT ( 'NONE',  ( 5.208333333340349133E-05, 0.3689999999999999947, -0.1066666666666666596 ) ) ;
#628 = B_SPLINE_CURVE_WITH_KNOTS ( 'NONE', 3,
 ( #4206, #663, #2228, #3029, #5013, #1459, #4620, #3441, #1072, #2640, #4231 ),
 .UNSPECIFIED., .F., .F.,
 ( 4, 1, 1, 1, 1, 1, 1, 1, 4 ),
 ( 0.000000000000000000, 0.1433141648445022120, 0.2747945479033216953, 0.3988786765126384748, 0.5199875801737612324, 0.6370669278212894859, 0.7522631955628055200, 0.8714619168597947940, 1.000000000000000000 ),
 .UNSPECIFIED. ) ;
#629 = CARTESIAN_POINT ( 'NONE',  ( 0.06500000000000007161, 0.3689999999999999947, -0.02333333333333332399 ) ) ;
#630 = EDGE_CURVE ( 'NONE', #4194, #1194, #3068, .T. ) ;
#631 = CARTESIAN_POINT ( 'NONE',  ( 0.06500000000000011324, 0.3689999999999999947, 0.1899479166666666607 ) ) ;
#632 = CARTESIAN_POINT ( 'NONE',  ( -0.1000000000000000194, -0.02000000000000000042, 0.4000000000000000222 ) ) ;
#633 = CARTESIAN_POINT ( 'NONE',  ( 0.1000000000000001305, -0.02000000000000000042, 0.4200000000000000955 ) ) ;
#634 = STYLED_ITEM ( 'NONE', ( #2265 ), #4315 ) ;
#635 = ORIENTED_EDGE ( 'NONE', *, *, #3101, .T. ) ;
#636 = CARTESIAN_POINT ( 'NONE',  ( 0.006566209546658055562, 0.3699999999999999400, 0.3374080316851855721 ) ) ;
#637 = CARTESIAN_POINT ( 'NONE',  ( -0.04265988163968573860, 0.3689999999999999947, -0.07962300397750532444 ) ) ;
#638 = CARTESIAN_POINT ( 'NONE',  ( 0.003681650980578675403, 0.3700000000000000511, -0.1066338162459226219 ) ) ;
#639 = VERTEX_POINT ( 'NONE', #2651 ) ;
#640 = CARTESIAN_POINT ( 'NONE',  ( 0.03798816297211091847, 0.3689999999999999392, 0.3171636961734754512 ) ) ;
#641 = CARTESIAN_POINT ( 'NONE',  ( -0.02105944625020038027, 0.3700000000000000511, -0.1045706679137003853 ) ) ;
#642 = CARTESIAN_POINT ( 'NONE',  ( -0.06406611026553482580, 0.3690000000000000502, -0.08812345379470493123 ) ) ;
#643 = ORIENTED_EDGE ( 'NONE', *, *, #3919, .T. ) ;
#644 = VERTEX_POINT ( 'NONE', #1107 ) ;
#645 = EDGE_CURVE ( 'NONE', #4949, #4720, #672, .T. ) ;
#646 = CARTESIAN_POINT ( 'NONE',  ( 0.06521985275334357679, 0.3699999999999998845, 0.3434458266286233297 ) ) ;
#647 = VECTOR ( 'NONE', #1016, 1000.000000000000000 ) ;
#648 = VECTOR ( 'NONE', #4292, 1000.000000000000000 ) ;
#649 = AXIS2_PLACEMENT_3D ( 'NONE', #1845, #2732, #3509 ) ;
#650 = DIRECTION ( 'NONE',  ( -0.5431771418095057147, 0.000000000000000000, 0.8396181230867139078 ) ) ;
#651 = EDGE_CURVE ( 'NONE', #4997, #22, #4264, .T. ) ;
#652 = EDGE_LOOP ( 'NONE', ( #3777, #4885, #2014, #5050, #4770, #434 ) ) ;
#653 = EDGE_CURVE ( 'NONE', #4310, #4426, #2624, .T. ) ;
#654 = ORIENTED_EDGE ( 'NONE', *, *, #1242, .T. ) ;
#655 = VECTOR ( 'NONE', #741, 1000.000000000000000 ) ;
#656 = DIRECTION ( 'NONE',  ( 0.000000000000000000, 0.000000000000000000, -1.000000000000000000 ) ) ;
#657 = DIRECTION ( 'NONE',  ( 0.000000000000000000, 0.000000000000000000, 1.000000000000000000 ) ) ;
#658 = VECTOR ( 'NONE', #3314, 1000.000000000000000 ) ;
#659 = FILL_AREA_STYLE ('',( #3133 ) ) ;
#660 =( NAMED_UNIT ( * ) SI_UNIT ( $, .STERADIAN. ) SOLID_ANGLE_UNIT ( ) );
#661 =( NAMED_UNIT ( * ) SI_UNIT ( $, .STERADIAN. ) SOLID_ANGLE_UNIT ( ) );
#662 = CARTESIAN_POINT ( 'NONE',  ( -0.06499999999999997446, 0.3699999999999999956, -0.3416666666666666741 ) ) ;
#663 = CARTESIAN_POINT ( 'NONE',  ( -0.03048077619204181063, 0.3699999999999999400, 0.3183700051210404669 ) ) ;
#664 = CARTESIAN_POINT ( 'NONE',  ( 0.04208333333333340309, 0.3699999999999999956, -0.08554687499999999445 ) ) ;
#665 = FACE_OUTER_BOUND ( 'NONE', #4158, .T. ) ;
#666 = EDGE_CURVE ( 'NONE', #2108, #3093, #263, .T. ) ;
#667 = CARTESIAN_POINT ( 'NONE',  ( -0.1000000000000000194, 0.000000000000000000, 0.4000000000000000222 ) ) ;
#668 = CARTESIAN_POINT ( 'NONE',  ( -0.04208333333333327819, 0.3689999999999999947, -0.08330729166666665797 ) ) ;
#669 = CARTESIAN_POINT ( 'NONE',  ( 0.001284858553466673150, 0.3700000000000000511, -0.1066555090885196039 ) ) ;
#670 = CARTESIAN_POINT ( 'NONE',  ( -0.02752537088122441675, 0.3690000000000001057, 0.2934846212966624179 ) ) ;
#671 = ORIENTED_EDGE ( 'NONE', *, *, #4389, .T. ) ;
#672 = LINE ( 'NONE', #3799, #1741 ) ;
#673 = ORIENTED_EDGE ( 'NONE', *, *, #4398, .F. ) ;
#674 = VERTEX_POINT ( 'NONE', #1817 ) ;
#675 = CARTESIAN_POINT ( 'NONE',  ( 0.02807291666666677718, 0.3689999999999999947, 0.3733333333333334614 ) ) ;
#676 = CARTESIAN_POINT ( 'NONE',  ( -0.05251181756355516317, 0.3700000000000000511, 0.3015309201193470678 ) ) ;
#677 = PLANE ( 'NONE',  #4707 ) ;
#678 = EDGE_LOOP ( 'NONE', ( #1952, #1411, #1650, #1139 ) ) ;
#679 = EDGE_CURVE ( 'NONE', #458, #2313, #1891, .T. ) ;
#680 = ORIENTED_EDGE ( 'NONE', *, *, #742, .T. ) ;
#681 = LINE ( 'NONE', #2582, #1208 ) ;
#682 = CARTESIAN_POINT ( 'NONE',  ( 0.006026055743050165447, 0.3689999999999998836, 0.3356403664350229299 ) ) ;
#683 = DIRECTION ( 'NONE',  ( -0.000000000000000000, 0.000000000000000000, 1.000000000000000000 ) ) ;
#684 = CARTESIAN_POINT ( 'NONE',  ( 0.06006852680181174603, 0.3699999999999999956, 0.3071112879433902099 ) ) ;
#685 = EDGE_LOOP ( 'NONE', ( #3801, #5028, #1720, #2091 ) ) ;
#686 = CARTESIAN_POINT ( 'NONE',  ( -0.01166666666666660648, 0.3689999999999999947, -0.2333333333333333925 ) ) ;
#687 = FACE_OUTER_BOUND ( 'NONE', #2241, .T. ) ;
#688 =( LENGTH_UNIT ( ) NAMED_UNIT ( * ) SI_UNIT ( .MILLI., .METRE. ) );
#689 = CARTESIAN_POINT ( 'NONE',  ( -0.05876256996882606165, 0.3689999999999999392, 0.3538057597343898797 ) ) ;
#690 = CARTESIAN_POINT ( 'NONE',  ( 0.006848958333333444656, 0.3699999999999999956, 0.3383333333333334303 ) ) ;
#691 = CARTESIAN_POINT ( 'NONE',  ( -0.2999999999999999889, 0.000000000000000000, 0.4000000000000000222 ) ) ;
#692 = SURFACE_STYLE_FILL_AREA ( #283 ) ;
#693 = CARTESIAN_POINT ( 'NONE',  ( -0.01617635281296715688, 0.3690000000000001057, 0.2979328082824156398 ) ) ;
#694 = ORIENTED_EDGE ( 'NONE', *, *, #2152, .F. ) ;
#695 = CARTESIAN_POINT ( 'NONE',  ( -0.02702484359150449100, 0.3699999999999999956, -0.1024331678510329857 ) ) ;
#696 = CARTESIAN_POINT ( 'NONE',  ( 0.002470011118651818660, 0.3699999999999998845, 0.2982586272619666135 ) ) ;
#697 = ORIENTED_EDGE ( 'NONE', *, *, #2863, .F. ) ;
#698 = PRESENTATION_LAYER_ASSIGNMENT (  '', '', ( #3084 ) ) ;
#699 = DIRECTION ( 'NONE',  ( -0.000000000000000000, 1.000000000000000000, -0.000000000000000000 ) ) ;
#700 = CARTESIAN_POINT ( 'NONE',  ( 0.05328467524311732845, 0.3690000000000001057, 0.3628327723721030962 ) ) ;
#701 = SURFACE_SIDE_STYLE ('',( #1446 ) ) ;
#702 = EDGE_CURVE ( 'NONE', #856, #2726, #3875, .T. ) ;
#703 = DIRECTION ( 'NONE',  ( 1.000000000000000000, 0.000000000000000000, 0.000000000000000000 ) ) ;
#704 = AXIS2_PLACEMENT_3D ( 'NONE', #3038, #1863, #4215 ) ;
#705 = EDGE_LOOP ( 'NONE', ( #3847, #3160, #3575, #3127 ) ) ;
#706 = ORIENTED_EDGE ( 'NONE', *, *, #77, .T. ) ;
#707 = B_SPLINE_CURVE_WITH_KNOTS ( 'NONE', 3,
 ( #2968, #1014, #3465, #4250, #5062, #3079, #760, #3911, #3887, #4674, #2716 ),
 .UNSPECIFIED., .F., .F.,
 ( 4, 1, 1, 1, 1, 1, 1, 1, 4 ),
 ( 0.000000000000000000, 0.1331978343624740935, 0.2630795403811827526, 0.3876611031449264111, 0.5115071050662580721, 0.6323856124295696990, 0.7532592432015575712, 0.8761016530293141980, 1.000000000000000000 ),
 .UNSPECIFIED. ) ;
#708 = DIRECTION ( 'NONE',  ( -0.5214713803384223301, 0.000000000000000000, -0.8532687732994455043 ) ) ;
#709 =( NAMED_UNIT ( * ) PLANE_ANGLE_UNIT ( ) SI_UNIT ( $, .RADIAN. ) );
#710 = CARTESIAN_POINT ( 'NONE',  ( 0.04716548918108690730, 0.3700000000000000511, -0.1181388957206688517 ) ) ;
#711 =( NAMED_UNIT ( * ) PLANE_ANGLE_UNIT ( ) SI_UNIT ( $, .RADIAN. ) );
#712 = CARTESIAN_POINT ( 'NONE',  ( 0.007916580150554174480, 0.3690000000000000502, 0.3199223623315315401 ) ) ;
#713 = CARTESIAN_POINT ( 'NONE',  ( 0.06601841639861344424, 0.3699999999999999956, 0.3225140547321990181 ) ) ;
#714 = CARTESIAN_POINT ( 'NONE',  ( 0.04469668197237972734, 0.3699999999999999956, 0.3272189241171875596 ) ) ;
#715 = AXIS2_PLACEMENT_3D ( 'NONE', #4583, #1037, #1878 ) ;
#716 = VECTOR ( 'NONE', #2911, 1000.000000000000000 ) ;
#717 = EDGE_CURVE ( 'NONE', #2606, #2301, #4490, .T. ) ;
#718 = CARTESIAN_POINT ( 'NONE',  ( -0.003727602929671098349, 0.3689999999999999392, 0.3094070995957783898 ) ) ;
#719 = FACE_OUTER_BOUND ( 'NONE', #3202, .T. ) ;
#720 = DIRECTION ( 'NONE',  ( 0.9925302829610050948, 0.000000000000000000, -0.1219985139472901242 ) ) ;
#721 = CARTESIAN_POINT ( 'NONE',  ( 0.06500000000000011324, 0.3699999999999999956, 0.1008333333333333165 ) ) ;
#722 = EDGE_LOOP ( 'NONE', ( #496, #2591, #1440, #1983 ) ) ;
#723 = DIRECTION ( 'NONE',  ( 1.000000000000000000, 0.000000000000000000, 0.000000000000000000 ) ) ;
#724 = FILL_AREA_STYLE ('',( #1816 ) ) ;
#725 = DIRECTION ( 'NONE',  ( -0.000000000000000000, 1.000000000000000000, -0.000000000000000000 ) ) ;
#726 = ORIENTED_EDGE ( 'NONE', *, *, #1033, .F. ) ;
#727 =( GEOMETRIC_REPRESENTATION_CONTEXT ( 3 ) GLOBAL_UNCERTAINTY_ASSIGNED_CONTEXT ( ( #1554 ) ) GLOBAL_UNIT_ASSIGNED_CONTEXT ( ( #688, #605, #3812 ) ) REPRESENTATION_CONTEXT ( 'NONE', 'WORKASPACE' ) );
#728 = CARTESIAN_POINT ( 'NONE',  ( 0.02948354097485859221, 0.3699999999999999956, 0.3731594695147835705 ) ) ;
#729 = CARTESIAN_POINT ( 'NONE',  ( -0.03754720599818032328, 0.3699999999999999956, 0.2938280176319197357 ) ) ;
#730 = DIRECTION ( 'NONE',  ( -1.000000000000000000, 0.000000000000000000, 0.000000000000000000 ) ) ;
#731 = ORIENTED_EDGE ( 'NONE', *, *, #4734, .F. ) ;
#732 = ORIENTED_EDGE ( 'NONE', *, *, #717, .T. ) ;
#733 = EDGE_CURVE ( 'NONE', #2000, #1363, #3369, .T. ) ;
#734 = AXIS2_PLACEMENT_3D ( 'NONE', #3361, #278, #992 ) ;
#735 = SURFACE_STYLE_FILL_AREA ( #3053 ) ;
#736 = CARTESIAN_POINT ( 'NONE',  ( 0.005464526604800295714, 0.3700000000000001066, 0.3330443861755094104 ) ) ;
#737 = CARTESIAN_POINT ( 'NONE',  ( 0.02440104166666677912, 0.3689999999999999947, 0.3133333333333334081 ) ) ;
#738 = CARTESIAN_POINT ( 'NONE',  ( -0.05261065850798631038, 0.3699999999999999400, -0.1130237734926878290 ) ) ;
#739 = CARTESIAN_POINT ( 'NONE',  ( -0.02643229166666656235, 0.3699999999999999956, 0.1599999999999999756 ) ) ;
#740 = ORIENTED_EDGE ( 'NONE', *, *, #1669, .T. ) ;
#741 = DIRECTION ( 'NONE',  ( -0.000000000000000000, 1.000000000000000000, -0.000000000000000000 ) ) ;
#742 = EDGE_CURVE ( 'NONE', #4743, #16, #912, .T. ) ;
#743 = CARTESIAN_POINT ( 'NONE',  ( 0.02046875000000002512, 0.3689999999999999947, -0.3416666666666666741 ) ) ;
#744 = EDGE_CURVE ( 'NONE', #3485, #4503, #3461, .T. ) ;
#745 = DIRECTION ( 'NONE',  ( -0.000000000000000000, 1.000000000000000000, -0.000000000000000000 ) ) ;
#746 = CARTESIAN_POINT ( 'NONE',  ( 0.003681650980578675403, 0.3700000000000000511, -0.1066338162459226219 ) ) ;
#747 = EDGE_LOOP ( 'NONE', ( #1524, #1181, #3749, #4690 ) ) ;
#748 = DIRECTION ( 'NONE',  ( -0.000000000000000000, 1.000000000000000000, -0.000000000000000000 ) ) ;
#749 = LINE ( 'NONE', #3398, #2491 ) ;
#750 = ORIENTED_EDGE ( 'NONE', *, *, #5037, .F. ) ;
#751 = CARTESIAN_POINT ( 'NONE',  ( -0.01911458333333330289, 0.3689999999999999947, -0.2883333333333333859 ) ) ;
#752 = DIRECTION ( 'NONE',  ( -0.000000000000000000, -1.000000000000000000, -0.000000000000000000 ) ) ;
#753 = CARTESIAN_POINT ( 'NONE',  ( 0.02440104166666677912, 0.3699999999999999956, 0.3133333333333334081 ) ) ;
#754 =( NAMED_UNIT ( * ) SI_UNIT ( $, .STERADIAN. ) SOLID_ANGLE_UNIT ( ) );
#755 = VERTEX_POINT ( 'NONE', #4609 ) ;
#756 = EDGE_CURVE ( 'NONE', #4269, #2728, #4224, .T. ) ;
#757 = VERTEX_POINT ( 'NONE', #1603 ) ;
#758 = CARTESIAN_POINT ( 'NONE',  ( 0.04208333333333340309, 0.3699999999999999956, -0.08554687499999999445 ) ) ;
#759 = EDGE_CURVE ( 'NONE', #1810, #922, #3686, .T. ) ;
#760 = CARTESIAN_POINT ( 'NONE',  ( -0.04037617934793263225, 0.3700000000000000511, 0.2945433046673803790 ) ) ;
#761 = VECTOR ( 'NONE', #957, 1000.000000000000000 ) ;
#762 = CARTESIAN_POINT ( 'NONE',  ( 0.02653737342724253254, 0.3700000000000000511, 0.3481176424959809834 ) ) ;
#763 = CARTESIAN_POINT ( 'NONE',  ( -0.03546505446247436716, 0.3690000000000000502, -0.1252131156903682763 ) ) ;
#764 = DIRECTION ( 'NONE',  ( -0.8395321291537954922, 0.000000000000000000, 0.5433100441906948408 ) ) ;
#765 = CARTESIAN_POINT ( 'NONE',  ( -0.04333333333333322379, 0.3699999999999999956, 0.3307291666666667962 ) ) ;
#766 = ADVANCED_FACE ( 'NONE', ( #2175 ), #4442, .F. ) ;
#767 = CARTESIAN_POINT ( 'NONE',  ( -0.06434326448010303789, 0.3689999999999999392, 0.3224644174710674105 ) ) ;
#768 = DIRECTION ( 'NONE',  ( 1.000000000000000000, 0.000000000000000000, 0.000000000000000000 ) ) ;
#769 = LINE ( 'NONE', #820, #3531 ) ;
#770 = LINE ( 'NONE', #5096, #3834 ) ;
#771 = ORIENTED_EDGE ( 'NONE', *, *, #3955, .F. ) ;
#772 = CARTESIAN_POINT ( 'NONE',  ( 0.04174212987990515850, 0.3689999999999999392, -0.1218612286239629527 ) ) ;
#773 = VERTEX_POINT ( 'NONE', #2147 ) ;
#774 = DIRECTION ( 'NONE',  ( -0.000000000000000000, 1.000000000000000000, -0.000000000000000000 ) ) ;
#775 = CARTESIAN_POINT ( 'NONE',  ( -0.04329258578681163122, 0.3689999999999999947, 0.3298299422092593747 ) ) ;
#776 = ORIENTED_EDGE ( 'NONE', *, *, #1022, .T. ) ;
#777 = LINE ( 'NONE', #2346, #328 ) ;
#778 = CARTESIAN_POINT ( 'NONE',  ( -0.06499999999999994671, 0.3699999999999999956, -0.02333333333333332399 ) ) ;
#779 = ORIENTED_EDGE ( 'NONE', *, *, #1985, .F. ) ;
#780 = ORIENTED_EDGE ( 'NONE', *, *, #2268, .F. ) ;
#781 = FACE_OUTER_BOUND ( 'NONE', #3051, .T. ) ;
#782 = CARTESIAN_POINT ( 'NONE',  ( 0.2999999999999999334, 0.3699999999999999956, -0.4000000000000000222 ) ) ;
#783 = ORIENTED_EDGE ( 'NONE', *, *, #3772, .T. ) ;
#784 = CARTESIAN_POINT ( 'NONE',  ( -0.1000000000000000333, 0.08000000000000000167, 0.4200000000000000955 ) ) ;
#785 = CARTESIAN_POINT ( 'NONE',  ( -0.003854166666666559212, 0.3689999999999999947, 0.1746093750000000111 ) ) ;
#786 = CARTESIAN_POINT ( 'NONE',  ( 0.04072548446847111536, 0.3690000000000000502, 0.3196334748034811435 ) ) ;
#787 = CARTESIAN_POINT ( 'NONE',  ( -0.06486061129382168777, 0.3689999999999998836, 0.3359833607114404153 ) ) ;
#788 = VECTOR ( 'NONE', #4959, 1000.000000000000000 ) ;
#789 = EDGE_CURVE ( 'NONE', #1670, #1898, #4212, .T. ) ;
#790 = CARTESIAN_POINT ( 'NONE',  ( 0.2500000000000001110, 0.08000000000000000167, 0.4000000000000000777 ) ) ;
#791 = CARTESIAN_POINT ( 'NONE',  ( 0.05187500000000007383, 0.3689999999999999947, -0.1138541666666666730 ) ) ;
#792 =( NAMED_UNIT ( * ) PLANE_ANGLE_UNIT ( ) SI_UNIT ( $, .RADIAN. ) );
#793 = CARTESIAN_POINT ( 'NONE',  ( 0.04333333333333340420, 0.3689999999999999947, -0.06890624999999998834 ) ) ;
#794 = VERTEX_POINT ( 'NONE', #1436 ) ;
#795 = CARTESIAN_POINT ( 'NONE',  ( -0.06162920953274971664, 0.3699999999999998845, -0.09841055151615001051 ) ) ;
#796 = VECTOR ( 'NONE', #657, 1000.000000000000000 ) ;
#797 = EDGE_LOOP ( 'NONE', ( #3273, #1434, #5114, #1030 ) ) ;
#798 = ORIENTED_EDGE ( 'NONE', *, *, #3479, .T. ) ;
#799 = CARTESIAN_POINT ( 'NONE',  ( -0.006850905705903896983, 0.3700000000000000511, 0.3076918003511570632 ) ) ;
#800 = CARTESIAN_POINT ( 'NONE',  ( -0.06495290914653628622, 0.3699999999999999956, 0.3326421853642252957 ) ) ;
#801 = EDGE_LOOP ( 'NONE', ( #1902, #401, #1164, #2528 ) ) ;
#802 = CARTESIAN_POINT ( 'NONE',  ( -0.06499999999999994671, 0.3689999999999999947, 0.08666666666666666963 ) ) ;
#803 = DIRECTION ( 'NONE',  ( 0.000000000000000000, 0.000000000000000000, -1.000000000000000000 ) ) ;
#804 = ORIENTED_EDGE ( 'NONE', *, *, #393, .F. ) ;
#805 = ORIENTED_EDGE ( 'NONE', *, *, #1498, .F. ) ;
#806 = EDGE_CURVE ( 'NONE', #2526, #2654, #3003, .T. ) ;
#807 = CARTESIAN_POINT ( 'NONE',  ( 0.04424427650158984510, 0.3699999999999999400, 0.3255488804534940606 ) ) ;
#808 = DIRECTION ( 'NONE',  ( -1.000000000000000000, 0.000000000000000000, -9.965093497109417059E-17 ) ) ;
#809 = ADVANCED_FACE ( 'NONE', ( #1486 ), #1101, .F. ) ;
#810 = ORIENTED_EDGE ( 'NONE', *, *, #3503, .T. ) ;
#811 = CARTESIAN_POINT ( 'NONE',  ( 0.1799999999999994382, -0.02000000000000000042, 0.1499999999999999944 ) ) ;
#812 = CARTESIAN_POINT ( 'NONE',  ( -0.007470652818850957028, 0.3690000000000000502, -0.1314410947797648999 ) ) ;
#813 = CARTESIAN_POINT ( 'NONE',  ( -0.06052699781017204655, 0.3700000000000000511, -0.1010970902073867056 ) ) ;
#814 = VECTOR ( 'NONE', #3071, 1000.000000000000000 ) ;
#815 =( GEOMETRIC_REPRESENTATION_CONTEXT ( 3 ) GLOBAL_UNCERTAINTY_ASSIGNED_CONTEXT ( ( #2929 ) ) GLOBAL_UNIT_ASSIGNED_CONTEXT ( ( #4767, #1247, #3640 ) ) REPRESENTATION_CONTEXT ( 'NONE', 'WORKASPACE' ) );
#816 = CARTESIAN_POINT ( 'NONE',  ( -0.04320092471729619632, 0.3689999999999999392, 0.3334013545642002807 ) ) ;
#817 = DIRECTION ( 'NONE',  ( -0.000000000000000000, 1.000000000000000000, -0.000000000000000000 ) ) ;
#818 = CARTESIAN_POINT ( 'NONE',  ( -0.03027284658458531674, 0.3700000000000000511, 0.2933842517444757991 ) ) ;
#819 = LINE ( 'NONE', #1302, #1371 ) ;
#820 = CARTESIAN_POINT ( 'NONE',  ( 0.06500000000000007161, 0.3689999999999999947, -0.1783333333333333715 ) ) ;
#821 = DIRECTION ( 'NONE',  ( -3.011672701348631864E-16, 0.000000000000000000, -1.000000000000000000 ) ) ;
#822 = ORIENTED_EDGE ( 'NONE', *, *, #110, .T. ) ;
#823 = CARTESIAN_POINT ( 'NONE',  ( -0.1799999999999994382, -0.02000000000000000042, 0.1500000000000000222 ) ) ;
#824 = EDGE_CURVE ( 'NONE', #2157, #4182, #4934, .T. ) ;
#825 = ORIENTED_EDGE ( 'NONE', *, *, #216, .T. ) ;
#826 = CARTESIAN_POINT ( 'NONE',  ( 0.01000000000000006613, 0.3699999999999999956, 0.06166666666666665436 ) ) ;
#827 = CARTESIAN_POINT ( 'NONE',  ( 0.005000000000000107657, 0.3689999999999999947, 0.3284114583333334614 ) ) ;
#828 = CARTESIAN_POINT ( 'NONE',  ( -0.03240129002959436094, 0.3689999999999999392, 0.3184403206221962934 ) ) ;
#829 = ORIENTED_EDGE ( 'NONE', *, *, #1120, .T. ) ;
#830 = DIRECTION ( 'NONE',  ( -0.8396462025818165475, 0.000000000000000000, -0.5431337353635246057 ) ) ;
#831 =( NAMED_UNIT ( * ) PLANE_ANGLE_UNIT ( ) SI_UNIT ( $, .RADIAN. ) );
#832 = ORIENTED_EDGE ( 'NONE', *, *, #3009, .T. ) ;
#833 = VERTEX_POINT ( 'NONE', #4965 ) ;
#834 = B_SPLINE_CURVE_WITH_KNOTS ( 'NONE', 3,
 ( #461, #4703, #816, #2332, #4278, #1175, #1151, #2361, #1968, #2720, #4391 ),
 .UNSPECIFIED., .F., .F.,
 ( 4, 1, 1, 1, 1, 1, 1, 1, 4 ),
 ( 0.000000000000000000, 0.1112171393391041541, 0.2186143598568385249, 0.3279250178252808845, 0.4420788008943772884, 0.5641677246613702179, 0.6953942163782108610, 0.8399237221180798629, 1.000000000000000000 ),
 .UNSPECIFIED. ) ;
#835 = CARTESIAN_POINT ( 'NONE',  ( 0.06246777106867314189, 0.3699999999999999956, -0.09477721214396649108 ) ) ;
#836 = CARTESIAN_POINT ( 'NONE',  ( -0.03047700721585800548, 0.3699999999999999400, -0.1006692334209019907 ) ) ;
#837 = ORIENTED_EDGE ( 'NONE', *, *, #3112, .F. ) ;
#838 = LINE ( 'NONE', #811, #573 ) ;
#839 = CARTESIAN_POINT ( 'NONE',  ( 0.005202870654914749232, 0.3689999999999998836, 0.3253915475544810199 ) ) ;
#840 = CARTESIAN_POINT ( 'NONE',  ( -0.02286645909909120269, 0.3700000000000000511, -0.1293124895319923973 ) ) ;
#841 = CARTESIAN_POINT ( 'NONE',  ( 0.04189932683833588051, 0.3690000000000001057, 0.3209718306089472395 ) ) ;
#842 = CARTESIAN_POINT ( 'NONE',  ( -0.06434326448010303789, 0.3699999999999999400, 0.3224644174710674105 ) ) ;
#843 = CARTESIAN_POINT ( 'NONE',  ( 0.2500000000000000000, -0.02000000000000000042, 0.2200000000000004730 ) ) ;
#844 = FACE_OUTER_BOUND ( 'NONE', #747, .T. ) ;
#845 = CARTESIAN_POINT ( 'NONE',  ( 0.04265745462154274525, 0.3700000000000000511, -0.08253214045076701089 ) ) ;
#846 = DIRECTION ( 'NONE',  ( -0.000000000000000000, 1.000000000000000000, -0.000000000000000000 ) ) ;
#847 = VECTOR ( 'NONE', #2789, 1000.000000000000000 ) ;
#848 =( GEOMETRIC_REPRESENTATION_CONTEXT ( 3 ) GLOBAL_UNCERTAINTY_ASSIGNED_CONTEXT ( ( #2158 ) ) GLOBAL_UNIT_ASSIGNED_CONTEXT ( ( #516, #4428, #880 ) ) REPRESENTATION_CONTEXT ( 'NONE', 'WORKASPACE' ) );
#849 = CARTESIAN_POINT ( 'NONE',  ( -0.04208333333333327819, 0.3689999999999999947, -0.08330729166666665797 ) ) ;
#850 = SURFACE_SIDE_STYLE ('',( #68 ) ) ;
#851 = CARTESIAN_POINT ( 'NONE',  ( -0.06499999999999990508, 0.3699999999999999956, 0.3309375000000001066 ) ) ;
#852 = CARTESIAN_POINT ( 'NONE',  ( -0.04333333333333326542, 0.3689999999999999947, -0.001666666666666675664 ) ) ;
#853 = CARTESIAN_POINT ( 'NONE',  ( -0.04240307159118022334, 0.3690000000000000502, -0.08158654803151148271 ) ) ;
#854 = VECTOR ( 'NONE', #1449, 1000.000000000000000 ) ;
#855 = ORIENTED_EDGE ( 'NONE', *, *, #302, .T. ) ;
#856 = VERTEX_POINT ( 'NONE', #2231 ) ;
#857 = EDGE_CURVE ( 'NONE', #53, #2933, #1384, .T. ) ;
#858 = CARTESIAN_POINT ( 'NONE',  ( 0.06498844475044503188, 0.3699999999999999400, -0.07359386978166314319 ) ) ;
#859 = FACE_OUTER_BOUND ( 'NONE', #453, .T. ) ;
#860 = AXIS2_PLACEMENT_3D ( 'NONE', #4628, #4993, #3475 ) ;
#861 = CARTESIAN_POINT ( 'NONE',  ( 0.02653737342724253254, 0.3690000000000000502, 0.3481176424959809834 ) ) ;
#862 = CARTESIAN_POINT ( 'NONE',  ( 0.05520282263203973860, 0.3689999999999999947, -0.1102057124227997648 ) ) ;
#863 = FACE_OUTER_BOUND ( 'NONE', #1896, .T. ) ;
#864 = DIRECTION ( 'NONE',  ( -0.000000000000000000, 1.000000000000000000, -0.000000000000000000 ) ) ;
#865 = VECTOR ( 'NONE', #4236, 1000.000000000000000 ) ;
#866 = CARTESIAN_POINT ( 'NONE',  ( 0.06256701426841790314, 0.3689999999999998836, 0.3506970371195651803 ) ) ;
#867 = LINE ( 'NONE', #2464, #1632 ) ;
#868 = SURFACE_STYLE_USAGE ( .BOTH. , #2875 ) ;
#869 = EDGE_CURVE ( 'NONE', #1363, #1477, #3134, .T. ) ;
#870 = CARTESIAN_POINT ( 'NONE',  ( -0.03546505446247436716, 0.3700000000000000511, -0.1252131156903682763 ) ) ;
#871 = EDGE_CURVE ( 'NONE', #1190, #2786, #4624, .T. ) ;
#872 =( LENGTH_UNIT ( ) NAMED_UNIT ( * ) SI_UNIT ( .MILLI., .METRE. ) );
#873 = DIRECTION ( 'NONE',  ( -6.776263578034402713E-17, 0.000000000000000000, -1.000000000000000000 ) ) ;
#874 = CARTESIAN_POINT ( 'NONE',  ( 0.04315729171411065990, 0.3689999999999999947, -0.07658924509658225632 ) ) ;
#875 = EDGE_LOOP ( 'NONE', ( #1383, #3026, #4896, #1735 ) ) ;
#876 = LINE ( 'NONE', #3153, #4202 ) ;
#877 = CARTESIAN_POINT ( 'NONE',  ( -0.06499999999999990508, 0.3699999999999999956, 0.1058333333333333209 ) ) ;
#878 = VERTEX_POINT ( 'NONE', #3793 ) ;
#879 = UNCERTAINTY_MEASURE_WITH_UNIT (LENGTH_MEASURE( 1.000000000000000082E-05 ), #2068, 'distance_accuracy_value', 'NONE');
#880 =( NAMED_UNIT ( * ) SI_UNIT ( $, .STERADIAN. ) SOLID_ANGLE_UNIT ( ) );
#881 = PRESENTATION_STYLE_ASSIGNMENT (( #1962 ) ) ;
#882 = STYLED_ITEM ( 'NONE', ( #1039 ), #4017 ) ;
#883 = EDGE_CURVE ( 'NONE', #4894, #1036, #3392, .T. ) ;
#884 = CIRCLE ( 'NONE', #1299, 0.05422428598153163082 ) ;
#885 = LINE ( 'NONE', #144, #1414 ) ;
#886 = CARTESIAN_POINT ( 'NONE',  ( 0.05296412186147161916, 0.3689999999999999947, -0.1126601092552779737 ) ) ;
#887 = CARTESIAN_POINT ( 'NONE',  ( -0.1799999999999994382, 0.000000000000000000, 0.1500000000000000222 ) ) ;
#888 = CARTESIAN_POINT ( 'NONE',  ( 0.06601841639861344424, 0.3689999999999999947, 0.3225140547321990181 ) ) ;
#889 = STYLED_ITEM ( 'NONE', ( #4881 ), #1963 ) ;
#890 = CARTESIAN_POINT ( 'NONE',  ( 0.04208333333333340309, 0.3689999999999999947, -0.08554687499999999445 ) ) ;
#891 =( LENGTH_UNIT ( ) NAMED_UNIT ( * ) SI_UNIT ( .MILLI., .METRE. ) );
#892 = CARTESIAN_POINT ( 'NONE',  ( 0.000000000000000000, 0.3689999999999999947, 0.000000000000000000 ) ) ;
#893 = CARTESIAN_POINT ( 'NONE',  ( 0.01782526705381403190, 0.3690000000000000502, 0.2892129553589631308 ) ) ;
#894 = EDGE_CURVE ( 'NONE', #2526, #2128, #1860, .T. ) ;
#895 = VECTOR ( 'NONE', #1781, 1000.000000000000000 ) ;
#896 = ADVANCED_FACE ( 'NONE', ( #2364 ), #4679, .T. ) ;
#897 =( GEOMETRIC_REPRESENTATION_CONTEXT ( 3 ) GLOBAL_UNCERTAINTY_ASSIGNED_CONTEXT ( ( #980 ) ) GLOBAL_UNIT_ASSIGNED_CONTEXT ( ( #1090, #709, #3660 ) ) REPRESENTATION_CONTEXT ( 'NONE', 'WORKASPACE' ) );
#898 = CARTESIAN_POINT ( 'NONE',  ( 0.000000000000000000, 0.3689999999999999947, 0.000000000000000000 ) ) ;
#899 = PRESENTATION_STYLE_ASSIGNMENT (( #4886 ) ) ;
#900 = SURFACE_STYLE_FILL_AREA ( #157 ) ;
#901 = ORIENTED_EDGE ( 'NONE', *, *, #5089, .T. ) ;
#902 = FACE_OUTER_BOUND ( 'NONE', #4223, .T. ) ;
#903 = CARTESIAN_POINT ( 'NONE',  ( -0.01424523903742889140, 0.3689999999999999947, 0.3284239707536690256 ) ) ;
#904 = ORIENTED_EDGE ( 'NONE', *, *, #3219, .T. ) ;
#905 = ORIENTED_EDGE ( 'NONE', *, *, #4918, .F. ) ;
#906 = CARTESIAN_POINT ( 'NONE',  ( 0.02500000000000011241, 0.3699999999999999956, 0.3483333333333334947 ) ) ;
#907 = CARTESIAN_POINT ( 'NONE',  ( -0.06499999999999994671, 0.3699999999999999956, -0.1533333333333333770 ) ) ;
#908 = ADVANCED_FACE ( 'NONE', ( #386 ), #3085, .T. ) ;
#909 = CARTESIAN_POINT ( 'NONE',  ( 0.04494684006155039852, 0.3689999999999999947, 0.3318658103497176270 ) ) ;
#910 = DIRECTION ( 'NONE',  ( 0.000000000000000000, 0.000000000000000000, -1.000000000000000000 ) ) ;
#911 = CARTESIAN_POINT ( 'NONE',  ( -0.01482319850541336491, 0.3699999999999999400, 0.3268311306683087669 ) ) ;
#912 = B_SPLINE_CURVE_WITH_KNOTS ( 'NONE', 3,
 ( #4901, #2142, #2872, #3727, #1897, #3511, #2711, #1875, #4297, #5004, #4641, #3129, #1087, #1165, #1064 ),
 .UNSPECIFIED., .F., .F.,
 ( 4, 1, 1, 1, 1, 1, 1, 1, 1, 1, 1, 1, 4 ),
 ( 0.000000000000000000, 0.1017358233774032089, 0.1947451560758219624, 0.2792838173807337121, 0.3570668033621515192, 0.4309976271683977900, 0.5058625711664631597, 0.5821441473217943141, 0.6615536340129621884, 0.7433065731176106139, 0.8259646756415645052, 0.9112062554456243912, 1.000000000000000000 ),
 .UNSPECIFIED. ) ;
#913 = LINE ( 'NONE', #1283, #2354 ) ;
#914 = EDGE_CURVE ( 'NONE', #2034, #4216, #3565, .T. ) ;
#915 = DIRECTION ( 'NONE',  ( 0.000000000000000000, 0.000000000000000000, -1.000000000000000000 ) ) ;
#916 = DIRECTION ( 'NONE',  ( -0.000000000000000000, 1.000000000000000000, -0.000000000000000000 ) ) ;
#917 = CARTESIAN_POINT ( 'NONE',  ( 0.01051797891855338687, 0.3689999999999999392, 0.2919122341039711022 ) ) ;
#918 = ORIENTED_EDGE ( 'NONE', *, *, #210, .T. ) ;
#919 = DIRECTION ( 'NONE',  ( 0.000000000000000000, 0.000000000000000000, 1.000000000000000000 ) ) ;
#920 = CARTESIAN_POINT ( 'NONE',  ( 0.02807291666666677718, 0.3689999999999999947, 0.3733333333333334614 ) ) ;
#921 = CARTESIAN_POINT ( 'NONE',  ( -0.2500000000000000000, -0.02000000000000000042, 0.4200000000000000955 ) ) ;
#922 = VERTEX_POINT ( 'NONE', #1941 ) ;
#923 = CARTESIAN_POINT ( 'NONE',  ( -0.01789268113158321016, 0.3689999999999999392, 0.3224541018868541942 ) ) ;
#924 = CARTESIAN_POINT ( 'NONE',  ( -0.003568820893877469765, 0.3689999999999998281, -0.1066341468129532177 ) ) ;
#925 = CARTESIAN_POINT ( 'NONE',  ( 0.05027065486378953785, 0.3699999999999999400, 0.3652205345170319584 ) ) ;
#926 = ORIENTED_EDGE ( 'NONE', *, *, #1403, .F. ) ;
#927 = UNCERTAINTY_MEASURE_WITH_UNIT (LENGTH_MEASURE( 1.000000000000000082E-05 ), #531, 'distance_accuracy_value', 'NONE');
#928 = VERTEX_POINT ( 'NONE', #790 ) ;
#929 = CARTESIAN_POINT ( 'NONE',  ( -0.04333333333333326542, 0.3689999999999999947, 0.06166666666666665436 ) ) ;
#930 = ORIENTED_EDGE ( 'NONE', *, *, #1187, .F. ) ;
#931 = DIRECTION ( 'NONE',  ( 0.000000000000000000, 0.000000000000000000, 1.000000000000000000 ) ) ;
#932 = CARTESIAN_POINT ( 'NONE',  ( 0.05187500000000007383, 0.3699999999999999956, -0.1138541666666666730 ) ) ;
#933 = PLANE ( 'NONE',  #2277 ) ;
#934 = LINE ( 'NONE', #548, #2694 ) ;
#935 = CARTESIAN_POINT ( 'NONE',  ( -0.01789268113158321016, 0.3699999999999999400, 0.3224541018868541942 ) ) ;
#936 = MECHANICAL_DESIGN_GEOMETRIC_PRESENTATION_REPRESENTATION (  '', ( #3084 ), #3325 ) ;
#937 = CARTESIAN_POINT ( 'NONE',  ( 0.01916368465308991575, 0.3689999999999999392, -0.1051420485947881511 ) ) ;
#938 = PRESENTATION_LAYER_ASSIGNMENT (  '', '', ( #4757 ) ) ;
#939 = DIRECTION ( 'NONE',  ( -0.000000000000000000, 1.000000000000000000, -0.000000000000000000 ) ) ;
#940 = CARTESIAN_POINT ( 'NONE',  ( -0.003727602929671098349, 0.3699999999999999400, 0.3094070995957783898 ) ) ;
#941 = ORIENTED_EDGE ( 'NONE', *, *, #2178, .T. ) ;
#942 = EDGE_CURVE ( 'NONE', #4520, #3935, #3165, .T. ) ;
#943 = DIRECTION ( 'NONE',  ( -0.9889363528682975080, 0.000000000000000000, -0.1483404529302447261 ) ) ;
#944 = SURFACE_SIDE_STYLE ('',( #2922 ) ) ;
#945 = DIRECTION ( 'NONE',  ( -0.000000000000000000, -1.000000000000000000, -0.000000000000000000 ) ) ;
#946 = ORIENTED_EDGE ( 'NONE', *, *, #3091, .T. ) ;
#947 = CARTESIAN_POINT ( 'NONE',  ( -0.01375886979164640811, 0.3699999999999998290, 0.3301349817664693265 ) ) ;
#948 = CARTESIAN_POINT ( 'NONE',  ( -0.01333333333333322837, 0.3689999999999999947, 0.3359895833333334525 ) ) ;
#949 = CARTESIAN_POINT ( 'NONE',  ( 0.05328467524311732845, 0.3700000000000001066, 0.3628327723721030962 ) ) ;
#950 = EDGE_LOOP ( 'NONE', ( #3505, #1864, #4057, #3684 ) ) ;
#951 = VERTEX_POINT ( 'NONE', #3526 ) ;
#952 = PLANE ( 'NONE',  #2429 ) ;
#953 = MECHANICAL_DESIGN_GEOMETRIC_PRESENTATION_REPRESENTATION (  '', ( #1212 ), #3601 ) ;
#954 = EDGE_LOOP ( 'NONE', ( #4253, #1765, #3512, #98 ) ) ;
#955 = ADVANCED_FACE ( 'NONE', ( #4708 ), #12, .F. ) ;
#956 = ADVANCED_FACE ( 'NONE', ( #1177 ), #2297, .T. ) ;
#957 = DIRECTION ( 'NONE',  ( -0.000000000000000000, 1.000000000000000000, -0.000000000000000000 ) ) ;
#958 = DIRECTION ( 'NONE',  ( 0.000000000000000000, 0.000000000000000000, -1.000000000000000000 ) ) ;
#959 = FACE_OUTER_BOUND ( 'NONE', #3136, .T. ) ;
#960 = SURFACE_STYLE_USAGE ( .BOTH. , #4508 ) ;
#961 = CARTESIAN_POINT ( 'NONE',  ( 0.06500000000000011324, 0.3689999999999999947, 0.1899479166666666607 ) ) ;
#962 = CARTESIAN_POINT ( 'NONE',  ( -0.04333333333333326542, 0.3689999999999999947, -0.001666666666666675664 ) ) ;
#963 = CARTESIAN_POINT ( 'NONE',  ( -0.1799999999999994382, 0.000000000000000000, 0.1500000000000000222 ) ) ;
#964 = EDGE_CURVE ( 'NONE', #3985, #3587, #913, .T. ) ;
#965 = CARTESIAN_POINT ( 'NONE',  ( -0.002824451430421676557, 0.3699999999999999956, 0.3069165981953574929 ) ) ;
#966 = ORIENTED_EDGE ( 'NONE', *, *, #1910, .F. ) ;
#967 =( GEOMETRIC_REPRESENTATION_CONTEXT ( 3 ) GLOBAL_UNCERTAINTY_ASSIGNED_CONTEXT ( ( #3667 ) ) GLOBAL_UNIT_ASSIGNED_CONTEXT ( ( #1210, #1996, #3235 ) ) REPRESENTATION_CONTEXT ( 'NONE', 'WORKASPACE' ) );
#968 = CARTESIAN_POINT ( 'NONE',  ( 0.008829975067409052622, 0.3700000000000000511, -0.1315607317146691990 ) ) ;
#969 = DIRECTION ( 'NONE',  ( 1.000000000000000000, 0.000000000000000000, 0.000000000000000000 ) ) ;
#970 = DIRECTION ( 'NONE',  ( 1.000000000000000000, 0.000000000000000000, -6.776263578034402713E-17 ) ) ;
#971 = EDGE_CURVE ( 'NONE', #674, #2710, #4827, .T. ) ;
#972 =( NAMED_UNIT ( * ) PLANE_ANGLE_UNIT ( ) SI_UNIT ( $, .RADIAN. ) );
#973 = ORIENTED_EDGE ( 'NONE', *, *, #2531, .F. ) ;
#974 = CARTESIAN_POINT ( 'NONE',  ( -0.01650758884014940503, 0.3700000000000001621, 0.3240501202547662052 ) ) ;
#975 = VECTOR ( 'NONE', #3738, 1000.000000000000000 ) ;
#976 = CARTESIAN_POINT ( 'NONE',  ( -0.01482319850541336491, 0.3689999999999999392, 0.3268311306683087669 ) ) ;
#977 = COLOUR_RGB ( '',0.7921568627450980005, 0.8196078431372548767, 0.9333333333333333481 ) ;
#978 = CARTESIAN_POINT ( 'NONE',  ( 0.06664263822765872924, 0.3699999999999998845, 0.3326927942239458202 ) ) ;
#979 = ORIENTED_EDGE ( 'NONE', *, *, #4523, .F. ) ;
#980 = UNCERTAINTY_MEASURE_WITH_UNIT (LENGTH_MEASURE( 1.000000000000000082E-05 ), #1090, 'distance_accuracy_value', 'NONE');
#981 = LINE ( 'NONE', #4159, #3290 ) ;
#982 = VERTEX_POINT ( 'NONE', #843 ) ;
#983 = CARTESIAN_POINT ( 'NONE',  ( 0.2999999999999999334, 0.000000000000000000, -0.4000000000000000222 ) ) ;
#984 = VECTOR ( 'NONE', #156, 1000.000000000000000 ) ;
#985 = ORIENTED_EDGE ( 'NONE', *, *, #3382, .T. ) ;
#986 = CARTESIAN_POINT ( 'NONE',  ( -0.01166666666666660648, 0.3699999999999999956, 0.006666666666666661890 ) ) ;
#987 = DIRECTION ( 'NONE',  ( 0.8396462025818162145, 0.000000000000000000, -0.5431337353635250498 ) ) ;
#988 = DIRECTION ( 'NONE',  ( 1.000000000000000000, 0.000000000000000000, 0.000000000000000000 ) ) ;
#989 = CARTESIAN_POINT ( 'NONE',  ( -0.04333333333333326542, 0.3699999999999999956, -0.001666666666666675664 ) ) ;
#990 = DIRECTION ( 'NONE',  ( -1.000000000000000000, 0.000000000000000000, 0.000000000000000000 ) ) ;
#991 = CARTESIAN_POINT ( 'NONE',  ( 0.06500000000000007161, 0.3689999999999999947, -0.02333333333333332399 ) ) ;
#992 = DIRECTION ( 'NONE',  ( 0.000000000000000000, 0.000000000000000000, 1.000000000000000000 ) ) ;
#993 = DIRECTION ( 'NONE',  ( 0.000000000000000000, 0.000000000000000000, 1.000000000000000000 ) ) ;
#994 = CARTESIAN_POINT ( 'NONE',  ( -0.03240129002959436094, 0.3689999999999999392, 0.3184403206221962934 ) ) ;
#995 = ORIENTED_EDGE ( 'NONE', *, *, #3320, .F. ) ;
#996 = CARTESIAN_POINT ( 'NONE',  ( 0.06462869554891345625, 0.3690000000000001057, -0.08239082591453825155 ) ) ;
#997 = LINE ( 'NONE', #2176, #4115 ) ;
#998 = DIRECTION ( 'NONE',  ( -0.1219985139472901103, 0.000000000000000000, -0.9925302829610049837 ) ) ;
#999 = FACE_OUTER_BOUND ( 'NONE', #652, .T. ) ;
#1000 = ORIENTED_EDGE ( 'NONE', *, *, #2988, .T. ) ;
#1001 = DIRECTION ( 'NONE',  ( -1.000000000000000000, 0.000000000000000000, 0.000000000000000000 ) ) ;
#1002 = CARTESIAN_POINT ( 'NONE',  ( -0.007033298327518999228, 0.3690000000000001057, -0.1065002242708704416 ) ) ;
#1003 = CARTESIAN_POINT ( 'NONE',  ( 0.05602571113339661901, 0.3700000000000000511, 0.3601145382657746086 ) ) ;
#1004 = ORIENTED_EDGE ( 'NONE', *, *, #4467, .T. ) ;
#1005 = ORIENTED_EDGE ( 'NONE', *, *, #5018, .F. ) ;
#1006 = CARTESIAN_POINT ( 'NONE',  ( 0.02890625000000007078, 0.3689999999999999947, -0.1277083333333333404 ) ) ;
#1007 = ORIENTED_EDGE ( 'NONE', *, *, #806, .F. ) ;
#1008 = EDGE_LOOP ( 'NONE', ( #4165, #5023, #1029, #4114, #4377 ) ) ;
#1009 = EDGE_CURVE ( 'NONE', #2689, #1648, #4004, .T. ) ;
#1010 = SURFACE_SIDE_STYLE ('',( #735 ) ) ;
#1011 = FACE_OUTER_BOUND ( 'NONE', #2899, .T. ) ;
#1012 = CARTESIAN_POINT ( 'NONE',  ( 0.03565614126724765687, 0.3689999999999998836, -0.1250694780143951357 ) ) ;
#1013 = FACE_OUTER_BOUND ( 'NONE', #1008, .T. ) ;
#1014 = CARTESIAN_POINT ( 'NONE',  ( -0.05251181756355516317, 0.3700000000000000511, 0.3015309201193470678 ) ) ;
#1015 = PLANE ( 'NONE',  #1937 ) ;
#1016 = DIRECTION ( 'NONE',  ( -0.000000000000000000, 1.000000000000000000, -0.000000000000000000 ) ) ;
#1017 = SURFACE_STYLE_USAGE ( .BOTH. , #3757 ) ;
#1018 = CARTESIAN_POINT ( 'NONE',  ( -0.06499999999999997446, 0.3689999999999999947, -0.3666666666666666963 ) ) ;
#1019 = ORIENTED_EDGE ( 'NONE', *, *, #2988, .F. ) ;
#1020 = EDGE_CURVE ( 'NONE', #3156, #4713, #4924, .T. ) ;
#1021 = CARTESIAN_POINT ( 'NONE',  ( 0.005000000000000107657, 0.3699999999999999956, 0.3284114583333334614 ) ) ;
#1022 = EDGE_CURVE ( 'NONE', #3421, #3291, #2509, .T. ) ;
#1023 = CARTESIAN_POINT ( 'NONE',  ( 0.007172155359751646378, 0.3699999999999999400, -0.1064996881272938511 ) ) ;
#1024 =( NAMED_UNIT ( * ) SI_UNIT ( $, .STERADIAN. ) SOLID_ANGLE_UNIT ( ) );
#1025 = ORIENTED_EDGE ( 'NONE', *, *, #3120, .F. ) ;
#1026 = CARTESIAN_POINT ( 'NONE',  ( -0.01789268113158321016, 0.3699999999999999400, 0.3224541018868541942 ) ) ;
#1027 = CARTESIAN_POINT ( 'NONE',  ( -0.03810447311058745568, 0.3689999999999999947, -0.09340801912595723955 ) ) ;
#1028 = CARTESIAN_POINT ( 'NONE',  ( 0.02440104166666677912, 0.3689999999999999947, 0.3133333333333334081 ) ) ;
#1029 = ORIENTED_EDGE ( 'NONE', *, *, #3776, .T. ) ;
#1030 = ORIENTED_EDGE ( 'NONE', *, *, #2026, .T. ) ;
#1031 = CARTESIAN_POINT ( 'NONE',  ( -0.01027434286494669641, 0.3689999999999999392, -0.1063048057163842319 ) ) ;
#1032 = CARTESIAN_POINT ( 'NONE',  ( -0.04842171785802231593, 0.3689999999999999392, 0.2983139364196660259 ) ) ;
#1033 = EDGE_CURVE ( 'NONE', #4337, #878, #603, .T. ) ;
#1034 = ORIENTED_EDGE ( 'NONE', *, *, #4028, .T. ) ;
#1035 = AXIS2_PLACEMENT_3D ( 'NONE', #36, #2748, #4258 ) ;
#1036 = VERTEX_POINT ( 'NONE', #4987 ) ;
#1037 = DIRECTION ( 'NONE',  ( -0.000000000000000000, 0.000000000000000000, 1.000000000000000000 ) ) ;
#1038 = CARTESIAN_POINT ( 'NONE',  ( 0.04500000000000011630, 0.3689999999999999947, 0.3307552083333334392 ) ) ;
#1039 = PRESENTATION_STYLE_ASSIGNMENT (( #4722 ) ) ;
#1040 = EDGE_CURVE ( 'NONE', #1815, #3924, #2914, .T. ) ;
#1041 =( GEOMETRIC_REPRESENTATION_CONTEXT ( 3 ) GLOBAL_UNCERTAINTY_ASSIGNED_CONTEXT ( ( #2053 ) ) GLOBAL_UNIT_ASSIGNED_CONTEXT ( ( #3027, #4511, #4562 ) ) REPRESENTATION_CONTEXT ( 'NONE', 'WORKASPACE' ) );
#1042 = CARTESIAN_POINT ( 'NONE',  ( 0.04522473470823926839, 0.3689999999999998281, 0.2931046775497635481 ) ) ;
#1043 = EDGE_LOOP ( 'NONE', ( #2159, #1980, #4774, #4576 ) ) ;
#1044 = CARTESIAN_POINT ( 'NONE',  ( -0.06222562537860330811, 0.3689999999999999947, -0.09655808994520083399 ) ) ;
#1045 = CARTESIAN_POINT ( 'NONE',  ( 0.03015100116277626141, 0.3699999999999998845, 0.2884200399179601138 ) ) ;
#1046 = FACE_OUTER_BOUND ( 'NONE', #2203, .T. ) ;
#1047 = VERTEX_POINT ( 'NONE', #3785 ) ;
#1048 =( NAMED_UNIT ( * ) SI_UNIT ( $, .STERADIAN. ) SOLID_ANGLE_UNIT ( ) );
#1049 = CIRCLE ( 'NONE', #1547, 0.05422428598153163082 ) ;
#1050 = PLANE ( 'NONE',  #4769 ) ;
#1051 = PRESENTATION_STYLE_ASSIGNMENT (( #1465 ) ) ;
#1052 = EDGE_CURVE ( 'NONE', #2055, #4590, #1778, .T. ) ;
#1053 = PLANE ( 'NONE',  #704 ) ;
#1054 = ORIENTED_EDGE ( 'NONE', *, *, #4639, .F. ) ;
#1055 =( LENGTH_UNIT ( ) NAMED_UNIT ( * ) SI_UNIT ( .MILLI., .METRE. ) );
#1056 = DIRECTION ( 'NONE',  ( -0.000000000000000000, 1.000000000000000000, -0.000000000000000000 ) ) ;
#1057 = ORIENTED_EDGE ( 'NONE', *, *, #1563, .F. ) ;
#1058 = VERTEX_POINT ( 'NONE', #662 ) ;
#1059 = CARTESIAN_POINT ( 'NONE',  ( 0.06604660568018604072, 0.3700000000000001066, 0.3395510470965055760 ) ) ;
#1060 = VECTOR ( 'NONE', #208, 1000.000000000000000 ) ;
#1061 = CARTESIAN_POINT ( 'NONE',  ( -0.03166666666666656527, 0.3689999999999999947, 0.2933333333333334458 ) ) ;
#1062 = CARTESIAN_POINT ( 'NONE',  ( 0.01020991814388966072, 0.3699999999999999956, 0.3176168744518738096 ) ) ;
#1063 = ORIENTED_EDGE ( 'NONE', *, *, #2065, .T. ) ;
#1064 = CARTESIAN_POINT ( 'NONE',  ( -0.06499999999999990508, 0.3689999999999999947, 0.3309375000000001066 ) ) ;
#1065 = ORIENTED_EDGE ( 'NONE', *, *, #733, .T. ) ;
#1066 = STYLED_ITEM ( 'NONE', ( #4535 ), #4706 ) ;
#1067 = CARTESIAN_POINT ( 'NONE',  ( -0.03041666666666656069, 0.3699999999999999956, 0.3700000000000001066 ) ) ;
#1068 = VECTOR ( 'NONE', #2593, 1000.000000000000000 ) ;
#1069 = CARTESIAN_POINT ( 'NONE',  ( 0.04453464988485197895, 0.3700000000000000511, -0.1200632822103066960 ) ) ;
#1070 = CARTESIAN_POINT ( 'NONE',  ( 0.04860885056700424423, 0.3699999999999999956, 0.2952204562143254107 ) ) ;
#1071 = CARTESIAN_POINT ( 'NONE',  ( -0.03670835716969736429, 0.3699999999999999956, 0.3421325459248480416 ) ) ;
#1072 = CARTESIAN_POINT ( 'NONE',  ( -0.04321405134225404093, 0.3700000000000001066, 0.3280968294374833616 ) ) ;
#1073 = CARTESIAN_POINT ( 'NONE',  ( -0.04960624765696462768, 0.3689999999999999947, 0.3631011358083739982 ) ) ;
#1074 = EDGE_CURVE ( 'NONE', #4554, #2400, #2562, .T. ) ;
#1075 = CARTESIAN_POINT ( 'NONE',  ( 0.06294136290630703012, 0.3690000000000000502, -0.09323386484245001216 ) ) ;
#1076 = FACE_OUTER_BOUND ( 'NONE', #3800, .T. ) ;
#1077 = DIRECTION ( 'NONE',  ( 0.000000000000000000, -1.000000000000000000, 0.000000000000000000 ) ) ;
#1078 = ORIENTED_EDGE ( 'NONE', *, *, #4755, .F. ) ;
#1079 = CARTESIAN_POINT ( 'NONE',  ( -0.01166666666666660648, 0.3689999999999999947, -0.2333333333333333925 ) ) ;
#1080 = CARTESIAN_POINT ( 'NONE',  ( -0.06499999999999990508, 0.3689999999999999947, 0.1058333333333333209 ) ) ;
#1081 = EDGE_LOOP ( 'NONE', ( #832, #4668, #3061, #783 ) ) ;
#1082 = ORIENTED_EDGE ( 'NONE', *, *, #651, .T. ) ;
#1083 = CARTESIAN_POINT ( 'NONE',  ( -0.01610232950038081867, 0.3690000000000001057, -0.1056019274333977603 ) ) ;
#1084 = CARTESIAN_POINT ( 'NONE',  ( -0.05094067368998296541, 0.3699999999999999400, 0.3001312367572794293 ) ) ;
#1085 = CARTESIAN_POINT ( 'NONE',  ( 0.1000000000000001305, -0.02000000000000000042, 0.4200000000000000955 ) ) ;
#1086 = ORIENTED_EDGE ( 'NONE', *, *, #4852, .F. ) ;
#1087 = CARTESIAN_POINT ( 'NONE',  ( -0.06486061129382168777, 0.3689999999999998836, 0.3359833607114404153 ) ) ;
#1088 = ORIENTED_EDGE ( 'NONE', *, *, #1881, .T. ) ;
#1089 = DIRECTION ( 'NONE',  ( -0.000000000000000000, 1.000000000000000000, -0.000000000000000000 ) ) ;
#1090 =( LENGTH_UNIT ( ) NAMED_UNIT ( * ) SI_UNIT ( .MILLI., .METRE. ) );
#1091 = CARTESIAN_POINT ( 'NONE',  ( 0.06500000000000007161, 0.3689999999999999947, 0.06166666666666665436 ) ) ;
#1092 = EDGE_CURVE ( 'NONE', #1345, #321, #2227, .T. ) ;
#1093 = CARTESIAN_POINT ( 'NONE',  ( 0.06208104008970154186, 0.3689999999999998836, 0.3106948853264755450 ) ) ;
#1094 = DIRECTION ( 'NONE',  ( 0.000000000000000000, 0.000000000000000000, -1.000000000000000000 ) ) ;
#1095 = CARTESIAN_POINT ( 'NONE',  ( 0.06208104008970154186, 0.3699999999999998845, 0.3106948853264755450 ) ) ;
#1096 = CARTESIAN_POINT ( 'NONE',  ( 0.04496086915284308594, 0.3700000000000000511, 0.3289672677727487615 ) ) ;
#1097 = AXIS2_PLACEMENT_3D ( 'NONE', #2649, #2338, #723 ) ;
#1098 = CARTESIAN_POINT ( 'NONE',  ( -0.06278223698246623852, 0.3689999999999999392, 0.3454841235100719610 ) ) ;
#1099 = VECTOR ( 'NONE', #2259, 1000.000000000000000 ) ;
#1100 = B_SPLINE_SURFACE_WITH_KNOTS ( 'NONE', 3, 1, ( 
 ( #793, #2368 ),
 ( #3952, #418 ),
 ( #1973, #3169 ),
 ( #4759, #2777 ),
 ( #4366, #445 ),
 ( #1998, #3586 ),
 ( #1618, #4783 ),
 ( #4395, #845 ),
 ( #1357, #4905 ),
 ( #4855, #1729 ),
 ( #3732, #4440 ) ),
 .UNSPECIFIED., .F., .F., .F.,
 ( 4, 1, 1, 1, 1, 1, 1, 1, 4 ),
 ( 2, 2 ),
 ( 0.000000000000000000, 0.1666730984235036683, 0.3209093864531072371, 0.4643462207895320271, 0.5938634226607045763, 0.7127439520709970555, 0.8209400066876521018, 0.9156866052628330754, 1.000000000000000000 ),
 ( 0.000000000000000000, 1.000000000000000000 ),
 .UNSPECIFIED. ) ;
#1101 = PLANE ( 'NONE',  #3312 ) ;
#1102 = CARTESIAN_POINT ( 'NONE',  ( -0.04332586490023650899, 0.3699999999999999956, -0.06204860186617400242 ) ) ;
#1103 = CARTESIAN_POINT ( 'NONE',  ( -0.01166666666666660648, 0.3689999999999999947, -0.1783333333333333715 ) ) ;
#1104 = CARTESIAN_POINT ( 'NONE',  ( -0.06313530753499455028, 0.3699999999999999956, -0.09332010377142711810 ) ) ;
#1105 = ORIENTED_EDGE ( 'NONE', *, *, #3941, .T. ) ;
#1106 = CARTESIAN_POINT ( 'NONE',  ( -0.03810447311058745568, 0.3699999999999999956, -0.09340801912595723955 ) ) ;
#1107 = CARTESIAN_POINT ( 'NONE',  ( -0.1000000000000000194, -0.02000000000000000042, 0.4200000000000000955 ) ) ;
#1108 = ORIENTED_EDGE ( 'NONE', *, *, #590, .T. ) ;
#1109 = CARTESIAN_POINT ( 'NONE',  ( 0.03224726658829961401, 0.3690000000000000502, 0.3728188317661028095 ) ) ;
#1110 = CARTESIAN_POINT ( 'NONE',  ( 0.006848958333333444656, 0.3689999999999999947, 0.3383333333333334303 ) ) ;
#1111 = LINE ( 'NONE', #2682, #5040 ) ;
#1112 = COLOUR_RGB ( '',0.8000000000000000444, 0.8117647058823529438, 0.8000000000000000444 ) ;
#1113 = ORIENTED_EDGE ( 'NONE', *, *, #4249, .T. ) ;
#1114 = EDGE_LOOP ( 'NONE', ( #4870, #1530, #4423, #2031 ) ) ;
#1115 = PLANE ( 'NONE',  #715 ) ;
#1116 = CARTESIAN_POINT ( 'NONE',  ( 0.006848958333333444656, 0.3689999999999999947, 0.3383333333333334303 ) ) ;
#1117 = CARTESIAN_POINT ( 'NONE',  ( -0.06469574635684662012, 0.3700000000000001066, -0.08197535576688816383 ) ) ;
#1118 = ADVANCED_FACE ( 'NONE', ( #3386 ), #1015, .F. ) ;
#1119 = CARTESIAN_POINT ( 'NONE',  ( -0.03041666666666656069, 0.3689999999999999947, 0.3700000000000001066 ) ) ;
#1120 = EDGE_CURVE ( 'NONE', #4590, #2654, #4230, .T. ) ;
#1121 = CARTESIAN_POINT ( 'NONE',  ( 0.02028305728709983366, 0.3689999999999999947, 0.3134869009556356390 ) ) ;
#1122 = DIRECTION ( 'NONE',  ( -1.000000000000000000, 0.000000000000000000, 0.000000000000000000 ) ) ;
#1123 = CARTESIAN_POINT ( 'NONE',  ( 0.03092284509237031714, 0.3689999999999999392, 0.3140025633870113797 ) ) ;
#1124 = CARTESIAN_POINT ( 'NONE',  ( -0.004348958333333228198, 0.3689999999999999947, 0.3120312500000001488 ) ) ;
#1125 = AXIS2_PLACEMENT_3D ( 'NONE', #388, #3951, #1518 ) ;
#1126 =( NAMED_UNIT ( * ) SI_UNIT ( $, .STERADIAN. ) SOLID_ANGLE_UNIT ( ) );
#1127 = EDGE_CURVE ( 'NONE', #3734, #2963, #3599, .T. ) ;
#1128 = MECHANICAL_DESIGN_GEOMETRIC_PRESENTATION_REPRESENTATION (  '', ( #3769 ), #1462 ) ;
#1129 = SURFACE_STYLE_USAGE ( .BOTH. , #311 ) ;
#1130 = ORIENTED_EDGE ( 'NONE', *, *, #223, .T. ) ;
#1131 = DIRECTION ( 'NONE',  ( 0.000000000000000000, -0.000000000000000000, 1.000000000000000000 ) ) ;
#1132 = CARTESIAN_POINT ( 'NONE',  ( 0.01051797891855338687, 0.3699999999999999400, 0.2919122341039711022 ) ) ;
#1133 = ORIENTED_EDGE ( 'NONE', *, *, #645, .T. ) ;
#1134 = VECTOR ( 'NONE', #575, 1000.000000000000000 ) ;
#1135 = EDGE_CURVE ( 'NONE', #1345, #1198, #4539, .T. ) ;
#1136 = CARTESIAN_POINT ( 'NONE',  ( 0.05602571113339661901, 0.3700000000000000511, 0.3601145382657746086 ) ) ;
#1137 = FACE_OUTER_BOUND ( 'NONE', #2955, .T. ) ;
#1138 = CARTESIAN_POINT ( 'NONE',  ( 0.06500000000000007161, 0.3689999999999999947, -0.1783333333333333715 ) ) ;
#1139 = ORIENTED_EDGE ( 'NONE', *, *, #1, .T. ) ;
#1140 = ORIENTED_EDGE ( 'NONE', *, *, #1813, .F. ) ;
#1141 = AXIS2_PLACEMENT_3D ( 'NONE', #1943, #4782, #4006 ) ;
#1142 = B_SPLINE_CURVE_WITH_KNOTS ( 'NONE', 3,
 ( #3145, #4712, #1180, #2752, #1262, #63, #465, #2312, #2394, #2420, #39, #1913, #4309, #1211, #3193, #2023, #746, #3499, #4737 ),
 .UNSPECIFIED., .F., .F.,
 ( 4, 1, 1, 1, 1, 1, 1, 1, 1, 1, 1, 1, 1, 1, 1, 1, 4 ),
 ( 0.000000000000000000, 0.06491793738228375521, 0.1264430184700147397, 0.1858787280862191915, 0.2430165727154066369, 0.3024911221532581851, 0.3693637297981689493, 0.4445722554588887321, 0.5291777480802875022, 0.5755169774892701096, 0.6254051839338126140, 0.6788683432357710545, 0.7356051207068711184, 0.7961888432153372275, 0.8601411452603573427, 0.9280644712954974063, 1.000000000000000000 ),
 .UNSPECIFIED. ) ;
#1143 = EDGE_CURVE ( 'NONE', #4135, #1501, #4032, .T. ) ;
#1144 = CARTESIAN_POINT ( 'NONE',  ( 0.03471722819097894375, 0.3699999999999999956, 0.3152431410446122073 ) ) ;
#1145 = PLANE ( 'NONE',  #1932 ) ;
#1146 = CARTESIAN_POINT ( 'NONE',  ( -0.2999999999999999889, 0.3699999999999999956, 0.4000000000000000222 ) ) ;
#1147 = AXIS2_PLACEMENT_3D ( 'NONE', #4572, #560, #1001 ) ;
#1148 = ORIENTED_EDGE ( 'NONE', *, *, #1926, .T. ) ;
#1149 = CARTESIAN_POINT ( 'NONE',  ( 0.006193080477447987509, 0.3699999999999999400, 0.3225062652014146769 ) ) ;
#1150 = DIRECTION ( 'NONE',  ( -1.000000000000000000, 1.546092538781562656E-12, 0.000000000000000000 ) ) ;
#1151 = CARTESIAN_POINT ( 'NONE',  ( -0.03670835716969736429, 0.3689999999999999947, 0.3421325459248480416 ) ) ;
#1152 = CARTESIAN_POINT ( 'NONE',  ( -0.03166666666666656527, 0.3689999999999999947, 0.2933333333333334458 ) ) ;
#1153 =( LENGTH_UNIT ( ) NAMED_UNIT ( * ) SI_UNIT ( .MILLI., .METRE. ) );
#1154 = DIRECTION ( 'NONE',  ( -0.5433100441906949518, 0.000000000000000000, 0.8395321291537954922 ) ) ;
#1155 = B_SPLINE_CURVE_WITH_KNOTS ( 'NONE', 3,
 ( #2708, #2730, #2374, #4344, #491, #1576, #2399, #3984, #2758, #4815, #1623, #95, #4719, #800, #851 ),
 .UNSPECIFIED., .F., .F.,
 ( 4, 1, 1, 1, 1, 1, 1, 1, 1, 1, 1, 1, 4 ),
 ( 0.000000000000000000, 0.1017358233774032089, 0.1947451560758219624, 0.2792838173807337121, 0.3570668033621515192, 0.4309976271683977900, 0.5058625711664631597, 0.5821441473217943141, 0.6615536340129621884, 0.7433065731176106139, 0.8259646756415645052, 0.9112062554456243912, 1.000000000000000000 ),
 .UNSPECIFIED. ) ;
#1156 = DIRECTION ( 'NONE',  ( -0.000000000000000000, 1.000000000000000000, -0.000000000000000000 ) ) ;
#1157 = ORIENTED_EDGE ( 'NONE', *, *, #1020, .T. ) ;
#1158 = CARTESIAN_POINT ( 'NONE',  ( -0.04333333333333326542, 0.3689999999999999947, -0.04833333333333332538 ) ) ;
#1159 = ORIENTED_EDGE ( 'NONE', *, *, #262, .T. ) ;
#1160 = CARTESIAN_POINT ( 'NONE',  ( -0.04178484245346580223, 0.3690000000000000502, -0.08454936675009351588 ) ) ;
#1161 = CARTESIAN_POINT ( 'NONE',  ( 0.01000000000000006613, 0.3699999999999999956, 0.06166666666666665436 ) ) ;
#1162 = VERTEX_POINT ( 'NONE', #1201 ) ;
#1163 = CARTESIAN_POINT ( 'NONE',  ( -0.04333333333333326542, 0.3699999999999999956, 0.06166666666666665436 ) ) ;
#1164 = ORIENTED_EDGE ( 'NONE', *, *, #2773, .T. ) ;
#1165 = CARTESIAN_POINT ( 'NONE',  ( -0.06495290914653628622, 0.3689999999999999947, 0.3326421853642252957 ) ) ;
#1166 = ORIENTED_EDGE ( 'NONE', *, *, #4688, .F. ) ;
#1167 = B_SPLINE_CURVE_WITH_KNOTS ( 'NONE', 3,
 ( #2405, #835, #1583, #3486, #5086, #4323, #3995, #3597, #455, #858, #1927 ),
 .UNSPECIFIED., .F., .F.,
 ( 4, 1, 1, 1, 1, 1, 1, 1, 4 ),
 ( 0.000000000000000000, 0.09988759028427456055, 0.2073115251751778132, 0.3208382515650403111, 0.4424484344438348038, 0.5701847947552136642, 0.7054324649105985223, 0.8494160446299467981, 1.000000000000000000 ),
 .UNSPECIFIED. ) ;
#1168 = CARTESIAN_POINT ( 'NONE',  ( 0.03640681673721255646, 0.3700000000000000511, 0.3161409058865546351 ) ) ;
#1169 = CARTESIAN_POINT ( 'NONE',  ( 0.03235269383161604867, 0.3699999999999999400, -0.1264783194084192486 ) ) ;
#1170 = EDGE_CURVE ( 'NONE', #4194, #4310, #2743, .T. ) ;
#1171 = VECTOR ( 'NONE', #2109, 1000.000000000000000 ) ;
#1172 = ORIENTED_EDGE ( 'NONE', *, *, #4705, .F. ) ;
#1173 = CARTESIAN_POINT ( 'NONE',  ( -0.01158707161737761344, 0.3689999999999999947, -0.1310957157233315351 ) ) ;
#1174 = CARTESIAN_POINT ( 'NONE',  ( -0.04986551638024205868, 0.3700000000000000511, -0.1158138318214106399 ) ) ;
#1175 = CARTESIAN_POINT ( 'NONE',  ( -0.03910274537679476331, 0.3690000000000000502, 0.3403461349572716732 ) ) ;
#1176 = CARTESIAN_POINT ( 'NONE',  ( 0.2500000000000001110, 0.08000000000000000167, 0.4200000000000000955 ) ) ;
#1177 = FACE_OUTER_BOUND ( 'NONE', #685, .T. ) ;
#1178 = LINE ( 'NONE', #791, #307 ) ;
#1179 = PLANE ( 'NONE',  #1305 ) ;
#1180 = CARTESIAN_POINT ( 'NONE',  ( 0.04123697268072150368, 0.3699999999999999400, -0.08871855157993829843 ) ) ;
#1181 = ORIENTED_EDGE ( 'NONE', *, *, #1052, .F. ) ;
#1182 = CARTESIAN_POINT ( 'NONE',  ( 0.03565614126724765687, 0.3689999999999998836, -0.1250694780143951357 ) ) ;
#1183 = EDGE_CURVE ( 'NONE', #3570, #248, #2306, .T. ) ;
#1184 = ORIENTED_EDGE ( 'NONE', *, *, #4342, .F. ) ;
#1185 = EDGE_CURVE ( 'NONE', #2313, #5034, #3889, .T. ) ;
#1186 = ORIENTED_EDGE ( 'NONE', *, *, #1405, .T. ) ;
#1187 = EDGE_CURVE ( 'NONE', #3428, #1740, #3914, .T. ) ;
#1188 = CARTESIAN_POINT ( 'NONE',  ( 0.02604166666666677885, 0.3699999999999999956, 0.2883333333333334969 ) ) ;
#1189 = CARTESIAN_POINT ( 'NONE',  ( 0.04208333333333340309, 0.3689999999999999947, -0.08554687499999999445 ) ) ;
#1190 = VERTEX_POINT ( 'NONE', #3521 ) ;
#1191 = FILL_AREA_STYLE_COLOUR ( '', #4450 ) ;
#1192 = VERTEX_POINT ( 'NONE', #4699 ) ;
#1193 = AXIS2_PLACEMENT_3D ( 'NONE', #4104, #3340, #2898 ) ;
#1194 = VERTEX_POINT ( 'NONE', #5 ) ;
#1195 = CARTESIAN_POINT ( 'NONE',  ( 0.03798816297211091847, 0.3699999999999999400, 0.3171636961734754512 ) ) ;
#1196 = AXIS2_PLACEMENT_3D ( 'NONE', #3309, #4098, #2916 ) ;
#1197 = CARTESIAN_POINT ( 'NONE',  ( -0.03599441172767738756, 0.3699999999999999400, -0.09614199335843730265 ) ) ;
#1198 = VERTEX_POINT ( 'NONE', #2358 ) ;
#1199 = ORIENTED_EDGE ( 'NONE', *, *, #3120, .T. ) ;
#1200 = DIRECTION ( 'NONE',  ( -0.000000000000000000, 0.000000000000000000, 1.000000000000000000 ) ) ;
#1201 = CARTESIAN_POINT ( 'NONE',  ( 0.02890625000000007078, 0.3689999999999999947, -0.1277083333333333404 ) ) ;
#1202 = EDGE_CURVE ( 'NONE', #3851, #3299, #4648, .T. ) ;
#1203 = DIRECTION ( 'NONE',  ( -0.8532687732994455043, 0.000000000000000000, 0.5214713803384223301 ) ) ;
#1204 = CARTESIAN_POINT ( 'NONE',  ( 0.04365931551109595438, 0.3700000000000001066, 0.3239344733349597827 ) ) ;
#1205 = LINE ( 'NONE', #2772, #1312 ) ;
#1206 = COLOUR_RGB ( '',0.2980392156862745057, 0.2980392156862745057, 0.2980392156862745057 ) ;
#1207 = CARTESIAN_POINT ( 'NONE',  ( -0.002824451430421676557, 0.3689999999999999947, 0.3069165981953574929 ) ) ;
#1208 = VECTOR ( 'NONE', #298, 1000.000000000000000 ) ;
#1209 = LINE ( 'NONE', #61, #3427 ) ;
#1210 =( LENGTH_UNIT ( ) NAMED_UNIT ( * ) SI_UNIT ( .MILLI., .METRE. ) );
#1211 = CARTESIAN_POINT ( 'NONE',  ( 0.01355631464094616753, 0.3699999999999998845, -0.1059873374837387583 ) ) ;
#1212 = STYLED_ITEM ( 'NONE', ( #4680 ), #2713 ) ;
#1213 = ORIENTED_EDGE ( 'NONE', *, *, #5069, .F. ) ;
#1214 = CARTESIAN_POINT ( 'NONE',  ( -0.06222562537860330811, 0.3699999999999999956, -0.09655808994520083399 ) ) ;
#1215 = EDGE_LOOP ( 'NONE', ( #2813, #4154, #3596, #450 ) ) ;
#1216 = EDGE_CURVE ( 'NONE', #2903, #3985, #4275, .T. ) ;
#1217 = CARTESIAN_POINT ( 'NONE',  ( -0.04328868596782875500, 0.3689999999999999947, 0.3316302118805554699 ) ) ;
#1218 = CARTESIAN_POINT ( 'NONE',  ( 0.006026055743050165447, 0.3699999999999998845, 0.3356403664350229299 ) ) ;
#1219 = CARTESIAN_POINT ( 'NONE',  ( -0.03048077619204181063, 0.3689999999999999392, 0.3183700051210404669 ) ) ;
#1220 = ORIENTED_EDGE ( 'NONE', *, *, #3721, .T. ) ;
#1221 = SURFACE_SIDE_STYLE ('',( #4402 ) ) ;
#1222 = VERTEX_POINT ( 'NONE', #3081 ) ;
#1223 = ORIENTED_EDGE ( 'NONE', *, *, #2695, .T. ) ;
#1224 = DIRECTION ( 'NONE',  ( 0.8396462025818162145, 0.000000000000000000, -0.5431337353635250498 ) ) ;
#1225 = CARTESIAN_POINT ( 'NONE',  ( -0.001180695683830936373, 0.3699999999999999956, -0.1066555949037081286 ) ) ;
#1226 = B_SPLINE_CURVE_WITH_KNOTS ( 'NONE', 3,
 ( #247, #2527, #4948, #3376, #2189, #4136, #4113, #4058, #3301, #4917, #3276 ),
 .UNSPECIFIED., .F., .F.,
 ( 4, 1, 1, 1, 1, 1, 1, 1, 4 ),
 ( 0.000000000000000000, 0.1371223374139007023, 0.2679123640023185482, 0.3935226983663877021, 0.5160237818867048354, 0.6367751505916589005, 0.7569302398618513728, 0.8771627914374638957, 1.000000000000000000 ),
 .UNSPECIFIED. ) ;
#1227 = ORIENTED_EDGE ( 'NONE', *, *, #3784, .T. ) ;
#1228 = VECTOR ( 'NONE', #3087, 1000.000000000000000 ) ;
#1229 = ORIENTED_EDGE ( 'NONE', *, *, #1009, .F. ) ;
#1230 = CARTESIAN_POINT ( 'NONE',  ( 0.04381065445679303838, 0.3689999999999999947, 0.3371508590064705713 ) ) ;
#1231 = CARTESIAN_POINT ( 'NONE',  ( -0.02643229166666656235, 0.3699999999999999956, 0.1599999999999999756 ) ) ;
#1232 = CARTESIAN_POINT ( 'NONE',  ( -0.05926666922012708422, 0.3689999999999999392, -0.1036840253034258530 ) ) ;
#1233 = VECTOR ( 'NONE', #3761, 1000.000000000000000 ) ;
#1234 = VECTOR ( 'NONE', #2857, 1000.000000000000000 ) ;
#1235 = CARTESIAN_POINT ( 'NONE',  ( 0.03287595382646791436, 0.3689999999999999392, 0.3145472707304545756 ) ) ;
#1236 = CARTESIAN_POINT ( 'NONE',  ( -0.06495290914653628622, 0.3699999999999999400, 0.3326421853642252957 ) ) ;
#1237 = CARTESIAN_POINT ( 'NONE',  ( 0.02046632943149729114, 0.3690000000000000502, 0.2886725515848470591 ) ) ;
#1238 = CARTESIAN_POINT ( 'NONE',  ( 0.06500000000000011324, 0.3699999999999999956, 0.2191666666666666763 ) ) ;
#1239 = VECTOR ( 'NONE', #4656, 1000.000000000000000 ) ;
#1240 = LINE ( 'NONE', #1571, #1607 ) ;
#1241 = CARTESIAN_POINT ( 'NONE',  ( -0.01552285326990909646, 0.3699999999999999956, -0.1306328563520485209 ) ) ;
#1242 = EDGE_CURVE ( 'NONE', #755, #1584, #1903, .T. ) ;
#1243 = CARTESIAN_POINT ( 'NONE',  ( -0.04099337131827936881, 0.3699999999999999956, 0.3382654558887960849 ) ) ;
#1244 = SURFACE_STYLE_FILL_AREA ( #3564 ) ;
#1245 = CARTESIAN_POINT ( 'NONE',  ( 0.04327011075257166522, 0.3689999999999999392, -0.07421112890464653944 ) ) ;
#1246 = ORIENTED_EDGE ( 'NONE', *, *, #3101, .F. ) ;
#1247 =( NAMED_UNIT ( * ) PLANE_ANGLE_UNIT ( ) SI_UNIT ( $, .RADIAN. ) );
#1248 = CARTESIAN_POINT ( 'NONE',  ( -0.04332586490023650899, 0.3689999999999999947, -0.06204860186617400242 ) ) ;
#1249 = ORIENTED_EDGE ( 'NONE', *, *, #2076, .T. ) ;
#1250 = VERTEX_POINT ( 'NONE', #3491 ) ;
#1251 = CARTESIAN_POINT ( 'NONE',  ( 0.04315729171411065990, 0.3699999999999999956, -0.07658924509658225632 ) ) ;
#1252 = CARTESIAN_POINT ( 'NONE',  ( -0.01869580619849743261, 0.3699999999999998845, -0.1051421613112771825 ) ) ;
#1253 = ADVANCED_FACE ( 'NONE', ( #1990 ), #1871, .T. ) ;
#1254 = CARTESIAN_POINT ( 'NONE',  ( -0.02666666666666656776, 0.3690000000000000502, 0.3450000000000001954 ) ) ;
#1255 = CARTESIAN_POINT ( 'NONE',  ( 0.06038415489526721691, 0.3689999999999998836, -0.1009377466182031780 ) ) ;
#1256 = PRODUCT_DEFINITION ( 'UNKNOWN', '', #2740, #27 ) ;
#1257 = CARTESIAN_POINT ( 'NONE',  ( -0.003169790649103189188, 0.3689999999999999392, -0.1316091646989054065 ) ) ;
#1258 = DIRECTION ( 'NONE',  ( -0.000000000000000000, 0.000000000000000000, -1.000000000000000000 ) ) ;
#1259 = CARTESIAN_POINT ( 'NONE',  ( -0.04037617934793263225, 0.3690000000000000502, 0.2945433046673803790 ) ) ;
#1260 = CARTESIAN_POINT ( 'NONE',  ( 0.01355631464094616753, 0.3689999999999998836, -0.1059873374837387583 ) ) ;
#1261 = DIRECTION ( 'NONE',  ( 0.8533589514342735383, 0.000000000000000000, -0.5213237957421443802 ) ) ;
#1262 = CARTESIAN_POINT ( 'NONE',  ( 0.03848625811899276938, 0.3700000000000000511, -0.09432379406609266159 ) ) ;
#1263 = CARTESIAN_POINT ( 'NONE',  ( -0.05261065850798631038, 0.3699999999999999400, -0.1130237734926878290 ) ) ;
#1264 = CARTESIAN_POINT ( 'NONE',  ( 0.06500000000000002998, 0.3699999999999999956, -0.2883333333333333859 ) ) ;
#1265 = SURFACE_STYLE_USAGE ( .BOTH. , #850 ) ;
#1266 = EDGE_CURVE ( 'NONE', #3764, #1194, #4000, .T. ) ;
#1267 = DIRECTION ( 'NONE',  ( -0.000000000000000000, 1.000000000000000000, -0.000000000000000000 ) ) ;
#1268 = ORIENTED_EDGE ( 'NONE', *, *, #4103, .T. ) ;
#1269 = CARTESIAN_POINT ( 'NONE',  ( 0.02688562362091974009, 0.3699999999999999956, -0.1283326920320932985 ) ) ;
#1270 = CARTESIAN_POINT ( 'NONE',  ( -0.02666666666666656429, 0.3699999999999999956, 0.3450000000000001399 ) ) ;
#1271 = VECTOR ( 'NONE', #3735, 1000.000000000000000 ) ;
#1272 = VERTEX_POINT ( 'NONE', #3577 ) ;
#1273 = EDGE_LOOP ( 'NONE', ( #654, #1732, #4603, #3980 ) ) ;
#1274 = CARTESIAN_POINT ( 'NONE',  ( -0.02386724247548217478, 0.3699999999999999400, -0.1037202051985306600 ) ) ;
#1275 = STYLED_ITEM ( 'NONE', ( #191 ), #3028 ) ;
#1276 = DIRECTION ( 'NONE',  ( 1.000000000000000000, 0.000000000000000000, 0.000000000000000000 ) ) ;
#1277 = CARTESIAN_POINT ( 'NONE',  ( 0.005202870654914749232, 0.3699999999999998845, 0.3253915475544810199 ) ) ;
#1278 = ADVANCED_FACE ( 'NONE', ( #4776 ), #2437, .T. ) ;
#1279 = CARTESIAN_POINT ( 'NONE',  ( 0.03000000000000011338, 0.3689999999999999947, 0.2700000000000001288 ) ) ;
#1280 = CARTESIAN_POINT ( 'NONE',  ( 0.06506476431852724340, 0.3689999999999999392, 0.3183858300686282505 ) ) ;
#1281 = EDGE_CURVE ( 'NONE', #5053, #1842, #3218, .T. ) ;
#1282 = CARTESIAN_POINT ( 'NONE',  ( 0.02604166666666677885, 0.3699999999999999956, 0.2883333333333334969 ) ) ;
#1283 = CARTESIAN_POINT ( 'NONE',  ( -0.1999999999999999556, 0.000000000000000000, -0.3000000000000000444 ) ) ;
#1284 = LINE ( 'NONE', #963, #3861 ) ;
#1285 = CARTESIAN_POINT ( 'NONE',  ( 0.002470011118651818660, 0.3689999999999998836, 0.2982586272619666135 ) ) ;
#1286 = STYLED_ITEM ( 'NONE', ( #4646 ), #2850 ) ;
#1287 = EDGE_CURVE ( 'NONE', #1477, #1345, #4388, .T. ) ;
#1288 = CARTESIAN_POINT ( 'NONE',  ( 0.2999999999999999334, 0.000000000000000000, -0.4000000000000000222 ) ) ;
#1289 = DIRECTION ( 'NONE',  ( 1.000000000000000000, 0.000000000000000000, 0.000000000000000000 ) ) ;
#1290 =( NAMED_UNIT ( * ) PLANE_ANGLE_UNIT ( ) SI_UNIT ( $, .RADIAN. ) );
#1291 = ORIENTED_EDGE ( 'NONE', *, *, #3455, .F. ) ;
#1292 = CARTESIAN_POINT ( 'NONE',  ( 0.2500000000000001110, 0.08000000000000000167, 0.4200000000000000955 ) ) ;
#1293 = CARTESIAN_POINT ( 'NONE',  ( -0.04218320106709183559, 0.3689999999999999947, -0.08276983090616968353 ) ) ;
#1294 = ORIENTED_EDGE ( 'NONE', *, *, #4252, .T. ) ;
#1295 = ADVANCED_FACE ( 'NONE', ( #2017 ), #2707, .T. ) ;
#1296 = CARTESIAN_POINT ( 'NONE',  ( -0.1999999999999999556, 0.000000000000000000, -0.1100000000000000144 ) ) ;
#1297 = VECTOR ( 'NONE', #2939, 1000.000000000000000 ) ;
#1298 = ADVANCED_FACE ( 'NONE', ( #4824 ), #1634, .T. ) ;
#1299 = AXIS2_PLACEMENT_3D ( 'NONE', #279, #304, #2171 ) ;
#1300 = DIRECTION ( 'NONE',  ( 1.000000000000000000, 0.000000000000000000, 0.000000000000000000 ) ) ;
#1301 = LINE ( 'NONE', #4479, #1686 ) ;
#1302 = CARTESIAN_POINT ( 'NONE',  ( -0.06499999999999994671, 0.3699999999999999956, -0.001666666666666675664 ) ) ;
#1303 = DIRECTION ( 'NONE',  ( -1.000000000000000000, 0.000000000000000000, 0.000000000000000000 ) ) ;
#1304 = CARTESIAN_POINT ( 'NONE',  ( 0.02604166666666677885, 0.3689999999999999947, 0.2883333333333334969 ) ) ;
#1305 = AXIS2_PLACEMENT_3D ( 'NONE', #3144, #1154, #4681 ) ;
#1306 = VECTOR ( 'NONE', #1663, 1000.000000000000000 ) ;
#1307 = CARTESIAN_POINT ( 'NONE',  ( -0.004348958333333228198, 0.3689999999999999947, 0.3120312500000001488 ) ) ;
#1308 = VECTOR ( 'NONE', #703, 1000.000000000000000 ) ;
#1309 = CARTESIAN_POINT ( 'NONE',  ( -0.1799999999999994382, -0.02000000000000000042, 0.1500000000000000222 ) ) ;
#1310 = LINE ( 'NONE', #2442, #2504 ) ;
#1311 = CARTESIAN_POINT ( 'NONE',  ( -0.04333333333333322379, 0.3689999999999999947, 0.3307291666666667962 ) ) ;
#1312 = VECTOR ( 'NONE', #1969, 1000.000000000000000 ) ;
#1313 = AXIS2_PLACEMENT_3D ( 'NONE', #4466, #4030, #2897 ) ;
#1314 = DIRECTION ( 'NONE',  ( 0.000000000000000000, 0.000000000000000000, -1.000000000000000000 ) ) ;
#1315 = SURFACE_STYLE_USAGE ( .BOTH. , #114 ) ;
#1316 = EDGE_LOOP ( 'NONE', ( #1602, #4246, #1157, #2069 ) ) ;
#1317 = CARTESIAN_POINT ( 'NONE',  ( -0.02603070253410586996, 0.3700000000000000511, 0.3184917625749557057 ) ) ;
#1318 = CARTESIAN_POINT ( 'NONE',  ( -0.01329823912837825410, 0.3689999999999998281, 0.3339466967873469527 ) ) ;
#1319 = ORIENTED_EDGE ( 'NONE', *, *, #3468, .F. ) ;
#1320 = ORIENTED_EDGE ( 'NONE', *, *, #1691, .T. ) ;
#1321 = FACE_BOUND ( 'NONE', #2153, .T. ) ;
#1322 = VERTEX_POINT ( 'NONE', #519 ) ;
#1323 = LINE ( 'NONE', #2529, #3644 ) ;
#1324 = DIRECTION ( 'NONE',  ( 0.000000000000000000, 0.000000000000000000, 1.000000000000000000 ) ) ;
#1325 = LINE ( 'NONE', #1774, #716 ) ;
#1326 = FILL_AREA_STYLE_COLOUR ( '', #4604 ) ;
#1327 = EDGE_CURVE ( 'NONE', #4766, #4082, #1916, .T. ) ;
#1328 = CARTESIAN_POINT ( 'NONE',  ( -0.05424078334674045654, 0.3699999999999999400, 0.3031570219436180436 ) ) ;
#1329 = CARTESIAN_POINT ( 'NONE',  ( 0.04007199221939920786, 0.3689999999999999947, 0.3706955006882282633 ) ) ;
#1330 = CARTESIAN_POINT ( 'NONE',  ( 0.06500000000000011324, 0.3689999999999999947, 0.2191666666666666763 ) ) ;
#1331 = DIRECTION ( 'NONE',  ( -0.000000000000000000, 1.000000000000000000, -0.000000000000000000 ) ) ;
#1332 = CARTESIAN_POINT ( 'NONE',  ( -0.02643229166666656235, 0.3689999999999999947, 0.1599999999999999756 ) ) ;
#1333 = VERTEX_POINT ( 'NONE', #4846 ) ;
#1334 = CARTESIAN_POINT ( 'NONE',  ( -0.04333333333333326542, 0.3699999999999999956, 0.06166666666666665436 ) ) ;
#1335 = LINE ( 'NONE', #4937, #4209 ) ;
#1336 = EDGE_CURVE ( 'NONE', #4189, #674, #1301, .T. ) ;
#1337 = DIRECTION ( 'NONE',  ( -0.8532687732994455043, 0.000000000000000000, 0.5214713803384223301 ) ) ;
#1338 = VERTEX_POINT ( 'NONE', #907 ) ;
#1339 = PLANE ( 'NONE',  #411 ) ;
#1340 = DIRECTION ( 'NONE',  ( -0.000000000000000000, 1.000000000000000000, -0.000000000000000000 ) ) ;
#1341 = CARTESIAN_POINT ( 'NONE',  ( 0.06246777106867314189, 0.3689999999999999947, -0.09477721214396649108 ) ) ;
#1342 = ADVANCED_FACE ( 'NONE', ( #2480 ), #2506, .T. ) ;
#1343 = ORIENTED_EDGE ( 'NONE', *, *, #1999, .T. ) ;
#1344 = ORIENTED_EDGE ( 'NONE', *, *, #4642, .F. ) ;
#1345 = VERTEX_POINT ( 'NONE', #4612 ) ;
#1346 = DIRECTION ( 'NONE',  ( 6.776263578034402713E-17, 0.000000000000000000, 1.000000000000000000 ) ) ;
#1347 = CARTESIAN_POINT ( 'NONE',  ( -0.06499999999999994671, 0.3699999999999999956, 0.08666666666666666963 ) ) ;
#1348 = CARTESIAN_POINT ( 'NONE',  ( 0.06223958333333341753, 0.3690000000000000502, -0.09552083333333334647 ) ) ;
#1349 =( NAMED_UNIT ( * ) SI_UNIT ( $, .STERADIAN. ) SOLID_ANGLE_UNIT ( ) );
#1350 = CARTESIAN_POINT ( 'NONE',  ( 0.006848958333333444656, 0.3699999999999999956, 0.3383333333333334303 ) ) ;
#1351 = DIRECTION ( 'NONE',  ( 0.000000000000000000, 0.000000000000000000, 1.000000000000000000 ) ) ;
#1352 = COLOUR_RGB ( '',0.8000000000000000444, 0.8117647058823529438, 0.8000000000000000444 ) ;
#1353 = ADVANCED_FACE ( 'NONE', ( #195 ), #2530, .T. ) ;
#1354 = DIRECTION ( 'NONE',  ( -0.000000000000000000, -1.000000000000000000, -0.000000000000000000 ) ) ;
#1355 = CARTESIAN_POINT ( 'NONE',  ( 0.04500000000000011630, 0.3699999999999999956, 0.3307552083333334392 ) ) ;
#1356 = VECTOR ( 'NONE', #3613, 1000.000000000000000 ) ;
#1357 = CARTESIAN_POINT ( 'NONE',  ( 0.04239179090025635421, 0.3690000000000000502, -0.08411182286575591416 ) ) ;
#1358 = CARTESIAN_POINT ( 'NONE',  ( -0.02947916666666655985, 0.3699999999999999956, 0.3183333333333334680 ) ) ;
#1359 = ORIENTED_EDGE ( 'NONE', *, *, #2535, .T. ) ;
#1360 = CARTESIAN_POINT ( 'NONE',  ( -0.05330729166666656194, 0.3699999999999999956, 0.3022395833333334503 ) ) ;
#1361 = FACE_OUTER_BOUND ( 'NONE', #2349, .T. ) ;
#1362 = PRESENTATION_STYLE_ASSIGNMENT (( #1315 ) ) ;
#1363 = VERTEX_POINT ( 'NONE', #1348 ) ;
#1364 = CARTESIAN_POINT ( 'NONE',  ( -0.02830269322858102593, 0.3699999999999999956, 0.3183873828427439268 ) ) ;
#1365 = CARTESIAN_POINT ( 'NONE',  ( 0.02604166666666677885, 0.3689999999999999947, 0.2883333333333334969 ) ) ;
#1366 = CARTESIAN_POINT ( 'NONE',  ( 0.06397090047357163745, 0.3700000000000001066, -0.08817209067218002849 ) ) ;
#1367 = ORIENTED_EDGE ( 'NONE', *, *, #1127, .F. ) ;
#1368 = EDGE_LOOP ( 'NONE', ( #4682, #4367, #1249, #1553 ) ) ;
#1369 = DIRECTION ( 'NONE',  ( 0.000000000000000000, 0.000000000000000000, -1.000000000000000000 ) ) ;
#1370 = LINE ( 'NONE', #2961, #2074 ) ;
#1371 = VECTOR ( 'NONE', #768, 1000.000000000000000 ) ;
#1372 = LINE ( 'NONE', #1743, #270 ) ;
#1373 = CARTESIAN_POINT ( 'NONE',  ( -0.2500000000000000000, 0.08000000000000000167, 0.4200000000000000955 ) ) ;
#1374 = PRESENTATION_LAYER_ASSIGNMENT (  '', '', ( #1858 ) ) ;
#1375 = DIRECTION ( 'NONE',  ( 0.000000000000000000, 0.000000000000000000, -1.000000000000000000 ) ) ;
#1376 = CARTESIAN_POINT ( 'NONE',  ( 0.03015100116277626141, 0.3689999999999998836, 0.2884200399179601138 ) ) ;
#1377 = CIRCLE ( 'NONE', #403, 0.07000000000000002054 ) ;
#1378 = CARTESIAN_POINT ( 'NONE',  ( -0.02666666666666656776, 0.3700000000000000511, 0.3450000000000001954 ) ) ;
#1379 = CARTESIAN_POINT ( 'NONE',  ( 0.01000000000000006613, 0.3689999999999999947, -0.1783333333333333715 ) ) ;
#1380 = FACE_OUTER_BOUND ( 'NONE', #591, .T. ) ;
#1381 = CARTESIAN_POINT ( 'NONE',  ( 0.01528386615197652003, 0.3689999999999998836, 0.2899030810960060434 ) ) ;
#1382 = B_SPLINE_SURFACE_WITH_KNOTS ( 'NONE', 3, 1, ( 
 ( #3743, #4972 ),
 ( #3343, #4941 ),
 ( #924, #4107 ),
 ( #1002, #3370 ),
 ( #2130, #2980 ),
 ( #4055, #3270 ),
 ( #535, #2901 ),
 ( #3012, #4263 ),
 ( #2314, #641 ),
 ( #1915, #3090 ),
 ( #3397, #695 ),
 ( #4995, #4184 ),
 ( #1441, #5024 ),
 ( #3874, #2237 ),
 ( #1027, #1106 ),
 ( #1544, #2213 ),
 ( #4238, #3819 ),
 ( #3040, #1521 ),
 ( #5098, #3798 ) ),
 .UNSPECIFIED., .F., .F., .F.,
 ( 4, 1, 1, 1, 1, 1, 1, 1, 1, 1, 1, 1, 1, 1, 1, 1, 4 ),
 ( 2, 2 ),
 ( 0.000000000000000000, 0.06986395583111670859, 0.1353396447139767755, 0.1964683791046254180, 0.2538392193353500303, 0.3074799172489006138, 0.3569815213163380352, 0.4030387408847335151, 0.4452118752852401995, 0.5231360276600268699, 0.5959746701166991345, 0.6643717693299489024, 0.7294451773485498558, 0.7936047033531455908, 0.8592612595510084050, 0.9276848915508820737, 1.000000000000000000 ),
 ( 0.000000000000000000, 1.000000000000000000 ),
 .UNSPECIFIED. ) ;
#1383 = ORIENTED_EDGE ( 'NONE', *, *, #645, .F. ) ;
#1384 = LINE ( 'NONE', #3814, #3997 ) ;
#1385 = CARTESIAN_POINT ( 'NONE',  ( -0.04332586490023650899, 0.3689999999999999947, -0.06204860186617400242 ) ) ;
#1386 = CARTESIAN_POINT ( 'NONE',  ( 0.06500000000000007161, 0.3689999999999999947, 0.08666666666666666963 ) ) ;
#1387 = FACE_OUTER_BOUND ( 'NONE', #2861, .T. ) ;
#1388 = ORIENTED_EDGE ( 'NONE', *, *, #2892, .F. ) ;
#1389 = DIRECTION ( 'NONE',  ( -0.8396181230867140188, 0.000000000000000000, 0.5431771418095052706 ) ) ;
#1390 = VECTOR ( 'NONE', #1710, 1000.000000000000000 ) ;
#1391 = CARTESIAN_POINT ( 'NONE',  ( 0.000000000000000000, 0.3689999999999999947, 0.000000000000000000 ) ) ;
#1392 = VECTOR ( 'NONE', #2760, 1000.000000000000000 ) ;
#1393 = EDGE_CURVE ( 'NONE', #1740, #3602, #1744, .T. ) ;
#1394 = CARTESIAN_POINT ( 'NONE',  ( 0.06462869554891345625, 0.3690000000000001057, -0.08239082591453825155 ) ) ;
#1395 = ORIENTED_EDGE ( 'NONE', *, *, #4427, .F. ) ;
#1396 = UNCERTAINTY_MEASURE_WITH_UNIT (LENGTH_MEASURE( 1.000000000000000082E-05 ), #2893, 'distance_accuracy_value', 'NONE');
#1397 = ORIENTED_EDGE ( 'NONE', *, *, #3401, .T. ) ;
#1398 = CARTESIAN_POINT ( 'NONE',  ( 0.2000000000000000111, 0.000000000000000000, -0.04999999999999998890 ) ) ;
#1399 = EDGE_LOOP ( 'NONE', ( #4634, #80, #2077, #1004 ) ) ;
#1400 = CARTESIAN_POINT ( 'NONE',  ( -0.06499999999999997446, 0.3699999999999999956, -0.3416666666666666741 ) ) ;
#1401 = DIRECTION ( 'NONE',  ( -0.1219985139472901103, 0.000000000000000000, -0.9925302829610049837 ) ) ;
#1402 = CARTESIAN_POINT ( 'NONE',  ( -0.06499999999999990508, 0.3699999999999999956, 0.1350520833333333226 ) ) ;
#1403 = EDGE_CURVE ( 'NONE', #1648, #4608, #3022, .T. ) ;
#1404 = CARTESIAN_POINT ( 'NONE',  ( 0.06656245463254086003, 0.3699999999999999400, 0.3268342780608031739 ) ) ;
#1405 = EDGE_CURVE ( 'NONE', #2635, #5034, #3304, .T. ) ;
#1406 = CARTESIAN_POINT ( 'NONE',  ( 0.06500000000000007161, 0.3689999999999999947, -0.1533333333333333770 ) ) ;
#1407 = CARTESIAN_POINT ( 'NONE',  ( -0.04333333333333326542, 0.3689999999999999947, -0.2416666666666667240 ) ) ;
#1408 = VERTEX_POINT ( 'NONE', #2138 ) ;
#1409 = CARTESIAN_POINT ( 'NONE',  ( 0.03667774930803981842, 0.3689999999999999392, -0.09675111988761669890 ) ) ;
#1410 = SURFACE_STYLE_FILL_AREA ( #2234 ) ;
#1411 = ORIENTED_EDGE ( 'NONE', *, *, #3772, .F. ) ;
#1412 = CARTESIAN_POINT ( 'NONE',  ( 0.03092284509237031714, 0.3689999999999999392, 0.3140025633870113797 ) ) ;
#1413 = FACE_OUTER_BOUND ( 'NONE', #5026, .T. ) ;
#1414 = VECTOR ( 'NONE', #931, 1000.000000000000000 ) ;
#1415 = DIRECTION ( 'NONE',  ( 1.000000000000000000, 0.000000000000000000, 0.000000000000000000 ) ) ;
#1416 = ORIENTED_EDGE ( 'NONE', *, *, #3371, .F. ) ;
#1417 = ORIENTED_EDGE ( 'NONE', *, *, #577, .F. ) ;
#1418 = EDGE_CURVE ( 'NONE', #2930, #794, #1803, .T. ) ;
#1419 = CARTESIAN_POINT ( 'NONE',  ( 0.03224726658829961401, 0.3700000000000000511, 0.3728188317661028095 ) ) ;
#1420 = CARTESIAN_POINT ( 'NONE',  ( -0.03463103344039656500, 0.3700000000000000511, 0.2934031624012336525 ) ) ;
#1421 = EDGE_LOOP ( 'NONE', ( #2731, #4408, #2173, #3454 ) ) ;
#1422 = VECTOR ( 'NONE', #287, 1000.000000000000000 ) ;
#1423 = DIRECTION ( 'NONE',  ( -1.000000000000000000, 0.000000000000000000, 0.000000000000000000 ) ) ;
#1424 = DIRECTION ( 'NONE',  ( -0.000000000000000000, 1.000000000000000000, -0.000000000000000000 ) ) ;
#1425 = PLANE ( 'NONE',  #541 ) ;
#1426 = DIRECTION ( 'NONE',  ( 0.000000000000000000, -1.000000000000000000, 0.000000000000000000 ) ) ;
#1427 = CARTESIAN_POINT ( 'NONE',  ( 0.03799886642440698098, 0.3700000000000001066, 0.2900120750332832453 ) ) ;
#1428 = ADVANCED_FACE ( 'NONE', ( #3723 ), #2607, .T. ) ;
#1429 = VERTEX_POINT ( 'NONE', #1067 ) ;
#1430 = CARTESIAN_POINT ( 'NONE',  ( 0.06377407965663407785, 0.3700000000000000511, 0.3144456353298477613 ) ) ;
#1431 = DIRECTION ( 'NONE',  ( 0.000000000000000000, 0.000000000000000000, -1.000000000000000000 ) ) ;
#1432 = CARTESIAN_POINT ( 'NONE',  ( -0.03597869764961091066, 0.3700000000000001066, 0.3687981382979170775 ) ) ;
#1433 = COLOUR_RGB ( '',0.2980392156862745057, 0.2980392156862745057, 0.2980392156862745057 ) ;
#1434 = ORIENTED_EDGE ( 'NONE', *, *, #1336, .F. ) ;
#1435 = DIRECTION ( 'NONE',  ( 0.000000000000000000, -1.000000000000000000, 0.000000000000000000 ) ) ;
#1436 = CARTESIAN_POINT ( 'NONE',  ( -0.2500000000000000000, 0.08000000000000000167, 0.4000000000000000777 ) ) ;
#1437 = COLOUR_RGB ( '',0.8000000000000000444, 0.8117647058823529438, 0.8000000000000000444 ) ;
#1438 = CARTESIAN_POINT ( 'NONE',  ( 0.06500000000000002998, 0.3699999999999999956, -0.3666666666666666963 ) ) ;
#1439 = CARTESIAN_POINT ( 'NONE',  ( -0.02352860939797386808, 0.3689999999999998836, 0.2944056342487123556 ) ) ;
#1440 = ORIENTED_EDGE ( 'NONE', *, *, #83, .T. ) ;
#1441 = CARTESIAN_POINT ( 'NONE',  ( -0.03344018173027829555, 0.3690000000000000502, -0.09853305714733147369 ) ) ;
#1442 = DIRECTION ( 'NONE',  ( -0.000000000000000000, 1.000000000000000000, -0.000000000000000000 ) ) ;
#1443 = ORIENTED_EDGE ( 'NONE', *, *, #4389, .F. ) ;
#1444 = ORIENTED_EDGE ( 'NONE', *, *, #5113, .F. ) ;
#1445 = CARTESIAN_POINT ( 'NONE',  ( -0.02105944625020038027, 0.3690000000000000502, -0.1045706679137003853 ) ) ;
#1446 = SURFACE_STYLE_FILL_AREA ( #3095 ) ;
#1447 = EDGE_LOOP ( 'NONE', ( #4907, #2625, #825, #260 ) ) ;
#1448 = STYLED_ITEM ( 'NONE', ( #1458 ), #1118 ) ;
#1449 = DIRECTION ( 'NONE',  ( 0.000000000000000000, 0.000000000000000000, 1.000000000000000000 ) ) ;
#1450 = ORIENTED_EDGE ( 'NONE', *, *, #119, .T. ) ;
#1451 = DIRECTION ( 'NONE',  ( -1.000000000000000000, 0.000000000000000000, 0.000000000000000000 ) ) ;
#1452 = VECTOR ( 'NONE', #1942, 1000.000000000000000 ) ;
#1453 = PLANE ( 'NONE',  #3930 ) ;
#1454 = SURFACE_SIDE_STYLE ('',( #226 ) ) ;
#1455 = AXIS2_PLACEMENT_3D ( 'NONE', #3210, #4804, #4041 ) ;
#1456 = CARTESIAN_POINT ( 'NONE',  ( 0.04170463862025115126, 0.3690000000000000502, 0.2913351687069903329 ) ) ;
#1457 = EDGE_CURVE ( 'NONE', #53, #951, #4982, .T. ) ;
#1458 = PRESENTATION_STYLE_ASSIGNMENT (( #3810 ) ) ;
#1459 = CARTESIAN_POINT ( 'NONE',  ( -0.03962052154958429356, 0.3699999999999999956, 0.3216335920529586612 ) ) ;
#1460 = CARTESIAN_POINT ( 'NONE',  ( 0.06500000000000011324, 0.3689999999999999947, 0.1008333333333333165 ) ) ;
#1461 = CARTESIAN_POINT ( 'NONE',  ( -0.04333333333333326542, 0.3689999999999999947, 0.06166666666666665436 ) ) ;
#1462 =( GEOMETRIC_REPRESENTATION_CONTEXT ( 3 ) GLOBAL_UNCERTAINTY_ASSIGNED_CONTEXT ( ( #2476 ) ) GLOBAL_UNIT_ASSIGNED_CONTEXT ( ( #197, #4295, #754 ) ) REPRESENTATION_CONTEXT ( 'NONE', 'WORKASPACE' ) );
#1463 = CARTESIAN_POINT ( 'NONE',  ( 0.2500000000000001110, -0.02000000000000000042, 0.4200000000000000955 ) ) ;
#1464 = CARTESIAN_POINT ( 'NONE',  ( -0.04333333333333326542, 0.3699999999999999956, -0.06070312499999999667 ) ) ;
#1465 = SURFACE_STYLE_USAGE ( .BOTH. , #3006 ) ;
#1466 = ORIENTED_EDGE ( 'NONE', *, *, #1926, .F. ) ;
#1467 = SURFACE_STYLE_FILL_AREA ( #4311 ) ;
#1468 = CARTESIAN_POINT ( 'NONE',  ( -0.04333333333333322379, 0.3689999999999999947, 0.3307291666666667962 ) ) ;
#1469 = DIRECTION ( 'NONE',  ( 1.000000000000000000, 0.000000000000000000, 0.000000000000000000 ) ) ;
#1470 = VERTEX_POINT ( 'NONE', #3751 ) ;
#1471 = EDGE_LOOP ( 'NONE', ( #419, #1291, #4747, #3500 ) ) ;
#1472 = CARTESIAN_POINT ( 'NONE',  ( 0.06659544071540343668, 0.3699999999999998845, 0.3354756298531171854 ) ) ;
#1473 = VECTOR ( 'NONE', #4909, 1000.000000000000000 ) ;
#1474 = CARTESIAN_POINT ( 'NONE',  ( -0.04037617934793263225, 0.3690000000000000502, 0.2945433046673803790 ) ) ;
#1475 = CARTESIAN_POINT ( 'NONE',  ( -0.04208333333333327819, 0.3699999999999999956, -0.08330729166666665797 ) ) ;
#1476 = ORIENTED_EDGE ( 'NONE', *, *, #1514, .F. ) ;
#1477 = VERTEX_POINT ( 'NONE', #3808 ) ;
#1478 = VECTOR ( 'NONE', #4733, 1000.000000000000000 ) ;
#1479 = VECTOR ( 'NONE', #5008, 1000.000000000000000 ) ;
#1480 = CARTESIAN_POINT ( 'NONE',  ( -0.06499999999999994671, 0.3689999999999999947, -0.07101562499999999889 ) ) ;
#1481 = CARTESIAN_POINT ( 'NONE',  ( 0.06500000000000002998, 0.3699999999999999956, -0.2883333333333333859 ) ) ;
#1482 = DIRECTION ( 'NONE',  ( -0.000000000000000000, -0.000000000000000000, -1.000000000000000000 ) ) ;
#1483 = CARTESIAN_POINT ( 'NONE',  ( 0.04522473470823926839, 0.3699999999999998290, 0.2931046775497635481 ) ) ;
#1484 = DIRECTION ( 'NONE',  ( 0.8395445990741070563, 0.000000000000000000, -0.5432907749681534781 ) ) ;
#1485 = CARTESIAN_POINT ( 'NONE',  ( -0.05610653468684694001, 0.3690000000000000502, 0.3573596190532918326 ) ) ;
#1486 = FACE_OUTER_BOUND ( 'NONE', #2542, .T. ) ;
#1487 = CARTESIAN_POINT ( 'NONE',  ( -0.01911458333333330289, 0.3689999999999999947, -0.2883333333333333859 ) ) ;
#1488 = CARTESIAN_POINT ( 'NONE',  ( 0.04208333333333340309, 0.3699999999999999956, -0.08554687499999999445 ) ) ;
#1489 = CARTESIAN_POINT ( 'NONE',  ( -0.06500067511661315744, 0.3699999999999999956, -0.07231790579720688561 ) ) ;
#1490 = ORIENTED_EDGE ( 'NONE', *, *, #3004, .F. ) ;
#1491 =( NAMED_UNIT ( * ) PLANE_ANGLE_UNIT ( ) SI_UNIT ( $, .RADIAN. ) );
#1492 = LINE ( 'NONE', #314, #515 ) ;
#1493 = ORIENTED_EDGE ( 'NONE', *, *, #1768, .F. ) ;
#1494 = EDGE_CURVE ( 'NONE', #4738, #3097, #2110, .T. ) ;
#1495 = CARTESIAN_POINT ( 'NONE',  ( 0.04368283226255072205, 0.3690000000000000502, 0.3691784216843386202 ) ) ;
#1496 = CARTESIAN_POINT ( 'NONE',  ( -0.04314301995358471586, 0.3700000000000000511, 0.2955027672744015010 ) ) ;
#1497 = CARTESIAN_POINT ( 'NONE',  ( -0.1699999999999999845, -0.02000000000000000042, 0.2200000000000000011 ) ) ;
#1498 = EDGE_CURVE ( 'NONE', #1988, #315, #4533, .T. ) ;
#1499 = ORIENTED_EDGE ( 'NONE', *, *, #1881, .F. ) ;
#1500 = EDGE_CURVE ( 'NONE', #4762, #4469, #4227, .T. ) ;
#1501 = VERTEX_POINT ( 'NONE', #2991 ) ;
#1502 = CARTESIAN_POINT ( 'NONE',  ( 0.1000000000000001305, 0.08000000000000000167, 0.4200000000000000955 ) ) ;
#1503 = CARTESIAN_POINT ( 'NONE',  ( -0.06484931602138746531, 0.3689999999999998836, -0.07853392142727123881 ) ) ;
#1504 = PRESENTATION_LAYER_ASSIGNMENT (  '', '', ( #2411 ) ) ;
#1505 = VECTOR ( 'NONE', #214, 1000.000000000000000 ) ;
#1506 = CARTESIAN_POINT ( 'NONE',  ( 0.06601841639861344424, 0.3699999999999999956, 0.3225140547321990181 ) ) ;
#1507 = ADVANCED_FACE ( 'NONE', ( #224 ), #1772, .T. ) ;
#1508 = ORIENTED_EDGE ( 'NONE', *, *, #216, .F. ) ;
#1509 = CARTESIAN_POINT ( 'NONE',  ( -0.06499999999999990508, 0.3689999999999999947, 0.1350520833333333226 ) ) ;
#1510 = CARTESIAN_POINT ( 'NONE',  ( -0.06499999999999994671, 0.3689999999999999947, -0.07101562499999999889 ) ) ;
#1511 = CARTESIAN_POINT ( 'NONE',  ( 0.03471722819097894375, 0.3689999999999999947, 0.3152431410446122073 ) ) ;
#1512 = SURFACE_STYLE_FILL_AREA ( #4279 ) ;
#1513 = AXIS2_PLACEMENT_3D ( 'NONE', #898, #1435, #3063 ) ;
#1514 = EDGE_CURVE ( 'NONE', #3931, #1918, #2583, .T. ) ;
#1515 = B_SPLINE_SURFACE_WITH_KNOTS ( 'NONE', 3, 1, ( 
 ( #346, #3094 ),
 ( #2187, #4577 ),
 ( #3375, #1472 ),
 ( #4976, #1059 ),
 ( #3773, #646 ),
 ( #4267, #4686 ),
 ( #3429, #2218 ),
 ( #4242, #1893 ),
 ( #3016, #2655 ),
 ( #244, #1136 ),
 ( #700, #4221 ),
 ( #4663, #3823 ),
 ( #3848, #3480 ),
 ( #1495, #317 ),
 ( #4161, #618 ),
 ( #1797, #1869 ),
 ( #1109, #1419 ),
 ( #2629, #728 ),
 ( #675, #2242 ) ),
 .UNSPECIFIED., .F., .F., .F.,
 ( 4, 1, 1, 1, 1, 1, 1, 1, 1, 1, 1, 1, 1, 1, 1, 1, 4 ),
 ( 2, 2 ),
 ( 0.000000000000000000, 0.06734293245311177845, 0.1322773767660015698, 0.1951973100640888303, 0.2565744333002017985, 0.3172378204265177137, 0.3773096447467318981, 0.4378900824886052812, 0.4991073058286048525, 0.5604177389437160484, 0.6212214598078675820, 0.6816821941211543834, 0.7426413071140097744, 0.8044446462735517223, 0.8676443542486901306, 0.9324447802215926062, 1.000000000000000000 ),
 ( 0.000000000000000000, 1.000000000000000000 ),
 .UNSPECIFIED. ) ;
#1516 = SURFACE_STYLE_USAGE ( .BOTH. , #1887 ) ;
#1517 = CARTESIAN_POINT ( 'NONE',  ( 0.04218051616476141408, 0.3689999999999999947, 0.3400101133498403816 ) ) ;
#1518 = DIRECTION ( 'NONE',  ( 0.000000000000000000, 0.000000000000000000, -1.000000000000000000 ) ) ;
#1519 = CARTESIAN_POINT ( 'NONE',  ( -0.01283959091963736421, 0.3689999999999999392, 0.3006014330735561346 ) ) ;
#1520 = ORIENTED_EDGE ( 'NONE', *, *, #666, .F. ) ;
#1521 = CARTESIAN_POINT ( 'NONE',  ( -0.04178484245346580223, 0.3700000000000000511, -0.08454936675009351588 ) ) ;
#1522 = CARTESIAN_POINT ( 'NONE',  ( 0.006198638436479401471, 0.3700000000000000511, 0.2947540196924641198 ) ) ;
#1523 = ADVANCED_FACE ( 'NONE', ( #1011 ), #4898, .T. ) ;
#1524 = ORIENTED_EDGE ( 'NONE', *, *, #1120, .F. ) ;
#1525 = MECHANICAL_DESIGN_GEOMETRIC_PRESENTATION_REPRESENTATION (  '', ( #3658 ), #4750 ) ;
#1526 = CARTESIAN_POINT ( 'NONE',  ( 0.2500000000000001110, -0.02000000000000000042, 0.4200000000000000955 ) ) ;
#1527 =( LENGTH_UNIT ( ) NAMED_UNIT ( * ) SI_UNIT ( .MILLI., .METRE. ) );
#1528 = CARTESIAN_POINT ( 'NONE',  ( 0.01872395833333344306, 0.3689999999999999947, 0.1599999999999999756 ) ) ;
#1529 = EDGE_LOOP ( 'NONE', ( #1689, #140, #3337, #4975, #4105 ) ) ;
#1530 = ORIENTED_EDGE ( 'NONE', *, *, #3864, .F. ) ;
#1531 = CARTESIAN_POINT ( 'NONE',  ( 0.04496086915284308594, 0.3700000000000000511, 0.3289672677727487615 ) ) ;
#1532 = CARTESIAN_POINT ( 'NONE',  ( -0.06500067511661315744, 0.3699999999999999956, -0.07231790579720688561 ) ) ;
#1533 = ORIENTED_EDGE ( 'NONE', *, *, #4042, .F. ) ;
#1534 = CARTESIAN_POINT ( 'NONE',  ( 0.01020991814388966072, 0.3689999999999999947, 0.3176168744518738096 ) ) ;
#1535 = CARTESIAN_POINT ( 'NONE',  ( -0.02626526366540444732, 0.3690000000000000502, -0.1284529039038915244 ) ) ;
#1536 = CARTESIAN_POINT ( 'NONE',  ( 0.02884943319524418265, 0.3690000000000000502, 0.3136131489627970170 ) ) ;
#1537 = CARTESIAN_POINT ( 'NONE',  ( -0.06404938920276841141, 0.3699999999999999956, 0.3408553928873088723 ) ) ;
#1538 = CARTESIAN_POINT ( 'NONE',  ( 0.01286106921071533335, 0.3690000000000000502, 0.2908292154039540667 ) ) ;
#1539 = FILL_AREA_STYLE ('',( #2481 ) ) ;
#1540 = DIRECTION ( 'NONE',  ( 0.000000000000000000, 0.000000000000000000, 1.000000000000000000 ) ) ;
#1541 =( GEOMETRIC_REPRESENTATION_CONTEXT ( 3 ) GLOBAL_UNCERTAINTY_ASSIGNED_CONTEXT ( ( #164 ) ) GLOBAL_UNIT_ASSIGNED_CONTEXT ( ( #4379, #831, #1579 ) ) REPRESENTATION_CONTEXT ( 'NONE', 'WORKASPACE' ) );
#1542 = CARTESIAN_POINT ( 'NONE',  ( -0.04333333333333326542, 0.3689999999999999947, -0.2416666666666667240 ) ) ;
#1543 = ORIENTED_EDGE ( 'NONE', *, *, #4962, .F. ) ;
#1544 = CARTESIAN_POINT ( 'NONE',  ( -0.03982924704929340781, 0.3690000000000001057, -0.09035445292220918578 ) ) ;
#1545 = CARTESIAN_POINT ( 'NONE',  ( 0.01286106921071533335, 0.3700000000000000511, 0.2908292154039540667 ) ) ;
#1546 = ORIENTED_EDGE ( 'NONE', *, *, #2681, .T. ) ;
#1547 = AXIS2_PLACEMENT_3D ( 'NONE', #1938, #3523, #2019 ) ;
#1548 = CARTESIAN_POINT ( 'NONE',  ( -0.03982924704929340781, 0.3690000000000001057, -0.09035445292220918578 ) ) ;
#1549 = CARTESIAN_POINT ( 'NONE',  ( -0.03513545272014267917, 0.3689999999999999947, 0.3190670782382225013 ) ) ;
#1550 = EDGE_CURVE ( 'NONE', #2514, #4949, #4955, .T. ) ;
#1551 = CARTESIAN_POINT ( 'NONE',  ( -0.06499999999999997446, 0.3699999999999999956, -0.2633333333333333637 ) ) ;
#1552 = ORIENTED_EDGE ( 'NONE', *, *, #824, .F. ) ;
#1553 = ORIENTED_EDGE ( 'NONE', *, *, #4342, .T. ) ;
#1554 = UNCERTAINTY_MEASURE_WITH_UNIT (LENGTH_MEASURE( 1.000000000000000082E-05 ), #688, 'distance_accuracy_value', 'NONE');
#1555 = AXIS2_PLACEMENT_3D ( 'NONE', #1497, #2244, #4638 ) ;
#1556 = SURFACE_STYLE_USAGE ( .BOTH. , #5110 ) ;
#1557 =( NAMED_UNIT ( * ) PLANE_ANGLE_UNIT ( ) SI_UNIT ( $, .RADIAN. ) );
#1558 = PRESENTATION_LAYER_ASSIGNMENT (  '', '', ( #3698 ) ) ;
#1559 = COLOUR_RGB ( '',0.8000000000000000444, 0.8117647058823529438, 0.8000000000000000444 ) ;
#1560 = ORIENTED_EDGE ( 'NONE', *, *, #3621, .T. ) ;
#1561 = CARTESIAN_POINT ( 'NONE',  ( 0.03700766274138130724, 0.3690000000000000502, 0.3447715783898611663 ) ) ;
#1562 = CARTESIAN_POINT ( 'NONE',  ( -0.05787873351891388574, 0.3690000000000000502, -0.1061907185233905149 ) ) ;
#1563 = EDGE_CURVE ( 'NONE', #4839, #1580, #4167, .T. ) ;
#1564 = CARTESIAN_POINT ( 'NONE',  ( -0.01333333333333322837, 0.3689999999999999947, 0.3359895833333334525 ) ) ;
#1565 = CARTESIAN_POINT ( 'NONE',  ( 0.02666353118101932526, 0.3690000000000000502, 0.3133761518718857220 ) ) ;
#1566 = CARTESIAN_POINT ( 'NONE',  ( -0.05608797282150782687, 0.3699999999999999956, 0.3049724456702963549 ) ) ;
#1567 = ADVANCED_FACE ( 'NONE', ( #4118 ), #1909, .T. ) ;
#1568 = ADVANCED_FACE ( 'NONE', ( #2248 ), #423, .F. ) ;
#1569 = CARTESIAN_POINT ( 'NONE',  ( 0.03700766274138130724, 0.3690000000000000502, 0.3447715783898611663 ) ) ;
#1570 = SURFACE_SIDE_STYLE ('',( #4286 ) ) ;
#1571 = CARTESIAN_POINT ( 'NONE',  ( 0.1000000000000000749, -0.02000000000000000042, 0.2200000000000005285 ) ) ;
#1572 = ORIENTED_EDGE ( 'NONE', *, *, #3401, .F. ) ;
#1573 = CARTESIAN_POINT ( 'NONE',  ( -0.06052699781017204655, 0.3700000000000000511, -0.1010970902073867056 ) ) ;
#1574 = ORIENTED_EDGE ( 'NONE', *, *, #4149, .F. ) ;
#1575 = CARTESIAN_POINT ( 'NONE',  ( -0.04208333333333327819, 0.3689999999999999947, -0.08330729166666665797 ) ) ;
#1576 = CARTESIAN_POINT ( 'NONE',  ( -0.04960624765696462768, 0.3699999999999999956, 0.3631011358083739982 ) ) ;
#1577 = ORIENTED_EDGE ( 'NONE', *, *, #3664, .T. ) ;
#1578 = LINE ( 'NONE', #4347, #1234 ) ;
#1579 =( NAMED_UNIT ( * ) SI_UNIT ( $, .STERADIAN. ) SOLID_ANGLE_UNIT ( ) );
#1580 = VERTEX_POINT ( 'NONE', #3176 ) ;
#1581 = ORIENTED_EDGE ( 'NONE', *, *, #4149, .T. ) ;
#1582 = EDGE_CURVE ( 'NONE', #2034, #2606, #4788, .T. ) ;
#1583 = CARTESIAN_POINT ( 'NONE',  ( 0.06294136290630703012, 0.3700000000000000511, -0.09323386484245001216 ) ) ;
#1584 = VERTEX_POINT ( 'NONE', #1646 ) ;
#1585 = CARTESIAN_POINT ( 'NONE',  ( 0.02298184190047698749, 0.3689999999999999392, 0.3133862580444486401 ) ) ;
#1586 = CARTESIAN_POINT ( 'NONE',  ( -0.04986551638024205868, 0.3690000000000000502, -0.1158138318214106399 ) ) ;
#1587 = CARTESIAN_POINT ( 'NONE',  ( 0.02440104166666677912, 0.3689999999999999947, 0.3133333333333334081 ) ) ;
#1588 = CARTESIAN_POINT ( 'NONE',  ( -0.01166666666666660648, 0.3699999999999999956, 0.06166666666666665436 ) ) ;
#1589 = ADVANCED_FACE ( 'NONE', ( #2003 ), #2782, .T. ) ;
#1590 =( NAMED_UNIT ( * ) PLANE_ANGLE_UNIT ( ) SI_UNIT ( $, .RADIAN. ) );
#1591 = LINE ( 'NONE', #3166, #4351 ) ;
#1592 = FACE_OUTER_BOUND ( 'NONE', #2653, .T. ) ;
#1593 = DIRECTION ( 'NONE',  ( -1.000000000000000000, 0.000000000000000000, 0.000000000000000000 ) ) ;
#1594 = EDGE_LOOP ( 'NONE', ( #46, #350, #170, #1712, #158, #4543, #3396 ) ) ;
#1595 = CARTESIAN_POINT ( 'NONE',  ( 0.02890625000000007078, 0.3699999999999999956, -0.1277083333333333404 ) ) ;
#1596 = ORIENTED_EDGE ( 'NONE', *, *, #4717, .T. ) ;
#1597 = CARTESIAN_POINT ( 'NONE',  ( -0.04120392331541849334, 0.3689999999999999392, -0.08696667741357085035 ) ) ;
#1598 = CARTESIAN_POINT ( 'NONE',  ( 0.02890625000000007078, 0.3689999999999999947, -0.1277083333333333404 ) ) ;
#1599 = ORIENTED_EDGE ( 'NONE', *, *, #2631, .F. ) ;
#1600 = DIRECTION ( 'NONE',  ( 0.000000000000000000, 0.000000000000000000, 1.000000000000000000 ) ) ;
#1601 = CARTESIAN_POINT ( 'NONE',  ( -0.06499999999999990508, 0.3699999999999999956, 0.1849479166666666841 ) ) ;
#1602 = ORIENTED_EDGE ( 'NONE', *, *, #3384, .F. ) ;
#1603 = CARTESIAN_POINT ( 'NONE',  ( 0.06500000000000007161, 0.3699999999999999956, -0.1783333333333333715 ) ) ;
#1604 = VECTOR ( 'NONE', #4895, 1000.000000000000000 ) ;
#1605 = VERTEX_POINT ( 'NONE', #4764 ) ;
#1606 = LINE ( 'NONE', #3545, #3070 ) ;
#1607 = VECTOR ( 'NONE', #4007, 1000.000000000000000 ) ;
#1608 = CARTESIAN_POINT ( 'NONE',  ( -0.01027434286494669641, 0.3699999999999999400, -0.1063048057163842319 ) ) ;
#1609 = EDGE_LOOP ( 'NONE', ( #2326, #4100, #4245, #1227 ) ) ;
#1610 = CARTESIAN_POINT ( 'NONE',  ( 0.04218051616476141408, 0.3689999999999999947, 0.3400101133498403816 ) ) ;
#1611 = CARTESIAN_POINT ( 'NONE',  ( 0.05520282263203973860, 0.3699999999999999956, -0.1102057124227997648 ) ) ;
#1612 = CARTESIAN_POINT ( 'NONE',  ( -0.03049439250639076823, 0.3699999999999998845, -0.1271439302165555951 ) ) ;
#1613 = DIRECTION ( 'NONE',  ( 0.000000000000000000, 0.000000000000000000, -1.000000000000000000 ) ) ;
#1614 = ADVANCED_FACE ( 'NONE', ( #4012 ), #468, .F. ) ;
#1615 = CARTESIAN_POINT ( 'NONE',  ( -0.01332139853923039116, 0.3699999999999999400, 0.3352948409867526069 ) ) ;
#1616 = DIRECTION ( 'NONE',  ( 1.000000000000000000, 0.000000000000000000, 0.000000000000000000 ) ) ;
#1617 = LINE ( 'NONE', #1912, #2516 ) ;
#1618 = CARTESIAN_POINT ( 'NONE',  ( 0.04284735290385467688, 0.3689999999999998281, -0.08074828627606375764 ) ) ;
#1619 = CARTESIAN_POINT ( 'NONE',  ( -0.05926666922012708422, 0.3699999999999999400, -0.1036840253034258530 ) ) ;
#1620 = STYLED_ITEM ( 'NONE', ( #2051 ), #4071 ) ;
#1621 = DIRECTION ( 'NONE',  ( 1.000000000000000000, 0.000000000000000000, 0.000000000000000000 ) ) ;
#1622 = CARTESIAN_POINT ( 'NONE',  ( 0.006848958333333444656, 0.3699999999999999956, 0.3383333333333334303 ) ) ;
#1623 = CARTESIAN_POINT ( 'NONE',  ( -0.06278223698246623852, 0.3699999999999999400, 0.3454841235100719610 ) ) ;
#1624 = ORIENTED_EDGE ( 'NONE', *, *, #5113, .T. ) ;
#1625 = CARTESIAN_POINT ( 'NONE',  ( 0.008829975067409052622, 0.3690000000000000502, -0.1315607317146691990 ) ) ;
#1626 = DIRECTION ( 'NONE',  ( -7.529181753371580893E-17, 0.000000000000000000, 1.000000000000000000 ) ) ;
#1627 = ORIENTED_EDGE ( 'NONE', *, *, #3455, .T. ) ;
#1628 = ADVANCED_FACE ( 'NONE', ( #2546 ), #3266, .T. ) ;
#1629 = ORIENTED_EDGE ( 'NONE', *, *, #4962, .T. ) ;
#1630 = EDGE_LOOP ( 'NONE', ( #3295, #3876, #3622, #2927 ) ) ;
#1631 = CARTESIAN_POINT ( 'NONE',  ( 0.1700000000000000677, -0.02000000000000000042, 0.1499999999999999944 ) ) ;
#1632 = VECTOR ( 'NONE', #2915, 1000.000000000000000 ) ;
#1633 = ORIENTED_EDGE ( 'NONE', *, *, #1861, .F. ) ;
#1634 = PLANE ( 'NONE',  #1455 ) ;
#1635 = CARTESIAN_POINT ( 'NONE',  ( -0.02286645909909120269, 0.3690000000000000502, -0.1293124895319923973 ) ) ;
#1636 = PRESENTATION_LAYER_ASSIGNMENT (  '', '', ( #4786 ) ) ;
#1637 = CARTESIAN_POINT ( 'NONE',  ( 0.04500000000000011630, 0.3689999999999999947, 0.3307552083333334392 ) ) ;
#1638 = CARTESIAN_POINT ( 'NONE',  ( -0.04842171785802231593, 0.3689999999999999392, 0.2983139364196660259 ) ) ;
#1639 = EDGE_CURVE ( 'NONE', #192, #570, #209, .T. ) ;
#1640 = CARTESIAN_POINT ( 'NONE',  ( 0.03848625811899276938, 0.3690000000000000502, -0.09432379406609266159 ) ) ;
#1641 = CARTESIAN_POINT ( 'NONE',  ( 0.1700000000000000677, 0.000000000000000000, 0.2199999999999999734 ) ) ;
#1642 = AXIS2_PLACEMENT_3D ( 'NONE', #2276, #1978, #3221 ) ;
#1643 = DIRECTION ( 'NONE',  ( -0.000000000000000000, 0.000000000000000000, -1.000000000000000000 ) ) ;
#1644 = CARTESIAN_POINT ( 'NONE',  ( 0.04453464988485197895, 0.3700000000000000511, -0.1200632822103066960 ) ) ;
#1645 = CARTESIAN_POINT ( 'NONE',  ( -0.02352860939797386808, 0.3699999999999998845, 0.2944056342487123556 ) ) ;
#1646 = CARTESIAN_POINT ( 'NONE',  ( 0.1799999999999994382, 0.000000000000000000, 0.1499999999999999944 ) ) ;
#1647 = CARTESIAN_POINT ( 'NONE',  ( 0.02945552478221799206, 0.3700000000000000511, 0.3477082308994732252 ) ) ;
#1648 = VERTEX_POINT ( 'NONE', #920 ) ;
#1649 = CARTESIAN_POINT ( 'NONE',  ( 0.000000000000000000, 0.000000000000000000, 0.4200000000000000955 ) ) ;
#1650 = ORIENTED_EDGE ( 'NONE', *, *, #2485, .F. ) ;
#1651 = ADVANCED_FACE ( 'NONE', ( #2445 ), #3339, .T. ) ;
#1652 = CARTESIAN_POINT ( 'NONE',  ( -0.1000000000000000056, -0.02000000000000000042, 0.2200000000000005285 ) ) ;
#1653 = ADVANCED_FACE ( 'NONE', ( #1361 ), #1759, .F. ) ;
#1654 = CARTESIAN_POINT ( 'NONE',  ( 0.05296412186147161916, 0.3699999999999999956, -0.1126601092552779737 ) ) ;
#1655 = DIRECTION ( 'NONE',  ( -1.000000000000000000, 0.000000000000000000, 0.000000000000000000 ) ) ;
#1656 = AXIS2_PLACEMENT_3D ( 'NONE', #4432, #3722, #222 ) ;
#1657 = CARTESIAN_POINT ( 'NONE',  ( 0.03799886642440698098, 0.3690000000000001057, 0.2900120750332832453 ) ) ;
#1658 = EDGE_CURVE ( 'NONE', #2984, #1823, #4406, .T. ) ;
#1659 = CARTESIAN_POINT ( 'NONE',  ( -0.01975041428798698928, 0.3699999999999999956, 0.2958859522691255628 ) ) ;
#1660 = CARTESIAN_POINT ( 'NONE',  ( -0.06499999999999997446, 0.3699999999999999956, -0.2894531249999999778 ) ) ;
#1661 = CARTESIAN_POINT ( 'NONE',  ( 0.01051797891855338687, 0.3699999999999999400, 0.2919122341039711022 ) ) ;
#1662 = EDGE_CURVE ( 'NONE', #1470, #4999, #558, .T. ) ;
#1663 = DIRECTION ( 'NONE',  ( 0.000000000000000000, 0.000000000000000000, -1.000000000000000000 ) ) ;
#1664 = CARTESIAN_POINT ( 'NONE',  ( 0.01644775568139921970, 0.3690000000000001057, 0.3143000537712079545 ) ) ;
#1665 = CARTESIAN_POINT ( 'NONE',  ( -0.04333333333333326542, 0.3689999999999999947, -0.04833333333333332538 ) ) ;
#1666 = ORIENTED_EDGE ( 'NONE', *, *, #2934, .F. ) ;
#1667 = FACE_OUTER_BOUND ( 'NONE', #1447, .T. ) ;
#1668 = CARTESIAN_POINT ( 'NONE',  ( -0.06252604166666660135, 0.3689999999999999947, -0.09562499999999998779 ) ) ;
#1669 = EDGE_CURVE ( 'NONE', #315, #1338, #1335, .T. ) ;
#1670 = VERTEX_POINT ( 'NONE', #2150 ) ;
#1671 = CARTESIAN_POINT ( 'NONE',  ( -0.03982924704929340781, 0.3700000000000001066, -0.09035445292220918578 ) ) ;
#1672 = VECTOR ( 'NONE', #2469, 1000.000000000000000 ) ;
#1673 = PLANE ( 'NONE',  #4980 ) ;
#1674 = CARTESIAN_POINT ( 'NONE',  ( -0.04327196347849796010, 0.3700000000000001066, -0.06831677812292338836 ) ) ;
#1675 = CARTESIAN_POINT ( 'NONE',  ( -0.06499999999999994671, 0.3689999999999999947, 0.08666666666666666963 ) ) ;
#1676 = SURFACE_SIDE_STYLE ('',( #2085 ) ) ;
#1677 = CARTESIAN_POINT ( 'NONE',  ( 0.05790550066674913371, 0.3689999999999999392, -0.1058228750524965317 ) ) ;
#1678 = CARTESIAN_POINT ( 'NONE',  ( 0.007172155359751646378, 0.3689999999999999392, -0.1064996881272938511 ) ) ;
#1679 = DIRECTION ( 'NONE',  ( -1.000000000000000000, -0.000000000000000000, -0.000000000000000000 ) ) ;
#1680 = CARTESIAN_POINT ( 'NONE',  ( -0.04321405134225404093, 0.3690000000000001057, 0.3280968294374833616 ) ) ;
#1681 = PRESENTATION_LAYER_ASSIGNMENT (  '', '', ( #1286 ) ) ;
#1682 = CARTESIAN_POINT ( 'NONE',  ( -0.1799999999999994382, -0.02000000000000000042, 0.1500000000000000222 ) ) ;
#1683 = CARTESIAN_POINT ( 'NONE',  ( -0.06499999999999997446, 0.3689999999999999947, -0.2633333333333333637 ) ) ;
#1684 = ORIENTED_EDGE ( 'NONE', *, *, #2460, .F. ) ;
#1685 = LINE ( 'NONE', #186, #2039 ) ;
#1686 = VECTOR ( 'NONE', #4458, 1000.000000000000000 ) ;
#1687 = LINE ( 'NONE', #3318, #5108 ) ;
#1688 = CARTESIAN_POINT ( 'NONE',  ( 0.06500000000000011324, 0.3699999999999999956, 0.1899479166666666607 ) ) ;
#1689 = ORIENTED_EDGE ( 'NONE', *, *, #3009, .F. ) ;
#1690 = UNCERTAINTY_MEASURE_WITH_UNIT (LENGTH_MEASURE( 1.000000000000000082E-05 ), #4966, 'distance_accuracy_value', 'NONE');
#1691 = EDGE_CURVE ( 'NONE', #4321, #3734, #4519, .T. ) ;
#1692 = VECTOR ( 'NONE', #2449, 1000.000000000000114 ) ;
#1693 = DIRECTION ( 'NONE',  ( -0.000000000000000000, 1.000000000000000000, -0.000000000000000000 ) ) ;
#1694 = DIRECTION ( 'NONE',  ( -0.000000000000000000, 0.000000000000000000, -1.000000000000000000 ) ) ;
#1695 = DIRECTION ( 'NONE',  ( 1.000000000000000000, 0.000000000000000000, 0.000000000000000000 ) ) ;
#1696 = CARTESIAN_POINT ( 'NONE',  ( -0.1999999999999999556, 0.000000000000000000, -0.3000000000000000444 ) ) ;
#1697 = CARTESIAN_POINT ( 'NONE',  ( 0.06666666666666677676, 0.3689999999999999947, 0.3312760416666667984 ) ) ;
#1698 = ADVANCED_FACE ( 'NONE', ( #1076 ), #3762, .T. ) ;
#1699 = VECTOR ( 'NONE', #4305, 1000.000000000000000 ) ;
#1700 = CARTESIAN_POINT ( 'NONE',  ( 0.06068972507647002468, 0.3690000000000001057, 0.3540206504639564211 ) ) ;
#1701 = MECHANICAL_DESIGN_GEOMETRIC_PRESENTATION_REPRESENTATION (  '', ( #1066 ), #246 ) ;
#1702 = LINE ( 'NONE', #1660, #4702 ) ;
#1703 = CARTESIAN_POINT ( 'NONE',  ( 0.06666666666666677676, 0.3689999999999999947, 0.3312760416666667984 ) ) ;
#1704 = EDGE_CURVE ( 'NONE', #3299, #4974, #2569, .T. ) ;
#1705 = CARTESIAN_POINT ( 'NONE',  ( -0.06499999999999990508, 0.3689999999999999947, 0.1849479166666666841 ) ) ;
#1706 = PRODUCT_RELATED_PRODUCT_CATEGORY ( 'part', '', ( #3228 ) ) ;
#1707 = ORIENTED_EDGE ( 'NONE', *, *, #442, .F. ) ;
#1708 = VECTOR ( 'NONE', #3614, 1000.000000000000000 ) ;
#1709 = AXIS2_PLACEMENT_3D ( 'NONE', #1682, #3293, #1289 ) ;
#1710 = DIRECTION ( 'NONE',  ( -0.000000000000000000, -1.000000000000000000, -0.000000000000000000 ) ) ;
#1711 = DIRECTION ( 'NONE',  ( 0.000000000000000000, 0.000000000000000000, -1.000000000000000000 ) ) ;
#1712 = ORIENTED_EDGE ( 'NONE', *, *, #3172, .F. ) ;
#1713 = CARTESIAN_POINT ( 'NONE',  ( 0.008333333333333445975, 0.3699999999999999956, 0.2216666666666668173 ) ) ;
#1714 = LINE ( 'NONE', #3687, #78 ) ;
#1715 = CARTESIAN_POINT ( 'NONE',  ( 0.2000000000000000111, -0.02000000000000000042, -0.04999999999999998890 ) ) ;
#1716 = ORIENTED_EDGE ( 'NONE', *, *, #2535, .F. ) ;
#1717 = AXIS2_PLACEMENT_3D ( 'NONE', #2016, #3627, #54 ) ;
#1718 = ORIENTED_EDGE ( 'NONE', *, *, #3102, .F. ) ;
#1719 = DIRECTION ( 'NONE',  ( -0.000000000000000000, 1.000000000000000000, -0.000000000000000000 ) ) ;
#1720 = ORIENTED_EDGE ( 'NONE', *, *, #3320, .T. ) ;
#1721 = ADVANCED_FACE ( 'NONE', ( #3474 ), #5081, .T. ) ;
#1722 = CARTESIAN_POINT ( 'NONE',  ( 0.06500000000000007161, 0.3689999999999999947, 0.08666666666666666963 ) ) ;
#1723 = CARTESIAN_POINT ( 'NONE',  ( 0.06500000000000002998, 0.3689999999999999947, -0.2883333333333333859 ) ) ;
#1724 = DIRECTION ( 'NONE',  ( 0.000000000000000000, -1.000000000000000000, 0.000000000000000000 ) ) ;
#1725 = FILL_AREA_STYLE ('',( #1326 ) ) ;
#1726 = CARTESIAN_POINT ( 'NONE',  ( 0.05182208141154776015, 0.3689999999999999392, 0.2977409579519693095 ) ) ;
#1727 = DIRECTION ( 'NONE',  ( 1.000000000000000000, 0.000000000000000000, 0.000000000000000000 ) ) ;
#1728 = CARTESIAN_POINT ( 'NONE',  ( 0.1000000000000001305, 0.08000000000000000167, 0.4200000000000000955 ) ) ;
#1729 = CARTESIAN_POINT ( 'NONE',  ( 0.04218207947010995523, 0.3700000000000000511, -0.08508747354733620094 ) ) ;
#1730 = CARTESIAN_POINT ( 'NONE',  ( -0.004140205328592790231, 0.3689999999999999947, 0.3111496301113768070 ) ) ;
#1731 = EDGE_CURVE ( 'NONE', #982, #856, #2209, .T. ) ;
#1732 = ORIENTED_EDGE ( 'NONE', *, *, #66, .F. ) ;
#1733 = DIRECTION ( 'NONE',  ( -0.1483404529302447261, 0.000000000000000000, 0.9889363528682975080 ) ) ;
#1734 = SURFACE_SIDE_STYLE ('',( #900 ) ) ;
#1735 = ORIENTED_EDGE ( 'NONE', *, *, #3159, .T. ) ;
#1736 = CARTESIAN_POINT ( 'NONE',  ( 0.008333333333333445975, 0.3689999999999999947, 0.2700000000000001288 ) ) ;
#1737 = CARTESIAN_POINT ( 'NONE',  ( -0.01789268113158321016, 0.3689999999999999392, 0.3224541018868541942 ) ) ;
#1738 = ORIENTED_EDGE ( 'NONE', *, *, #3384, .T. ) ;
#1739 = UNCERTAINTY_MEASURE_WITH_UNIT (LENGTH_MEASURE( 1.000000000000000082E-05 ), #4654, 'distance_accuracy_value', 'NONE');
#1740 = VERTEX_POINT ( 'NONE', #1438 ) ;
#1741 = VECTOR ( 'NONE', #1469, 1000.000000000000000 ) ;
#1742 = EDGE_LOOP ( 'NONE', ( #4451, #5107, #555, #1799 ) ) ;
#1743 = CARTESIAN_POINT ( 'NONE',  ( -0.1000000000000000194, -0.02000000000000000042, 0.4200000000000000955 ) ) ;
#1744 = LINE ( 'NONE', #4140, #796 ) ;
#1745 = PLANE ( 'NONE',  #4841 ) ;
#1746 = FILL_AREA_STYLE ('',( #2967 ) ) ;
#1747 = CARTESIAN_POINT ( 'NONE',  ( -0.05330729166666656194, 0.3699999999999999956, 0.3022395833333334503 ) ) ;
#1748 = CARTESIAN_POINT ( 'NONE',  ( 0.02509502413357500225, 0.3699999999999999956, 0.2883562915389701886 ) ) ;
#1749 = VECTOR ( 'NONE', #1719, 1000.000000000000000 ) ;
#1750 = CARTESIAN_POINT ( 'NONE',  ( -0.06499999999999994671, 0.3689999999999999947, -0.2416666666666667240 ) ) ;
#1751 = ADVANCED_FACE ( 'NONE', ( #4235 ), #4992, .F. ) ;
#1752 = CARTESIAN_POINT ( 'NONE',  ( 0.04860885056700424423, 0.3699999999999999956, 0.2952204562143254107 ) ) ;
#1753 = VECTOR ( 'NONE', #821, 1000.000000000000000 ) ;
#1754 = LINE ( 'NONE', #484, #5002 ) ;
#1755 = CARTESIAN_POINT ( 'NONE',  ( -0.03755089955468122326, 0.3690000000000001057, 0.3201487933911080774 ) ) ;
#1756 = EDGE_LOOP ( 'NONE', ( #941, #154, #2133, #4893, #265, #3178, #1108, #2759, #5003, #297 ) ) ;
#1757 =( NAMED_UNIT ( * ) PLANE_ANGLE_UNIT ( ) SI_UNIT ( $, .RADIAN. ) );
#1758 = FACE_OUTER_BOUND ( 'NONE', #4187, .T. ) ;
#1759 = PLANE ( 'NONE',  #1709 ) ;
#1760 =( LENGTH_UNIT ( ) NAMED_UNIT ( * ) SI_UNIT ( .MILLI., .METRE. ) );
#1761 = ORIENTED_EDGE ( 'NONE', *, *, #3322, .F. ) ;
#1762 = CARTESIAN_POINT ( 'NONE',  ( -0.02603070253410586996, 0.3690000000000000502, 0.3184917625749557057 ) ) ;
#1763 = CARTESIAN_POINT ( 'NONE',  ( 0.04333333333333340420, 0.3689999999999999947, -0.06890624999999998834 ) ) ;
#1764 = LINE ( 'NONE', #1688, #4064 ) ;
#1765 = ORIENTED_EDGE ( 'NONE', *, *, #942, .F. ) ;
#1766 = ORIENTED_EDGE ( 'NONE', *, *, #1327, .F. ) ;
#1767 = CARTESIAN_POINT ( 'NONE',  ( -0.02666666666666656776, 0.3700000000000000511, 0.3450000000000001954 ) ) ;
#1768 = EDGE_CURVE ( 'NONE', #4791, #1988, #769, .T. ) ;
#1769 = ORIENTED_EDGE ( 'NONE', *, *, #600, .F. ) ;
#1770 = ADVANCED_FACE ( 'NONE', ( #3922 ), #1179, .T. ) ;
#1771 = PLANE ( 'NONE',  #3425 ) ;
#1772 = PLANE ( 'NONE',  #4795 ) ;
#1773 = COLOUR_RGB ( '',0.8000000000000000444, 0.8117647058823529438, 0.8000000000000000444 ) ;
#1774 = CARTESIAN_POINT ( 'NONE',  ( 0.06500000000000002998, 0.3689999999999999947, -0.3666666666666666963 ) ) ;
#1775 = SURFACE_SIDE_STYLE ('',( #274 ) ) ;
#1776 = CARTESIAN_POINT ( 'NONE',  ( 0.06377407965663407785, 0.3700000000000000511, 0.3144456353298477613 ) ) ;
#1777 = VECTOR ( 'NONE', #3699, 1000.000000000000000 ) ;
#1778 = LINE ( 'NONE', #2169, #788 ) ;
#1779 = DIRECTION ( 'NONE',  ( -0.000000000000000000, 1.000000000000000000, -0.000000000000000000 ) ) ;
#1780 = LINE ( 'NONE', #4564, #4694 ) ;
#1781 = DIRECTION ( 'NONE',  ( -0.000000000000000000, 1.000000000000000000, -0.000000000000000000 ) ) ;
#1782 = ORIENTED_EDGE ( 'NONE', *, *, #2659, .T. ) ;
#1783 = EDGE_CURVE ( 'NONE', #1949, #3093, #4365, .T. ) ;
#1784 = MECHANICAL_DESIGN_GEOMETRIC_PRESENTATION_REPRESENTATION (  '', ( #3345 ), #967 ) ;
#1785 = CARTESIAN_POINT ( 'NONE',  ( 0.005018473297221067927, 0.3700000000000000511, 0.3291334045544008213 ) ) ;
#1786 = PRESENTATION_STYLE_ASSIGNMENT (( #4150 ) ) ;
#1787 = CARTESIAN_POINT ( 'NONE',  ( 0.03439221245209590772, 0.3700000000000001066, -0.09893864290524549687 ) ) ;
#1788 = CARTESIAN_POINT ( 'NONE',  ( 0.02604166666666677885, 0.3689999999999999947, 0.2883333333333334969 ) ) ;
#1789 = EDGE_LOOP ( 'NONE', ( #905, #4547, #2856, #2235 ) ) ;
#1790 = DIRECTION ( 'NONE',  ( 1.000000000000000000, 0.000000000000000000, 0.000000000000000000 ) ) ;
#1791 = DIRECTION ( 'NONE',  ( 0.000000000000000000, 0.000000000000000000, 1.000000000000000000 ) ) ;
#1792 = AXIS2_PLACEMENT_3D ( 'NONE', #3383, #2225, #1805 ) ;
#1793 = LINE ( 'NONE', #3319, #3729 ) ;
#1794 = ORIENTED_EDGE ( 'NONE', *, *, #1336, .T. ) ;
#1795 = COLOUR_RGB ( '',0.8000000000000000444, 0.8117647058823529438, 0.8000000000000000444 ) ;
#1796 = VERTEX_POINT ( 'NONE', #4394 ) ;
#1797 = CARTESIAN_POINT ( 'NONE',  ( 0.03625624277163840697, 0.3689999999999999947, 0.3718767571505634528 ) ) ;
#1798 = DIRECTION ( 'NONE',  ( -0.000000000000000000, 1.000000000000000000, -0.000000000000000000 ) ) ;
#1799 = ORIENTED_EDGE ( 'NONE', *, *, #3969, .T. ) ;
#1800 = EDGE_CURVE ( 'NONE', #4662, #982, #3356, .T. ) ;
#1801 = EDGE_CURVE ( 'NONE', #474, #2780, #2393, .T. ) ;
#1802 = DIRECTION ( 'NONE',  ( -0.000000000000000000, 0.000000000000000000, 1.000000000000000000 ) ) ;
#1803 = LINE ( 'NONE', #1373, #2846 ) ;
#1804 = CARTESIAN_POINT ( 'NONE',  ( 0.03000000000000011338, 0.3699999999999999956, 0.2700000000000001288 ) ) ;
#1805 = DIRECTION ( 'NONE',  ( 0.000000000000000000, -0.000000000000000000, 1.000000000000000000 ) ) ;
#1806 = DIRECTION ( 'NONE',  ( -0.000000000000000000, 1.000000000000000000, -0.000000000000000000 ) ) ;
#1807 = LINE ( 'NONE', #3388, #3624 ) ;
#1808 = ADVANCED_FACE ( 'NONE', ( #844 ), #2418, .T. ) ;
#1809 = CARTESIAN_POINT ( 'NONE',  ( -0.04333333333333326542, 0.3699999999999999956, -0.2416666666666667240 ) ) ;
#1810 = VERTEX_POINT ( 'NONE', #62 ) ;
#1811 =( NAMED_UNIT ( * ) SI_UNIT ( $, .STERADIAN. ) SOLID_ANGLE_UNIT ( ) );
#1812 = FILL_AREA_STYLE_COLOUR ( '', #1879 ) ;
#1813 = EDGE_CURVE ( 'NONE', #3045, #1338, #3498, .T. ) ;
#1814 =( NAMED_UNIT ( * ) PLANE_ANGLE_UNIT ( ) SI_UNIT ( $, .RADIAN. ) );
#1815 = VERTEX_POINT ( 'NONE', #4335 ) ;
#1816 = FILL_AREA_STYLE_COLOUR ( '', #1773 ) ;
#1817 = CARTESIAN_POINT ( 'NONE',  ( 0.06500000000000007161, 0.3699999999999999956, 0.06166666666666665436 ) ) ;
#1818 = B_SPLINE_CURVE_WITH_KNOTS ( 'NONE', 3,
 ( #4376, #1219, #828, #1549, #4317, #3537, #4790, #3123, #3617, #775, #396 ),
 .UNSPECIFIED., .F., .F.,
 ( 4, 1, 1, 1, 1, 1, 1, 1, 4 ),
 ( 0.000000000000000000, 0.1433141648445022120, 0.2747945479033216953, 0.3988786765126384748, 0.5199875801737612324, 0.6370669278212894859, 0.7522631955628055200, 0.8714619168597947940, 1.000000000000000000 ),
 .UNSPECIFIED. ) ;
#1819 = ORIENTED_EDGE ( 'NONE', *, *, #3315, .F. ) ;
#1820 = EDGE_LOOP ( 'NONE', ( #1133, #4911, #2658, #135, #1148, #1596, #3148, #3821, #3547, #2503 ) ) ;
#1821 = CARTESIAN_POINT ( 'NONE',  ( -0.001180695683830936373, 0.3689999999999999947, -0.1066555949037081286 ) ) ;
#1822 = EDGE_CURVE ( 'NONE', #315, #3421, #1972, .T. ) ;
#1823 = VERTEX_POINT ( 'NONE', #2311 ) ;
#1824 = ORIENTED_EDGE ( 'NONE', *, *, #3581, .T. ) ;
#1825 = DIRECTION ( 'NONE',  ( 0.8533589514342735383, 0.000000000000000000, -0.5213237957421443802 ) ) ;
#1826 = DIRECTION ( 'NONE',  ( -1.000000000000000000, 0.000000000000000000, 0.000000000000000000 ) ) ;
#1827 = CARTESIAN_POINT ( 'NONE',  ( -0.06500198972548190679, 0.3689999999999999947, -0.07485374901613138510 ) ) ;
#1828 = B_SPLINE_CURVE_WITH_KNOTS ( 'NONE', 3,
 ( #4921, #4088, #2887, #545, #2909, #3750, #2080 ),
 .UNSPECIFIED., .F., .F.,
 ( 4, 1, 1, 1, 4 ),
 ( 0.000000000000000000, 0.2136313786717150831, 0.4528759807056859099, 0.7136025858132629685, 0.9999999999999998890 ),
 .UNSPECIFIED. ) ;
#1829 = CARTESIAN_POINT ( 'NONE',  ( 0.02046875000000002512, 0.3699999999999999956, -0.3416666666666666741 ) ) ;
#1830 = ORIENTED_EDGE ( 'NONE', *, *, #2586, .F. ) ;
#1831 = CARTESIAN_POINT ( 'NONE',  ( -0.04233626619871018459, 0.3700000000000000511, 0.3359372902572297370 ) ) ;
#1832 = FACE_OUTER_BOUND ( 'NONE', #705, .T. ) ;
#1833 = CARTESIAN_POINT ( 'NONE',  ( -0.003854166666666559212, 0.3689999999999999947, 0.1453906250000000233 ) ) ;
#1834 = CARTESIAN_POINT ( 'NONE',  ( -0.03597869764961091066, 0.3690000000000001057, 0.3687981382979170775 ) ) ;
#1835 = CARTESIAN_POINT ( 'NONE',  ( 0.006026055743050165447, 0.3699999999999998845, 0.3356403664350229299 ) ) ;
#1836 =( GEOMETRIC_REPRESENTATION_CONTEXT ( 3 ) GLOBAL_UNCERTAINTY_ASSIGNED_CONTEXT ( ( #1396 ) ) GLOBAL_UNIT_ASSIGNED_CONTEXT ( ( #2893, #3236, #4830 ) ) REPRESENTATION_CONTEXT ( 'NONE', 'WORKASPACE' ) );
#1837 = CARTESIAN_POINT ( 'NONE',  ( -0.04304501698004660482, 0.3690000000000000502, -0.07466378026909391286 ) ) ;
#1838 = CARTESIAN_POINT ( 'NONE',  ( 0.1700000000000000677, -0.02000000000000000042, 0.2199999999999999734 ) ) ;
#1839 = ORIENTED_EDGE ( 'NONE', *, *, #3091, .F. ) ;
#1840 = SURFACE_STYLE_USAGE ( .BOTH. , #5076 ) ;
#1841 = DIRECTION ( 'NONE',  ( 1.000000000000000000, 0.000000000000000000, 0.000000000000000000 ) ) ;
#1842 = VERTEX_POINT ( 'NONE', #360 ) ;
#1843 = VERTEX_POINT ( 'NONE', #464 ) ;
#1844 = FACE_OUTER_BOUND ( 'NONE', #2652, .T. ) ;
#1845 = CARTESIAN_POINT ( 'NONE',  ( -0.06455230475934940759, 0.3689999999999999947, -0.08340739590712174800 ) ) ;
#1846 = ORIENTED_EDGE ( 'NONE', *, *, #2954, .F. ) ;
#1847 = ORIENTED_EDGE ( 'NONE', *, *, #1074, .F. ) ;
#1848 = EDGE_CURVE ( 'NONE', #3853, #2903, #38, .T. ) ;
#1849 = FACE_OUTER_BOUND ( 'NONE', #1789, .T. ) ;
#1850 =( GEOMETRIC_REPRESENTATION_CONTEXT ( 3 ) GLOBAL_UNCERTAINTY_ASSIGNED_CONTEXT ( ( #1690 ) ) GLOBAL_UNIT_ASSIGNED_CONTEXT ( ( #4966, #2976, #1811 ) ) REPRESENTATION_CONTEXT ( 'NONE', 'WORKASPACE' ) );
#1851 = CARTESIAN_POINT ( 'NONE',  ( -0.1799999999999999656, -0.02000000000000000042, 0.2200000000000000289 ) ) ;
#1852 = CARTESIAN_POINT ( 'NONE',  ( 0.02604166666666677885, 0.3689999999999999947, 0.2883333333333334969 ) ) ;
#1853 = ADVANCED_FACE ( 'NONE', ( #1592 ), #3978, .T. ) ;
#1854 = CARTESIAN_POINT ( 'NONE',  ( -0.02794889214850617906, 0.3700000000000000511, 0.3448241359629350411 ) ) ;
#1855 = CARTESIAN_POINT ( 'NONE',  ( -0.06499999999999990508, 0.3689999999999999947, 0.1849479166666666841 ) ) ;
#1856 = CARTESIAN_POINT ( 'NONE',  ( 0.04498687256020960507, 0.3689999999999999947, 0.3301553981129232151 ) ) ;
#1857 = CARTESIAN_POINT ( 'NONE',  ( -0.06098524368489345593, 0.3689999999999999947, 0.3498160584900822379 ) ) ;
#1858 = STYLED_ITEM ( 'NONE', ( #4925 ), #4038 ) ;
#1859 = EDGE_CURVE ( 'NONE', #3570, #2930, #3262, .T. ) ;
#1860 = LINE ( 'NONE', #3447, #199 ) ;
#1861 = EDGE_CURVE ( 'NONE', #833, #755, #87, .T. ) ;
#1862 = CARTESIAN_POINT ( 'NONE',  ( -0.04265988163968573860, 0.3699999999999999956, -0.07962300397750532444 ) ) ;
#1863 = DIRECTION ( 'NONE',  ( 0.000000000000000000, 0.000000000000000000, 1.000000000000000000 ) ) ;
#1864 = ORIENTED_EDGE ( 'NONE', *, *, #3969, .F. ) ;
#1865 =( NAMED_UNIT ( * ) SI_UNIT ( $, .STERADIAN. ) SOLID_ANGLE_UNIT ( ) );
#1866 = VECTOR ( 'NONE', #3558, 1000.000000000000114 ) ;
#1867 = CARTESIAN_POINT ( 'NONE',  ( -0.06484931602138746531, 0.3689999999999998836, -0.07853392142727123881 ) ) ;
#1868 = EDGE_LOOP ( 'NONE', ( #3560, #1716, #2403, #4146, #508, #2379, #1388, #3881, #3466, #3199, #365, #2010 ) ) ;
#1869 = CARTESIAN_POINT ( 'NONE',  ( 0.03625624277163840697, 0.3699999999999999956, 0.3718767571505634528 ) ) ;
#1870 = COLOUR_RGB ( '',0.2980392156862745057, 0.2980392156862745057, 0.2980392156862745057 ) ;
#1871 = B_SPLINE_SURFACE_WITH_KNOTS ( 'NONE', 3, 1, ( 
 ( #737, #4675 ),
 ( #1585, #5090 ),
 ( #1121, #3161 ),
 ( #2386, #3972 ),
 ( #436, #331 ),
 ( #1534, #5041 ),
 ( #712, #3467 ),
 ( #3104, #1149 ),
 ( #839, #1277 ),
 ( #4061, #459 ),
 ( #2841, #123 ) ),
 .UNSPECIFIED., .F., .F., .F.,
 ( 4, 1, 1, 1, 1, 1, 1, 1, 4 ),
 ( 2, 2 ),
 ( 0.000000000000000000, 0.1551971210475745766, 0.2951266004278745858, 0.4267341507520618915, 0.5518887187677797845, 0.6707867253573847055, 0.7806632639763968484, 0.8891137671767863626, 1.000000000000000000 ),
 ( 0.000000000000000000, 1.000000000000000000 ),
 .UNSPECIFIED. ) ;
#1872 = CARTESIAN_POINT ( 'NONE',  ( 0.3000000000000000444, 0.3699999999999999956, 0.4000000000000000222 ) ) ;
#1873 = CARTESIAN_POINT ( 'NONE',  ( 0.008333333333333445975, 0.3689999999999999947, 0.2216666666666668173 ) ) ;
#1874 = VERTEX_POINT ( 'NONE', #3215 ) ;
#1875 = CARTESIAN_POINT ( 'NONE',  ( -0.05610653468684694001, 0.3690000000000000502, 0.3573596190532918326 ) ) ;
#1876 = ORIENTED_EDGE ( 'NONE', *, *, #4852, .T. ) ;
#1877 = VECTOR ( 'NONE', #748, 1000.000000000000000 ) ;
#1878 = DIRECTION ( 'NONE',  ( 1.000000000000000000, 0.000000000000000000, 0.000000000000000000 ) ) ;
#1879 = COLOUR_RGB ( '',0.8000000000000000444, 0.8117647058823529438, 0.8000000000000000444 ) ;
#1880 = PLANE ( 'NONE',  #4345 ) ;
#1881 = EDGE_CURVE ( 'NONE', #3910, #583, #1284, .T. ) ;
#1882 = CARTESIAN_POINT ( 'NONE',  ( 0.06666666666666677676, 0.3689999999999999947, 0.3312760416666667984 ) ) ;
#1883 = CARTESIAN_POINT ( 'NONE',  ( -0.04605772809169165344, 0.3689999999999999392, -0.1190191098958152532 ) ) ;
#1884 = CARTESIAN_POINT ( 'NONE',  ( -0.06052699781017204655, 0.3690000000000000502, -0.1010970902073867056 ) ) ;
#1885 = CARTESIAN_POINT ( 'NONE',  ( -0.1938775332709110621, -0.02000000000000000042, -0.05612246672908897255 ) ) ;
#1886 = CARTESIAN_POINT ( 'NONE',  ( -0.04562025506504985284, 0.3699999999999999400, 0.3652855794822919000 ) ) ;
#1887 = SURFACE_SIDE_STYLE ('',( #3496 ) ) ;
#1888 = DIRECTION ( 'NONE',  ( -1.000000000000000000, -0.000000000000000000, -0.000000000000000000 ) ) ;
#1889 = CARTESIAN_POINT ( 'NONE',  ( 0.02166538136999100056, 0.3700000000000001066, -0.1045670263579088766 ) ) ;
#1890 = ORIENTED_EDGE ( 'NONE', *, *, #4705, .T. ) ;
#1891 = LINE ( 'NONE', #2293, #4661 ) ;
#1892 = ORIENTED_EDGE ( 'NONE', *, *, #4538, .F. ) ;
#1893 = CARTESIAN_POINT ( 'NONE',  ( 0.06068972507647002468, 0.3700000000000001621, 0.3540206504639564211 ) ) ;
#1894 = FACE_OUTER_BOUND ( 'NONE', #3759, .T. ) ;
#1895 = CARTESIAN_POINT ( 'NONE',  ( -0.003854166666666559212, 0.3699999999999999956, 0.1453906250000000233 ) ) ;
#1896 = EDGE_LOOP ( 'NONE', ( #4473, #312, #2317, #1782 ) ) ;
#1897 = CARTESIAN_POINT ( 'NONE',  ( -0.04562025506504985284, 0.3689999999999999947, 0.3652855794822919000 ) ) ;
#1898 = VERTEX_POINT ( 'NONE', #2539 ) ;
#1899 = CARTESIAN_POINT ( 'NONE',  ( 0.02666353118101932526, 0.3700000000000000511, 0.3133761518718857220 ) ) ;
#1900 = CARTESIAN_POINT ( 'NONE',  ( -0.06365815143065613191, 0.3700000000000001066, -0.09084649750831678972 ) ) ;
#1901 =( LENGTH_UNIT ( ) NAMED_UNIT ( * ) SI_UNIT ( .MILLI., .METRE. ) );
#1902 = ORIENTED_EDGE ( 'NONE', *, *, #2837, .F. ) ;
#1903 = LINE ( 'NONE', #32, #2188 ) ;
#1904 = CARTESIAN_POINT ( 'NONE',  ( 0.02807291666666677718, 0.3699999999999999956, 0.3733333333333334614 ) ) ;
#1905 = CARTESIAN_POINT ( 'NONE',  ( 0.04189932683833588051, 0.3700000000000001621, 0.3209718306089472395 ) ) ;
#1906 = ORIENTED_EDGE ( 'NONE', *, *, #630, .T. ) ;
#1907 = CARTESIAN_POINT ( 'NONE',  ( -0.03463103344039656500, 0.3690000000000000502, 0.2934031624012336525 ) ) ;
#1908 = STYLED_ITEM ( 'NONE', ( #4233 ), #809 ) ;
#1909 = B_SPLINE_SURFACE_WITH_KNOTS ( 'NONE', 3, 1, ( 
 ( #827, #2029 ),
 ( #4671, #4374 ),
 ( #3830, #4814 ),
 ( #2398, #736 ),
 ( #682, #1218 ),
 ( #3616, #2829 ),
 ( #1116, #1622 ) ),
 .UNSPECIFIED., .F., .F., .F.,
 ( 4, 1, 1, 1, 4 ),
 ( 2, 2 ),
 ( 0.000000000000000000, 0.2136313786717150831, 0.4528759807056859099, 0.7136025858132629685, 0.9999999999999998890 ),
 ( 0.000000000000000000, 1.000000000000000000 ),
 .UNSPECIFIED. ) ;
#1910 = EDGE_CURVE ( 'NONE', #4082, #4894, #867, .T. ) ;
#1911 = CARTESIAN_POINT ( 'NONE',  ( 0.02604166666666677885, 0.3689999999999999947, 0.2883333333333334969 ) ) ;
#1912 = CARTESIAN_POINT ( 'NONE',  ( 0.006848958333333444656, 0.3689999999999999947, 0.3383333333333334303 ) ) ;
#1913 = CARTESIAN_POINT ( 'NONE',  ( 0.01916368465308991575, 0.3699999999999999400, -0.1051420485947881511 ) ) ;
#1914 = EDGE_LOOP ( 'NONE', ( #946, #804, #4915, #2767 ) ) ;
#1915 = CARTESIAN_POINT ( 'NONE',  ( -0.02386724247548217478, 0.3689999999999999392, -0.1037202051985306600 ) ) ;
#1916 = B_SPLINE_CURVE_WITH_KNOTS ( 'NONE', 3,
 ( #499, #4019, #3649, #2819, #4412, #2888, #477, #1674, #2037, #3628, #3251 ),
 .UNSPECIFIED., .F., .F.,
 ( 4, 1, 1, 1, 1, 1, 1, 1, 4 ),
 ( 0.000000000000000000, 0.07234232131370224583, 0.1592701015872646508, 0.2619317668593117432, 0.3782459773393723190, 0.5116386268384620628, 0.6587657585829500562, 0.8219214622934531977, 1.000000000000000000 ),
 .UNSPECIFIED. ) ;
#1917 = CARTESIAN_POINT ( 'NONE',  ( 0.0008558815192753195349, 0.3699999999999999956, 0.3002037148299147029 ) ) ;
#1918 = VERTEX_POINT ( 'NONE', #1355 ) ;
#1919 = AXIS2_PLACEMENT_3D ( 'NONE', #4355, #2013, #808 ) ;
#1920 = CARTESIAN_POINT ( 'NONE',  ( -0.03027284658458531674, 0.3700000000000001066, 0.2933842517444757991 ) ) ;
#1921 = B_SPLINE_CURVE_WITH_KNOTS ( 'NONE', 3,
 ( #753, #5057, #3850, #4607, #5031, #1062, #2657, #348, #319, #2630, #4244 ),
 .UNSPECIFIED., .F., .F.,
 ( 4, 1, 1, 1, 1, 1, 1, 1, 4 ),
 ( 0.000000000000000000, 0.1551971210475745766, 0.2951266004278745858, 0.4267341507520618915, 0.5518887187677797845, 0.6707867253573847055, 0.7806632639763968484, 0.8891137671767863626, 1.000000000000000000 ),
 .UNSPECIFIED. ) ;
#1922 = CARTESIAN_POINT ( 'NONE',  ( -0.03754720599818032328, 0.3689999999999999947, 0.2938280176319197357 ) ) ;
#1923 = CARTESIAN_POINT ( 'NONE',  ( -0.04333333333333326542, 0.3699999999999850631, -0.04833333333333332538 ) ) ;
#1924 = ORIENTED_EDGE ( 'NONE', *, *, #1861, .T. ) ;
#1925 = ORIENTED_EDGE ( 'NONE', *, *, #4652, .F. ) ;
#1926 = EDGE_CURVE ( 'NONE', #1580, #2933, #1702, .T. ) ;
#1927 = CARTESIAN_POINT ( 'NONE',  ( 0.06500000000000007161, 0.3699999999999999956, -0.07242187499999999667 ) ) ;
#1928 = CARTESIAN_POINT ( 'NONE',  ( 0.05187500000000007383, 0.3699999999999999956, -0.1138541666666666730 ) ) ;
#1929 = EDGE_CURVE ( 'NONE', #4713, #512, #4854, .T. ) ;
#1930 = ORIENTED_EDGE ( 'NONE', *, *, #2521, .F. ) ;
#1931 = SURFACE_STYLE_USAGE ( .BOTH. , #5115 ) ;
#1932 = AXIS2_PLACEMENT_3D ( 'NONE', #1851, #4228, #5087 ) ;
#1933 = VERTEX_POINT ( 'NONE', #1309 ) ;
#1934 = CARTESIAN_POINT ( 'NONE',  ( 0.03986195795303645872, 0.3699999999999999956, 0.3425352184216650109 ) ) ;
#1935 = CARTESIAN_POINT ( 'NONE',  ( -0.04100103276243451805, 0.3690000000000000502, -0.1223606978440878179 ) ) ;
#1936 = CARTESIAN_POINT ( 'NONE',  ( -0.05453598095610577567, 0.3699999999999999956, -0.1108576091686264836 ) ) ;
#1937 = AXIS2_PLACEMENT_3D ( 'NONE', #2639, #2588, #2200 ) ;
#1938 = CARTESIAN_POINT ( 'NONE',  ( -0.1938775332709110621, -0.02000000000000000042, -0.05612246672908897255 ) ) ;
#1939 = CARTESIAN_POINT ( 'NONE',  ( -0.06499999999999990508, 0.3699999999999999956, 0.3309375000000001066 ) ) ;
#1940 = ADVANCED_FACE ( 'NONE', ( #108 ), #3288, .T. ) ;
#1941 = CARTESIAN_POINT ( 'NONE',  ( 0.02890625000000007078, 0.3699999999999999956, -0.1277083333333333404 ) ) ;
#1942 = DIRECTION ( 'NONE',  ( 3.011672701348631864E-16, 0.000000000000000000, -1.000000000000000000 ) ) ;
#1943 = CARTESIAN_POINT ( 'NONE',  ( -0.01166666666666660648, 0.3689999999999999947, 0.06166666666666665436 ) ) ;
#1944 = VECTOR ( 'NONE', #2482, 1000.000000000000000 ) ;
#1945 = CARTESIAN_POINT ( 'NONE',  ( 0.1000000000000001305, 0.000000000000000000, 0.4000000000000000222 ) ) ;
#1946 = ORIENTED_EDGE ( 'NONE', *, *, #1405, .F. ) ;
#1947 = CARTESIAN_POINT ( 'NONE',  ( 0.04962907330407109741, 0.3689999999999998836, -0.1160865636626247505 ) ) ;
#1948 = EDGE_CURVE ( 'NONE', #321, #2157, #4438, .T. ) ;
#1949 = VERTEX_POINT ( 'NONE', #4904 ) ;
#1950 = LINE ( 'NONE', #849, #3532 ) ;
#1951 = CARTESIAN_POINT ( 'NONE',  ( 0.04494684006155039852, 0.3699999999999999956, 0.3318658103497176270 ) ) ;
#1952 = ORIENTED_EDGE ( 'NONE', *, *, #964, .T. ) ;
#1953 = DIRECTION ( 'NONE',  ( -0.000000000000000000, 1.000000000000000000, -0.000000000000000000 ) ) ;
#1954 =( NAMED_UNIT ( * ) SI_UNIT ( $, .STERADIAN. ) SOLID_ANGLE_UNIT ( ) );
#1955 = VERTEX_POINT ( 'NONE', #1728 ) ;
#1956 = ORIENTED_EDGE ( 'NONE', *, *, #1848, .T. ) ;
#1958 = VECTOR ( 'NONE', #14, 1000.000000000000000 ) ;
#1957 = UNCERTAINTY_MEASURE_WITH_UNIT (LENGTH_MEASURE( 1.000000000000000082E-05 ), #4170, 'distance_accuracy_value', 'NONE');
#1959 = AXIS2_PLACEMENT_3D ( 'NONE', #2283, #2744, #1150 ) ;
#1960 = VECTOR ( 'NONE', #2471, 1000.000000000000114 ) ;
#1961 = CARTESIAN_POINT ( 'NONE',  ( 0.02884943319524418265, 0.3700000000000000511, 0.3136131489627970170 ) ) ;
#1962 = SURFACE_STYLE_USAGE ( .BOTH. , #2406 ) ;
#1963 = ADVANCED_FACE ( 'NONE', ( #579 ), #2510, .F. ) ;
#1964 = ORIENTED_EDGE ( 'NONE', *, *, #1170, .T. ) ;
#1965 = CARTESIAN_POINT ( 'NONE',  ( 0.04494684006155039852, 0.3699999999999999956, 0.3318658103497176270 ) ) ;
#1966 = CARTESIAN_POINT ( 'NONE',  ( -0.05261065850798631038, 0.3689999999999999392, -0.1130237734926878290 ) ) ;
#1967 = CARTESIAN_POINT ( 'NONE',  ( -0.2999999999999999889, 0.000000000000000000, 0.4000000000000000222 ) ) ;
#1968 = CARTESIAN_POINT ( 'NONE',  ( -0.03038881205946064590, 0.3689999999999998836, 0.3444894879842966828 ) ) ;
#1969 = DIRECTION ( 'NONE',  ( 0.000000000000000000, 1.000000000000000000, 0.000000000000000000 ) ) ;
#1970 = PRESENTATION_STYLE_ASSIGNMENT (( #1516 ) ) ;
#1971 = DIRECTION ( 'NONE',  ( 0.000000000000000000, 0.000000000000000000, -1.000000000000000000 ) ) ;
#1972 = LINE ( 'NONE', #417, #245 ) ;
#1973 = CARTESIAN_POINT ( 'NONE',  ( 0.04331178460688932252, 0.3690000000000000502, -0.07162338358799358318 ) ) ;
#1974 = ORIENTED_EDGE ( 'NONE', *, *, #4802, .T. ) ;
#1975 = PLANE ( 'NONE',  #4789 ) ;
#1976 = ORIENTED_EDGE ( 'NONE', *, *, #2148, .T. ) ;
#1977 = DIRECTION ( 'NONE',  ( 0.000000000000000000, 0.000000000000000000, -1.000000000000000000 ) ) ;
#1978 = DIRECTION ( 'NONE',  ( -1.000000000000000000, 0.000000000000000000, 0.000000000000000000 ) ) ;
#1979 = CARTESIAN_POINT ( 'NONE',  ( 0.06500000000000002998, 0.3689999999999999947, -0.2883333333333333859 ) ) ;
#1980 = ORIENTED_EDGE ( 'NONE', *, *, #4484, .F. ) ;
#1981 = CARTESIAN_POINT ( 'NONE',  ( 0.01872395833333344306, 0.3699999999999999956, 0.1599999999999999756 ) ) ;
#1982 = DIRECTION ( 'NONE',  ( -0.1483404529302447539, 0.000000000000000000, 0.9889363528682976190 ) ) ;
#1983 = ORIENTED_EDGE ( 'NONE', *, *, #4211, .T. ) ;
#1984 = ORIENTED_EDGE ( 'NONE', *, *, #2184, .F. ) ;
#1985 = EDGE_CURVE ( 'NONE', #3, #2963, #4024, .T. ) ;
#1986 = CARTESIAN_POINT ( 'NONE',  ( 0.04500000000000011630, 0.3699999999999999956, 0.3307552083333334392 ) ) ;
#1987 = LINE ( 'NONE', #782, #2355 ) ;
#1988 = VERTEX_POINT ( 'NONE', #1406 ) ;
#1989 = CARTESIAN_POINT ( 'NONE',  ( 0.03349189772152150885, 0.3699999999999999956, 0.3464277406744437626 ) ) ;
#1990 = FACE_OUTER_BOUND ( 'NONE', #1215, .T. ) ;
#1991 = DIRECTION ( 'NONE',  ( 1.000000000000000000, 0.000000000000000000, 0.000000000000000000 ) ) ;
#1992 = DIRECTION ( 'NONE',  ( 1.000000000000000000, 0.000000000000000000, 0.000000000000000000 ) ) ;
#1993 = CARTESIAN_POINT ( 'NONE',  ( 0.06500000000000002998, 0.3689999999999999947, -0.3397395833333333171 ) ) ;
#1994 = CARTESIAN_POINT ( 'NONE',  ( 0.01051797891855338687, 0.3689999999999999392, 0.2919122341039711022 ) ) ;
#1995 = LINE ( 'NONE', #4062, #1452 ) ;
#1996 =( NAMED_UNIT ( * ) PLANE_ANGLE_UNIT ( ) SI_UNIT ( $, .RADIAN. ) );
#1997 = VECTOR ( 'NONE', #1442, 1000.000000000000000 ) ;
#1998 = CARTESIAN_POINT ( 'NONE',  ( 0.04304042959037072957, 0.3690000000000000502, -0.07877019016400119145 ) ) ;
#1999 = EDGE_CURVE ( 'NONE', #4469, #4110, #2971, .T. ) ;
#2000 = VERTEX_POINT ( 'NONE', #4592 ) ;
#2001 = CARTESIAN_POINT ( 'NONE',  ( -0.04605772809169165344, 0.3699999999999999400, -0.1190191098958152532 ) ) ;
#2002 = CARTESIAN_POINT ( 'NONE',  ( 0.04333333333333340420, 0.3689999999999999947, -0.04833333333333332538 ) ) ;
#2003 = FACE_OUTER_BOUND ( 'NONE', #2960, .T. ) ;
#2004 = CARTESIAN_POINT ( 'NONE',  ( 0.008829975067409052622, 0.3690000000000000502, -0.1315607317146691990 ) ) ;
#2005 = ORIENTED_EDGE ( 'NONE', *, *, #228, .T. ) ;
#2006 = DIRECTION ( 'NONE',  ( 0.000000000000000000, 0.000000000000000000, -1.000000000000000000 ) ) ;
#2007 = CARTESIAN_POINT ( 'NONE',  ( -0.04304501698004660482, 0.3690000000000000502, -0.07466378026909391286 ) ) ;
#2008 = VERTEX_POINT ( 'NONE', #1379 ) ;
#2009 = AXIS2_PLACEMENT_3D ( 'NONE', #2656, #650, #3849 ) ;
#2010 = ORIENTED_EDGE ( 'NONE', *, *, #2499, .T. ) ;
#2011 = LINE ( 'NONE', #1631, #3728 ) ;
#2012 = AXIS2_PLACEMENT_3D ( 'NONE', #892, #2540, #4487 ) ;
#2013 = DIRECTION ( 'NONE',  ( 9.965093497109417059E-17, 0.000000000000000000, -1.000000000000000000 ) ) ;
#2014 = ORIENTED_EDGE ( 'NONE', *, *, #2935, .T. ) ;
#2015 = ORIENTED_EDGE ( 'NONE', *, *, #1948, .T. ) ;
#2016 = CARTESIAN_POINT ( 'NONE',  ( -0.06499999999999990508, 0.3689999999999999947, 0.2141666666666666718 ) ) ;
#2017 = FACE_OUTER_BOUND ( 'NONE', #2683, .T. ) ;
#2018 = CARTESIAN_POINT ( 'NONE',  ( -0.007470652818850957028, 0.3690000000000000502, -0.1314410947797648999 ) ) ;
#2019 = DIRECTION ( 'NONE',  ( 0.000000000000000000, 0.000000000000000000, -1.000000000000000000 ) ) ;
#2020 = CARTESIAN_POINT ( 'NONE',  ( -0.06343582298464656155, 0.3690000000000000502, 0.3185282428939764654 ) ) ;
#2021 = CARTESIAN_POINT ( 'NONE',  ( 0.03625624277163840697, 0.3689999999999999947, 0.3718767571505634528 ) ) ;
#2022 = CARTESIAN_POINT ( 'NONE',  ( -0.1999999999999999556, -0.02000000000000000042, -0.1100000000000000144 ) ) ;
#2023 = CARTESIAN_POINT ( 'NONE',  ( 0.007172155359751646378, 0.3699999999999999400, -0.1064996881272938511 ) ) ;
#2024 = CARTESIAN_POINT ( 'NONE',  ( -0.06499999999999990508, 0.3689999999999999947, 0.3309375000000001066 ) ) ;
#2025 = EDGE_CURVE ( 'NONE', #2301, #4525, #2426, .T. ) ;
#2026 = EDGE_CURVE ( 'NONE', #1470, #2710, #4144, .T. ) ;
#2027 = PRESENTATION_LAYER_ASSIGNMENT (  '', '', ( #3769 ) ) ;
#2028 = DIRECTION ( 'NONE',  ( 1.000000000000000000, 0.000000000000000000, 0.000000000000000000 ) ) ;
#2029 = CARTESIAN_POINT ( 'NONE',  ( 0.005000000000000107657, 0.3699999999999999956, 0.3284114583333334614 ) ) ;
#2030 = CARTESIAN_POINT ( 'NONE',  ( 0.02272060386258079046, 0.3689999999999999392, -0.1296196525229335317 ) ) ;
#2031 = ORIENTED_EDGE ( 'NONE', *, *, #3025, .T. ) ;
#2032 = DIRECTION ( 'NONE',  ( -1.000000000000000000, 0.000000000000000000, -0.000000000000000000 ) ) ;
#2033 = AXIS2_PLACEMENT_3D ( 'NONE', #1885, #2284, #2666 ) ;
#2034 = VERTEX_POINT ( 'NONE', #2665 ) ;
#2035 = CARTESIAN_POINT ( 'NONE',  ( -0.2500000000000000000, 0.08000000000000000167, 0.4200000000000000955 ) ) ;
#2036 = EDGE_CURVE ( 'NONE', #4743, #1429, #3414, .T. ) ;
#2037 = CARTESIAN_POINT ( 'NONE',  ( -0.04331155388255202715, 0.3699999999999999400, -0.06462680575130279326 ) ) ;
#2038 = ADVANCED_FACE ( 'NONE', ( #4960 ), #4255, .T. ) ;
#2039 = VECTOR ( 'NONE', #4106, 1000.000000000000000 ) ;
#2040 = DIRECTION ( 'NONE',  ( 0.000000000000000000, 0.000000000000000000, -1.000000000000000000 ) ) ;
#2041 = CARTESIAN_POINT ( 'NONE',  ( 0.03415284053983959345, 0.3689999999999999392, 0.2890519724574968086 ) ) ;
#2042 = CARTESIAN_POINT ( 'NONE',  ( 0.05027065486378953785, 0.3689999999999999392, 0.3652205345170319584 ) ) ;
#2043 = ADVANCED_FACE ( 'NONE', ( #1832 ), #2563, .T. ) ;
#2044 = SURFACE_STYLE_FILL_AREA ( #2874 ) ;
#2045 = LINE ( 'NONE', #1703, #4499 ) ;
#2046 = CARTESIAN_POINT ( 'NONE',  ( 0.03878860723338009575, 0.3690000000000000502, -0.1235358543761811284 ) ) ;
#2047 = LINE ( 'NONE', #3659, #1060 ) ;
#2048 =( NAMED_UNIT ( * ) SI_UNIT ( $, .STERADIAN. ) SOLID_ANGLE_UNIT ( ) );
#2049 = CARTESIAN_POINT ( 'NONE',  ( 0.02653737342724253254, 0.3700000000000000511, 0.3481176424959809834 ) ) ;
#2050 = VERTEX_POINT ( 'NONE', #2998 ) ;
#2051 = PRESENTATION_STYLE_ASSIGNMENT (( #47 ) ) ;
#2052 = ORIENTED_EDGE ( 'NONE', *, *, #2026, .F. ) ;
#2053 = UNCERTAINTY_MEASURE_WITH_UNIT (LENGTH_MEASURE( 1.000000000000000082E-05 ), #3027, 'distance_accuracy_value', 'NONE');
#2054 = CARTESIAN_POINT ( 'NONE',  ( 0.06500000000000011324, 0.3689999999999999947, 0.1008333333333333165 ) ) ;
#2055 = VERTEX_POINT ( 'NONE', #201 ) ;
#2056 = FACE_OUTER_BOUND ( 'NONE', #4595, .T. ) ;
#2057 = CARTESIAN_POINT ( 'NONE',  ( 0.06223958333333341753, 0.3690000000000000502, -0.09552083333333334647 ) ) ;
#2058 = DIRECTION ( 'NONE',  ( -0.8396181230867140188, 0.000000000000000000, 0.5431771418095052706 ) ) ;
#2059 = VECTOR ( 'NONE', #1693, 1000.000000000000000 ) ;
#2060 = CARTESIAN_POINT ( 'NONE',  ( 0.06208104008970154186, 0.3689999999999998836, 0.3106948853264755450 ) ) ;
#2061 = CARTESIAN_POINT ( 'NONE',  ( 0.03999026932789830763, 0.3690000000000001057, -0.09166113509154266703 ) ) ;
#2062 = DIRECTION ( 'NONE',  ( 0.5432907749681531451, 0.000000000000000000, -0.8395445990741072784 ) ) ;
#2063 = CARTESIAN_POINT ( 'NONE',  ( 0.0008558815192753195349, 0.3699999999999999956, 0.3002037148299147029 ) ) ;
#2064 = VECTOR ( 'NONE', #1056, 1000.000000000000000 ) ;
#2065 = EDGE_CURVE ( 'NONE', #2862, #4110, #604, .T. ) ;
#2066 = LINE ( 'NONE', #3313, #1473 ) ;
#2067 = CARTESIAN_POINT ( 'NONE',  ( 0.02028305728709983366, 0.3689999999999999947, 0.3134869009556356390 ) ) ;
#2068 =( LENGTH_UNIT ( ) NAMED_UNIT ( * ) SI_UNIT ( .MILLI., .METRE. ) );
#2069 = ORIENTED_EDGE ( 'NONE', *, *, #1929, .T. ) ;
#2070 = CARTESIAN_POINT ( 'NONE',  ( -0.01333333333333322837, 0.3689999999999999947, 0.3359895833333334525 ) ) ;
#2071 = CARTESIAN_POINT ( 'NONE',  ( 0.2000000000000000666, -0.02000000000000000042, -0.3000000000000000444 ) ) ;
#2072 = CARTESIAN_POINT ( 'NONE',  ( 0.06498844475044503188, 0.3699999999999999956, -0.07359386978166314319 ) ) ;
#2073 = EDGE_LOOP ( 'NONE', ( #3806, #4271, #429, #3208 ) ) ;
#2074 = VECTOR ( 'NONE', #1346, 1000.000000000000000 ) ;
#2075 = ORIENTED_EDGE ( 'NONE', *, *, #1, .F. ) ;
#2076 = EDGE_CURVE ( 'NONE', #639, #2105, #1807, .T. ) ;
#2077 = ORIENTED_EDGE ( 'NONE', *, *, #384, .T. ) ;
#2078 = AXIS2_PLACEMENT_3D ( 'NONE', #3979, #1643, #1593 ) ;
#2079 = EDGE_CURVE ( 'NONE', #3768, #3734, #628, .T. ) ;
#2080 = CARTESIAN_POINT ( 'NONE',  ( 0.006848958333333444656, 0.3689999999999999947, 0.3383333333333334303 ) ) ;
#2081 = CARTESIAN_POINT ( 'NONE',  ( 0.05296412186147161916, 0.3699999999999999956, -0.1126601092552779737 ) ) ;
#2082 = ADVANCED_FACE ( 'NONE', ( #687 ), #3836, .T. ) ;
#2083 = CARTESIAN_POINT ( 'NONE',  ( 0.04453464988485197895, 0.3690000000000000502, -0.1200632822103066960 ) ) ;
#2084 = CARTESIAN_POINT ( 'NONE',  ( -0.01166666666666660648, 0.3689999999999999947, -0.1783333333333333715 ) ) ;
#2085 = SURFACE_STYLE_FILL_AREA ( #3233 ) ;
#2086 = CARTESIAN_POINT ( 'NONE',  ( 0.04707943453018252622, 0.3690000000000000502, 0.3673483168881434557 ) ) ;
#2087 = SURFACE_STYLE_USAGE ( .BOTH. , #525 ) ;
#2088 = CARTESIAN_POINT ( 'NONE',  ( 0.01000000000000006613, 0.3689999999999999947, 0.006666666666666661890 ) ) ;
#2089 = VECTOR ( 'NONE', #4143, 1000.000000000000000 ) ;
#2090 = CARTESIAN_POINT ( 'NONE',  ( -0.04333333333333322379, 0.3699999999999999956, 0.3307291666666667962 ) ) ;
#2091 = ORIENTED_EDGE ( 'NONE', *, *, #1582, .T. ) ;
#2092 = AXIS2_PLACEMENT_3D ( 'NONE', #4923, #597, #1695 ) ;
#2093 = COLOUR_RGB ( '',0.8000000000000000444, 0.8117647058823529438, 0.8000000000000000444 ) ;
#2094 = CARTESIAN_POINT ( 'NONE',  ( 0.06500000000000007161, 0.3689999999999999947, -0.07242187499999999667 ) ) ;
#2095 = CARTESIAN_POINT ( 'NONE',  ( 0.005068122343980056670, 0.3690000000000000502, 0.3273973964378252277 ) ) ;
#2096 = ADVANCED_FACE ( 'NONE', ( #3973 ), #3469, .T. ) ;
#2097 = CARTESIAN_POINT ( 'NONE',  ( 0.06500000000000011324, 0.3699999999999999956, 0.1899479166666666607 ) ) ;
#2098 = ORIENTED_EDGE ( 'NONE', *, *, #3882, .F. ) ;
#2099 = CARTESIAN_POINT ( 'NONE',  ( -0.01346169598482671939, 0.3690000000000000502, 0.3319781504025344776 ) ) ;
#2100 = VECTOR ( 'NONE', #2329, 1000.000000000000000 ) ;
#2101 = DIRECTION ( 'NONE',  ( 6.776263578034402713E-17, 0.000000000000000000, 1.000000000000000000 ) ) ;
#2102 = CARTESIAN_POINT ( 'NONE',  ( 0.06521985275334357679, 0.3699999999999998845, 0.3434458266286233297 ) ) ;
#2103 = ORIENTED_EDGE ( 'NONE', *, *, #4903, .F. ) ;
#2104 = UNCERTAINTY_MEASURE_WITH_UNIT (LENGTH_MEASURE( 1.000000000000000082E-05 ), #259, 'distance_accuracy_value', 'NONE');
#2105 = VERTEX_POINT ( 'NONE', #4676 ) ;
#2106 = FACE_BOUND ( 'NONE', #3185, .T. ) ;
#2107 = VECTOR ( 'NONE', #1303, 1000.000000000000000 ) ;
#2108 = VERTEX_POINT ( 'NONE', #785 ) ;
#2109 = DIRECTION ( 'NONE',  ( 1.000000000000000000, 0.000000000000000000, 0.000000000000000000 ) ) ;
#2110 = LINE ( 'NONE', #3406, #3044 ) ;
#2111 = EDGE_CURVE ( 'NONE', #2220, #40, #4360, .T. ) ;
#2112 = FACE_OUTER_BOUND ( 'NONE', #950, .T. ) ;
#2113 = CARTESIAN_POINT ( 'NONE',  ( 0.06500000000000007161, 0.3699999999999999956, -0.07242187499999999667 ) ) ;
#2114 = DIRECTION ( 'NONE',  ( -0.8395321291537954922, 0.000000000000000000, 0.5433100441906949518 ) ) ;
#2115 = CARTESIAN_POINT ( 'NONE',  ( 0.06038415489526721691, 0.3689999999999998836, -0.1009377466182031780 ) ) ;
#2116 = VECTOR ( 'NONE', #309, 1000.000000000000000 ) ;
#2117 = CARTESIAN_POINT ( 'NONE',  ( -0.01283959091963736421, 0.3689999999999999392, 0.3006014330735561346 ) ) ;
#2118 = STYLED_ITEM ( 'NONE', ( #4600 ), #4339 ) ;
#2119 = CARTESIAN_POINT ( 'NONE',  ( -0.1999999999999999556, -0.02000000000000000042, -0.1100000000000000144 ) ) ;
#2120 = CARTESIAN_POINT ( 'NONE',  ( -0.2500000000000000000, 0.08000000000000000167, 0.4200000000000000955 ) ) ;
#2121 = LINE ( 'NONE', #1332, #3122 ) ;
#2122 = ORIENTED_EDGE ( 'NONE', *, *, #4903, .T. ) ;
#2123 = VECTOR ( 'NONE', #2747, 1000.000000000000000 ) ;
#2124 = AXIS2_PLACEMENT_3D ( 'NONE', #1502, #3854, #2424 ) ;
#2125 = PLANE ( 'NONE',  #3693 ) ;
#2126 = DIRECTION ( 'NONE',  ( -0.000000000000000000, 1.000000000000000000, -0.000000000000000000 ) ) ;
#2127 = CARTESIAN_POINT ( 'NONE',  ( 0.1799999999999999933, 0.000000000000000000, 0.2199999999999999734 ) ) ;
#2128 = VERTEX_POINT ( 'NONE', #2307 ) ;
#2129 = CARTESIAN_POINT ( 'NONE',  ( -0.01329823912837825410, 0.3689999999999998281, 0.3339466967873469527 ) ) ;
#2130 = CARTESIAN_POINT ( 'NONE',  ( -0.01027434286494669641, 0.3689999999999999392, -0.1063048057163842319 ) ) ;
#2131 = CARTESIAN_POINT ( 'NONE',  ( 0.04368283226255072205, 0.3700000000000000511, 0.3691784216843386202 ) ) ;
#2132 = ORIENTED_EDGE ( 'NONE', *, *, #857, .T. ) ;
#2133 = ORIENTED_EDGE ( 'NONE', *, *, #1813, .T. ) ;
#2134 = LINE ( 'NONE', #1398, #4829 ) ;
#2135 = ORIENTED_EDGE ( 'NONE', *, *, #3942, .F. ) ;
#2136 = EDGE_CURVE ( 'NONE', #4135, #3718, #408, .T. ) ;
#2137 = PLANE ( 'NONE',  #1656 ) ;
#2138 = CARTESIAN_POINT ( 'NONE',  ( 0.2500000000000001110, -0.02000000000000000042, 0.4200000000000000955 ) ) ;
#2139 = CARTESIAN_POINT ( 'NONE',  ( -0.04333333333333326542, 0.3689999999999999947, -0.04833333333333332538 ) ) ;
#2140 = CARTESIAN_POINT ( 'NONE',  ( 0.06500000000000007161, 0.3689999999999999947, -0.02333333333333332399 ) ) ;
#2141 = CARTESIAN_POINT ( 'NONE',  ( 0.02742428732425316110, 0.3689999999999999392, 0.2883625065036282686 ) ) ;
#2142 = CARTESIAN_POINT ( 'NONE',  ( -0.03232524711841775616, 0.3690000000000001057, 0.3695875877431576417 ) ) ;
#2143 = CARTESIAN_POINT ( 'NONE',  ( -0.04099337131827936881, 0.3699999999999999956, 0.3382654558887960849 ) ) ;
#2144 = FILL_AREA_STYLE_COLOUR ( '', #295 ) ;
#2145 = CARTESIAN_POINT ( 'NONE',  ( -0.0005618979847444822507, 0.3700000000000000511, 0.3023079614930215264 ) ) ;
#2146 = EDGE_LOOP ( 'NONE', ( #2879, #2982, #694, #4916, #4819, #4130, #4298, #4372, #4296, #3912 ) ) ;
#2147 = CARTESIAN_POINT ( 'NONE',  ( -0.06499999999999997446, 0.3689999999999999947, -0.2894531249999999778 ) ) ;
#2148 = EDGE_CURVE ( 'NONE', #2240, #211, #4753, .T. ) ;
#2149 = LINE ( 'NONE', #2828, #975 ) ;
#2150 = CARTESIAN_POINT ( 'NONE',  ( -0.1000000000000000056, 0.000000000000000000, 0.2200000000000005285 ) ) ;
#2151 =( NAMED_UNIT ( * ) SI_UNIT ( $, .STERADIAN. ) SOLID_ANGLE_UNIT ( ) );
#2152 = EDGE_CURVE ( 'NONE', #4633, #2514, #3189, .T. ) ;
#2153 = EDGE_LOOP ( 'NONE', ( #3858, #4862, #472, #4868, #1546, #1034, #2494, #829, #1450, #4325 ) ) ;
#2154 = CARTESIAN_POINT ( 'NONE',  ( -0.02947916666666655985, 0.3689999999999999947, 0.3183333333333334680 ) ) ;
#2155 = LINE ( 'NONE', #137, #2688 ) ;
#2156 = CARTESIAN_POINT ( 'NONE',  ( 0.02807291666666677718, 0.3699999999999999956, 0.3733333333333334614 ) ) ;
#2157 = VERTEX_POINT ( 'NONE', #1510 ) ;
#2158 = UNCERTAINTY_MEASURE_WITH_UNIT (LENGTH_MEASURE( 1.000000000000000082E-05 ), #516, 'distance_accuracy_value', 'NONE');
#2159 = ORIENTED_EDGE ( 'NONE', *, *, #3253, .F. ) ;
#2160 = CARTESIAN_POINT ( 'NONE',  ( -0.003854166666666559212, 0.3699999999999999956, 0.1453906250000000233 ) ) ;
#2161 = VECTOR ( 'NONE', #3477, 1000.000000000000000 ) ;
#2162 = FACE_OUTER_BOUND ( 'NONE', #3991, .T. ) ;
#2163 = DIRECTION ( 'NONE',  ( -0.000000000000000000, 0.000000000000000000, 1.000000000000000000 ) ) ;
#2164 = DIRECTION ( 'NONE',  ( -1.000000000000000000, 0.000000000000000000, 0.000000000000000000 ) ) ;
#2165 = DIRECTION ( 'NONE',  ( 0.000000000000000000, 0.000000000000000000, 1.000000000000000000 ) ) ;
#2166 = EDGE_CURVE ( 'NONE', #1874, #4946, #2359, .T. ) ;
#2167 = CARTESIAN_POINT ( 'NONE',  ( 0.04522473470823926839, 0.3699999999999998290, 0.2931046775497635481 ) ) ;
#2168 =( GEOMETRIC_REPRESENTATION_CONTEXT ( 3 ) GLOBAL_UNCERTAINTY_ASSIGNED_CONTEXT ( ( #2836 ) ) GLOBAL_UNIT_ASSIGNED_CONTEXT ( ( #1527, #5030, #2986 ) ) REPRESENTATION_CONTEXT ( 'NONE', 'WORKASPACE' ) );
#2169 = CARTESIAN_POINT ( 'NONE',  ( -0.01166666666666660648, 0.3689999999999999947, 0.06166666666666665436 ) ) ;
#2170 = CARTESIAN_POINT ( 'NONE',  ( -0.06499999999999990508, 0.3699999999999999956, 0.2141666666666666718 ) ) ;
#2171 = DIRECTION ( 'NONE',  ( 0.000000000000000000, 0.000000000000000000, -1.000000000000000000 ) ) ;
#2172 = CARTESIAN_POINT ( 'NONE',  ( 0.006198638436479401471, 0.3700000000000000511, 0.2947540196924641198 ) ) ;
#2173 = ORIENTED_EDGE ( 'NONE', *, *, #4169, .T. ) ;
#2174 = CARTESIAN_POINT ( 'NONE',  ( 0.06483560663184712025, 0.3690000000000000502, -0.07922973354648991939 ) ) ;
#2175 = FACE_OUTER_BOUND ( 'NONE', #2146, .T. ) ;
#2176 = CARTESIAN_POINT ( 'NONE',  ( 0.06500000000000007161, 0.3689999999999999947, -0.1783333333333333715 ) ) ;
#2177 = CARTESIAN_POINT ( 'NONE',  ( 0.01355631464094616753, 0.3699999999999998845, -0.1059873374837387583 ) ) ;
#2178 = EDGE_CURVE ( 'NONE', #4503, #757, #5065, .T. ) ;
#2179 = CARTESIAN_POINT ( 'NONE',  ( -0.03166666666666656527, 0.3689999999999999947, 0.2933333333333334458 ) ) ;
#2180 = ORIENTED_EDGE ( 'NONE', *, *, #914, .F. ) ;
#2181 = CARTESIAN_POINT ( 'NONE',  ( -0.01482319850541336491, 0.3689999999999999392, 0.3268311306683087669 ) ) ;
#2182 = CARTESIAN_POINT ( 'NONE',  ( -0.01375886979164640811, 0.3689999999999998281, 0.3301349817664693265 ) ) ;
#2183 = CARTESIAN_POINT ( 'NONE',  ( 0.06496584073947719862, 0.3690000000000001057, -0.07588648862756720848 ) ) ;
#2184 = EDGE_CURVE ( 'NONE', #1898, #1192, #332, .T. ) ;
#2185 = ORIENTED_EDGE ( 'NONE', *, *, #1662, .F. ) ;
#2186 = ORIENTED_EDGE ( 'NONE', *, *, #2877, .T. ) ;
#2187 = CARTESIAN_POINT ( 'NONE',  ( 0.06664263822765872924, 0.3689999999999998836, 0.3326927942239458202 ) ) ;
#2188 = VECTOR ( 'NONE', #2664, 1000.000000000000000 ) ;
#2189 = CARTESIAN_POINT ( 'NONE',  ( -0.06343582298464656155, 0.3690000000000000502, 0.3185282428939764654 ) ) ;
#2190 = ORIENTED_EDGE ( 'NONE', *, *, #2416, .F. ) ;
#2191 = PRESENTATION_STYLE_ASSIGNMENT (( #3378 ) ) ;
#2192 = ADVANCED_FACE ( 'NONE', ( #3082 ), #3445, .T. ) ;
#2193 = CARTESIAN_POINT ( 'NONE',  ( -0.06499999999999997446, 0.3699999999999999956, -0.2633333333333333637 ) ) ;
#2194 =( GEOMETRIC_REPRESENTATION_CONTEXT ( 3 ) GLOBAL_UNCERTAINTY_ASSIGNED_CONTEXT ( ( #2884 ) ) GLOBAL_UNIT_ASSIGNED_CONTEXT ( ( #3905, #3126, #660 ) ) REPRESENTATION_CONTEXT ( 'NONE', 'WORKASPACE' ) );
#2195 = CARTESIAN_POINT ( 'NONE',  ( 0.04716548918108690730, 0.3690000000000000502, -0.1181388957206688517 ) ) ;
#2196 = PLANE ( 'NONE',  #4270 ) ;
#2197 = CARTESIAN_POINT ( 'NONE',  ( 0.02604166666666677885, 0.3699999999999999956, 0.2883333333333334969 ) ) ;
#2198 = AXIS2_PLACEMENT_3D ( 'NONE', #1675, #4434, #2040 ) ;
#2199 = EDGE_CURVE ( 'NONE', #2008, #4791, #2269, .T. ) ;
#2200 = DIRECTION ( 'NONE',  ( -2.168404344971008621E-16, 0.000000000000000000, 1.000000000000000000 ) ) ;
#2201 = CARTESIAN_POINT ( 'NONE',  ( 0.06006852680181174603, 0.3699999999999999956, 0.3071112879433902099 ) ) ;
#2202 = DIRECTION ( 'NONE',  ( 0.000000000000000000, 0.000000000000000000, 1.000000000000000000 ) ) ;
#2203 = EDGE_LOOP ( 'NONE', ( #5109, #4076, #5079, #1130 ) ) ;
#2204 = AXIS2_PLACEMENT_3D ( 'NONE', #1330, #2062, #2848 ) ;
#2205 = VECTOR ( 'NONE', #1389, 1000.000000000000227 ) ;
#2206 = EDGE_CURVE ( 'NONE', #1408, #982, #3802, .T. ) ;
#2207 = SURFACE_STYLE_FILL_AREA ( #257 ) ;
#2208 = LINE ( 'NONE', #4179, #561 ) ;
#2209 = LINE ( 'NONE', #3795, #4623 ) ;
#2210 = LINE ( 'NONE', #721, #3748 ) ;
#2211 = ORIENTED_EDGE ( 'NONE', *, *, #4211, .F. ) ;
#2212 = CARTESIAN_POINT ( 'NONE',  ( 0.03287595382646791436, 0.3689999999999999392, 0.3145472707304545756 ) ) ;
#2213 = CARTESIAN_POINT ( 'NONE',  ( -0.03982924704929340781, 0.3700000000000001066, -0.09035445292220918578 ) ) ;
#2214 = VECTOR ( 'NONE', #2701, 1000.000000000000000 ) ;
#2215 = DIRECTION ( 'NONE',  ( 1.000000000000000000, 0.000000000000000000, 0.000000000000000000 ) ) ;
#2216 = EDGE_LOOP ( 'NONE', ( #1819, #1552, #4291, #4740 ) ) ;
#2217 = ORIENTED_EDGE ( 'NONE', *, *, #1127, .T. ) ;
#2218 = CARTESIAN_POINT ( 'NONE',  ( 0.06256701426841790314, 0.3699999999999998845, 0.3506970371195651803 ) ) ;
#2219 = CARTESIAN_POINT ( 'NONE',  ( -0.04580429541084039130, 0.3699999999999999400, 0.2967929538249156618 ) ) ;
#2220 = VERTEX_POINT ( 'NONE', #2985 ) ;
#2221 = ORIENTED_EDGE ( 'NONE', *, *, #2581, .F. ) ;
#2222 = LINE ( 'NONE', #271, #4094 ) ;
#2223 = DIRECTION ( 'NONE',  ( -0.000000000000000000, 1.000000000000000000, -0.000000000000000000 ) ) ;
#2224 = SURFACE_STYLE_USAGE ( .BOTH. , #1454 ) ;
#2225 = DIRECTION ( 'NONE',  ( 0.000000000000000000, 1.000000000000000000, 0.000000000000000000 ) ) ;
#2226 = ORIENTED_EDGE ( 'NONE', *, *, #1143, .F. ) ;
#2227 = LINE ( 'NONE', #629, #2089 ) ;
#2228 = CARTESIAN_POINT ( 'NONE',  ( -0.03240129002959436094, 0.3699999999999999400, 0.3184403206221962934 ) ) ;
#2229 = CARTESIAN_POINT ( 'NONE',  ( -0.01166666666666660648, 0.3689999999999999947, -0.1783333333333333715 ) ) ;
#2230 = CARTESIAN_POINT ( 'NONE',  ( -0.03041666666666656416, 0.3690000000000000502, 0.3700000000000001621 ) ) ;
#2231 = CARTESIAN_POINT ( 'NONE',  ( 0.2500000000000000000, 0.000000000000000000, 0.2200000000000004730 ) ) ;
#2232 = CARTESIAN_POINT ( 'NONE',  ( -0.04208333333333327819, 0.3699999999999999956, -0.08330729166666665797 ) ) ;
#2233 = CARTESIAN_POINT ( 'NONE',  ( 0.02464598801748841758, 0.3700000000000000511, -0.1037175552575890503 ) ) ;
#2234 = FILL_AREA_STYLE ('',( #4969 ) ) ;
#2235 = ORIENTED_EDGE ( 'NONE', *, *, #1052, .T. ) ;
#2236 = FILL_AREA_STYLE_COLOUR ( '', #4370 ) ;
#2237 = CARTESIAN_POINT ( 'NONE',  ( -0.03599441172767738756, 0.3699999999999999400, -0.09614199335843730265 ) ) ;
#2238 = ADVANCED_FACE ( 'NONE', ( #1844 ), #1515, .T. ) ;
#2239 = CARTESIAN_POINT ( 'NONE',  ( -0.001778322609772802930, 0.3700000000000000511, 0.3045458908466518455 ) ) ;
#2240 = VERTEX_POINT ( 'NONE', #292 ) ;
#2241 = EDGE_LOOP ( 'NONE', ( #1761, #48, #1577, #5032 ) ) ;
#2242 = CARTESIAN_POINT ( 'NONE',  ( 0.02807291666666677718, 0.3699999999999999956, 0.3733333333333334614 ) ) ;
#2243 = CARTESIAN_POINT ( 'NONE',  ( -0.04842171785802231593, 0.3699999999999999400, 0.2983139364196660259 ) ) ;
#2244 = DIRECTION ( 'NONE',  ( 0.000000000000000000, -1.000000000000000000, 0.000000000000000000 ) ) ;
#2245 = VERTEX_POINT ( 'NONE', #266 ) ;
#2246 = EDGE_LOOP ( 'NONE', ( #2135, #219, #4822, #4551 ) ) ;
#2247 = CARTESIAN_POINT ( 'NONE',  ( -0.06499999999999994671, 0.3689999999999999947, -0.02333333333333332399 ) ) ;
#2248 = FACE_OUTER_BOUND ( 'NONE', #4070, .T. ) ;
#2249 = CARTESIAN_POINT ( 'NONE',  ( -0.06484931602138746531, 0.3699999999999998845, -0.07853392142727123881 ) ) ;
#2250 = EDGE_CURVE ( 'NONE', #4713, #2623, #3238, .T. ) ;
#2251 = CARTESIAN_POINT ( 'NONE',  ( 0.06656245463254086003, 0.3689999999999999392, 0.3268342780608031739 ) ) ;
#2252 = ADVANCED_FACE ( 'NONE', ( #93 ), #3615, .T. ) ;
#2253 = EDGE_CURVE ( 'NONE', #620, #1949, #3589, .T. ) ;
#2254 = SURFACE_STYLE_FILL_AREA ( #2969 ) ;
#2255 = CARTESIAN_POINT ( 'NONE',  ( -0.03041666666666656069, 0.3689999999999999947, 0.3700000000000001066 ) ) ;
#2256 = PLANE ( 'NONE',  #2450 ) ;
#2257 = CARTESIAN_POINT ( 'NONE',  ( 0.06666666666666677676, 0.3699999999999999956, 0.3312760416666667984 ) ) ;
#2258 = VECTOR ( 'NONE', #3879, 1000.000000000000000 ) ;
#2259 = DIRECTION ( 'NONE',  ( -0.000000000000000000, 1.000000000000000000, -0.000000000000000000 ) ) ;
#2260 = AXIS2_PLACEMENT_3D ( 'NONE', #2120, #3655, #527 ) ;
#2261 = CARTESIAN_POINT ( 'NONE',  ( -0.04285045663788097231, 0.3699999999999999400, -0.07731932928450739595 ) ) ;
#2262 = CARTESIAN_POINT ( 'NONE',  ( 0.03999026932789830763, 0.3700000000000001066, -0.09166113509154266703 ) ) ;
#2263 = CARTESIAN_POINT ( 'NONE',  ( -0.006850905705903896983, 0.3690000000000000502, 0.3076918003511570632 ) ) ;
#2264 = ORIENTED_EDGE ( 'NONE', *, *, #1783, .T. ) ;
#2265 = PRESENTATION_STYLE_ASSIGNMENT (( #1840 ) ) ;
#2266 = CARTESIAN_POINT ( 'NONE',  ( 0.004265292444453329564, 0.3699999999999999956, 0.2964488387476194586 ) ) ;
#2267 = ORIENTED_EDGE ( 'NONE', *, *, #4561, .T. ) ;
#2268 = EDGE_CURVE ( 'NONE', #3130, #674, #467, .T. ) ;
#2269 = LINE ( 'NONE', #5055, #2380 ) ;
#2270 = CARTESIAN_POINT ( 'NONE',  ( 0.06500000000000007161, 0.3699999999999999956, -0.1533333333333333770 ) ) ;
#2271 = DIRECTION ( 'NONE',  ( -0.000000000000000000, 1.000000000000000000, -0.000000000000000000 ) ) ;
#2272 = ORIENTED_EDGE ( 'NONE', *, *, #2724, .F. ) ;
#2273 = ORIENTED_EDGE ( 'NONE', *, *, #2613, .F. ) ;
#2274 = AXIS2_PLACEMENT_3D ( 'NONE', #4670, #708, #3807 ) ;
#2275 = DIRECTION ( 'NONE',  ( 1.000000000000000000, 0.000000000000000000, 0.000000000000000000 ) ) ;
#2276 = CARTESIAN_POINT ( 'NONE',  ( -0.04333333333333326542, 0.3689999999999999947, -0.001666666666666675664 ) ) ;
#2277 = AXIS2_PLACEMENT_3D ( 'NONE', #574, #4168, #2584 ) ;
#2278 = SURFACE_STYLE_FILL_AREA ( #659 ) ;
#2279 = CARTESIAN_POINT ( 'NONE',  ( 0.03799886642440698098, 0.3690000000000001057, 0.2900120750332832453 ) ) ;
#2280 = VECTOR ( 'NONE', #24, 999.9999999999998863 ) ;
#2281 = ORIENTED_EDGE ( 'NONE', *, *, #3555, .T. ) ;
#2282 = CARTESIAN_POINT ( 'NONE',  ( -0.05626284849290504042, 0.3689999999999999392, -0.1085622031426884543 ) ) ;
#2283 = CARTESIAN_POINT ( 'NONE',  ( 0.05595115767897690384, 0.3690000000000001057, 0.3601193404857138680 ) ) ;
#2284 = DIRECTION ( 'NONE',  ( -0.000000000000000000, 1.000000000000000000, -0.000000000000000000 ) ) ;
#2285 =( NAMED_UNIT ( * ) SI_UNIT ( $, .STERADIAN. ) SOLID_ANGLE_UNIT ( ) );
#2286 = VECTOR ( 'NONE', #1992, 1000.000000000000000 ) ;
#2287 = CARTESIAN_POINT ( 'NONE',  ( 0.0008558815192753195349, 0.3689999999999999947, 0.3002037148299147029 ) ) ;
#2288 = DIRECTION ( 'NONE',  ( 0.000000000000000000, 0.000000000000000000, -1.000000000000000000 ) ) ;
#2289 = CARTESIAN_POINT ( 'NONE',  ( 0.03848625811899276938, 0.3700000000000000511, -0.09432379406609266159 ) ) ;
#2290 = ORIENTED_EDGE ( 'NONE', *, *, #2036, .F. ) ;
#2291 = PRODUCT_CONTEXT ( 'NONE', #4784, 'mechanical' ) ;
#2292 = DIRECTION ( 'NONE',  ( -0.000000000000000000, 1.000000000000000000, 0.000000000000000000 ) ) ;
#2293 = CARTESIAN_POINT ( 'NONE',  ( 0.008333333333333445975, 0.3689999999999999947, 0.2700000000000001288 ) ) ;
#2294 = ORIENTED_EDGE ( 'NONE', *, *, #2253, .F. ) ;
#2295 = CARTESIAN_POINT ( 'NONE',  ( -0.02702484359150449100, 0.3689999999999999947, -0.1024331678510329857 ) ) ;
#2296 = MECHANICAL_DESIGN_GEOMETRIC_PRESENTATION_REPRESENTATION (  '', ( #4786 ), #1850 ) ;
#2297 = B_SPLINE_SURFACE_WITH_KNOTS ( 'NONE', 3, 1, ( 
 ( #4333, #2774 ),
 ( #4363, #818 ),
 ( #177, #503 ),
 ( #4902, #2873 ),
 ( #4097, #1659 ),
 ( #4485, #4880 ),
 ( #2117, #4463 ),
 ( #4005, #2802 ),
 ( #107, #551 ),
 ( #4437, #3234 ),
 ( #1307, #4393 ) ),
 .UNSPECIFIED., .F., .F., .F.,
 ( 4, 1, 1, 1, 1, 1, 1, 1, 4 ),
 ( 2, 2 ),
 ( 0.000000000000000000, 0.1196964719965258744, 0.2359437583202386446, 0.3505624285330338208, 0.4675738794453408453, 0.5886790971730628819, 0.7164321348375394249, 0.8533140436686069696, 1.000000000000000000 ),
 ( 0.000000000000000000, 1.000000000000000000 ),
 .UNSPECIFIED. ) ;
#2298 = CARTESIAN_POINT ( 'NONE',  ( -0.3000000000000000444, 0.000000000000000000, -0.4000000000000000222 ) ) ;
#2299 = LINE ( 'NONE', #1528, #2944 ) ;
#2300 = ORIENTED_EDGE ( 'NONE', *, *, #630, .F. ) ;
#2301 = VERTEX_POINT ( 'NONE', #1188 ) ;
#2302 = LINE ( 'NONE', #1400, #305 ) ;
#2303 = AXIS2_PLACEMENT_3D ( 'NONE', #272, #2910, #3353 ) ;
#2304 =( NAMED_UNIT ( * ) SI_UNIT ( $, .STERADIAN. ) SOLID_ANGLE_UNIT ( ) );
#2305 = ADVANCED_FACE ( 'NONE', ( #3149 ), #3928, .T. ) ;
#2306 = LINE ( 'NONE', #784, #4430 ) ;
#2307 = CARTESIAN_POINT ( 'NONE',  ( 0.01000000000000006613, 0.3689999999999999947, 0.006666666666666661890 ) ) ;
#2308 = LINE ( 'NONE', #4361, #3272 ) ;
#2309 = DIRECTION ( 'NONE',  ( 0.000000000000000000, 0.000000000000000000, 1.000000000000000000 ) ) ;
#2310 = CARTESIAN_POINT ( 'NONE',  ( -0.004348958333333228198, 0.3699999999999999956, 0.3120312500000001488 ) ) ;
#2311 = CARTESIAN_POINT ( 'NONE',  ( 0.005000000000000107657, 0.3689999999999999947, 0.3284114583333334614 ) ) ;
#2312 = CARTESIAN_POINT ( 'NONE',  ( 0.03146919003671175968, 0.3699999999999998845, -0.1008059612098333446 ) ) ;
#2313 = VERTEX_POINT ( 'NONE', #395 ) ;
#2314 = CARTESIAN_POINT ( 'NONE',  ( -0.02105944625020038027, 0.3690000000000000502, -0.1045706679137003853 ) ) ;
#2315 = EDGE_CURVE ( 'NONE', #2623, #4766, #1950, .T. ) ;
#2316 = CARTESIAN_POINT ( 'NONE',  ( -0.06313530753499455028, 0.3689999999999999947, -0.09332010377142711810 ) ) ;
#2317 = ORIENTED_EDGE ( 'NONE', *, *, #1092, .T. ) ;
#2318 = EDGE_CURVE ( 'NONE', #4738, #2923, #3563, .T. ) ;
#2319 = DIRECTION ( 'NONE',  ( -0.000000000000000000, -1.000000000000000000, -0.000000000000000000 ) ) ;
#2320 = VECTOR ( 'NONE', #1276, 1000.000000000000000 ) ;
#2321 = LINE ( 'NONE', #4689, #3533 ) ;
#2322 = ORIENTED_EDGE ( 'NONE', *, *, #4427, .T. ) ;
#2323 = EDGE_LOOP ( 'NONE', ( #3173, #166, #4381, #1220, #349, #1738, #2186 ) ) ;
#2324 = FILL_AREA_STYLE_COLOUR ( '', #4653 ) ;
#2325 = CARTESIAN_POINT ( 'NONE',  ( -0.06313530753499455028, 0.3689999999999999947, -0.09332010377142711810 ) ) ;
#2326 = ORIENTED_EDGE ( 'NONE', *, *, #3538, .F. ) ;
#2327 = FILL_AREA_STYLE_COLOUR ( '', #977 ) ;
#2328 = CARTESIAN_POINT ( 'NONE',  ( 0.02945552478221799206, 0.3690000000000000502, 0.3477082308994732252 ) ) ;
#2329 = DIRECTION ( 'NONE',  ( 0.000000000000000000, 0.000000000000000000, -1.000000000000000000 ) ) ;
#2330 = EDGE_CURVE ( 'NONE', #22, #2606, #4920, .T. ) ;
#2331 = CARTESIAN_POINT ( 'NONE',  ( -0.06252604166666660135, 0.3699999999999999956, -0.09562499999999998779 ) ) ;
#2332 = CARTESIAN_POINT ( 'NONE',  ( -0.04233626619871018459, 0.3690000000000000502, 0.3359372902572297370 ) ) ;
#2333 = CARTESIAN_POINT ( 'NONE',  ( -0.05330729166666656194, 0.3689999999999999947, 0.3022395833333334503 ) ) ;
#2334 =( NAMED_UNIT ( * ) PLANE_ANGLE_UNIT ( ) SI_UNIT ( $, .RADIAN. ) );
#2335 = DIRECTION ( 'NONE',  ( 0.000000000000000000, 0.000000000000000000, -1.000000000000000000 ) ) ;
#2336 = LINE ( 'NONE', #1945, #1753 ) ;
#2337 = ORIENTED_EDGE ( 'NONE', *, *, #3229, .T. ) ;
#2338 = DIRECTION ( 'NONE',  ( 0.000000000000000000, 0.000000000000000000, 1.000000000000000000 ) ) ;
#2339 = CARTESIAN_POINT ( 'NONE',  ( -0.004348958333333228198, 0.3689999999999999947, 0.3120312500000001488 ) ) ;
#2340 = ORIENTED_EDGE ( 'NONE', *, *, #3632, .F. ) ;
#2341 = VECTOR ( 'NONE', #76, 1000.000000000000000 ) ;
#2342 = ADVANCED_FACE ( 'NONE', ( #3175 ), #4281, .T. ) ;
#2343 = CARTESIAN_POINT ( 'NONE',  ( -0.02666666666666656776, 0.3690000000000000502, 0.3450000000000001954 ) ) ;
#2344 = LINE ( 'NONE', #1979, #2751 ) ;
#2345 = ORIENTED_EDGE ( 'NONE', *, *, #4371, .T. ) ;
#2346 = CARTESIAN_POINT ( 'NONE',  ( 0.02500000000000011241, 0.3689999999999999947, 0.3483333333333334947 ) ) ;
#2347 = CARTESIAN_POINT ( 'NONE',  ( -0.01166666666666660648, 0.3699999999999999956, -0.2333333333333333925 ) ) ;
#2348 = EDGE_CURVE ( 'NONE', #4720, #4658, #3636, .T. ) ;
#2349 = EDGE_LOOP ( 'NONE', ( #1088, #4723, #837, #671 ) ) ;
#2350 = CARTESIAN_POINT ( 'NONE',  ( 0.01000000000000006613, 0.3699999999999999956, -0.2333333333333333925 ) ) ;
#2351 = EDGE_LOOP ( 'NONE', ( #4943, #405, #4716, #4889 ) ) ;
#2352 = CARTESIAN_POINT ( 'NONE',  ( 0.04218207947010995523, 0.3700000000000000511, -0.08508747354733620094 ) ) ;
#2353 = CARTESIAN_POINT ( 'NONE',  ( 0.2000000000000000111, -0.02000000000000000042, -0.04999999999999998890 ) ) ;
#2354 = VECTOR ( 'NONE', #1727, 1000.000000000000000 ) ;
#2355 = VECTOR ( 'NONE', #118, 1000.000000000000000 ) ;
#2356 = ORIENTED_EDGE ( 'NONE', *, *, #4398, .T. ) ;
#2357 = CARTESIAN_POINT ( 'NONE',  ( 0.03000000000000011338, 0.3689999999999999947, 0.2216666666666668173 ) ) ;
#2358 = CARTESIAN_POINT ( 'NONE',  ( 0.06500000000000007161, 0.3699999999999999956, -0.02333333333333332399 ) ) ;
#2359 = LINE ( 'NONE', #1564, #7 ) ;
#2360 = AXIS2_PLACEMENT_3D ( 'NONE', #546, #1694, #102 ) ;
#2361 = CARTESIAN_POINT ( 'NONE',  ( -0.03378375522939174730, 0.3690000000000001057, 0.3435060124716510788 ) ) ;
#2362 = CARTESIAN_POINT ( 'NONE',  ( 0.2999999999999999334, 0.3699999999999999956, -0.4000000000000000222 ) ) ;
#2363 = B_SPLINE_CURVE_WITH_KNOTS ( 'NONE', 3,
 ( #2333, #3580, #4807, #1638, #5093, #86, #1259, #2414, #1907, #2721, #1152 ),
 .UNSPECIFIED., .F., .F.,
 ( 4, 1, 1, 1, 1, 1, 1, 1, 4 ),
 ( 0.000000000000000000, 0.1331978343624740935, 0.2630795403811827526, 0.3876611031449264111, 0.5115071050662580721, 0.6323856124295696990, 0.7532592432015575712, 0.8761016530293141980, 1.000000000000000000 ),
 .UNSPECIFIED. ) ;
#2364 = FACE_OUTER_BOUND ( 'NONE', #5102, .T. ) ;
#2365 = CARTESIAN_POINT ( 'NONE',  ( -0.04208333333333327819, 0.3689999999999999947, -0.08330729166666665797 ) ) ;
#2366 = CARTESIAN_POINT ( 'NONE',  ( -0.2500000000000000000, -0.02000000000000000042, 0.4000000000000000222 ) ) ;
#2367 = VECTOR ( 'NONE', #3715, 1000.000000000000000 ) ;
#2368 = CARTESIAN_POINT ( 'NONE',  ( 0.04333333333333340420, 0.3699999999999999956, -0.06890624999999998834 ) ) ;
#2369 = ORIENTED_EDGE ( 'NONE', *, *, #702, .F. ) ;
#2370 = CARTESIAN_POINT ( 'NONE',  ( -0.03049439250639076823, 0.3699999999999998845, -0.1271439302165555951 ) ) ;
#2371 = EDGE_CURVE ( 'NONE', #3935, #1740, #2149, .T. ) ;
#2372 = EDGE_LOOP ( 'NONE', ( #5103, #1520, #901, #4314 ) ) ;
#2373 = CARTESIAN_POINT ( 'NONE',  ( -0.004348958333333228198, 0.3699999999999999956, 0.3120312500000001488 ) ) ;
#2374 = CARTESIAN_POINT ( 'NONE',  ( -0.03597869764961091066, 0.3700000000000001621, 0.3687981382979170775 ) ) ;
#2375 = VERTEX_POINT ( 'NONE', #1334 ) ;
#2376 = CARTESIAN_POINT ( 'NONE',  ( 0.01603289986675387330, 0.3689999999999999392, -0.1307734159136696439 ) ) ;
#2377 = CARTESIAN_POINT ( 'NONE',  ( -0.06499999999999990508, 0.3699999999999999956, 0.1849479166666666841 ) ) ;
#2378 = VERTEX_POINT ( 'NONE', #4832 ) ;
#2379 = ORIENTED_EDGE ( 'NONE', *, *, #110, .F. ) ;
#2380 = VECTOR ( 'NONE', #4606, 1000.000000000000000 ) ;
#2381 = FACE_OUTER_BOUND ( 'NONE', #4794, .T. ) ;
#2382 = CARTESIAN_POINT ( 'NONE',  ( -0.2999999999999999889, 0.000000000000000000, 0.4000000000000000222 ) ) ;
#2383 = VECTOR ( 'NONE', #4573, 1000.000000000000000 ) ;
#2384 = PRESENTATION_LAYER_ASSIGNMENT (  '', '', ( #4123 ) ) ;
#2385 = EDGE_LOOP ( 'NONE', ( #1229, #1166, #2180, #995, #2815, #1490, #2678, #1574, #3316, #4109, #3074, #1599, #529, #3426, #1444, #1830, #926 ) ) ;
#2386 = CARTESIAN_POINT ( 'NONE',  ( 0.01644775568139921970, 0.3690000000000001057, 0.3143000537712079545 ) ) ;
#2387 = CARTESIAN_POINT ( 'NONE',  ( -0.05626284849290504042, 0.3699999999999999400, -0.1085622031426884543 ) ) ;
#2388 = CARTESIAN_POINT ( 'NONE',  ( 0.04072548446847111536, 0.3700000000000000511, 0.3196334748034811435 ) ) ;
#2389 = CARTESIAN_POINT ( 'NONE',  ( -0.01333333333333322837, 0.3699999999999999956, 0.3359895833333334525 ) ) ;
#2390 = VECTOR ( 'NONE', #2936, 1000.000000000000000 ) ;
#2391 = DIRECTION ( 'NONE',  ( 1.000000000000000000, 0.000000000000000000, -0.000000000000000000 ) ) ;
#2392 = FACE_OUTER_BOUND ( 'NONE', #678, .T. ) ;
#2393 = LINE ( 'NONE', #4710, #1228 ) ;
#2394 = CARTESIAN_POINT ( 'NONE',  ( 0.02798307343048781620, 0.3699999999999998845, -0.1025341150796178630 ) ) ;
#2395 = ORIENTED_EDGE ( 'NONE', *, *, #1281, .F. ) ;
#2396 = CARTESIAN_POINT ( 'NONE',  ( 0.05113016521550372423, 0.3699999999999999400, -0.1145945144876390626 ) ) ;
#2397 = CARTESIAN_POINT ( 'NONE',  ( -0.03910274537679476331, 0.3700000000000000511, 0.3403461349572716732 ) ) ;
#2398 = CARTESIAN_POINT ( 'NONE',  ( 0.005464526604800295714, 0.3690000000000001057, 0.3330443861755094104 ) ) ;
#2399 = CARTESIAN_POINT ( 'NONE',  ( -0.05307752982602365055, 0.3699999999999998845, 0.3604563357096000620 ) ) ;
#2400 = VERTEX_POINT ( 'NONE', #1288 ) ;
#2401 = CARTESIAN_POINT ( 'NONE',  ( 0.02272060386258079046, 0.3699999999999999400, -0.1296196525229335317 ) ) ;
#2402 = CARTESIAN_POINT ( 'NONE',  ( -0.1000000000000000194, -0.02000000000000000042, 0.4000000000000000222 ) ) ;
#2403 = ORIENTED_EDGE ( 'NONE', *, *, #302, .F. ) ;
#2404 = ORIENTED_EDGE ( 'NONE', *, *, #1800, .F. ) ;
#2405 = CARTESIAN_POINT ( 'NONE',  ( 0.06223958333333341753, 0.3700000000000000511, -0.09552083333333334647 ) ) ;
#2406 = SURFACE_SIDE_STYLE ('',( #3940 ) ) ;
#2407 = VERTEX_POINT ( 'NONE', #4129 ) ;
#2408 = ORIENTED_EDGE ( 'NONE', *, *, #4086, .T. ) ;
#2409 = CARTESIAN_POINT ( 'NONE',  ( 0.05790550066674913371, 0.3699999999999999400, -0.1058228750524965317 ) ) ;
#2410 = ADVANCED_FACE ( 'NONE', ( #1758 ), #4443, .T. ) ;
#2411 = STYLED_ITEM ( 'NONE', ( #167 ), #454 ) ;
#2412 = CARTESIAN_POINT ( 'NONE',  ( -0.01928447230817318878, 0.3689999999999999947, -0.1300321815889124710 ) ) ;
#2413 = CARTESIAN_POINT ( 'NONE',  ( 0.03944602239593859860, 0.3690000000000001057, 0.3183246193689562853 ) ) ;
#2414 = CARTESIAN_POINT ( 'NONE',  ( -0.03754720599818032328, 0.3689999999999999947, 0.2938280176319197357 ) ) ;
#2415 = EDGE_CURVE ( 'NONE', #2055, #2526, #585, .T. ) ;
#2416 = EDGE_CURVE ( 'NONE', #1477, #3907, #3239, .T. ) ;
#2417 = CARTESIAN_POINT ( 'NONE',  ( 0.06500000000000007161, 0.3699999999999999956, 0.06166666666666665436 ) ) ;
#2418 = PLANE ( 'NONE',  #1141 ) ;
#2419 = VECTOR ( 'NONE', #308, 1000.000000000000000 ) ;
#2420 = CARTESIAN_POINT ( 'NONE',  ( 0.02464598801748841758, 0.3700000000000000511, -0.1037175552575890503 ) ) ;
#2421 = CARTESIAN_POINT ( 'NONE',  ( 0.04453464988485197895, 0.3690000000000000502, -0.1200632822103066960 ) ) ;
#2422 = EDGE_CURVE ( 'NONE', #3476, #390, #2047, .T. ) ;
#2423 = CARTESIAN_POINT ( 'NONE',  ( -0.009770152304810328717, 0.3700000000000000511, 0.3038866078715188324 ) ) ;
#2424 = DIRECTION ( 'NONE',  ( 0.000000000000000000, -0.000000000000000000, -1.000000000000000000 ) ) ;
#2425 = FACE_OUTER_BOUND ( 'NONE', #1529, .T. ) ;
#2426 = B_SPLINE_CURVE_WITH_KNOTS ( 'NONE', 3,
 ( #4988, #2945, #1045, #4928, #4540, #4172, #1483, #1752, #3057, #303, #4563, #2201, #1095, #1430, #3756, #713, #3811, #5043, #4649 ),
 .UNSPECIFIED., .F., .F.,
 ( 4, 1, 1, 1, 1, 1, 1, 1, 1, 1, 1, 1, 1, 1, 1, 1, 4 ),
 ( 0.000000000000000000, 0.06290302000747322042, 0.1240532131486371675, 0.1839646884807584759, 0.2432260156682875818, 0.3027923277429035442, 0.3629951169936941890, 0.4246629646988160922, 0.4884047286719853109, 0.5525410536748861512, 0.6150742102078178286, 0.6773821385362835956, 0.7393027761829323863, 0.8021697774379048518, 0.8658318450171622604, 0.9319635394539210749, 1.000000000000000000 ),
 .UNSPECIFIED. ) ;
#2427 = ORIENTED_EDGE ( 'NONE', *, *, #1500, .F. ) ;
#2428 = CARTESIAN_POINT ( 'NONE',  ( 0.02688562362091974009, 0.3689999999999999947, -0.1283326920320932985 ) ) ;
#2429 = AXIS2_PLACEMENT_3D ( 'NONE', #2886, #4553, #3350 ) ;
#2430 = VERTEX_POINT ( 'NONE', #4859 ) ;
#2431 = EDGE_CURVE ( 'NONE', #1955, #2949, #2444, .T. ) ;
#2432 = ORIENTED_EDGE ( 'NONE', *, *, #2474, .T. ) ;
#2433 = DIRECTION ( 'NONE',  ( -1.000000000000000000, 0.000000000000000000, 0.000000000000000000 ) ) ;
#2434 = VECTOR ( 'NONE', #1156, 1000.000000000000000 ) ;
#2435 =( NAMED_UNIT ( * ) PLANE_ANGLE_UNIT ( ) SI_UNIT ( $, .RADIAN. ) );
#2436 = CARTESIAN_POINT ( 'NONE',  ( 0.03700766274138130724, 0.3700000000000000511, 0.3447715783898611663 ) ) ;
#2437 = PLANE ( 'NONE',  #2360 ) ;
#2438 = CARTESIAN_POINT ( 'NONE',  ( -0.1999999999999999556, -0.02000000000000000042, -0.1100000000000000144 ) ) ;
#2439 = CARTESIAN_POINT ( 'NONE',  ( -0.01329823912837825410, 0.3699999999999998290, 0.3339466967873469527 ) ) ;
#2440 = CARTESIAN_POINT ( 'NONE',  ( 0.001284858553466673150, 0.3690000000000000502, -0.1066555090885196039 ) ) ;
#2441 = DIRECTION ( 'NONE',  ( 0.000000000000000000, 0.000000000000000000, -1.000000000000000000 ) ) ;
#2442 = CARTESIAN_POINT ( 'NONE',  ( 0.06500000000000007161, 0.3699999999999999956, -0.1783333333333333715 ) ) ;
#2443 = DIRECTION ( 'NONE',  ( -0.000000000000000000, 0.000000000000000000, 1.000000000000000000 ) ) ;
#2444 = LINE ( 'NONE', #112, #1390 ) ;
#2445 = FACE_OUTER_BOUND ( 'NONE', #4575, .T. ) ;
#2446 = CARTESIAN_POINT ( 'NONE',  ( 0.03700766274138130724, 0.3700000000000000511, 0.3447715783898611663 ) ) ;
#2447 = VERTEX_POINT ( 'NONE', #557 ) ;
#2448 = LINE ( 'NONE', #3986, #1392 ) ;
#2449 = DIRECTION ( 'NONE',  ( 0.8396181230867137968, 0.000000000000000000, 0.5431771418095056037 ) ) ;
#2450 = AXIS2_PLACEMENT_3D ( 'NONE', #1833, #3415, #1484 ) ;
#2451 = ORIENTED_EDGE ( 'NONE', *, *, #2111, .F. ) ;
#2452 = CARTESIAN_POINT ( 'NONE',  ( 0.02046875000000002512, 0.3699999999999999956, -0.3416666666666666741 ) ) ;
#2453 = ORIENTED_EDGE ( 'NONE', *, *, #857, .F. ) ;
#2454 = AXIS2_PLACEMENT_3D ( 'NONE', #552, #3654, #504 ) ;
#2455 = PRESENTATION_LAYER_ASSIGNMENT (  '', '', ( #1066 ) ) ;
#2456 = LINE ( 'NONE', #3648, #174 ) ;
#2457 = CARTESIAN_POINT ( 'NONE',  ( 0.05790550066674913371, 0.3699999999999999400, -0.1058228750524965317 ) ) ;
#2458 = PRESENTATION_LAYER_ASSIGNMENT (  '', '', ( #4866 ) ) ;
#2459 = LINE ( 'NONE', #500, #3612 ) ;
#2460 = EDGE_CURVE ( 'NONE', #4999, #1796, #3681, .T. ) ;
#2461 = CARTESIAN_POINT ( 'NONE',  ( -0.01346169598482671939, 0.3700000000000000511, 0.3319781504025344776 ) ) ;
#2462 = STYLED_ITEM ( 'NONE', ( #3436 ), #1614 ) ;
#2463 = CARTESIAN_POINT ( 'NONE',  ( 0.05328467524311732845, 0.3690000000000001057, 0.3628327723721030962 ) ) ;
#2464 = CARTESIAN_POINT ( 'NONE',  ( -0.04333333333333326542, 0.3699999999999999956, -0.06070312499999999667 ) ) ;
#2465 = PLANE ( 'NONE',  #1196 ) ;
#2466 = CARTESIAN_POINT ( 'NONE',  ( -0.03962052154958429356, 0.3699999999999999956, 0.3216335920529586612 ) ) ;
#2467 = CARTESIAN_POINT ( 'NONE',  ( -0.06499999999999994671, 0.3699999999999999956, 0.08666666666666666963 ) ) ;
#2468 = ADVANCED_FACE ( 'NONE', ( #4421 ), #2125, .T. ) ;
#2469 = DIRECTION ( 'NONE',  ( 0.000000000000000000, 0.000000000000000000, 1.000000000000000000 ) ) ;
#2470 = ORIENTED_EDGE ( 'NONE', *, *, #4029, .T. ) ;
#2471 = DIRECTION ( 'NONE',  ( 0.8395321291537954922, 0.000000000000000000, 0.5433100441906948408 ) ) ;
#2472 = CARTESIAN_POINT ( 'NONE',  ( -0.04333333333333326542, 0.3689999999999999947, -0.06070312499999999667 ) ) ;
#2473 = CARTESIAN_POINT ( 'NONE',  ( 0.03625624277163840697, 0.3699999999999999956, 0.3718767571505634528 ) ) ;
#2474 = EDGE_CURVE ( 'NONE', #458, #2635, #2066, .T. ) ;
#2475 = EDGE_LOOP ( 'NONE', ( #4160, #1984, #371, #3953, #1499, #2340, #4241, #4410, #1846, #1839, #1019, #49, #2369, #4322, #2518, #1633 ) ) ;
#2476 = UNCERTAINTY_MEASURE_WITH_UNIT (LENGTH_MEASURE( 1.000000000000000082E-05 ), #197, 'distance_accuracy_value', 'NONE');
#2477 =( NAMED_UNIT ( * ) PLANE_ANGLE_UNIT ( ) SI_UNIT ( $, .RADIAN. ) );
#2478 = VERTEX_POINT ( 'NONE', #1360 ) ;
#2479 = LINE ( 'NONE', #986, #1171 ) ;
#2480 = FACE_OUTER_BOUND ( 'NONE', #96, .T. ) ;
#2481 = FILL_AREA_STYLE_COLOUR ( '', #2093 ) ;
#2482 = DIRECTION ( 'NONE',  ( -0.9933244679893434848, 0.000000000000000000, -0.1153538091858598430 ) ) ;
#2483 = PRESENTATION_LAYER_ASSIGNMENT (  '', '', ( #3151 ) ) ;
#2484 = CARTESIAN_POINT ( 'NONE',  ( 0.06006852680181174603, 0.3689999999999999947, 0.3071112879433902099 ) ) ;
#2485 = EDGE_CURVE ( 'NONE', #1250, #4176, #2921, .T. ) ;
#2486 = CARTESIAN_POINT ( 'NONE',  ( 0.04179621108520095024, 0.3689999999999999392, -0.08662284528190125621 ) ) ;
#2487 = DIRECTION ( 'NONE',  ( 1.000000000000000000, 0.000000000000000000, 0.000000000000000000 ) ) ;
#2488 = CARTESIAN_POINT ( 'NONE',  ( -0.04333333333333326542, 0.3689999999999999947, -0.04833333333333332538 ) ) ;
#2489 = CARTESIAN_POINT ( 'NONE',  ( -0.0005618979847444822507, 0.3690000000000000502, 0.3023079614930215264 ) ) ;
#2490 = ORIENTED_EDGE ( 'NONE', *, *, #4266, .T. ) ;
#2491 = VECTOR ( 'NONE', #2215, 1000.000000000000000 ) ;
#2492 = CARTESIAN_POINT ( 'NONE',  ( -0.06499999999999994671, 0.3689999999999999947, 0.08666666666666666963 ) ) ;
#2493 = PRESENTATION_STYLE_ASSIGNMENT (( #2517 ) ) ;
#2494 = ORIENTED_EDGE ( 'NONE', *, *, #4918, .T. ) ;
#2495 = CARTESIAN_POINT ( 'NONE',  ( 0.04496086915284308594, 0.3690000000000000502, 0.3289672677727487615 ) ) ;
#2496 = CARTESIAN_POINT ( 'NONE',  ( -0.02947916666666655985, 0.3689999999999999947, 0.3183333333333334680 ) ) ;
#2497 = CARTESIAN_POINT ( 'NONE',  ( 0.03000000000000011338, 0.3689999999999999947, 0.2700000000000001288 ) ) ;
#2498 = EDGE_LOOP ( 'NONE', ( #1707, #2785, #643, #2684 ) ) ;
#2499 = EDGE_CURVE ( 'NONE', #2923, #4400, #2545, .T. ) ;
#2500 = ORIENTED_EDGE ( 'NONE', *, *, #2962, .F. ) ;
#2501 = VECTOR ( 'NONE', #3042, 1000.000000000000000 ) ;
#2502 = PRESENTATION_LAYER_ASSIGNMENT (  '', '', ( #374 ) ) ;
#2503 = ORIENTED_EDGE ( 'NONE', *, *, #3253, .T. ) ;
#2504 = VECTOR ( 'NONE', #4929, 1000.000000000000000 ) ;
#2505 = CARTESIAN_POINT ( 'NONE',  ( -0.2500000000000000000, 0.000000000000000000, 0.4000000000000000222 ) ) ;
#2506 = PLANE ( 'NONE',  #5100 ) ;
#2507 = DIRECTION ( 'NONE',  ( -0.000000000000000000, 1.000000000000000000, -0.000000000000000000 ) ) ;
#2508 = CARTESIAN_POINT ( 'NONE',  ( -0.02603070253410586996, 0.3700000000000000511, 0.3184917625749557057 ) ) ;
#2509 = LINE ( 'NONE', #1750, #383 ) ;
#2510 = PLANE ( 'NONE',  #2533 ) ;
#2511 = DIRECTION ( 'NONE',  ( -1.000000000000000000, 0.000000000000000000, 0.000000000000000000 ) ) ;
#2512 = VECTOR ( 'NONE', #4023, 1000.000000000000000 ) ;
#2513 = CARTESIAN_POINT ( 'NONE',  ( -0.001778322609772802930, 0.3700000000000000511, 0.3045458908466518455 ) ) ;
#2514 = VERTEX_POINT ( 'NONE', #1487 ) ;
#2515 = AXIS2_PLACEMENT_3D ( 'NONE', #4644, #1089, #3778 ) ;
#2516 = VECTOR ( 'NONE', #2749, 1000.000000000000000 ) ;
#2517 = SURFACE_STYLE_USAGE ( .BOTH. , #944 ) ;
#2518 = ORIENTED_EDGE ( 'NONE', *, *, #1242, .F. ) ;
#2519 = CARTESIAN_POINT ( 'NONE',  ( -0.02278885023330823670, 0.3690000000000000502, 0.3193209945290885754 ) ) ;
#2520 = CARTESIAN_POINT ( 'NONE',  ( -0.01650758884014940503, 0.3690000000000001057, 0.3240501202547662052 ) ) ;
#2521 = EDGE_CURVE ( 'NONE', #3291, #390, #2621, .T. ) ;
#2522 = CARTESIAN_POINT ( 'NONE',  ( 0.06345083484701735665, 0.3689999999999998836, -0.09078722991395180020 ) ) ;
#2523 = VERTEX_POINT ( 'NONE', #2952 ) ;
#2524 = UNCERTAINTY_MEASURE_WITH_UNIT (LENGTH_MEASURE( 1.000000000000000082E-05 ), #3813, 'distance_accuracy_value', 'NONE');
#2525 = EDGE_LOOP ( 'NONE', ( #333, #1078, #3075, #1213, #3934, #904 ) ) ;
#2526 = VERTEX_POINT ( 'NONE', #4213 ) ;
#2527 = CARTESIAN_POINT ( 'NONE',  ( -0.06496677457274616097, 0.3689999999999999947, 0.3294773670081953543 ) ) ;
#2528 = ORIENTED_EDGE ( 'NONE', *, *, #2628, .T. ) ;
#2529 = CARTESIAN_POINT ( 'NONE',  ( -0.06499999999999997446, 0.3689999999999999947, -0.2633333333333333637 ) ) ;
#2530 = PLANE ( 'NONE',  #4596 ) ;
#2531 = EDGE_CURVE ( 'NONE', #2761, #1933, #5038, .T. ) ;
#2532 = LINE ( 'NONE', #4092, #4356 ) ;
#2533 = AXIS2_PLACEMENT_3D ( 'NONE', #2119, #2824, #2441 ) ;
#2534 = DIRECTION ( 'NONE',  ( -0.5433100441906949518, 0.000000000000000000, -0.8395321291537954922 ) ) ;
#2535 = EDGE_CURVE ( 'NONE', #248, #794, #2208, .T. ) ;
#2536 = ADVANCED_FACE ( 'NONE', ( #719 ), #3489, .T. ) ;
#2537 = VECTOR ( 'NONE', #3946, 1000.000000000000000 ) ;
#2538 =( GEOMETRIC_REPRESENTATION_CONTEXT ( 3 ) GLOBAL_UNCERTAINTY_ASSIGNED_CONTEXT ( ( #4726 ) ) GLOBAL_UNIT_ASSIGNED_CONTEXT ( ( #1055, #3422, #2700 ) ) REPRESENTATION_CONTEXT ( 'NONE', 'WORKASPACE' ) );
#2539 = CARTESIAN_POINT ( 'NONE',  ( -0.1000000000000000194, 0.000000000000000000, 0.4000000000000000777 ) ) ;
#2540 = DIRECTION ( 'NONE',  ( 0.000000000000000000, -1.000000000000000000, 0.000000000000000000 ) ) ;
#2541 = CARTESIAN_POINT ( 'NONE',  ( 0.006198638436479401471, 0.3690000000000000502, 0.2947540196924641198 ) ) ;
#2542 = EDGE_LOOP ( 'NONE', ( #4515, #3349, #4979, #3321, #1005, #4964 ) ) ;
#2543 = AXIS2_PLACEMENT_3D ( 'NONE', #3394, #720, #998 ) ;
#2544 = CARTESIAN_POINT ( 'NONE',  ( 0.01603289986675387330, 0.3699999999999999400, -0.1307734159136696439 ) ) ;
#2545 = LINE ( 'NONE', #691, #3444 ) ;
#2546 = FACE_OUTER_BOUND ( 'NONE', #1630, .T. ) ;
#2547 = LINE ( 'NONE', #3712, #1672 ) ;
#2548 = ORIENTED_EDGE ( 'NONE', *, *, #355, .F. ) ;
#2549 = CARTESIAN_POINT ( 'NONE',  ( -0.01375886979164640811, 0.3689999999999998281, 0.3301349817664693265 ) ) ;
#2550 = CARTESIAN_POINT ( 'NONE',  ( -0.06499999999999990508, 0.3689999999999999947, 0.1058333333333333209 ) ) ;
#2551 = CARTESIAN_POINT ( 'NONE',  ( 0.06408155257635143875, 0.3700000000000000511, 0.3471711710243681193 ) ) ;
#2552 = ORIENTED_EDGE ( 'NONE', *, *, #4953, .F. ) ;
#2553 = EDGE_LOOP ( 'NONE', ( #4357, #1184, #3323, #5063 ) ) ;
#2554 = EDGE_CURVE ( 'NONE', #26, #474, #4569, .T. ) ;
#2555 = LINE ( 'NONE', #929, #1749 ) ;
#2556 = EDGE_LOOP ( 'NONE', ( #2835, #4036, #3243, #1974 ) ) ;
#2557 = DIRECTION ( 'NONE',  ( -0.000000000000000000, 1.000000000000000000, -0.000000000000000000 ) ) ;
#2558 = DIRECTION ( 'NONE',  ( -0.8396462025818166586, 0.000000000000000000, -0.5431337353635244947 ) ) ;
#2559 = PLANE ( 'NONE',  #2092 ) ;
#2560 = CARTESIAN_POINT ( 'NONE',  ( 0.03415284053983959345, 0.3699999999999999400, 0.2890519724574968086 ) ) ;
#2561 = EDGE_CURVE ( 'NONE', #4791, #757, #997, .T. ) ;
#2562 = LINE ( 'NONE', #3359, #4090 ) ;
#2563 = PLANE ( 'NONE',  #3618 ) ;
#2564 = FILL_AREA_STYLE_COLOUR ( '', #3351 ) ;
#2565 = ADVANCED_FACE ( 'NONE', ( #3393 ), #1050, .F. ) ;
#2566 = CARTESIAN_POINT ( 'NONE',  ( 0.01286106921071533335, 0.3700000000000000511, 0.2908292154039540667 ) ) ;
#2567 = ORIENTED_EDGE ( 'NONE', *, *, #1582, .F. ) ;
#2568 = SURFACE_SIDE_STYLE ('',( #236 ) ) ;
#2569 = LINE ( 'NONE', #1103, #1239 ) ;
#2570 = LINE ( 'NONE', #3242, #4418 ) ;
#2571 = ORIENTED_EDGE ( 'NONE', *, *, #1731, .F. ) ;
#2572 = CARTESIAN_POINT ( 'NONE',  ( -0.01994415773505430964, 0.3690000000000001057, 0.3207954195287117116 ) ) ;
#2573 = DIRECTION ( 'NONE',  ( 0.000000000000000000, -0.000000000000000000, -1.000000000000000000 ) ) ;
#2574 = CARTESIAN_POINT ( 'NONE',  ( 5.208333333340349133E-05, 0.3699999999999999956, -0.1066666666666666596 ) ) ;
#2575 = EDGE_CURVE ( 'NONE', #3249, #2761, #1995, .T. ) ;
#2576 = ORIENTED_EDGE ( 'NONE', *, *, #377, .T. ) ;
#2577 = UNCERTAINTY_MEASURE_WITH_UNIT (LENGTH_MEASURE( 1.000000000000000082E-05 ), #285, 'distance_accuracy_value', 'NONE');
#2578 = ORIENTED_EDGE ( 'NONE', *, *, #3784, .F. ) ;
#2579 = FACE_OUTER_BOUND ( 'NONE', #1421, .T. ) ;
#2580 = ORIENTED_EDGE ( 'NONE', *, *, #942, .T. ) ;
#2581 = EDGE_CURVE ( 'NONE', #1333, #4839, #3977, .T. ) ;
#2582 = CARTESIAN_POINT ( 'NONE',  ( -0.1000000000000000194, -0.02000000000000000042, 0.4000000000000000777 ) ) ;
#2583 = LINE ( 'NONE', #1038, #3965 ) ;
#2584 = DIRECTION ( 'NONE',  ( 1.000000000000000000, 0.000000000000000000, 0.000000000000000000 ) ) ;
#2585 = FILL_AREA_STYLE_COLOUR ( '', #4188 ) ;
#2586 = EDGE_CURVE ( 'NONE', #4608, #3931, #121, .T. ) ;
#2587 = AXIS2_PLACEMENT_3D ( 'NONE', #293, #3048, #4687 ) ;
#2588 = DIRECTION ( 'NONE',  ( -1.000000000000000000, 0.000000000000000000, -2.168404344971008621E-16 ) ) ;
#2589 = CARTESIAN_POINT ( 'NONE',  ( 0.06500000000000007161, 0.3689999999999999947, 0.08666666666666666963 ) ) ;
#2590 = LINE ( 'NONE', #3000, #895 ) ;
#2591 = ORIENTED_EDGE ( 'NONE', *, *, #4802, .F. ) ;
#2592 = CARTESIAN_POINT ( 'NONE',  ( -0.04218320106709183559, 0.3689999999999999947, -0.08276983090616968353 ) ) ;
#2593 = DIRECTION ( 'NONE',  ( -0.000000000000000000, 1.000000000000000000, -0.000000000000000000 ) ) ;
#2594 = CARTESIAN_POINT ( 'NONE',  ( -0.01975041428798698928, 0.3690000000000000502, 0.2958859522691255628 ) ) ;
#2595 = ORIENTED_EDGE ( 'NONE', *, *, #871, .F. ) ;
#2596 = LINE ( 'NONE', #3296, #2205 ) ;
#2597 = LINE ( 'NONE', #823, #1708 ) ;
#2598 = PRESENTATION_LAYER_ASSIGNMENT (  '', '', ( #141 ) ) ;
#2599 = CARTESIAN_POINT ( 'NONE',  ( -0.06499999999999994671, 0.3689999999999999947, -0.07101562499999999889 ) ) ;
#2600 = ORIENTED_EDGE ( 'NONE', *, *, #4978, .F. ) ;
#2601 = ORIENTED_EDGE ( 'NONE', *, *, #2724, .T. ) ;
#2602 = CARTESIAN_POINT ( 'NONE',  ( -0.01329595892317987638, 0.3689999999999999392, -0.1059867271237492636 ) ) ;
#2603 = VECTOR ( 'NONE', #3549, 1000.000000000000000 ) ;
#2604 = PRESENTATION_STYLE_ASSIGNMENT (( #3507 ) ) ;
#2605 = ORIENTED_EDGE ( 'NONE', *, *, #3919, .F. ) ;
#2606 = VERTEX_POINT ( 'NONE', #2310 ) ;
#2607 = PLANE ( 'NONE',  #626 ) ;
#2608 = VECTOR ( 'NONE', #2165, 1000.000000000000000 ) ;
#2609 = CARTESIAN_POINT ( 'NONE',  ( -0.1999999999999999556, -0.02000000000000000042, -0.3000000000000000444 ) ) ;
#2610 = CARTESIAN_POINT ( 'NONE',  ( 0.06006852680181174603, 0.3689999999999999947, 0.3071112879433902099 ) ) ;
#2611 = VECTOR ( 'NONE', #1613, 1000.000000000000000 ) ;
#2612 = CARTESIAN_POINT ( 'NONE',  ( -0.06162920953274971664, 0.3689999999999998836, -0.09841055151615001051 ) ) ;
#2613 = EDGE_CURVE ( 'NONE', #620, #2108, #3921, .T. ) ;
#2614 = DIRECTION ( 'NONE',  ( 0.000000000000000000, 0.000000000000000000, 1.000000000000000000 ) ) ;
#2615 = SURFACE_STYLE_FILL_AREA ( #3788 ) ;
#2616 = CARTESIAN_POINT ( 'NONE',  ( 0.005000000000000107657, 0.3689999999999999947, 0.3284114583333334614 ) ) ;
#2617 = EDGE_LOOP ( 'NONE', ( #1140, #2578, #4582, #740 ) ) ;
#2618 = PRESENTATION_LAYER_ASSIGNMENT (  '', '', ( #889 ) ) ;
#2619 = AXIS2_PLACEMENT_3D ( 'NONE', #3711, #943, #1733 ) ;
#2620 = VECTOR ( 'NONE', #240, 1000.000000000000000 ) ;
#2621 = LINE ( 'NONE', #3064, #2116 ) ;
#2622 = CARTESIAN_POINT ( 'NONE',  ( 0.03667774930803981842, 0.3699999999999999400, -0.09675111988761669890 ) ) ;
#2623 = VERTEX_POINT ( 'NONE', #2365 ) ;
#2624 = LINE ( 'NONE', #1080, #1997 ) ;
#2625 = ORIENTED_EDGE ( 'NONE', *, *, #2739, .T. ) ;
#2626 = AXIS2_PLACEMENT_3D ( 'NONE', #4074, #970, #873 ) ;
#2627 = EDGE_LOOP ( 'NONE', ( #3796, #2190, #3519, #4261 ) ) ;
#2628 = EDGE_CURVE ( 'NONE', #2000, #5053, #1178, .T. ) ;
#2629 = CARTESIAN_POINT ( 'NONE',  ( 0.02948354097485859221, 0.3689999999999999947, 0.3731594695147835705 ) ) ;
#2630 = CARTESIAN_POINT ( 'NONE',  ( 0.005068122343980056670, 0.3700000000000000511, 0.3273973964378252277 ) ) ;
#2631 = EDGE_CURVE ( 'NONE', #3089, #1874, #1617, .T. ) ;
#2632 = B_SPLINE_CURVE_WITH_KNOTS ( 'NONE', 3,
 ( #147, #4956, #4983, #1012, #4197, #3281, #2083, #2195, #3305, #3672, #252 ),
 .UNSPECIFIED., .F., .F.,
 ( 4, 1, 1, 1, 1, 1, 1, 1, 4 ),
 ( 0.000000000000000000, 0.1363431944354203951, 0.2690930279684730086, 0.3977221775177790519, 0.5226435276616346881, 0.6451150183765602675, 0.7655561911784939388, 0.8836700787672537860, 1.000000000000000000 ),
 .UNSPECIFIED. ) ;
#2633 = ORIENTED_EDGE ( 'NONE', *, *, #4840, .T. ) ;
#2634 = EDGE_CURVE ( 'NONE', #1955, #421, #3583, .T. ) ;
#2635 = VERTEX_POINT ( 'NONE', #416 ) ;
#2636 =( NAMED_UNIT ( * ) SI_UNIT ( $, .STERADIAN. ) SOLID_ANGLE_UNIT ( ) );
#2637 = CARTESIAN_POINT ( 'NONE',  ( 0.06500000000000007161, 0.3689999999999999947, -0.1533333333333333770 ) ) ;
#2638 = CARTESIAN_POINT ( 'NONE',  ( 0.03015100116277626141, 0.3689999999999998836, 0.2884200399179601138 ) ) ;
#2639 = CARTESIAN_POINT ( 'NONE',  ( 0.2000000000000000111, -0.02000000000000000042, -0.04999999999999998890 ) ) ;
#2640 = CARTESIAN_POINT ( 'NONE',  ( -0.04329258578681163122, 0.3699999999999999956, 0.3298299422092593747 ) ) ;
#2641 = DIRECTION ( 'NONE',  ( 0.000000000000000000, -1.000000000000000000, 0.000000000000000000 ) ) ;
#2642 = CARTESIAN_POINT ( 'NONE',  ( 0.01872395833333344306, 0.3689999999999999947, 0.1599999999999999756 ) ) ;
#2643 = EDGE_CURVE ( 'NONE', #1338, #3291, #3557, .T. ) ;
#2644 = FILL_AREA_STYLE_COLOUR ( '', #4411 ) ;
#2645 = CARTESIAN_POINT ( 'NONE',  ( -0.04315606589353081918, 0.3699999999999999400, -0.07166710947188943692 ) ) ;
#2646 = CARTESIAN_POINT ( 'NONE',  ( 0.02166538136999100056, 0.3690000000000001057, -0.1045670263579088766 ) ) ;
#2647 = LINE ( 'NONE', #1788, #865 ) ;
#2648 = ORIENTED_EDGE ( 'NONE', *, *, #5089, .F. ) ;
#2649 = CARTESIAN_POINT ( 'NONE',  ( 0.000000000000000000, 0.000000000000000000, 0.000000000000000000 ) ) ;
#2650 = CARTESIAN_POINT ( 'NONE',  ( 0.06500000000000002998, 0.3689999999999999947, -0.2633333333333333637 ) ) ;
#2651 = CARTESIAN_POINT ( 'NONE',  ( 0.06500000000000002998, 0.3689999999999999947, -0.2883333333333333859 ) ) ;
#2652 = EDGE_LOOP ( 'NONE', ( #3462, #2907, #3717, #2470 ) ) ;
#2653 = EDGE_LOOP ( 'NONE', ( #1924, #70, #1416, #1397 ) ) ;
#2654 = VERTEX_POINT ( 'NONE', #4285 ) ;
#2655 = CARTESIAN_POINT ( 'NONE',  ( 0.05853945818644885890, 0.3699999999999998845, 0.3571905270013311928 ) ) ;
#2656 = CARTESIAN_POINT ( 'NONE',  ( -0.06499999999999990508, 0.3689999999999999947, 0.1058333333333333209 ) ) ;
#2657 = CARTESIAN_POINT ( 'NONE',  ( 0.007916580150554174480, 0.3700000000000000511, 0.3199223623315315401 ) ) ;
#2658 = ORIENTED_EDGE ( 'NONE', *, *, #4818, .T. ) ;
#2659 = EDGE_CURVE ( 'NONE', #321, #4014, #1209, .T. ) ;
#2660 = ORIENTED_EDGE ( 'NONE', *, *, #2199, .F. ) ;
#2661 = FILL_AREA_STYLE_COLOUR ( '', #506 ) ;
#2662 = CARTESIAN_POINT ( 'NONE',  ( 0.3000000000000000444, 0.000000000000000000, 0.4000000000000000222 ) ) ;
#2663 = B_SPLINE_SURFACE_WITH_KNOTS ( 'NONE', 3, 1, ( 
 ( #4637, #318 ),
 ( #3903, #676 ),
 ( #3018, #1084 ),
 ( #1032, #2243 ),
 ( #3430, #2219 ),
 ( #3458, #1496 ),
 ( #1474, #4578 ),
 ( #1922, #729 ),
 ( #3803, #1420 ),
 ( #3072, #5001 ),
 ( #1061, #4665 ) ),
 .UNSPECIFIED., .F., .F., .F.,
 ( 4, 1, 1, 1, 1, 1, 1, 1, 4 ),
 ( 2, 2 ),
 ( 0.000000000000000000, 0.1331978343624740935, 0.2630795403811827526, 0.3876611031449264111, 0.5115071050662580721, 0.6323856124295696990, 0.7532592432015575712, 0.8761016530293141980, 1.000000000000000000 ),
 ( 0.000000000000000000, 1.000000000000000000 ),
 .UNSPECIFIED. ) ;
#2664 = DIRECTION ( 'NONE',  ( 1.000000000000000000, -0.000000000000000000, -0.000000000000000000 ) ) ;
#2665 = CARTESIAN_POINT ( 'NONE',  ( -0.004348958333333228198, 0.3689999999999999947, 0.3120312500000001488 ) ) ;
#2666 = DIRECTION ( 'NONE',  ( 0.000000000000000000, 0.000000000000000000, 1.000000000000000000 ) ) ;
#2667 = CARTESIAN_POINT ( 'NONE',  ( -0.03041666666666656416, 0.3699999999999999956, 0.3700000000000001621 ) ) ;
#2668 = VECTOR ( 'NONE', #945, 1000.000000000000000 ) ;
#2669 = CARTESIAN_POINT ( 'NONE',  ( -0.06499999999999994671, 0.3689999999999999947, -0.07101562499999999889 ) ) ;
#2670 = MECHANICAL_DESIGN_GEOMETRIC_PRESENTATION_REPRESENTATION (  '', ( #526 ), #1836 ) ;
#2671 = DIRECTION ( 'NONE',  ( -0.000000000000000000, 1.000000000000000000, -0.000000000000000000 ) ) ;
#2672 = CARTESIAN_POINT ( 'NONE',  ( 0.04208333333333340309, 0.3689999999999999947, -0.08554687499999999445 ) ) ;
#2673 = DIRECTION ( 'NONE',  ( 0.000000000000000000, 0.000000000000000000, 1.000000000000000000 ) ) ;
#2674 = VERTEX_POINT ( 'NONE', #4847 ) ;
#2675 = SHAPE_DEFINITION_REPRESENTATION ( #475, #4339 ) ;
#2676 = CARTESIAN_POINT ( 'NONE',  ( 0.04208333333333340309, 0.3689999999999999947, -0.08554687499999999445 ) ) ;
#2677 = CARTESIAN_POINT ( 'NONE',  ( -0.06500067511661315744, 0.3689999999999999947, -0.07231790579720688561 ) ) ;
#2678 = ORIENTED_EDGE ( 'NONE', *, *, #742, .F. ) ;
#2679 = CARTESIAN_POINT ( 'NONE',  ( -0.0002431628287869765754, 0.3699999999999999956, -0.1316472404522461559 ) ) ;
#2680 = LINE ( 'NONE', #2298, #2258 ) ;
#2681 = EDGE_CURVE ( 'NONE', #570, #3924, #819, .T. ) ;
#2682 = CARTESIAN_POINT ( 'NONE',  ( -0.06499999999999994671, 0.3689999999999999947, -0.2416666666666667240 ) ) ;
#2683 = EDGE_LOOP ( 'NONE', ( #2395, #4053, #1065, #2741 ) ) ;
#2684 = ORIENTED_EDGE ( 'NONE', *, *, #679, .T. ) ;
#2685 = PLANE ( 'NONE',  #3600 ) ;
#2686 =( NAMED_UNIT ( * ) PLANE_ANGLE_UNIT ( ) SI_UNIT ( $, .RADIAN. ) );
#2687 = CARTESIAN_POINT ( 'NONE',  ( -0.06438833347555646125, 0.3699999999999999400, -0.08516817427304104737 ) ) ;
#2688 = VECTOR ( 'NONE', #4078, 1000.000000000000000 ) ;
#2689 = VERTEX_POINT ( 'NONE', #37 ) ;
#2690 = DIRECTION ( 'NONE',  ( 0.000000000000000000, 0.000000000000000000, -1.000000000000000000 ) ) ;
#2691 = DIRECTION ( 'NONE',  ( -0.1219985139472901103, 0.000000000000000000, -0.9925302829610049837 ) ) ;
#2692 = CARTESIAN_POINT ( 'NONE',  ( 0.02884943319524418265, 0.3700000000000000511, 0.3136131489627970170 ) ) ;
#2693 = CARTESIAN_POINT ( 'NONE',  ( 0.01000000000000006613, 0.3699999999999999956, -0.1783333333333333715 ) ) ;
#2694 = VECTOR ( 'NONE', #85, 1000.000000000000000 ) ;
#2695 = EDGE_CURVE ( 'NONE', #26, #4991, #1591, .T. ) ;
#2696 =( LENGTH_UNIT ( ) NAMED_UNIT ( * ) SI_UNIT ( .MILLI., .METRE. ) );
#2697 = FILL_AREA_STYLE ('',( #3167 ) ) ;
#2698 = CARTESIAN_POINT ( 'NONE',  ( -0.06438833347555646125, 0.3699999999999999400, -0.08516817427304104737 ) ) ;
#2699 = ORIENTED_EDGE ( 'NONE', *, *, #495, .F. ) ;
#2700 =( NAMED_UNIT ( * ) SI_UNIT ( $, .STERADIAN. ) SOLID_ANGLE_UNIT ( ) );
#2701 = DIRECTION ( 'NONE',  ( -0.000000000000000000, 1.000000000000000000, -0.000000000000000000 ) ) ;
#2702 = VECTOR ( 'NONE', #3787, 1000.000000000000000 ) ;
#2703 = CARTESIAN_POINT ( 'NONE',  ( -0.06500198972548190679, 0.3689999999999999947, -0.07485374901613138510 ) ) ;
#2704 = ORIENTED_EDGE ( 'NONE', *, *, #4474, .F. ) ;
#2705 = CARTESIAN_POINT ( 'NONE',  ( -0.03378375522939174730, 0.3700000000000001066, 0.3435060124716510788 ) ) ;
#2706 = VECTOR ( 'NONE', #4343, 1000.000000000000000 ) ;
#2707 = B_SPLINE_SURFACE_WITH_KNOTS ( 'NONE', 3, 1, ( 
 ( #3280, #3604 ),
 ( #886, #1654 ),
 ( #862, #3670 ),
 ( #4433, #2457 ),
 ( #1255, #4089 ),
 ( #145, #82 ),
 ( #2057, #3231 ) ),
 .UNSPECIFIED., .F., .F., .F.,
 ( 4, 1, 1, 1, 4 ),
 ( 2, 2 ),
 ( 0.000000000000000000, 0.2277752814381393820, 0.4681943463911059644, 0.7242247211419600150, 1.000000000000000000 ),
 ( 0.000000000000000000, 1.000000000000000000 ),
 .UNSPECIFIED. ) ;
#2708 = CARTESIAN_POINT ( 'NONE',  ( -0.03041666666666656069, 0.3699999999999999956, 0.3700000000000001066 ) ) ;
#2709 = FACE_OUTER_BOUND ( 'NONE', #4932, .T. ) ;
#2710 = VERTEX_POINT ( 'NONE', #4758 ) ;
#2711 = CARTESIAN_POINT ( 'NONE',  ( -0.05307752982602365055, 0.3689999999999998836, 0.3604563357096000620 ) ) ;
#2712 = ORIENTED_EDGE ( 'NONE', *, *, #4642, .T. ) ;
#2713 = ADVANCED_FACE ( 'NONE', ( #2392 ), #444, .F. ) ;
#2714 = DIRECTION ( 'NONE',  ( -0.000000000000000000, 1.000000000000000000, -0.000000000000000000 ) ) ;
#2715 = SURFACE_STYLE_USAGE ( .BOTH. , #3408 ) ;
#2716 = CARTESIAN_POINT ( 'NONE',  ( -0.03166666666666656527, 0.3699999999999999956, 0.2933333333333334458 ) ) ;
#2717 = DIRECTION ( 'NONE',  ( -0.8396181230867140188, 0.000000000000000000, 0.5431771418095052706 ) ) ;
#2718 = CARTESIAN_POINT ( 'NONE',  ( -0.05453598095610577567, 0.3689999999999999947, -0.1108576091686264836 ) ) ;
#2719 = DIRECTION ( 'NONE',  ( 0.000000000000000000, 0.000000000000000000, 1.000000000000000000 ) ) ;
#2720 = CARTESIAN_POINT ( 'NONE',  ( -0.02794889214850617906, 0.3690000000000000502, 0.3448241359629350411 ) ) ;
#2721 = CARTESIAN_POINT ( 'NONE',  ( -0.03265760404846196341, 0.3689999999999999947, 0.2933566760027802034 ) ) ;
#2722 = ADVANCED_FACE ( 'NONE', ( #2992 ), #933, .T. ) ;
#2723 = CARTESIAN_POINT ( 'NONE',  ( -0.0005618979847444822507, 0.3690000000000000502, 0.3023079614930215264 ) ) ;
#2724 = EDGE_CURVE ( 'NONE', #1194, #4426, #175, .T. ) ;
#2725 = CARTESIAN_POINT ( 'NONE',  ( -0.06499999999999994671, 0.3689999999999999947, -0.2416666666666667240 ) ) ;
#2726 = VERTEX_POINT ( 'NONE', #4119 ) ;
#2727 = CARTESIAN_POINT ( 'NONE',  ( 0.03878860723338009575, 0.3700000000000000511, -0.1235358543761811284 ) ) ;
#2728 = VERTEX_POINT ( 'NONE', #2139 ) ;
#2729 = CARTESIAN_POINT ( 'NONE',  ( -0.03038881205946064590, 0.3689999999999998836, 0.3444894879842966828 ) ) ;
#2730 = CARTESIAN_POINT ( 'NONE',  ( -0.03232524711841775616, 0.3700000000000001066, 0.3695875877431576417 ) ) ;
#2731 = ORIENTED_EDGE ( 'NONE', *, *, #2863, .T. ) ;
#2732 = DIRECTION ( 'NONE',  ( 7.013787883419519187E-13, 1.000000000000000000, -3.636024374974650316E-16 ) ) ;
#2733 = DIRECTION ( 'NONE',  ( 0.000000000000000000, -0.000000000000000000, -1.000000000000000000 ) ) ;
#2734 = ORIENTED_EDGE ( 'NONE', *, *, #4086, .F. ) ;
#2735 = EDGE_CURVE ( 'NONE', #3428, #4633, #1325, .T. ) ;
#2736 = ORIENTED_EDGE ( 'NONE', *, *, #756, .T. ) ;
#2737 = CARTESIAN_POINT ( 'NONE',  ( 0.04365931551109595438, 0.3700000000000001066, 0.3239344733349597827 ) ) ;
#2738 = CARTESIAN_POINT ( 'NONE',  ( -0.06500067511661315744, 0.3689999999999999947, -0.07231790579720688561 ) ) ;
#2739 = EDGE_CURVE ( 'NONE', #3249, #644, #3724, .T. ) ;
#2740 = PRODUCT_DEFINITION_FORMATION_WITH_SPECIFIED_SOURCE ( 'ANY', '', #3228, .NOT_KNOWN. ) ;
#2741 = ORIENTED_EDGE ( 'NONE', *, *, #3411, .T. ) ;
#2742 = DIRECTION ( 'NONE',  ( 1.000000000000000000, 0.000000000000000000, 0.000000000000000000 ) ) ;
#2743 = LINE ( 'NONE', #1509, #3938 ) ;
#2744 = DIRECTION ( 'NONE',  ( 1.546092538781562656E-12, 1.000000000000000000, 1.027493522207168007E-13 ) ) ;
#2745 = CARTESIAN_POINT ( 'NONE',  ( 0.03092284509237031714, 0.3699999999999999400, 0.3140025633870113797 ) ) ;
#2746 = EDGE_CURVE ( 'NONE', #951, #4520, #2966, .T. ) ;
#2747 = DIRECTION ( 'NONE',  ( -0.000000000000000000, 1.000000000000000000, -0.000000000000000000 ) ) ;
#2748 = DIRECTION ( 'NONE',  ( -1.000000000000000000, 0.000000000000000000, 0.000000000000000000 ) ) ;
#2749 = DIRECTION ( 'NONE',  ( -0.9933244679893434848, 0.000000000000000000, -0.1153538091858598430 ) ) ;
#2750 = DIRECTION ( 'NONE',  ( 3.011672701348632357E-16, 0.000000000000000000, -1.000000000000000000 ) ) ;
#2751 = VECTOR ( 'NONE', #1267, 1000.000000000000000 ) ;
#2752 = CARTESIAN_POINT ( 'NONE',  ( 0.03999026932789830763, 0.3700000000000001066, -0.09166113509154266703 ) ) ;
#2753 = ORIENTED_EDGE ( 'NONE', *, *, #653, .T. ) ;
#2754 = CARTESIAN_POINT ( 'NONE',  ( 0.04716548918108690730, 0.3700000000000000511, -0.1181388957206688517 ) ) ;
#2755 = ORIENTED_EDGE ( 'NONE', *, *, #2416, .T. ) ;
#2756 = VECTOR ( 'NONE', #939, 1000.000000000000000 ) ;
#2757 = CARTESIAN_POINT ( 'NONE',  ( -0.01617635281296715688, 0.3700000000000001066, 0.2979328082824156398 ) ) ;
#2758 = CARTESIAN_POINT ( 'NONE',  ( -0.05876256996882606165, 0.3699999999999999400, 0.3538057597343898797 ) ) ;
#2759 = ORIENTED_EDGE ( 'NONE', *, *, #4588, .T. ) ;
#2760 = DIRECTION ( 'NONE',  ( -0.000000000000000000, 1.000000000000000000, -0.000000000000000000 ) ) ;
#2761 = VERTEX_POINT ( 'NONE', #3780 ) ;
#2762 = ORIENTED_EDGE ( 'NONE', *, *, #4978, .T. ) ;
#2763 = DIRECTION ( 'NONE',  ( 1.000000000000000000, 0.000000000000000000, 0.000000000000000000 ) ) ;
#2764 = VECTOR ( 'NONE', #4091, 1000.000000000000000 ) ;
#2765 = B_SPLINE_SURFACE_WITH_KNOTS ( 'NONE', 3, 1, ( 
 ( #2230, #2667 ),
 ( #3390, #4990 ),
 ( #1834, #1432 ),
 ( #5045, #5016 ),
 ( #4622, #1886 ),
 ( #1073, #3471 ),
 ( #3863, #4232 ),
 ( #1485, #3060 ),
 ( #689, #306 ),
 ( #1857, #4651 ),
 ( #1098, #5067 ),
 ( #3107, #1537 ),
 ( #787, #3191 ),
 ( #4307, #1236 ),
 ( #4779, #4704 ) ),
 .UNSPECIFIED., .F., .F., .F.,
 ( 4, 1, 1, 1, 1, 1, 1, 1, 1, 1, 1, 1, 4 ),
 ( 2, 2 ),
 ( 0.000000000000000000, 0.1017358233774032089, 0.1947451560758219624, 0.2792838173807337121, 0.3570668033621515192, 0.4309976271683977900, 0.5058625711664631597, 0.5821441473217943141, 0.6615536340129621884, 0.7433065731176106139, 0.8259646756415645052, 0.9112062554456243912, 1.000000000000000000 ),
 ( 0.000000000000000000, 1.000000000000000000 ),
 .UNSPECIFIED. ) ;
#2766 = VECTOR ( 'NONE', #3527, 1000.000000000000000 ) ;
#2767 = ORIENTED_EDGE ( 'NONE', *, *, #1074, .T. ) ;
#2768 = CARTESIAN_POINT ( 'NONE',  ( 0.04500000000000011630, 0.3699999999999999956, 0.3307552083333334392 ) ) ;
#2769 = CARTESIAN_POINT ( 'NONE',  ( -0.01552285326990909646, 0.3689999999999999947, -0.1306328563520485209 ) ) ;
#2770 = CARTESIAN_POINT ( 'NONE',  ( -0.06222562537860330811, 0.3689999999999999947, -0.09655808994520083399 ) ) ;
#2771 = CARTESIAN_POINT ( 'NONE',  ( 0.03640681673721255646, 0.3690000000000000502, 0.3161409058865546351 ) ) ;
#2772 = CARTESIAN_POINT ( 'NONE',  ( 0.2500000000000001110, -0.02000000000000000042, 0.4200000000000000955 ) ) ;
#2773 = EDGE_CURVE ( 'NONE', #1162, #2000, #2632, .T. ) ;
#2774 = CARTESIAN_POINT ( 'NONE',  ( -0.03166666666666657221, 0.3699999999999999956, 0.2933333333333335013 ) ) ;
#2775 = DIRECTION ( 'NONE',  ( 1.355252715606880543E-16, 0.000000000000000000, 1.000000000000000000 ) ) ;
#2776 = AXIS2_PLACEMENT_3D ( 'NONE', #2993, #3381, #4586 ) ;
#2777 = CARTESIAN_POINT ( 'NONE',  ( 0.04327011075257166522, 0.3699999999999999400, -0.07421112890464653944 ) ) ;
#2778 = ORIENTED_EDGE ( 'NONE', *, *, #3456, .F. ) ;
#2779 = CARTESIAN_POINT ( 'NONE',  ( -0.04986551638024205868, 0.3700000000000000511, -0.1158138318214106399 ) ) ;
#2780 = VERTEX_POINT ( 'NONE', #1804 ) ;
#2781 = CARTESIAN_POINT ( 'NONE',  ( -0.04328868596782875500, 0.3699999999999999956, 0.3316302118805554699 ) ) ;
#2782 = PLANE ( 'NONE',  #1642 ) ;
#2783 = CARTESIAN_POINT ( 'NONE',  ( 0.03986195795303645872, 0.3699999999999999956, 0.3425352184216650109 ) ) ;
#2784 = ORIENTED_EDGE ( 'NONE', *, *, #1266, .T. ) ;
#2785 = ORIENTED_EDGE ( 'NONE', *, *, #1801, .F. ) ;
#2786 = VERTEX_POINT ( 'NONE', #3380 ) ;
#2787 = ADVANCED_FACE ( 'NONE', ( #2938 ), #1425, .T. ) ;
#2788 = AXIS2_PLACEMENT_3D ( 'NONE', #5047, #3870, #2288 ) ;
#2789 = DIRECTION ( 'NONE',  ( -0.000000000000000000, -1.000000000000000000, -0.000000000000000000 ) ) ;
#2790 = CARTESIAN_POINT ( 'NONE',  ( -0.01329595892317987638, 0.3699999999999999400, -0.1059867271237492636 ) ) ;
#2791 = ADVANCED_FACE ( 'NONE', ( #959 ), #1745, .F. ) ;
#2792 = ADVANCED_FACE ( 'NONE', ( #2112 ), #2559, .T. ) ;
#2793 = VECTOR ( 'NONE', #90, 1000.000000000000000 ) ;
#2794 = MECHANICAL_DESIGN_GEOMETRIC_PRESENTATION_REPRESENTATION (  '', ( #4455 ), #2871 ) ;
#2795 = ORIENTED_EDGE ( 'NONE', *, *, #2422, .T. ) ;
#2796 = FACE_OUTER_BOUND ( 'NONE', #2372, .T. ) ;
#2797 = CARTESIAN_POINT ( 'NONE',  ( 0.06223958333333341753, 0.3700000000000000511, -0.09552083333333334647 ) ) ;
#2798 = CARTESIAN_POINT ( 'NONE',  ( -0.04100103276243451805, 0.3690000000000000502, -0.1223606978440878179 ) ) ;
#2799 = CARTESIAN_POINT ( 'NONE',  ( 0.02516553793639457123, 0.3699999999999999956, 0.3133478017376246649 ) ) ;
#2800 = FACE_OUTER_BOUND ( 'NONE', #4386, .T. ) ;
#2801 = CLOSED_SHELL ( 'NONE', ( #3037, #4071, #4706, #2565, #955, #1614, #4501, #3278, #809, #1568, #454, #1751, #3994, #1653, #276, #4038, #2850, #1853, #3332, #4315, #3572, #5017, #2238, #1698, #65, #3709, #1253, #1567, #233, #5022, #4472, #2342, #2410, #4552, #4565, #3078, #956, #4461, #4725, #2096, #908, #1278, #5099, #4812, #2791, #2043, #1940, #52, #19, #1507, #1342, #275, #3062, #3652, #2082, #4700, #1770, #4328, #2845, #146, #3892, #28, #1589, #345, #1808, #291, #1628, #441, #4181, #3886, #2787, #2860, #2192, #5006, #4416, #1295, #536, #367, #4856, #3554, #2536, #4313, #1721, #3483, #2252, #4431, #2995, #5088, #1523, #2852, #2038, #2722, #3936, #1298, #344, #2792, #3495, #1353, #3440, #3274, #3805, #896, #1651, #1428, #2806, #277, #2305, #766, #2468 ) ) ;
#2802 = CARTESIAN_POINT ( 'NONE',  ( -0.009770152304810328717, 0.3699999999999999956, 0.3038866078715188324 ) ) ;
#2803 = DIRECTION ( 'NONE',  ( -1.000000000000000000, 0.000000000000000000, 0.000000000000000000 ) ) ;
#2804 = CARTESIAN_POINT ( 'NONE',  ( -0.003854166666666559212, 0.3689999999999999947, 0.1453906250000000233 ) ) ;
#2805 = CARTESIAN_POINT ( 'NONE',  ( -0.0002431628287869765754, 0.3699999999999999956, -0.1316472404522461559 ) ) ;
#2806 = ADVANCED_FACE ( 'NONE', ( #4585 ), #4877, .T. ) ;
#2807 = CARTESIAN_POINT ( 'NONE',  ( 0.06500000000000011324, 0.3689999999999999947, 0.2191666666666666763 ) ) ;
#2808 = FILL_AREA_STYLE_COLOUR ( '', #1795 ) ;
#2809 = CARTESIAN_POINT ( 'NONE',  ( 0.04208333333333340309, 0.3689999999999999947, -0.08554687499999999445 ) ) ;
#2810 = EDGE_LOOP ( 'NONE', ( #1493, #2660, #540, #3114, #3014, #3964, #4835, #74, #4085, #805 ) ) ;
#2811 = CARTESIAN_POINT ( 'NONE',  ( -0.01166666666666660648, 0.3699999999999999956, -0.1783333333333333715 ) ) ;
#2812 = CARTESIAN_POINT ( 'NONE',  ( -0.04327196347849796010, 0.3690000000000001057, -0.06831677812292338836 ) ) ;
#2813 = ORIENTED_EDGE ( 'NONE', *, *, #4797, .F. ) ;
#2814 = VERTEX_POINT ( 'NONE', #3355 ) ;
#2815 = ORIENTED_EDGE ( 'NONE', *, *, #4561, .F. ) ;
#2816 = CARTESIAN_POINT ( 'NONE',  ( 0.02440104166666677912, 0.3699999999999999956, 0.3133333333333334081 ) ) ;
#2817 = CARTESIAN_POINT ( 'NONE',  ( -0.04120392331541849334, 0.3699999999999999400, -0.08696667741357085035 ) ) ;
#2818 = CARTESIAN_POINT ( 'NONE',  ( -0.003854166666666559212, 0.3689999999999999947, 0.1746093750000000111 ) ) ;
#2819 = CARTESIAN_POINT ( 'NONE',  ( -0.04265988163968573860, 0.3699999999999999956, -0.07962300397750532444 ) ) ;
#2820 = CARTESIAN_POINT ( 'NONE',  ( -0.003169790649103189188, 0.3699999999999999400, -0.1316091646989054065 ) ) ;
#2821 = CARTESIAN_POINT ( 'NONE',  ( -0.06499999999999997446, 0.3699999999999999956, -0.3666666666666666963 ) ) ;
#2822 = CARTESIAN_POINT ( 'NONE',  ( -0.05608797282150782687, 0.3689999999999999947, 0.3049724456702963549 ) ) ;
#2823 = CARTESIAN_POINT ( 'NONE',  ( 0.03146919003671175968, 0.3689999999999998836, -0.1008059612098333446 ) ) ;
#2824 = DIRECTION ( 'NONE',  ( 1.000000000000000000, 0.000000000000000000, 0.000000000000000000 ) ) ;
#2825 =( GEOMETRIC_REPRESENTATION_CONTEXT ( 3 ) GLOBAL_UNCERTAINTY_ASSIGNED_CONTEXT ( ( #1739 ) ) GLOBAL_UNIT_ASSIGNED_CONTEXT ( ( #4654, #1757, #1048 ) ) REPRESENTATION_CONTEXT ( 'NONE', 'WORKASPACE' ) );
#2826 = DIRECTION ( 'NONE',  ( -1.000000000000000000, -0.000000000000000000, -9.965093497109414594E-17 ) ) ;
#2827 = CARTESIAN_POINT ( 'NONE',  ( 0.001250000000000070933, 0.3699999999999999956, -0.1316666666666666541 ) ) ;
#2828 = CARTESIAN_POINT ( 'NONE',  ( -0.06499999999999997446, 0.3699999999999999956, -0.3666666666666666963 ) ) ;
#2829 = CARTESIAN_POINT ( 'NONE',  ( 0.006566209546658055562, 0.3699999999999999400, 0.3374080316851855721 ) ) ;
#2830 = CARTESIAN_POINT ( 'NONE',  ( 0.04304042959037072957, 0.3690000000000000502, -0.07877019016400119145 ) ) ;
#2831 = ORIENTED_EDGE ( 'NONE', *, *, #2431, .T. ) ;
#2832 = CARTESIAN_POINT ( 'NONE',  ( 0.001250000000000070933, 0.3699999999999999956, -0.1316666666666666541 ) ) ;
#2833 = LINE ( 'NONE', #97, #4514 ) ;
#2834 = AXIS2_PLACEMENT_3D ( 'NONE', #2127, #134, #3294 ) ;
#2835 = ORIENTED_EDGE ( 'NONE', *, *, #883, .F. ) ;
#2836 = UNCERTAINTY_MEASURE_WITH_UNIT (LENGTH_MEASURE( 1.000000000000000082E-05 ), #1527, 'distance_accuracy_value', 'NONE');
#2837 = EDGE_CURVE ( 'NONE', #922, #5053, #366, .T. ) ;
#2838 = CARTESIAN_POINT ( 'NONE',  ( -0.06252604166666660135, 0.3699999999999999956, -0.09562499999999998779 ) ) ;
#2839 = ORIENTED_EDGE ( 'NONE', *, *, #2531, .T. ) ;
#2840 = CARTESIAN_POINT ( 'NONE',  ( -0.1400000000000000133, -0.02000000000000000042, -0.05000000000000005135 ) ) ;
#2841 = CARTESIAN_POINT ( 'NONE',  ( 0.005000000000000107657, 0.3689999999999999947, 0.3284114583333334614 ) ) ;
#2842 = CARTESIAN_POINT ( 'NONE',  ( 0.001250000000000070933, 0.3689999999999999947, -0.1316666666666666541 ) ) ;
#2843 = CARTESIAN_POINT ( 'NONE',  ( -0.01650758884014940503, 0.3700000000000001621, 0.3240501202547662052 ) ) ;
#2844 = CARTESIAN_POINT ( 'NONE',  ( 0.05187500000000007383, 0.3689999999999999947, -0.1138541666666666730 ) ) ;
#2845 = ADVANCED_FACE ( 'NONE', ( #3024 ), #1453, .T. ) ;
#2846 = VECTOR ( 'NONE', #3779, 1000.000000000000000 ) ;
#2847 = CARTESIAN_POINT ( 'NONE',  ( 0.06664263822765872924, 0.3689999999999998836, 0.3326927942239458202 ) ) ;
#2848 = DIRECTION ( 'NONE',  ( -0.8395445990741072784, 0.000000000000000000, -0.5432907749681531451 ) ) ;
#2849 = PLANE ( 'NONE',  #2260 ) ;
#2850 = ADVANCED_FACE ( 'NONE', ( #3464 ), #1145, .T. ) ;
#2851 = CARTESIAN_POINT ( 'NONE',  ( -0.04248878166726695327, 0.3699999999999999956, 0.3256415349041866802 ) ) ;
#2852 = ADVANCED_FACE ( 'NONE', ( #3488 ), #1880, .T. ) ;
#2853 = VECTOR ( 'NONE', #1340, 1000.000000000000000 ) ;
#2854 = DIRECTION ( 'NONE',  ( 0.000000000000000000, 1.000000000000000000, 0.000000000000000000 ) ) ;
#2855 = CARTESIAN_POINT ( 'NONE',  ( 0.02440104166666677912, 0.3689999999999999947, 0.3133333333333334081 ) ) ;
#2856 = ORIENTED_EDGE ( 'NONE', *, *, #4042, .T. ) ;
#2857 = DIRECTION ( 'NONE',  ( -0.000000000000000000, 1.000000000000000000, -0.000000000000000000 ) ) ;
#2858 = LINE ( 'NONE', #1270, #4436 ) ;
#2859 = AXIS2_PLACEMENT_3D ( 'NONE', #2084, #3630, #910 ) ;
#2860 = ADVANCED_FACE ( 'NONE', ( #5036 ), #4664, .T. ) ;
#2861 = EDGE_LOOP ( 'NONE', ( #1057, #2221, #2005, #1294 ) ) ;
#2862 = VERTEX_POINT ( 'NONE', #4842 ) ;
#2863 = EDGE_CURVE ( 'NONE', #3097, #4554, #1987, .T. ) ;
#2864 = VECTOR ( 'NONE', #2691, 1000.000000000000227 ) ;
#2865 = DIRECTION ( 'NONE',  ( -0.000000000000000000, 0.000000000000000000, -1.000000000000000000 ) ) ;
#2866 = CARTESIAN_POINT ( 'NONE',  ( 0.06038415489526721691, 0.3699999999999998845, -0.1009377466182031780 ) ) ;
#2867 = CARTESIAN_POINT ( 'NONE',  ( -0.06499999999999997446, 0.3689999999999999947, -0.2633333333333333637 ) ) ;
#2868 = AXIS2_PLACEMENT_3D ( 'NONE', #633, #334, #4566 ) ;
#2869 = LINE ( 'NONE', #124, #1777 ) ;
#2870 = FILL_AREA_STYLE_COLOUR ( '', #4869 ) ;
#2872 = CARTESIAN_POINT ( 'NONE',  ( -0.03597869764961091066, 0.3690000000000001057, 0.3687981382979170775 ) ) ;
#2871 =( GEOMETRIC_REPRESENTATION_CONTEXT ( 3 ) GLOBAL_UNCERTAINTY_ASSIGNED_CONTEXT ( ( #927 ) ) GLOBAL_UNIT_ASSIGNED_CONTEXT ( ( #531, #4833, #2048 ) ) REPRESENTATION_CONTEXT ( 'NONE', 'WORKASPACE' ) );
#2873 = CARTESIAN_POINT ( 'NONE',  ( -0.02352860939797386808, 0.3699999999999998290, 0.2944056342487123556 ) ) ;
#2874 = FILL_AREA_STYLE ('',( #178 ) ) ;
#2875 = SURFACE_SIDE_STYLE ('',( #3634 ) ) ;
#2876 = LINE ( 'NONE', #3443, #3041 ) ;
#2877 = EDGE_CURVE ( 'NONE', #512, #4766, #3194, .T. ) ;
#2878 = CARTESIAN_POINT ( 'NONE',  ( 0.01306559123674152882, 0.3689999999999999392, 0.3156675473904553830 ) ) ;
#2879 = ORIENTED_EDGE ( 'NONE', *, *, #2076, .F. ) ;
#2880 = CARTESIAN_POINT ( 'NONE',  ( 0.05187500000000007383, 0.3699999999999999956, -0.1138541666666666730 ) ) ;
#2881 = CARTESIAN_POINT ( 'NONE',  ( 0.06500000000000007161, 0.3689999999999999947, 0.06166666666666665436 ) ) ;
#2882 = CARTESIAN_POINT ( 'NONE',  ( 0.06068972507647002468, 0.3700000000000001621, 0.3540206504639564211 ) ) ;
#2883 = ORIENTED_EDGE ( 'NONE', *, *, #4138, .T. ) ;
#2884 = UNCERTAINTY_MEASURE_WITH_UNIT (LENGTH_MEASURE( 1.000000000000000082E-05 ), #3905, 'distance_accuracy_value', 'NONE');
#2885 = EDGE_LOOP ( 'NONE', ( #2595, #979, #918, #3534 ) ) ;
#2886 = CARTESIAN_POINT ( 'NONE',  ( 0.06500000000000007161, 0.3689999999999999947, -0.1783333333333333715 ) ) ;
#2887 = CARTESIAN_POINT ( 'NONE',  ( 0.005057634738053532440, 0.3690000000000001057, 0.3306638543643283801 ) ) ;
#2888 = CARTESIAN_POINT ( 'NONE',  ( -0.04304501698004660482, 0.3700000000000000511, -0.07466378026909391286 ) ) ;
#2889 = CARTESIAN_POINT ( 'NONE',  ( 0.06500000000000002998, 0.3689999999999999947, -0.3666666666666666963 ) ) ;
#2890 = FACE_OUTER_BOUND ( 'NONE', #3405, .T. ) ;
#2891 = CARTESIAN_POINT ( 'NONE',  ( 0.04123697268072150368, 0.3689999999999999392, -0.08871855157993829843 ) ) ;
#2892 = EDGE_CURVE ( 'NONE', #2726, #928, #404, .T. ) ;
#2893 =( LENGTH_UNIT ( ) NAMED_UNIT ( * ) SI_UNIT ( .MILLI., .METRE. ) );
#2894 = CARTESIAN_POINT ( 'NONE',  ( -0.04329258578681163122, 0.3699999999999999956, 0.3298299422092593747 ) ) ;
#2895 = ORIENTED_EDGE ( 'NONE', *, *, #600, .T. ) ;
#2896 =( NAMED_UNIT ( * ) PLANE_ANGLE_UNIT ( ) SI_UNIT ( $, .RADIAN. ) );
#2897 = DIRECTION ( 'NONE',  ( 0.000000000000000000, 0.000000000000000000, -1.000000000000000000 ) ) ;
#2898 = DIRECTION ( 'NONE',  ( 0.000000000000000000, -0.000000000000000000, -1.000000000000000000 ) ) ;
#2899 = EDGE_LOOP ( 'NONE', ( #242, #3277, #3050, #776 ) ) ;
#2900 = CARTESIAN_POINT ( 'NONE',  ( 0.04424427650158984510, 0.3689999999999999392, 0.3255488804534940606 ) ) ;
#2901 = CARTESIAN_POINT ( 'NONE',  ( -0.01610232950038081867, 0.3700000000000001066, -0.1056019274333977603 ) ) ;
#2902 = CARTESIAN_POINT ( 'NONE',  ( 0.05853945818644885890, 0.3699999999999998845, 0.3571905270013311928 ) ) ;
#2903 = VERTEX_POINT ( 'NONE', #1296 ) ;
#2904 = VERTEX_POINT ( 'NONE', #2353 ) ;
#2905 = LINE ( 'NONE', #542, #609 ) ;
#2906 = ADVANCED_FACE ( 'NONE', ( #859 ), #3574, .F. ) ;
#2907 = ORIENTED_EDGE ( 'NONE', *, *, #3550, .F. ) ;
#2908 = AXIS2_PLACEMENT_3D ( 'NONE', #1838, #1077, #3420 ) ;
#2909 = CARTESIAN_POINT ( 'NONE',  ( 0.006026055743050165447, 0.3689999999999998836, 0.3356403664350229299 ) ) ;
#2910 = DIRECTION ( 'NONE',  ( 1.000000000000000000, 0.000000000000000000, 0.000000000000000000 ) ) ;
#2911 = DIRECTION ( 'NONE',  ( 0.000000000000000000, 0.000000000000000000, 1.000000000000000000 ) ) ;
#2912 = LINE ( 'NONE', #4020, #1134 ) ;
#2913 = CARTESIAN_POINT ( 'NONE',  ( 0.05484470976132081038, 0.3690000000000000502, 0.3006125399708513002 ) ) ;
#2914 = LINE ( 'NONE', #962, #3419 ) ;
#2915 = DIRECTION ( 'NONE',  ( 0.000000000000000000, 0.000000000000000000, 1.000000000000000000 ) ) ;
#2916 = DIRECTION ( 'NONE',  ( 0.000000000000000000, 0.000000000000000000, 1.000000000000000000 ) ) ;
#2917 = CARTESIAN_POINT ( 'NONE',  ( -0.03513545272014267917, 0.3689999999999999947, 0.3190670782382225013 ) ) ;
#2918 = ORIENTED_EDGE ( 'NONE', *, *, #384, .F. ) ;
#2919 = AXIS2_PLACEMENT_3D ( 'NONE', #4954, #4166, #622 ) ;
#2920 = VECTOR ( 'NONE', #196, 1000.000000000000000 ) ;
#2921 = LINE ( 'NONE', #4518, #4369 ) ;
#2922 = SURFACE_STYLE_FILL_AREA ( #4102 ) ;
#2923 = VERTEX_POINT ( 'NONE', #2382 ) ;
#2924 = CARTESIAN_POINT ( 'NONE',  ( 0.03640681673721255646, 0.3690000000000000502, 0.3161409058865546351 ) ) ;
#2925 = LINE ( 'NONE', #4549, #473 ) ;
#2926 = DIRECTION ( 'NONE',  ( -2.168404344971008375E-16, -0.000000000000000000, 1.000000000000000000 ) ) ;
#2927 = ORIENTED_EDGE ( 'NONE', *, *, #4639, .T. ) ;
#2928 = AXIS2_PLACEMENT_3D ( 'NONE', #1391, #187, #2573 ) ;
#2929 = UNCERTAINTY_MEASURE_WITH_UNIT (LENGTH_MEASURE( 1.000000000000000082E-05 ), #4767, 'distance_accuracy_value', 'NONE');
#2930 = VERTEX_POINT ( 'NONE', #2035 ) ;
#2931 = DIRECTION ( 'NONE',  ( -1.000000000000000000, 0.000000000000000000, -0.000000000000000000 ) ) ;
#2932 = AXIS2_PLACEMENT_3D ( 'NONE', #3579, #3493, #5092 ) ;
#2933 = VERTEX_POINT ( 'NONE', #2452 ) ;
#2934 = EDGE_CURVE ( 'NONE', #3001, #1670, #3598, .T. ) ;
#2935 = EDGE_CURVE ( 'NONE', #2050, #4662, #3207, .T. ) ;
#2936 = DIRECTION ( 'NONE',  ( 0.000000000000000000, 0.000000000000000000, -1.000000000000000000 ) ) ;
#2937 = CARTESIAN_POINT ( 'NONE',  ( 0.02046875000000002512, 0.3689999999999999947, -0.3416666666666666741 ) ) ;
#2938 = FACE_OUTER_BOUND ( 'NONE', #3619, .T. ) ;
#2939 = DIRECTION ( 'NONE',  ( 0.000000000000000000, 0.000000000000000000, 1.000000000000000000 ) ) ;
#2940 = VECTOR ( 'NONE', #229, 1000.000000000000000 ) ;
#2941 = CARTESIAN_POINT ( 'NONE',  ( -0.06051781505887159768, 0.3699999999999999956, 0.3112940122489931682 ) ) ;
#2942 = AXIS2_PLACEMENT_3D ( 'NONE', #751, #448, #2028 ) ;
#2943 = DIRECTION ( 'NONE',  ( -0.000000000000000000, 1.000000000000000000, -0.000000000000000000 ) ) ;
#2944 = VECTOR ( 'NONE', #294, 1000.000000000000000 ) ;
#2945 = CARTESIAN_POINT ( 'NONE',  ( 0.02742428732425316110, 0.3699999999999999400, 0.2883625065036282686 ) ) ;
#2946 = CARTESIAN_POINT ( 'NONE',  ( 0.04500000000000011630, 0.3699999999999999956, 0.3307552083333334392 ) ) ;
#2947 = EDGE_CURVE ( 'NONE', #1843, #2447, #497, .T. ) ;
#2948 = CARTESIAN_POINT ( 'NONE',  ( -0.03755089955468122326, 0.3700000000000001066, 0.3201487933911080774 ) ) ;
#2949 = VERTEX_POINT ( 'NONE', #4529 ) ;
#2950 = CARTESIAN_POINT ( 'NONE',  ( 0.06223958333333341753, 0.3690000000000000502, -0.09552083333333334647 ) ) ;
#2951 = CARTESIAN_POINT ( 'NONE',  ( 0.02890625000000007078, 0.3699999999999999956, -0.1277083333333333404 ) ) ;
#2952 = CARTESIAN_POINT ( 'NONE',  ( 0.01872395833333344306, 0.3689999999999999947, 0.1599999999999999756 ) ) ;
#2953 = CARTESIAN_POINT ( 'NONE',  ( 0.003681650980578675403, 0.3690000000000000502, -0.1066338162459226219 ) ) ;
#2954 = EDGE_CURVE ( 'NONE', #2407, #2923, #1370, .T. ) ;
#2955 = EDGE_LOOP ( 'NONE', ( #731, #4477, #2267, #1082 ) ) ;
#2956 = DIRECTION ( 'NONE',  ( 0.000000000000000000, 0.000000000000000000, -1.000000000000000000 ) ) ;
#2957 = LINE ( 'NONE', #562, #150 ) ;
#2958 = CARTESIAN_POINT ( 'NONE',  ( 0.06483560663184712025, 0.3700000000000001066, -0.07922973354648991939 ) ) ;
#2959 = ORIENTED_EDGE ( 'NONE', *, *, #4103, .F. ) ;
#2960 = EDGE_LOOP ( 'NONE', ( #3592, #3883, #2762, #3962 ) ) ;
#2961 = CARTESIAN_POINT ( 'NONE',  ( -0.3000000000000000444, 0.000000000000000000, -0.4000000000000000222 ) ) ;
#2962 = EDGE_CURVE ( 'NONE', #1047, #2523, #2905, .T. ) ;
#2963 = VERTEX_POINT ( 'NONE', #1767 ) ;
#2964 = DIRECTION ( 'NONE',  ( 0.000000000000000000, 0.000000000000000000, 1.000000000000000000 ) ) ;
#2965 = DIRECTION ( 'NONE',  ( 0.000000000000000000, 0.000000000000000000, 1.000000000000000000 ) ) ;
#2966 = LINE ( 'NONE', #624, #621 ) ;
#2967 = FILL_AREA_STYLE_COLOUR ( '', #3852 ) ;
#2968 = CARTESIAN_POINT ( 'NONE',  ( -0.05330729166666656194, 0.3699999999999999956, 0.3022395833333334503 ) ) ;
#2969 = FILL_AREA_STYLE ('',( #4591 ) ) ;
#2970 = VECTOR ( 'NONE', #498, 1000.000000000000000 ) ;
#2971 = LINE ( 'NONE', #1855, #4527 ) ;
#2972 = LINE ( 'NONE', #2229, #79 ) ;
#2973 = B_SPLINE_SURFACE_WITH_KNOTS ( 'NONE', 3, 1, ( 
 ( #2070, #3662 ),
 ( #136, #4940 ),
 ( #2129, #4496 ),
 ( #2099, #3269 ),
 ( #2549, #947 ),
 ( #4890, #4155 ),
 ( #2181, #4521 ),
 ( #588, #159 ),
 ( #613, #974 ),
 ( #923, #1026 ),
 ( #2572, #3742 ),
 ( #2519, #3685 ),
 ( #1762, #1317 ),
 ( #4131, #1364 ),
 ( #2154, #212 ) ),
 .UNSPECIFIED., .F., .F., .F.,
 ( 4, 1, 1, 1, 1, 1, 1, 1, 1, 1, 1, 1, 4 ),
 ( 2, 2 ),
 ( 0.000000000000000000, 0.07641885326300999759, 0.1482904191154950646, 0.2170740203133401658, 0.2815011076373060139, 0.3437748541366866251, 0.4031687009141697864, 0.4622544862431246515, 0.5204846996932586123, 0.6352124401530325759, 0.7501348736231245873, 0.8706158062173825485, 1.000000000000000000 ),
 ( 0.000000000000000000, 1.000000000000000000 ),
 .UNSPECIFIED. ) ;
#2974 = ORIENTED_EDGE ( 'NONE', *, *, #4950, .T. ) ;
#2975 = CARTESIAN_POINT ( 'NONE',  ( 0.06498844475044503188, 0.3689999999999999392, -0.07359386978166314319 ) ) ;
#2976 =( NAMED_UNIT ( * ) PLANE_ANGLE_UNIT ( ) SI_UNIT ( $, .RADIAN. ) );
#2977 = CARTESIAN_POINT ( 'NONE',  ( 0.01046505352097230022, 0.3699999999999999956, -0.1063031651870393474 ) ) ;
#2978 = VERTEX_POINT ( 'NONE', #2160 ) ;
#2979 = CARTESIAN_POINT ( 'NONE',  ( 0.03471722819097894375, 0.3689999999999999947, 0.3152431410446122073 ) ) ;
#2980 = CARTESIAN_POINT ( 'NONE',  ( -0.01027434286494669641, 0.3699999999999999400, -0.1063048057163842319 ) ) ;
#2981 = CARTESIAN_POINT ( 'NONE',  ( 0.04707943453018252622, 0.3700000000000000511, 0.3673483168881434557 ) ) ;
#2982 = ORIENTED_EDGE ( 'NONE', *, *, #4413, .F. ) ;
#2983 = B_SPLINE_SURFACE_WITH_KNOTS ( 'NONE', 3, 1, ( 
 ( #3733, #1358 ),
 ( #4906, #3336 ),
 ( #994, #3656 ),
 ( #2917, #131 ),
 ( #1755, #2948 ),
 ( #4542, #2466 ),
 ( #3289, #3237 ),
 ( #528, #2851 ),
 ( #1680, #3264 ),
 ( #4857, #2894 ),
 ( #1311, #2090 ) ),
 .UNSPECIFIED., .F., .F., .F.,
 ( 4, 1, 1, 1, 1, 1, 1, 1, 4 ),
 ( 2, 2 ),
 ( 0.000000000000000000, 0.1433141648445022120, 0.2747945479033216953, 0.3988786765126384748, 0.5199875801737612324, 0.6370669278212894859, 0.7522631955628055200, 0.8714619168597947940, 1.000000000000000000 ),
 ( 0.000000000000000000, 1.000000000000000000 ),
 .UNSPECIFIED. ) ;
#2984 = VERTEX_POINT ( 'NONE', #4504 ) ;
#2985 = CARTESIAN_POINT ( 'NONE',  ( 0.06500000000000011324, 0.3699999999999999956, 0.1300520833333333182 ) ) ;
#2986 =( NAMED_UNIT ( * ) SI_UNIT ( $, .STERADIAN. ) SOLID_ANGLE_UNIT ( ) );
#2987 = ORIENTED_EDGE ( 'NONE', *, *, #4874, .T. ) ;
#2988 = EDGE_CURVE ( 'NONE', #4729, #2400, #4454, .T. ) ;
#2989 = B_SPLINE_CURVE_WITH_KNOTS ( 'NONE', 3,
 ( #3566, #4742, #2004, #3929, #2030, #3961, #1598 ),
 .UNSPECIFIED., .F., .F.,
 ( 4, 1, 1, 1, 4 ),
 ( 0.000000000000000000, 0.2757991245373854761, 0.5343130965644432573, 0.7740756836530848783, 1.000000000000000000 ),
 .UNSPECIFIED. ) ;
#2990 = CARTESIAN_POINT ( 'NONE',  ( 0.04331178460688932252, 0.3700000000000000511, -0.07162338358799358318 ) ) ;
#2991 = CARTESIAN_POINT ( 'NONE',  ( 0.001250000000000070933, 0.3689999999999999947, -0.1316666666666666541 ) ) ;
#2992 = FACE_OUTER_BOUND ( 'NONE', #4225, .T. ) ;
#2993 = CARTESIAN_POINT ( 'NONE',  ( -0.1799999999999999656, -0.02000000000000000042, 0.2200000000000000289 ) ) ;
#2994 = CARTESIAN_POINT ( 'NONE',  ( 0.04860885056700424423, 0.3689999999999999947, 0.2952204562143254107 ) ) ;
#2995 = ADVANCED_FACE ( 'NONE', ( #568 ), #952, .T. ) ;
#2996 = EDGE_LOOP ( 'NONE', ( #4081, #2211, #4629, #3661 ) ) ;
#2997 = CARTESIAN_POINT ( 'NONE',  ( -0.06252604166666660135, 0.3689999999999999947, -0.09562499999999998779 ) ) ;
#2998 = CARTESIAN_POINT ( 'NONE',  ( 0.1700000000000000677, -0.02000000000000000042, 0.1499999999999999944 ) ) ;
#2999 = FACE_OUTER_BOUND ( 'NONE', #1471, .T. ) ;
#3000 = CARTESIAN_POINT ( 'NONE',  ( 0.06500000000000002998, 0.3689999999999999947, -0.3397395833333333171 ) ) ;
#3001 = VERTEX_POINT ( 'NONE', #3747 ) ;
#3002 = EDGE_CURVE ( 'NONE', #4500, #2375, #2555, .T. ) ;
#3003 = LINE ( 'NONE', #4568, #1271 ) ;
#3004 = EDGE_CURVE ( 'NONE', #16, #3689, #1226, .T. ) ;
#3005 = CARTESIAN_POINT ( 'NONE',  ( -0.04240307159118022334, 0.3690000000000000502, -0.08158654803151148271 ) ) ;
#3006 = SURFACE_SIDE_STYLE ('',( #692 ) ) ;
#3007 = PRESENTATION_LAYER_ASSIGNMENT (  '', '', ( #3927 ) ) ;
#3008 =( NAMED_UNIT ( * ) SI_UNIT ( $, .STERADIAN. ) SOLID_ANGLE_UNIT ( ) );
#3009 = EDGE_CURVE ( 'NONE', #3587, #2814, #2134, .T. ) ;
#3010 = ORIENTED_EDGE ( 'NONE', *, *, #3646, .T. ) ;
#3011 = CARTESIAN_POINT ( 'NONE',  ( 0.02516553793639457123, 0.3689999999999999947, 0.3133478017376246649 ) ) ;
#3012 = CARTESIAN_POINT ( 'NONE',  ( -0.01869580619849743261, 0.3689999999999998836, -0.1051421613112771825 ) ) ;
#3013 = DIRECTION ( 'NONE',  ( -0.000000000000000000, 1.000000000000000000, -0.000000000000000000 ) ) ;
#3014 = ORIENTED_EDGE ( 'NONE', *, *, #3643, .F. ) ;
#3015 = ORIENTED_EDGE ( 'NONE', *, *, #2079, .T. ) ;
#3016 = CARTESIAN_POINT ( 'NONE',  ( 0.05853945818644885890, 0.3689999999999998836, 0.3571905270013311928 ) ) ;
#3017 = VECTOR ( 'NONE', #1401, 1000.000000000000227 ) ;
#3018 = CARTESIAN_POINT ( 'NONE',  ( -0.05094067368998296541, 0.3689999999999999392, 0.3001312367572794293 ) ) ;
#3019 = ORIENTED_EDGE ( 'NONE', *, *, #133, .T. ) ;
#3020 = ORIENTED_EDGE ( 'NONE', *, *, #479, .T. ) ;
#3021 = CARTESIAN_POINT ( 'NONE',  ( -0.06499999999999994671, 0.3689999999999999947, -0.1533333333333333770 ) ) ;
#3022 = LINE ( 'NONE', #173, #3017 ) ;
#3023 =( GEOMETRIC_REPRESENTATION_CONTEXT ( 3 ) GLOBAL_UNCERTAINTY_ASSIGNED_CONTEXT ( ( #4502 ) ) GLOBAL_UNIT_ASSIGNED_CONTEXT ( ( #4957, #625, #1954 ) ) REPRESENTATION_CONTEXT ( 'NONE', 'WORKASPACE' ) );
#3024 = FACE_OUTER_BOUND ( 'NONE', #797, .T. ) ;
#3025 = EDGE_CURVE ( 'NONE', #1162, #922, #593, .T. ) ;
#3026 = ORIENTED_EDGE ( 'NONE', *, *, #1550, .F. ) ;
#3027 =( LENGTH_UNIT ( ) NAMED_UNIT ( * ) SI_UNIT ( .MILLI., .METRE. ) );
#3028 = MANIFOLD_SOLID_BREP ( 'Cut-Extrude1', #2801 ) ;
#3029 = CARTESIAN_POINT ( 'NONE',  ( -0.03513545272014267917, 0.3699999999999999956, 0.3190670782382225013 ) ) ;
#3030 = LINE ( 'NONE', #4961, #3108 ) ;
#3031 = PLANE ( 'NONE',  #2868 ) ;
#3032 = MECHANICAL_DESIGN_GEOMETRIC_PRESENTATION_REPRESENTATION (  '', ( #4614 ), #4951 ) ;
#3033 = PRESENTATION_LAYER_ASSIGNMENT (  '', '', ( #3360 ) ) ;
#3034 = CARTESIAN_POINT ( 'NONE',  ( 0.06246777106867314189, 0.3689999999999999947, -0.09477721214396649108 ) ) ;
#3035 = FILL_AREA_STYLE_COLOUR ( '', #1870 ) ;
#3036 = CARTESIAN_POINT ( 'NONE',  ( 5.208333333340349133E-05, 0.3699999999999999956, -0.1066666666666666596 ) ) ;
#3037 = ADVANCED_FACE ( 'NONE', ( #1321, #4476, #4084, #2106, #2579, #3691, #3824, #4293 ), #3481, .T. ) ;
#3038 = CARTESIAN_POINT ( 'NONE',  ( 0.1799999999999994382, -0.02000000000000000042, 0.1499999999999999944 ) ) ;
#3039 = EDGE_LOOP ( 'NONE', ( #3124, #617, #330, #3901 ) ) ;
#3040 = CARTESIAN_POINT ( 'NONE',  ( -0.04178484245346580223, 0.3690000000000000502, -0.08454936675009351588 ) ) ;
#3041 = VECTOR ( 'NONE', #231, 1000.000000000000000 ) ;
#3042 = DIRECTION ( 'NONE',  ( -0.000000000000000000, 1.000000000000000000, -0.000000000000000000 ) ) ;
#3043 = VERTEX_POINT ( 'NONE', #5056 ) ;
#3044 = VECTOR ( 'NONE', #623, 1000.000000000000000 ) ;
#3045 = VERTEX_POINT ( 'NONE', #2270 ) ;
#3046 = ORIENTED_EDGE ( 'NONE', *, *, #1418, .F. ) ;
#3047 = CARTESIAN_POINT ( 'NONE',  ( 5.208333333340349133E-05, 0.3689999999999999947, -0.1066666666666666596 ) ) ;
#3048 = DIRECTION ( 'NONE',  ( 0.000000000000000000, 1.000000000000000000, 0.000000000000000000 ) ) ;
#3049 = DIRECTION ( 'NONE',  ( -0.000000000000000000, 1.000000000000000000, -0.000000000000000000 ) ) ;
#3050 = ORIENTED_EDGE ( 'NONE', *, *, #1822, .T. ) ;
#3051 = EDGE_LOOP ( 'NONE', ( #780, #1054, #2895, #1794 ) ) ;
#3052 = B_SPLINE_CURVE_WITH_KNOTS ( 'NONE', 3,
 ( #3088, #1489, #3066, #5073, #4657, #2698, #3366, #4287, #1104, #3395, #3763 ),
 .UNSPECIFIED., .F., .F.,
 ( 4, 1, 1, 1, 1, 1, 1, 1, 4 ),
 ( 0.000000000000000000, 0.1574696105658205392, 0.3066299103822053285, 0.4453947960140403062, 0.5739867641878378945, 0.6944366174725873364, 0.8048975949917163142, 0.9068122228658739292, 1.000000000000000000 ),
 .UNSPECIFIED. ) ;
#3053 = FILL_AREA_STYLE ('',( #2661 ) ) ;
#3054 = CARTESIAN_POINT ( 'NONE',  ( 0.03565614126724765687, 0.3699999999999998845, -0.1250694780143951357 ) ) ;
#3055 = CARTESIAN_POINT ( 'NONE',  ( 0.06663160209640617282, 0.3699999999999999956, 0.3297815066703470577 ) ) ;
#3056 = CARTESIAN_POINT ( 'NONE',  ( -0.0002431628287869765754, 0.3689999999999999947, -0.1316472404522461559 ) ) ;
#3057 = CARTESIAN_POINT ( 'NONE',  ( 0.05182208141154776015, 0.3699999999999999400, 0.2977409579519693095 ) ) ;
#3058 = DIRECTION ( 'NONE',  ( 0.000000000000000000, 0.000000000000000000, -1.000000000000000000 ) ) ;
#3059 = ORIENTED_EDGE ( 'NONE', *, *, #2962, .T. ) ;
#3060 = CARTESIAN_POINT ( 'NONE',  ( -0.05610653468684694001, 0.3699999999999999956, 0.3573596190532918326 ) ) ;
#3061 = ORIENTED_EDGE ( 'NONE', *, *, #502, .F. ) ;
#3062 = ADVANCED_FACE ( 'NONE', ( #1894 ), #267, .T. ) ;
#3063 = DIRECTION ( 'NONE',  ( 0.000000000000000000, -0.000000000000000000, -1.000000000000000000 ) ) ;
#3064 = CARTESIAN_POINT ( 'NONE',  ( -0.06499999999999994671, 0.3699999999999999956, -0.2416666666666667240 ) ) ;
#3065 = CARTESIAN_POINT ( 'NONE',  ( 0.01645710177143260358, 0.3689999999999999947, -0.1055964731228814651 ) ) ;
#3066 = CARTESIAN_POINT ( 'NONE',  ( -0.06500198972548190679, 0.3699999999999999956, -0.07485374901613138510 ) ) ;
#3067 = ORIENTED_EDGE ( 'NONE', *, *, #2415, .F. ) ;
#3068 = LINE ( 'NONE', #342, #2501 ) ;
#3069 = ORIENTED_EDGE ( 'NONE', *, *, #2330, .T. ) ;
#3070 = VECTOR ( 'NONE', #1224, 1000.000000000000000 ) ;
#3071 = DIRECTION ( 'NONE',  ( -0.000000000000000000, -0.000000000000000000, -1.000000000000000000 ) ) ;
#3072 = CARTESIAN_POINT ( 'NONE',  ( -0.03265760404846196341, 0.3689999999999999947, 0.2933566760027802034 ) ) ;
#3073 = CARTESIAN_POINT ( 'NONE',  ( -0.06499999999999990508, 0.3689999999999999947, 0.2141666666666666718 ) ) ;
#3074 = ORIENTED_EDGE ( 'NONE', *, *, #4203, .F. ) ;
#3075 = ORIENTED_EDGE ( 'NONE', *, *, #2575, .F. ) ;
#3076 = AXIS2_PLACEMENT_3D ( 'NONE', #743, #3472, #3109 ) ;
#3077 = EDGE_CURVE ( 'NONE', #3097, #4729, #3403, .T. ) ;
#3078 = ADVANCED_FACE ( 'NONE', ( #1137 ), #2663, .T. ) ;
#3079 = CARTESIAN_POINT ( 'NONE',  ( -0.04314301995358471586, 0.3700000000000000511, 0.2955027672744015010 ) ) ;
#3080 = B_SPLINE_SURFACE_WITH_KNOTS ( 'NONE', 3, 1, ( 
 ( #4498, #3298 ),
 ( #1341, #4524 ),
 ( #3744, #3344 ),
 ( #2522, #3372 ),
 ( #4942, #1366 ),
 ( #4108, #511 ),
 ( #1394, #4973 ),
 ( #615, #2958 ),
 ( #2183, #3767 ),
 ( #4574, #2072 ),
 ( #3665, #138 ) ),
 .UNSPECIFIED., .F., .F., .F.,
 ( 4, 1, 1, 1, 1, 1, 1, 1, 4 ),
 ( 2, 2 ),
 ( 0.000000000000000000, 0.09988759028427456055, 0.2073115251751778132, 0.3208382515650403111, 0.4424484344438348038, 0.5701847947552136642, 0.7054324649105985223, 0.8494160446299467981, 1.000000000000000000 ),
 ( 0.000000000000000000, 1.000000000000000000 ),
 .UNSPECIFIED. ) ;
#3081 = CARTESIAN_POINT ( 'NONE',  ( -0.003854166666666559212, 0.3689999999999999947, 0.1453906250000000233 ) ) ;
#3082 = FACE_OUTER_BOUND ( 'NONE', #3470, .T. ) ;
#3083 = CARTESIAN_POINT ( 'NONE',  ( 0.04424427650158984510, 0.3699999999999999400, 0.3255488804534940606 ) ) ;
#3084 = STYLED_ITEM ( 'NONE', ( #4546 ), #3278 ) ;
#3085 = PLANE ( 'NONE',  #1035 ) ;
#3086 = DIRECTION ( 'NONE',  ( -0.8395445990741072784, 0.000000000000000000, -0.5432907749681531451 ) ) ;
#3087 = DIRECTION ( 'NONE',  ( -0.000000000000000000, 1.000000000000000000, -0.000000000000000000 ) ) ;
#3088 = CARTESIAN_POINT ( 'NONE',  ( -0.06499999999999994671, 0.3699999999999999956, -0.07101562499999999889 ) ) ;
#3089 = VERTEX_POINT ( 'NONE', #1110 ) ;
#3090 = CARTESIAN_POINT ( 'NONE',  ( -0.02386724247548217478, 0.3699999999999999400, -0.1037202051985306600 ) ) ;
#3091 = EDGE_CURVE ( 'NONE', #2400, #2407, #2680, .T. ) ;
#3092 = CARTESIAN_POINT ( 'NONE',  ( -0.002824451430421676557, 0.3699999999999999956, 0.3069165981953574929 ) ) ;
#3093 = VERTEX_POINT ( 'NONE', #347 ) ;
#3094 = CARTESIAN_POINT ( 'NONE',  ( 0.06666666666666677676, 0.3699999999999999956, 0.3312760416666667984 ) ) ;
#3095 = FILL_AREA_STYLE ('',( #4243 ) ) ;
#3096 = LINE ( 'NONE', #3431, #3118 ) ;
#3097 = VERTEX_POINT ( 'NONE', #5082 ) ;
#3098 = ORIENTED_EDGE ( 'NONE', *, *, #4203, .T. ) ;
#3099 = CARTESIAN_POINT ( 'NONE',  ( 0.03944602239593859860, 0.3700000000000001066, 0.3183246193689562853 ) ) ;
#3100 = CARTESIAN_POINT ( 'NONE',  ( -0.06313530753499455028, 0.3699999999999999956, -0.09332010377142711810 ) ) ;
#3101 = EDGE_CURVE ( 'NONE', #1429, #3399, #1155, .T. ) ;
#3102 = EDGE_CURVE ( 'NONE', #1501, #1162, #2989, .T. ) ;
#3103 = COLOUR_RGB ( '',0.2980392156862745057, 0.2980392156862745057, 0.2980392156862745057 ) ;
#3104 = CARTESIAN_POINT ( 'NONE',  ( 0.006193080477447987509, 0.3689999999999999392, 0.3225062652014146769 ) ) ;
#3105 = CARTESIAN_POINT ( 'NONE',  ( -0.02626526366540444732, 0.3700000000000000511, -0.1284529039038915244 ) ) ;
#3106 = CARTESIAN_POINT ( 'NONE',  ( -0.06252604166666660135, 0.3699999999999999956, -0.09562499999999998779 ) ) ;
#3107 = CARTESIAN_POINT ( 'NONE',  ( -0.06404938920276841141, 0.3690000000000000502, 0.3408553928873088723 ) ) ;
#3108 = VECTOR ( 'NONE', #3389, 1000.000000000000000 ) ;
#3109 = DIRECTION ( 'NONE',  ( -1.000000000000000000, 0.000000000000000000, 0.000000000000000000 ) ) ;
#3110 = CARTESIAN_POINT ( 'NONE',  ( 0.03986195795303645872, 0.3689999999999999947, 0.3425352184216650109 ) ) ;
#3111 = DIRECTION ( 'NONE',  ( 1.000000000000000000, 0.000000000000000000, 3.011672701348632357E-16 ) ) ;
#3112 = EDGE_CURVE ( 'NONE', #1933, #3966, #469, .T. ) ;
#3113 = CARTESIAN_POINT ( 'NONE',  ( 0.04333333333333340420, 0.3699999999999999956, -0.06890624999999998834 ) ) ;
#3114 = ORIENTED_EDGE ( 'NONE', *, *, #490, .F. ) ;
#3115 =( NAMED_UNIT ( * ) PLANE_ANGLE_UNIT ( ) SI_UNIT ( $, .RADIAN. ) );
#3116 = CARTESIAN_POINT ( 'NONE',  ( 0.03235269383161604867, 0.3689999999999999392, -0.1264783194084192486 ) ) ;
#3117 = CARTESIAN_POINT ( 'NONE',  ( -0.004140205328592790231, 0.3699999999999999956, 0.3111496301113768070 ) ) ;
#3118 = VECTOR ( 'NONE', #730, 1000.000000000000000 ) ;
#3119 = ORIENTED_EDGE ( 'NONE', *, *, #2136, .F. ) ;
#3120 = EDGE_CURVE ( 'NONE', #211, #1918, #2, .T. ) ;
#3121 = CARTESIAN_POINT ( 'NONE',  ( -0.005201944465477523726, 0.3699999999999999956, 0.3105518062626211884 ) ) ;
#3122 = VECTOR ( 'NONE', #4050, 1000.000000000000000 ) ;
#3123 = CARTESIAN_POINT ( 'NONE',  ( -0.04248878166726695327, 0.3689999999999999947, 0.3256415349041866802 ) ) ;
#3124 = ORIENTED_EDGE ( 'NONE', *, *, #2877, .F. ) ;
#3125 = DIRECTION ( 'NONE',  ( 0.8396181230867137968, 0.000000000000000000, 0.5431771418095056037 ) ) ;
#3126 =( NAMED_UNIT ( * ) PLANE_ANGLE_UNIT ( ) SI_UNIT ( $, .RADIAN. ) );
#3127 = ORIENTED_EDGE ( 'NONE', *, *, #2253, .T. ) ;
#3128 = PRESENTATION_LAYER_ASSIGNMENT (  '', '', ( #2462 ) ) ;
#3129 = CARTESIAN_POINT ( 'NONE',  ( -0.06404938920276841141, 0.3690000000000000502, 0.3408553928873088723 ) ) ;
#3130 = VERTEX_POINT ( 'NONE', #1161 ) ;
#3131 = EDGE_CURVE ( 'NONE', #3827, #4321, #1818, .T. ) ;
#3132 = DIRECTION ( 'NONE',  ( -0.000000000000000000, 0.000000000000000000, 1.000000000000000000 ) ) ;
#3133 = FILL_AREA_STYLE_COLOUR ( '', #5014 ) ;
#3134 = B_SPLINE_CURVE_WITH_KNOTS ( 'NONE', 3,
 ( #2950, #3034, #1075, #281, #608, #4178, #996, #2174, #3760, #2975, #234 ),
 .UNSPECIFIED., .F., .F.,
 ( 4, 1, 1, 1, 1, 1, 1, 1, 4 ),
 ( 0.000000000000000000, 0.09988759028427456055, 0.2073115251751778132, 0.3208382515650403111, 0.4424484344438348038, 0.5701847947552136642, 0.7054324649105985223, 0.8494160446299467981, 1.000000000000000000 ),
 .UNSPECIFIED. ) ;
#3135 =( NAMED_UNIT ( * ) PLANE_ANGLE_UNIT ( ) SI_UNIT ( $, .RADIAN. ) );
#3136 = EDGE_LOOP ( 'NONE', ( #4571, #565, #5074, #2605 ) ) ;
#3137 = CARTESIAN_POINT ( 'NONE',  ( 0.04484294040988513752, 0.3690000000000000502, 0.3340364517388194621 ) ) ;
#3138 = CARTESIAN_POINT ( 'NONE',  ( -0.03049439250639076823, 0.3689999999999998836, -0.1271439302165555951 ) ) ;
#3139 = CARTESIAN_POINT ( 'NONE',  ( -0.05926666922012708422, 0.3699999999999999400, -0.1036840253034258530 ) ) ;
#3140 = CARTESIAN_POINT ( 'NONE',  ( 0.008333333333333445975, 0.3689999999999999947, 0.2216666666666668173 ) ) ;
#3141 = CARTESIAN_POINT ( 'NONE',  ( -0.05424078334674045654, 0.3699999999999999400, 0.3031570219436180436 ) ) ;
#3142 = CARTESIAN_POINT ( 'NONE',  ( -0.3000000000000000444, 0.3699999999999999956, -0.4000000000000000222 ) ) ;
#3143 = CARTESIAN_POINT ( 'NONE',  ( 0.03349189772152150885, 0.3689999999999999947, 0.3464277406744437626 ) ) ;
#3144 = CARTESIAN_POINT ( 'NONE',  ( 0.01872395833333344306, 0.3689999999999999947, 0.1599999999999999756 ) ) ;
#3145 = CARTESIAN_POINT ( 'NONE',  ( 0.04208333333333340309, 0.3699999999999999956, -0.08554687499999999445 ) ) ;
#3146 = ORIENTED_EDGE ( 'NONE', *, *, #1859, .F. ) ;
#3147 = CARTESIAN_POINT ( 'NONE',  ( -0.004348958333333228198, 0.3699999999999999956, 0.3120312500000001488 ) ) ;
#3148 = ORIENTED_EDGE ( 'NONE', *, *, #355, .T. ) ;
#3149 = FACE_OUTER_BOUND ( 'NONE', #875, .T. ) ;
#3150 = CARTESIAN_POINT ( 'NONE',  ( 0.04218051616476141408, 0.3699999999999999956, 0.3400101133498403816 ) ) ;
#3151 = STYLED_ITEM ( 'NONE', ( #2191 ), #276 ) ;
#3152 = ORIENTED_EDGE ( 'NONE', *, *, #1202, .T. ) ;
#3153 = CARTESIAN_POINT ( 'NONE',  ( -0.02643229166666656235, 0.3689999999999999947, 0.1599999999999999756 ) ) ;
#3154 = LINE ( 'NONE', #2377, #2367 ) ;
#3155 = ORIENTED_EDGE ( 'NONE', *, *, #2422, .F. ) ;
#3156 = VERTEX_POINT ( 'NONE', #1189 ) ;
#3157 = CARTESIAN_POINT ( 'NONE',  ( 0.03000000000000011338, 0.3699999999999999956, 0.2700000000000001288 ) ) ;
#3158 = CARTESIAN_POINT ( 'NONE',  ( -0.02105944625020038027, 0.3700000000000000511, -0.1045706679137003853 ) ) ;
#3159 = EDGE_CURVE ( 'NONE', #639, #4720, #2344, .T. ) ;
#3160 = ORIENTED_EDGE ( 'NONE', *, *, #3646, .F. ) ;
#3161 = CARTESIAN_POINT ( 'NONE',  ( 0.02028305728709983366, 0.3699999999999999956, 0.3134869009556356390 ) ) ;
#3162 = CARTESIAN_POINT ( 'NONE',  ( -0.06252604166666660135, 0.3689999999999999947, -0.09562499999999998779 ) ) ;
#3163 = CARTESIAN_POINT ( 'NONE',  ( 0.03287595382646791436, 0.3699999999999999400, 0.3145472707304545756 ) ) ;
#3164 = CARTESIAN_POINT ( 'NONE',  ( 0.02500000000000011241, 0.3689999999999999947, 0.3483333333333334947 ) ) ;
#3165 = LINE ( 'NONE', #336, #3252 ) ;
#3166 = CARTESIAN_POINT ( 'NONE',  ( 0.03000000000000011338, 0.3689999999999999947, 0.2216666666666668173 ) ) ;
#3167 = FILL_AREA_STYLE_COLOUR ( '', #322 ) ;
#3168 = CIRCLE ( 'NONE', #2834, 0.07000000000000002054 ) ;
#3169 = CARTESIAN_POINT ( 'NONE',  ( 0.04331178460688932252, 0.3700000000000000511, -0.07162338358799358318 ) ) ;
#3170 = ORIENTED_EDGE ( 'NONE', *, *, #4087, .F. ) ;
#3171 = CARTESIAN_POINT ( 'NONE',  ( 0.04716548918108690730, 0.3690000000000000502, -0.1181388957206688517 ) ) ;
#3172 = EDGE_CURVE ( 'NONE', #4685, #3156, #4162, .T. ) ;
#3173 = ORIENTED_EDGE ( 'NONE', *, *, #1327, .T. ) ;
#3174 = ADVANCED_FACE ( 'NONE', ( #2425 ), #4013, .F. ) ;
#3175 = FACE_OUTER_BOUND ( 'NONE', #42, .T. ) ;
#3176 = CARTESIAN_POINT ( 'NONE',  ( -0.06499999999999997446, 0.3699999999999999956, -0.2894531249999999778 ) ) ;
#3177 = CARTESIAN_POINT ( 'NONE',  ( 0.04332596720941608165, 0.3689999999999999947, -0.06983506325311771012 ) ) ;
#3178 = ORIENTED_EDGE ( 'NONE', *, *, #4538, .T. ) ;
#3179 = CARTESIAN_POINT ( 'NONE',  ( 0.001250000000000070933, 0.3689999999999999947, -0.1316666666666666541 ) ) ;
#3180 = ORIENTED_EDGE ( 'NONE', *, *, #4302, .F. ) ;
#3181 = VERTEX_POINT ( 'NONE', #2097 ) ;
#3182 = CARTESIAN_POINT ( 'NONE',  ( -0.04333333333333326542, 0.3699999999999999956, -0.2416666666666667240 ) ) ;
#3183 = CARTESIAN_POINT ( 'NONE',  ( -0.02702484359150449100, 0.3699999999999999956, -0.1024331678510329857 ) ) ;
#3184 = PRESENTATION_LAYER_ASSIGNMENT (  '', '', ( #1212 ) ) ;
#3185 = EDGE_LOOP ( 'NONE', ( #3400, #3020, #1976, #1199, #2576, #3341, #3944, #1105, #2712, #3015, #2217, #2408, #635, #1890, #99, #3069, #732 ) ) ;
#3186 = CARTESIAN_POINT ( 'NONE',  ( 0.03349189772152150885, 0.3689999999999999947, 0.3464277406744437626 ) ) ;
#3187 = DIRECTION ( 'NONE',  ( -0.8396462025818165475, 0.000000000000000000, -0.5431337353635246057 ) ) ;
#3188 = EDGE_CURVE ( 'NONE', #583, #1670, #206, .T. ) ;
#3189 = LINE ( 'NONE', #4777, #91 ) ;
#3190 = CARTESIAN_POINT ( 'NONE',  ( 0.04282595334974539925, 0.3699999999999999400, 0.3224402264884843605 ) ) ;
#3191 = CARTESIAN_POINT ( 'NONE',  ( -0.06486061129382168777, 0.3699999999999998290, 0.3359833607114404153 ) ) ;
#3192 = CARTESIAN_POINT ( 'NONE',  ( 0.006198638436479401471, 0.3690000000000000502, 0.2947540196924641198 ) ) ;
#3193 = CARTESIAN_POINT ( 'NONE',  ( 0.01046505352097230022, 0.3699999999999999956, -0.1063031651870393474 ) ) ;
#3194 = B_SPLINE_CURVE_WITH_KNOTS ( 'NONE', 3,
 ( #51, #1225, #3626, #4821, #1608, #2790, #3968, #1252, #3158, #1274, #3183, #836, #4429, #1197, #100, #1671, #2817, #3645, #433 ),
 .UNSPECIFIED., .F., .F.,
 ( 4, 1, 1, 1, 1, 1, 1, 1, 1, 1, 1, 1, 1, 1, 1, 1, 4 ),
 ( 0.000000000000000000, 0.06986395583111670859, 0.1353396447139767755, 0.1964683791046254180, 0.2538392193353500303, 0.3074799172489006138, 0.3569815213163380352, 0.4030387408847335151, 0.4452118752852401995, 0.5231360276600268699, 0.5959746701166991345, 0.6643717693299489024, 0.7294451773485498558, 0.7936047033531455908, 0.8592612595510084050, 0.9276848915508820737, 1.000000000000000000 ),
 .UNSPECIFIED. ) ;
#3195 = CARTESIAN_POINT ( 'NONE',  ( -0.05453598095610577567, 0.3699999999999999956, -0.1108576091686264836 ) ) ;
#3196 = CARTESIAN_POINT ( 'NONE',  ( -0.03344018173027829555, 0.3690000000000000502, -0.09853305714733147369 ) ) ;
#3197 = CARTESIAN_POINT ( 'NONE',  ( 0.04239179090025635421, 0.3690000000000000502, -0.08411182286575591416 ) ) ;
#3198 = AXIS2_PLACEMENT_3D ( 'NONE', #2366, #3111, #2750 ) ;
#3199 = ORIENTED_EDGE ( 'NONE', *, *, #1494, .F. ) ;
#3200 = FILL_AREA_STYLE ('',( #1191 ) ) ;
#3201 = LINE ( 'NONE', #4035, #3265 ) ;
#3202 = EDGE_LOOP ( 'NONE', ( #1766, #539, #3484, #3692 ) ) ;
#3203 = EDGE_LOOP ( 'NONE', ( #1359, #3046, #3146, #4237 ) ) ;
#3204 = VECTOR ( 'NONE', #530, 1000.000000000000000 ) ;
#3205 = VECTOR ( 'NONE', #4448, 1000.000000000000000 ) ;
#3206 = CARTESIAN_POINT ( 'NONE',  ( 0.04282595334974539925, 0.3699999999999999400, 0.3224402264884843605 ) ) ;
#3207 = LINE ( 'NONE', #4799, #4579 ) ;
#3208 = ORIENTED_EDGE ( 'NONE', *, *, #577, .T. ) ;
#3209 = DIRECTION ( 'NONE',  ( -0.5431771418095053816, 0.000000000000000000, -0.8396181230867141299 ) ) ;
#3210 = CARTESIAN_POINT ( 'NONE',  ( -0.01166666666666660648, 0.3689999999999999947, -0.2333333333333333925 ) ) ;
#3211 = CARTESIAN_POINT ( 'NONE',  ( -0.007470652818850957028, 0.3700000000000000511, -0.1314410947797648999 ) ) ;
#3212 = CARTESIAN_POINT ( 'NONE',  ( -0.02947916666666655985, 0.3689999999999999947, 0.3183333333333334680 ) ) ;
#3213 = CARTESIAN_POINT ( 'NONE',  ( -0.05846150538463838059, 0.3689999999999999947, 0.3080374269280508059 ) ) ;
#3214 = CARTESIAN_POINT ( 'NONE',  ( 0.05602571113339661901, 0.3690000000000000502, 0.3601145382657746086 ) ) ;
#3215 = CARTESIAN_POINT ( 'NONE',  ( -0.01333333333333322837, 0.3689999999999999947, 0.3359895833333334525 ) ) ;
#3216 = DIRECTION ( 'NONE',  ( 0.8395445990741070563, 0.000000000000000000, -0.5432907749681534781 ) ) ;
#3217 = CARTESIAN_POINT ( 'NONE',  ( -0.003169790649103189188, 0.3699999999999999400, -0.1316091646989054065 ) ) ;
#3218 = B_SPLINE_CURVE_WITH_KNOTS ( 'NONE', 3,
 ( #932, #2081, #1611, #2409, #2866, #55, #2797 ),
 .UNSPECIFIED., .F., .F.,
 ( 4, 1, 1, 1, 4 ),
 ( 0.000000000000000000, 0.2277752814381393820, 0.4681943463911059644, 0.7242247211419600150, 1.000000000000000000 ),
 .UNSPECIFIED. ) ;
#3219 = EDGE_CURVE ( 'NONE', #794, #4400, #4152, .T. ) ;
#3220 = CARTESIAN_POINT ( 'NONE',  ( -0.04233626619871018459, 0.3690000000000000502, 0.3359372902572297370 ) ) ;
#3221 = DIRECTION ( 'NONE',  ( 0.000000000000000000, 0.000000000000000000, 1.000000000000000000 ) ) ;
#3222 = CARTESIAN_POINT ( 'NONE',  ( 0.04484294040988513752, 0.3700000000000000511, 0.3340364517388194621 ) ) ;
#3223 = ORIENTED_EDGE ( 'NONE', *, *, #759, .T. ) ;
#3224 = DIRECTION ( 'NONE',  ( -1.000000000000000000, 0.000000000000000000, -0.000000000000000000 ) ) ;
#3225 = ORIENTED_EDGE ( 'NONE', *, *, #329, .T. ) ;
#3226 = DIRECTION ( 'NONE',  ( 1.000000000000000000, -0.000000000000000000, -0.000000000000000000 ) ) ;
#3227 = EDGE_CURVE ( 'NONE', #3818, #3130, #2547, .T. ) ;
#3228 = PRODUCT ( '3-XFDFN', '3-XFDFN', '', ( #2291 ) ) ;
#3229 = EDGE_CURVE ( 'NONE', #2814, #2245, #3740, .T. ) ;
#3230 = DIRECTION ( 'NONE',  ( 0.000000000000000000, 0.000000000000000000, -1.000000000000000000 ) ) ;
#3231 = CARTESIAN_POINT ( 'NONE',  ( 0.06223958333333341753, 0.3700000000000000511, -0.09552083333333334647 ) ) ;
#3232 = FACE_OUTER_BOUND ( 'NONE', #3302, .T. ) ;
#3233 = FILL_AREA_STYLE ('',( #2870 ) ) ;
#3234 = CARTESIAN_POINT ( 'NONE',  ( -0.005201944465477523726, 0.3699999999999999400, 0.3105518062626211884 ) ) ;
#3235 =( NAMED_UNIT ( * ) SI_UNIT ( $, .STERADIAN. ) SOLID_ANGLE_UNIT ( ) );
#3236 =( NAMED_UNIT ( * ) PLANE_ANGLE_UNIT ( ) SI_UNIT ( $, .RADIAN. ) );
#3237 = CARTESIAN_POINT ( 'NONE',  ( -0.04129384720974726974, 0.3699999999999999956, 0.3234758840692878445 ) ) ;
#3238 = B_SPLINE_CURVE_WITH_KNOTS ( 'NONE', 3,
 ( #3047, #1821, #4636, #3402, #1031, #2602, #1083, #5000, #1445, #3457, #2295, #3878, #3196, #422, #3535, #1548, #1597, #1160, #1575 ),
 .UNSPECIFIED., .F., .F.,
 ( 4, 1, 1, 1, 1, 1, 1, 1, 1, 1, 1, 1, 1, 1, 1, 1, 4 ),
 ( 0.000000000000000000, 0.06986395583111670859, 0.1353396447139767755, 0.1964683791046254180, 0.2538392193353500303, 0.3074799172489006138, 0.3569815213163380352, 0.4030387408847335151, 0.4452118752852401995, 0.5231360276600268699, 0.5959746701166991345, 0.6643717693299489024, 0.7294451773485498558, 0.7936047033531455908, 0.8592612595510084050, 0.9276848915508820737, 1.000000000000000000 ),
 .UNSPECIFIED. ) ;
#3239 = LINE ( 'NONE', #2094, #3204 ) ;
#3240 = CARTESIAN_POINT ( 'NONE',  ( 0.007916580150554174480, 0.3690000000000000502, 0.3199223623315315401 ) ) ;
#3241 = EDGE_CURVE ( 'NONE', #2728, #1605, #4468, .T. ) ;
#3242 = CARTESIAN_POINT ( 'NONE',  ( 0.06500000000000002998, 0.3699999999999999956, -0.3397395833333333171 ) ) ;
#3243 = ORIENTED_EDGE ( 'NONE', *, *, #3241, .T. ) ;
#3244 = LINE ( 'NONE', #1292, #3205 ) ;
#3245 = FILL_AREA_STYLE ('',( #428 ) ) ;
#3246 = MECHANICAL_DESIGN_GEOMETRIC_PRESENTATION_REPRESENTATION (  '', ( #374 ), #2168 ) ;
#3247 = EDGE_LOOP ( 'NONE', ( #4970, #4349, #4137, #3544 ) ) ;
#3248 = DIRECTION ( 'NONE',  ( 0.000000000000000000, 1.000000000000000000, 0.000000000000000000 ) ) ;
#3249 = VERTEX_POINT ( 'NONE', #921 ) ;
#3250 = LINE ( 'NONE', #2505, #4308 ) ;
#3251 = CARTESIAN_POINT ( 'NONE',  ( -0.04333333333333326542, 0.3699999999999999956, -0.06070312499999999667 ) ) ;
#3252 = VECTOR ( 'NONE', #4284, 1000.000000000000000 ) ;
#3253 = EDGE_CURVE ( 'NONE', #3602, #4949, #2570, .T. ) ;
#3254 = CARTESIAN_POINT ( 'NONE',  ( 0.02500000000000011241, 0.3689999999999999947, 0.3483333333333334947 ) ) ;
#3255 = DIRECTION ( 'NONE',  ( 0.000000000000000000, 0.000000000000000000, 1.000000000000000000 ) ) ;
#3256 = MECHANICAL_DESIGN_GEOMETRIC_PRESENTATION_REPRESENTATION (  '', ( #1286 ), #4593 ) ;
#3257 = CARTESIAN_POINT ( 'NONE',  ( 0.04522473470823926839, 0.3689999999999998281, 0.2931046775497635481 ) ) ;
#3258 = EDGE_CURVE ( 'NONE', #1584, #856, #3168, .T. ) ;
#3259 = CARTESIAN_POINT ( 'NONE',  ( 0.06223958333333341753, 0.3690000000000000502, -0.09552083333333334647 ) ) ;
#3260 = VECTOR ( 'NONE', #2690, 1000.000000000000000 ) ;
#3261 = CARTESIAN_POINT ( 'NONE',  ( 0.02464598801748841758, 0.3690000000000000502, -0.1037175552575890503 ) ) ;
#3262 = LINE ( 'NONE', #4067, #4947 ) ;
#3263 = LINE ( 'NONE', #2488, #3326 ) ;
#3264 = CARTESIAN_POINT ( 'NONE',  ( -0.04321405134225404093, 0.3700000000000001066, 0.3280968294374833616 ) ) ;
#3265 = VECTOR ( 'NONE', #4449, 1000.000000000000000 ) ;
#3266 = PLANE ( 'NONE',  #3790 ) ;
#3267 = SURFACE_STYLE_USAGE ( .BOTH. , #1734 ) ;
#3268 = ORIENTED_EDGE ( 'NONE', *, *, #1514, .T. ) ;
#3269 = CARTESIAN_POINT ( 'NONE',  ( -0.01346169598482671939, 0.3700000000000000511, 0.3319781504025344776 ) ) ;
#3270 = CARTESIAN_POINT ( 'NONE',  ( -0.01329595892317987638, 0.3699999999999999400, -0.1059867271237492636 ) ) ;
#3271 = CARTESIAN_POINT ( 'NONE',  ( -0.06499999999999994671, 0.3699999999999999956, -0.001666666666666675664 ) ) ;
#3272 = VECTOR ( 'NONE', #381, 1000.000000000000000 ) ;
#3273 = ORIENTED_EDGE ( 'NONE', *, *, #971, .F. ) ;
#3274 = ADVANCED_FACE ( 'NONE', ( #1387 ), #4888, .T. ) ;
#3275 = ORIENTED_EDGE ( 'NONE', *, *, #3706, .T. ) ;
#3276 = CARTESIAN_POINT ( 'NONE',  ( -0.05330729166666656194, 0.3689999999999999947, 0.3022395833333334503 ) ) ;
#3277 = ORIENTED_EDGE ( 'NONE', *, *, #1669, .F. ) ;
#3278 = ADVANCED_FACE ( 'NONE', ( #999 ), #3638, .F. ) ;
#3279 = LINE ( 'NONE', #4040, #2970 ) ;
#3280 = CARTESIAN_POINT ( 'NONE',  ( 0.05187500000000007383, 0.3689999999999999947, -0.1138541666666666730 ) ) ;
#3281 = CARTESIAN_POINT ( 'NONE',  ( 0.04174212987990515850, 0.3689999999999999392, -0.1218612286239629527 ) ) ;
#3282 = AXIS2_PLACEMENT_3D ( 'NONE', #4879, #2534, #2114 ) ;
#3283 = CARTESIAN_POINT ( 'NONE',  ( -0.04333333333333326542, 0.3699999999999999956, -0.001666666666666675664 ) ) ;
#3284 = B_SPLINE_CURVE_WITH_KNOTS ( 'NONE', 3,
 ( #2389, #1615, #2439, #2461, #4021, #149, #911, #125, #2843, #935, #3726, #480, #2508, #576, #4065 ),
 .UNSPECIFIED., .F., .F.,
 ( 4, 1, 1, 1, 1, 1, 1, 1, 1, 1, 1, 1, 4 ),
 ( 0.000000000000000000, 0.07641885326300999759, 0.1482904191154950646, 0.2170740203133401658, 0.2815011076373060139, 0.3437748541366866251, 0.4031687009141697864, 0.4622544862431246515, 0.5204846996932586123, 0.6352124401530325759, 0.7501348736231245873, 0.8706158062173825485, 1.000000000000000000 ),
 .UNSPECIFIED. ) ;
#3285 = CARTESIAN_POINT ( 'NONE',  ( 0.06656245463254086003, 0.3689999999999999392, 0.3268342780608031739 ) ) ;
#3286 = PRESENTATION_LAYER_ASSIGNMENT (  '', '', ( #4455 ) ) ;
#3287 = CARTESIAN_POINT ( 'NONE',  ( 5.208333333340349133E-05, 0.3689999999999999947, -0.1066666666666666596 ) ) ;
#3288 = PLANE ( 'NONE',  #2204 ) ;
#3289 = CARTESIAN_POINT ( 'NONE',  ( -0.04129384720974726974, 0.3689999999999999947, 0.3234758840692878445 ) ) ;
#3290 = VECTOR ( 'NONE', #699, 1000.000000000000000 ) ;
#3291 = VERTEX_POINT ( 'NONE', #4260 ) ;
#3292 = SURFACE_SIDE_STYLE ('',( #488 ) ) ;
#3293 = DIRECTION ( 'NONE',  ( -0.000000000000000000, 0.000000000000000000, 1.000000000000000000 ) ) ;
#3294 = DIRECTION ( 'NONE',  ( 0.000000000000000000, 0.000000000000000000, -1.000000000000000000 ) ) ;
#3295 = ORIENTED_EDGE ( 'NONE', *, *, #3227, .F. ) ;
#3296 = CARTESIAN_POINT ( 'NONE',  ( -0.003854166666666559212, 0.3689999999999999947, 0.1746093750000000111 ) ) ;
#3297 = CARTESIAN_POINT ( 'NONE',  ( -0.02603070253410586996, 0.3690000000000000502, 0.3184917625749557057 ) ) ;
#3298 = CARTESIAN_POINT ( 'NONE',  ( 0.06223958333333340365, 0.3700000000000000511, -0.09552083333333333259 ) ) ;
#3299 = VERTEX_POINT ( 'NONE', #5049 ) ;
#3300 = UNCERTAINTY_MEASURE_WITH_UNIT (LENGTH_MEASURE( 1.000000000000000082E-05 ), #3845, 'distance_accuracy_value', 'NONE');
#3301 = CARTESIAN_POINT ( 'NONE',  ( -0.05608797282150782687, 0.3689999999999999947, 0.3049724456702963549 ) ) ;
#3302 = EDGE_LOOP ( 'NONE', ( #3666, #290, #3970, #4643 ) ) ;
#3303 = DIRECTION ( 'NONE',  ( 3.011672701348631864E-16, 0.000000000000000000, -1.000000000000000000 ) ) ;
#3304 = LINE ( 'NONE', #4557, #4353 ) ;
#3305 = CARTESIAN_POINT ( 'NONE',  ( 0.04962907330407109741, 0.3689999999999998836, -0.1160865636626247505 ) ) ;
#3306 = SURFACE_STYLE_FILL_AREA ( #1725 ) ;
#3307 = CARTESIAN_POINT ( 'NONE',  ( -0.05846150538463838059, 0.3699999999999999956, 0.3080374269280508059 ) ) ;
#3308 = CARTESIAN_POINT ( 'NONE',  ( 0.02807291666666677718, 0.3689999999999999947, 0.3733333333333334614 ) ) ;
#3309 = CARTESIAN_POINT ( 'NONE',  ( -0.04333333333333326542, 0.3689999999999999947, -0.06070312499999999667 ) ) ;
#3310 = CARTESIAN_POINT ( 'NONE',  ( 0.01286106921071533335, 0.3690000000000000502, 0.2908292154039540667 ) ) ;
#3311 = ORIENTED_EDGE ( 'NONE', *, *, #4717, .F. ) ;
#3312 = AXIS2_PLACEMENT_3D ( 'NONE', #1463, #4625, #4597 ) ;
#3313 = CARTESIAN_POINT ( 'NONE',  ( 0.008333333333333445975, 0.3689999999999999947, 0.2700000000000001288 ) ) ;
#3314 = DIRECTION ( 'NONE',  ( -1.000000000000000000, 0.000000000000000000, 0.000000000000000000 ) ) ;
#3315 = EDGE_CURVE ( 'NONE', #4182, #3718, #3052, .T. ) ;
#3316 = ORIENTED_EDGE ( 'NONE', *, *, #3755, .F. ) ;
#3317 = CARTESIAN_POINT ( 'NONE',  ( 0.04469668197237972734, 0.3689999999999999947, 0.3272189241171875596 ) ) ;
#3318 = CARTESIAN_POINT ( 'NONE',  ( 0.01000000000000006613, 0.3689999999999999947, -0.2333333333333333925 ) ) ;
#3319 = CARTESIAN_POINT ( 'NONE',  ( -0.01166666666666660648, 0.3689999999999999947, -0.2333333333333333925 ) ) ;
#3320 = EDGE_CURVE ( 'NONE', #4997, #2034, #3988, .T. ) ;
#3321 = ORIENTED_EDGE ( 'NONE', *, *, #2892, .T. ) ;
#3322 = EDGE_CURVE ( 'NONE', #2447, #2220, #2210, .T. ) ;
#3323 = ORIENTED_EDGE ( 'NONE', *, *, #3490, .T. ) ;
#3324 =( LENGTH_UNIT ( ) NAMED_UNIT ( * ) SI_UNIT ( .MILLI., .METRE. ) );
#3325 =( GEOMETRIC_REPRESENTATION_CONTEXT ( 3 ) GLOBAL_UNCERTAINTY_ASSIGNED_CONTEXT ( ( #879 ) ) GLOBAL_UNIT_ASSIGNED_CONTEXT ( ( #2068, #972, #1024 ) ) REPRESENTATION_CONTEXT ( 'NONE', 'WORKASPACE' ) );
#3326 = VECTOR ( 'NONE', #179, 1000.000000000000000 ) ;
#3327 = CARTESIAN_POINT ( 'NONE',  ( -0.06499999999999990508, 0.3689999999999999947, 0.1350520833333333226 ) ) ;
#3328 = DIRECTION ( 'NONE',  ( 1.000000000000000000, 0.000000000000000000, 0.000000000000000000 ) ) ;
#3329 = CARTESIAN_POINT ( 'NONE',  ( 0.000000000000000000, 0.3689999999999999947, 0.000000000000000000 ) ) ;
#3330 = FACE_OUTER_BOUND ( 'NONE', #4475, .T. ) ;
#3331 = LINE ( 'NONE', #961, #4205 ) ;
#3332 = ADVANCED_FACE ( 'NONE', ( #3872 ), #1053, .F. ) ;
#3333 = DIRECTION ( 'NONE',  ( 0.000000000000000000, 0.000000000000000000, -1.000000000000000000 ) ) ;
#3334 = DIRECTION ( 'NONE',  ( 0.000000000000000000, 0.000000000000000000, 1.000000000000000000 ) ) ;
#3335 = FACE_OUTER_BOUND ( 'NONE', #2810, .T. ) ;
#3336 = CARTESIAN_POINT ( 'NONE',  ( -0.03048077619204181063, 0.3699999999999999400, 0.3183700051210404669 ) ) ;
#3337 = ORIENTED_EDGE ( 'NONE', *, *, #1216, .F. ) ;
#3338 = CARTESIAN_POINT ( 'NONE',  ( -0.02666666666666656776, 0.3700000000000000511, 0.3450000000000001954 ) ) ;
#3339 = PLANE ( 'NONE',  #1313 ) ;
#3340 = DIRECTION ( 'NONE',  ( 0.000000000000000000, -1.000000000000000000, 0.000000000000000000 ) ) ;
#3341 = ORIENTED_EDGE ( 'NONE', *, *, #4797, .T. ) ;
#3342 = PLANE ( 'NONE',  #1147 ) ;
#3343 = CARTESIAN_POINT ( 'NONE',  ( -0.001180695683830936373, 0.3689999999999999947, -0.1066555949037081286 ) ) ;
#3344 = CARTESIAN_POINT ( 'NONE',  ( 0.06294136290630703012, 0.3700000000000001066, -0.09323386484245001216 ) ) ;
#3345 = STYLED_ITEM ( 'NONE', ( #3896 ), #1853 ) ;
#3346 = ORIENTED_EDGE ( 'NONE', *, *, #869, .F. ) ;
#3347 = PRESENTATION_LAYER_ASSIGNMENT (  '', '', ( #634 ) ) ;
#3348 = UNCERTAINTY_MEASURE_WITH_UNIT (LENGTH_MEASURE( 1.000000000000000082E-05 ), #3324, 'distance_accuracy_value', 'NONE');
#3349 = ORIENTED_EDGE ( 'NONE', *, *, #1731, .T. ) ;
#3350 = DIRECTION ( 'NONE',  ( 0.000000000000000000, 0.000000000000000000, 1.000000000000000000 ) ) ;
#3351 = COLOUR_RGB ( '',0.8000000000000000444, 0.8117647058823529438, 0.8000000000000000444 ) ;
#3352 = FACE_OUTER_BOUND ( 'NONE', #3906, .T. ) ;
#3353 = DIRECTION ( 'NONE',  ( 0.000000000000000000, 0.000000000000000000, -1.000000000000000000 ) ) ;
#3354 = B_SPLINE_SURFACE_WITH_KNOTS ( 'NONE', 3, 1, ( 
 ( #2339, #3147 ),
 ( #1730, #4930 ),
 ( #4488, #940 ),
 ( #4464, #965 ),
 ( #4883, #2513 ),
 ( #2489, #2145 ),
 ( #4099, #2063 ),
 ( #1285, #203 ),
 ( #4831, #4513 ),
 ( #2541, #2172 ),
 ( #3758, #4126 ),
 ( #917, #1661 ),
 ( #3310, #2566 ),
 ( #1381, #4145 ),
 ( #893, #4441 ),
 ( #3679, #582 ),
 ( #4069, #153 ),
 ( #3707, #505 ),
 ( #554, #180 ) ),
 .UNSPECIFIED., .F., .F., .F.,
 ( 4, 1, 1, 1, 1, 1, 1, 1, 1, 1, 1, 1, 1, 1, 1, 1, 4 ),
 ( 2, 2 ),
 ( 0.000000000000000000, 0.06484247434814899291, 0.1281617982042005111, 0.1893955517290995816, 0.2503287114435530092, 0.3103381763921036485, 0.3708384129703344301, 0.4310697013565808478, 0.4927750953812442547, 0.5547149629322364328, 0.6163451370256177730, 0.6775315265468909720, 0.7393120489200269985, 0.8019130326762076155, 0.8659275436137058302, 0.9321853155258476020, 1.000000000000000000 ),
 ( 0.000000000000000000, 1.000000000000000000 ),
 .UNSPECIFIED. ) ;
#3355 = CARTESIAN_POINT ( 'NONE',  ( 0.2000000000000000111, 0.000000000000000000, -0.04999999999999998890 ) ) ;
#3356 = CIRCLE ( 'NONE', #1125, 0.07000000000000002054 ) ;
#3357 = CARTESIAN_POINT ( 'NONE',  ( 0.06601841639861344424, 0.3689999999999999947, 0.3225140547321990181 ) ) ;
#3358 = AXIS2_PLACEMENT_3D ( 'NONE', #2002, #1621, #1977 ) ;
#3359 = CARTESIAN_POINT ( 'NONE',  ( 0.2999999999999999334, 0.3699999999999999956, -0.4000000000000000222 ) ) ;
#3360 = STYLED_ITEM ( 'NONE', ( #3517 ), #4749 ) ;
#3361 = CARTESIAN_POINT ( 'NONE',  ( -0.04333333333333326542, 0.3689999999999999947, -0.2416666666666667240 ) ) ;
#3362 = FACE_OUTER_BOUND ( 'NONE', #3898, .T. ) ;
#3363 = ORIENTED_EDGE ( 'NONE', *, *, #679, .F. ) ;
#3364 = CARTESIAN_POINT ( 'NONE',  ( 0.005057634738053532440, 0.3700000000000001066, 0.3306638543643283801 ) ) ;
#3365 = CARTESIAN_POINT ( 'NONE',  ( 0.04179621108520095024, 0.3689999999999999392, -0.08662284528190125621 ) ) ;
#3366 = CARTESIAN_POINT ( 'NONE',  ( -0.06406611026553482580, 0.3700000000000000511, -0.08812345379470493123 ) ) ;
#3367 = EDGE_LOOP ( 'NONE', ( #1159, #4505, #1560, #239, #2322, #3223, #3720, #3412, #4288 ) ) ;
#3368 = CARTESIAN_POINT ( 'NONE',  ( 0.04498687256020960507, 0.3689999999999999947, 0.3301553981129232151 ) ) ;
#3369 = B_SPLINE_CURVE_WITH_KNOTS ( 'NONE', 3,
 ( #2844, #550, #4483, #1677, #2115, #4850, #3259 ),
 .UNSPECIFIED., .F., .F.,
 ( 4, 1, 1, 1, 4 ),
 ( 0.000000000000000000, 0.2277752814381393820, 0.4681943463911059644, 0.7242247211419600150, 1.000000000000000000 ),
 .UNSPECIFIED. ) ;
#3370 = CARTESIAN_POINT ( 'NONE',  ( -0.007033298327518999228, 0.3700000000000001066, -0.1065002242708704416 ) ) ;
#3371 = EDGE_CURVE ( 'NONE', #2674, #2050, #59, .T. ) ;
#3372 = CARTESIAN_POINT ( 'NONE',  ( 0.06345083484701735665, 0.3699999999999999400, -0.09078722991395180020 ) ) ;
#3373 = ORIENTED_EDGE ( 'NONE', *, *, #894, .T. ) ;
#3374 = ORIENTED_EDGE ( 'NONE', *, *, #425, .F. ) ;
#3375 = CARTESIAN_POINT ( 'NONE',  ( 0.06659544071540343668, 0.3689999999999998836, 0.3354756298531171854 ) ) ;
#3376 = CARTESIAN_POINT ( 'NONE',  ( -0.06434326448010303789, 0.3689999999999999392, 0.3224644174710674105 ) ) ;
#3377 = ORIENTED_EDGE ( 'NONE', *, *, #3607, .T. ) ;
#3378 = SURFACE_STYLE_USAGE ( .BOTH. , #1010 ) ;
#3379 = DIRECTION ( 'NONE',  ( 0.5431337353635244947, 0.000000000000000000, -0.8396462025818166586 ) ) ;
#3380 = CARTESIAN_POINT ( 'NONE',  ( 0.006848958333333444656, 0.3699999999999999956, 0.3383333333333334303 ) ) ;
#3381 = DIRECTION ( 'NONE',  ( -0.000000000000000000, 1.000000000000000000, -0.000000000000000000 ) ) ;
#3382 = EDGE_CURVE ( 'NONE', #4216, #2301, #2647, .T. ) ;
#3383 = CARTESIAN_POINT ( 'NONE',  ( 0.000000000000000000, 0.000000000000000000, 0.000000000000000000 ) ) ;
#3384 = EDGE_CURVE ( 'NONE', #3680, #512, #1142, .T. ) ;
#3385 = ORIENTED_EDGE ( 'NONE', *, *, #3411, .F. ) ;
#3386 = FACE_OUTER_BOUND ( 'NONE', #1081, .T. ) ;
#3387 = MECHANICAL_DESIGN_GEOMETRIC_PRESENTATION_REPRESENTATION (  '', ( #3151 ), #543 ) ;
#3388 = CARTESIAN_POINT ( 'NONE',  ( 0.06500000000000002998, 0.3689999999999999947, -0.2883333333333333859 ) ) ;
#3389 = DIRECTION ( 'NONE',  ( 0.000000000000000000, 0.000000000000000000, -1.000000000000000000 ) ) ;
#3390 = CARTESIAN_POINT ( 'NONE',  ( -0.03232524711841775616, 0.3690000000000001057, 0.3695875877431576417 ) ) ;
#3391 = ORIENTED_EDGE ( 'NONE', *, *, #2065, .F. ) ;
#3392 = LINE ( 'NONE', #3416, #2419 ) ;
#3393 = FACE_OUTER_BOUND ( 'NONE', #3571, .T. ) ;
#3394 = CARTESIAN_POINT ( 'NONE',  ( 0.02807291666666677718, 0.3689999999999999947, 0.3733333333333334614 ) ) ;
#3395 = CARTESIAN_POINT ( 'NONE',  ( -0.06272298258061394238, 0.3699999999999999400, -0.09487995847805376359 ) ) ;
#3396 = ORIENTED_EDGE ( 'NONE', *, *, #756, .F. ) ;
#3397 = CARTESIAN_POINT ( 'NONE',  ( -0.02702484359150449100, 0.3689999999999999947, -0.1024331678510329857 ) ) ;
#3398 = CARTESIAN_POINT ( 'NONE',  ( 0.01000000000000006613, 0.3689999999999999947, 0.06166666666666665436 ) ) ;
#3399 = VERTEX_POINT ( 'NONE', #3923 ) ;
#3400 = ORIENTED_EDGE ( 'NONE', *, *, #2025, .T. ) ;
#3401 = EDGE_CURVE ( 'NONE', #2674, #833, #1240, .T. ) ;
#3402 = CARTESIAN_POINT ( 'NONE',  ( -0.007033298327518999228, 0.3690000000000001057, -0.1065002242708704416 ) ) ;
#3403 = LINE ( 'NONE', #1872, #4164 ) ;
#3404 = ORIENTED_EDGE ( 'NONE', *, *, #1170, .F. ) ;
#3405 = EDGE_LOOP ( 'NONE', ( #3989, #1443, #973, #3828 ) ) ;
#3406 = CARTESIAN_POINT ( 'NONE',  ( -0.2999999999999999889, 0.3699999999999999956, 0.4000000000000000222 ) ) ;
#3407 = AXIS2_PLACEMENT_3D ( 'NONE', #1683, #4494, #1711 ) ;
#3408 = SURFACE_SIDE_STYLE ('',( #2278 ) ) ;
#3409 = CARTESIAN_POINT ( 'NONE',  ( 0.02742428732425316110, 0.3689999999999999392, 0.2883625065036282686 ) ) ;
#3410 =( GEOMETRIC_REPRESENTATION_CONTEXT ( 3 ) GLOBAL_UNCERTAINTY_ASSIGNED_CONTEXT ( ( #2104 ) ) GLOBAL_UNIT_ASSIGNED_CONTEXT ( ( #259, #1814, #3008 ) ) REPRESENTATION_CONTEXT ( 'NONE', 'WORKASPACE' ) );
#3411 = EDGE_CURVE ( 'NONE', #1363, #1842, #389, .T. ) ;
#3412 = ORIENTED_EDGE ( 'NONE', *, *, #1281, .T. ) ;
#3413 = DIRECTION ( 'NONE',  ( -0.000000000000000000, 1.000000000000000000, -0.000000000000000000 ) ) ;
#3414 = LINE ( 'NONE', #2255, #409 ) ;
#3415 = DIRECTION ( 'NONE',  ( 0.5432907749681534781, 0.000000000000000000, 0.8395445990741070563 ) ) ;
#3416 = CARTESIAN_POINT ( 'NONE',  ( -0.04333333333333326542, 0.3699999999999999956, -0.04833333333333332538 ) ) ;
#3417 = CARTESIAN_POINT ( 'NONE',  ( 0.03000000000000011338, 0.3689999999999999947, 0.2216666666666668173 ) ) ;
#3418 = DIRECTION ( 'NONE',  ( -0.000000000000000000, 1.000000000000000000, -0.000000000000000000 ) ) ;
#3419 = VECTOR ( 'NONE', #5012, 1000.000000000000000 ) ;
#3420 = DIRECTION ( 'NONE',  ( 0.000000000000000000, 0.000000000000000000, -1.000000000000000000 ) ) ;
#3421 = VERTEX_POINT ( 'NONE', #2725 ) ;
#3422 =( NAMED_UNIT ( * ) PLANE_ANGLE_UNIT ( ) SI_UNIT ( $, .RADIAN. ) );
#3423 = COLOUR_RGB ( '',0.8000000000000000444, 0.8117647058823529438, 0.8000000000000000444 ) ;
#3424 = CARTESIAN_POINT ( 'NONE',  ( -0.06365815143065613191, 0.3690000000000001057, -0.09084649750831678972 ) ) ;
#3425 = AXIS2_PLACEMENT_3D ( 'NONE', #4981, #1802, #2275 ) ;
#3426 = ORIENTED_EDGE ( 'NONE', *, *, #1658, .F. ) ;
#3427 = VECTOR ( 'NONE', #4364, 1000.000000000000000 ) ;
#3428 = VERTEX_POINT ( 'NONE', #89 ) ;
#3429 = CARTESIAN_POINT ( 'NONE',  ( 0.06256701426841790314, 0.3689999999999998836, 0.3506970371195651803 ) ) ;
#3430 = CARTESIAN_POINT ( 'NONE',  ( -0.04580429541084039130, 0.3689999999999999392, 0.2967929538249156618 ) ) ;
#3431 = CARTESIAN_POINT ( 'NONE',  ( 0.06500000000000002998, 0.3699999999999999956, -0.2633333333333333637 ) ) ;
#3432 = ORIENTED_EDGE ( 'NONE', *, *, #2954, .T. ) ;
#3433 = CARTESIAN_POINT ( 'NONE',  ( -0.04333333333333326542, 0.3689999999999999947, -0.06070312499999999667 ) ) ;
#3434 = ORIENTED_EDGE ( 'NONE', *, *, #4635, .T. ) ;
#3435 =( NAMED_UNIT ( * ) PLANE_ANGLE_UNIT ( ) SI_UNIT ( $, .RADIAN. ) );
#3436 = PRESENTATION_STYLE_ASSIGNMENT (( #1265 ) ) ;
#3437 =( LENGTH_UNIT ( ) NAMED_UNIT ( * ) SI_UNIT ( .MILLI., .METRE. ) );
#3438 = B_SPLINE_CURVE_WITH_KNOTS ( 'NONE', 3,
 ( #1986, #402, #1531, #351, #807, #2737, #3206, #50, #3939, #3099, #1195, #1168, #1144, #4693, #75, #1961, #1899, #3967, #2816 ),
 .UNSPECIFIED., .F., .F.,
 ( 4, 1, 1, 1, 1, 1, 1, 1, 1, 1, 1, 1, 1, 1, 1, 1, 4 ),
 ( 0.000000000000000000, 0.05947962530153968336, 0.1178198454081648416, 0.1748485928888532659, 0.2309926121001356081, 0.2876298532531937346, 0.3442408977160663075, 0.4029044050507611940, 0.4638011440071762581, 0.5256705525075456853, 0.5872997371984159942, 0.6504740505866031253, 0.7150877577060591461, 0.7821626891469165566, 0.8514138223725749022, 0.9241694988032246316, 1.000000000000000000 ),
 .UNSPECIFIED. ) ;
#3439 = FACE_OUTER_BOUND ( 'NONE', #2351, .T. ) ;
#3440 = ADVANCED_FACE ( 'NONE', ( #3897 ), #361, .T. ) ;
#3441 = CARTESIAN_POINT ( 'NONE',  ( -0.04248878166726695327, 0.3699999999999999956, 0.3256415349041866802 ) ) ;
#3442 = CARTESIAN_POINT ( 'NONE',  ( 0.04498687256020960507, 0.3699999999999999956, 0.3301553981129232151 ) ) ;
#3443 = CARTESIAN_POINT ( 'NONE',  ( 0.06500000000000011324, 0.3689999999999999947, 0.1300520833333333182 ) ) ;
#3444 = VECTOR ( 'NONE', #3815, 1000.000000000000000 ) ;
#3445 = B_SPLINE_SURFACE_WITH_KNOTS ( 'NONE', 3, 1, ( 
 ( #4276, #2331 ),
 ( #2770, #3915 ),
 ( #356, #3551 ),
 ( #1884, #813 ),
 ( #1232, #3139 ),
 ( #3522, #380 ),
 ( #33, #2387 ),
 ( #4731, #1936 ),
 ( #3492, #738 ),
 ( #1586, #1174 ),
 ( #4329, #3890 ),
 ( #2798, #438 ),
 ( #4390, #5091 ),
 ( #56, #1612 ),
 ( #1535, #3105 ),
 ( #1635, #840 ),
 ( #2412, #84 ),
 ( #4805, #4001 ),
 ( #460, #3605 ),
 ( #2018, #3211 ),
 ( #1257, #2820 ),
 ( #4190, #2679 ),
 ( #5080, #5029 ) ),
 .UNSPECIFIED., .F., .F., .F.,
 ( 4, 1, 1, 1, 1, 1, 1, 1, 1, 1, 1, 1, 1, 1, 1, 1, 1, 1, 1, 1, 4 ),
 ( 2, 2 ),
 ( 0.000000000000000000, 0.03727666120388441195, 0.07400527969318540511, 0.1103339484364384421, 0.1467031098566603797, 0.1828768902615880432, 0.2193971261894604452, 0.2558949648488802464, 0.2930192245668626905, 0.3682313734676938566, 0.4446999721670264472, 0.5231177152311957679, 0.6046692247300070600, 0.6471769291291802340, 0.6914633514816957982, 0.7379583824966597927, 0.7861087692881090216, 0.8363208198342581001, 0.8886675130637279318, 0.9431982673110448356, 1.000000000000000000 ),
 ( 0.000000000000000000, 1.000000000000000000 ),
 .UNSPECIFIED. ) ;
#3446 = VECTOR ( 'NONE', #3125, 1000.000000000000114 ) ;
#3447 = CARTESIAN_POINT ( 'NONE',  ( -0.01166666666666660648, 0.3689999999999999947, 0.006666666666666661890 ) ) ;
#3448 = CARTESIAN_POINT ( 'NONE',  ( -0.04304501698004660482, 0.3700000000000000511, -0.07466378026909391286 ) ) ;
#3449 = CARTESIAN_POINT ( 'NONE',  ( 0.02798307343048781620, 0.3699999999999998845, -0.1025341150796178630 ) ) ;
#3450 = PRESENTATION_STYLE_ASSIGNMENT (( #1129 ) ) ;
#3451 = ORIENTED_EDGE ( 'NONE', *, *, #4619, .F. ) ;
#3452 = DIRECTION ( 'NONE',  ( 0.000000000000000000, 0.000000000000000000, 1.000000000000000000 ) ) ;
#3453 = CARTESIAN_POINT ( 'NONE',  ( -0.06438833347555646125, 0.3689999999999999392, -0.08516817427304104737 ) ) ;
#3454 = ORIENTED_EDGE ( 'NONE', *, *, #1494, .T. ) ;
#3455 = EDGE_CURVE ( 'NONE', #1222, #2978, #4336, .T. ) ;
#3456 = EDGE_CURVE ( 'NONE', #1222, #1843, #3559, .T. ) ;
#3457 = CARTESIAN_POINT ( 'NONE',  ( -0.02386724247548217478, 0.3689999999999999392, -0.1037202051985306600 ) ) ;
#3458 = CARTESIAN_POINT ( 'NONE',  ( -0.04314301995358471586, 0.3690000000000000502, 0.2955027672744015010 ) ) ;
#3459 = DIRECTION ( 'NONE',  ( 1.000000000000000000, 0.000000000000000000, 0.000000000000000000 ) ) ;
#3460 = ORIENTED_EDGE ( 'NONE', *, *, #1662, .T. ) ;
#3461 = LINE ( 'NONE', #2350, #854 ) ;
#3462 = ORIENTED_EDGE ( 'NONE', *, *, #479, .F. ) ;
#3463 = PRESENTATION_STYLE_ASSIGNMENT (( #4273 ) ) ;
#3464 = FACE_OUTER_BOUND ( 'NONE', #567, .T. ) ;
#3465 = CARTESIAN_POINT ( 'NONE',  ( -0.05094067368998296541, 0.3699999999999999400, 0.3001312367572794293 ) ) ;
#3466 = ORIENTED_EDGE ( 'NONE', *, *, #3077, .F. ) ;
#3467 = CARTESIAN_POINT ( 'NONE',  ( 0.007916580150554174480, 0.3700000000000000511, 0.3199223623315315401 ) ) ;
#3468 = EDGE_CURVE ( 'NONE', #2904, #5005, #770, .T. ) ;
#3469 = PLANE ( 'NONE',  #1959 ) ;
#3470 = EDGE_LOOP ( 'NONE', ( #1395, #3119, #4796, #3843 ) ) ;
#3471 = CARTESIAN_POINT ( 'NONE',  ( -0.04960624765696462768, 0.3699999999999999400, 0.3631011358083739982 ) ) ;
#3472 = DIRECTION ( 'NONE',  ( -0.000000000000000000, 0.000000000000000000, -1.000000000000000000 ) ) ;
#3473 = SURFACE_SIDE_STYLE ('',( #520 ) ) ;
#3474 = FACE_OUTER_BOUND ( 'NONE', #1316, .T. ) ;
#3475 = DIRECTION ( 'NONE',  ( 0.000000000000000000, -0.000000000000000000, 1.000000000000000000 ) ) ;
#3476 = VERTEX_POINT ( 'NONE', #1542 ) ;
#3477 = DIRECTION ( 'NONE',  ( 6.023345402697265701E-16, -0.000000000000000000, 1.000000000000000000 ) ) ;
#3478 = VERTEX_POINT ( 'NONE', #3113 ) ;
#3479 = EDGE_CURVE ( 'NONE', #1192, #833, #2336, .T. ) ;
#3480 = CARTESIAN_POINT ( 'NONE',  ( 0.04707943453018252622, 0.3700000000000000511, 0.3673483168881434557 ) ) ;
#3481 = PLANE ( 'NONE',  #2587 ) ;
#3482 = FACE_OUTER_BOUND ( 'NONE', #3542, .T. ) ;
#3483 = ADVANCED_FACE ( 'NONE', ( #15 ), #1100, .T. ) ;
#3484 = ORIENTED_EDGE ( 'NONE', *, *, #4047, .T. ) ;
#3485 = VERTEX_POINT ( 'NONE', #4512 ) ;
#3486 = CARTESIAN_POINT ( 'NONE',  ( 0.06345083484701735665, 0.3699999999999998845, -0.09078722991395180020 ) ) ;
#3487 = VECTOR ( 'NONE', #5033, 1000.000000000000000 ) ;
#3488 = FACE_OUTER_BOUND ( 'NONE', #4616, .T. ) ;
#3489 = B_SPLINE_SURFACE_WITH_KNOTS ( 'NONE', 3, 1, ( 
 ( #668, #2232 ),
 ( #2592, #4234 ),
 ( #3005, #282 ),
 ( #637, #1862 ),
 ( #610, #2261 ),
 ( #1837, #3448 ),
 ( #4544, #2645 ),
 ( #3842, #337 ),
 ( #4936, #4655 ),
 ( #1385, #1102 ),
 ( #3794, #1464 ) ),
 .UNSPECIFIED., .F., .F., .F.,
 ( 4, 1, 1, 1, 1, 1, 1, 1, 4 ),
 ( 2, 2 ),
 ( 0.000000000000000000, 0.07234232131370224583, 0.1592701015872646508, 0.2619317668593117432, 0.3782459773393723190, 0.5116386268384620628, 0.6587657585829500562, 0.8219214622934531977, 1.000000000000000000 ),
 ( 0.000000000000000000, 1.000000000000000000 ),
 .UNSPECIFIED. ) ;
#3490 = EDGE_CURVE ( 'NONE', #2105, #1333, #1754, .T. ) ;
#3491 = CARTESIAN_POINT ( 'NONE',  ( -0.1999999999999999556, -0.02000000000000000042, -0.3000000000000000444 ) ) ;
#3492 = CARTESIAN_POINT ( 'NONE',  ( -0.05261065850798631038, 0.3689999999999999392, -0.1130237734926878290 ) ) ;
#3493 = DIRECTION ( 'NONE',  ( 0.5213237957421444912, 0.000000000000000000, 0.8533589514342736493 ) ) ;
#3494 = CARTESIAN_POINT ( 'NONE',  ( -0.01166666666666660648, 0.3699999999999999956, -0.1783333333333333715 ) ) ;
#3495 = ADVANCED_FACE ( 'NONE', ( #3335 ), #580, .F. ) ;
#3496 = SURFACE_STYLE_FILL_AREA ( #415 ) ;
#3497 = DIRECTION ( 'NONE',  ( -1.000000000000000000, 0.000000000000000000, 1.355252715606880543E-16 ) ) ;
#3498 = LINE ( 'NONE', #3584, #481 ) ;
#3499 = CARTESIAN_POINT ( 'NONE',  ( 0.001284858553466673150, 0.3700000000000000511, -0.1066555090885196039 ) ) ;
#3500 = ORIENTED_EDGE ( 'NONE', *, *, #2947, .T. ) ;
#3501 = FACE_OUTER_BOUND ( 'NONE', #4318, .T. ) ;
#3502 = CARTESIAN_POINT ( 'NONE',  ( -0.3000000000000000444, 0.3699999999999999956, -0.4000000000000000222 ) ) ;
#3503 = EDGE_CURVE ( 'NONE', #2128, #3818, #4882, .T. ) ;
#3504 = ORIENTED_EDGE ( 'NONE', *, *, #1216, .T. ) ;
#3505 = ORIENTED_EDGE ( 'NONE', *, *, #2178, .F. ) ;
#3506 = CARTESIAN_POINT ( 'NONE',  ( -0.03038881205946064590, 0.3699999999999998845, 0.3444894879842966828 ) ) ;
#3507 = SURFACE_STYLE_USAGE ( .BOTH. , #701 ) ;
#3508 = AXIS2_PLACEMENT_3D ( 'NONE', #2889, #2164, #225 ) ;
#3509 = DIRECTION ( 'NONE',  ( -1.000000000000000000, 7.013787883419519187E-13, 0.000000000000000000 ) ) ;
#3510 = ORIENTED_EDGE ( 'NONE', *, *, #4537, .T. ) ;
#3511 = CARTESIAN_POINT ( 'NONE',  ( -0.04960624765696462768, 0.3689999999999999947, 0.3631011358083739982 ) ) ;
#3512 = ORIENTED_EDGE ( 'NONE', *, *, #3839, .T. ) ;
#3513 = UNCERTAINTY_MEASURE_WITH_UNIT (LENGTH_MEASURE( 1.000000000000000082E-05 ), #3983, 'distance_accuracy_value', 'NONE');
#3514 = VECTOR ( 'NONE', #1826, 1000.000000000000000 ) ;
#3515 = FILL_AREA_STYLE ('',( #2324 ) ) ;
#3516 = DIRECTION ( 'NONE',  ( -1.000000000000000000, 0.000000000000000000, 0.000000000000000000 ) ) ;
#3517 = PRESENTATION_STYLE_ASSIGNMENT (( #1931 ) ) ;
#3518 = MECHANICAL_DESIGN_GEOMETRIC_PRESENTATION_REPRESENTATION (  '', ( #634 ), #3960 ) ;
#3519 = ORIENTED_EDGE ( 'NONE', *, *, #1287, .T. ) ;
#3520 = CARTESIAN_POINT ( 'NONE',  ( 0.04218051616476141408, 0.3699999999999999956, 0.3400101133498403816 ) ) ;
#3521 = CARTESIAN_POINT ( 'NONE',  ( 0.005000000000000107657, 0.3699999999999999956, 0.3284114583333334614 ) ) ;
#3522 = CARTESIAN_POINT ( 'NONE',  ( -0.05787873351891388574, 0.3690000000000000502, -0.1061907185233905149 ) ) ;
#3523 = DIRECTION ( 'NONE',  ( -0.000000000000000000, 1.000000000000000000, -0.000000000000000000 ) ) ;
#3524 = CARTESIAN_POINT ( 'NONE',  ( -0.06051781505887159768, 0.3689999999999999947, 0.3112940122489931682 ) ) ;
#3525 = VECTOR ( 'NONE', #57, 1000.000000000000000 ) ;
#3526 = CARTESIAN_POINT ( 'NONE',  ( -0.06499999999999997446, 0.3689999999999999947, -0.3416666666666666741 ) ) ;
#3527 = DIRECTION ( 'NONE',  ( -0.000000000000000000, 1.000000000000000000, -0.000000000000000000 ) ) ;
#3528 = CARTESIAN_POINT ( 'NONE',  ( -0.003854166666666559212, 0.3689999999999999947, 0.1453906250000000233 ) ) ;
#3529 = EDGE_LOOP ( 'NONE', ( #4986, #2567, #4697, #985 ) ) ;
#3530 = CARTESIAN_POINT ( 'NONE',  ( 0.03235269383161604867, 0.3699999999999999400, -0.1264783194084192486 ) ) ;
#3531 = VECTOR ( 'NONE', #1540, 1000.000000000000000 ) ;
#3532 = VECTOR ( 'NONE', #774, 1000.000000000000000 ) ;
#3533 = VECTOR ( 'NONE', #369, 1000.000000000000000 ) ;
#3534 = ORIENTED_EDGE ( 'NONE', *, *, #4619, .T. ) ;
#3535 = CARTESIAN_POINT ( 'NONE',  ( -0.03810447311058745568, 0.3689999999999999947, -0.09340801912595723955 ) ) ;
#3536 = VECTOR ( 'NONE', #864, 1000.000000000000000 ) ;
#3537 = CARTESIAN_POINT ( 'NONE',  ( -0.03962052154958429356, 0.3689999999999999947, 0.3216335920529586612 ) ) ;
#3538 = EDGE_CURVE ( 'NONE', #757, #3045, #1310, .T. ) ;
#3539 = ORIENTED_EDGE ( 'NONE', *, *, #3941, .F. ) ;
#3540 = CARTESIAN_POINT ( 'NONE',  ( -0.01333333333333322837, 0.3699999999999999956, 0.3359895833333334525 ) ) ;
#3541 = CARTESIAN_POINT ( 'NONE',  ( -0.2999999999999999889, 0.3699999999999999956, 0.4000000000000000222 ) ) ;
#3542 = EDGE_LOOP ( 'NONE', ( #3926, #264, #3346, #3771, #296, #1718, #2226, #5059, #533 ) ) ;
#3543 = VECTOR ( 'NONE', #958, 1000.000000000000000 ) ;
#3544 = ORIENTED_EDGE ( 'NONE', *, *, #1185, .T. ) ;
#3545 = CARTESIAN_POINT ( 'NONE',  ( -0.06499999999999990508, 0.3689999999999999947, 0.1849479166666666841 ) ) ;
#3546 = CARTESIAN_POINT ( 'NONE',  ( -0.06252604166666660135, 0.3689999999999999947, -0.09562499999999998779 ) ) ;
#3547 = ORIENTED_EDGE ( 'NONE', *, *, #1393, .T. ) ;
#3548 = CARTESIAN_POINT ( 'NONE',  ( 0.04500000000000011630, 0.3689999999999999947, 0.3307552083333334392 ) ) ;
#3549 = DIRECTION ( 'NONE',  ( 1.000000000000000000, 0.000000000000000000, 0.000000000000000000 ) ) ;
#3550 = EDGE_CURVE ( 'NONE', #2689, #4525, #2045, .T. ) ;
#3551 = CARTESIAN_POINT ( 'NONE',  ( -0.06162920953274971664, 0.3699999999999998845, -0.09841055151615001051 ) ) ;
#3552 = FACE_OUTER_BOUND ( 'NONE', #3873, .T. ) ;
#3553 = LINE ( 'NONE', #4362, #4375 ) ;
#3554 = ADVANCED_FACE ( 'NONE', ( #1380 ), #2465, .T. ) ;
#3555 = EDGE_CURVE ( 'NONE', #3966, #583, #4049, .T. ) ;
#3556 = CARTESIAN_POINT ( 'NONE',  ( 0.02322347240822954934, 0.3690000000000000502, 0.2884016808679601418 ) ) ;
#3557 = LINE ( 'NONE', #4459, #544 ) ;
#3558 = DIRECTION ( 'NONE',  ( -0.8395445990741072784, 0.000000000000000000, -0.5432907749681531451 ) ) ;
#3559 = LINE ( 'NONE', #2804, #4010 ) ;
#3560 = ORIENTED_EDGE ( 'NONE', *, *, #3219, .F. ) ;
#3561 = CARTESIAN_POINT ( 'NONE',  ( 0.03006524649680706110, 0.3699999999999999956, -0.1272946948411224355 ) ) ;
#3562 = EDGE_LOOP ( 'NONE', ( #3539, #3451, #3741, #73 ) ) ;
#3563 = LINE ( 'NONE', #43, #4864 ) ;
#3564 = FILL_AREA_STYLE ('',( #2808 ) ) ;
#3565 = B_SPLINE_CURVE_WITH_KNOTS ( 'NONE', 3,
 ( #1124, #3920, #718, #1207, #3949, #2723, #2287, #60, #5094, #3192, #443, #1994, #1538, #4781, #3582, #1237, #3556, #3868, #1911 ),
 .UNSPECIFIED., .F., .F.,
 ( 4, 1, 1, 1, 1, 1, 1, 1, 1, 1, 1, 1, 1, 1, 1, 1, 4 ),
 ( 0.000000000000000000, 0.06484247434814899291, 0.1281617982042005111, 0.1893955517290995816, 0.2503287114435530092, 0.3103381763921036485, 0.3708384129703344301, 0.4310697013565808478, 0.4927750953812442547, 0.5547149629322364328, 0.6163451370256177730, 0.6775315265468909720, 0.7393120489200269985, 0.8019130326762076155, 0.8659275436137058302, 0.9321853155258476020, 1.000000000000000000 ),
 .UNSPECIFIED. ) ;
#3566 = CARTESIAN_POINT ( 'NONE',  ( 0.001250000000000070933, 0.3689999999999999947, -0.1316666666666666541 ) ) ;
#3567 = ORIENTED_EDGE ( 'NONE', *, *, #1393, .F. ) ;
#3568 = SURFACE_STYLE_FILL_AREA ( #3200 ) ;
#3569 = LINE ( 'NONE', #2347, #4773 ) ;
#3570 = VERTEX_POINT ( 'NONE', #152 ) ;
#3571 = EDGE_LOOP ( 'NONE', ( #1000, #1847, #697, #456 ) ) ;
#3572 = ADVANCED_FACE ( 'NONE', ( #4068 ), #2849, .F. ) ;
#3573 = CARTESIAN_POINT ( 'NONE',  ( 0.04327011075257166522, 0.3699999999999999400, -0.07421112890464653944 ) ) ;
#3574 = PLANE ( 'NONE',  #1919 ) ;
#3575 = ORIENTED_EDGE ( 'NONE', *, *, #4652, .T. ) ;
#3576 = CARTESIAN_POINT ( 'NONE',  ( 0.02500000000000011241, 0.3699999999999999956, 0.3483333333333334947 ) ) ;
#3577 = CARTESIAN_POINT ( 'NONE',  ( -0.2499999999999999445, 0.000000000000000000, 0.2200000000000005562 ) ) ;
#3578 = DIRECTION ( 'NONE',  ( -0.000000000000000000, 1.000000000000000000, -0.000000000000000000 ) ) ;
#3579 = CARTESIAN_POINT ( 'NONE',  ( -0.06499999999999997446, 0.3689999999999999947, -0.2894531249999999778 ) ) ;
#3580 = CARTESIAN_POINT ( 'NONE',  ( -0.05251181756355516317, 0.3690000000000000502, 0.3015309201193470678 ) ) ;
#3581 = EDGE_CURVE ( 'NONE', #3689, #2478, #202, .T. ) ;
#3582 = CARTESIAN_POINT ( 'NONE',  ( 0.01782526705381403190, 0.3690000000000000502, 0.2892129553589631308 ) ) ;
#3583 = LINE ( 'NONE', #4709, #3675 ) ;
#3584 = CARTESIAN_POINT ( 'NONE',  ( 0.06500000000000007161, 0.3699999999999999956, -0.1533333333333333770 ) ) ;
#3585 = PRESENTATION_LAYER_ASSIGNMENT (  '', '', ( #3658 ) ) ;
#3586 = CARTESIAN_POINT ( 'NONE',  ( 0.04304042959037072957, 0.3700000000000000511, -0.07877019016400119145 ) ) ;
#3587 = VERTEX_POINT ( 'NONE', #3705 ) ;
#3588 = CARTESIAN_POINT ( 'NONE',  ( -0.04100103276243451805, 0.3700000000000000511, -0.1223606978440878179 ) ) ;
#3589 = LINE ( 'NONE', #2807, #648 ) ;
#3590 = FILL_AREA_STYLE_COLOUR ( '', #3701 ) ;
#3591 = CARTESIAN_POINT ( 'NONE',  ( 0.04331178460688932252, 0.3690000000000000502, -0.07162338358799358318 ) ) ;
#3592 = ORIENTED_EDGE ( 'NONE', *, *, #4028, .F. ) ;
#3593 = CARTESIAN_POINT ( 'NONE',  ( -0.03166666666666656527, 0.3689999999999999947, 0.2933333333333334458 ) ) ;
#3594 = CARTESIAN_POINT ( 'NONE',  ( -0.04333333333333326542, 0.3689999999999999947, -0.06070312499999999667 ) ) ;
#3595 = EDGE_LOOP ( 'NONE', ( #4033, #3713, #430, #1320 ) ) ;
#3596 = ORIENTED_EDGE ( 'NONE', *, *, #1658, .T. ) ;
#3597 = CARTESIAN_POINT ( 'NONE',  ( 0.06483560663184712025, 0.3700000000000000511, -0.07922973354648991939 ) ) ;
#3598 = LINE ( 'NONE', #1652, #2341 ) ;
#3599 = B_SPLINE_CURVE_WITH_KNOTS ( 'NONE', 3,
 ( #4617, #578, #200, #1831, #2143, #3730, #1071, #4927, #253, #1854, #1378 ),
 .UNSPECIFIED., .F., .F.,
 ( 4, 1, 1, 1, 1, 1, 1, 1, 4 ),
 ( 0.000000000000000000, 0.1112171393391041541, 0.2186143598568385249, 0.3279250178252808845, 0.4420788008943772884, 0.5641677246613702179, 0.6953942163782108610, 0.8399237221180798629, 1.000000000000000000 ),
 .UNSPECIFIED. ) ;
#3600 = AXIS2_PLACEMENT_3D ( 'NONE', #4272, #1423, #2964 ) ;
#3601 =( GEOMETRIC_REPRESENTATION_CONTEXT ( 3 ) GLOBAL_UNCERTAINTY_ASSIGNED_CONTEXT ( ( #3993 ) ) GLOBAL_UNIT_ASSIGNED_CONTEXT ( ( #1153, #2334, #1349 ) ) REPRESENTATION_CONTEXT ( 'NONE', 'WORKASPACE' ) );
#3602 = VERTEX_POINT ( 'NONE', #129 ) ;
#3603 = FACE_OUTER_BOUND ( 'NONE', #185, .T. ) ;
#3604 = CARTESIAN_POINT ( 'NONE',  ( 0.05187500000000007383, 0.3699999999999999956, -0.1138541666666666730 ) ) ;
#3605 = CARTESIAN_POINT ( 'NONE',  ( -0.01158707161737761344, 0.3699999999999999956, -0.1310957157233315351 ) ) ;
#3606 = LINE ( 'NONE', #3891, #3525 ) ;
#3607 = EDGE_CURVE ( 'NONE', #2728, #4894, #3263, .T. ) ;
#3608 = CARTESIAN_POINT ( 'NONE',  ( -0.06215218405361673526, 0.3700000000000001066, 0.3148105191983115447 ) ) ;
#3609 = MECHANICAL_DESIGN_GEOMETRIC_PRESENTATION_REPRESENTATION (  '', ( #1620 ), #1541 ) ;
#3610 = CARTESIAN_POINT ( 'NONE',  ( 0.06659544071540343668, 0.3689999999999998836, 0.3354756298531171854 ) ) ;
#3611 = SURFACE_STYLE_USAGE ( .BOTH. , #1570 ) ;
#3612 = VECTOR ( 'NONE', #2058, 1000.000000000000227 ) ;
#3613 = DIRECTION ( 'NONE',  ( -0.000000000000000000, 1.000000000000000000, -0.000000000000000000 ) ) ;
#3614 = DIRECTION ( 'NONE',  ( -0.000000000000000000, 1.000000000000000000, -0.000000000000000000 ) ) ;
#3615 = PLANE ( 'NONE',  #3358 ) ;
#3616 = CARTESIAN_POINT ( 'NONE',  ( 0.006566209546658055562, 0.3689999999999999392, 0.3374080316851855721 ) ) ;
#3617 = CARTESIAN_POINT ( 'NONE',  ( -0.04321405134225404093, 0.3690000000000001057, 0.3280968294374833616 ) ) ;
#3618 = AXIS2_PLACEMENT_3D ( 'NONE', #631, #3731, #3334 ) ;
#3619 = EDGE_LOOP ( 'NONE', ( #470, #4555, #2015, #4456 ) ) ;
#3620 = DIRECTION ( 'NONE',  ( 1.000000000000000000, 0.000000000000000000, 0.000000000000000000 ) ) ;
#3621 = EDGE_CURVE ( 'NONE', #4014, #4182, #3030, .T. ) ;
#3622 = ORIENTED_EDGE ( 'NONE', *, *, #4008, .T. ) ;
#3623 = UNCERTAINTY_MEASURE_WITH_UNIT (LENGTH_MEASURE( 1.000000000000000082E-05 ), #3437, 'distance_accuracy_value', 'NONE');
#3624 = VECTOR ( 'NONE', #2614, 1000.000000000000000 ) ;
#3625 = VECTOR ( 'NONE', #3049, 1000.000000000000000 ) ;
#3626 = CARTESIAN_POINT ( 'NONE',  ( -0.003568820893877469765, 0.3699999999999998290, -0.1066341468129532177 ) ) ;
#3627 = DIRECTION ( 'NONE',  ( 1.000000000000000000, 0.000000000000000000, 0.000000000000000000 ) ) ;
#3628 = CARTESIAN_POINT ( 'NONE',  ( -0.04332586490023650899, 0.3699999999999999956, -0.06204860186617400242 ) ) ;
#3629 = B_SPLINE_CURVE_WITH_KNOTS ( 'NONE', 3,
 ( #4867, #978, #4914, #564, #2102, #2551, #4133, #2882, #2902, #1003, #949, #925, #2981, #2131, #4157, #2473, #4079, #537, #2156 ),
 .UNSPECIFIED., .F., .F.,
 ( 4, 1, 1, 1, 1, 1, 1, 1, 1, 1, 1, 1, 1, 1, 1, 1, 4 ),
 ( 0.000000000000000000, 0.06734293245311177845, 0.1322773767660015698, 0.1951973100640888303, 0.2565744333002017985, 0.3172378204265177137, 0.3773096447467318981, 0.4378900824886052812, 0.4991073058286048525, 0.5604177389437160484, 0.6212214598078675820, 0.6816821941211543834, 0.7426413071140097744, 0.8044446462735517223, 0.8676443542486901306, 0.9324447802215926062, 1.000000000000000000 ),
 .UNSPECIFIED. ) ;
#3630 = DIRECTION ( 'NONE',  ( 1.000000000000000000, 0.000000000000000000, 0.000000000000000000 ) ) ;
#3631 = PLANE ( 'NONE',  #1792 ) ;
#3632 = EDGE_CURVE ( 'NONE', #1272, #3910, #1377, .T. ) ;
#3633 = CARTESIAN_POINT ( 'NONE',  ( 0.02948354097485859221, 0.3689999999999999947, 0.3731594695147835705 ) ) ;
#3634 = SURFACE_STYLE_FILL_AREA ( #553 ) ;
#3635 = FACE_OUTER_BOUND ( 'NONE', #2556, .T. ) ;
#3636 = LINE ( 'NONE', #1264, #325 ) ;
#3637 = DIRECTION ( 'NONE',  ( -1.000000000000000000, 0.000000000000000000, 0.000000000000000000 ) ) ;
#3638 = PLANE ( 'NONE',  #860 ) ;
#3639 = ORIENTED_EDGE ( 'NONE', *, *, #2634, .F. ) ;
#3640 =( NAMED_UNIT ( * ) SI_UNIT ( $, .STERADIAN. ) SOLID_ANGLE_UNIT ( ) );
#3641 = CARTESIAN_POINT ( 'NONE',  ( -0.04265988163968573860, 0.3689999999999999947, -0.07962300397750532444 ) ) ;
#3642 = ORIENTED_EDGE ( 'NONE', *, *, #3657, .F. ) ;
#3643 = EDGE_CURVE ( 'NONE', #3299, #4337, #2972, .T. ) ;
#3644 = VECTOR ( 'NONE', #3230, 1000.000000000000000 ) ;
#3645 = CARTESIAN_POINT ( 'NONE',  ( -0.04178484245346580223, 0.3700000000000000511, -0.08454936675009351588 ) ) ;
#3646 = EDGE_CURVE ( 'NONE', #18, #3181, #1780, .T. ) ;
#3647 = ORIENTED_EDGE ( 'NONE', *, *, #2111, .T. ) ;
#3648 = CARTESIAN_POINT ( 'NONE',  ( 0.1000000000000001305, 0.08000000000000000167, 0.4000000000000000777 ) ) ;
#3649 = CARTESIAN_POINT ( 'NONE',  ( -0.04240307159118022334, 0.3700000000000000511, -0.08158654803151148271 ) ) ;
#3650 = LINE ( 'NONE', #2842, #476 ) ;
#3651 = CARTESIAN_POINT ( 'NONE',  ( -0.06434326448010303789, 0.3699999999999999400, 0.3224644174710674105 ) ) ;
#3652 = ADVANCED_FACE ( 'NONE', ( #2999 ), #2256, .T. ) ;
#3653 = CARTESIAN_POINT ( 'NONE',  ( 0.06604660568018604072, 0.3690000000000001057, 0.3395510470965055760 ) ) ;
#3654 = DIRECTION ( 'NONE',  ( -0.000000000000000000, 1.000000000000000000, -0.000000000000000000 ) ) ;
#3655 = DIRECTION ( 'NONE',  ( 0.000000000000000000, -1.000000000000000000, 0.000000000000000000 ) ) ;
#3656 = CARTESIAN_POINT ( 'NONE',  ( -0.03240129002959436094, 0.3699999999999999400, 0.3184403206221962934 ) ) ;
#3657 = EDGE_CURVE ( 'NONE', #3001, #644, #4541, .T. ) ;
#3658 = STYLED_ITEM ( 'NONE', ( #1362 ), #3174 ) ;
#3659 = CARTESIAN_POINT ( 'NONE',  ( -0.04333333333333326542, 0.3689999999999999947, -0.2416666666666667240 ) ) ;
#3660 =( NAMED_UNIT ( * ) SI_UNIT ( $, .STERADIAN. ) SOLID_ANGLE_UNIT ( ) );
#3661 = ORIENTED_EDGE ( 'NONE', *, *, #4385, .T. ) ;
#3662 = CARTESIAN_POINT ( 'NONE',  ( -0.01333333333333322837, 0.3699999999999999956, 0.3359895833333334525 ) ) ;
#3663 = LINE ( 'NONE', #510, #2853 ) ;
#3664 = EDGE_CURVE ( 'NONE', #1843, #1047, #4621, .T. ) ;
#3665 = CARTESIAN_POINT ( 'NONE',  ( 0.06500000000000007161, 0.3689999999999999947, -0.07242187499999999667 ) ) ;
#3666 = ORIENTED_EDGE ( 'NONE', *, *, #4588, .F. ) ;
#3667 = UNCERTAINTY_MEASURE_WITH_UNIT (LENGTH_MEASURE( 1.000000000000000082E-05 ), #1210, 'distance_accuracy_value', 'NONE');
#3668 = ORIENTED_EDGE ( 'NONE', *, *, #1403, .T. ) ;
#3669 = LINE ( 'NONE', #2840, #761 ) ;
#3670 = CARTESIAN_POINT ( 'NONE',  ( 0.05520282263203973860, 0.3699999999999999956, -0.1102057124227997648 ) ) ;
#3671 = COLOUR_RGB ( '',0.8000000000000000444, 0.8117647058823529438, 0.8000000000000000444 ) ;
#3672 = CARTESIAN_POINT ( 'NONE',  ( 0.05113016521550372423, 0.3689999999999999392, -0.1145945144876390626 ) ) ;
#3673 = CARTESIAN_POINT ( 'NONE',  ( 0.01000000000000006613, 0.3689999999999999947, -0.1783333333333333715 ) ) ;
#3674 = SURFACE_STYLE_USAGE ( .BOTH. , #1676 ) ;
#3675 = VECTOR ( 'NONE', #5095, 1000.000000000000000 ) ;
#3676 = VECTOR ( 'NONE', #3187, 1000.000000000000000 ) ;
#3677 = CARTESIAN_POINT ( 'NONE',  ( 0.003681650980578675403, 0.3690000000000000502, -0.1066338162459226219 ) ) ;
#3678 = DIRECTION ( 'NONE',  ( -0.000000000000000000, 1.000000000000000000, -0.000000000000000000 ) ) ;
#3679 = CARTESIAN_POINT ( 'NONE',  ( 0.02046632943149729114, 0.3690000000000000502, 0.2886725515848470591 ) ) ;
#3680 = VERTEX_POINT ( 'NONE', #664 ) ;
#3681 = LINE ( 'NONE', #2492, #1306 ) ;
#3682 = CARTESIAN_POINT ( 'NONE',  ( 0.005000000000000107657, 0.3689999999999999947, 0.3284114583333334614 ) ) ;
#3683 = CARTESIAN_POINT ( 'NONE',  ( -0.1400000000000000133, 0.000000000000000000, -0.05000000000000002359 ) ) ;
#3684 = ORIENTED_EDGE ( 'NONE', *, *, #2561, .T. ) ;
#3685 = CARTESIAN_POINT ( 'NONE',  ( -0.02278885023330823670, 0.3700000000000000511, 0.3193209945290885754 ) ) ;
#3686 = B_SPLINE_CURVE_WITH_KNOTS ( 'NONE', 3,
 ( #3990, #4517, #968, #2544, #3737, #207, #2951 ),
 .UNSPECIFIED., .F., .F.,
 ( 4, 1, 1, 1, 4 ),
 ( 0.000000000000000000, 0.2757991245373854761, 0.5343130965644432573, 0.7740756836530848783, 1.000000000000000000 ),
 .UNSPECIFIED. ) ;
#3687 = CARTESIAN_POINT ( 'NONE',  ( -0.3000000000000000444, 0.3699999999999999956, -0.4000000000000000222 ) ) ;
#3688 = EDGE_LOOP ( 'NONE', ( #320, #2294, #284, #163 ) ) ;
#3689 = VERTEX_POINT ( 'NONE', #4594 ) ;
#3690 = ADVANCED_FACE ( 'NONE', ( #1046 ), #5015, .F. ) ;
#3691 = FACE_BOUND ( 'NONE', #3367, .T. ) ;
#3692 = ORIENTED_EDGE ( 'NONE', *, *, #4581, .T. ) ;
#3693 = AXIS2_PLACEMENT_3D ( 'NONE', #4465, #2854, #183 ) ;
#3694 = AXIS2_PLACEMENT_3D ( 'NONE', #1649, #2006, #3224 ) ;
#3695 = LINE ( 'NONE', #4823, #3894 ) ;
#3696 = DIRECTION ( 'NONE',  ( -0.000000000000000000, 1.000000000000000000, -0.000000000000000000 ) ) ;
#3697 = DIRECTION ( 'NONE',  ( -0.000000000000000000, 0.000000000000000000, 1.000000000000000000 ) ) ;
#3698 = STYLED_ITEM ( 'NONE', ( #4257 ), #4501 ) ;
#3699 = DIRECTION ( 'NONE',  ( 0.000000000000000000, 0.000000000000000000, -1.000000000000000000 ) ) ;
#3700 = CARTESIAN_POINT ( 'NONE',  ( -0.06343582298464656155, 0.3700000000000000511, 0.3185282428939764654 ) ) ;
#3701 = COLOUR_RGB ( '',0.2980392156862745057, 0.2980392156862745057, 0.2980392156862745057 ) ;
#3702 = EDGE_CURVE ( 'NONE', #2245, #2903, #884, .T. ) ;
#3703 = CARTESIAN_POINT ( 'NONE',  ( 0.03224726658829961401, 0.3690000000000000502, 0.3728188317661028095 ) ) ;
#3704 = DIRECTION ( 'NONE',  ( 0.000000000000000000, 0.000000000000000000, -1.000000000000000000 ) ) ;
#3705 = CARTESIAN_POINT ( 'NONE',  ( 0.2000000000000000666, 0.000000000000000000, -0.3000000000000000444 ) ) ;
#3706 = EDGE_CURVE ( 'NONE', #3476, #3851, #230, .T. ) ;
#3707 = CARTESIAN_POINT ( 'NONE',  ( 0.02509502413357500225, 0.3689999999999999947, 0.2883562915389701886 ) ) ;
#3708 = CLOSED_SHELL ( 'NONE', ( #1118, #2906, #3690, #1963, #2713, #4017, #3174 ) ) ;
#3709 = ADVANCED_FACE ( 'NONE', ( #5066 ), #3866, .T. ) ;
#3710 = ORIENTED_EDGE ( 'NONE', *, *, #4008, .F. ) ;
#3711 = CARTESIAN_POINT ( 'NONE',  ( -0.02666666666666656429, 0.3689999999999999947, 0.3450000000000001399 ) ) ;
#3712 = CARTESIAN_POINT ( 'NONE',  ( 0.01000000000000006613, 0.3699999999999999956, 0.006666666666666661890 ) ) ;
#3713 = ORIENTED_EDGE ( 'NONE', *, *, #77, .F. ) ;
#3714 = FACE_OUTER_BOUND ( 'NONE', #4210, .T. ) ;
#3715 = DIRECTION ( 'NONE',  ( 0.8396462025818162145, 0.000000000000000000, -0.5431337353635250498 ) ) ;
#3716 = LINE ( 'NONE', #1715, #4407 ) ;
#3717 = ORIENTED_EDGE ( 'NONE', *, *, #1009, .T. ) ;
#3718 = VERTEX_POINT ( 'NONE', #3106 ) ;
#3719 = DIRECTION ( 'NONE',  ( -1.355252715606880543E-16, -0.000000000000000000, -1.000000000000000000 ) ) ;
#3720 = ORIENTED_EDGE ( 'NONE', *, *, #2837, .T. ) ;
#3721 = EDGE_CURVE ( 'NONE', #1036, #3478, #4732, .T. ) ;
#3722 = DIRECTION ( 'NONE',  ( 0.1153538091858598569, 0.000000000000000000, -0.9933244679893434848 ) ) ;
#3723 = FACE_OUTER_BOUND ( 'NONE', #954, .T. ) ;
#3724 = LINE ( 'NONE', #4558, #2764 ) ;
#3725 = FILL_AREA_STYLE ('',( #2585 ) ) ;
#3726 = CARTESIAN_POINT ( 'NONE',  ( -0.01994415773505430964, 0.3700000000000001066, 0.3207954195287117116 ) ) ;
#3727 = CARTESIAN_POINT ( 'NONE',  ( -0.04109926036677488681, 0.3689999999999998836, 0.3671883809577467517 ) ) ;
#3728 = VECTOR ( 'NONE', #2714, 1000.000000000000000 ) ;
#3729 = VECTOR ( 'NONE', #1415, 1000.000000000000000 ) ;
#3730 = CARTESIAN_POINT ( 'NONE',  ( -0.03910274537679476331, 0.3700000000000000511, 0.3403461349572716732 ) ) ;
#3731 = DIRECTION ( 'NONE',  ( -1.000000000000000000, 0.000000000000000000, 0.000000000000000000 ) ) ;
#3732 = CARTESIAN_POINT ( 'NONE',  ( 0.04208333333333340309, 0.3689999999999999947, -0.08554687499999999445 ) ) ;
#3733 = CARTESIAN_POINT ( 'NONE',  ( -0.02947916666666655985, 0.3689999999999999947, 0.3183333333333334680 ) ) ;
#3734 = VERTEX_POINT ( 'NONE', #765 ) ;
#3735 = DIRECTION ( 'NONE',  ( -0.000000000000000000, 1.000000000000000000, -0.000000000000000000 ) ) ;
#3736 = VECTOR ( 'NONE', #3846, 1000.000000000000000 ) ;
#3737 = CARTESIAN_POINT ( 'NONE',  ( 0.02272060386258079046, 0.3699999999999999400, -0.1296196525229335317 ) ) ;
#3738 = DIRECTION ( 'NONE',  ( 1.000000000000000000, 0.000000000000000000, 0.000000000000000000 ) ) ;
#3739 = CARTESIAN_POINT ( 'NONE',  ( -0.04333333333333322379, 0.3689999999999999947, 0.3307291666666667962 ) ) ;
#3740 = LINE ( 'NONE', #3683, #457 ) ;
#3741 = ORIENTED_EDGE ( 'NONE', *, *, #2631, .T. ) ;
#3742 = CARTESIAN_POINT ( 'NONE',  ( -0.01994415773505430964, 0.3700000000000001066, 0.3207954195287117116 ) ) ;
#3743 = CARTESIAN_POINT ( 'NONE',  ( 5.208333333340349133E-05, 0.3689999999999999947, -0.1066666666666666596 ) ) ;
#3744 = CARTESIAN_POINT ( 'NONE',  ( 0.06294136290630703012, 0.3690000000000000502, -0.09323386484245001216 ) ) ;
#3745 = ORIENTED_EDGE ( 'NONE', *, *, #3258, .T. ) ;
#3746 = ORIENTED_EDGE ( 'NONE', *, *, #2575, .T. ) ;
#3747 = CARTESIAN_POINT ( 'NONE',  ( -0.1000000000000000056, -0.02000000000000000042, 0.2200000000000005285 ) ) ;
#3748 = VECTOR ( 'NONE', #2673, 1000.000000000000000 ) ;
#3749 = ORIENTED_EDGE ( 'NONE', *, *, #2415, .T. ) ;
#3750 = CARTESIAN_POINT ( 'NONE',  ( 0.006566209546658055562, 0.3689999999999999392, 0.3374080316851855721 ) ) ;
#3751 = CARTESIAN_POINT ( 'NONE',  ( 0.06500000000000007161, 0.3689999999999999947, 0.08666666666666666963 ) ) ;
#3752 = DIRECTION ( 'NONE',  ( 0.000000000000000000, 0.000000000000000000, -1.000000000000000000 ) ) ;
#3753 = CARTESIAN_POINT ( 'NONE',  ( 0.02807291666666677718, 0.3689999999999999947, 0.3733333333333334614 ) ) ;
#3754 = CARTESIAN_POINT ( 'NONE',  ( 0.05760095962265581598, 0.3699999999999998845, 0.3037637929003891846 ) ) ;
#3755 = EDGE_CURVE ( 'NONE', #4321, #3, #834, .T. ) ;
#3756 = CARTESIAN_POINT ( 'NONE',  ( 0.06506476431852724340, 0.3699999999999999400, 0.3183858300686282505 ) ) ;
#3757 = SURFACE_SIDE_STYLE ('',( #2615 ) ) ;
#3758 = CARTESIAN_POINT ( 'NONE',  ( 0.008313864693615320364, 0.3690000000000000502, 0.2932598096996058001 ) ) ;
#3759 = EDGE_LOOP ( 'NONE', ( #4346, #3822, #2122, #1627 ) ) ;
#3760 = CARTESIAN_POINT ( 'NONE',  ( 0.06496584073947719862, 0.3690000000000001057, -0.07588648862756720848 ) ) ;
#3761 = DIRECTION ( 'NONE',  ( 0.000000000000000000, 0.000000000000000000, 1.000000000000000000 ) ) ;
#3762 = PLANE ( 'NONE',  #2543 ) ;
#3763 = CARTESIAN_POINT ( 'NONE',  ( -0.06252604166666660135, 0.3699999999999999956, -0.09562499999999998779 ) ) ;
#3764 = VERTEX_POINT ( 'NONE', #739 ) ;
#3765 = LINE ( 'NONE', #4863, #2620 ) ;
#3766 = CARTESIAN_POINT ( 'NONE',  ( -0.02278885023330823670, 0.3690000000000000502, 0.3193209945290885754 ) ) ;
#3767 = CARTESIAN_POINT ( 'NONE',  ( 0.06496584073947719862, 0.3700000000000001621, -0.07588648862756720848 ) ) ;
#3768 = VERTEX_POINT ( 'NONE', #3916 ) ;
#3769 = STYLED_ITEM ( 'NONE', ( #4121 ), #3994 ) ;
#3770 = B_SPLINE_SURFACE_WITH_KNOTS ( 'NONE', 3, 1, ( 
 ( #3179, #2832 ),
 ( #4401, #115 ),
 ( #1625, #71 ),
 ( #2376, #4054 ),
 ( #493, #2401 ),
 ( #2428, #1269 ),
 ( #451, #509 ) ),
 .UNSPECIFIED., .F., .F., .F.,
 ( 4, 1, 1, 1, 4 ),
 ( 2, 2 ),
 ( 0.000000000000000000, 0.2757991245373854761, 0.5343130965644432573, 0.7740756836530848783, 1.000000000000000000 ),
 ( 0.000000000000000000, 1.000000000000000000 ),
 .UNSPECIFIED. ) ;
#3771 = ORIENTED_EDGE ( 'NONE', *, *, #733, .F. ) ;
#3772 = EDGE_CURVE ( 'NONE', #4176, #3587, #2308, .T. ) ;
#3773 = CARTESIAN_POINT ( 'NONE',  ( 0.06521985275334357679, 0.3689999999999998836, 0.3434458266286233297 ) ) ;
#3774 = FILL_AREA_STYLE ('',( #4163 ) ) ;
#3775 = PRESENTATION_LAYER_ASSIGNMENT (  '', '', ( #235 ) ) ;
#3776 = EDGE_CURVE ( 'NONE', #5005, #3853, #1049, .T. ) ;
#3777 = ORIENTED_EDGE ( 'NONE', *, *, #5037, .T. ) ;
#3778 = DIRECTION ( 'NONE',  ( 0.000000000000000000, 0.000000000000000000, 1.000000000000000000 ) ) ;
#3779 = DIRECTION ( 'NONE',  ( -0.000000000000000000, -0.000000000000000000, -1.000000000000000000 ) ) ;
#3780 = CARTESIAN_POINT ( 'NONE',  ( -0.2499999999999999445, -0.02000000000000000042, 0.2200000000000005562 ) ) ;
#3781 = CARTESIAN_POINT ( 'NONE',  ( 0.01000000000000006613, 0.3689999999999999947, 0.006666666666666661890 ) ) ;
#3782 = MECHANICAL_DESIGN_GEOMETRIC_PRESENTATION_REPRESENTATION (  '', ( #889 ), #556 ) ;
#3783 = VECTOR ( 'NONE', #3904, 1000.000000000000114 ) ;
#3784 = EDGE_CURVE ( 'NONE', #1988, #3045, #3606, .T. ) ;
#3785 = CARTESIAN_POINT ( 'NONE',  ( 0.06500000000000011324, 0.3689999999999999947, 0.1300520833333333182 ) ) ;
#3786 = COLOUR_RGB ( '',0.8000000000000000444, 0.8117647058823529438, 0.8000000000000000444 ) ;
#3787 = DIRECTION ( 'NONE',  ( 0.000000000000000000, 0.000000000000000000, -1.000000000000000000 ) ) ;
#3788 = FILL_AREA_STYLE ('',( #2564 ) ) ;
#3789 = LINE ( 'NONE', #2642, #165 ) ;
#3790 = AXIS2_PLACEMENT_3D ( 'NONE', #4444, #3637, #113 ) ;
#3791 = ORIENTED_EDGE ( 'NONE', *, *, #223, .F. ) ;
#3792 = EDGE_CURVE ( 'NONE', #2635, #26, #357, .T. ) ;
#3793 = CARTESIAN_POINT ( 'NONE',  ( -0.01166666666666660648, 0.3699999999999999956, -0.2333333333333333925 ) ) ;
#3794 = CARTESIAN_POINT ( 'NONE',  ( -0.04333333333333326542, 0.3689999999999999947, -0.06070312499999999667 ) ) ;
#3795 = CARTESIAN_POINT ( 'NONE',  ( 0.2500000000000000000, -0.02000000000000000042, 0.2200000000000004730 ) ) ;
#3796 = ORIENTED_EDGE ( 'NONE', *, *, #262, .F. ) ;
#3797 = CARTESIAN_POINT ( 'NONE',  ( 0.02884943319524418265, 0.3690000000000000502, 0.3136131489627970170 ) ) ;
#3798 = CARTESIAN_POINT ( 'NONE',  ( -0.04208333333333327819, 0.3699999999999999956, -0.08330729166666665797 ) ) ;
#3799 = CARTESIAN_POINT ( 'NONE',  ( -0.01911458333333330289, 0.3699999999999999956, -0.2883333333333333859 ) ) ;
#3800 = EDGE_LOOP ( 'NONE', ( #4580, #426, #3668, #4059 ) ) ;
#3801 = ORIENTED_EDGE ( 'NONE', *, *, #2330, .F. ) ;
#3802 = LINE ( 'NONE', #1526, #814 ) ;
#3803 = CARTESIAN_POINT ( 'NONE',  ( -0.03463103344039656500, 0.3690000000000000502, 0.2934031624012336525 ) ) ;
#3804 = ORIENTED_EDGE ( 'NONE', *, *, #2036, .T. ) ;
#3805 = ADVANCED_FACE ( 'NONE', ( #3552 ), #4754, .T. ) ;
#3806 = ORIENTED_EDGE ( 'NONE', *, *, #1639, .F. ) ;
#3807 = DIRECTION ( 'NONE',  ( -0.8532687732994455043, 0.000000000000000000, 0.5214713803384223301 ) ) ;
#3808 = CARTESIAN_POINT ( 'NONE',  ( 0.06500000000000007161, 0.3689999999999999947, -0.07242187499999999667 ) ) ;
#3809 = DIRECTION ( 'NONE',  ( 0.000000000000000000, 0.000000000000000000, 1.000000000000000000 ) ) ;
#3810 = SURFACE_STYLE_USAGE ( .BOTH. , #3835 ) ;
#3811 = CARTESIAN_POINT ( 'NONE',  ( 0.06656245463254086003, 0.3699999999999999400, 0.3268342780608031739 ) ) ;
#3812 =( NAMED_UNIT ( * ) SI_UNIT ( $, .STERADIAN. ) SOLID_ANGLE_UNIT ( ) );
#3813 =( LENGTH_UNIT ( ) NAMED_UNIT ( * ) SI_UNIT ( .MILLI., .METRE. ) );
#3814 = CARTESIAN_POINT ( 'NONE',  ( 0.02046875000000002512, 0.3689999999999999947, -0.3416666666666666741 ) ) ;
#3815 = DIRECTION ( 'NONE',  ( 1.000000000000000000, 0.000000000000000000, 0.000000000000000000 ) ) ;
#3816 = CARTESIAN_POINT ( 'NONE',  ( 0.04123697268072150368, 0.3689999999999999392, -0.08871855157993829843 ) ) ;
#3817 = CARTESIAN_POINT ( 'NONE',  ( -0.004348958333333228198, 0.3689999999999999947, 0.3120312500000001488 ) ) ;
#3818 = VERTEX_POINT ( 'NONE', #4481 ) ;
#3819 = CARTESIAN_POINT ( 'NONE',  ( -0.04120392331541849334, 0.3699999999999999400, -0.08696667741357085035 ) ) ;
#3820 = CARTESIAN_POINT ( 'NONE',  ( -0.06272298258061394238, 0.3689999999999999392, -0.09487995847805376359 ) ) ;
#3821 = ORIENTED_EDGE ( 'NONE', *, *, #2371, .T. ) ;
#3822 = ORIENTED_EDGE ( 'NONE', *, *, #653, .F. ) ;
#3823 = CARTESIAN_POINT ( 'NONE',  ( 0.05027065486378953785, 0.3699999999999999400, 0.3652205345170319584 ) ) ;
#3824 = FACE_BOUND ( 'NONE', #1756, .T. ) ;
#3825 = EDGE_CURVE ( 'NONE', #3093, #2862, #2459, .T. ) ;
#3826 = FACE_BOUND ( 'NONE', #1594, .T. ) ;
#3827 = VERTEX_POINT ( 'NONE', #3212 ) ;
#3828 = ORIENTED_EDGE ( 'NONE', *, *, #4755, .T. ) ;
#3829 = FACE_OUTER_BOUND ( 'NONE', #2627, .T. ) ;
#3830 = CARTESIAN_POINT ( 'NONE',  ( 0.005057634738053532440, 0.3690000000000001057, 0.3306638543643283801 ) ) ;
#3831 = PRESENTATION_LAYER_ASSIGNMENT (  '', '', ( #1275 ) ) ;
#3832 = CARTESIAN_POINT ( 'NONE',  ( -0.06438833347555646125, 0.3689999999999999392, -0.08516817427304104737 ) ) ;
#3833 = CARTESIAN_POINT ( 'NONE',  ( 0.06663160209640617282, 0.3689999999999999947, 0.3297815066703470577 ) ) ;
#3834 = VECTOR ( 'NONE', #2826, 1000.000000000000000 ) ;
#3835 = SURFACE_SIDE_STYLE ('',( #2254 ) ) ;
#3836 = PLANE ( 'NONE',  #4200 ) ;
#3837 = PRESENTATION_STYLE_ASSIGNMENT (( #1017 ) ) ;
#3838 = FILL_AREA_STYLE_COLOUR ( '', #3786 ) ;
#3839 = EDGE_CURVE ( 'NONE', #4520, #3428, #934, .T. ) ;
#3840 = B_SPLINE_CURVE_WITH_KNOTS ( 'NONE', 3,
 ( #4548, #3368, #2495, #3317, #2900, #4077, #534, #4912, #4971, #4183, #640, #2924, #2979, #2212, #1412, #3797, #4217, #3011, #4262 ),
 .UNSPECIFIED., .F., .F.,
 ( 4, 1, 1, 1, 1, 1, 1, 1, 1, 1, 1, 1, 1, 1, 1, 1, 4 ),
 ( 0.000000000000000000, 0.05947962530153968336, 0.1178198454081648416, 0.1748485928888532659, 0.2309926121001356081, 0.2876298532531937346, 0.3442408977160663075, 0.4029044050507611940, 0.4638011440071762581, 0.5256705525075456853, 0.5872997371984159942, 0.6504740505866031253, 0.7150877577060591461, 0.7821626891469165566, 0.8514138223725749022, 0.9241694988032246316, 1.000000000000000000 ),
 .UNSPECIFIED. ) ;
#3841 = SURFACE_STYLE_USAGE ( .BOTH. , #205 ) ;
#3842 = CARTESIAN_POINT ( 'NONE',  ( -0.04327196347849796010, 0.3690000000000001057, -0.06831677812292338836 ) ) ;
#3843 = ORIENTED_EDGE ( 'NONE', *, *, #3864, .T. ) ;
#3844 =( NAMED_UNIT ( * ) SI_UNIT ( $, .STERADIAN. ) SOLID_ANGLE_UNIT ( ) );
#3845 =( LENGTH_UNIT ( ) NAMED_UNIT ( * ) SI_UNIT ( .MILLI., .METRE. ) );
#3846 = DIRECTION ( 'NONE',  ( -0.000000000000000000, 1.000000000000000000, -0.000000000000000000 ) ) ;
#3847 = ORIENTED_EDGE ( 'NONE', *, *, #513, .F. ) ;
#3848 = CARTESIAN_POINT ( 'NONE',  ( 0.04707943453018252622, 0.3690000000000000502, 0.3673483168881434557 ) ) ;
#3849 = DIRECTION ( 'NONE',  ( 0.8396181230867137968, 0.000000000000000000, 0.5431771418095056037 ) ) ;
#3850 = CARTESIAN_POINT ( 'NONE',  ( 0.02028305728709983366, 0.3699999999999999956, 0.3134869009556356390 ) ) ;
#3851 = VERTEX_POINT ( 'NONE', #478 ) ;
#3852 = COLOUR_RGB ( '',0.8000000000000000444, 0.8117647058823529438, 0.8000000000000000444 ) ;
#3853 = VERTEX_POINT ( 'NONE', #2438 ) ;
#3854 = DIRECTION ( 'NONE',  ( 0.000000000000000000, -1.000000000000000000, 0.000000000000000000 ) ) ;
#3855 = PRESENTATION_LAYER_ASSIGNMENT (  '', '', ( #1620 ) ) ;
#3856 =( NAMED_UNIT ( * ) SI_UNIT ( $, .STERADIAN. ) SOLID_ANGLE_UNIT ( ) );
#3857 = CARTESIAN_POINT ( 'NONE',  ( 0.05182208141154776015, 0.3699999999999999400, 0.2977409579519693095 ) ) ;
#3858 = ORIENTED_EDGE ( 'NONE', *, *, #2268, .T. ) ;
#3859 = CARTESIAN_POINT ( 'NONE',  ( 0.001250000000000070933, 0.3689999999999999947, -0.1316666666666666541 ) ) ;
#3860 = CARTESIAN_POINT ( 'NONE',  ( 0.01000000000000006613, 0.3699999999999999956, -0.1783333333333333715 ) ) ;
#3861 = VECTOR ( 'NONE', #2487, 1000.000000000000000 ) ;
#3862 = CARTESIAN_POINT ( 'NONE',  ( 0.04424427650158984510, 0.3689999999999999392, 0.3255488804534940606 ) ) ;
#3863 = CARTESIAN_POINT ( 'NONE',  ( -0.05307752982602365055, 0.3689999999999998836, 0.3604563357096000620 ) ) ;
#3864 = EDGE_CURVE ( 'NONE', #1501, #1810, #3650, .T. ) ;
#3865 = COLOUR_RGB ( '',0.2980392156862745057, 0.2980392156862745057, 0.2980392156862745057 ) ;
#3866 = B_SPLINE_SURFACE_WITH_KNOTS ( 'NONE', 3, 1, ( 
 ( #4650, #2946 ),
 ( #1856, #3442 ),
 ( #5044, #1096 ),
 ( #4256, #714 ),
 ( #3862, #3083 ),
 ( #3974, #1204 ),
 ( #4330, #3190 ),
 ( #841, #1905 ),
 ( #786, #2388 ),
 ( #2413, #4677 ),
 ( #4002, #9 ),
 ( #2771, #439 ),
 ( #1511, #3947 ),
 ( #1235, #3163 ),
 ( #1123, #2745 ),
 ( #1536, #2692 ),
 ( #1565, #4306 ),
 ( #34, #2799 ),
 ( #1587, #4778 ) ),
 .UNSPECIFIED., .F., .F., .F.,
 ( 4, 1, 1, 1, 1, 1, 1, 1, 1, 1, 1, 1, 1, 1, 1, 1, 4 ),
 ( 2, 2 ),
 ( 0.000000000000000000, 0.05947962530153968336, 0.1178198454081648416, 0.1748485928888532659, 0.2309926121001356081, 0.2876298532531937346, 0.3442408977160663075, 0.4029044050507611940, 0.4638011440071762581, 0.5256705525075456853, 0.5872997371984159942, 0.6504740505866031253, 0.7150877577060591461, 0.7821626891469165566, 0.8514138223725749022, 0.9241694988032246316, 1.000000000000000000 ),
 ( 0.000000000000000000, 1.000000000000000000 ),
 .UNSPECIFIED. ) ;
#3867 =( GEOMETRIC_REPRESENTATION_CONTEXT ( 3 ) GLOBAL_UNCERTAINTY_ASSIGNED_CONTEXT ( ( #566 ) ) GLOBAL_UNIT_ASSIGNED_CONTEXT ( ( #1901, #3135, #2304 ) ) REPRESENTATION_CONTEXT ( 'NONE', 'WORKASPACE' ) );
#3868 = CARTESIAN_POINT ( 'NONE',  ( 0.02509502413357500225, 0.3689999999999999947, 0.2883562915389701886 ) ) ;
#3869 = EDGE_CURVE ( 'NONE', #951, #1058, #2912, .T. ) ;
#3870 = DIRECTION ( 'NONE',  ( 0.000000000000000000, -1.000000000000000000, 0.000000000000000000 ) ) ;
#3871 = CARTESIAN_POINT ( 'NONE',  ( 0.04179621108520095024, 0.3699999999999999400, -0.08662284528190125621 ) ) ;
#3872 = FACE_OUTER_BOUND ( 'NONE', #1273, .T. ) ;
#3873 = EDGE_LOOP ( 'NONE', ( #1466, #612, #3225, #2132 ) ) ;
#3874 = CARTESIAN_POINT ( 'NONE',  ( -0.03599441172767738756, 0.3689999999999999392, -0.09614199335843730265 ) ) ;
#3875 = LINE ( 'NONE', #3900, #2161 ) ;
#3876 = ORIENTED_EDGE ( 'NONE', *, *, #3503, .F. ) ;
#3877 = MECHANICAL_DESIGN_GEOMETRIC_PRESENTATION_REPRESENTATION (  '', ( #4123 ), #4111 ) ;
#3878 = CARTESIAN_POINT ( 'NONE',  ( -0.03047700721585800548, 0.3689999999999999392, -0.1006692334209019907 ) ) ;
#3879 = DIRECTION ( 'NONE',  ( -1.000000000000000000, -0.000000000000000000, -0.000000000000000000 ) ) ;
#3880 = CARTESIAN_POINT ( 'NONE',  ( 0.04333333333333340420, 0.3689999999999999947, -0.04833333333333332538 ) ) ;
#3881 = ORIENTED_EDGE ( 'NONE', *, *, #120, .T. ) ;
#3882 = EDGE_CURVE ( 'NONE', #3853, #1250, #2869, .T. ) ;
#3883 = ORIENTED_EDGE ( 'NONE', *, *, #1040, .F. ) ;
#3884 = CARTESIAN_POINT ( 'NONE',  ( 0.04333333333333340420, 0.3699999999999999956, -0.06890624999999998834 ) ) ;
#3885 =( NAMED_UNIT ( * ) SI_UNIT ( $, .STERADIAN. ) SOLID_ANGLE_UNIT ( ) );
#3886 = ADVANCED_FACE ( 'NONE', ( #863 ), #103, .T. ) ;
#3887 = CARTESIAN_POINT ( 'NONE',  ( -0.03463103344039656500, 0.3700000000000000511, 0.2934031624012336525 ) ) ;
#3888 = ORIENTED_EDGE ( 'NONE', *, *, #3657, .T. ) ;
#3889 = LINE ( 'NONE', #5064, #2100 ) ;
#3890 = CARTESIAN_POINT ( 'NONE',  ( -0.04605772809169165344, 0.3699999999999999400, -0.1190191098958152532 ) ) ;
#3891 = CARTESIAN_POINT ( 'NONE',  ( 0.06500000000000007161, 0.3689999999999999947, -0.1533333333333333770 ) ) ;
#3892 = ADVANCED_FACE ( 'NONE', ( #4414 ), #4460, .T. ) ;
#3893 = LINE ( 'NONE', #3494, #1478 ) ;
#3894 = VECTOR ( 'NONE', #1300, 1000.000000000000000 ) ;
#3895 = CARTESIAN_POINT ( 'NONE',  ( 0.02945552478221799206, 0.3690000000000000502, 0.3477082308994732252 ) ) ;
#3896 = PRESENTATION_STYLE_ASSIGNMENT (( #3611 ) ) ;
#3897 = FACE_OUTER_BOUND ( 'NONE', #2553, .T. ) ;
#3898 = EDGE_LOOP ( 'NONE', ( #2490, #798, #1572, #750, #372, #607 ) ) ;
#3899 = LINE ( 'NONE', #2676, #2383 ) ;
#3900 = CARTESIAN_POINT ( 'NONE',  ( 0.2500000000000001110, 0.000000000000000000, 0.3999999999999999112 ) ) ;
#3901 = ORIENTED_EDGE ( 'NONE', *, *, #2315, .T. ) ;
#3902 = CARTESIAN_POINT ( 'NONE',  ( -0.04233626619871018459, 0.3700000000000000511, 0.3359372902572297370 ) ) ;
#3903 = CARTESIAN_POINT ( 'NONE',  ( -0.05251181756355516317, 0.3690000000000000502, 0.3015309201193470678 ) ) ;
#3904 = DIRECTION ( 'NONE',  ( 0.8395445990741070563, 0.000000000000000000, -0.5432907749681534781 ) ) ;
#3905 =( LENGTH_UNIT ( ) NAMED_UNIT ( * ) SI_UNIT ( .MILLI., .METRE. ) );
#3906 = EDGE_LOOP ( 'NONE', ( #4220, #1007, #3373, #810 ) ) ;
#3907 = VERTEX_POINT ( 'NONE', #2113 ) ;
#3908 = SURFACE_STYLE_FILL_AREA ( #3515 ) ;
#3909 = CARTESIAN_POINT ( 'NONE',  ( -0.06272298258061394238, 0.3699999999999999400, -0.09487995847805376359 ) ) ;
#3910 = VERTEX_POINT ( 'NONE', #887 ) ;
#3911 = CARTESIAN_POINT ( 'NONE',  ( -0.03754720599818032328, 0.3699999999999999956, 0.2938280176319197357 ) ) ;
#3912 = ORIENTED_EDGE ( 'NONE', *, *, #3490, .F. ) ;
#3913 = CARTESIAN_POINT ( 'NONE',  ( 0.02945552478221799206, 0.3700000000000000511, 0.3477082308994732252 ) ) ;
#3914 = LINE ( 'NONE', #4359, #143 ) ;
#3915 = CARTESIAN_POINT ( 'NONE',  ( -0.06222562537860330811, 0.3699999999999999956, -0.09655808994520083399 ) ) ;
#3916 = CARTESIAN_POINT ( 'NONE',  ( -0.02947916666666655985, 0.3699999999999999956, 0.3183333333333334680 ) ) ;
#3917 = CARTESIAN_POINT ( 'NONE',  ( -0.06343582298464656155, 0.3700000000000000511, 0.3185282428939764654 ) ) ;
#3918 = VECTOR ( 'NONE', #1798, 1000.000000000000000 ) ;
#3919 = EDGE_CURVE ( 'NONE', #474, #458, #4806, .T. ) ;
#3920 = CARTESIAN_POINT ( 'NONE',  ( -0.004140205328592790231, 0.3689999999999999947, 0.3111496301113768070 ) ) ;
#3921 = LINE ( 'NONE', #359, #4096 ) ;
#3922 = FACE_OUTER_BOUND ( 'NONE', #5084, .T. ) ;
#3923 = CARTESIAN_POINT ( 'NONE',  ( -0.06499999999999990508, 0.3699999999999999956, 0.3309375000000001066 ) ) ;
#3924 = VERTEX_POINT ( 'NONE', #3283 ) ;
#3925 = CARTESIAN_POINT ( 'NONE',  ( 0.05187500000000007383, 0.3689999999999999947, -0.1138541666666666730 ) ) ;
#3926 = ORIENTED_EDGE ( 'NONE', *, *, #1092, .F. ) ;
#3927 = STYLED_ITEM ( 'NONE', ( #1970 ), #955 ) ;
#3928 = PLANE ( 'NONE',  #2942 ) ;
#3929 = CARTESIAN_POINT ( 'NONE',  ( 0.01603289986675387330, 0.3689999999999999392, -0.1307734159136696439 ) ) ;
#3930 = AXIS2_PLACEMENT_3D ( 'NONE', #1091, #3516, #3809 ) ;
#3931 = VERTEX_POINT ( 'NONE', #1637 ) ;
#3932 = LINE ( 'NONE', #1895, #3783 ) ;
#3933 = PLANE ( 'NONE',  #3943 ) ;
#3934 = ORIENTED_EDGE ( 'NONE', *, *, #1418, .T. ) ;
#3935 = VERTEX_POINT ( 'NONE', #2821 ) ;
#3936 = ADVANCED_FACE ( 'NONE', ( #3232 ), #4825, .T. ) ;
#3937 = UNCERTAINTY_MEASURE_WITH_UNIT (LENGTH_MEASURE( 1.000000000000000082E-05 ), #891, 'distance_accuracy_value', 'NONE');
#3938 = VECTOR ( 'NONE', #1094, 1000.000000000000000 ) ;
#3939 = CARTESIAN_POINT ( 'NONE',  ( 0.04072548446847111536, 0.3700000000000000511, 0.3196334748034811435 ) ) ;
#3940 = SURFACE_STYLE_FILL_AREA ( #4324 ) ;
#3941 = EDGE_CURVE ( 'NONE', #2786, #4946, #4899, .T. ) ;
#3942 = EDGE_CURVE ( 'NONE', #4991, #2780, #2532, .T. ) ;
#3943 = AXIS2_PLACEMENT_3D ( 'NONE', #3541, #803, #2032 ) ;
#3944 = ORIENTED_EDGE ( 'NONE', *, *, #871, .T. ) ;
#3945 = CARTESIAN_POINT ( 'NONE',  ( -0.04333333333333326542, 0.3689999999999999947, -0.1783333333333333715 ) ) ;
#3946 = DIRECTION ( 'NONE',  ( 1.000000000000000000, 0.000000000000000000, 0.000000000000000000 ) ) ;
#3947 = CARTESIAN_POINT ( 'NONE',  ( 0.03471722819097894375, 0.3699999999999999956, 0.3152431410446122073 ) ) ;
#3948 = CARTESIAN_POINT ( 'NONE',  ( -0.05330729166666656194, 0.3699999999999999956, 0.3022395833333334503 ) ) ;
#3949 = CARTESIAN_POINT ( 'NONE',  ( -0.001778322609772802930, 0.3690000000000000502, 0.3045458908466518455 ) ) ;
#3950 = CARTESIAN_POINT ( 'NONE',  ( 0.04500000000000011630, 0.3689999999999999947, 0.3307552083333334392 ) ) ;
#3951 = DIRECTION ( 'NONE',  ( 0.000000000000000000, -1.000000000000000000, 0.000000000000000000 ) ) ;
#3952 = CARTESIAN_POINT ( 'NONE',  ( 0.04332596720941608165, 0.3689999999999999947, -0.06983506325311771012 ) ) ;
#3953 = ORIENTED_EDGE ( 'NONE', *, *, #3188, .F. ) ;
#3954 = CARTESIAN_POINT ( 'NONE',  ( 0.04174212987990515850, 0.3699999999999999400, -0.1218612286239629527 ) ) ;
#3955 = EDGE_CURVE ( 'NONE', #2710, #192, #4878, .T. ) ;
#3956 = PRESENTATION_LAYER_ASSIGNMENT (  '', '', ( #4614 ) ) ;
#3957 =( GEOMETRIC_REPRESENTATION_CONTEXT ( 3 ) GLOBAL_UNCERTAINTY_ASSIGNED_CONTEXT ( ( #2577 ) ) GLOBAL_UNIT_ASSIGNED_CONTEXT ( ( #285, #3115, #3844 ) ) REPRESENTATION_CONTEXT ( 'NONE', 'WORKASPACE' ) );
#3958 = ORIENTED_EDGE ( 'NONE', *, *, #1266, .F. ) ;
#3959 = CARTESIAN_POINT ( 'NONE',  ( -0.04320092471729619632, 0.3689999999999999392, 0.3334013545642002807 ) ) ;
#3960 =( GEOMETRIC_REPRESENTATION_CONTEXT ( 3 ) GLOBAL_UNCERTAINTY_ASSIGNED_CONTEXT ( ( #3300 ) ) GLOBAL_UNIT_ASSIGNED_CONTEXT ( ( #3845, #1491, #1865 ) ) REPRESENTATION_CONTEXT ( 'NONE', 'WORKASPACE' ) );
#3961 = CARTESIAN_POINT ( 'NONE',  ( 0.02688562362091974009, 0.3689999999999999947, -0.1283326920320932985 ) ) ;
#3962 = ORIENTED_EDGE ( 'NONE', *, *, #3002, .T. ) ;
#3963 = CARTESIAN_POINT ( 'NONE',  ( 0.03000000000000011338, 0.3699999999999999956, 0.2216666666666668173 ) ) ;
#3964 = ORIENTED_EDGE ( 'NONE', *, *, #1202, .F. ) ;
#3965 = VECTOR ( 'NONE', #2223, 1000.000000000000000 ) ;
#3966 = VERTEX_POINT ( 'NONE', #4063 ) ;
#3967 = CARTESIAN_POINT ( 'NONE',  ( 0.02516553793639457123, 0.3699999999999999956, 0.3133478017376246649 ) ) ;
#3968 = CARTESIAN_POINT ( 'NONE',  ( -0.01610232950038081867, 0.3700000000000001066, -0.1056019274333977603 ) ) ;
#3969 = EDGE_CURVE ( 'NONE', #2008, #4503, #521, .T. ) ;
#3970 = ORIENTED_EDGE ( 'NONE', *, *, #3643, .T. ) ;
#3971 = CARTESIAN_POINT ( 'NONE',  ( 0.06500000000000011324, 0.3689999999999999947, 0.1899479166666666607 ) ) ;
#3972 = CARTESIAN_POINT ( 'NONE',  ( 0.01644775568139921970, 0.3700000000000001066, 0.3143000537712079545 ) ) ;
#3973 = FACE_OUTER_BOUND ( 'NONE', #2385, .T. ) ;
#3974 = CARTESIAN_POINT ( 'NONE',  ( 0.04365931551109595438, 0.3690000000000001057, 0.3239344733349597827 ) ) ;
#3975 = CARTESIAN_POINT ( 'NONE',  ( -0.04333333333333326542, 0.3689999999999999947, -0.06070312499999999667 ) ) ;
#3976 =( NAMED_UNIT ( * ) SI_UNIT ( $, .STERADIAN. ) SOLID_ANGLE_UNIT ( ) );
#3977 = LINE ( 'NONE', #2867, #2766 ) ;
#3978 = CYLINDRICAL_SURFACE ( 'NONE', #2454, 0.07000000000000002054 ) ;
#3979 = CARTESIAN_POINT ( 'NONE',  ( 0.06500000000000002998, 0.3689999999999999947, -0.2633333333333333637 ) ) ;
#3980 = ORIENTED_EDGE ( 'NONE', *, *, #437, .T. ) ;
#3981 = CARTESIAN_POINT ( 'NONE',  ( 0.03565614126724765687, 0.3699999999999998845, -0.1250694780143951357 ) ) ;
#3982 = CARTESIAN_POINT ( 'NONE',  ( -0.04320092471729619632, 0.3699999999999999400, 0.3334013545642002807 ) ) ;
#3983 =( LENGTH_UNIT ( ) NAMED_UNIT ( * ) SI_UNIT ( .MILLI., .METRE. ) );
#3984 = CARTESIAN_POINT ( 'NONE',  ( -0.05610653468684694001, 0.3700000000000000511, 0.3573596190532918326 ) ) ;
#3985 = VERTEX_POINT ( 'NONE', #1696 ) ;
#3986 = CARTESIAN_POINT ( 'NONE',  ( -0.06499999999999990508, 0.3689999999999999947, 0.2141666666666666718 ) ) ;
#3987 = CARTESIAN_POINT ( 'NONE',  ( -0.04208333333333327819, 0.3689999999999999947, -0.08330729166666665797 ) ) ;
#3988 = B_SPLINE_CURVE_WITH_KNOTS ( 'NONE', 3,
 ( #2179, #5021, #670, #1439, #2594, #693, #1519, #238, #2263, #339, #3817 ),
 .UNSPECIFIED., .F., .F.,
 ( 4, 1, 1, 1, 1, 1, 1, 1, 4 ),
 ( 0.000000000000000000, 0.1196964719965258744, 0.2359437583202386446, 0.3505624285330338208, 0.4675738794453408453, 0.5886790971730628819, 0.7164321348375394249, 0.8533140436686069696, 1.000000000000000000 ),
 .UNSPECIFIED. ) ;
#3989 = ORIENTED_EDGE ( 'NONE', *, *, #3632, .T. ) ;
#3990 = CARTESIAN_POINT ( 'NONE',  ( 0.001250000000000070933, 0.3699999999999999956, -0.1316666666666666541 ) ) ;
#3991 = EDGE_LOOP ( 'NONE', ( #771, #2052, #3460, #1113 ) ) ;
#3992 = VECTOR ( 'NONE', #2433, 1000.000000000000000 ) ;
#3993 = UNCERTAINTY_MEASURE_WITH_UNIT (LENGTH_MEASURE( 1.000000000000000082E-05 ), #1153, 'distance_accuracy_value', 'NONE');
#3994 = ADVANCED_FACE ( 'NONE', ( #2890 ), #176, .T. ) ;
#3995 = CARTESIAN_POINT ( 'NONE',  ( 0.06462869554891345625, 0.3700000000000001066, -0.08239082591453825155 ) ) ;
#3996 =( NAMED_UNIT ( * ) SI_UNIT ( $, .STERADIAN. ) SOLID_ANGLE_UNIT ( ) );
#3997 = VECTOR ( 'NONE', #584, 1000.000000000000000 ) ;
#3998 = ORIENTED_EDGE ( 'NONE', *, *, #130, .F. ) ;
#3999 = CARTESIAN_POINT ( 'NONE',  ( -0.06499999999999990508, 0.3689999999999999947, 0.3309375000000001066 ) ) ;
#4000 = LINE ( 'NONE', #1231, #3676 ) ;
#4001 = CARTESIAN_POINT ( 'NONE',  ( -0.01552285326990909646, 0.3699999999999999956, -0.1306328563520485209 ) ) ;
#4002 = CARTESIAN_POINT ( 'NONE',  ( 0.03798816297211091847, 0.3689999999999999392, 0.3171636961734754512 ) ) ;
#4003 = CARTESIAN_POINT ( 'NONE',  ( -0.06490185806878032149, 0.3699999999999999956, 0.3266245299798170021 ) ) ;
#4004 = B_SPLINE_CURVE_WITH_KNOTS ( 'NONE', 3,
 ( #524, #2847, #3610, #3653, #482, #463, #866, #1700, #4853, #3214, #2463, #2042, #2086, #88, #1329, #2021, #3703, #3633, #3308 ),
 .UNSPECIFIED., .F., .F.,
 ( 4, 1, 1, 1, 1, 1, 1, 1, 1, 1, 1, 1, 1, 1, 1, 1, 4 ),
 ( 0.000000000000000000, 0.06734293245311177845, 0.1322773767660015698, 0.1951973100640888303, 0.2565744333002017985, 0.3172378204265177137, 0.3773096447467318981, 0.4378900824886052812, 0.4991073058286048525, 0.5604177389437160484, 0.6212214598078675820, 0.6816821941211543834, 0.7426413071140097744, 0.8044446462735517223, 0.8676443542486901306, 0.9324447802215926062, 1.000000000000000000 ),
 .UNSPECIFIED. ) ;
#4005 = CARTESIAN_POINT ( 'NONE',  ( -0.009770152304810328717, 0.3690000000000000502, 0.3038866078715188324 ) ) ;
#4006 = DIRECTION ( 'NONE',  ( 0.000000000000000000, 0.000000000000000000, -1.000000000000000000 ) ) ;
#4007 = DIRECTION ( 'NONE',  ( -0.000000000000000000, 1.000000000000000000, -0.000000000000000000 ) ) ;
#4008 = EDGE_CURVE ( 'NONE', #2128, #2430, #4142, .T. ) ;
#4009 = CARTESIAN_POINT ( 'NONE',  ( -0.02626526366540444732, 0.3700000000000000511, -0.1284529039038915244 ) ) ;
#4010 = VECTOR ( 'NONE', #3216, 1000.000000000000114 ) ;
#4011 = CARTESIAN_POINT ( 'NONE',  ( -0.03378375522939174730, 0.3690000000000001057, 0.3435060124716510788 ) ) ;
#4012 = FACE_OUTER_BOUND ( 'NONE', #362, .T. ) ;
#4013 = PLANE ( 'NONE',  #1193 ) ;
#4014 = VERTEX_POINT ( 'NONE', #778 ) ;
#4015 = CARTESIAN_POINT ( 'NONE',  ( -0.04333333333333326542, 0.3699999999999999956, -0.06070312499999999667 ) ) ;
#4016 = ORIENTED_EDGE ( 'NONE', *, *, #1022, .F. ) ;
#4017 = ADVANCED_FACE ( 'NONE', ( #1013 ), #598, .T. ) ;
#4018 = CARTESIAN_POINT ( 'NONE',  ( -0.06499999999999994671, 0.3689999999999999947, -0.001666666666666675664 ) ) ;
#4019 = CARTESIAN_POINT ( 'NONE',  ( -0.04218320106709183559, 0.3699999999999999956, -0.08276983090616968353 ) ) ;
#4020 = CARTESIAN_POINT ( 'NONE',  ( -0.06499999999999997446, 0.3689999999999999947, -0.3416666666666666741 ) ) ;
#4021 = CARTESIAN_POINT ( 'NONE',  ( -0.01375886979164640811, 0.3699999999999998290, 0.3301349817664693265 ) ) ;
#4022 = MECHANICAL_DESIGN_GEOMETRIC_PRESENTATION_REPRESENTATION (  '', ( #882 ), #2194 ) ;
#4023 = DIRECTION ( 'NONE',  ( 0.000000000000000000, 0.000000000000000000, 1.000000000000000000 ) ) ;
#4024 = LINE ( 'NONE', #483, #647 ) ;
#4025 = VECTOR ( 'NONE', #2202, 1000.000000000000000 ) ;
#4026 = PRESENTATION_STYLE_ASSIGNMENT (( #868 ) ) ;
#4027 = DIRECTION ( 'NONE',  ( 1.000000000000000000, 0.000000000000000000, 0.000000000000000000 ) ) ;
#4028 = EDGE_CURVE ( 'NONE', #3924, #2375, #4198, .T. ) ;
#4029 = EDGE_CURVE ( 'NONE', #1648, #2240, #4984, .T. ) ;
#4030 = DIRECTION ( 'NONE',  ( 1.000000000000000000, 0.000000000000000000, 0.000000000000000000 ) ) ;
#4031 = CARTESIAN_POINT ( 'NONE',  ( 0.03349189772152150885, 0.3699999999999999956, 0.3464277406744437626 ) ) ;
#4032 = B_SPLINE_CURVE_WITH_KNOTS ( 'NONE', 3,
 ( #2997, #1044, #2612, #4204, #4304, #1562, #2282, #2718, #1966, #407, #1883, #1935, #763, #3138, #4730, #4752, #4254, #2769, #1173, #812, #4327, #3056, #3859 ),
 .UNSPECIFIED., .F., .F.,
 ( 4, 1, 1, 1, 1, 1, 1, 1, 1, 1, 1, 1, 1, 1, 1, 1, 1, 1, 1, 1, 4 ),
 ( 0.000000000000000000, 0.03727666120388441195, 0.07400527969318540511, 0.1103339484364384421, 0.1467031098566603797, 0.1828768902615880432, 0.2193971261894604452, 0.2558949648488802464, 0.2930192245668626905, 0.3682313734676938566, 0.4446999721670264472, 0.5231177152311957679, 0.6046692247300070600, 0.6471769291291802340, 0.6914633514816957982, 0.7379583824966597927, 0.7861087692881090216, 0.8363208198342581001, 0.8886675130637279318, 0.9431982673110448356, 1.000000000000000000 ),
 .UNSPECIFIED. ) ;
#4033 = ORIENTED_EDGE ( 'NONE', *, *, #2079, .F. ) ;
#4034 = LINE ( 'NONE', #1981, #1960 ) ;
#4035 = CARTESIAN_POINT ( 'NONE',  ( -0.04333333333333326542, 0.3689999999999999947, 0.06166666666666665436 ) ) ;
#4036 = ORIENTED_EDGE ( 'NONE', *, *, #3607, .F. ) ;
#4037 = FILL_AREA_STYLE_COLOUR ( '', #3423 ) ;
#4038 = ADVANCED_FACE ( 'NONE', ( #3330 ), #2196, .F. ) ;
#4039 = PRESENTATION_LAYER_ASSIGNMENT (  '', '', ( #4872 ) ) ;
#4040 = CARTESIAN_POINT ( 'NONE',  ( 0.06500000000000007161, 0.3699999999999999956, -0.02333333333333332399 ) ) ;
#4041 = DIRECTION ( 'NONE',  ( 1.000000000000000000, 0.000000000000000000, 0.000000000000000000 ) ) ;
#4042 = EDGE_CURVE ( 'NONE', #4500, #2055, #3201, .T. ) ;
#4043 = DIRECTION ( 'NONE',  ( -1.000000000000000000, 0.000000000000000000, 0.000000000000000000 ) ) ;
#4044 = CARTESIAN_POINT ( 'NONE',  ( -0.06490185806878032149, 0.3699999999999999956, 0.3266245299798170021 ) ) ;
#4045 = CARTESIAN_POINT ( 'NONE',  ( 0.01782526705381403190, 0.3700000000000000511, 0.2892129553589631308 ) ) ;
#4046 = CARTESIAN_POINT ( 'NONE',  ( 0.02798307343048781620, 0.3689999999999998836, -0.1025341150796178630 ) ) ;
#4047 = EDGE_CURVE ( 'NONE', #2623, #4269, #4669, .T. ) ;
#4048 = DIRECTION ( 'NONE',  ( -0.000000000000000000, 1.000000000000000000, -0.000000000000000000 ) ) ;
#4049 = LINE ( 'NONE', #4419, #2756 ) ;
#4050 = DIRECTION ( 'NONE',  ( -0.000000000000000000, 1.000000000000000000, -0.000000000000000000 ) ) ;
#4051 = CARTESIAN_POINT ( 'NONE',  ( 0.02298184190047698749, 0.3689999999999999392, 0.3133862580444486401 ) ) ;
#4052 = DIRECTION ( 'NONE',  ( -1.000000000000000000, -0.000000000000000000, -9.965093497109414594E-17 ) ) ;
#4053 = ORIENTED_EDGE ( 'NONE', *, *, #2628, .F. ) ;
#4054 = CARTESIAN_POINT ( 'NONE',  ( 0.01603289986675387330, 0.3699999999999999400, -0.1307734159136696439 ) ) ;
#4055 = CARTESIAN_POINT ( 'NONE',  ( -0.01329595892317987638, 0.3689999999999999392, -0.1059867271237492636 ) ) ;
#4056 = DIRECTION ( 'NONE',  ( 0.000000000000000000, 0.000000000000000000, 1.000000000000000000 ) ) ;
#4057 = ORIENTED_EDGE ( 'NONE', *, *, #2199, .T. ) ;
#4058 = CARTESIAN_POINT ( 'NONE',  ( -0.05846150538463838059, 0.3689999999999999947, 0.3080374269280508059 ) ) ;
#4059 = ORIENTED_EDGE ( 'NONE', *, *, #4933, .T. ) ;
#4060 = CARTESIAN_POINT ( 'NONE',  ( 0.04333333333333340420, 0.3689999999999999947, -0.04833333333333332538 ) ) ;
#4061 = CARTESIAN_POINT ( 'NONE',  ( 0.005068122343980056670, 0.3690000000000000502, 0.3273973964378252277 ) ) ;
#4062 = CARTESIAN_POINT ( 'NONE',  ( -0.2500000000000000000, -0.02000000000000000042, 0.4000000000000000222 ) ) ;
#4063 = CARTESIAN_POINT ( 'NONE',  ( -0.1700000000000004841, -0.02000000000000000042, 0.1500000000000000222 ) ) ;
#4064 = VECTOR ( 'NONE', #4056, 1000.000000000000000 ) ;
#4065 = CARTESIAN_POINT ( 'NONE',  ( -0.02947916666666655985, 0.3699999999999999956, 0.3183333333333334680 ) ) ;
#4066 = CARTESIAN_POINT ( 'NONE',  ( 0.02166538136999100056, 0.3690000000000001057, -0.1045670263579088766 ) ) ;
#4067 = CARTESIAN_POINT ( 'NONE',  ( -0.2500000000000000000, 0.08000000000000000167, 0.4200000000000000955 ) ) ;
#4068 = FACE_OUTER_BOUND ( 'NONE', #3203, .T. ) ;
#4069 = CARTESIAN_POINT ( 'NONE',  ( 0.02322347240822954934, 0.3690000000000000502, 0.2884016808679601418 ) ) ;
#4070 = EDGE_LOOP ( 'NONE', ( #822, #3639, #2699, #4751 ) ) ;
#4071 = ADVANCED_FACE ( 'NONE', ( #471 ), #3933, .F. ) ;
#4072 = MECHANICAL_DESIGN_GEOMETRIC_PRESENTATION_REPRESENTATION (  '', ( #1275 ), #4491 ) ;
#4073 = FILL_AREA_STYLE_COLOUR ( '', #3865 ) ;
#4074 = CARTESIAN_POINT ( 'NONE',  ( -0.3000000000000000444, 0.3699999999999999956, -0.4000000000000000222 ) ) ;
#4075 = SURFACE_STYLE_FILL_AREA ( #4860 ) ;
#4076 = ORIENTED_EDGE ( 'NONE', *, *, #1848, .F. ) ;
#4077 = CARTESIAN_POINT ( 'NONE',  ( 0.04365931551109595438, 0.3690000000000001057, 0.3239344733349597827 ) ) ;
#4078 = DIRECTION ( 'NONE',  ( -0.000000000000000000, -1.000000000000000000, -0.000000000000000000 ) ) ;
#4079 = CARTESIAN_POINT ( 'NONE',  ( 0.03224726658829961401, 0.3700000000000000511, 0.3728188317661028095 ) ) ;
#4080 = PRESENTATION_LAYER_ASSIGNMENT (  '', '', ( #526 ) ) ;
#4081 = ORIENTED_EDGE ( 'NONE', *, *, #370, .F. ) ;
#4082 = VERTEX_POINT ( 'NONE', #4015 ) ;
#4083 = ORIENTED_EDGE ( 'NONE', *, *, #495, .T. ) ;
#4084 = FACE_BOUND ( 'NONE', #3247, .T. ) ;
#4085 = ORIENTED_EDGE ( 'NONE', *, *, #1822, .F. ) ;
#4086 = EDGE_CURVE ( 'NONE', #2963, #1429, #2858, .T. ) ;
#4087 = EDGE_CURVE ( 'NONE', #878, #3485, #3569, .T. ) ;
#4088 = CARTESIAN_POINT ( 'NONE',  ( 0.005018473297221067927, 0.3690000000000000502, 0.3291334045544008213 ) ) ;
#4089 = CARTESIAN_POINT ( 'NONE',  ( 0.06038415489526721691, 0.3699999999999998845, -0.1009377466182031780 ) ) ;
#4090 = VECTOR ( 'NONE', #1354, 1000.000000000000000 ) ;
#4091 = DIRECTION ( 'NONE',  ( 1.000000000000000000, 0.000000000000000000, 0.000000000000000000 ) ) ;
#4092 = CARTESIAN_POINT ( 'NONE',  ( 0.03000000000000011338, 0.3699999999999999956, 0.2216666666666668173 ) ) ;
#4093 = CARTESIAN_POINT ( 'NONE',  ( 0.06663160209640617282, 0.3689999999999999947, 0.3297815066703470577 ) ) ;
#4094 = VECTOR ( 'NONE', #1825, 1000.000000000000227 ) ;
#4095 = CARTESIAN_POINT ( 'NONE',  ( 0.02322347240822954934, 0.3700000000000000511, 0.2884016808679601418 ) ) ;
#4096 = VECTOR ( 'NONE', #3086, 1000.000000000000114 ) ;
#4097 = CARTESIAN_POINT ( 'NONE',  ( -0.01975041428798698928, 0.3690000000000000502, 0.2958859522691255628 ) ) ;
#4098 = DIRECTION ( 'NONE',  ( -1.000000000000000000, 0.000000000000000000, 0.000000000000000000 ) ) ;
#4099 = CARTESIAN_POINT ( 'NONE',  ( 0.0008558815192753195349, 0.3689999999999999947, 0.3002037148299147029 ) ) ;
#4100 = ORIENTED_EDGE ( 'NONE', *, *, #2561, .F. ) ;
#4101 = VECTOR ( 'NONE', #4320, 1000.000000000000000 ) ;
#4102 = FILL_AREA_STYLE ('',( #489 ) ) ;
#4103 = EDGE_CURVE ( 'NONE', #1796, #1815, #2833, .T. ) ;
#4104 = CARTESIAN_POINT ( 'NONE',  ( -0.1938775332709110621, 0.000000000000000000, -0.05612246672908897255 ) ) ;
#4105 = ORIENTED_EDGE ( 'NONE', *, *, #3229, .F. ) ;
#4106 = DIRECTION ( 'NONE',  ( -0.000000000000000000, -1.000000000000000000, -0.000000000000000000 ) ) ;
#4107 = CARTESIAN_POINT ( 'NONE',  ( -0.003568820893877469765, 0.3699999999999998290, -0.1066341468129532177 ) ) ;
#4108 = CARTESIAN_POINT ( 'NONE',  ( 0.06434744590730864799, 0.3690000000000000502, -0.08537120723481342321 ) ) ;
#4109 = ORIENTED_EDGE ( 'NONE', *, *, #3131, .F. ) ;
#4110 = VERTEX_POINT ( 'NONE', #1601 ) ;
#4111 =( GEOMETRIC_REPRESENTATION_CONTEXT ( 3 ) GLOBAL_UNCERTAINTY_ASSIGNED_CONTEXT ( ( #4452 ) ) GLOBAL_UNIT_ASSIGNED_CONTEXT ( ( #310, #792, #1126 ) ) REPRESENTATION_CONTEXT ( 'NONE', 'WORKASPACE' ) );
#4112 = CARTESIAN_POINT ( 'NONE',  ( 0.000000000000000000, 0.000000000000000000, 0.4200000000000000955 ) ) ;
#4113 = CARTESIAN_POINT ( 'NONE',  ( -0.06051781505887159768, 0.3689999999999999947, 0.3112940122489931682 ) ) ;
#4114 = ORIENTED_EDGE ( 'NONE', *, *, #3882, .T. ) ;
#4115 = VECTOR ( 'NONE', #2671, 1000.000000000000000 ) ;
#4116 = MECHANICAL_DESIGN_GEOMETRIC_PRESENTATION_REPRESENTATION (  '', ( #2118 ), #2538 ) ;
#4117 = LINE ( 'NONE', #4506, #4801 ) ;
#4118 = FACE_OUTER_BOUND ( 'NONE', #2885, .T. ) ;
#4119 = CARTESIAN_POINT ( 'NONE',  ( 0.2500000000000001110, 0.000000000000000000, 0.3999999999999999112 ) ) ;
#4120 = AXIS2_PLACEMENT_3D ( 'NONE', #341, #4683, #3452 ) ;
#4121 = PRESENTATION_STYLE_ASSIGNMENT (( #960 ) ) ;
#4122 = CARTESIAN_POINT ( 'NONE',  ( -0.06499999999999990508, 0.3699999999999999956, 0.3309375000000001066 ) ) ;
#4123 = STYLED_ITEM ( 'NONE', ( #1051 ), #1751 ) ;
#4124 = CARTESIAN_POINT ( 'NONE',  ( 5.208333333340349133E-05, 0.3689999999999999947, -0.1066666666666666596 ) ) ;
#4125 = CARTESIAN_POINT ( 'NONE',  ( -0.05330729166666656194, 0.3689999999999999947, 0.3022395833333334503 ) ) ;
#4126 = CARTESIAN_POINT ( 'NONE',  ( 0.008313864693615320364, 0.3700000000000000511, 0.2932598096996058001 ) ) ;
#4127 = AXIS2_PLACEMENT_3D ( 'NONE', #2818, #3209, #2717 ) ;
#4128 = EDGE_LOOP ( 'NONE', ( #3745, #2571, #2404, #5058 ) ) ;
#4129 = CARTESIAN_POINT ( 'NONE',  ( -0.3000000000000000444, 0.000000000000000000, -0.4000000000000000222 ) ) ;
#4130 = ORIENTED_EDGE ( 'NONE', *, *, #2746, .F. ) ;
#4131 = CARTESIAN_POINT ( 'NONE',  ( -0.02830269322858102593, 0.3689999999999999947, 0.3183873828427439268 ) ) ;
#4132 = FACE_OUTER_BOUND ( 'NONE', #3039, .T. ) ;
#4133 = CARTESIAN_POINT ( 'NONE',  ( 0.06256701426841790314, 0.3699999999999998845, 0.3506970371195651803 ) ) ;
#4134 = ORIENTED_EDGE ( 'NONE', *, *, #2318, .F. ) ;
#4135 = VERTEX_POINT ( 'NONE', #1668 ) ;
#4136 = CARTESIAN_POINT ( 'NONE',  ( -0.06215218405361673526, 0.3690000000000001057, 0.3148105191983115447 ) ) ;
#4137 = ORIENTED_EDGE ( 'NONE', *, *, #442, .T. ) ;
#4138 = EDGE_CURVE ( 'NONE', #4426, #2978, #4425, .T. ) ;
#4139 = LINE ( 'NONE', #4457, #2320 ) ;
#4140 = CARTESIAN_POINT ( 'NONE',  ( 0.06500000000000002998, 0.3699999999999999956, -0.3666666666666666963 ) ) ;
#4141 = DIRECTION ( 'NONE',  ( 0.000000000000000000, -0.000000000000000000, -1.000000000000000000 ) ) ;
#4142 = LINE ( 'NONE', #3781, #1297 ) ;
#4143 = DIRECTION ( 'NONE',  ( -1.000000000000000000, 0.000000000000000000, 0.000000000000000000 ) ) ;
#4144 = LINE ( 'NONE', #2589, #2940 ) ;
#4145 = CARTESIAN_POINT ( 'NONE',  ( 0.01528386615197652003, 0.3699999999999998845, 0.2899030810960060434 ) ) ;
#4146 = ORIENTED_EDGE ( 'NONE', *, *, #2184, .T. ) ;
#4147 = DIRECTION ( 'NONE',  ( -7.529181753371579661E-17, -0.000000000000000000, 1.000000000000000000 ) ) ;
#4148 = VECTOR ( 'NONE', #4147, 1000.000000000000000 ) ;
#4149 = EDGE_CURVE ( 'NONE', #3, #4743, #4745, .T. ) ;
#4150 = SURFACE_STYLE_USAGE ( .BOTH. , #2568 ) ;
#4151 = CARTESIAN_POINT ( 'NONE',  ( 0.01645710177143260358, 0.3699999999999999956, -0.1055964731228814651 ) ) ;
#4152 = LINE ( 'NONE', #184, #2668 ) ;
#4153 = EDGE_CURVE ( 'NONE', #4110, #3764, #3154, .T. ) ;
#4154 = ORIENTED_EDGE ( 'NONE', *, *, #581, .F. ) ;
#4155 = CARTESIAN_POINT ( 'NONE',  ( -0.01424523903742889140, 0.3699999999999999956, 0.3284239707536690256 ) ) ;
#4156 = CARTESIAN_POINT ( 'NONE',  ( -0.01559807260653194028, 0.3689999999999999947, 0.3253772147208079391 ) ) ;
#4157 = CARTESIAN_POINT ( 'NONE',  ( 0.04007199221939920786, 0.3699999999999999956, 0.3706955006882282633 ) ) ;
#4158 = EDGE_LOOP ( 'NONE', ( #1246, #2290, #680, #2356 ) ) ;
#4159 = CARTESIAN_POINT ( 'NONE',  ( -0.1999999999999999556, -0.02000000000000000042, -0.3000000000000000444 ) ) ;
#4160 = ORIENTED_EDGE ( 'NONE', *, *, #3479, .F. ) ;
#4161 = CARTESIAN_POINT ( 'NONE',  ( 0.04007199221939920786, 0.3689999999999999947, 0.3706955006882282633 ) ) ;
#4162 = B_SPLINE_CURVE_WITH_KNOTS ( 'NONE', 3,
 ( #45, #3177, #3591, #1245, #874, #2830, #69, #4422, #3197, #4399, #2809 ),
 .UNSPECIFIED., .F., .F.,
 ( 4, 1, 1, 1, 1, 1, 1, 1, 4 ),
 ( 0.000000000000000000, 0.1666730984235036683, 0.3209093864531072371, 0.4643462207895320271, 0.5938634226607045763, 0.7127439520709970555, 0.8209400066876521018, 0.9156866052628330754, 1.000000000000000000 ),
 .UNSPECIFIED. ) ;
#4163 = FILL_AREA_STYLE_COLOUR ( '', #1352 ) ;
#4164 = VECTOR ( 'NONE', #752, 1000.000000000000000 ) ;
#4165 = ORIENTED_EDGE ( 'NONE', *, *, #502, .T. ) ;
#4166 = DIRECTION ( 'NONE',  ( -1.000000000000000000, 0.000000000000000000, 0.000000000000000000 ) ) ;
#4167 = LINE ( 'NONE', #2193, #1479 ) ;
#4168 = DIRECTION ( 'NONE',  ( -0.000000000000000000, 0.000000000000000000, 1.000000000000000000 ) ) ;
#4169 = EDGE_CURVE ( 'NONE', #587, #4738, #1714, .T. ) ;
#4170 =( LENGTH_UNIT ( ) NAMED_UNIT ( * ) SI_UNIT ( .MILLI., .METRE. ) );
#4171 = CARTESIAN_POINT ( 'NONE',  ( -0.01166666666666660648, 0.3699999999999999956, 0.06166666666666665436 ) ) ;
#4172 = CARTESIAN_POINT ( 'NONE',  ( 0.04170463862025115126, 0.3700000000000000511, 0.2913351687069903329 ) ) ;
#4173 = VECTOR ( 'NONE', #3248, 1000.000000000000000 ) ;
#4174 = CARTESIAN_POINT ( 'NONE',  ( -0.1799999999999999656, 0.000000000000000000, 0.2200000000000000289 ) ) ;
#4175 = SURFACE_SIDE_STYLE ('',( #1512 ) ) ;
#4176 = VERTEX_POINT ( 'NONE', #2071 ) ;
#4177 = VECTOR ( 'NONE', #1806, 1000.000000000000000 ) ;
#4178 = CARTESIAN_POINT ( 'NONE',  ( 0.06434744590730864799, 0.3690000000000000502, -0.08537120723481342321 ) ) ;
#4179 = CARTESIAN_POINT ( 'NONE',  ( -0.2500000000000000000, 0.08000000000000000167, 0.4000000000000000777 ) ) ;
#4180 = CARTESIAN_POINT ( 'NONE',  ( 5.208333333340349133E-05, 0.3689999999999999947, -0.1066666666666666596 ) ) ;
#4181 = ADVANCED_FACE ( 'NONE', ( #1413 ), #589, .F. ) ;
#4182 = VERTEX_POINT ( 'NONE', #4865 ) ;
#4183 = CARTESIAN_POINT ( 'NONE',  ( 0.03944602239593859860, 0.3690000000000001057, 0.3183246193689562853 ) ) ;
#4184 = CARTESIAN_POINT ( 'NONE',  ( -0.03047700721585800548, 0.3699999999999999400, -0.1006692334209019907 ) ) ;
#4185 = LINE ( 'NONE', #4660, #1422 ) ;
#4186 = EDGE_CURVE ( 'NONE', #1322, #2008, #1687, .T. ) ;
#4187 = EDGE_LOOP ( 'NONE', ( #2734, #779, #1581, #3804 ) ) ;
#4188 = COLOUR_RGB ( '',0.8000000000000000444, 0.8117647058823529438, 0.8000000000000000444 ) ;
#4189 = VERTEX_POINT ( 'NONE', #2881 ) ;
#4190 = CARTESIAN_POINT ( 'NONE',  ( -0.0002431628287869765754, 0.3689999999999999947, -0.1316472404522461559 ) ) ;
#4191 = B_SPLINE_CURVE_WITH_KNOTS ( 'NONE', 3,
 ( #2599, #2677, #2703, #1867, #5025, #3453, #642, #3424, #2316, #3820, #5052 ),
 .UNSPECIFIED., .F., .F.,
 ( 4, 1, 1, 1, 1, 1, 1, 1, 4 ),
 ( 0.000000000000000000, 0.1574696105658205392, 0.3066299103822053285, 0.4453947960140403062, 0.5739867641878378945, 0.6944366174725873364, 0.8048975949917163142, 0.9068122228658739292, 1.000000000000000000 ),
 .UNSPECIFIED. ) ;
#4192 = MECHANICAL_DESIGN_GEOMETRIC_PRESENTATION_REPRESENTATION (  '', ( #235 ), #727 ) ;
#4193 = ORIENTED_EDGE ( 'NONE', *, *, #3869, .F. ) ;
#4194 = VERTEX_POINT ( 'NONE', #4471 ) ;
#4195 = PLANE ( 'NONE',  #2274 ) ;
#4196 = DIRECTION ( 'NONE',  ( 0.5431337353635250498, 0.000000000000000000, 0.8396462025818162145 ) ) ;
#4197 = CARTESIAN_POINT ( 'NONE',  ( 0.03878860723338009575, 0.3690000000000000502, -0.1235358543761811284 ) ) ;
#4198 = LINE ( 'NONE', #989, #2608 ) ;
#4199 = AXIS2_PLACEMENT_3D ( 'NONE', #1641, #4828, #915 ) ;
#4200 = AXIS2_PLACEMENT_3D ( 'NONE', #4701, #1122, #2719 ) ;
#4201 = CARTESIAN_POINT ( 'NONE',  ( 0.06377407965663407785, 0.3690000000000000502, 0.3144456353298477613 ) ) ;
#4202 = VECTOR ( 'NONE', #830, 1000.000000000000000 ) ;
#4203 = EDGE_CURVE ( 'NONE', #1874, #3827, #104, .T. ) ;
#4204 = CARTESIAN_POINT ( 'NONE',  ( -0.06052699781017204655, 0.3690000000000000502, -0.1010970902073867056 ) ) ;
#4205 = VECTOR ( 'NONE', #1351, 1000.000000000000000 ) ;
#4206 = CARTESIAN_POINT ( 'NONE',  ( -0.02947916666666655985, 0.3699999999999999956, 0.3183333333333334680 ) ) ;
#4207 = DIRECTION ( 'NONE',  ( -0.000000000000000000, 1.000000000000000000, -0.000000000000000000 ) ) ;
#4208 = LINE ( 'NONE', #2616, #655 ) ;
#4209 = VECTOR ( 'NONE', #2126, 1000.000000000000000 ) ;
#4210 = EDGE_LOOP ( 'NONE', ( #4219, #3363, #2432, #1186 ) ) ;
#4211 = EDGE_CURVE ( 'NONE', #4685, #3478, #614, .T. ) ;
#4212 = LINE ( 'NONE', #667, #4148 ) ;
#4213 = CARTESIAN_POINT ( 'NONE',  ( -0.01166666666666660648, 0.3689999999999999947, 0.006666666666666661890 ) ) ;
#4214 = CARTESIAN_POINT ( 'NONE',  ( 0.01355631464094616753, 0.3689999999999998836, -0.1059873374837387583 ) ) ;
#4215 = DIRECTION ( 'NONE',  ( 1.000000000000000000, 0.000000000000000000, -0.000000000000000000 ) ) ;
#4216 = VERTEX_POINT ( 'NONE', #1365 ) ;
#4217 = CARTESIAN_POINT ( 'NONE',  ( 0.02666353118101932526, 0.3690000000000000502, 0.3133761518718857220 ) ) ;
#4218 = LINE ( 'NONE', #1028, #2064 ) ;
#4219 = ORIENTED_EDGE ( 'NONE', *, *, #1185, .F. ) ;
#4220 = ORIENTED_EDGE ( 'NONE', *, *, #119, .F. ) ;
#4221 = CARTESIAN_POINT ( 'NONE',  ( 0.05328467524311732845, 0.3700000000000001066, 0.3628327723721030962 ) ) ;
#4222 = LINE ( 'NONE', #3880, #3625 ) ;
#4223 = EDGE_LOOP ( 'NONE', ( #1344, #397, #3098, #706 ) ) ;
#4224 = LINE ( 'NONE', #3433, #3487 ) ;
#4225 = EDGE_LOOP ( 'NONE', ( #5097, #204, #3152, #4599 ) ) ;
#4226 = FACE_OUTER_BOUND ( 'NONE', #1043, .T. ) ;
#4227 = LINE ( 'NONE', #572, #3543 ) ;
#4228 = DIRECTION ( 'NONE',  ( 0.000000000000000000, -1.000000000000000000, 0.000000000000000000 ) ) ;
#4229 = CARTESIAN_POINT ( 'NONE',  ( 0.05760095962265581598, 0.3689999999999998836, 0.3037637929003891846 ) ) ;
#4230 = LINE ( 'NONE', #4171, #4844 ) ;
#4231 = CARTESIAN_POINT ( 'NONE',  ( -0.04333333333333322379, 0.3699999999999999956, 0.3307291666666667962 ) ) ;
#4232 = CARTESIAN_POINT ( 'NONE',  ( -0.05307752982602365055, 0.3699999999999998290, 0.3604563357096000620 ) ) ;
#4233 = PRESENTATION_STYLE_ASSIGNMENT (( #3841 ) ) ;
#4234 = CARTESIAN_POINT ( 'NONE',  ( -0.04218320106709183559, 0.3699999999999999956, -0.08276983090616968353 ) ) ;
#4235 = FACE_OUTER_BOUND ( 'NONE', #2525, .T. ) ;
#4236 = DIRECTION ( 'NONE',  ( -0.000000000000000000, 1.000000000000000000, -0.000000000000000000 ) ) ;
#4237 = ORIENTED_EDGE ( 'NONE', *, *, #1183, .T. ) ;
#4238 = CARTESIAN_POINT ( 'NONE',  ( -0.04120392331541849334, 0.3689999999999999392, -0.08696667741357085035 ) ) ;
#4239 = CARTESIAN_POINT ( 'NONE',  ( -0.0005618979847444822507, 0.3700000000000000511, 0.3023079614930215264 ) ) ;
#4240 = MECHANICAL_DESIGN_GEOMETRIC_PRESENTATION_REPRESENTATION (  '', ( #1908 ), #2825 ) ;
#4241 = ORIENTED_EDGE ( 'NONE', *, *, #171, .F. ) ;
#4242 = CARTESIAN_POINT ( 'NONE',  ( 0.06068972507647002468, 0.3690000000000001057, 0.3540206504639564211 ) ) ;
#4243 = FILL_AREA_STYLE_COLOUR ( '', #1433 ) ;
#4244 = CARTESIAN_POINT ( 'NONE',  ( 0.005000000000000107657, 0.3699999999999999956, 0.3284114583333334614 ) ) ;
#4245 = ORIENTED_EDGE ( 'NONE', *, *, #1768, .T. ) ;
#4246 = ORIENTED_EDGE ( 'NONE', *, *, #4385, .F. ) ;
#4247 =( LENGTH_UNIT ( ) NAMED_UNIT ( * ) SI_UNIT ( .MILLI., .METRE. ) );
#4248 = CARTESIAN_POINT ( 'NONE',  ( 0.04174212987990515850, 0.3699999999999999400, -0.1218612286239629527 ) ) ;
#4249 = EDGE_CURVE ( 'NONE', #4999, #192, #2957, .T. ) ;
#4250 = CARTESIAN_POINT ( 'NONE',  ( -0.04842171785802231593, 0.3699999999999999400, 0.2983139364196660259 ) ) ;
#4251 = VECTOR ( 'NONE', #916, 1000.000000000000000 ) ;
#4252 = EDGE_CURVE ( 'NONE', #773, #1580, #3663, .T. ) ;
#4253 = ORIENTED_EDGE ( 'NONE', *, *, #2371, .F. ) ;
#4254 = CARTESIAN_POINT ( 'NONE',  ( -0.01928447230817318878, 0.3689999999999999947, -0.1300321815889124710 ) ) ;
#4255 = PLANE ( 'NONE',  #734 ) ;
#4256 = CARTESIAN_POINT ( 'NONE',  ( 0.04469668197237972734, 0.3689999999999999947, 0.3272189241171875596 ) ) ;
#4257 = PRESENTATION_STYLE_ASSIGNMENT (( #4963 ) ) ;
#4258 = DIRECTION ( 'NONE',  ( 0.000000000000000000, 0.000000000000000000, 1.000000000000000000 ) ) ;
#4259 = CARTESIAN_POINT ( 'NONE',  ( 0.03999026932789830763, 0.3690000000000001057, -0.09166113509154266703 ) ) ;
#4260 = CARTESIAN_POINT ( 'NONE',  ( -0.06499999999999994671, 0.3699999999999999956, -0.2416666666666667240 ) ) ;
#4261 = ORIENTED_EDGE ( 'NONE', *, *, #1135, .T. ) ;
#4262 = CARTESIAN_POINT ( 'NONE',  ( 0.02440104166666677912, 0.3689999999999999947, 0.3133333333333334081 ) ) ;
#4263 = CARTESIAN_POINT ( 'NONE',  ( -0.01869580619849743261, 0.3699999999999998845, -0.1051421613112771825 ) ) ;
#4264 = LINE ( 'NONE', #5101, #3736 ) ;
#4265 = ORIENTED_EDGE ( 'NONE', *, *, #4169, .F. ) ;
#4266 = EDGE_CURVE ( 'NONE', #421, #1192, #2155, .T. ) ;
#4267 = CARTESIAN_POINT ( 'NONE',  ( 0.06408155257635143875, 0.3690000000000000502, 0.3471711710243681193 ) ) ;
#4268 = DIRECTION ( 'NONE',  ( -0.000000000000000000, 0.000000000000000000, 1.000000000000000000 ) ) ;
#4269 = VERTEX_POINT ( 'NONE', #2472 ) ;
#4270 = AXIS2_PLACEMENT_3D ( 'NONE', #2402, #72, #1626 ) ;
#4271 = ORIENTED_EDGE ( 'NONE', *, *, #4249, .F. ) ;
#4272 = CARTESIAN_POINT ( 'NONE',  ( 0.06500000000000007161, 0.3689999999999999947, -0.07242187499999999667 ) ) ;
#4273 = SURFACE_STYLE_USAGE ( .BOTH. , #94 ) ;
#4274 = CARTESIAN_POINT ( 'NONE',  ( 0.05113016521550372423, 0.3699999999999999400, -0.1145945144876390626 ) ) ;
#4275 = LINE ( 'NONE', #354, #3260 ) ;
#4276 = CARTESIAN_POINT ( 'NONE',  ( -0.06252604166666660135, 0.3689999999999999947, -0.09562499999999998779 ) ) ;
#4277 = VECTOR ( 'NONE', #4048, 1000.000000000000000 ) ;
#4278 = CARTESIAN_POINT ( 'NONE',  ( -0.04099337131827936881, 0.3689999999999999947, 0.3382654558887960849 ) ) ;
#4279 = FILL_AREA_STYLE ('',( #3838 ) ) ;
#4280 = VECTOR ( 'NONE', #764, 1000.000000000000114 ) ;
#4281 = B_SPLINE_SURFACE_WITH_KNOTS ( 'NONE', 3, 1, ( 
 ( #4397, #4763 ),
 ( #1217, #2781 ),
 ( #3959, #3982 ),
 ( #3220, #3902 ),
 ( #4813, #1243 ),
 ( #4718, #2397 ),
 ( #4787, #368 ),
 ( #4011, #2705 ),
 ( #2729, #3506 ),
 ( #5104, #4316 ),
 ( #2343, #3338 ) ),
 .UNSPECIFIED., .F., .F., .F.,
 ( 4, 1, 1, 1, 1, 1, 1, 1, 4 ),
 ( 2, 2 ),
 ( 0.000000000000000000, 0.1112171393391041541, 0.2186143598568385249, 0.3279250178252808845, 0.4420788008943772884, 0.5641677246613702179, 0.6953942163782108610, 0.8399237221180798629, 1.000000000000000000 ),
 ( 0.000000000000000000, 1.000000000000000000 ),
 .UNSPECIFIED. ) ;
#4282 = VECTOR ( 'NONE', #1600, 1000.000000000000000 ) ;
#4283 = B_SPLINE_CURVE_WITH_KNOTS ( 'NONE', 3,
 ( #4122, #4826, #4044, #3651, #3700, #522, #2941, #3307, #198, #1328, #1747 ),
 .UNSPECIFIED., .F., .F.,
 ( 4, 1, 1, 1, 1, 1, 1, 1, 4 ),
 ( 0.000000000000000000, 0.1371223374139007023, 0.2679123640023185482, 0.3935226983663877021, 0.5160237818867048354, 0.6367751505916589005, 0.7569302398618513728, 0.8771627914374638957, 1.000000000000000000 ),
 .UNSPECIFIED. ) ;
#4284 = DIRECTION ( 'NONE',  ( -0.000000000000000000, 1.000000000000000000, -0.000000000000000000 ) ) ;
#4285 = CARTESIAN_POINT ( 'NONE',  ( -0.01166666666666660648, 0.3699999999999999956, 0.006666666666666661890 ) ) ;
#4286 = SURFACE_STYLE_FILL_AREA ( #2697 ) ;
#4287 = CARTESIAN_POINT ( 'NONE',  ( -0.06365815143065613191, 0.3700000000000001066, -0.09084649750831678972 ) ) ;
#4288 = ORIENTED_EDGE ( 'NONE', *, *, #425, .T. ) ;
#4289 = LINE ( 'NONE', #5051, #1877 ) ;
#4290 = CARTESIAN_POINT ( 'NONE',  ( 0.01528386615197652003, 0.3699999999999998845, 0.2899030810960060434 ) ) ;
#4291 = ORIENTED_EDGE ( 'NONE', *, *, #594, .T. ) ;
#4292 = DIRECTION ( 'NONE',  ( -0.000000000000000000, 1.000000000000000000, -0.000000000000000000 ) ) ;
#4293 = FACE_BOUND ( 'NONE', #1820, .T. ) ;
#4294 = DIRECTION ( 'NONE',  ( 1.000000000000000000, 0.000000000000000000, 0.000000000000000000 ) ) ;
#4295 =( NAMED_UNIT ( * ) PLANE_ANGLE_UNIT ( ) SI_UNIT ( $, .RADIAN. ) );
#4296 = ORIENTED_EDGE ( 'NONE', *, *, #228, .F. ) ;
#4297 = CARTESIAN_POINT ( 'NONE',  ( -0.05876256996882606165, 0.3689999999999999392, 0.3538057597343898797 ) ) ;
#4298 = ORIENTED_EDGE ( 'NONE', *, *, #1457, .F. ) ;
#4299 = PLANE ( 'NONE',  #5068 ) ;
#4300 = CARTESIAN_POINT ( 'NONE',  ( -0.06365815143065613191, 0.3690000000000001057, -0.09084649750831678972 ) ) ;
#4301 = FILL_AREA_STYLE ('',( #2327 ) ) ;
#4302 = EDGE_CURVE ( 'NONE', #4189, #1470, #2925, .T. ) ;
#4303 = PLANE ( 'NONE',  #1717 ) ;
#4304 = CARTESIAN_POINT ( 'NONE',  ( -0.05926666922012708422, 0.3689999999999999392, -0.1036840253034258530 ) ) ;
#4305 = DIRECTION ( 'NONE',  ( -0.000000000000000000, 1.000000000000000000, -0.000000000000000000 ) ) ;
#4306 = CARTESIAN_POINT ( 'NONE',  ( 0.02666353118101932526, 0.3700000000000000511, 0.3133761518718857220 ) ) ;
#4307 = CARTESIAN_POINT ( 'NONE',  ( -0.06495290914653628622, 0.3689999999999999947, 0.3326421853642252957 ) ) ;
#4308 = VECTOR ( 'NONE', #3303, 1000.000000000000000 ) ;
#4309 = CARTESIAN_POINT ( 'NONE',  ( 0.01645710177143260358, 0.3699999999999999956, -0.1055964731228814651 ) ) ;
#4310 = VERTEX_POINT ( 'NONE', #2550 ) ;
#4311 = FILL_AREA_STYLE ('',( #2236 ) ) ;
#4312 = CARTESIAN_POINT ( 'NONE',  ( -0.01158707161737761344, 0.3699999999999999956, -0.1310957157233315351 ) ) ;
#4313 = ADVANCED_FACE ( 'NONE', ( #4132 ), #1382, .T. ) ;
#4314 = ORIENTED_EDGE ( 'NONE', *, *, #4953, .T. ) ;
#4315 = ADVANCED_FACE ( 'NONE', ( #286 ), #363, .T. ) ;
#4316 = CARTESIAN_POINT ( 'NONE',  ( -0.02794889214850617906, 0.3700000000000000511, 0.3448241359629350411 ) ) ;
#4317 = CARTESIAN_POINT ( 'NONE',  ( -0.03755089955468122326, 0.3690000000000001057, 0.3201487933911080774 ) ) ;
#4318 = EDGE_LOOP ( 'NONE', ( #1925, #4667, #2500, #4724, #2778, #2103, #3404, #1543, #2918, #2427, #2648, #2273 ) ) ;
#4319 = LINE ( 'NONE', #5106, #3446 ) ;
#4320 = DIRECTION ( 'NONE',  ( -0.000000000000000000, 1.000000000000000000, -0.000000000000000000 ) ) ;
#4321 = VERTEX_POINT ( 'NONE', #1468 ) ;
#4322 = ORIENTED_EDGE ( 'NONE', *, *, #3258, .F. ) ;
#4323 = CARTESIAN_POINT ( 'NONE',  ( 0.06434744590730864799, 0.3700000000000000511, -0.08537120723481342321 ) ) ;
#4324 = FILL_AREA_STYLE ('',( #4037 ) ) ;
#4325 = ORIENTED_EDGE ( 'NONE', *, *, #3227, .T. ) ;
#4326 = CARTESIAN_POINT ( 'NONE',  ( 0.04484294040988513752, 0.3700000000000000511, 0.3340364517388194621 ) ) ;
#4327 = CARTESIAN_POINT ( 'NONE',  ( -0.003169790649103189188, 0.3689999999999999392, -0.1316091646989054065 ) ) ;
#4328 = ADVANCED_FACE ( 'NONE', ( #3501 ), #261, .T. ) ;
#4329 = CARTESIAN_POINT ( 'NONE',  ( -0.04605772809169165344, 0.3689999999999999392, -0.1190191098958152532 ) ) ;
#4330 = CARTESIAN_POINT ( 'NONE',  ( 0.04282595334974539925, 0.3689999999999999392, 0.3224402264884843605 ) ) ;
#4331 = CARTESIAN_POINT ( 'NONE',  ( -0.06051781505887159768, 0.3699999999999999956, 0.3112940122489931682 ) ) ;
#4332 = MECHANICAL_DESIGN_GEOMETRIC_PRESENTATION_REPRESENTATION (  '', ( #4757 ), #3410 ) ;
#4333 = CARTESIAN_POINT ( 'NONE',  ( -0.03166666666666657221, 0.3690000000000000502, 0.2933333333333335013 ) ) ;
#4334 = CARTESIAN_POINT ( 'NONE',  ( 0.04381065445679303838, 0.3689999999999999947, 0.3371508590064705713 ) ) ;
#4335 = CARTESIAN_POINT ( 'NONE',  ( -0.04333333333333326542, 0.3689999999999999947, -0.001666666666666675664 ) ) ;
#4336 = LINE ( 'NONE', #3528, #2434 ) ;
#4337 = VERTEX_POINT ( 'NONE', #1079 ) ;
#4338 = LINE ( 'NONE', #2024, #11 ) ;
#4339 = ADVANCED_BREP_SHAPE_REPRESENTATION ( '3-XFDFN', ( #4749, #3028, #1097 ), #3957 ) ;
#4340 = ORIENTED_EDGE ( 'NONE', *, *, #1691, .F. ) ;
#4341 = PRESENTATION_LAYER_ASSIGNMENT (  '', '', ( #1448 ) ) ;
#4342 = EDGE_CURVE ( 'NONE', #2105, #4658, #4659, .T. ) ;
#4343 = DIRECTION ( 'NONE',  ( 1.000000000000000000, 0.000000000000000000, 0.000000000000000000 ) ) ;
#4344 = CARTESIAN_POINT ( 'NONE',  ( -0.04109926036677488681, 0.3699999999999998845, 0.3671883809577467517 ) ) ;
#4345 = AXIS2_PLACEMENT_3D ( 'NONE', #5112, #683, #5061 ) ;
#4346 = ORIENTED_EDGE ( 'NONE', *, *, #4138, .F. ) ;
#4347 = CARTESIAN_POINT ( 'NONE',  ( 0.01000000000000006613, 0.3689999999999999947, -0.2333333333333333925 ) ) ;
#4348 = DIRECTION ( 'NONE',  ( 1.000000000000000000, 0.000000000000000000, 0.000000000000000000 ) ) ;
#4349 = ORIENTED_EDGE ( 'NONE', *, *, #3942, .T. ) ;
#4350 = B_SPLINE_SURFACE_WITH_KNOTS ( 'NONE', 3, 1, ( 
 ( #1852, #2197 ),
 ( #3409, #4985 ),
 ( #2638, #4958 ),
 ( #5010, #2560 ),
 ( #2279, #1427 ),
 ( #1456, #4560 ),
 ( #1042, #2167 ),
 ( #2994, #1070 ),
 ( #4615, #3857 ),
 ( #301, #4587 ),
 ( #4229, #3754 ),
 ( #2610, #684 ),
 ( #1093, #227 ),
 ( #4201, #1776 ),
 ( #326, #5039 ),
 ( #3357, #1506 ),
 ( #2251, #1404 ),
 ( #3833, #3055 ),
 ( #1882, #4647 ) ),
 .UNSPECIFIED., .F., .F., .F.,
 ( 4, 1, 1, 1, 1, 1, 1, 1, 1, 1, 1, 1, 1, 1, 1, 1, 4 ),
 ( 2, 2 ),
 ( 0.000000000000000000, 0.06290302000747322042, 0.1240532131486371675, 0.1839646884807584759, 0.2432260156682875818, 0.3027923277429035442, 0.3629951169936941890, 0.4246629646988160922, 0.4884047286719853109, 0.5525410536748861512, 0.6150742102078178286, 0.6773821385362835956, 0.7393027761829323863, 0.8021697774379048518, 0.8658318450171622604, 0.9319635394539210749, 1.000000000000000000 ),
 ( 0.000000000000000000, 1.000000000000000000 ),
 .UNSPECIFIED. ) ;
#4351 = VECTOR ( 'NONE', #745, 1000.000000000000000 ) ;
#4352 = ORIENTED_EDGE ( 'NONE', *, *, #377, .F. ) ;
#4353 = VECTOR ( 'NONE', #1424, 1000.000000000000000 ) ;
#4354 = LINE ( 'NONE', #3157, #3992 ) ;
#4355 = CARTESIAN_POINT ( 'NONE',  ( -0.1400000000000000133, -0.02000000000000000042, -0.05000000000000002359 ) ) ;
#4356 = VECTOR ( 'NONE', #3255, 1000.000000000000000 ) ;
#4357 = ORIENTED_EDGE ( 'NONE', *, *, #4818, .F. ) ;
#4358 = CARTESIAN_POINT ( 'NONE',  ( 0.02046875000000002512, 0.3689999999999999947, -0.3416666666666666741 ) ) ;
#4359 = CARTESIAN_POINT ( 'NONE',  ( 0.06500000000000002998, 0.3689999999999999947, -0.3666666666666666963 ) ) ;
#4360 = LINE ( 'NONE', #6, #4280 ) ;
#4361 = CARTESIAN_POINT ( 'NONE',  ( 0.2000000000000000666, -0.02000000000000000042, -0.3000000000000000444 ) ) ;
#4362 = CARTESIAN_POINT ( 'NONE',  ( 0.01000000000000006613, 0.3689999999999999947, 0.06166666666666665436 ) ) ;
#4363 = CARTESIAN_POINT ( 'NONE',  ( -0.03027284658458531674, 0.3690000000000001057, 0.2933842517444757991 ) ) ;
#4364 = DIRECTION ( 'NONE',  ( -0.000000000000000000, 1.000000000000000000, -0.000000000000000000 ) ) ;
#4365 = LINE ( 'NONE', #1238, #1866 ) ;
#4366 = CARTESIAN_POINT ( 'NONE',  ( 0.04315729171411065990, 0.3689999999999999947, -0.07658924509658225632 ) ) ;
#4367 = ORIENTED_EDGE ( 'NONE', *, *, #3159, .F. ) ;
#4368 = CARTESIAN_POINT ( 'NONE',  ( -0.01928447230817318878, 0.3699999999999999956, -0.1300321815889124710 ) ) ;
#4369 = VECTOR ( 'NONE', #969, 1000.000000000000000 ) ;
#4370 = COLOUR_RGB ( '',0.7921568627450980005, 0.8196078431372548767, 0.9333333333333333481 ) ;
#4371 = EDGE_CURVE ( 'NONE', #2904, #2814, #4289, .T. ) ;
#4372 = ORIENTED_EDGE ( 'NONE', *, *, #329, .F. ) ;
#4373 = CARTESIAN_POINT ( 'NONE',  ( -0.01975041428798698928, 0.3700000000000000511, 0.2958859522691255628 ) ) ;
#4374 = CARTESIAN_POINT ( 'NONE',  ( 0.005018473297221067927, 0.3700000000000000511, 0.3291334045544008213 ) ) ;
#4375 = VECTOR ( 'NONE', #817, 1000.000000000000000 ) ;
#4376 = CARTESIAN_POINT ( 'NONE',  ( -0.02947916666666655985, 0.3689999999999999947, 0.3183333333333334680 ) ) ;
#4377 = ORIENTED_EDGE ( 'NONE', *, *, #2485, .T. ) ;
#4378 = PLANE ( 'NONE',  #3694 ) ;
#4379 =( LENGTH_UNIT ( ) NAMED_UNIT ( * ) SI_UNIT ( .MILLI., .METRE. ) );
#4380 = ORIENTED_EDGE ( 'NONE', *, *, #4467, .F. ) ;
#4381 = ORIENTED_EDGE ( 'NONE', *, *, #883, .T. ) ;
#4382 = CARTESIAN_POINT ( 'NONE',  ( 0.04284735290385467688, 0.3699999999999998290, -0.08074828627606375764 ) ) ;
#4383 = CARTESIAN_POINT ( 'NONE',  ( 0.2500000000000001110, -0.02000000000000000042, 0.4000000000000000777 ) ) ;
#4384 = AXIS2_PLACEMENT_3D ( 'NONE', #4018, #1200, #2742 ) ;
#4385 = EDGE_CURVE ( 'NONE', #3156, #3680, #3899, .T. ) ;
#4386 = EDGE_LOOP ( 'NONE', ( #1172, #673, #4994, #1824 ) ) ;
#4387 = CARTESIAN_POINT ( 'NONE',  ( 0.04381065445679303838, 0.3699999999999999956, 0.3371508590064705713 ) ) ;
#4388 = LINE ( 'NONE', #4876, #392 ) ;
#4389 = EDGE_CURVE ( 'NONE', #1933, #3910, #2597, .T. ) ;
#4390 = CARTESIAN_POINT ( 'NONE',  ( -0.03546505446247436716, 0.3690000000000000502, -0.1252131156903682763 ) ) ;
#4391 = CARTESIAN_POINT ( 'NONE',  ( -0.02666666666666656776, 0.3690000000000000502, 0.3450000000000001954 ) ) ;
#4392 = CARTESIAN_POINT ( 'NONE',  ( -0.06496677457274616097, 0.3699999999999999956, 0.3294773670081953543 ) ) ;
#4393 = CARTESIAN_POINT ( 'NONE',  ( -0.004348958333333228198, 0.3699999999999999400, 0.3120312500000001488 ) ) ;
#4394 = CARTESIAN_POINT ( 'NONE',  ( -0.06499999999999994671, 0.3689999999999999947, -0.001666666666666675664 ) ) ;
#4395 = CARTESIAN_POINT ( 'NONE',  ( 0.04265745462154274525, 0.3690000000000000502, -0.08253214045076701089 ) ) ;
#4396 = CARTESIAN_POINT ( 'NONE',  ( 0.03006524649680706110, 0.3689999999999999947, -0.1272946948411224355 ) ) ;
#4397 = CARTESIAN_POINT ( 'NONE',  ( -0.04333333333333322379, 0.3689999999999999947, 0.3307291666666667962 ) ) ;
#4398 = EDGE_CURVE ( 'NONE', #16, #3399, #4338, .T. ) ;
#4399 = CARTESIAN_POINT ( 'NONE',  ( 0.04218207947010995523, 0.3690000000000000502, -0.08508747354733620094 ) ) ;
#4400 = VERTEX_POINT ( 'NONE', #4785 ) ;
#4401 = CARTESIAN_POINT ( 'NONE',  ( 0.003830569004086025603, 0.3689999999999999947, -0.1316306015805492613 ) ) ;
#4402 = SURFACE_STYLE_FILL_AREA ( #3245 ) ;
#4403 = EDGE_LOOP ( 'NONE', ( #3567, #930, #221, #4640 ) ) ;
#4404 = ORIENTED_EDGE ( 'NONE', *, *, #4968, .T. ) ;
#4405 = MECHANICAL_DESIGN_GEOMETRIC_PRESENTATION_REPRESENTATION (  '', ( #2411 ), #848 ) ;
#4406 = B_SPLINE_CURVE_WITH_KNOTS ( 'NONE', 3,
 ( #2855, #4051, #2067, #1664, #2878, #586, #3240, #4493, #4887, #2095, #3682 ),
 .UNSPECIFIED., .F., .F.,
 ( 4, 1, 1, 1, 1, 1, 1, 1, 4 ),
 ( 0.000000000000000000, 0.1551971210475745766, 0.2951266004278745858, 0.4267341507520618915, 0.5518887187677797845, 0.6707867253573847055, 0.7806632639763968484, 0.8891137671767863626, 1.000000000000000000 ),
 .UNSPECIFIED. ) ;
#4407 = VECTOR ( 'NONE', #2926, 1000.000000000000000 ) ;
#4408 = ORIENTED_EDGE ( 'NONE', *, *, #4884, .T. ) ;
#4409 = CARTESIAN_POINT ( 'NONE',  ( 0.1000000000000001305, 0.08000000000000000167, 0.4000000000000000777 ) ) ;
#4410 = ORIENTED_EDGE ( 'NONE', *, *, #2499, .F. ) ;
#4411 = COLOUR_RGB ( '',0.8000000000000000444, 0.8117647058823529438, 0.8000000000000000444 ) ;
#4412 = CARTESIAN_POINT ( 'NONE',  ( -0.04285045663788097231, 0.3699999999999999400, -0.07731932928450739595 ) ) ;
#4413 = EDGE_CURVE ( 'NONE', #2514, #639, #41, .T. ) ;
#4414 = FACE_OUTER_BOUND ( 'NONE', #2073, .T. ) ;
#4415 = LINE ( 'NONE', #3975, #3536 ) ;
#4416 = ADVANCED_FACE ( 'NONE', ( #466 ), #4944, .T. ) ;
#4417 = CARTESIAN_POINT ( 'NONE',  ( 0.01046505352097230022, 0.3689999999999999947, -0.1063031651870393474 ) ) ;
#4418 = VECTOR ( 'NONE', #1337, 1000.000000000000000 ) ;
#4419 = CARTESIAN_POINT ( 'NONE',  ( -0.1700000000000004841, -0.02000000000000000042, 0.1500000000000000222 ) ) ;
#4420 = CARTESIAN_POINT ( 'NONE',  ( -0.05787873351891388574, 0.3700000000000000511, -0.1061907185233905149 ) ) ;
#4421 = FACE_OUTER_BOUND ( 'NONE', #2323, .T. ) ;
#4422 = CARTESIAN_POINT ( 'NONE',  ( 0.04265745462154274525, 0.3690000000000000502, -0.08253214045076701089 ) ) ;
#4423 = ORIENTED_EDGE ( 'NONE', *, *, #3102, .T. ) ;
#4424 = PRESENTATION_STYLE_ASSIGNMENT (( #427 ) ) ;
#4425 = LINE ( 'NONE', #877, #1692 ) ;
#4426 = VERTEX_POINT ( 'NONE', #391 ) ;
#4427 = EDGE_CURVE ( 'NONE', #3718, #1810, #44, .T. ) ;
#4428 =( NAMED_UNIT ( * ) PLANE_ANGLE_UNIT ( ) SI_UNIT ( $, .RADIAN. ) );
#4429 = CARTESIAN_POINT ( 'NONE',  ( -0.03344018173027829555, 0.3700000000000000511, -0.09853305714733147369 ) ) ;
#4430 = VECTOR ( 'NONE', #1482, 1000.000000000000000 ) ;
#4431 = ADVANCED_FACE ( 'NONE', ( #3635 ), #1975, .T. ) ;
#4432 = CARTESIAN_POINT ( 'NONE',  ( 0.006848958333333444656, 0.3689999999999999947, 0.3383333333333334303 ) ) ;
#4433 = CARTESIAN_POINT ( 'NONE',  ( 0.05790550066674913371, 0.3689999999999999392, -0.1058228750524965317 ) ) ;
#4434 = DIRECTION ( 'NONE',  ( 1.000000000000000000, 0.000000000000000000, 0.000000000000000000 ) ) ;
#4435 = CARTESIAN_POINT ( 'NONE',  ( 0.06500000000000002998, 0.3699999999999999956, -0.2633333333333333637 ) ) ;
#4436 = VECTOR ( 'NONE', #1982, 999.9999999999998863 ) ;
#4437 = CARTESIAN_POINT ( 'NONE',  ( -0.005201944465477523726, 0.3689999999999999947, 0.3105518062626211884 ) ) ;
#4438 = LINE ( 'NONE', #127, #4446 ) ;
#4439 = AXIS2_PLACEMENT_3D ( 'NONE', #2140, #1258, #4043 ) ;
#4440 = CARTESIAN_POINT ( 'NONE',  ( 0.04208333333333340309, 0.3699999999999999956, -0.08554687499999999445 ) ) ;
#4441 = CARTESIAN_POINT ( 'NONE',  ( 0.01782526705381403190, 0.3700000000000000511, 0.2892129553589631308 ) ) ;
#4442 = PLANE ( 'NONE',  #1513 ) ;
#4443 = PLANE ( 'NONE',  #2619 ) ;
#4444 = CARTESIAN_POINT ( 'NONE',  ( 0.01000000000000006613, 0.3689999999999999947, 0.006666666666666661890 ) ) ;
#4445 = DIRECTION ( 'NONE',  ( 0.000000000000000000, -1.000000000000000000, 0.000000000000000000 ) ) ;
#4446 = VECTOR ( 'NONE', #3704, 1000.000000000000000 ) ;
#4447 = ORIENTED_EDGE ( 'NONE', *, *, #2681, .F. ) ;
#4448 = DIRECTION ( 'NONE',  ( -0.000000000000000000, -0.000000000000000000, -1.000000000000000000 ) ) ;
#4449 = DIRECTION ( 'NONE',  ( 1.000000000000000000, 0.000000000000000000, 0.000000000000000000 ) ) ;
#4450 = COLOUR_RGB ( '',0.8000000000000000444, 0.8117647058823529438, 0.8000000000000000444 ) ;
#4451 = ORIENTED_EDGE ( 'NONE', *, *, #744, .F. ) ;
#4452 = UNCERTAINTY_MEASURE_WITH_UNIT (LENGTH_MEASURE( 1.000000000000000082E-05 ), #310, 'distance_accuracy_value', 'NONE');
#4453 =( GEOMETRIC_REPRESENTATION_CONTEXT ( 3 ) GLOBAL_UNCERTAINTY_ASSIGNED_CONTEXT ( ( #2524 ) ) GLOBAL_UNIT_ASSIGNED_CONTEXT ( ( #3813, #4678, #2285 ) ) REPRESENTATION_CONTEXT ( 'NONE', 'WORKASPACE' ) );
#4454 = LINE ( 'NONE', #983, #128 ) ;
#4455 = STYLED_ITEM ( 'NONE', ( #2493 ), #1653 ) ;
#4456 = ORIENTED_EDGE ( 'NONE', *, *, #824, .T. ) ;
#4457 = CARTESIAN_POINT ( 'NONE',  ( 0.008333333333333445975, 0.3699999999999999956, 0.2216666666666668173 ) ) ;
#4458 = DIRECTION ( 'NONE',  ( -0.000000000000000000, 1.000000000000000000, -0.000000000000000000 ) ) ;
#4459 = CARTESIAN_POINT ( 'NONE',  ( -0.06499999999999994671, 0.3699999999999999956, -0.1533333333333333770 ) ) ;
#4460 = PLANE ( 'NONE',  #2198 ) ;
#4461 = ADVANCED_FACE ( 'NONE', ( #109 ), #3354, .T. ) ;
#4462 = CARTESIAN_POINT ( 'NONE',  ( 0.04860885056700424423, 0.3689999999999999947, 0.2952204562143254107 ) ) ;
#4463 = CARTESIAN_POINT ( 'NONE',  ( -0.01283959091963736421, 0.3699999999999998845, 0.3006014330735561346 ) ) ;
#4464 = CARTESIAN_POINT ( 'NONE',  ( -0.002824451430421676557, 0.3689999999999999947, 0.3069165981953574929 ) ) ;
#4465 = CARTESIAN_POINT ( 'NONE',  ( 0.000000000000000000, 0.3699999999999999956, 0.000000000000000000 ) ) ;
#4466 = CARTESIAN_POINT ( 'NONE',  ( -0.06499999999999997446, 0.3689999999999999947, -0.3416666666666666741 ) ) ;
#4467 = EDGE_CURVE ( 'NONE', #3043, #3764, #2121, .T. ) ;
#4468 = LINE ( 'NONE', #1665, #4998 ) ;
#4469 = VERTEX_POINT ( 'NONE', #1705 ) ;
#4470 = FACE_OUTER_BOUND ( 'NONE', #2617, .T. ) ;
#4471 = CARTESIAN_POINT ( 'NONE',  ( -0.06499999999999990508, 0.3689999999999999947, 0.1350520833333333226 ) ) ;
#4472 = ADVANCED_FACE ( 'NONE', ( #606 ), #2983, .T. ) ;
#4473 = ORIENTED_EDGE ( 'NONE', *, *, #182, .F. ) ;
#4474 = EDGE_CURVE ( 'NONE', #1047, #2220, #2876, .T. ) ;
#4475 = EDGE_LOOP ( 'NONE', ( #217, #855, #4816, #1508, #3642, #268 ) ) ;
#4476 = FACE_BOUND ( 'NONE', #31, .T. ) ;
#4477 = ORIENTED_EDGE ( 'NONE', *, *, #3581, .F. ) ;
#4478 = DIRECTION ( 'NONE',  ( -1.355252715606880543E-16, 1.000000000000000000, 0.000000000000000000 ) ) ;
#4479 = CARTESIAN_POINT ( 'NONE',  ( 0.06500000000000007161, 0.3689999999999999947, 0.06166666666666665436 ) ) ;
#4480 = CARTESIAN_POINT ( 'NONE',  ( 0.02890625000000007078, 0.3699999999999999956, -0.1277083333333333404 ) ) ;
#4481 = CARTESIAN_POINT ( 'NONE',  ( 0.01000000000000006613, 0.3699999999999999956, 0.006666666666666661890 ) ) ;
#4482 = CARTESIAN_POINT ( 'NONE',  ( 0.06377407965663407785, 0.3690000000000000502, 0.3144456353298477613 ) ) ;
#4483 = CARTESIAN_POINT ( 'NONE',  ( 0.05520282263203973860, 0.3689999999999999947, -0.1102057124227997648 ) ) ;
#4484 = EDGE_CURVE ( 'NONE', #4633, #3602, #2590, .T. ) ;
#4485 = CARTESIAN_POINT ( 'NONE',  ( -0.01617635281296715688, 0.3690000000000001057, 0.2979328082824156398 ) ) ;
#4486 =( NAMED_UNIT ( * ) SI_UNIT ( $, .STERADIAN. ) SOLID_ANGLE_UNIT ( ) );
#4487 = DIRECTION ( 'NONE',  ( 0.000000000000000000, -0.000000000000000000, -1.000000000000000000 ) ) ;
#4488 = CARTESIAN_POINT ( 'NONE',  ( -0.003727602929671098349, 0.3689999999999999392, 0.3094070995957783898 ) ) ;
#4489 = ORIENTED_EDGE ( 'NONE', *, *, #869, .T. ) ;
#4490 = B_SPLINE_CURVE_WITH_KNOTS ( 'NONE', 3,
 ( #5077, #3117, #4602, #3092, #2239, #4239, #1917, #696, #2266, #1522, #4684, #1132, #1545, #4290, #4045, #106, #4095, #1748, #1282 ),
 .UNSPECIFIED., .F., .F.,
 ( 4, 1, 1, 1, 1, 1, 1, 1, 1, 1, 1, 1, 1, 1, 1, 1, 4 ),
 ( 0.000000000000000000, 0.06484247434814899291, 0.1281617982042005111, 0.1893955517290995816, 0.2503287114435530092, 0.3103381763921036485, 0.3708384129703344301, 0.4310697013565808478, 0.4927750953812442547, 0.5547149629322364328, 0.6163451370256177730, 0.6775315265468909720, 0.7393120489200269985, 0.8019130326762076155, 0.8659275436137058302, 0.9321853155258476020, 1.000000000000000000 ),
 .UNSPECIFIED. ) ;
#4491 =( GEOMETRIC_REPRESENTATION_CONTEXT ( 3 ) GLOBAL_UNCERTAINTY_ASSIGNED_CONTEXT ( ( #3348 ) ) GLOBAL_UNIT_ASSIGNED_CONTEXT ( ( #3324, #2477, #517 ) ) REPRESENTATION_CONTEXT ( 'NONE', 'WORKASPACE' ) );
#4492 =( NAMED_UNIT ( * ) SI_UNIT ( $, .STERADIAN. ) SOLID_ANGLE_UNIT ( ) );
#4493 = CARTESIAN_POINT ( 'NONE',  ( 0.006193080477447987509, 0.3689999999999999392, 0.3225062652014146769 ) ) ;
#4494 = DIRECTION ( 'NONE',  ( 1.000000000000000000, 0.000000000000000000, 0.000000000000000000 ) ) ;
#4495 = EDGE_LOOP ( 'NONE', ( #3391, #2552, #4760, #1343 ) ) ;
#4496 = CARTESIAN_POINT ( 'NONE',  ( -0.01329823912837825410, 0.3699999999999998290, 0.3339466967873469527 ) ) ;
#4497 = DIRECTION ( 'NONE',  ( 0.000000000000000000, 0.000000000000000000, 1.000000000000000000 ) ) ;
#4498 = CARTESIAN_POINT ( 'NONE',  ( 0.06223958333333340365, 0.3689999999999999947, -0.09552083333333333259 ) ) ;
#4499 = VECTOR ( 'NONE', #1331, 1000.000000000000000 ) ;
#4500 = VERTEX_POINT ( 'NONE', #1461 ) ;
#4501 = ADVANCED_FACE ( 'NONE', ( #3362 ), #3031, .F. ) ;
#4502 = UNCERTAINTY_MEASURE_WITH_UNIT (LENGTH_MEASURE( 1.000000000000000082E-05 ), #4957, 'distance_accuracy_value', 'NONE');
#4503 = VERTEX_POINT ( 'NONE', #2693 ) ;
#4504 = CARTESIAN_POINT ( 'NONE',  ( 0.02440104166666677912, 0.3689999999999999947, 0.3133333333333334081 ) ) ;
#4505 = ORIENTED_EDGE ( 'NONE', *, *, #182, .T. ) ;
#4506 = CARTESIAN_POINT ( 'NONE',  ( -0.02947916666666655985, 0.3689999999999999947, 0.3183333333333334680 ) ) ;
#4507 = DIRECTION ( 'NONE',  ( -1.000000000000000000, 0.000000000000000000, 0.000000000000000000 ) ) ;
#4508 = SURFACE_SIDE_STYLE ('',( #3306 ) ) ;
#4509 = PLANE ( 'NONE',  #3282 ) ;
#4510 = AXIS2_PLACEMENT_3D ( 'NONE', #2609, #3697, #4534 ) ;
#4511 =( NAMED_UNIT ( * ) PLANE_ANGLE_UNIT ( ) SI_UNIT ( $, .RADIAN. ) );
#4512 = CARTESIAN_POINT ( 'NONE',  ( 0.01000000000000006613, 0.3699999999999999956, -0.2333333333333333925 ) ) ;
#4513 = CARTESIAN_POINT ( 'NONE',  ( 0.004265292444453329564, 0.3699999999999999956, 0.2964488387476194586 ) ) ;
#4514 = VECTOR ( 'NONE', #4348, 1000.000000000000000 ) ;
#4515 = ORIENTED_EDGE ( 'NONE', *, *, #2206, .T. ) ;
#4516 = VECTOR ( 'NONE', #4989, 1000.000000000000000 ) ;
#4517 = CARTESIAN_POINT ( 'NONE',  ( 0.003830569004086025603, 0.3699999999999999956, -0.1316306015805492613 ) ) ;
#4518 = CARTESIAN_POINT ( 'NONE',  ( -0.1999999999999999556, -0.02000000000000000042, -0.3000000000000000444 ) ) ;
#4519 = LINE ( 'NONE', #3739, #1068 ) ;
#4520 = VERTEX_POINT ( 'NONE', #1018 ) ;
#4521 = CARTESIAN_POINT ( 'NONE',  ( -0.01482319850541336491, 0.3699999999999999400, 0.3268311306683087669 ) ) ;
#4522 = CARTESIAN_POINT ( 'NONE',  ( -0.01346169598482671939, 0.3690000000000000502, 0.3319781504025344776 ) ) ;
#4523 = EDGE_CURVE ( 'NONE', #1823, #1190, #4208, .T. ) ;
#4524 = CARTESIAN_POINT ( 'NONE',  ( 0.06246777106867314189, 0.3700000000000000511, -0.09477721214396649108 ) ) ;
#4525 = VERTEX_POINT ( 'NONE', #2257 ) ;
#4526 = ORIENTED_EDGE ( 'NONE', *, *, #3112, .T. ) ;
#4527 = VECTOR ( 'NONE', #1779, 1000.000000000000000 ) ;
#4528 = CARTESIAN_POINT ( 'NONE',  ( 0.008333333333333445975, 0.3689999999999999947, 0.2700000000000001288 ) ) ;
#4529 = CARTESIAN_POINT ( 'NONE',  ( 0.1000000000000001305, -0.02000000000000000042, 0.4200000000000000955 ) ) ;
#4530 = VECTOR ( 'NONE', #2271, 1000.000000000000000 ) ;
#4531 = B_SPLINE_CURVE_WITH_KNOTS ( 'NONE', 3,
 ( #1304, #2141, #1376, #2041, #1657, #105, #3257, #4462, #1726, #2913, #4849, #2484, #2060, #4482, #1280, #888, #3285, #4093, #1697 ),
 .UNSPECIFIED., .F., .F.,
 ( 4, 1, 1, 1, 1, 1, 1, 1, 1, 1, 1, 1, 1, 1, 1, 1, 4 ),
 ( 0.000000000000000000, 0.06290302000747322042, 0.1240532131486371675, 0.1839646884807584759, 0.2432260156682875818, 0.3027923277429035442, 0.3629951169936941890, 0.4246629646988160922, 0.4884047286719853109, 0.5525410536748861512, 0.6150742102078178286, 0.6773821385362835956, 0.7393027761829323863, 0.8021697774379048518, 0.8658318450171622604, 0.9319635394539210749, 1.000000000000000000 ),
 .UNSPECIFIED. ) ;
#4532 = CARTESIAN_POINT ( 'NONE',  ( -0.04333333333333326542, 0.3689999999999999947, -0.1783333333333333715 ) ) ;
#4533 = LINE ( 'NONE', #2637, #4536 ) ;
#4534 = DIRECTION ( 'NONE',  ( 1.000000000000000000, 0.000000000000000000, 0.000000000000000000 ) ) ;
#4535 = PRESENTATION_STYLE_ASSIGNMENT (( #3674 ) ) ;
#4536 = VECTOR ( 'NONE', #4507, 1000.000000000000000 ) ;
#4537 = EDGE_CURVE ( 'NONE', #2523, #18, #3789, .T. ) ;
#4538 = EDGE_CURVE ( 'NONE', #390, #181, #255, .T. ) ;
#4539 = LINE ( 'NONE', #991, #4177 ) ;
#4540 = CARTESIAN_POINT ( 'NONE',  ( 0.03799886642440698098, 0.3700000000000001066, 0.2900120750332832453 ) ) ;
#4541 = LINE ( 'NONE', #632, #4516 ) ;
#4542 = CARTESIAN_POINT ( 'NONE',  ( -0.03962052154958429356, 0.3689999999999999947, 0.3216335920529586612 ) ) ;
#4543 = ORIENTED_EDGE ( 'NONE', *, *, #3241, .F. ) ;
#4544 = CARTESIAN_POINT ( 'NONE',  ( -0.04315606589353081918, 0.3689999999999999392, -0.07166710947188943692 ) ) ;
#4545 = CARTESIAN_POINT ( 'NONE',  ( 0.001284858553466673150, 0.3690000000000000502, -0.1066555090885196039 ) ) ;
#4546 = PRESENTATION_STYLE_ASSIGNMENT (( #3267 ) ) ;
#4547 = ORIENTED_EDGE ( 'NONE', *, *, #3002, .F. ) ;
#4548 = CARTESIAN_POINT ( 'NONE',  ( 0.04500000000000011630, 0.3689999999999999947, 0.3307552083333334392 ) ) ;
#4549 = CARTESIAN_POINT ( 'NONE',  ( 0.06500000000000007161, 0.3689999999999999947, 0.06166666666666665436 ) ) ;
#4550 = ORIENTED_EDGE ( 'NONE', *, *, #4858, .T. ) ;
#4551 = ORIENTED_EDGE ( 'NONE', *, *, #1801, .T. ) ;
#4552 = ADVANCED_FACE ( 'NONE', ( #665 ), #2765, .T. ) ;
#4553 = DIRECTION ( 'NONE',  ( -1.000000000000000000, 0.000000000000000000, 0.000000000000000000 ) ) ;
#4554 = VERTEX_POINT ( 'NONE', #2362 ) ;
#4555 = ORIENTED_EDGE ( 'NONE', *, *, #2659, .F. ) ;
#4556 = CYLINDRICAL_SURFACE ( 'NONE', #2515, 0.06999999999999999278 ) ;
#4557 = CARTESIAN_POINT ( 'NONE',  ( 0.008333333333333445975, 0.3689999999999999947, 0.2216666666666668173 ) ) ;
#4558 = CARTESIAN_POINT ( 'NONE',  ( -0.2500000000000000000, -0.02000000000000000042, 0.4200000000000000955 ) ) ;
#4559 = CARTESIAN_POINT ( 'NONE',  ( -0.1938775332709110621, -0.02000000000000000042, -0.05612246672908897255 ) ) ;
#4560 = CARTESIAN_POINT ( 'NONE',  ( 0.04170463862025115126, 0.3700000000000000511, 0.2913351687069903329 ) ) ;
#4561 = EDGE_CURVE ( 'NONE', #3689, #4997, #2363, .T. ) ;
#4562 =( NAMED_UNIT ( * ) SI_UNIT ( $, .STERADIAN. ) SOLID_ANGLE_UNIT ( ) );
#4563 = CARTESIAN_POINT ( 'NONE',  ( 0.05760095962265581598, 0.3699999999999998845, 0.3037637929003891846 ) ) ;
#4564 = CARTESIAN_POINT ( 'NONE',  ( 0.06500000000000011324, 0.3689999999999999947, 0.1899479166666666607 ) ) ;
#4565 = ADVANCED_FACE ( 'NONE', ( #2800 ), #30, .T. ) ;
#4566 = DIRECTION ( 'NONE',  ( 0.000000000000000000, 0.000000000000000000, -1.000000000000000000 ) ) ;
#4567 = ORIENTED_EDGE ( 'NONE', *, *, #4968, .F. ) ;
#4568 = CARTESIAN_POINT ( 'NONE',  ( -0.01166666666666660648, 0.3689999999999999947, 0.006666666666666661890 ) ) ;
#4569 = LINE ( 'NONE', #3417, #1233 ) ;
#4570 = CARTESIAN_POINT ( 'NONE',  ( 0.01916368465308991575, 0.3689999999999999392, -0.1051420485947881511 ) ) ;
#4571 = ORIENTED_EDGE ( 'NONE', *, *, #2554, .F. ) ;
#4572 = CARTESIAN_POINT ( 'NONE',  ( 0.06500000000000007161, 0.3689999999999999947, -0.1533333333333333770 ) ) ;
#4573 = DIRECTION ( 'NONE',  ( -0.000000000000000000, 1.000000000000000000, -0.000000000000000000 ) ) ;
#4574 = CARTESIAN_POINT ( 'NONE',  ( 0.06498844475044503188, 0.3689999999999999392, -0.07359386978166314319 ) ) ;
#4575 = EDGE_LOOP ( 'NONE', ( #2548, #4193, #492, #2580 ) ) ;
#4576 = ORIENTED_EDGE ( 'NONE', *, *, #1550, .T. ) ;
#4577 = CARTESIAN_POINT ( 'NONE',  ( 0.06664263822765872924, 0.3699999999999998845, 0.3326927942239458202 ) ) ;
#4578 = CARTESIAN_POINT ( 'NONE',  ( -0.04037617934793263225, 0.3700000000000000511, 0.2945433046673803790 ) ) ;
#4579 = VECTOR ( 'NONE', #3226, 1000.000000000000000 ) ;
#4580 = ORIENTED_EDGE ( 'NONE', *, *, #2148, .F. ) ;
#4581 = EDGE_CURVE ( 'NONE', #4269, #4082, #4415, .T. ) ;
#4582 = ORIENTED_EDGE ( 'NONE', *, *, #1498, .T. ) ;
#4583 = CARTESIAN_POINT ( 'NONE',  ( -0.04333333333333326542, 0.3689999999999999947, 0.06166666666666665436 ) ) ;
#4584 = CARTESIAN_POINT ( 'NONE',  ( -0.06499999999999990508, 0.3689999999999999947, 0.1849479166666666841 ) ) ;
#4585 = FACE_OUTER_BOUND ( 'NONE', #4403, .T. ) ;
#4586 = DIRECTION ( 'NONE',  ( 0.000000000000000000, 0.000000000000000000, 1.000000000000000000 ) ) ;
#4587 = CARTESIAN_POINT ( 'NONE',  ( 0.05484470976132081038, 0.3700000000000000511, 0.3006125399708513002 ) ) ;
#4588 = EDGE_CURVE ( 'NONE', #4974, #878, #3893, .T. ) ;
#4589 = AXIS2_PLACEMENT_3D ( 'NONE', #3142, #4735, #2391 ) ;
#4590 = VERTEX_POINT ( 'NONE', #1588 ) ;
#4591 = FILL_AREA_STYLE_COLOUR ( '', #3671 ) ;
#4592 = CARTESIAN_POINT ( 'NONE',  ( 0.05187500000000007383, 0.3689999999999999947, -0.1138541666666666730 ) ) ;
#4593 =( GEOMETRIC_REPRESENTATION_CONTEXT ( 3 ) GLOBAL_UNCERTAINTY_ASSIGNED_CONTEXT ( ( #3623 ) ) GLOBAL_UNIT_ASSIGNED_CONTEXT ( ( #3437, #1557, #3856 ) ) REPRESENTATION_CONTEXT ( 'NONE', 'WORKASPACE' ) );
#4594 = CARTESIAN_POINT ( 'NONE',  ( -0.05330729166666656194, 0.3689999999999999947, 0.3022395833333334503 ) ) ;
#4595 = EDGE_LOOP ( 'NONE', ( #2272, #2300, #1964, #2753 ) ) ;
#4596 = AXIS2_PLACEMENT_3D ( 'NONE', #1723, #1451, #2965 ) ;
#4597 = DIRECTION ( 'NONE',  ( 0.000000000000000000, 0.000000000000000000, 1.000000000000000000 ) ) ;
#4598 = CARTESIAN_POINT ( 'NONE',  ( 0.01916368465308991575, 0.3699999999999999400, -0.1051420485947881511 ) ) ;
#4599 = ORIENTED_EDGE ( 'NONE', *, *, #1704, .T. ) ;
#4600 = PRESENTATION_STYLE_ASSIGNMENT (( #5075 ) ) ;
#4601 = SURFACE_STYLE_FILL_AREA ( #724 ) ;
#4602 = CARTESIAN_POINT ( 'NONE',  ( -0.003727602929671098349, 0.3699999999999999400, 0.3094070995957783898 ) ) ;
#4603 = ORIENTED_EDGE ( 'NONE', *, *, #2935, .F. ) ;
#4604 = COLOUR_RGB ( '',0.8000000000000000444, 0.8117647058823529438, 0.8000000000000000444 ) ;
#4605 = ORIENTED_EDGE ( 'NONE', *, *, #4581, .F. ) ;
#4606 = DIRECTION ( 'NONE',  ( 1.000000000000000000, 0.000000000000000000, 0.000000000000000000 ) ) ;
#4607 = CARTESIAN_POINT ( 'NONE',  ( 0.01644775568139921970, 0.3700000000000001066, 0.3143000537712079545 ) ) ;
#4608 = VERTEX_POINT ( 'NONE', #3164 ) ;
#4609 = CARTESIAN_POINT ( 'NONE',  ( 0.1700000000000000677, 0.000000000000000000, 0.1499999999999999944 ) ) ;
#4610 = VERTEX_POINT ( 'NONE', #1176 ) ;
#4611 = PLANE ( 'NONE',  #2919 ) ;
#4612 = CARTESIAN_POINT ( 'NONE',  ( 0.06500000000000007161, 0.3689999999999999947, -0.02333333333333332399 ) ) ;
#4613 = CARTESIAN_POINT ( 'NONE',  ( 0.03006524649680706110, 0.3699999999999999956, -0.1272946948411224355 ) ) ;
#4614 = STYLED_ITEM ( 'NONE', ( #899 ), #2468 ) ;
#4615 = CARTESIAN_POINT ( 'NONE',  ( 0.05182208141154776015, 0.3689999999999999392, 0.2977409579519693095 ) ) ;
#4616 = EDGE_LOOP ( 'NONE', ( #1930, #4016, #2987, #2795 ) ) ;
#4617 = CARTESIAN_POINT ( 'NONE',  ( -0.04333333333333322379, 0.3699999999999999956, 0.3307291666666667962 ) ) ;
#4618 = MECHANICAL_DESIGN_GEOMETRIC_PRESENTATION_REPRESENTATION (  '', ( #3698 ), #4453 ) ;
#4619 = EDGE_CURVE ( 'NONE', #3089, #2786, #413, .T. ) ;
#4620 = CARTESIAN_POINT ( 'NONE',  ( -0.04129384720974726974, 0.3699999999999999956, 0.3234758840692878445 ) ) ;
#4621 = LINE ( 'NONE', #1460, #4935 ) ;
#4622 = CARTESIAN_POINT ( 'NONE',  ( -0.04562025506504985284, 0.3689999999999999947, 0.3652855794822919000 ) ) ;
#4623 = VECTOR ( 'NONE', #3418, 1000.000000000000000 ) ;
#4624 = B_SPLINE_CURVE_WITH_KNOTS ( 'NONE', 3,
 ( #1021, #1785, #3364, #5046, #1835, #636, #690 ),
 .UNSPECIFIED., .F., .F.,
 ( 4, 1, 1, 1, 4 ),
 ( 0.000000000000000000, 0.2136313786717150831, 0.4528759807056859099, 0.7136025858132629685, 0.9999999999999998890 ),
 .UNSPECIFIED. ) ;
#4625 = DIRECTION ( 'NONE',  ( -1.000000000000000000, 0.000000000000000000, 0.000000000000000000 ) ) ;
#4626 = FILL_AREA_STYLE ('',( #3035 ) ) ;
#4627 = CARTESIAN_POINT ( 'NONE',  ( 0.03146919003671175968, 0.3689999999999998836, -0.1008059612098333446 ) ) ;
#4628 = CARTESIAN_POINT ( 'NONE',  ( 0.1000000000000001305, -0.02000000000000000042, 0.4200000000000000955 ) ) ;
#4629 = ORIENTED_EDGE ( 'NONE', *, *, #3172, .T. ) ;
#4630 = APPLICATION_PROTOCOL_DEFINITION ( 'draft international standard', 'automotive_design', 1998, #5054 ) ;
#4631 = CARTESIAN_POINT ( 'NONE',  ( 0.000000000000000000, 0.3689999999999999947, 0.000000000000000000 ) ) ;
#4632 = CARTESIAN_POINT ( 'NONE',  ( -0.003854166666666559212, 0.3689999999999999947, 0.1746093750000000111 ) ) ;
#4633 = VERTEX_POINT ( 'NONE', #1993 ) ;
#4634 = ORIENTED_EDGE ( 'NONE', *, *, #4153, .F. ) ;
#4635 = EDGE_CURVE ( 'NONE', #1408, #4610, #1205, .T. ) ;
#4636 = CARTESIAN_POINT ( 'NONE',  ( -0.003568820893877469765, 0.3689999999999998281, -0.1066341468129532177 ) ) ;
#4637 = CARTESIAN_POINT ( 'NONE',  ( -0.05330729166666656194, 0.3689999999999999947, 0.3022395833333334503 ) ) ;
#4638 = DIRECTION ( 'NONE',  ( 0.000000000000000000, 0.000000000000000000, -1.000000000000000000 ) ) ;
#4639 = EDGE_CURVE ( 'NONE', #2430, #3130, #3553, .T. ) ;
#4640 = ORIENTED_EDGE ( 'NONE', *, *, #4484, .T. ) ;
#4641 = CARTESIAN_POINT ( 'NONE',  ( -0.06278223698246623852, 0.3689999999999999392, 0.3454841235100719610 ) ) ;
#4642 = EDGE_CURVE ( 'NONE', #4946, #3768, #3284, .T. ) ;
#4643 = ORIENTED_EDGE ( 'NONE', *, *, #1033, .T. ) ;
#4644 = CARTESIAN_POINT ( 'NONE',  ( -0.1699999999999999845, -0.02000000000000000042, 0.2200000000000000011 ) ) ;
#4645 = DIRECTION ( 'NONE',  ( -0.000000000000000000, 1.000000000000000000, -0.000000000000000000 ) ) ;
#4646 = PRESENTATION_STYLE_ASSIGNMENT (( #2715 ) ) ;
#4647 = CARTESIAN_POINT ( 'NONE',  ( 0.06666666666666677676, 0.3699999999999999956, 0.3312760416666667984 ) ) ;
#4648 = LINE ( 'NONE', #3945, #2603 ) ;
#4649 = CARTESIAN_POINT ( 'NONE',  ( 0.06666666666666677676, 0.3699999999999999956, 0.3312760416666667984 ) ) ;
#4650 = CARTESIAN_POINT ( 'NONE',  ( 0.04500000000000011630, 0.3689999999999999947, 0.3307552083333334392 ) ) ;
#4651 = CARTESIAN_POINT ( 'NONE',  ( -0.06098524368489345593, 0.3699999999999999400, 0.3498160584900822379 ) ) ;
#4652 = EDGE_CURVE ( 'NONE', #18, #620, #3331, .T. ) ;
#4653 = COLOUR_RGB ( '',0.8000000000000000444, 0.8117647058823529438, 0.8000000000000000444 ) ;
#4654 =( LENGTH_UNIT ( ) NAMED_UNIT ( * ) SI_UNIT ( .MILLI., .METRE. ) );
#4655 = CARTESIAN_POINT ( 'NONE',  ( -0.04331155388255202715, 0.3699999999999999400, -0.06462680575130279326 ) ) ;
#4656 = DIRECTION ( 'NONE',  ( -0.000000000000000000, 1.000000000000000000, -0.000000000000000000 ) ) ;
#4657 = CARTESIAN_POINT ( 'NONE',  ( -0.06469574635684662012, 0.3700000000000001066, -0.08197535576688816383 ) ) ;
#4658 = VERTEX_POINT ( 'NONE', #4435 ) ;
#4659 = LINE ( 'NONE', #2650, #2214 ) ;
#4660 = CARTESIAN_POINT ( 'NONE',  ( -0.06499999999999994671, 0.3689999999999999947, -0.001666666666666675664 ) ) ;
#4661 = VECTOR ( 'NONE', #3013, 1000.000000000000000 ) ;
#4662 = VERTEX_POINT ( 'NONE', #4926 ) ;
#4663 = CARTESIAN_POINT ( 'NONE',  ( 0.05027065486378953785, 0.3689999999999999392, 0.3652205345170319584 ) ) ;
#4664 = B_SPLINE_SURFACE_WITH_KNOTS ( 'NONE', 3, 1, ( 
 ( #1480, #273 ),
 ( #2738, #1532 ),
 ( #1827, #5009 ),
 ( #1503, #2249 ),
 ( #4673, #1117 ),
 ( #3832, #2687 ),
 ( #300, #352 ),
 ( #4300, #1900 ),
 ( #2325, #3100 ),
 ( #4695, #3909 ),
 ( #3546, #2838 ) ),
 .UNSPECIFIED., .F., .F., .F.,
 ( 4, 1, 1, 1, 1, 1, 1, 1, 4 ),
 ( 2, 2 ),
 ( 0.000000000000000000, 0.1574696105658205392, 0.3066299103822053285, 0.4453947960140403062, 0.5739867641878378945, 0.6944366174725873364, 0.8048975949917163142, 0.9068122228658739292, 1.000000000000000000 ),
 ( 0.000000000000000000, 1.000000000000000000 ),
 .UNSPECIFIED. ) ;
#4665 = CARTESIAN_POINT ( 'NONE',  ( -0.03166666666666656527, 0.3699999999999999956, 0.2933333333333334458 ) ) ;
#4666 = PLANE ( 'NONE',  #649 ) ;
#4667 = ORIENTED_EDGE ( 'NONE', *, *, #4537, .F. ) ;
#4668 = ORIENTED_EDGE ( 'NONE', *, *, #4371, .F. ) ;
#4669 = B_SPLINE_CURVE_WITH_KNOTS ( 'NONE', 3,
 ( #3987, #1293, #853, #3641, #4793, #2007, #4837, #2812, #494, #1248, #3594 ),
 .UNSPECIFIED., .F., .F.,
 ( 4, 1, 1, 1, 1, 1, 1, 1, 4 ),
 ( 0.000000000000000000, 0.07234232131370224583, 0.1592701015872646508, 0.2619317668593117432, 0.3782459773393723190, 0.5116386268384620628, 0.6587657585829500562, 0.8219214622934531977, 1.000000000000000000 ),
 .UNSPECIFIED. ) ;
#4670 = CARTESIAN_POINT ( 'NONE',  ( 0.06500000000000002998, 0.3689999999999999947, -0.3397395833333333171 ) ) ;
#4671 = CARTESIAN_POINT ( 'NONE',  ( 0.005018473297221067927, 0.3690000000000000502, 0.3291334045544008213 ) ) ;
#4672 = VECTOR ( 'NONE', #424, 1000.000000000000000 ) ;
#4673 = CARTESIAN_POINT ( 'NONE',  ( -0.06469574635684662012, 0.3690000000000001057, -0.08197535576688816383 ) ) ;
#4674 = CARTESIAN_POINT ( 'NONE',  ( -0.03265760404846196341, 0.3699999999999999956, 0.2933566760027802034 ) ) ;
#4675 = CARTESIAN_POINT ( 'NONE',  ( 0.02440104166666677912, 0.3699999999999999956, 0.3133333333333334081 ) ) ;
#4676 = CARTESIAN_POINT ( 'NONE',  ( 0.06500000000000002998, 0.3689999999999999947, -0.2633333333333333637 ) ) ;
#4677 = CARTESIAN_POINT ( 'NONE',  ( 0.03944602239593859860, 0.3700000000000001066, 0.3183246193689562853 ) ) ;
#4678 =( NAMED_UNIT ( * ) PLANE_ANGLE_UNIT ( ) SI_UNIT ( $, .RADIAN. ) );
#4679 = PLANE ( 'NONE',  #3076 ) ;
#4680 = PRESENTATION_STYLE_ASSIGNMENT (( #5071 ) ) ;
#4681 = DIRECTION ( 'NONE',  ( 0.8395321291537954922, 0.000000000000000000, 0.5433100441906949518 ) ) ;
#4682 = ORIENTED_EDGE ( 'NONE', *, *, #2348, .F. ) ;
#4683 = DIRECTION ( 'NONE',  ( -0.000000000000000000, 1.000000000000000000, -0.000000000000000000 ) ) ;
#4684 = CARTESIAN_POINT ( 'NONE',  ( 0.008313864693615320364, 0.3700000000000000511, 0.2932598096996058001 ) ) ;
#4685 = VERTEX_POINT ( 'NONE', #4900 ) ;
#4686 = CARTESIAN_POINT ( 'NONE',  ( 0.06408155257635143875, 0.3700000000000000511, 0.3471711710243681193 ) ) ;
#4687 = DIRECTION ( 'NONE',  ( 0.000000000000000000, -0.000000000000000000, 1.000000000000000000 ) ) ;
#4688 = EDGE_CURVE ( 'NONE', #4216, #2689, #4531, .T. ) ;
#4689 = CARTESIAN_POINT ( 'NONE',  ( -0.3000000000000000444, 0.3699999999999999956, -0.4000000000000000222 ) ) ;
#4690 = ORIENTED_EDGE ( 'NONE', *, *, #806, .T. ) ;
#4691 = PRESENTATION_LAYER_ASSIGNMENT (  '', '', ( #882 ) ) ;
#4692 = ORIENTED_EDGE ( 'NONE', *, *, #4800, .F. ) ;
#4693 = CARTESIAN_POINT ( 'NONE',  ( 0.03287595382646791436, 0.3699999999999999400, 0.3145472707304545756 ) ) ;
#4694 = VECTOR ( 'NONE', #4207, 1000.000000000000000 ) ;
#4695 = CARTESIAN_POINT ( 'NONE',  ( -0.06272298258061394238, 0.3689999999999999392, -0.09487995847805376359 ) ) ;
#4696 = CARTESIAN_POINT ( 'NONE',  ( -0.2499999999999999445, -0.02000000000000000042, 0.2200000000000005562 ) ) ;
#4697 = ORIENTED_EDGE ( 'NONE', *, *, #914, .T. ) ;
#4698 = PLANE ( 'NONE',  #4384 ) ;
#4699 = CARTESIAN_POINT ( 'NONE',  ( 0.1000000000000001305, 0.000000000000000000, 0.4000000000000000222 ) ) ;
#4700 = ADVANCED_FACE ( 'NONE', ( #549 ), #4509, .T. ) ;
#4701 = CARTESIAN_POINT ( 'NONE',  ( 0.06500000000000011324, 0.3689999999999999947, 0.1008333333333333165 ) ) ;
#4702 = VECTOR ( 'NONE', #1261, 1000.000000000000227 ) ;
#4703 = CARTESIAN_POINT ( 'NONE',  ( -0.04328868596782875500, 0.3689999999999999947, 0.3316302118805554699 ) ) ;
#4704 = CARTESIAN_POINT ( 'NONE',  ( -0.06499999999999990508, 0.3699999999999999400, 0.3309375000000001066 ) ) ;
#4705 = EDGE_CURVE ( 'NONE', #3399, #2478, #4283, .T. ) ;
#4706 = ADVANCED_FACE ( 'NONE', ( #501 ), #3631, .F. ) ;
#4707 = AXIS2_PLACEMENT_3D ( 'NONE', #1873, #4268, #3459 ) ;
#4708 = FACE_OUTER_BOUND ( 'NONE', #1914, .T. ) ;
#4709 = CARTESIAN_POINT ( 'NONE',  ( 0.1000000000000001305, 0.08000000000000000167, 0.4200000000000000955 ) ) ;
#4710 = CARTESIAN_POINT ( 'NONE',  ( 0.03000000000000011338, 0.3689999999999999947, 0.2700000000000001288 ) ) ;
#4711 =( GEOMETRIC_REPRESENTATION_CONTEXT ( 3 ) GLOBAL_UNCERTAINTY_ASSIGNED_CONTEXT ( ( #3513 ) ) GLOBAL_UNIT_ASSIGNED_CONTEXT ( ( #3983, #2686, #3885 ) ) REPRESENTATION_CONTEXT ( 'NONE', 'WORKASPACE' ) );
#4712 = CARTESIAN_POINT ( 'NONE',  ( 0.04179621108520095024, 0.3699999999999999400, -0.08662284528190125621 ) ) ;
#4713 = VERTEX_POINT ( 'NONE', #627 ) ;
#4714 = SURFACE_SIDE_STYLE ('',( #1467 ) ) ;
#4715 = CARTESIAN_POINT ( 'NONE',  ( -0.05626284849290504042, 0.3699999999999999400, -0.1085622031426884543 ) ) ;
#4716 = ORIENTED_EDGE ( 'NONE', *, *, #4688, .T. ) ;
#4717 = EDGE_CURVE ( 'NONE', #2933, #1058, #599, .T. ) ;
#4718 = CARTESIAN_POINT ( 'NONE',  ( -0.03910274537679476331, 0.3690000000000000502, 0.3403461349572716732 ) ) ;
#4719 = CARTESIAN_POINT ( 'NONE',  ( -0.06486061129382168777, 0.3699999999999998845, 0.3359833607114404153 ) ) ;
#4720 = VERTEX_POINT ( 'NONE', #1481 ) ;
#4721 = LINE ( 'NONE', #1163, #487 ) ;
#4722 = SURFACE_STYLE_USAGE ( .BOTH. , #1775 ) ;
#4723 = ORIENTED_EDGE ( 'NONE', *, *, #3555, .F. ) ;
#4724 = ORIENTED_EDGE ( 'NONE', *, *, #3664, .F. ) ;
#4725 = ADVANCED_FACE ( 'NONE', ( #3439 ), #4350, .T. ) ;
#4726 = UNCERTAINTY_MEASURE_WITH_UNIT (LENGTH_MEASURE( 1.000000000000000082E-05 ), #1055, 'distance_accuracy_value', 'NONE');
#4727 = PLANE ( 'NONE',  #193 ) ;
#4728 = CARTESIAN_POINT ( 'NONE',  ( 0.04962907330407109741, 0.3699999999999998845, -0.1160865636626247505 ) ) ;
#4729 = VERTEX_POINT ( 'NONE', #2662 ) ;
#4730 = CARTESIAN_POINT ( 'NONE',  ( -0.02626526366540444732, 0.3690000000000000502, -0.1284529039038915244 ) ) ;
#4731 = CARTESIAN_POINT ( 'NONE',  ( -0.05453598095610577567, 0.3689999999999999947, -0.1108576091686264836 ) ) ;
#4732 = LINE ( 'NONE', #412, #2611 ) ;
#4733 = DIRECTION ( 'NONE',  ( 0.000000000000000000, 0.000000000000000000, -1.000000000000000000 ) ) ;
#4734 = EDGE_CURVE ( 'NONE', #2478, #22, #707, .T. ) ;
#4735 = DIRECTION ( 'NONE',  ( 0.000000000000000000, 0.000000000000000000, 1.000000000000000000 ) ) ;
#4736 = CARTESIAN_POINT ( 'NONE',  ( 0.04484294040988513752, 0.3690000000000000502, 0.3340364517388194621 ) ) ;
#4737 = CARTESIAN_POINT ( 'NONE',  ( 5.208333333340349133E-05, 0.3699999999999999956, -0.1066666666666666596 ) ) ;
#4738 = VERTEX_POINT ( 'NONE', #1146 ) ;
#4739 = CARTESIAN_POINT ( 'NONE',  ( -0.02286645909909120269, 0.3700000000000000511, -0.1293124895319923973 ) ) ;
#4740 = ORIENTED_EDGE ( 'NONE', *, *, #2136, .T. ) ;
#4741 = CARTESIAN_POINT ( 'NONE',  ( -0.01283959091963736421, 0.3699999999999999400, 0.3006014330735561346 ) ) ;
#4742 = CARTESIAN_POINT ( 'NONE',  ( 0.003830569004086025603, 0.3689999999999999947, -0.1316306015805492613 ) ) ;
#4743 = VERTEX_POINT ( 'NONE', #1119 ) ;
#4744 = LINE ( 'NONE', #852, #4282 ) ;
#4745 = LINE ( 'NONE', #399, #2280 ) ;
#4746 = ORIENTED_EDGE ( 'NONE', *, *, #2586, .T. ) ;
#4747 = ORIENTED_EDGE ( 'NONE', *, *, #3456, .T. ) ;
#4748 = CARTESIAN_POINT ( 'NONE',  ( 0.04265745462154274525, 0.3700000000000000511, -0.08253214045076701089 ) ) ;
#4749 = MANIFOLD_SOLID_BREP ( 'Boss-Extrude2[3]', #3708 ) ;
#4750 =( GEOMETRIC_REPRESENTATION_CONTEXT ( 3 ) GLOBAL_UNCERTAINTY_ASSIGNED_CONTEXT ( ( #431 ) ) GLOBAL_UNIT_ASSIGNED_CONTEXT ( ( #1760, #1290, #2151 ) ) REPRESENTATION_CONTEXT ( 'NONE', 'WORKASPACE' ) );
#4751 = ORIENTED_EDGE ( 'NONE', *, *, #5018, .T. ) ;
#4752 = CARTESIAN_POINT ( 'NONE',  ( -0.02286645909909120269, 0.3690000000000000502, -0.1293124895319923973 ) ) ;
#4753 = LINE ( 'NONE', #1904, #2864 ) ;
#4754 = PLANE ( 'NONE',  #2932 ) ;
#4755 = EDGE_CURVE ( 'NONE', #2761, #1272, #353, .T. ) ;
#4756 = CARTESIAN_POINT ( 'NONE',  ( 0.006848958333333444656, 0.3689999999999999947, 0.3383333333333334303 ) ) ;
#4757 = STYLED_ITEM ( 'NONE', ( #3450 ), #3332 ) ;
#4758 = CARTESIAN_POINT ( 'NONE',  ( 0.06500000000000007161, 0.3699999999999999956, 0.08666666666666666963 ) ) ;
#4759 = CARTESIAN_POINT ( 'NONE',  ( 0.04327011075257166522, 0.3689999999999999392, -0.07421112890464653944 ) ) ;
#4760 = ORIENTED_EDGE ( 'NONE', *, *, #1500, .T. ) ;
#4761 = CARTESIAN_POINT ( 'NONE',  ( 0.05187500000000007383, 0.3699999999999999956, -0.1138541666666666730 ) ) ;
#4762 = VERTEX_POINT ( 'NONE', #3073 ) ;
#4763 = CARTESIAN_POINT ( 'NONE',  ( -0.04333333333333322379, 0.3699999999999999956, 0.3307291666666667962 ) ) ;
#4764 = CARTESIAN_POINT ( 'NONE',  ( 0.04333333333333340420, 0.3689999999999242775, -0.04833333333333332538 ) ) ;
#4765 = CARTESIAN_POINT ( 'NONE',  ( -0.1799999999999994382, -0.02000000000000000042, 0.1500000000000000222 ) ) ;
#4766 = VERTEX_POINT ( 'NONE', #1475 ) ;
#4767 =( LENGTH_UNIT ( ) NAMED_UNIT ( * ) SI_UNIT ( .MILLI., .METRE. ) );
#4768 = ORIENTED_EDGE ( 'NONE', *, *, #4153, .T. ) ;
#4769 = AXIS2_PLACEMENT_3D ( 'NONE', #5019, #3497, #2775 ) ;
#4770 = ORIENTED_EDGE ( 'NONE', *, *, #2206, .F. ) ;
#4771 = CARTESIAN_POINT ( 'NONE',  ( 0.04304042959037072957, 0.3700000000000000511, -0.07877019016400119145 ) ) ;
#4772 =( LENGTH_UNIT ( ) NAMED_UNIT ( * ) SI_UNIT ( .MILLI., .METRE. ) );
#4773 = VECTOR ( 'NONE', #3620, 1000.000000000000000 ) ;
#4774 = ORIENTED_EDGE ( 'NONE', *, *, #2152, .T. ) ;
#4775 = PLANE ( 'NONE',  #4127 ) ;
#4776 = FACE_OUTER_BOUND ( 'NONE', #2498, .T. ) ;
#4777 = CARTESIAN_POINT ( 'NONE',  ( 0.06500000000000002998, 0.3689999999999999947, -0.3397395833333333171 ) ) ;
#4778 = CARTESIAN_POINT ( 'NONE',  ( 0.02440104166666677912, 0.3699999999999999956, 0.3133333333333334081 ) ) ;
#4779 = CARTESIAN_POINT ( 'NONE',  ( -0.06499999999999990508, 0.3689999999999999947, 0.3309375000000001066 ) ) ;
#4780 = PRESENTATION_LAYER_ASSIGNMENT (  '', '', ( #3345 ) ) ;
#4781 = CARTESIAN_POINT ( 'NONE',  ( 0.01528386615197652003, 0.3689999999999998836, 0.2899030810960060434 ) ) ;
#4782 = DIRECTION ( 'NONE',  ( 1.000000000000000000, 0.000000000000000000, 0.000000000000000000 ) ) ;
#4783 = CARTESIAN_POINT ( 'NONE',  ( 0.04284735290385467688, 0.3699999999999998290, -0.08074828627606375764 ) ) ;
#4784 = APPLICATION_CONTEXT ( 'automotive_design' ) ;
#4785 = CARTESIAN_POINT ( 'NONE',  ( -0.2500000000000000000, 0.000000000000000000, 0.4000000000000000777 ) ) ;
#4786 = STYLED_ITEM ( 'NONE', ( #1786 ), #2565 ) ;
#4787 = CARTESIAN_POINT ( 'NONE',  ( -0.03670835716969736429, 0.3689999999999999947, 0.3421325459248480416 ) ) ;
#4788 = LINE ( 'NONE', #324, #251 ) ;
#4789 = AXIS2_PLACEMENT_3D ( 'NONE', #1158, #2443, #4027 ) ;
#4790 = CARTESIAN_POINT ( 'NONE',  ( -0.04129384720974726974, 0.3689999999999999947, 0.3234758840692878445 ) ) ;
#4791 = VERTEX_POINT ( 'NONE', #1138 ) ;
#4792 = SURFACE_SIDE_STYLE ('',( #3568 ) ) ;
#4793 = CARTESIAN_POINT ( 'NONE',  ( -0.04285045663788097231, 0.3689999999999999392, -0.07731932928450739595 ) ) ;
#4794 = EDGE_LOOP ( 'NONE', ( #2831, #4550, #3434, #4083 ) ) ;
#4795 = AXIS2_PLACEMENT_3D ( 'NONE', #4584, #4196, #987 ) ;
#4796 = ORIENTED_EDGE ( 'NONE', *, *, #1143, .T. ) ;
#4797 = EDGE_CURVE ( 'NONE', #2378, #1190, #1921, .T. ) ;
#4798 = CARTESIAN_POINT ( 'NONE',  ( 0.01000000000000006613, 0.3689999999999999947, 0.06166666666666665436 ) ) ;
#4799 = CARTESIAN_POINT ( 'NONE',  ( 0.1799999999999994382, -0.02000000000000000042, 0.1499999999999999944 ) ) ;
#4800 = EDGE_CURVE ( 'NONE', #2523, #40, #2299, .T. ) ;
#4801 = VECTOR ( 'NONE', #4845, 1000.000000000000000 ) ;
#4802 = EDGE_CURVE ( 'NONE', #1605, #1036, #4222, .T. ) ;
#4803 = CARTESIAN_POINT ( 'NONE',  ( 0.02500000000000011241, 0.3689999999999999947, 0.3483333333333334947 ) ) ;
#4804 = DIRECTION ( 'NONE',  ( -0.000000000000000000, 0.000000000000000000, 1.000000000000000000 ) ) ;
#4805 = CARTESIAN_POINT ( 'NONE',  ( -0.01552285326990909646, 0.3689999999999999947, -0.1306328563520485209 ) ) ;
#4806 = LINE ( 'NONE', #1279, #5111 ) ;
#4807 = CARTESIAN_POINT ( 'NONE',  ( -0.05094067368998296541, 0.3689999999999999392, 0.3001312367572794293 ) ) ;
#4808 = CARTESIAN_POINT ( 'NONE',  ( 0.03439221245209590772, 0.3690000000000001057, -0.09893864290524549687 ) ) ;
#4809 =( NAMED_UNIT ( * ) PLANE_ANGLE_UNIT ( ) SI_UNIT ( $, .RADIAN. ) );
#4810 = CARTESIAN_POINT ( 'NONE',  ( 0.06223958333333341753, 0.3690000000000000502, -0.09552083333333334647 ) ) ;
#4811 = CARTESIAN_POINT ( 'NONE',  ( -0.01911458333333330289, 0.3689999999999999947, -0.2883333333333333859 ) ) ;
#4812 = ADVANCED_FACE ( 'NONE', ( #2709 ), #677, .T. ) ;
#4813 = CARTESIAN_POINT ( 'NONE',  ( -0.04099337131827936881, 0.3689999999999999947, 0.3382654558887960849 ) ) ;
#4814 = CARTESIAN_POINT ( 'NONE',  ( 0.005057634738053532440, 0.3700000000000001066, 0.3306638543643283801 ) ) ;
#4815 = CARTESIAN_POINT ( 'NONE',  ( -0.06098524368489345593, 0.3699999999999999956, 0.3498160584900822379 ) ) ;
#4816 = ORIENTED_EDGE ( 'NONE', *, *, #1183, .F. ) ;
#4817 = CARTESIAN_POINT ( 'NONE',  ( -0.1400000000000000133, -0.02000000000000000042, -0.05000000000000005135 ) ) ;
#4818 = EDGE_CURVE ( 'NONE', #4658, #4839, #3096, .T. ) ;
#4819 = ORIENTED_EDGE ( 'NONE', *, *, #3839, .F. ) ;
#4820 = UNCERTAINTY_MEASURE_WITH_UNIT (LENGTH_MEASURE( 1.000000000000000082E-05 ), #4772, 'distance_accuracy_value', 'NONE');
#4821 = CARTESIAN_POINT ( 'NONE',  ( -0.007033298327518999228, 0.3700000000000001066, -0.1065002242708704416 ) ) ;
#4822 = ORIENTED_EDGE ( 'NONE', *, *, #2554, .T. ) ;
#4823 = CARTESIAN_POINT ( 'NONE',  ( -0.2999999999999999889, 0.000000000000000000, 0.4000000000000000222 ) ) ;
#4824 = FACE_OUTER_BOUND ( 'NONE', #5085, .T. ) ;
#4825 = PLANE ( 'NONE',  #2859 ) ;
#4826 = CARTESIAN_POINT ( 'NONE',  ( -0.06496677457274616097, 0.3699999999999999956, 0.3294773670081953543 ) ) ;
#4827 = LINE ( 'NONE', #2417, #2512 ) ;
#4828 = DIRECTION ( 'NONE',  ( 0.000000000000000000, -1.000000000000000000, 0.000000000000000000 ) ) ;
#4829 = VECTOR ( 'NONE', #619, 1000.000000000000000 ) ;
#4830 =( NAMED_UNIT ( * ) SI_UNIT ( $, .STERADIAN. ) SOLID_ANGLE_UNIT ( ) );
#4831 = CARTESIAN_POINT ( 'NONE',  ( 0.004265292444453329564, 0.3689999999999999947, 0.2964488387476194586 ) ) ;
#4832 = CARTESIAN_POINT ( 'NONE',  ( 0.02440104166666677912, 0.3699999999999999956, 0.3133333333333334081 ) ) ;
#4833 =( NAMED_UNIT ( * ) PLANE_ANGLE_UNIT ( ) SI_UNIT ( $, .RADIAN. ) );
#4834 = CARTESIAN_POINT ( 'NONE',  ( -0.1699999999999999845, 0.000000000000000000, 0.2200000000000000011 ) ) ;
#4835 = ORIENTED_EDGE ( 'NONE', *, *, #3706, .F. ) ;
#4836 = FACE_OUTER_BOUND ( 'NONE', #1114, .T. ) ;
#4837 = CARTESIAN_POINT ( 'NONE',  ( -0.04315606589353081918, 0.3689999999999999392, -0.07166710947188943692 ) ) ;
#4838 = MECHANICAL_DESIGN_GEOMETRIC_PRESENTATION_REPRESENTATION (  '', ( #3927 ), #538 ) ;
#4839 = VERTEX_POINT ( 'NONE', #1551 ) ;
#4840 = EDGE_CURVE ( 'NONE', #2978, #2447, #3932, .T. ) ;
#4841 = AXIS2_PLACEMENT_3D ( 'NONE', #3329, #1724, #4141 ) ;
#4842 = CARTESIAN_POINT ( 'NONE',  ( -0.06499999999999990508, 0.3699999999999999956, 0.2141666666666666718 ) ) ;
#4843 = ORIENTED_EDGE ( 'NONE', *, *, #513, .T. ) ;
#4844 = VECTOR ( 'NONE', #3333, 1000.000000000000000 ) ;
#4845 = DIRECTION ( 'NONE',  ( -0.000000000000000000, 1.000000000000000000, -0.000000000000000000 ) ) ;
#4846 = CARTESIAN_POINT ( 'NONE',  ( -0.06499999999999997446, 0.3689999999999999947, -0.2633333333333333637 ) ) ;
#4847 = CARTESIAN_POINT ( 'NONE',  ( 0.1000000000000000749, -0.02000000000000000042, 0.2200000000000005285 ) ) ;
#4848 = CARTESIAN_POINT ( 'NONE',  ( 0.06500000000000007161, 0.3699999999999999956, 0.08666666666666666963 ) ) ;
#4849 = CARTESIAN_POINT ( 'NONE',  ( 0.05760095962265581598, 0.3689999999999998836, 0.3037637929003891846 ) ) ;
#4850 = CARTESIAN_POINT ( 'NONE',  ( 0.06160598578993204538, 0.3689999999999999392, -0.09737061793278085908 ) ) ;
#4851 = AXIS2_PLACEMENT_3D ( 'NONE', #4559, #1426, #2733 ) ;
#4852 = EDGE_CURVE ( 'NONE', #3966, #3001, #161, .T. ) ;
#4853 = CARTESIAN_POINT ( 'NONE',  ( 0.05853945818644885890, 0.3689999999999998836, 0.3571905270013311928 ) ) ;
#4854 = LINE ( 'NONE', #4124, #4277 ) ;
#4855 = CARTESIAN_POINT ( 'NONE',  ( 0.04218207947010995523, 0.3690000000000000502, -0.08508747354733620094 ) ) ;
#4856 = ADVANCED_FACE ( 'NONE', ( #3826, #3482 ), #4666, .T. ) ;
#4857 = CARTESIAN_POINT ( 'NONE',  ( -0.04329258578681163122, 0.3689999999999999947, 0.3298299422092593747 ) ) ;
#4858 = EDGE_CURVE ( 'NONE', #2949, #1408, #5083, .T. ) ;
#4859 = CARTESIAN_POINT ( 'NONE',  ( 0.01000000000000006613, 0.3689999999999999947, 0.06166666666666665436 ) ) ;
#4860 = FILL_AREA_STYLE ('',( #4910 ) ) ;
#4861 = COLOUR_RGB ( '',0.8000000000000000444, 0.8117647058823529438, 0.8000000000000000444 ) ;
#4862 = ORIENTED_EDGE ( 'NONE', *, *, #971, .T. ) ;
#4863 = CARTESIAN_POINT ( 'NONE',  ( 0.1000000000000001305, -0.02000000000000000042, 0.4200000000000000955 ) ) ;
#4864 = VECTOR ( 'NONE', #2319, 1000.000000000000000 ) ;
#4865 = CARTESIAN_POINT ( 'NONE',  ( -0.06499999999999994671, 0.3699999999999999956, -0.07101562499999999889 ) ) ;
#4866 = STYLED_ITEM ( 'NONE', ( #4424 ), #5017 ) ;
#4867 = CARTESIAN_POINT ( 'NONE',  ( 0.06666666666666677676, 0.3699999999999999956, 0.3312760416666667984 ) ) ;
#4868 = ORIENTED_EDGE ( 'NONE', *, *, #1639, .T. ) ;
#4869 = COLOUR_RGB ( '',0.2980392156862745057, 0.2980392156862745057, 0.2980392156862745057 ) ;
#4870 = ORIENTED_EDGE ( 'NONE', *, *, #759, .F. ) ;
#4871 = SURFACE_STYLE_USAGE ( .BOTH. , #168 ) ;
#4872 = STYLED_ITEM ( 'NONE', ( #3463 ), #1568 ) ;
#4873 = ORIENTED_EDGE ( 'NONE', *, *, #3825, .T. ) ;
#4874 = EDGE_CURVE ( 'NONE', #3421, #3476, #1111, .T. ) ;
#4875 = DIRECTION ( 'NONE',  ( -1.000000000000000000, 0.000000000000000000, 0.000000000000000000 ) ) ;
#4876 = CARTESIAN_POINT ( 'NONE',  ( 0.06500000000000007161, 0.3689999999999999947, -0.07242187499999999667 ) ) ;
#4877 = PLANE ( 'NONE',  #3508 ) ;
#4878 = LINE ( 'NONE', #4848, #2107 ) ;
#4879 = CARTESIAN_POINT ( 'NONE',  ( 0.06500000000000011324, 0.3689999999999999947, 0.1300520833333333182 ) ) ;
#4880 = CARTESIAN_POINT ( 'NONE',  ( -0.01617635281296715688, 0.3700000000000000511, 0.2979328082824156398 ) ) ;
#4881 = PRESENTATION_STYLE_ASSIGNMENT (( #2087 ) ) ;
#4882 = LINE ( 'NONE', #2088, #215 ) ;
#4883 = CARTESIAN_POINT ( 'NONE',  ( -0.001778322609772802930, 0.3690000000000000502, 0.3045458908466518455 ) ) ;
#4884 = EDGE_CURVE ( 'NONE', #4554, #587, #2321, .T. ) ;
#4885 = ORIENTED_EDGE ( 'NONE', *, *, #3371, .T. ) ;
#4886 = SURFACE_STYLE_USAGE ( .BOTH. , #3292 ) ;
#4887 = CARTESIAN_POINT ( 'NONE',  ( 0.005202870654914749232, 0.3689999999999998836, 0.3253915475544810199 ) ) ;
#4888 = PLANE ( 'NONE',  #3407 ) ;
#4889 = ORIENTED_EDGE ( 'NONE', *, *, #3550, .T. ) ;
#4890 = CARTESIAN_POINT ( 'NONE',  ( -0.01424523903742889140, 0.3689999999999999947, 0.3284239707536690256 ) ) ;
#4891 = DIRECTION ( 'NONE',  ( -0.000000000000000000, 1.000000000000000000, -0.000000000000000000 ) ) ;
#4892 = CARTESIAN_POINT ( 'NONE',  ( 0.1000000000000001305, 0.08000000000000000167, 0.4200000000000000955 ) ) ;
#4893 = ORIENTED_EDGE ( 'NONE', *, *, #2643, .T. ) ;
#4894 = VERTEX_POINT ( 'NONE', #1923 ) ;
#4895 = DIRECTION ( 'NONE',  ( -0.000000000000000000, 1.000000000000000000, -0.000000000000000000 ) ) ;
#4896 = ORIENTED_EDGE ( 'NONE', *, *, #4413, .T. ) ;
#4897 = LINE ( 'NONE', #4060, #2390 ) ;
#4898 = PLANE ( 'NONE',  #2303 ) ;
#4899 = LINE ( 'NONE', #1350, #1944 ) ;
#4900 = CARTESIAN_POINT ( 'NONE',  ( 0.04333333333333340420, 0.3689999999999999947, -0.06890624999999998834 ) ) ;
#4901 = CARTESIAN_POINT ( 'NONE',  ( -0.03041666666666656069, 0.3689999999999999947, 0.3700000000000001066 ) ) ;
#4902 = CARTESIAN_POINT ( 'NONE',  ( -0.02352860939797386808, 0.3689999999999998836, 0.2944056342487123556 ) ) ;
#4903 = EDGE_CURVE ( 'NONE', #4310, #1222, #4319, .T. ) ;
#4904 = CARTESIAN_POINT ( 'NONE',  ( 0.06500000000000011324, 0.3699999999999999956, 0.2191666666666666763 ) ) ;
#4905 = CARTESIAN_POINT ( 'NONE',  ( 0.04239179090025635421, 0.3700000000000000511, -0.08411182286575591416 ) ) ;
#4906 = CARTESIAN_POINT ( 'NONE',  ( -0.03048077619204181063, 0.3689999999999999392, 0.3183700051210404669 ) ) ;
#4907 = ORIENTED_EDGE ( 'NONE', *, *, #5069, .T. ) ;
#4908 =( GEOMETRIC_REPRESENTATION_CONTEXT ( 3 ) GLOBAL_UNCERTAINTY_ASSIGNED_CONTEXT ( ( #4820 ) ) GLOBAL_UNIT_ASSIGNED_CONTEXT ( ( #4772, #2435, #3996 ) ) REPRESENTATION_CONTEXT ( 'NONE', 'WORKASPACE' ) );
#4909 = DIRECTION ( 'NONE',  ( 0.000000000000000000, 0.000000000000000000, -1.000000000000000000 ) ) ;
#4910 = FILL_AREA_STYLE_COLOUR ( '', #1437 ) ;
#4911 = ORIENTED_EDGE ( 'NONE', *, *, #2348, .T. ) ;
#4912 = CARTESIAN_POINT ( 'NONE',  ( 0.04189932683833588051, 0.3690000000000001057, 0.3209718306089472395 ) ) ;
#4913 = CARTESIAN_POINT ( 'NONE',  ( -0.01994415773505430964, 0.3690000000000001057, 0.3207954195287117116 ) ) ;
#4914 = CARTESIAN_POINT ( 'NONE',  ( 0.06659544071540343668, 0.3699999999999998845, 0.3354756298531171854 ) ) ;
#4915 = ORIENTED_EDGE ( 'NONE', *, *, #4884, .F. ) ;
#4916 = ORIENTED_EDGE ( 'NONE', *, *, #2735, .F. ) ;
#4917 = CARTESIAN_POINT ( 'NONE',  ( -0.05424078334674045654, 0.3689999999999999392, 0.3031570219436180436 ) ) ;
#4918 = EDGE_CURVE ( 'NONE', #2375, #4590, #4721, .T. ) ;
#4919 = EDGE_LOOP ( 'NONE', ( #2451, #2704, #3059, #116 ) ) ;
#4920 = B_SPLINE_CURVE_WITH_KNOTS ( 'NONE', 3,
 ( #67, #1920, #20, #1645, #4373, #2757, #4741, #2423, #799, #3121, #2373 ),
 .UNSPECIFIED., .F., .F.,
 ( 4, 1, 1, 1, 1, 1, 1, 1, 4 ),
 ( 0.000000000000000000, 0.1196964719965258744, 0.2359437583202386446, 0.3505624285330338208, 0.4675738794453408453, 0.5886790971730628819, 0.7164321348375394249, 0.8533140436686069696, 1.000000000000000000 ),
 .UNSPECIFIED. ) ;
#4921 = CARTESIAN_POINT ( 'NONE',  ( 0.005000000000000107657, 0.3689999999999999947, 0.3284114583333334614 ) ) ;
#4922 = CARTESIAN_POINT ( 'NONE',  ( -0.01911458333333330289, 0.3689999999999999947, -0.2883333333333333859 ) ) ;
#4923 = CARTESIAN_POINT ( 'NONE',  ( 0.01000000000000006613, 0.3689999999999999947, -0.1783333333333333715 ) ) ;
#4924 = B_SPLINE_CURVE_WITH_KNOTS ( 'NONE', 3,
 ( #890, #2486, #2891, #2061, #1640, #126, #4808, #2823, #4046, #3261, #4066, #937, #151, #1260, #4417, #1678, #3677, #2440, #3287 ),
 .UNSPECIFIED., .F., .F.,
 ( 4, 1, 1, 1, 1, 1, 1, 1, 1, 1, 1, 1, 1, 1, 1, 1, 4 ),
 ( 0.000000000000000000, 0.06491793738228375521, 0.1264430184700147397, 0.1858787280862191915, 0.2430165727154066369, 0.3024911221532581851, 0.3693637297981689493, 0.4445722554588887321, 0.5291777480802875022, 0.5755169774892701096, 0.6254051839338126140, 0.6788683432357710545, 0.7356051207068711184, 0.7961888432153372275, 0.8601411452603573427, 0.9280644712954974063, 1.000000000000000000 ),
 .UNSPECIFIED. ) ;
#4925 = PRESENTATION_STYLE_ASSIGNMENT (( #2224 ) ) ;
#4926 = CARTESIAN_POINT ( 'NONE',  ( 0.1799999999999994382, -0.02000000000000000042, 0.1499999999999999944 ) ) ;
#4927 = CARTESIAN_POINT ( 'NONE',  ( -0.03378375522939174730, 0.3700000000000001066, 0.3435060124716510788 ) ) ;
#4928 = CARTESIAN_POINT ( 'NONE',  ( 0.03415284053983959345, 0.3699999999999999400, 0.2890519724574968086 ) ) ;
#4929 = DIRECTION ( 'NONE',  ( 0.000000000000000000, 0.000000000000000000, 1.000000000000000000 ) ) ;
#4930 = CARTESIAN_POINT ( 'NONE',  ( -0.004140205328592790231, 0.3699999999999999956, 0.3111496301113768070 ) ) ;
#4931 = VECTOR ( 'NONE', #241, 1000.000000000000000 ) ;
#4932 = EDGE_LOOP ( 'NONE', ( #3998, #1946, #559, #1223 ) ) ;
#4933 = EDGE_CURVE ( 'NONE', #4608, #211, #777, .T. ) ;
#4934 = LINE ( 'NONE', #2669, #1099 ) ;
#4935 = VECTOR ( 'NONE', #993, 1000.000000000000000 ) ;
#4936 = CARTESIAN_POINT ( 'NONE',  ( -0.04331155388255202715, 0.3689999999999999392, -0.06462680575130279326 ) ) ;
#4937 = CARTESIAN_POINT ( 'NONE',  ( -0.06499999999999994671, 0.3689999999999999947, -0.1533333333333333770 ) ) ;
#4938 = DIRECTION ( 'NONE',  ( 1.000000000000000000, 0.000000000000000000, 0.000000000000000000 ) ) ;
#4939 = EDGE_LOOP ( 'NONE', ( #3504, #2075, #2098, #1956 ) ) ;
#4940 = CARTESIAN_POINT ( 'NONE',  ( -0.01332139853923039116, 0.3699999999999999400, 0.3352948409867526069 ) ) ;
#4941 = CARTESIAN_POINT ( 'NONE',  ( -0.001180695683830936373, 0.3699999999999999956, -0.1066555949037081286 ) ) ;
#4942 = CARTESIAN_POINT ( 'NONE',  ( 0.06397090047357163745, 0.3690000000000000502, -0.08817209067218002849 ) ) ;
#4943 = ORIENTED_EDGE ( 'NONE', *, *, #2025, .F. ) ;
#4944 = B_SPLINE_SURFACE_WITH_KNOTS ( 'NONE', 3, 1, ( 
 ( #485, #1595 ),
 ( #4396, #3561 ),
 ( #3116, #3530 ),
 ( #1182, #3981 ),
 ( #2046, #2727 ),
 ( #772, #3954 ),
 ( #2421, #1644 ),
 ( #3171, #2754 ),
 ( #1947, #17 ),
 ( #64, #2396 ),
 ( #3925, #4761 ) ),
 .UNSPECIFIED., .F., .F., .F.,
 ( 4, 1, 1, 1, 1, 1, 1, 1, 4 ),
 ( 2, 2 ),
 ( 0.000000000000000000, 0.1363431944354203951, 0.2690930279684730086, 0.3977221775177790519, 0.5226435276616346881, 0.6451150183765602675, 0.7655561911784939388, 0.8836700787672537860, 1.000000000000000000 ),
 ( 0.000000000000000000, 1.000000000000000000 ),
 .UNSPECIFIED. ) ;
#4945 = ORIENTED_EDGE ( 'NONE', *, *, #393, .T. ) ;
#4946 = VERTEX_POINT ( 'NONE', #3540 ) ;
#4947 = VECTOR ( 'NONE', #1679, 1000.000000000000000 ) ;
#4948 = CARTESIAN_POINT ( 'NONE',  ( -0.06490185806878032149, 0.3689999999999999947, 0.3266245299798170021 ) ) ;
#4949 = VERTEX_POINT ( 'NONE', #23 ) ;
#4950 = EDGE_CURVE ( 'NONE', #1322, #3485, #1578, .T. ) ;
#4951 =( GEOMETRIC_REPRESENTATION_CONTEXT ( 3 ) GLOBAL_UNCERTAINTY_ASSIGNED_CONTEXT ( ( #218 ) ) GLOBAL_UNIT_ASSIGNED_CONTEXT ( ( #872, #2896, #4492 ) ) REPRESENTATION_CONTEXT ( 'NONE', 'WORKASPACE' ) );
#4952 = MECHANICAL_DESIGN_GEOMETRIC_PRESENTATION_REPRESENTATION (  '', ( #4866 ), #815 ) ;
#4953 = EDGE_CURVE ( 'NONE', #4762, #2862, #2448, .T. ) ;
#4954 = CARTESIAN_POINT ( 'NONE',  ( 0.01000000000000006613, 0.3689999999999999947, -0.2333333333333333925 ) ) ;
#4955 = LINE ( 'NONE', #4922, #169 ) ;
#4956 = CARTESIAN_POINT ( 'NONE',  ( 0.03006524649680706110, 0.3689999999999999947, -0.1272946948411224355 ) ) ;
#4957 =( LENGTH_UNIT ( ) NAMED_UNIT ( * ) SI_UNIT ( .MILLI., .METRE. ) );
#4958 = CARTESIAN_POINT ( 'NONE',  ( 0.03015100116277626141, 0.3699999999999998845, 0.2884200399179601138 ) ) ;
#4959 = DIRECTION ( 'NONE',  ( -0.000000000000000000, 1.000000000000000000, -0.000000000000000000 ) ) ;
#4960 = FACE_OUTER_BOUND ( 'NONE', #400, .T. ) ;
#4961 = CARTESIAN_POINT ( 'NONE',  ( -0.06499999999999994671, 0.3699999999999999956, -0.02333333333333332399 ) ) ;
#4962 = EDGE_CURVE ( 'NONE', #3043, #4194, #876, .T. ) ;
#4963 = SURFACE_STYLE_USAGE ( .BOTH. , #4175 ) ;
#4964 = ORIENTED_EDGE ( 'NONE', *, *, #4635, .F. ) ;
#4965 = CARTESIAN_POINT ( 'NONE',  ( 0.1000000000000000749, 0.000000000000000000, 0.2200000000000005285 ) ) ;
#4966 =( LENGTH_UNIT ( ) NAMED_UNIT ( * ) SI_UNIT ( .MILLI., .METRE. ) );
#4967 = CARTESIAN_POINT ( 'NONE',  ( 0.04123697268072150368, 0.3699999999999999400, -0.08871855157993829843 ) ) ;
#4968 = EDGE_CURVE ( 'NONE', #40, #3181, #4034, .T. ) ;
#4969 = FILL_AREA_STYLE_COLOUR ( '', #1112 ) ;
#4970 = ORIENTED_EDGE ( 'NONE', *, *, #130, .T. ) ;
#4971 = CARTESIAN_POINT ( 'NONE',  ( 0.04072548446847111536, 0.3690000000000000502, 0.3196334748034811435 ) ) ;
#4972 = CARTESIAN_POINT ( 'NONE',  ( 5.208333333340349133E-05, 0.3699999999999999956, -0.1066666666666666596 ) ) ;
#4973 = CARTESIAN_POINT ( 'NONE',  ( 0.06462869554891345625, 0.3700000000000001621, -0.08239082591453825155 ) ) ;
#4974 = VERTEX_POINT ( 'NONE', #2811 ) ;
#4975 = ORIENTED_EDGE ( 'NONE', *, *, #3702, .F. ) ;
#4976 = CARTESIAN_POINT ( 'NONE',  ( 0.06604660568018604072, 0.3690000000000001057, 0.3395510470965055760 ) ) ;
#4977 = SURFACE_STYLE_FILL_AREA ( #3774 ) ;
#4978 = EDGE_CURVE ( 'NONE', #1815, #4500, #4744, .T. ) ;
#4979 = ORIENTED_EDGE ( 'NONE', *, *, #702, .T. ) ;
#4980 = AXIS2_PLACEMENT_3D ( 'NONE', #3327, #5007, #656 ) ;
#4981 = CARTESIAN_POINT ( 'NONE',  ( -0.01166666666666660648, 0.3689999999999999947, 0.006666666666666661890 ) ) ;
#4982 = LINE ( 'NONE', #2937, #3514 ) ;
#4983 = CARTESIAN_POINT ( 'NONE',  ( 0.03235269383161604867, 0.3689999999999999392, -0.1264783194084192486 ) ) ;
#4984 = LINE ( 'NONE', #3753, #4101 ) ;
#4985 = CARTESIAN_POINT ( 'NONE',  ( 0.02742428732425316110, 0.3699999999999999400, 0.2883625065036282686 ) ) ;
#4986 = ORIENTED_EDGE ( 'NONE', *, *, #717, .F. ) ;
#4987 = CARTESIAN_POINT ( 'NONE',  ( 0.04333333333333340420, 0.3699999999999999956, -0.04833333333333332538 ) ) ;
#4988 = CARTESIAN_POINT ( 'NONE',  ( 0.02604166666666677885, 0.3699999999999999956, 0.2883333333333334969 ) ) ;
#4989 = DIRECTION ( 'NONE',  ( -7.529181753371579661E-17, -0.000000000000000000, 1.000000000000000000 ) ) ;
#4990 = CARTESIAN_POINT ( 'NONE',  ( -0.03232524711841775616, 0.3700000000000000511, 0.3695875877431576417 ) ) ;
#4991 = VERTEX_POINT ( 'NONE', #3963 ) ;
#4992 = PLANE ( 'NONE',  #3198 ) ;
#4993 = DIRECTION ( 'NONE',  ( 0.000000000000000000, 1.000000000000000000, 0.000000000000000000 ) ) ;
#4994 = ORIENTED_EDGE ( 'NONE', *, *, #3004, .T. ) ;
#4995 = CARTESIAN_POINT ( 'NONE',  ( -0.03047700721585800548, 0.3689999999999999392, -0.1006692334209019907 ) ) ;
#4996 = CARTESIAN_POINT ( 'NONE',  ( -0.1700000000000004841, 0.000000000000000000, 0.1500000000000000222 ) ) ;
#4997 = VERTEX_POINT ( 'NONE', #3593 ) ;
#4998 = VECTOR ( 'NONE', #4938, 1000.000000000000000 ) ;
#4999 = VERTEX_POINT ( 'NONE', #802 ) ;
#5000 = CARTESIAN_POINT ( 'NONE',  ( -0.01869580619849743261, 0.3689999999999998836, -0.1051421613112771825 ) ) ;
#5001 = CARTESIAN_POINT ( 'NONE',  ( -0.03265760404846196341, 0.3699999999999999956, 0.2933566760027802034 ) ) ;
#5002 = VECTOR ( 'NONE', #2511, 1000.000000000000000 ) ;
#5003 = ORIENTED_EDGE ( 'NONE', *, *, #4087, .T. ) ;
#5004 = CARTESIAN_POINT ( 'NONE',  ( -0.06098524368489345593, 0.3689999999999999947, 0.3498160584900822379 ) ) ;
#5005 = VERTEX_POINT ( 'NONE', #4817 ) ;
#5006 = ADVANCED_FACE ( 'NONE', ( #4836 ), #3770, .T. ) ;
#5007 = DIRECTION ( 'NONE',  ( 1.000000000000000000, 0.000000000000000000, 0.000000000000000000 ) ) ;
#5008 = DIRECTION ( 'NONE',  ( 0.000000000000000000, 0.000000000000000000, -1.000000000000000000 ) ) ;
#5009 = CARTESIAN_POINT ( 'NONE',  ( -0.06500198972548190679, 0.3699999999999999956, -0.07485374901613138510 ) ) ;
#5010 = CARTESIAN_POINT ( 'NONE',  ( 0.03415284053983959345, 0.3689999999999999392, 0.2890519724574968086 ) ) ;
#5011 = MECHANICAL_DESIGN_GEOMETRIC_PRESENTATION_REPRESENTATION (  '', ( #1448 ), #1041 ) ;
#5012 = DIRECTION ( 'NONE',  ( -0.000000000000000000, 1.000000000000000000, -0.000000000000000000 ) ) ;
#5013 = CARTESIAN_POINT ( 'NONE',  ( -0.03755089955468122326, 0.3700000000000001066, 0.3201487933911080774 ) ) ;
#5014 = COLOUR_RGB ( '',0.8000000000000000444, 0.8117647058823529438, 0.8000000000000000444 ) ;
#5015 = CYLINDRICAL_SURFACE ( 'NONE', #2033, 0.05422428598153163082 ) ;
#5016 = CARTESIAN_POINT ( 'NONE',  ( -0.04109926036677488681, 0.3699999999999998290, 0.3671883809577467517 ) ) ;
#5017 = ADVANCED_FACE ( 'NONE', ( #1667 ), #4378, .F. ) ;
#5018 = EDGE_CURVE ( 'NONE', #4610, #928, #3244, .T. ) ;
#5019 = CARTESIAN_POINT ( 'NONE',  ( 0.2999999999999999334, 0.3699999999999999956, -0.4000000000000000222 ) ) ;
#5020 = CARTESIAN_POINT ( 'NONE',  ( 0.02464598801748841758, 0.3690000000000000502, -0.1037175552575890503 ) ) ;
#5021 = CARTESIAN_POINT ( 'NONE',  ( -0.03027284658458531674, 0.3690000000000001057, 0.2933842517444757991 ) ) ;
#5022 = ADVANCED_FACE ( 'NONE', ( #902 ), #2973, .T. ) ;
#5023 = ORIENTED_EDGE ( 'NONE', *, *, #3468, .T. ) ;
#5024 = CARTESIAN_POINT ( 'NONE',  ( -0.03344018173027829555, 0.3700000000000000511, -0.09853305714733147369 ) ) ;
#5025 = CARTESIAN_POINT ( 'NONE',  ( -0.06469574635684662012, 0.3690000000000001057, -0.08197535576688816383 ) ) ;
#5026 = EDGE_LOOP ( 'NONE', ( #3180, #1769, #3710, #190, #3067, #1533, #2600, #2959, #1684, #2185 ) ) ;
#5027 = VECTOR ( 'NONE', #148, 1000.000000000000000 ) ;
#5028 = ORIENTED_EDGE ( 'NONE', *, *, #651, .F. ) ;
#5029 = CARTESIAN_POINT ( 'NONE',  ( 0.001250000000000070933, 0.3699999999999999956, -0.1316666666666666541 ) ) ;
#5030 =( NAMED_UNIT ( * ) PLANE_ANGLE_UNIT ( ) SI_UNIT ( $, .RADIAN. ) );
#5031 = CARTESIAN_POINT ( 'NONE',  ( 0.01306559123674152882, 0.3699999999999999400, 0.3156675473904553830 ) ) ;
#5032 = ORIENTED_EDGE ( 'NONE', *, *, #4474, .T. ) ;
#5033 = DIRECTION ( 'NONE',  ( 0.000000000000000000, 0.000000000000000000, 1.000000000000000000 ) ) ;
#5034 = VERTEX_POINT ( 'NONE', #1713 ) ;
#5035 = FACE_OUTER_BOUND ( 'NONE', #232, .T. ) ;
#5036 = FACE_OUTER_BOUND ( 'NONE', #2216, .T. ) ;
#5037 = EDGE_CURVE ( 'NONE', #2949, #2674, #3765, .T. ) ;
#5038 = CIRCLE ( 'NONE', #2788, 0.07000000000000002054 ) ;
#5039 = CARTESIAN_POINT ( 'NONE',  ( 0.06506476431852724340, 0.3699999999999999400, 0.3183858300686282505 ) ) ;
#5040 = VECTOR ( 'NONE', #4294, 1000.000000000000000 ) ;
#5041 = CARTESIAN_POINT ( 'NONE',  ( 0.01020991814388966072, 0.3699999999999999956, 0.3176168744518738096 ) ) ;
#5042 = AXIS2_PLACEMENT_3D ( 'NONE', #4631, #2292, #1131 ) ;
#5043 = CARTESIAN_POINT ( 'NONE',  ( 0.06663160209640617282, 0.3699999999999999956, 0.3297815066703470577 ) ) ;
#5044 = CARTESIAN_POINT ( 'NONE',  ( 0.04496086915284308594, 0.3690000000000000502, 0.3289672677727487615 ) ) ;
#5045 = CARTESIAN_POINT ( 'NONE',  ( -0.04109926036677488681, 0.3689999999999998836, 0.3671883809577467517 ) ) ;
#5046 = CARTESIAN_POINT ( 'NONE',  ( 0.005464526604800295714, 0.3700000000000001066, 0.3330443861755094104 ) ) ;
#5047 = CARTESIAN_POINT ( 'NONE',  ( -0.1799999999999999656, -0.02000000000000000042, 0.2200000000000000289 ) ) ;
#5048 = CARTESIAN_POINT ( 'NONE',  ( 0.02798307343048781620, 0.3689999999999998836, -0.1025341150796178630 ) ) ;
#5049 = CARTESIAN_POINT ( 'NONE',  ( -0.01166666666666660648, 0.3689999999999999947, -0.1783333333333333715 ) ) ;
#5050 = ORIENTED_EDGE ( 'NONE', *, *, #1800, .T. ) ;
#5051 = CARTESIAN_POINT ( 'NONE',  ( 0.2000000000000000111, -0.02000000000000000042, -0.04999999999999998890 ) ) ;
#5052 = CARTESIAN_POINT ( 'NONE',  ( -0.06252604166666660135, 0.3689999999999999947, -0.09562499999999998779 ) ) ;
#5053 = VERTEX_POINT ( 'NONE', #2880 ) ;
#5054 = APPLICATION_CONTEXT ( 'automotive_design' ) ;
#5055 = CARTESIAN_POINT ( 'NONE',  ( 0.01000000000000006613, 0.3689999999999999947, -0.1783333333333333715 ) ) ;
#5056 = CARTESIAN_POINT ( 'NONE',  ( -0.02643229166666656235, 0.3689999999999999947, 0.1599999999999999756 ) ) ;
#5057 = CARTESIAN_POINT ( 'NONE',  ( 0.02298184190047698749, 0.3699999999999999400, 0.3133862580444486401 ) ) ;
#5058 = ORIENTED_EDGE ( 'NONE', *, *, #66, .T. ) ;
#5059 = ORIENTED_EDGE ( 'NONE', *, *, #594, .F. ) ;
#5060 = DIRECTION ( 'NONE',  ( 0.000000000000000000, 0.000000000000000000, -1.000000000000000000 ) ) ;
#5061 = DIRECTION ( 'NONE',  ( 1.000000000000000000, 0.000000000000000000, 0.000000000000000000 ) ) ;
#5062 = CARTESIAN_POINT ( 'NONE',  ( -0.04580429541084039130, 0.3699999999999999400, 0.2967929538249156618 ) ) ;
#5063 = ORIENTED_EDGE ( 'NONE', *, *, #2581, .T. ) ;
#5064 = CARTESIAN_POINT ( 'NONE',  ( 0.008333333333333445975, 0.3699999999999999956, 0.2700000000000001288 ) ) ;
#5065 = LINE ( 'NONE', #3860, #486 ) ;
#5066 = FACE_OUTER_BOUND ( 'NONE', #288, .T. ) ;
#5067 = CARTESIAN_POINT ( 'NONE',  ( -0.06278223698246623852, 0.3699999999999998845, 0.3454841235100719610 ) ) ;
#5068 = AXIS2_PLACEMENT_3D ( 'NONE', #4112, #1369, #2931 ) ;
#5069 = EDGE_CURVE ( 'NONE', #2930, #3249, #1685, .T. ) ;
#5070 = FILL_AREA_STYLE_COLOUR ( '', #1206 ) ;
#5071 = SURFACE_STYLE_USAGE ( .BOTH. , #3473 ) ;
#5072 = CARTESIAN_POINT ( 'NONE',  ( 0.007172155359751646378, 0.3689999999999999392, -0.1064996881272938511 ) ) ;
#5073 = CARTESIAN_POINT ( 'NONE',  ( -0.06484931602138746531, 0.3699999999999998845, -0.07853392142727123881 ) ) ;
#5074 = ORIENTED_EDGE ( 'NONE', *, *, #2474, .F. ) ;
#5075 = SURFACE_STYLE_USAGE ( .BOTH. , #4714 ) ;
#5076 = SURFACE_SIDE_STYLE ('',( #4601 ) ) ;
#5077 = CARTESIAN_POINT ( 'NONE',  ( -0.004348958333333228198, 0.3699999999999999956, 0.3120312500000001488 ) ) ;
#5078 = PRESENTATION_LAYER_ASSIGNMENT (  '', '', ( #1908 ) ) ;
#5079 = ORIENTED_EDGE ( 'NONE', *, *, #3776, .F. ) ;
#5080 = CARTESIAN_POINT ( 'NONE',  ( 0.001250000000000070933, 0.3689999999999999947, -0.1316666666666666541 ) ) ;
#5081 = B_SPLINE_SURFACE_WITH_KNOTS ( 'NONE', 3, 1, ( 
 ( #2672, #1488 ),
 ( #3365, #3871 ),
 ( #3816, #4967 ),
 ( #4259, #2262 ),
 ( #258, #2289 ),
 ( #1409, #2622 ),
 ( #338, #1787 ),
 ( #4627, #237 ),
 ( #5048, #3449 ),
 ( #5020, #2233 ),
 ( #2646, #1889 ),
 ( #4570, #4598 ),
 ( #3065, #4151 ),
 ( #4214, #2177 ),
 ( #611, #2977 ),
 ( #5072, #1023 ),
 ( #2953, #638 ),
 ( #4545, #669 ),
 ( #4180, #3036 ) ),
 .UNSPECIFIED., .F., .F., .F.,
 ( 4, 1, 1, 1, 1, 1, 1, 1, 1, 1, 1, 1, 1, 1, 1, 1, 4 ),
 ( 2, 2 ),
 ( 0.000000000000000000, 0.06491793738228375521, 0.1264430184700147397, 0.1858787280862191915, 0.2430165727154066369, 0.3024911221532581851, 0.3693637297981689493, 0.4445722554588887321, 0.5291777480802875022, 0.5755169774892701096, 0.6254051839338126140, 0.6788683432357710545, 0.7356051207068711184, 0.7961888432153372275, 0.8601411452603573427, 0.9280644712954974063, 1.000000000000000000 ),
 ( 0.000000000000000000, 1.000000000000000000 ),
 .UNSPECIFIED. ) ;
#5082 = CARTESIAN_POINT ( 'NONE',  ( 0.3000000000000000444, 0.3699999999999999956, 0.4000000000000000222 ) ) ;
#5083 = LINE ( 'NONE', #1085, #1308 ) ;
#5084 = EDGE_LOOP ( 'NONE', ( #4567, #4692, #3510, #3010 ) ) ;
#5085 = EDGE_LOOP ( 'NONE', ( #3170, #726, #243, #2974 ) ) ;
#5086 = CARTESIAN_POINT ( 'NONE',  ( 0.06397090047357163745, 0.3700000000000000511, -0.08817209067218002849 ) ) ;
#5087 = DIRECTION ( 'NONE',  ( 0.000000000000000000, -0.000000000000000000, -1.000000000000000000 ) ) ;
#5088 = ADVANCED_FACE ( 'NONE', ( #4470 ), #3342, .T. ) ;
#5089 = EDGE_CURVE ( 'NONE', #2108, #4762, #2596, .T. ) ;
#5090 = CARTESIAN_POINT ( 'NONE',  ( 0.02298184190047698749, 0.3699999999999999400, 0.3133862580444486401 ) ) ;
#5091 = CARTESIAN_POINT ( 'NONE',  ( -0.03546505446247436716, 0.3700000000000000511, -0.1252131156903682763 ) ) ;
#5092 = DIRECTION ( 'NONE',  ( 0.8533589514342735383, 0.000000000000000000, -0.5213237957421443802 ) ) ;
#5093 = CARTESIAN_POINT ( 'NONE',  ( -0.04580429541084039130, 0.3689999999999999392, 0.2967929538249156618 ) ) ;
#5094 = CARTESIAN_POINT ( 'NONE',  ( 0.004265292444453329564, 0.3689999999999999947, 0.2964488387476194586 ) ) ;
#5095 = DIRECTION ( 'NONE',  ( -0.000000000000000000, -0.000000000000000000, -1.000000000000000000 ) ) ;
#5096 = CARTESIAN_POINT ( 'NONE',  ( -0.1400000000000000133, -0.02000000000000000042, -0.05000000000000002359 ) ) ;
#5097 = ORIENTED_EDGE ( 'NONE', *, *, #590, .F. ) ;
#5098 = CARTESIAN_POINT ( 'NONE',  ( -0.04208333333333327819, 0.3689999999999999947, -0.08330729166666665797 ) ) ;
#5099 = ADVANCED_FACE ( 'NONE', ( #3714 ), #1339, .T. ) ;
#5100 = AXIS2_PLACEMENT_3D ( 'NONE', #250, #3379, #2558 ) ;
#5101 = CARTESIAN_POINT ( 'NONE',  ( -0.03166666666666656527, 0.3689999999999999947, 0.2933333333333334458 ) ) ;
#5102 = EDGE_LOOP ( 'NONE', ( #3311, #2453, #269, #452 ) ) ;
#5103 = ORIENTED_EDGE ( 'NONE', *, *, #3825, .F. ) ;
#5104 = CARTESIAN_POINT ( 'NONE',  ( -0.02794889214850617906, 0.3690000000000000502, 0.3448241359629350411 ) ) ;
#5105 = CARTESIAN_POINT ( 'NONE',  ( 0.04381065445679303838, 0.3699999999999999956, 0.3371508590064705713 ) ) ;
#5106 = CARTESIAN_POINT ( 'NONE',  ( -0.06499999999999990508, 0.3689999999999999947, 0.1058333333333333209 ) ) ;
#5107 = ORIENTED_EDGE ( 'NONE', *, *, #4950, .F. ) ;
#5108 = VECTOR ( 'NONE', #4497, 1000.000000000000000 ) ;
#5109 = ORIENTED_EDGE ( 'NONE', *, *, #3702, .T. ) ;
#5110 = SURFACE_SIDE_STYLE ('',( #3908 ) ) ;
#5111 = VECTOR ( 'NONE', #1655, 1000.000000000000000 ) ;
#5112 = CARTESIAN_POINT ( 'NONE',  ( -0.06499999999999994671, 0.3689999999999999947, -0.2416666666666667240 ) ) ;
#5113 = EDGE_CURVE ( 'NONE', #3931, #2984, #3840, .T. ) ;
#5114 = ORIENTED_EDGE ( 'NONE', *, *, #4302, .T. ) ;
#5115 = SURFACE_SIDE_STYLE ('',( #376 ) ) ;
ENDSEC;
END-ISO-10303-21;
