ISO-10303-21;
HEADER;
FILE_DESCRIPTION (( 'STEP AP203' ),
    '1' );
FILE_NAME ('B3F_3125.step',
    '2013-07-18T10:36:12',
    ( 'OSMC1.0   TAKUMI' ),
    ( 'TAKUMI-Engniaring' ),
    'SwSTEP 2.0',
    'SolidWorks 2002025',
    '' );
FILE_SCHEMA (( 'CONFIG_CONTROL_DESIGN' ));
ENDSEC;

DATA;
#1 = EDGE_LOOP ( 'NONE', ( #323, #3256, #170, #63 ) ) ;
#2 = ORIENTED_EDGE ( 'NONE', *, *, #3885, .F. ) ;
#3 = ORIENTED_EDGE ( 'NONE', *, *, #403, .F. ) ;
#4 = ORIENTED_EDGE ( 'NONE', *, *, #89, .F. ) ;
#5 = ADVANCED_FACE ( 'NONE', ( #627 ), #628, .T. ) ;
#6 = VERTEX_POINT ( 'NONE', #633 ) ;
#7 = VERTEX_POINT ( 'NONE', #640 ) ;
#8 = VERTEX_POINT ( 'NONE', #641 ) ;
#9 = VERTEX_POINT ( 'NONE', #642 ) ;
#10 = ORIENTED_EDGE ( 'NONE', *, *, #95, .T. ) ;
#11 = EDGE_CURVE ( 'NONE', #183, #1572, #643, .T. ) ;
#12 = ORIENTED_EDGE ( 'NONE', *, *, #1856, .T. ) ;
#13 = ORIENTED_EDGE ( 'NONE', *, *, #83, .F. ) ;
#14 = VERTEX_POINT ( 'NONE', #648 ) ;
#15 = ORIENTED_EDGE ( 'NONE', *, *, #3811, .F. ) ;
#16 = ORIENTED_EDGE ( 'NONE', *, *, #459, .F. ) ;
#17 = EDGE_LOOP ( 'NONE', ( #1611, #3176, #4031, #571, #1800, #2789, #576 ) ) ;
#18 = ORIENTED_EDGE ( 'NONE', *, *, #2493, .F. ) ;
#19 = ORIENTED_EDGE ( 'NONE', *, *, #3914, .T. ) ;
#20 = EDGE_CURVE ( 'NONE', #461, #2926, #649, .T. ) ;
#21 = ADVANCED_FACE ( 'NONE', ( #654 ), #655, .F. ) ;
#22 = ORIENTED_EDGE ( 'NONE', *, *, #205, .F. ) ;
#23 = ORIENTED_EDGE ( 'NONE', *, *, #233, .T. ) ;
#24 = VERTEX_POINT ( 'NONE', #660 ) ;
#25 = ORIENTED_EDGE ( 'NONE', *, *, #3744, .F. ) ;
#26 = ORIENTED_EDGE ( 'NONE', *, *, #382, .F. ) ;
#27 = ORIENTED_EDGE ( 'NONE', *, *, #4060, .F. ) ;
#28 = EDGE_CURVE ( 'NONE', #2036, #393, #673, .T. ) ;
#29 = VERTEX_POINT ( 'NONE', #677 ) ;
#30 = VERTEX_POINT ( 'NONE', #678 ) ;
#31 = EDGE_CURVE ( 'NONE', #116, #112, #679, .T. ) ;
#32 = EDGE_CURVE ( 'NONE', #3002, #1945, #683, .T. ) ;
#33 = EDGE_LOOP ( 'NONE', ( #223, #2337, #2199, #43 ) ) ;
#34 = ORIENTED_EDGE ( 'NONE', *, *, #2220, .T. ) ;
#35 = VERTEX_POINT ( 'NONE', #690 ) ;
#36 = EDGE_LOOP ( 'NONE', ( #3708, #3977, #2300, #253 ) ) ;
#37 = ORIENTED_EDGE ( 'NONE', *, *, #102, .F. ) ;
#38 = EDGE_CURVE ( 'NONE', #3673, #3707, #691, .T. ) ;
#39 = CLOSED_SHELL ( 'NONE', ( #340, #271, #2746, #3733, #3907, #4093, #421, #1263, #4091, #3974, #2633, #224, #430, #2578, #2557, #3936, #21, #1838, #129, #4075, #3543, #2786, #3636, #389, #249, #3769, #3293, #3860, #585, #1855, #4102, #3962, #298, #3115, #795, #3525, #4048, #3291, #3817, #69, #990, #71, #1365, #65, #603, #378, #2653, #3718, #3991, #345, #2614, #285, #3895, #3839, #2000, #3993, #2724, #483, #438, #3349, #1444, #608, #406, #198, #4109, #468, #3689, #3982, #3038, #3310, #2788, #130, #569, #3412, #3822, #460, #316, #3059, #329, #5, #3868, #145, #3978, #173, #2491, #433, #2002, #542, #381, #4043, #3751, #2375, #3774, #1385, #3613, #2616, #1629, #475, #4023, #199, #1591, #4096, #3578, #2963, #390, #3850, #110, #50, #187, #481, #3800, #3779, #1313, #339, #3329, #2299, #3874, #3864, #3693 ) ) ;
#40 = VERTEX_POINT ( 'NONE', #696 ) ;
#41 = EDGE_LOOP ( 'NONE', ( #509, #431, #57, #59 ) ) ;
#42 = VERTEX_POINT ( 'NONE', #701 ) ;
#43 = ORIENTED_EDGE ( 'NONE', *, *, #3920, .T. ) ;
#44 = ORIENTED_EDGE ( 'NONE', *, *, #476, .F. ) ;
#45 = ORIENTED_EDGE ( 'NONE', *, *, #2725, .T. ) ;
#46 = VERTEX_POINT ( 'NONE', #702 ) ;
#47 = ORIENTED_EDGE ( 'NONE', *, *, #3755, .T. ) ;
#48 = ORIENTED_EDGE ( 'NONE', *, *, #306, .F. ) ;
#49 = ORIENTED_EDGE ( 'NONE', *, *, #3840, .T. ) ;
#50 = ADVANCED_FACE ( 'NONE', ( #703 ), #704, .T. ) ;
#51 = ORIENTED_EDGE ( 'NONE', *, *, #107, .F. ) ;
#52 = EDGE_LOOP ( 'NONE', ( #22, #1818, #3896, #555 ) ) ;
#53 = EDGE_LOOP ( 'NONE', ( #4029, #3174, #3691, #3173 ) ) ;
#54 = ORIENTED_EDGE ( 'NONE', *, *, #3963, .F. ) ;
#55 = EDGE_LOOP ( 'NONE', ( #626, #3701, #4065, #3699, #4017, #4101 ) ) ;
#56 = ORIENTED_EDGE ( 'NONE', *, *, #558, .T. ) ;
#57 = ORIENTED_EDGE ( 'NONE', *, *, #2886, .T. ) ;
#58 = ORIENTED_EDGE ( 'NONE', *, *, #292, .F. ) ;
#59 = ORIENTED_EDGE ( 'NONE', *, *, #1025, .T. ) ;
#60 = EDGE_CURVE ( 'NONE', #3156, #367, #716, .T. ) ;
#61 = EDGE_CURVE ( 'NONE', #2318, #3764, #720, .T. ) ;
#62 = EDGE_CURVE ( 'NONE', #78, #2161, #726, .T. ) ;
#63 = ORIENTED_EDGE ( 'NONE', *, *, #3790, .T. ) ;
#64 = ORIENTED_EDGE ( 'NONE', *, *, #315, .T. ) ;
#65 = ADVANCED_FACE ( 'NONE', ( #730 ), #731, .F. ) ;
#66 = ORIENTED_EDGE ( 'NONE', *, *, #3879, .T. ) ;
#67 = EDGE_CURVE ( 'NONE', #46, #161, #736, .T. ) ;
#68 = EDGE_CURVE ( 'NONE', #3707, #3867, #740, .T. ) ;
#69 = ADVANCED_FACE ( 'NONE', ( #744 ), #745, .F. ) ;
#70 = ORIENTED_EDGE ( 'NONE', *, *, #3076, .F. ) ;
#71 = ADVANCED_FACE ( 'NONE', ( #750 ), #751, .F. ) ;
#72 = ORIENTED_EDGE ( 'NONE', *, *, #409, .F. ) ;
#73 = ORIENTED_EDGE ( 'NONE', *, *, #3905, .T. ) ;
#74 = ORIENTED_EDGE ( 'NONE', *, *, #1209, .T. ) ;
#75 = ORIENTED_EDGE ( 'NONE', *, *, #574, .F. ) ;
#76 = ORIENTED_EDGE ( 'NONE', *, *, #2929, .T. ) ;
#77 = ORIENTED_EDGE ( 'NONE', *, *, #3394, .F. ) ;
#78 = VERTEX_POINT ( 'NONE', #757 ) ;
#79 = EDGE_CURVE ( 'NONE', #4094, #556, #758, .T. ) ;
#80 = ORIENTED_EDGE ( 'NONE', *, *, #2595, .F. ) ;
#81 = VERTEX_POINT ( 'NONE', #762 ) ;
#82 = ORIENTED_EDGE ( 'NONE', *, *, #222, .T. ) ;
#83 = EDGE_CURVE ( 'NONE', #1590, #183, #763, .T. ) ;
#84 = VERTEX_POINT ( 'NONE', #767 ) ;
#85 = ORIENTED_EDGE ( 'NONE', *, *, #2634, .T. ) ;
#86 = ORIENTED_EDGE ( 'NONE', *, *, #363, .T. ) ;
#87 = EDGE_CURVE ( 'NONE', #599, #3999, #768, .T. ) ;
#88 = ORIENTED_EDGE ( 'NONE', *, *, #252, .T. ) ;
#89 = EDGE_CURVE ( 'NONE', #437, #605, #772, .T. ) ;
#90 = EDGE_CURVE ( 'NONE', #240, #327, #780, .T. ) ;
#91 = EDGE_CURVE ( 'NONE', #605, #258, #784, .T. ) ;
#92 = ORIENTED_EDGE ( 'NONE', *, *, #119, .T. ) ;
#93 = ORIENTED_EDGE ( 'NONE', *, *, #2126, .F. ) ;
#94 = ORIENTED_EDGE ( 'NONE', *, *, #2551, .T. ) ;
#95 = EDGE_CURVE ( 'NONE', #3813, #6, #788, .T. ) ;
#96 = VERTEX_POINT ( 'NONE', #792 ) ;
#97 = EDGE_CURVE ( 'NONE', #255, #972, #798, .T. ) ;
#98 = VERTEX_POINT ( 'NONE', #802 ) ;
#99 = ORIENTED_EDGE ( 'NONE', *, *, #2394, .F. ) ;
#100 = ORIENTED_EDGE ( 'NONE', *, *, #200, .F. ) ;
#101 = ORIENTED_EDGE ( 'NONE', *, *, #365, .F. ) ;
#102 = EDGE_CURVE ( 'NONE', #1945, #417, #803, .T. ) ;
#103 = ORIENTED_EDGE ( 'NONE', *, *, #1552, .T. ) ;
#104 = EDGE_LOOP ( 'NONE', ( #635, #3350, #4087, #3719 ) ) ;
#105 = ORIENTED_EDGE ( 'NONE', *, *, #3389, .T. ) ;
#106 = EDGE_LOOP ( 'NONE', ( #524, #2376, #3039, #521, #188, #3995 ) ) ;
#107 = EDGE_CURVE ( 'NONE', #3764, #289, #807, .T. ) ;
#108 = VERTEX_POINT ( 'NONE', #811 ) ;
#109 = EDGE_CURVE ( 'NONE', #3931, #1208, #812, .T. ) ;
#110 = ADVANCED_FACE ( 'NONE', ( #816 ), #817, .T. ) ;
#111 = ORIENTED_EDGE ( 'NONE', *, *, #436, .F. ) ;
#112 = VERTEX_POINT ( 'NONE', #822 ) ;
#113 = ORIENTED_EDGE ( 'NONE', *, *, #613, .F. ) ;
#114 = ORIENTED_EDGE ( 'NONE', *, *, #279, .F. ) ;
#115 = ORIENTED_EDGE ( 'NONE', *, *, #4045, .F. ) ;
#116 = VERTEX_POINT ( 'NONE', #828 ) ;
#117 = EDGE_CURVE ( 'NONE', #3727, #258, #829, .T. ) ;
#118 = ORIENTED_EDGE ( 'NONE', *, *, #3818, .F. ) ;
#119 = EDGE_CURVE ( 'NONE', #3002, #4088, #834, .T. ) ;
#120 = ORIENTED_EDGE ( 'NONE', *, *, #294, .T. ) ;
#121 = ORIENTED_EDGE ( 'NONE', *, *, #1944, .T. ) ;
#122 = ORIENTED_EDGE ( 'NONE', *, *, #3889, .F. ) ;
#123 = VERTEX_POINT ( 'NONE', #844 ) ;
#124 = EDGE_CURVE ( 'NONE', #972, #530, #845, .T. ) ;
#125 = EDGE_LOOP ( 'NONE', ( #320, #4104, #1445, #445 ) ) ;
#126 = EDGE_LOOP ( 'NONE', ( #450, #268, #3097, #2221 ) ) ;
#127 = ORIENTED_EDGE ( 'NONE', *, *, #3866, .F. ) ;
#128 = ORIENTED_EDGE ( 'NONE', *, *, #62, .F. ) ;
#129 = ADVANCED_FACE ( 'NONE', ( #853 ), #854, .T. ) ;
#130 = ADVANCED_FACE ( 'NONE', ( #865 ), #867, .F. ) ;
#131 = ORIENTED_EDGE ( 'NONE', *, *, #61, .T. ) ;
#132 = ORIENTED_EDGE ( 'NONE', *, *, #4085, .F. ) ;
#133 = EDGE_LOOP ( 'NONE', ( #3847, #51, #66, #85 ) ) ;
#134 = ORIENTED_EDGE ( 'NONE', *, *, #2575, .F. ) ;
#135 = ORIENTED_EDGE ( 'NONE', *, *, #265, .F. ) ;
#136 = EDGE_CURVE ( 'NONE', #2127, #3953, #885, .T. ) ;
#137 = ORIENTED_EDGE ( 'NONE', *, *, #3858, .F. ) ;
#138 = ORIENTED_EDGE ( 'NONE', *, *, #368, .T. ) ;
#139 = EDGE_LOOP ( 'NONE', ( #2635, #373, #3780, #485 ) ) ;
#140 = ORIENTED_EDGE ( 'NONE', *, *, #440, .T. ) ;
#141 = VERTEX_POINT ( 'NONE', #894 ) ;
#142 = ORIENTED_EDGE ( 'NONE', *, *, #3118, .F. ) ;
#143 = ORIENTED_EDGE ( 'NONE', *, *, #68, .F. ) ;
#144 = EDGE_CURVE ( 'NONE', #302, #1799, #916, .T. ) ;
#145 = ADVANCED_FACE ( 'NONE', ( #926 ), #927, .F. ) ;
#146 = ORIENTED_EDGE ( 'NONE', *, *, #621, .T. ) ;
#147 = ORIENTED_EDGE ( 'NONE', *, *, #1979, .F. ) ;
#148 = VERTEX_POINT ( 'NONE', #940 ) ;
#149 = ORIENTED_EDGE ( 'NONE', *, *, #4044, .F. ) ;
#150 = ORIENTED_EDGE ( 'NONE', *, *, #621, .F. ) ;
#151 = EDGE_CURVE ( 'NONE', #3810, #3934, #941, .T. ) ;
#152 = ORIENTED_EDGE ( 'NONE', *, *, #459, .T. ) ;
#153 = ORIENTED_EDGE ( 'NONE', *, *, #154, .F. ) ;
#154 = EDGE_CURVE ( 'NONE', #2828, #46, #945, .T. ) ;
#155 = ORIENTED_EDGE ( 'NONE', *, *, #2748, .T. ) ;
#156 = ORIENTED_EDGE ( 'NONE', *, *, #3655, .F. ) ;
#157 = EDGE_CURVE ( 'NONE', #1406, #148, #949, .T. ) ;
#158 = ORIENTED_EDGE ( 'NONE', *, *, #403, .T. ) ;
#159 = VERTEX_POINT ( 'NONE', #961 ) ;
#160 = ORIENTED_EDGE ( 'NONE', *, *, #203, .F. ) ;
#161 = VERTEX_POINT ( 'NONE', #962 ) ;
#162 = ORIENTED_EDGE ( 'NONE', *, *, #109, .T. ) ;
#163 = VERTEX_POINT ( 'NONE', #963 ) ;
#164 = VERTEX_POINT ( 'NONE', #965 ) ;
#165 = ORIENTED_EDGE ( 'NONE', *, *, #1552, .F. ) ;
#166 = EDGE_CURVE ( 'NONE', #393, #29, #983, .T. ) ;
#167 = EDGE_LOOP ( 'NONE', ( #848, #3698, #3656, #3368 ) ) ;
#168 = EDGE_LOOP ( 'NONE', ( #16, #3747, #169, #4070 ) ) ;
#169 = ORIENTED_EDGE ( 'NONE', *, *, #79, .T. ) ;
#170 = ORIENTED_EDGE ( 'NONE', *, *, #3963, .T. ) ;
#171 = ORIENTED_EDGE ( 'NONE', *, *, #1388, .F. ) ;
#172 = ORIENTED_EDGE ( 'NONE', *, *, #2748, .F. ) ;
#173 = ADVANCED_FACE ( 'NONE', ( #993 ), #994, .T. ) ;
#174 = ORIENTED_EDGE ( 'NONE', *, *, #3906, .T. ) ;
#175 = ORIENTED_EDGE ( 'NONE', *, *, #234, .T. ) ;
#176 = ORIENTED_EDGE ( 'NONE', *, *, #144, .F. ) ;
#177 = ORIENTED_EDGE ( 'NONE', *, *, #797, .T. ) ;
#178 = ORIENTED_EDGE ( 'NONE', *, *, #2615, .T. ) ;
#179 = EDGE_CURVE ( 'NONE', #3714, #3852, #1007, .T. ) ;
#180 = EDGE_CURVE ( 'NONE', #2472, #4013, #1012, .T. ) ;
#181 = ORIENTED_EDGE ( 'NONE', *, *, #364, .F. ) ;
#182 = EDGE_CURVE ( 'NONE', #404, #3834, #1022, .T. ) ;
#183 = VERTEX_POINT ( 'NONE', #1027 ) ;
#184 = ORIENTED_EDGE ( 'NONE', *, *, #372, .F. ) ;
#185 = EDGE_CURVE ( 'NONE', #30, #1110, #1028, .T. ) ;
#186 = ORIENTED_EDGE ( 'NONE', *, *, #572, .T. ) ;
#187 = ADVANCED_FACE ( 'NONE', ( #1032 ), #1033, .T. ) ;
#188 = ORIENTED_EDGE ( 'NONE', *, *, #3290, .T. ) ;
#189 = EDGE_CURVE ( 'NONE', #3758, #4094, #1044, .T. ) ;
#190 = EDGE_CURVE ( 'NONE', #4035, #615, #1048, .T. ) ;
#191 = EDGE_CURVE ( 'NONE', #3953, #3773, #1052, .T. ) ;
#192 = ORIENTED_EDGE ( 'NONE', *, *, #4064, .T. ) ;
#193 = EDGE_CURVE ( 'NONE', #407, #3931, #1056, .T. ) ;
#194 = ORIENTED_EDGE ( 'NONE', *, *, #197, .T. ) ;
#195 = ORIENTED_EDGE ( 'NONE', *, *, #614, .F. ) ;
#196 = EDGE_LOOP ( 'NONE', ( #3778, #3893, #4084, #4004 ) ) ;
#197 = EDGE_CURVE ( 'NONE', #4001, #556, #1066, .T. ) ;
#198 = ADVANCED_FACE ( 'NONE', ( #1071 ), #1072, .F. ) ;
#199 = ADVANCED_FACE ( 'NONE', ( #1089 ), #1090, .F. ) ;
#200 = EDGE_CURVE ( 'NONE', #14, #470, #1095, .T. ) ;
#201 = EDGE_CURVE ( 'NONE', #2887, #3810, #1103, .T. ) ;
#202 = ORIENTED_EDGE ( 'NONE', *, *, #197, .F. ) ;
#203 = EDGE_CURVE ( 'NONE', #2490, #84, #1107, .T. ) ;
#204 = VERTEX_POINT ( 'NONE', #1112 ) ;
#205 = EDGE_CURVE ( 'NONE', #4042, #81, #1113, .T. ) ;
#206 = EDGE_LOOP ( 'NONE', ( #143, #3391, #47, #402 ) ) ;
#207 = ORIENTED_EDGE ( 'NONE', *, *, #2787, .F. ) ;
#208 = ORIENTED_EDGE ( 'NONE', *, *, #3819, .T. ) ;
#209 = ORIENTED_EDGE ( 'NONE', *, *, #3197, .F. ) ;
#210 = VERTEX_POINT ( 'NONE', #1122 ) ;
#211 = EDGE_CURVE ( 'NONE', #371, #3760, #1135, .T. ) ;
#212 = ORIENTED_EDGE ( 'NONE', *, *, #3776, .F. ) ;
#213 = ORIENTED_EDGE ( 'NONE', *, *, #4006, .F. ) ;
#214 = EDGE_LOOP ( 'NONE', ( #370, #225, #184, #152 ) ) ;
#215 = ORIENTED_EDGE ( 'NONE', *, *, #613, .T. ) ;
#216 = ORIENTED_EDGE ( 'NONE', *, *, #3964, .T. ) ;
#217 = VERTEX_POINT ( 'NONE', #1151 ) ;
#218 = VERTEX_POINT ( 'NONE', #1152 ) ;
#219 = ORIENTED_EDGE ( 'NONE', *, *, #166, .T. ) ;
#220 = ORIENTED_EDGE ( 'NONE', *, *, #151, .T. ) ;
#221 = ORIENTED_EDGE ( 'NONE', *, *, #2634, .F. ) ;
#222 = EDGE_CURVE ( 'NONE', #335, #297, #1153, .T. ) ;
#223 = ORIENTED_EDGE ( 'NONE', *, *, #3720, .T. ) ;
#224 = ADVANCED_FACE ( 'NONE', ( #1159 ), #1160, .F. ) ;
#225 = ORIENTED_EDGE ( 'NONE', *, *, #3911, .F. ) ;
#226 = ORIENTED_EDGE ( 'NONE', *, *, #4045, .T. ) ;
#227 = ORIENTED_EDGE ( 'NONE', *, *, #2929, .F. ) ;
#228 = VERTEX_POINT ( 'NONE', #1169 ) ;
#229 = ORIENTED_EDGE ( 'NONE', *, *, #493, .T. ) ;
#230 = EDGE_CURVE ( 'NONE', #1367, #2530, #1174, .T. ) ;
#231 = EDGE_CURVE ( 'NONE', #1110, #404, #1182, .T. ) ;
#232 = EDGE_LOOP ( 'NONE', ( #18, #338, #3929, #4063 ) ) ;
#233 = EDGE_CURVE ( 'NONE', #96, #510, #1186, .T. ) ;
#234 = EDGE_CURVE ( 'NONE', #148, #3903, #1191, .T. ) ;
#235 = EDGE_CURVE ( 'NONE', #359, #565, #1195, .T. ) ;
#236 = ORIENTED_EDGE ( 'NONE', *, *, #2106, .T. ) ;
#237 = EDGE_LOOP ( 'NONE', ( #400, #111, #308, #3836 ) ) ;
#238 = EDGE_LOOP ( 'NONE', ( #449, #3861, #3877, #377 ) ) ;
#239 = ORIENTED_EDGE ( 'NONE', *, *, #252, .F. ) ;
#240 = VERTEX_POINT ( 'NONE', #1205 ) ;
#241 = EDGE_CURVE ( 'NONE', #3849, #4035, #1206, .T. ) ;
#242 = VERTEX_POINT ( 'NONE', #1213 ) ;
#243 = ORIENTED_EDGE ( 'NONE', *, *, #3792, .T. ) ;
#244 = EDGE_CURVE ( 'NONE', #2242, #259, #1215, .T. ) ;
#245 = EDGE_CURVE ( 'NONE', #470, #3742, #1225, .T. ) ;
#246 = ORIENTED_EDGE ( 'NONE', *, *, #500, .T. ) ;
#247 = EDGE_CURVE ( 'NONE', #1648, #1406, #1231, .T. ) ;
#248 = ORIENTED_EDGE ( 'NONE', *, *, #2469, .T. ) ;
#249 = ADVANCED_FACE ( 'NONE', ( #1240 ), #1241, .F. ) ;
#250 = ORIENTED_EDGE ( 'NONE', *, *, #3970, .T. ) ;
#251 = ORIENTED_EDGE ( 'NONE', *, *, #2867, .F. ) ;
#252 = EDGE_CURVE ( 'NONE', #580, #35, #1264, .T. ) ;
#253 = ORIENTED_EDGE ( 'NONE', *, *, #568, .T. ) ;
#254 = ORIENTED_EDGE ( 'NONE', *, *, #409, .T. ) ;
#255 = VERTEX_POINT ( 'NONE', #1275 ) ;
#256 = ORIENTED_EDGE ( 'NONE', *, *, #4066, .T. ) ;
#257 = ORIENTED_EDGE ( 'NONE', *, *, #144, .T. ) ;
#258 = VERTEX_POINT ( 'NONE', #1282 ) ;
#259 = VERTEX_POINT ( 'NONE', #1283 ) ;
#260 = ORIENTED_EDGE ( 'NONE', *, *, #2317, .F. ) ;
#261 = EDGE_CURVE ( 'NONE', #108, #242, #1284, .T. ) ;
#262 = ORIENTED_EDGE ( 'NONE', *, *, #442, .F. ) ;
#263 = ORIENTED_EDGE ( 'NONE', *, *, #3697, .F. ) ;
#264 = ORIENTED_EDGE ( 'NONE', *, *, #3789, .T. ) ;
#265 = EDGE_CURVE ( 'NONE', #379, #434, #1289, .T. ) ;
#266 = ORIENTED_EDGE ( 'NONE', *, *, #3347, .T. ) ;
#267 = EDGE_CURVE ( 'NONE', #2240, #3767, #1297, .T. ) ;
#268 = ORIENTED_EDGE ( 'NONE', *, *, #2241, .F. ) ;
#269 = ORIENTED_EDGE ( 'NONE', *, *, #3917, .F. ) ;
#270 = VERTEX_POINT ( 'NONE', #1301 ) ;
#271 = ADVANCED_FACE ( 'NONE', ( #1302 ), #1303, .F. ) ;
#272 = VERTEX_POINT ( 'NONE', #1320 ) ;
#273 = EDGE_CURVE ( 'NONE', #3934, #669, #1321, .T. ) ;
#274 = VERTEX_POINT ( 'NONE', #1325 ) ;
#275 = ORIENTED_EDGE ( 'NONE', *, *, #2511, .T. ) ;
#276 = ORIENTED_EDGE ( 'NONE', *, *, #2750, .T. ) ;
#277 = ORIENTED_EDGE ( 'NONE', *, *, #568, .F. ) ;
#278 = ORIENTED_EDGE ( 'NONE', *, *, #32, .F. ) ;
#279 = EDGE_CURVE ( 'NONE', #40, #6, #1337, .T. ) ;
#280 = EDGE_CURVE ( 'NONE', #3788, #159, #1346, .T. ) ;
#281 = VERTEX_POINT ( 'NONE', #1351 ) ;
#282 = EDGE_CURVE ( 'NONE', #3826, #293, #1352, .T. ) ;
#283 = VERTEX_POINT ( 'NONE', #1356 ) ;
#284 = EDGE_LOOP ( 'NONE', ( #3743, #301, #287, #774, #277, #1665 ) ) ;
#285 = ADVANCED_FACE ( 'NONE', ( #1357, #1358 ), #1359, .T. ) ;
#286 = ORIENTED_EDGE ( 'NONE', *, *, #28, .T. ) ;
#287 = ORIENTED_EDGE ( 'NONE', *, *, #4037, .F. ) ;
#288 = ORIENTED_EDGE ( 'NONE', *, *, #3794, .T. ) ;
#289 = VERTEX_POINT ( 'NONE', #1376 ) ;
#290 = VERTEX_POINT ( 'NONE', #1377 ) ;
#291 = ORIENTED_EDGE ( 'NONE', *, *, #328, .T. ) ;
#292 = EDGE_CURVE ( 'NONE', #461, #3897, #1378, .T. ) ;
#293 = VERTEX_POINT ( 'NONE', #1382 ) ;
#294 = EDGE_CURVE ( 'NONE', #4088, #2318, #1391, .T. ) ;
#295 = ORIENTED_EDGE ( 'NONE', *, *, #584, .F. ) ;
#296 = ORIENTED_EDGE ( 'NONE', *, *, #2982, .T. ) ;
#297 = VERTEX_POINT ( 'NONE', #1416 ) ;
#298 = ADVANCED_FACE ( 'NONE', ( #1421 ), #1422, .F. ) ;
#299 = ORIENTED_EDGE ( 'NONE', *, *, #440, .F. ) ;
#300 = ORIENTED_EDGE ( 'NONE', *, *, #2743, .T. ) ;
#301 = ORIENTED_EDGE ( 'NONE', *, *, #3119, .T. ) ;
#302 = VERTEX_POINT ( 'NONE', #1441 ) ;
#303 = EDGE_CURVE ( 'NONE', #3721, #3935, #1452, .T. ) ;
#304 = EDGE_CURVE ( 'NONE', #434, #1110, #1460, .T. ) ;
#305 = ORIENTED_EDGE ( 'NONE', *, *, #3802, .F. ) ;
#306 = EDGE_CURVE ( 'NONE', #595, #510, #1476, .T. ) ;
#307 = EDGE_CURVE ( 'NONE', #1572, #3898, #1480, .T. ) ;
#308 = ORIENTED_EDGE ( 'NONE', *, *, #4019, .T. ) ;
#309 = EDGE_CURVE ( 'NONE', #289, #4050, #1496, .T. ) ;
#310 = EDGE_LOOP ( 'NONE', ( #2964, #3816, #1244, #670 ) ) ;
#311 = EDGE_CURVE ( 'NONE', #335, #454, #1510, .T. ) ;
#312 = EDGE_CURVE ( 'NONE', #4098, #3852, #1514, .T. ) ;
#313 = ORIENTED_EDGE ( 'NONE', *, *, #3776, .T. ) ;
#314 = VERTEX_POINT ( 'NONE', #1521 ) ;
#315 = EDGE_CURVE ( 'NONE', #161, #367, #1523, .T. ) ;
#316 = ADVANCED_FACE ( 'NONE', ( #1527 ), #1528, .T. ) ;
#317 = ORIENTED_EDGE ( 'NONE', *, *, #3290, .F. ) ;
#318 = VERTEX_POINT ( 'NONE', #1533 ) ;
#319 = EDGE_CURVE ( 'NONE', #3880, #3897, #1535, .T. ) ;
#320 = ORIENTED_EDGE ( 'NONE', *, *, #312, .F. ) ;
#321 = EDGE_LOOP ( 'NONE', ( #567, #3862 ) ) ;
#322 = ORIENTED_EDGE ( 'NONE', *, *, #473, .T. ) ;
#323 = ORIENTED_EDGE ( 'NONE', *, *, #2355, .F. ) ;
#324 = VERTEX_POINT ( 'NONE', #1541 ) ;
#325 = VERTEX_POINT ( 'NONE', #1542 ) ;
#326 = ORIENTED_EDGE ( 'NONE', *, *, #724, .T. ) ;
#327 = VERTEX_POINT ( 'NONE', #1543 ) ;
#328 = EDGE_CURVE ( 'NONE', #2926, #2036, #1545, .T. ) ;
#329 = ADVANCED_FACE ( 'NONE', ( #1556 ), #1557, .F. ) ;
#330 = ORIENTED_EDGE ( 'NONE', *, *, #435, .F. ) ;
#331 = ORIENTED_EDGE ( 'NONE', *, *, #1388, .T. ) ;
#332 = EDGE_CURVE ( 'NONE', #3116, #3775, #1581, .T. ) ;
#333 = ORIENTED_EDGE ( 'NONE', *, *, #439, .F. ) ;
#334 = EDGE_CURVE ( 'NONE', #148, #617, #1598, .T. ) ;
#335 = VERTEX_POINT ( 'NONE', #1602 ) ;
#336 = ORIENTED_EDGE ( 'NONE', *, *, #609, .F. ) ;
#337 = ORIENTED_EDGE ( 'NONE', *, *, #557, .F. ) ;
#338 = ORIENTED_EDGE ( 'NONE', *, *, #3884, .T. ) ;
#339 = ADVANCED_FACE ( 'NONE', ( #1616 ), #1617, .T. ) ;
#340 = ADVANCED_FACE ( 'NONE', ( #1623 ), #1624, .F. ) ;
#341 = ORIENTED_EDGE ( 'NONE', *, *, #234, .F. ) ;
#342 = VERTEX_POINT ( 'NONE', #1632 ) ;
#343 = VERTEX_POINT ( 'NONE', #1633 ) ;
#344 = EDGE_CURVE ( 'NONE', #274, #14, #1638, .T. ) ;
#345 = ADVANCED_FACE ( 'NONE', ( #1642 ), #1643, .F. ) ;
#346 = EDGE_CURVE ( 'NONE', #1590, #3766, #1649, .T. ) ;
#347 = ORIENTED_EDGE ( 'NONE', *, *, #4085, .T. ) ;
#348 = ORIENTED_EDGE ( 'NONE', *, *, #273, .T. ) ;
#349 = EDGE_LOOP ( 'NONE', ( #3392, #420, #919, #160 ) ) ;
#350 = VERTEX_POINT ( 'NONE', #1653 ) ;
#351 = ORIENTED_EDGE ( 'NONE', *, *, #4002, .F. ) ;
#352 = ORIENTED_EDGE ( 'NONE', *, *, #369, .F. ) ;
#353 = ORIENTED_EDGE ( 'NONE', *, *, #245, .T. ) ;
#354 = ORIENTED_EDGE ( 'NONE', *, *, #382, .T. ) ;
#355 = ORIENTED_EDGE ( 'NONE', *, *, #775, .T. ) ;
#356 = ORIENTED_EDGE ( 'NONE', *, *, #1008, .F. ) ;
#357 = EDGE_CURVE ( 'NONE', #3998, #1042, #1669, .T. ) ;
#358 = EDGE_LOOP ( 'NONE', ( #257, #355, #3198, #503 ) ) ;
#359 = VERTEX_POINT ( 'NONE', #1674 ) ;
#360 = VERTEX_POINT ( 'NONE', #1675 ) ;
#361 = VERTEX_POINT ( 'NONE', #1684 ) ;
#362 = ORIENTED_EDGE ( 'NONE', *, *, #1982, .F. ) ;
#363 = EDGE_CURVE ( 'NONE', #325, #281, #1698, .T. ) ;
#364 = EDGE_CURVE ( 'NONE', #3903, #4098, #1702, .T. ) ;
#365 = EDGE_CURVE ( 'NONE', #40, #2828, #1710, .T. ) ;
#366 = EDGE_LOOP ( 'NONE', ( #3705, #2471, #2468, #3770 ) ) ;
#367 = VERTEX_POINT ( 'NONE', #1735 ) ;
#368 = EDGE_CURVE ( 'NONE', #3996, #4035, #1736, .T. ) ;
#369 = EDGE_CURVE ( 'NONE', #2260, #437, #1740, .T. ) ;
#370 = ORIENTED_EDGE ( 'NONE', *, *, #3854, .T. ) ;
#371 = VERTEX_POINT ( 'NONE', #1744 ) ;
#372 = EDGE_CURVE ( 'NONE', #218, #342, #1745, .T. ) ;
#373 = ORIENTED_EDGE ( 'NONE', *, *, #3347, .F. ) ;
#374 = EDGE_LOOP ( 'NONE', ( #2889, #276, #1980, #2393 ) ) ;
#375 = ORIENTED_EDGE ( 'NONE', *, *, #87, .T. ) ;
#376 = VERTEX_POINT ( 'NONE', #1751 ) ;
#377 = ORIENTED_EDGE ( 'NONE', *, *, #775, .F. ) ;
#378 = ADVANCED_FACE ( 'NONE', ( #1752 ), #1753, .F. ) ;
#379 = VERTEX_POINT ( 'NONE', #1758 ) ;
#380 = ORIENTED_EDGE ( 'NONE', *, *, #473, .F. ) ;
#381 = ADVANCED_FACE ( 'NONE', ( #1769 ), #1770, .F. ) ;
#382 = EDGE_CURVE ( 'NONE', #3742, #29, #1779, .T. ) ;
#383 = ORIENTED_EDGE ( 'NONE', *, *, #179, .F. ) ;
#384 = EDGE_CURVE ( 'NONE', #2162, #161, #1790, .T. ) ;
#385 = ORIENTED_EDGE ( 'NONE', *, *, #388, .T. ) ;
#386 = ORIENTED_EDGE ( 'NONE', *, *, #583, .T. ) ;
#387 = ORIENTED_EDGE ( 'NONE', *, *, #190, .F. ) ;
#388 = EDGE_CURVE ( 'NONE', #1592, #270, #1798, .T. ) ;
#389 = ADVANCED_FACE ( 'NONE', ( #1804 ), #1805, .T. ) ;
#390 = ADVANCED_FACE ( 'NONE', ( #1823 ), #1824, .T. ) ;
#391 = ORIENTED_EDGE ( 'NONE', *, *, #109, .F. ) ;
#392 = EDGE_LOOP ( 'NONE', ( #3219, #122, #687, #528 ) ) ;
#393 = VERTEX_POINT ( 'NONE', #1835 ) ;
#394 = EDGE_CURVE ( 'NONE', #6, #3673, #1846, .T. ) ;
#395 = ORIENTED_EDGE ( 'NONE', *, *, #3700, .F. ) ;
#396 = EDGE_CURVE ( 'NONE', #242, #2162, #1859, .T. ) ;
#397 = VERTEX_POINT ( 'NONE', #1863 ) ;
#398 = EDGE_CURVE ( 'NONE', #556, #2909, #1870, .T. ) ;
#399 = ORIENTED_EDGE ( 'NONE', *, *, #1981, .T. ) ;
#400 = ORIENTED_EDGE ( 'NONE', *, *, #3984, .F. ) ;
#401 = ADVANCED_FACE ( 'NONE', ( #1877 ), #1878, .T. ) ;
#402 = ORIENTED_EDGE ( 'NONE', *, *, #3918, .T. ) ;
#403 = EDGE_CURVE ( 'NONE', #1208, #446, #1887, .T. ) ;
#404 = VERTEX_POINT ( 'NONE', #1891 ) ;
#405 = ORIENTED_EDGE ( 'NONE', *, *, #520, .F. ) ;
#406 = ADVANCED_FACE ( 'NONE', ( #1892 ), #1893, .F. ) ;
#407 = VERTEX_POINT ( 'NONE', #1898 ) ;
#408 = ORIENTED_EDGE ( 'NONE', *, *, #247, .T. ) ;
#409 = EDGE_CURVE ( 'NONE', #2162, #3156, #1899, .T. ) ;
#410 = ORIENTED_EDGE ( 'NONE', *, *, #203, .T. ) ;
#411 = ORIENTED_EDGE ( 'NONE', *, *, #3782, .F. ) ;
#412 = EDGE_CURVE ( 'NONE', #1443, #3813, #1916, .T. ) ;
#413 = ORIENTED_EDGE ( 'NONE', *, *, #117, .T. ) ;
#414 = ORIENTED_EDGE ( 'NONE', *, *, #590, .F. ) ;
#415 = EDGE_CURVE ( 'NONE', #274, #615, #1928, .T. ) ;
#416 = EDGE_LOOP ( 'NONE', ( #3960, #3888, #299, #447, #296 ) ) ;
#417 = VERTEX_POINT ( 'NONE', #1934 ) ;
#418 = EDGE_CURVE ( 'NONE', #24, #7, #1935, .T. ) ;
#419 = ORIENTED_EDGE ( 'NONE', *, *, #280, .F. ) ;
#420 = ORIENTED_EDGE ( 'NONE', *, *, #2281, .T. ) ;
#421 = ADVANCED_FACE ( 'NONE', ( #1939 ), #1940, .F. ) ;
#422 = ORIENTED_EDGE ( 'NONE', *, *, #3933, .F. ) ;
#423 = EDGE_CURVE ( 'NONE', #4086, #3635, #1954, .T. ) ;
#424 = ORIENTED_EDGE ( 'NONE', *, *, #32, .T. ) ;
#425 = ORIENTED_EDGE ( 'NONE', *, *, #3118, .T. ) ;
#426 = ORIENTED_EDGE ( 'NONE', *, *, #3781, .T. ) ;
#427 = EDGE_CURVE ( 'NONE', #578, #3880, #1966, .T. ) ;
#428 = VERTEX_POINT ( 'NONE', #1971 ) ;
#429 = EDGE_CURVE ( 'NONE', #108, #2828, #1976, .T. ) ;
#430 = ADVANCED_FACE ( 'NONE', ( #1984, #1985, #1986 ), #1987, .F. ) ;
#431 = ORIENTED_EDGE ( 'NONE', *, *, #3450, .F. ) ;
#432 = ORIENTED_EDGE ( 'NONE', *, *, #282, .T. ) ;
#433 = ADVANCED_FACE ( 'NONE', ( #2003 ), #2004, .F. ) ;
#434 = VERTEX_POINT ( 'NONE', #2013 ) ;
#435 = EDGE_CURVE ( 'NONE', #141, #3903, #2014, .T. ) ;
#436 = EDGE_CURVE ( 'NONE', #4090, #3823, #2018, .T. ) ;
#437 = VERTEX_POINT ( 'NONE', #2028 ) ;
#438 = ADVANCED_FACE ( 'NONE', ( #2034 ), #2038, .F. ) ;
#439 = EDGE_CURVE ( 'NONE', #283, #361, #2043, .T. ) ;
#440 = EDGE_CURVE ( 'NONE', #849, #3935, #2047, .T. ) ;
#441 = ORIENTED_EDGE ( 'NONE', *, *, #3688, .F. ) ;
#442 = EDGE_CURVE ( 'NONE', #360, #8, #2056, .T. ) ;
#443 = VERTEX_POINT ( 'NONE', #2061 ) ;
#444 = ORIENTED_EDGE ( 'NONE', *, *, #3096, .F. ) ;
#445 = ORIENTED_EDGE ( 'NONE', *, *, #3940, .F. ) ;
#446 = VERTEX_POINT ( 'NONE', #2062 ) ;
#447 = ORIENTED_EDGE ( 'NONE', *, *, #3200, .F. ) ;
#448 = EDGE_LOOP ( 'NONE', ( #3791, #3799, #3753, #213 ) ) ;
#449 = ORIENTED_EDGE ( 'NONE', *, *, #2596, .F. ) ;
#450 = ORIENTED_EDGE ( 'NONE', *, *, #185, .F. ) ;
#451 = ORIENTED_EDGE ( 'NONE', *, *, #3891, .T. ) ;
#452 = EDGE_LOOP ( 'NONE', ( #45, #1925, #1908, #3930 ) ) ;
#453 = EDGE_LOOP ( 'NONE', ( #2533, #2532 ) ) ;
#454 = VERTEX_POINT ( 'NONE', #2073 ) ;
#455 = ORIENTED_EDGE ( 'NONE', *, *, #435, .T. ) ;
#456 = EDGE_CURVE ( 'NONE', #669, #3900, #2089, .T. ) ;
#457 = EDGE_LOOP ( 'NONE', ( #208, #3220, #441, #305 ) ) ;
#458 = ORIENTED_EDGE ( 'NONE', *, *, #2397, .F. ) ;
#459 = EDGE_CURVE ( 'NONE', #218, #2909, #2109, .T. ) ;
#460 = ADVANCED_FACE ( 'NONE', ( #2113 ), #2114, .F. ) ;
#461 = VERTEX_POINT ( 'NONE', #2119 ) ;
#462 = ORIENTED_EDGE ( 'NONE', *, *, #3731, .F. ) ;
#463 = ORIENTED_EDGE ( 'NONE', *, *, #3906, .F. ) ;
#464 = EDGE_CURVE ( 'NONE', #259, #474, #2129, .T. ) ;
#465 = ORIENTED_EDGE ( 'NONE', *, *, #1856, .F. ) ;
#466 = ORIENTED_EDGE ( 'NONE', *, *, #2743, .F. ) ;
#467 = ORIENTED_EDGE ( 'NONE', *, *, #776, .F. ) ;
#468 = ADVANCED_FACE ( 'NONE', ( #2133 ), #2134, .T. ) ;
#469 = ORIENTED_EDGE ( 'NONE', *, *, #4057, .F. ) ;
#470 = VERTEX_POINT ( 'NONE', #2139 ) ;
#471 = ORIENTED_EDGE ( 'NONE', *, *, #4011, .T. ) ;
#472 = EDGE_CURVE ( 'NONE', #81, #3998, #2166, .T. ) ;
#473 = EDGE_CURVE ( 'NONE', #3996, #2888, #2184, .T. ) ;
#474 = VERTEX_POINT ( 'NONE', #2192 ) ;
#475 = ADVANCED_FACE ( 'NONE', ( #2193 ), #2194, .T. ) ;
#476 = EDGE_CURVE ( 'NONE', #516, #2829, #2204, .T. ) ;
#477 = VERTEX_POINT ( 'NONE', #2213 ) ;
#478 = ORIENTED_EDGE ( 'NONE', *, *, #107, .T. ) ;
#479 = EDGE_LOOP ( 'NONE', ( #2144, #491, #254, #2512 ) ) ;
#480 = ORIENTED_EDGE ( 'NONE', *, *, #3449, .F. ) ;
#481 = ADVANCED_FACE ( 'NONE', ( #2252 ), #2253, .T. ) ;
#482 = EDGE_LOOP ( 'NONE', ( #99, #462, #131, #478 ) ) ;
#483 = ADVANCED_FACE ( 'NONE', ( #2258 ), #2263, .F. ) ;
#484 = ORIENTED_EDGE ( 'NONE', *, *, #3501, .T. ) ;
#485 = ORIENTED_EDGE ( 'NONE', *, *, #3911, .T. ) ;
#486 = ORIENTED_EDGE ( 'NONE', *, *, #2787, .T. ) ;
#487 = ORIENTED_EDGE ( 'NONE', *, *, #306, .T. ) ;
#488 = ORIENTED_EDGE ( 'NONE', *, *, #412, .T. ) ;
#489 = ORIENTED_EDGE ( 'NONE', *, *, #3932, .F. ) ;
#490 = EDGE_LOOP ( 'NONE', ( #37, #278, #92, #1782 ) ) ;
#491 = ORIENTED_EDGE ( 'NONE', *, *, #396, .T. ) ;
#492 = ORIENTED_EDGE ( 'NONE', *, *, #154, .T. ) ;
#493 = EDGE_CURVE ( 'NONE', #255, #546, #2334, .T. ) ;
#494 = VERTEX_POINT ( 'NONE', #2345 ) ;
#495 = ORIENTED_EDGE ( 'NONE', *, *, #493, .F. ) ;
#496 = VERTEX_POINT ( 'NONE', #2346 ) ;
#497 = EDGE_LOOP ( 'NONE', ( #519, #209, #513, #512, #3890, #15 ) ) ;
#498 = ORIENTED_EDGE ( 'NONE', *, *, #1979, .T. ) ;
#499 = EDGE_CURVE ( 'NONE', #546, #255, #2362, .T. ) ;
#500 = EDGE_CURVE ( 'NONE', #428, #3756, #2367, .T. ) ;
#501 = EDGE_LOOP ( 'NONE', ( #2357, #243, #313, #3632 ) ) ;
#502 = ORIENTED_EDGE ( 'NONE', *, *, #2355, .T. ) ;
#503 = ORIENTED_EDGE ( 'NONE', *, *, #2744, .F. ) ;
#504 = EDGE_CURVE ( 'NONE', #3775, #3523, #2380, .T. ) ;
#505 = VERTEX_POINT ( 'NONE', #2388 ) ;
#506 = ORIENTED_EDGE ( 'NONE', *, *, #2220, .F. ) ;
#507 = ORIENTED_EDGE ( 'NONE', *, *, #3884, .F. ) ;
#508 = EDGE_CURVE ( 'NONE', #3001, #2887, #2442, .T. ) ;
#509 = ORIENTED_EDGE ( 'NONE', *, *, #273, .F. ) ;
#510 = VERTEX_POINT ( 'NONE', #2464 ) ;
#511 = ORIENTED_EDGE ( 'NONE', *, *, #3973, .T. ) ;
#512 = ORIENTED_EDGE ( 'NONE', *, *, #230, .F. ) ;
#513 = ORIENTED_EDGE ( 'NONE', *, *, #547, .F. ) ;
#514 = ORIENTED_EDGE ( 'NONE', *, *, #794, .F. ) ;
#515 = ORIENTED_EDGE ( 'NONE', *, *, #79, .F. ) ;
#516 = VERTEX_POINT ( 'NONE', #2501 ) ;
#517 = VERTEX_POINT ( 'NONE', #2519 ) ;
#518 = VERTEX_POINT ( 'NONE', #2524 ) ;
#519 = ORIENTED_EDGE ( 'NONE', *, *, #541, .F. ) ;
#520 = EDGE_CURVE ( 'NONE', #602, #1367, #2544, .T. ) ;
#521 = ORIENTED_EDGE ( 'NONE', *, *, #4018, .T. ) ;
#522 = ORIENTED_EDGE ( 'NONE', *, *, #365, .T. ) ;
#523 = ORIENTED_EDGE ( 'NONE', *, *, #3865, .F. ) ;
#524 = ORIENTED_EDGE ( 'NONE', *, *, #427, .T. ) ;
#525 = ORIENTED_EDGE ( 'NONE', *, *, #97, .F. ) ;
#526 = EDGE_LOOP ( 'NONE', ( #4033, #354, #1368, #4024 ) ) ;
#527 = ORIENTED_EDGE ( 'NONE', *, *, #95, .F. ) ;
#528 = ORIENTED_EDGE ( 'NONE', *, *, #4038, .T. ) ;
#529 = ORIENTED_EDGE ( 'NONE', *, *, #541, .T. ) ;
#530 = VERTEX_POINT ( 'NONE', #2629 ) ;
#531 = ORIENTED_EDGE ( 'NONE', *, *, #418, .F. ) ;
#532 = EDGE_LOOP ( 'NONE', ( #171, #128, #3846, #1593, #3177, #847, #181, #341 ) ) ;
#533 = ORIENTED_EDGE ( 'NONE', *, *, #4003, .F. ) ;
#534 = ORIENTED_EDGE ( 'NONE', *, *, #2749, .T. ) ;
#535 = ORIENTED_EDGE ( 'NONE', *, *, #233, .F. ) ;
#536 = ORIENTED_EDGE ( 'NONE', *, *, #3450, .T. ) ;
#537 = EDGE_LOOP ( 'NONE', ( #49, #3986, #3196, #410, #3777, #552 ) ) ;
#538 = EDGE_LOOP ( 'NONE', ( #414, #113, #3863, #3692, #137, #3155, #54, #2037, #27, #3814 ) ) ;
#539 = ORIENTED_EDGE ( 'NONE', *, *, #241, .T. ) ;
#540 = EDGE_CURVE ( 'NONE', #3766, #42, #2710, .T. ) ;
#541 = EDGE_CURVE ( 'NONE', #2531, #3946, #2720, .T. ) ;
#542 = ADVANCED_FACE ( 'NONE', ( #2726 ), #2727, .T. ) ;
#543 = EDGE_LOOP ( 'NONE', ( #262, #533, #3916, #1630 ) ) ;
#544 = ORIENTED_EDGE ( 'NONE', *, *, #396, .F. ) ;
#545 = ORIENTED_EDGE ( 'NONE', *, *, #4038, .F. ) ;
#546 = VERTEX_POINT ( 'NONE', #2775 ) ;
#547 = EDGE_CURVE ( 'NONE', #2530, #2494, #2781, .T. ) ;
#548 = EDGE_CURVE ( 'NONE', #477, #159, #2785, .T. ) ;
#549 = EDGE_CURVE ( 'NONE', #204, #2847, #2801, .T. ) ;
#550 = ORIENTED_EDGE ( 'NONE', *, *, #2595, .T. ) ;
#551 = EDGE_LOOP ( 'NONE', ( #883, #3695, #2652, #2688 ) ) ;
#552 = ORIENTED_EDGE ( 'NONE', *, *, #3871, .F. ) ;
#553 = ORIENTED_EDGE ( 'NONE', *, *, #499, .F. ) ;
#554 = EDGE_LOOP ( 'NONE', ( #2554, #4055, #488, #10, #114, #3832, #1463, #2962 ) ) ;
#555 = ORIENTED_EDGE ( 'NONE', *, *, #3827, .F. ) ;
#556 = VERTEX_POINT ( 'NONE', #2900 ) ;
#557 = EDGE_CURVE ( 'NONE', #3849, #461, #2901, .T. ) ;
#558 = EDGE_CURVE ( 'NONE', #3759, #428, #2935, .T. ) ;
#559 = ORIENTED_EDGE ( 'NONE', *, *, #3390, .F. ) ;
#560 = ORIENTED_EDGE ( 'NONE', *, *, #247, .F. ) ;
#561 = EDGE_LOOP ( 'NONE', ( #582, #581, #3580, #3975 ) ) ;
#562 = EDGE_LOOP ( 'NONE', ( #553, #3726, #250, #525 ) ) ;
#563 = ORIENTED_EDGE ( 'NONE', *, *, #294, .F. ) ;
#564 = ORIENTED_EDGE ( 'NONE', *, *, #3926, .F. ) ;
#565 = VERTEX_POINT ( 'NONE', #2998 ) ;
#566 = ORIENTED_EDGE ( 'NONE', *, *, #2769, .F. ) ;
#567 = ORIENTED_EDGE ( 'NONE', *, *, #124, .F. ) ;
#568 = EDGE_CURVE ( 'NONE', #359, #443, #3000, .T. ) ;
#569 = ADVANCED_FACE ( 'NONE', ( #3006 ), #3007, .F. ) ;
#570 = ORIENTED_EDGE ( 'NONE', *, *, #4106, .T. ) ;
#571 = ORIENTED_EDGE ( 'NONE', *, *, #412, .F. ) ;
#572 = EDGE_CURVE ( 'NONE', #496, #2888, #3043, .T. ) ;
#573 = VERTEX_POINT ( 'NONE', #3051 ) ;
#574 = EDGE_CURVE ( 'NONE', #228, #3116, #3052, .T. ) ;
#575 = VERTEX_POINT ( 'NONE', #3062 ) ;
#576 = ORIENTED_EDGE ( 'NONE', *, *, #1442, .F. ) ;
#577 = EDGE_CURVE ( 'NONE', #204, #494, #3088, .T. ) ;
#578 = VERTEX_POINT ( 'NONE', #3125 ) ;
#579 = MANIFOLD_SOLID_BREP ( 'NONE', #3095 ) ;
#580 = VERTEX_POINT ( 'NONE', #3167 ) ;
#581 = ORIENTED_EDGE ( 'NONE', *, *, #4106, .F. ) ;
#582 = ORIENTED_EDGE ( 'NONE', *, *, #3913, .T. ) ;
#583 = EDGE_CURVE ( 'NONE', #417, #3311, #3178, .T. ) ;
#584 = EDGE_CURVE ( 'NONE', #324, #283, #3203, .T. ) ;
#585 = ADVANCED_FACE ( 'NONE', ( #3223 ), #3224, .F. ) ;
#586 = EDGE_LOOP ( 'NONE', ( #4008, #3762, #4074, #156 ) ) ;
#587 = EDGE_CURVE ( 'NONE', #4042, #2127, #3229, .T. ) ;
#588 = EDGE_LOOP ( 'NONE', ( #172, #4041, #176, #207, #2395, #146, #2928 ) ) ;
#589 = EDGE_LOOP ( 'NONE', ( #4014, #3937, #2884, #3976 ) ) ;
#590 = EDGE_CURVE ( 'NONE', #3037, #2260, #3244, .T. ) ;
#591 = ORIENTED_EDGE ( 'NONE', *, *, #201, .T. ) ;
#592 = EDGE_LOOP ( 'NONE', ( #422, #469 ) ) ;
#593 = ORIENTED_EDGE ( 'NONE', *, *, #189, .T. ) ;
#594 = EDGE_CURVE ( 'NONE', #575, #3899, #3252, .T. ) ;
#595 = VERTEX_POINT ( 'NONE', #3258 ) ;
#596 = EDGE_LOOP ( 'NONE', ( #2354, #2751, #2768, #3942 ) ) ;
#597 = EDGE_LOOP ( 'NONE', ( #3985, #70, #1262, #3, #1077, #3040, #82, #1570, #4047, #3675, #118, #4061, #165, #4036 ) ) ;
#598 = ORIENTED_EDGE ( 'NONE', *, *, #3716, .F. ) ;
#599 = VERTEX_POINT ( 'NONE', #3265 ) ;
#600 = ORIENTED_EDGE ( 'NONE', *, *, #3858, .T. ) ;
#601 = EDGE_LOOP ( 'NONE', ( #149, #495, #3980, #3979 ) ) ;
#602 = VERTEX_POINT ( 'NONE', #3267 ) ;
#603 = ADVANCED_FACE ( 'NONE', ( #3268, #3269 ), #3270, .T. ) ;
#604 = ORIENTED_EDGE ( 'NONE', *, *, #3542, .F. ) ;
#605 = VERTEX_POINT ( 'NONE', #3297 ) ;
#606 = ORIENTED_EDGE ( 'NONE', *, *, #328, .F. ) ;
#607 = ORIENTED_EDGE ( 'NONE', *, *, #1312, .F. ) ;
#608 = ADVANCED_FACE ( 'NONE', ( #859 ), #860, .F. ) ;
#609 = EDGE_CURVE ( 'NONE', #3999, #164, #872, .T. ) ;
#610 = EDGE_CURVE ( 'NONE', #210, #518, #880, .T. ) ;
#611 = ORIENTED_EDGE ( 'NONE', *, *, #119, .F. ) ;
#612 = EDGE_CURVE ( 'NONE', #8, #3673, #890, .T. ) ;
#613 = EDGE_CURVE ( 'NONE', #3703, #3037, #902, .T. ) ;
#614 = EDGE_CURVE ( 'NONE', #297, #3756, #906, .T. ) ;
#615 = VERTEX_POINT ( 'NONE', #932 ) ;
#616 = EDGE_CURVE ( 'NONE', #9, #3798, #956, .T. ) ;
#617 = VERTEX_POINT ( 'NONE', #964 ) ;
#618 = ORIENTED_EDGE ( 'NONE', *, *, #211, .F. ) ;
#619 = EDGE_CURVE ( 'NONE', #615, #3788, #979, .T. ) ;
#620 = ORIENTED_EDGE ( 'NONE', *, *, #83, .T. ) ;
#621 = EDGE_CURVE ( 'NONE', #314, #3999, #1003, .T. ) ;
#622 = ORIENTED_EDGE ( 'NONE', *, *, #1837, .F. ) ;
#623 = EDGE_LOOP ( 'NONE', ( #4005, #3845, #2451, #591 ) ) ;
#624 = ORIENTED_EDGE ( 'NONE', *, *, #282, .F. ) ;
#625 = ORIENTED_EDGE ( 'NONE', *, *, #4059, .T. ) ;
#626 = ORIENTED_EDGE ( 'NONE', *, *, #3840, .F. ) ;
#627 = FACE_OUTER_BOUND ( 'NONE', #358, .T. ) ;
#628 = PLANE ( 'NONE',  #629 ) ;
#629 = AXIS2_PLACEMENT_3D ( 'NONE', #630, #631, #632 ) ;
#630 = CARTESIAN_POINT ( 'NONE',  ( 0.7589572499564000200, 3.000000000000000000, 0.1772393124891000200 ) ) ;
#631 = DIRECTION ( 'NONE',  ( -0.9701425001453318800, 0.0000000000000000000, -0.2425356250363329700 ) ) ;
#632 = DIRECTION ( 'NONE',  ( -0.2425356250363329700, 0.0000000000000000000, 0.9701425001453318800 ) ) ;
#633 = CARTESIAN_POINT ( 'NONE',  ( -5.599999999999999600, 5.000000000000000000, 1.686931687685304900 ) ) ;
#634 = ORIENTED_EDGE ( 'NONE', *, *, #222, .F. ) ;
#635 = ORIENTED_EDGE ( 'NONE', *, *, #3848, .F. ) ;
#636 = LINE ( 'NONE', #637, #638 ) ;
#637 = CARTESIAN_POINT ( 'NONE',  ( -3.000000000000000000, 1.000000000000000000, 1.950000000000000000 ) ) ;
#638 = VECTOR ( 'NONE', #639, 1000.000000000000000 ) ;
#639 = DIRECTION ( 'NONE',  ( 0.0000000000000000000, 0.0000000000000000000, 1.000000000000000000 ) ) ;
#640 = CARTESIAN_POINT ( 'NONE',  ( 1.399999999999999900, 3.000000000000000000, -4.000000000000000000 ) ) ;
#641 = CARTESIAN_POINT ( 'NONE',  ( -5.261988945269359300, 3.000000000000000000, 0.3348874687627164700 ) ) ;
#642 = CARTESIAN_POINT ( 'NONE',  ( -1.750000000000000000, 2.143061119189160200E-016, 0.0000000000000000000 ) ) ;
#643 = LINE ( 'NONE', #644, #645 ) ;
#644 = CARTESIAN_POINT ( 'NONE',  ( -5.599999999999999600, 3.000000000000000000, 0.2500000000000000000 ) ) ;
#645 = VECTOR ( 'NONE', #646, 1000.000000000000000 ) ;
#646 = DIRECTION ( 'NONE',  ( 0.0000000000000000000, 1.000000000000000000, 0.0000000000000000000 ) ) ;
#647 = CARTESIAN_POINT ( 'NONE',  ( -5.599999999999999600, 3.000000000000000000, 1.686931687685304900 ) ) ;
#648 = CARTESIAN_POINT ( 'NONE',  ( 1.100000000000000100, 1.000000000000000000, 1.950000000000000000 ) ) ;
#649 = LINE ( 'NONE', #650, #651 ) ;
#650 = CARTESIAN_POINT ( 'NONE',  ( 1.399999999999999900, 1.000000000000000000, 2.250000000000000000 ) ) ;
#651 = VECTOR ( 'NONE', #653, 1000.000000000000000 ) ;
#652 = EDGE_LOOP ( 'NONE', ( #395, #216, #155, #4030 ) ) ;
#653 = DIRECTION ( 'NONE',  ( 0.0000000000000000000, 0.0000000000000000000, -1.000000000000000000 ) ) ;
#654 = FACE_OUTER_BOUND ( 'NONE', #1387, .T. ) ;
#655 = PLANE ( 'NONE',  #656 ) ;
#656 = AXIS2_PLACEMENT_3D ( 'NONE', #657, #658, #659 ) ;
#657 = CARTESIAN_POINT ( 'NONE',  ( 0.3499999999999999800, 7.299999999999999800, 0.1499999999999999900 ) ) ;
#658 = DIRECTION ( 'NONE',  ( 0.0000000000000000000, -1.000000000000000000, 0.0000000000000000000 ) ) ;
#659 = DIRECTION ( 'NONE',  ( 0.0000000000000000000, 0.0000000000000000000, -1.000000000000000000 ) ) ;
#660 = CARTESIAN_POINT ( 'NONE',  ( 1.399999999999999900, 0.0000000000000000000, -3.999999999999949800 ) ) ;
#661 = FACE_OUTER_BOUND ( 'NONE', #973, .T. ) ;
#662 = PLANE ( 'NONE',  #663 ) ;
#663 = AXIS2_PLACEMENT_3D ( 'NONE', #664, #665, #666 ) ;
#664 = CARTESIAN_POINT ( 'NONE',  ( 1.399999999999999900, 1.000000000000000000, 2.250000000000000000 ) ) ;
#665 = DIRECTION ( 'NONE',  ( 0.0000000000000000000, 1.000000000000000000, 0.0000000000000000000 ) ) ;
#666 = DIRECTION ( 'NONE',  ( 0.0000000000000000000, 0.0000000000000000000, 1.000000000000000000 ) ) ;
#667 = LINE ( 'NONE', #668, #671 ) ;
#668 = CARTESIAN_POINT ( 'NONE',  ( -5.899999999999999500, 0.0000000000000000000, 0.2500000000000000000 ) ) ;
#669 = VERTEX_POINT ( 'NONE', #1061 ) ;
#670 = ORIENTED_EDGE ( 'NONE', *, *, #3925, .F. ) ;
#671 = VECTOR ( 'NONE', #672, 1000.000000000000000 ) ;
#672 = DIRECTION ( 'NONE',  ( 0.0000000000000000000, 1.000000000000000000, 0.0000000000000000000 ) ) ;
#673 = LINE ( 'NONE', #674, #675 ) ;
#674 = CARTESIAN_POINT ( 'NONE',  ( 1.399999999999999900, 2.115889831480119900E-033, 1.250000000000000000 ) ) ;
#675 = VECTOR ( 'NONE', #676, 1000.000000000000000 ) ;
#676 = DIRECTION ( 'NONE',  ( 0.0000000000000000000, -2.115889831480119900E-033, -1.000000000000000000 ) ) ;
#677 = CARTESIAN_POINT ( 'NONE',  ( 1.100000000000000100, 0.0000000000000000000, 0.2500000000000000000 ) ) ;
#678 = CARTESIAN_POINT ( 'NONE',  ( -4.250000000000000000, 2.000000000000000000, 1.950000000000000000 ) ) ;
#679 = LINE ( 'NONE', #680, #681 ) ;
#680 = CARTESIAN_POINT ( 'NONE',  ( 1.100000000000000100, 1.000000000000000000, 2.250000000000000000 ) ) ;
#681 = VECTOR ( 'NONE', #682, 1000.000000000000000 ) ;
#682 = DIRECTION ( 'NONE',  ( 0.0000000000000000000, 0.0000000000000000000, -1.000000000000000000 ) ) ;
#683 = LINE ( 'NONE', #684, #685 ) ;
#684 = CARTESIAN_POINT ( 'NONE',  ( -5.899999999999999500, -3.500000000000000000, -3.000000000000000000 ) ) ;
#685 = VECTOR ( 'NONE', #686, 1000.000000000000000 ) ;
#686 = DIRECTION ( 'NONE',  ( 0.0000000000000000000, 0.0000000000000000000, 1.000000000000000000 ) ) ;
#687 = ORIENTED_EDGE ( 'NONE', *, *, #3077, .F. ) ;
#688 = ORIENTED_EDGE ( 'NONE', *, *, #2725, .F. ) ;
#689 = VERTEX_POINT ( 'NONE', #1070 ) ;
#690 = CARTESIAN_POINT ( 'NONE',  ( -5.000000000000000000, 6.150000000000000400, 2.250000000000000000 ) ) ;
#691 = CIRCLE ( 'NONE', #692, 0.3499999999999999800 ) ;
#692 = AXIS2_PLACEMENT_3D ( 'NONE', #693, #694, #695 ) ;
#693 = CARTESIAN_POINT ( 'NONE',  ( -5.601538820320220300, 5.000000000000000000, 0.2500000000000000000 ) ) ;
#694 = DIRECTION ( 'NONE',  ( 0.0000000000000000000, 1.000000000000000000, 0.0000000000000000000 ) ) ;
#695 = DIRECTION ( 'NONE',  ( -2.478176394252581700E-015, 0.0000000000000000000, -1.000000000000000000 ) ) ;
#696 = CARTESIAN_POINT ( 'NONE',  ( -5.599999999999999600, 5.000000000000000000, 0.4500000000000000100 ) ) ;
#697 = LINE ( 'NONE', #698, #699 ) ;
#698 = CARTESIAN_POINT ( 'NONE',  ( 1.399999999999999900, 1.000000000000000000, 0.2500000000000000000 ) ) ;
#699 = VECTOR ( 'NONE', #700, 1000.000000000000000 ) ;
#700 = DIRECTION ( 'NONE',  ( -1.000000000000000000, 0.0000000000000000000, 0.0000000000000000000 ) ) ;
#701 = CARTESIAN_POINT ( 'NONE',  ( -5.899999999999999500, 0.0000000000000000000, 0.2500000000000000000 ) ) ;
#702 = CARTESIAN_POINT ( 'NONE',  ( -5.599999999999999600, 5.000000000000000000, 0.05000000000000000300 ) ) ;
#703 = FACE_OUTER_BOUND ( 'NONE', #2556, .T. ) ;
#704 = PLANE ( 'NONE',  #705 ) ;
#705 = AXIS2_PLACEMENT_3D ( 'NONE', #707, #708, #709 ) ;
#706 = ORIENTED_EDGE ( 'NONE', *, *, #4060, .T. ) ;
#707 = CARTESIAN_POINT ( 'NONE',  ( -5.899999999999999500, -2.600000000000000100, -3.000000000000000000 ) ) ;
#708 = DIRECTION ( 'NONE',  ( -1.000000000000000000, 0.0000000000000000000, 0.0000000000000000000 ) ) ;
#709 = DIRECTION ( 'NONE',  ( 0.0000000000000000000, 0.0000000000000000000, 1.000000000000000000 ) ) ;
#710 = FACE_OUTER_BOUND ( 'NONE', #526, .T. ) ;
#711 = PLANE ( 'NONE',  #712 ) ;
#712 = AXIS2_PLACEMENT_3D ( 'NONE', #713, #714, #715 ) ;
#713 = CARTESIAN_POINT ( 'NONE',  ( 1.399999999999999900, 2.115889831480119900E-033, 1.250000000000000000 ) ) ;
#714 = DIRECTION ( 'NONE',  ( 0.0000000000000000000, 1.000000000000000000, -2.115889831480119900E-033 ) ) ;
#715 = DIRECTION ( 'NONE',  ( 0.0000000000000000000, 2.115889831480119900E-033, 1.000000000000000000 ) ) ;
#716 = LINE ( 'NONE', #717, #718 ) ;
#717 = CARTESIAN_POINT ( 'NONE',  ( -5.899999999999999500, 3.000000000000000000, 1.649999999999999900 ) ) ;
#718 = VECTOR ( 'NONE', #719, 1000.000000000000000 ) ;
#719 = DIRECTION ( 'NONE',  ( 0.0000000000000000000, 1.000000000000000000, 0.0000000000000000000 ) ) ;
#720 = LINE ( 'NONE', #721, #722 ) ;
#721 = CARTESIAN_POINT ( 'NONE',  ( -6.201369532022449800, -1.800000000000000000, -3.000000000000000000 ) ) ;
#722 = VECTOR ( 'NONE', #725, 1000.000000000000100 ) ;
#723 = ORIENTED_EDGE ( 'NONE', *, *, #1330, .T. ) ;
#724 = EDGE_CURVE ( 'NONE', #3867, #46, #1099, .T. ) ;
#725 = DIRECTION ( 'NONE',  ( -0.6585046078685196100, 0.7525766947068764900, 0.0000000000000000000 ) ) ;
#726 = LINE ( 'NONE', #727, #728 ) ;
#727 = CARTESIAN_POINT ( 'NONE',  ( 0.7500000000000000000, 1.000000000000000000, -1.149999999999999900 ) ) ;
#728 = VECTOR ( 'NONE', #729, 1000.000000000000000 ) ;
#729 = DIRECTION ( 'NONE',  ( 0.0000000000000000000, 1.000000000000000000, 2.168404344971010100E-016 ) ) ;
#730 = FACE_OUTER_BOUND ( 'NONE', #537, .T. ) ;
#731 = PLANE ( 'NONE',  #732 ) ;
#732 = AXIS2_PLACEMENT_3D ( 'NONE', #733, #734, #735 ) ;
#733 = CARTESIAN_POINT ( 'NONE',  ( 1.399999999999999900, 7.000000000000000000, 2.250000000000000000 ) ) ;
#734 = DIRECTION ( 'NONE',  ( 0.0000000000000000000, -1.000000000000000000, -2.168404344971010100E-016 ) ) ;
#735 = DIRECTION ( 'NONE',  ( 0.0000000000000000000, 2.168404344971010100E-016, -1.000000000000000000 ) ) ;
#736 = LINE ( 'NONE', #737, #738 ) ;
#737 = CARTESIAN_POINT ( 'NONE',  ( -5.549999999999999800, 5.000000000000000000, 0.2500000000000000000 ) ) ;
#738 = VECTOR ( 'NONE', #739, 999.9999999999998900 ) ;
#739 = DIRECTION ( 'NONE',  ( -0.2425356250363320500, 0.0000000000000000000, -0.9701425001453322100 ) ) ;
#740 = LINE ( 'NONE', #741, #742 ) ;
#741 = CARTESIAN_POINT ( 'NONE',  ( -5.258957249956400100, 5.000000000000000000, 0.1772393124891010200 ) ) ;
#742 = VECTOR ( 'NONE', #743, 999.9999999999998900 ) ;
#743 = DIRECTION ( 'NONE',  ( -0.2425356250363320500, 0.0000000000000000000, -0.9701425001453322100 ) ) ;
#744 = FACE_OUTER_BOUND ( 'NONE', #4081, .T. ) ;
#745 = PLANE ( 'NONE',  #746 ) ;
#746 = AXIS2_PLACEMENT_3D ( 'NONE', #747, #748, #749 ) ;
#747 = CARTESIAN_POINT ( 'NONE',  ( 1.399999999999999900, 7.000000000000000000, 2.250000000000000000 ) ) ;
#748 = DIRECTION ( 'NONE',  ( 0.0000000000000000000, -1.000000000000000000, -2.168404344971010100E-016 ) ) ;
#749 = DIRECTION ( 'NONE',  ( 0.0000000000000000000, 2.168404344971010100E-016, -1.000000000000000000 ) ) ;
#750 = FACE_OUTER_BOUND ( 'NONE', #1498, .T. ) ;
#751 = PLANE ( 'NONE',  #752 ) ;
#752 = AXIS2_PLACEMENT_3D ( 'NONE', #753, #754, #755 ) ;
#753 = CARTESIAN_POINT ( 'NONE',  ( 1.399999999999999900, 1.000000000000000000, 2.250000000000000000 ) ) ;
#754 = DIRECTION ( 'NONE',  ( 0.0000000000000000000, 1.000000000000000000, 0.0000000000000000000 ) ) ;
#755 = DIRECTION ( 'NONE',  ( 0.0000000000000000000, 0.0000000000000000000, 1.000000000000000000 ) ) ;
#756 = CARTESIAN_POINT ( 'NONE',  ( 0.7500000000000000000, 7.000000000000000000, 1.940000000000000200 ) ) ;
#757 = CARTESIAN_POINT ( 'NONE',  ( 0.7500000000000000000, 1.000000000000000000, -1.149999999999999900 ) ) ;
#758 = LINE ( 'NONE', #759, #760 ) ;
#759 = CARTESIAN_POINT ( 'NONE',  ( 0.3499999999999999800, 1.000000000000000000, 0.1499999999999999900 ) ) ;
#760 = VECTOR ( 'NONE', #761, 1000.000000000000000 ) ;
#761 = DIRECTION ( 'NONE',  ( 0.0000000000000000000, 0.0000000000000000000, -1.000000000000000000 ) ) ;
#762 = CARTESIAN_POINT ( 'NONE',  ( -4.850000000000000500, 1.000000000000000000, 0.1499999999999999900 ) ) ;
#763 = LINE ( 'NONE', #764, #765 ) ;
#764 = CARTESIAN_POINT ( 'NONE',  ( -5.599999999999999600, 0.0000000000000000000, 2.250000000000000000 ) ) ;
#765 = VECTOR ( 'NONE', #766, 1000.000000000000000 ) ;
#766 = DIRECTION ( 'NONE',  ( 0.0000000000000000000, -2.115889831480119900E-033, -1.000000000000000000 ) ) ;
#767 = CARTESIAN_POINT ( 'NONE',  ( -5.899999999999999500, 7.000000000000000000, -1.750000000000000000 ) ) ;
#768 = LINE ( 'NONE', #769, #770 ) ;
#769 = CARTESIAN_POINT ( 'NONE',  ( 1.100000000000000100, 3.000000000000000000, 1.649999999999999900 ) ) ;
#770 = VECTOR ( 'NONE', #771, 1000.000000000000000 ) ;
#771 = DIRECTION ( 'NONE',  ( 0.0000000000000000000, 0.0000000000000000000, -1.000000000000000000 ) ) ;
#772 = LINE ( 'NONE', #777, #778 ) ;
#773 = EDGE_LOOP ( 'NONE', ( #3948, #3844, #192, #498 ) ) ;
#774 = ORIENTED_EDGE ( 'NONE', *, *, #3218, .F. ) ;
#775 = EDGE_CURVE ( 'NONE', #1799, #3674, #1123, .T. ) ;
#776 = EDGE_CURVE ( 'NONE', #297, #272, #1127, .T. ) ;
#777 = CARTESIAN_POINT ( 'NONE',  ( 1.100000000000000100, 2.999999999999895200, -4.000000000000000000 ) ) ;
#778 = VECTOR ( 'NONE', #779, 1000.000000000000000 ) ;
#779 = DIRECTION ( 'NONE',  ( 0.0000000000000000000, 1.000000000000000000, -1.705811418043860100E-014 ) ) ;
#780 = LINE ( 'NONE', #781, #782 ) ;
#781 = CARTESIAN_POINT ( 'NONE',  ( 1.100000000000000100, -1.112720534831482100, -3.000000000000000000 ) ) ;
#782 = VECTOR ( 'NONE', #783, 1000.000000000000000 ) ;
#783 = DIRECTION ( 'NONE',  ( 0.0000000000000000000, 0.0000000000000000000, 1.000000000000000000 ) ) ;
#784 = LINE ( 'NONE', #785, #786 ) ;
#785 = CARTESIAN_POINT ( 'NONE',  ( 1.100000000000000100, 3.000000000000000000, 2.250000000000000000 ) ) ;
#786 = VECTOR ( 'NONE', #787, 1000.000000000000000 ) ;
#787 = DIRECTION ( 'NONE',  ( 0.0000000000000000000, 0.0000000000000000000, 1.000000000000000000 ) ) ;
#788 = LINE ( 'NONE', #789, #790 ) ;
#789 = CARTESIAN_POINT ( 'NONE',  ( -5.599999999999999600, 3.000000000000000000, 1.686931687685304900 ) ) ;
#790 = VECTOR ( 'NONE', #791, 1000.000000000000000 ) ;
#791 = DIRECTION ( 'NONE',  ( 0.0000000000000000000, 1.000000000000000000, 0.0000000000000000000 ) ) ;
#792 = CARTESIAN_POINT ( 'NONE',  ( 0.4999999999999998900, 1.850000000000000100, 2.250000000000000000 ) ) ;
#793 = ORIENTED_EDGE ( 'NONE', *, *, #2745, .T. ) ;
#794 = EDGE_CURVE ( 'NONE', #350, #324, #1131, .T. ) ;
#795 = ADVANCED_FACE ( 'NONE', ( #1139 ), #1140, .T. ) ;
#796 = VERTEX_POINT ( 'NONE', #1145 ) ;
#797 = EDGE_CURVE ( 'NONE', #3674, #2892, #1146, .T. ) ;
#798 = LINE ( 'NONE', #799, #800 ) ;
#799 = CARTESIAN_POINT ( 'NONE',  ( -0.6999999999999999600, 6.150000000000000400, 2.750000000000000000 ) ) ;
#800 = VECTOR ( 'NONE', #801, 1000.000000000000000 ) ;
#801 = DIRECTION ( 'NONE',  ( 0.0000000000000000000, 0.0000000000000000000, -1.000000000000000000 ) ) ;
#802 = CARTESIAN_POINT ( 'NONE',  ( -5.899999999999999500, -2.600000000000000100, -3.000000000000000000 ) ) ;
#803 = LINE ( 'NONE', #804, #805 ) ;
#804 = CARTESIAN_POINT ( 'NONE',  ( -5.899999999999999500, -3.500000000000000000, -2.000000000000000000 ) ) ;
#805 = VECTOR ( 'NONE', #806, 1000.000000000000000 ) ;
#806 = DIRECTION ( 'NONE',  ( 1.000000000000000000, 0.0000000000000000000, 0.0000000000000000000 ) ) ;
#807 = LINE ( 'NONE', #808, #809 ) ;
#808 = CARTESIAN_POINT ( 'NONE',  ( -6.201369532022449800, -1.800000000000000000, -3.000000000000000000 ) ) ;
#809 = VECTOR ( 'NONE', #810, 1000.000000000000000 ) ;
#810 = DIRECTION ( 'NONE',  ( 0.0000000000000000000, 0.0000000000000000000, 1.000000000000000000 ) ) ;
#811 = CARTESIAN_POINT ( 'NONE',  ( -5.549999999999999800, 3.000000000000000000, 0.2500000000000000000 ) ) ;
#812 = LINE ( 'NONE', #813, #814 ) ;
#813 = CARTESIAN_POINT ( 'NONE',  ( 1.399999999999999900, 3.000000000000000000, -4.000000000000000000 ) ) ;
#814 = VECTOR ( 'NONE', #815, 1000.000000000000000 ) ;
#815 = DIRECTION ( 'NONE',  ( -1.000000000000000000, 0.0000000000000000000, 0.0000000000000000000 ) ) ;
#816 = FACE_OUTER_BOUND ( 'NONE', #3730, .T. ) ;
#817 = PLANE ( 'NONE',  #818 ) ;
#818 = AXIS2_PLACEMENT_3D ( 'NONE', #819, #820, #821 ) ;
#819 = CARTESIAN_POINT ( 'NONE',  ( -5.599999999999999600, -2.487279465168510400, -3.000000000000000000 ) ) ;
#820 = DIRECTION ( 'NONE',  ( 1.000000000000000000, 0.0000000000000000000, 0.0000000000000000000 ) ) ;
#821 = DIRECTION ( 'NONE',  ( 0.0000000000000000000, 0.0000000000000000000, -1.000000000000000000 ) ) ;
#822 = CARTESIAN_POINT ( 'NONE',  ( 1.100000000000000100, 1.000000000000000000, -2.000000000000000000 ) ) ;
#823 = CARTESIAN_POINT ( 'NONE',  ( -4.150000000000000400, 7.299999999999999800, 0.1499999999999999900 ) ) ;
#824 = LINE ( 'NONE', #825, #826 ) ;
#825 = CARTESIAN_POINT ( 'NONE',  ( -4.850000000000000500, 1.000000000000000000, 0.1499999999999999900 ) ) ;
#826 = VECTOR ( 'NONE', #827, 1000.000000000000000 ) ;
#827 = DIRECTION ( 'NONE',  ( 0.0000000000000000000, 0.0000000000000000000, -1.000000000000000000 ) ) ;
#828 = CARTESIAN_POINT ( 'NONE',  ( 1.100000000000000100, 1.000000000000000000, 0.2500000000000000000 ) ) ;
#829 = LINE ( 'NONE', #831, #832 ) ;
#830 = EDGE_LOOP ( 'NONE', ( #471, #2415, #3468, #531 ) ) ;
#831 = CARTESIAN_POINT ( 'NONE',  ( 1.399999999999999900, 3.000000000000000000, -1.750000000000000000 ) ) ;
#832 = VECTOR ( 'NONE', #833, 1000.000000000000000 ) ;
#833 = DIRECTION ( 'NONE',  ( -1.000000000000000000, 0.0000000000000000000, 0.0000000000000000000 ) ) ;
#834 = LINE ( 'NONE', #835, #836 ) ;
#835 = CARTESIAN_POINT ( 'NONE',  ( -5.899999999999999500, -3.500000000000000000, -3.000000000000000000 ) ) ;
#836 = VECTOR ( 'NONE', #837, 1000.000000000000000 ) ;
#837 = DIRECTION ( 'NONE',  ( 1.000000000000000000, 0.0000000000000000000, 0.0000000000000000000 ) ) ;
#838 = FACE_OUTER_BOUND ( 'NONE', #773, .T. ) ;
#839 = PLANE ( 'NONE',  #840 ) ;
#840 = AXIS2_PLACEMENT_3D ( 'NONE', #841, #842, #843 ) ;
#841 = CARTESIAN_POINT ( 'NONE',  ( 1.399999999999999900, -1.000000000000000000, -3.000000000000000000 ) ) ;
#842 = DIRECTION ( 'NONE',  ( 0.7525766947068783800, 0.6585046078685175000, 0.0000000000000000000 ) ) ;
#843 = DIRECTION ( 'NONE',  ( -0.6585046078685175000, 0.7525766947068783800, 0.0000000000000000000 ) ) ;
#844 = CARTESIAN_POINT ( 'NONE',  ( -3.000000000000000000, 7.000000000000000000, 2.250000000000000000 ) ) ;
#845 = CIRCLE ( 'NONE', #846, 0.5999999999999998700 ) ;
#846 = AXIS2_PLACEMENT_3D ( 'NONE', #850, #851, #852 ) ;
#847 = ORIENTED_EDGE ( 'NONE', *, *, #4099, .F. ) ;
#848 = ORIENTED_EDGE ( 'NONE', *, *, #3503, .T. ) ;
#849 = VERTEX_POINT ( 'NONE', #1158 ) ;
#850 = CARTESIAN_POINT ( 'NONE',  ( -0.1000000000000000100, 6.150000000000000400, 2.250000000000000000 ) ) ;
#851 = DIRECTION ( 'NONE',  ( 0.0000000000000000000, 7.228014483236699500E-017, 1.000000000000000000 ) ) ;
#852 = DIRECTION ( 'NONE',  ( 0.0000000000000000000, 1.000000000000000000, 0.0000000000000000000 ) ) ;
#853 = FACE_OUTER_BOUND ( 'NONE', #3989, .T. ) ;
#854 = PLANE ( 'NONE',  #855 ) ;
#855 = AXIS2_PLACEMENT_3D ( 'NONE', #856, #857, #858 ) ;
#856 = CARTESIAN_POINT ( 'NONE',  ( -0.2500000000000000000, 1.000000000000000000, 1.940000000000000200 ) ) ;
#857 = DIRECTION ( 'NONE',  ( 1.000000000000000000, 0.0000000000000000000, 0.0000000000000000000 ) ) ;
#858 = DIRECTION ( 'NONE',  ( 0.0000000000000000000, 0.0000000000000000000, -1.000000000000000000 ) ) ;
#859 = FACE_OUTER_BOUND ( 'NONE', #586, .T. ) ;
#860 = PLANE ( 'NONE',  #861 ) ;
#861 = AXIS2_PLACEMENT_3D ( 'NONE', #862, #863, #864 ) ;
#862 = CARTESIAN_POINT ( 'NONE',  ( 1.399999999999999900, 3.761581922631320000E-034, -2.000000000000000000 ) ) ;
#863 = DIRECTION ( 'NONE',  ( 0.0000000000000000000, 1.000000000000000000, -1.880790961315709800E-034 ) ) ;
#864 = DIRECTION ( 'NONE',  ( 0.0000000000000000000, 1.880790961315709800E-034, 1.000000000000000000 ) ) ;
#865 = FACE_OUTER_BOUND ( 'NONE', #457, .T. ) ;
#866 = EDGE_LOOP ( 'NONE', ( #1481, #1462 ) ) ;
#867 = PLANE ( 'NONE',  #868 ) ;
#868 = AXIS2_PLACEMENT_3D ( 'NONE', #869, #870, #871 ) ;
#869 = CARTESIAN_POINT ( 'NONE',  ( 1.399999999999999900, 1.000000000000000000, 0.2500000000000000000 ) ) ;
#870 = DIRECTION ( 'NONE',  ( 0.0000000000000000000, 1.000000000000000000, 0.0000000000000000000 ) ) ;
#871 = DIRECTION ( 'NONE',  ( 0.0000000000000000000, 0.0000000000000000000, 1.000000000000000000 ) ) ;
#872 = LINE ( 'NONE', #873, #874 ) ;
#873 = CARTESIAN_POINT ( 'NONE',  ( 1.399999999999999900, 3.000000000000000000, 1.649999999999999900 ) ) ;
#874 = VECTOR ( 'NONE', #875, 999.9999999999998900 ) ;
#875 = DIRECTION ( 'NONE',  ( 0.2425356250363330000, 0.0000000000000000000, 0.9701425001453319900 ) ) ;
#876 = LINE ( 'NONE', #877, #878 ) ;
#877 = CARTESIAN_POINT ( 'NONE',  ( -5.899999999999999500, -2.600000000000000100, -2.000000000000000000 ) ) ;
#878 = VECTOR ( 'NONE', #879, 1000.000000000000000 ) ;
#879 = DIRECTION ( 'NONE',  ( 0.0000000000000000000, -1.000000000000000000, 0.0000000000000000000 ) ) ;
#880 = LINE ( 'NONE', #881, #882 ) ;
#881 = CARTESIAN_POINT ( 'NONE',  ( 1.399999999999999900, 7.000000000000000000, -1.750000000000000000 ) ) ;
#882 = VECTOR ( 'NONE', #884, 1000.000000000000000 ) ;
#883 = ORIENTED_EDGE ( 'NONE', *, *, #472, .T. ) ;
#884 = DIRECTION ( 'NONE',  ( -1.000000000000000000, 0.0000000000000000000, 0.0000000000000000000 ) ) ;
#885 = LINE ( 'NONE', #886, #887 ) ;
#886 = CARTESIAN_POINT ( 'NONE',  ( -4.850000000000000500, 1.000000000000000000, -0.1499999999999999900 ) ) ;
#887 = VECTOR ( 'NONE', #888, 1000.000000000000000 ) ;
#888 = DIRECTION ( 'NONE',  ( -1.000000000000000000, 0.0000000000000000000, 0.0000000000000000000 ) ) ;
#889 = CARTESIAN_POINT ( 'NONE',  ( -4.150000000000000400, 7.000000000000000000, -1.149999999999999900 ) ) ;
#890 = LINE ( 'NONE', #891, #892 ) ;
#891 = CARTESIAN_POINT ( 'NONE',  ( -5.261988945269359300, 3.000000000000000000, 0.3348874687627164700 ) ) ;
#892 = VECTOR ( 'NONE', #893, 1000.000000000000000 ) ;
#893 = DIRECTION ( 'NONE',  ( 0.0000000000000000000, 1.000000000000000000, 0.0000000000000000000 ) ) ;
#894 = CARTESIAN_POINT ( 'NONE',  ( -0.3499999999999999800, 7.000000000000000000, -1.750000000000000000 ) ) ;
#895 = CARTESIAN_POINT ( 'NONE',  ( -4.250000000000000000, 6.000000000000000000, 1.950000000000000000 ) ) ;
#896 = LINE ( 'NONE', #897, #898 ) ;
#897 = CARTESIAN_POINT ( 'NONE',  ( 0.7500000000000000000, 7.000000000000000000, -1.149999999999999900 ) ) ;
#898 = VECTOR ( 'NONE', #899, 1000.000000000000000 ) ;
#899 = DIRECTION ( 'NONE',  ( -1.000000000000000000, 0.0000000000000000000, 1.084202172485503800E-016 ) ) ;
#900 = EDGE_CURVE ( 'NONE', #796, #379, #1165, .T. ) ;
#901 = EDGE_CURVE ( 'NONE', #217, #1367, #1170, .T. ) ;
#902 = LINE ( 'NONE', #903, #904 ) ;
#903 = CARTESIAN_POINT ( 'NONE',  ( 1.399999999999999900, 0.0000000000000000000, -3.000000000000000000 ) ) ;
#904 = VECTOR ( 'NONE', #905, 1000.000000000000000 ) ;
#905 = DIRECTION ( 'NONE',  ( -2.168404344971015000E-016, 1.000000000000000000, 0.0000000000000000000 ) ) ;
#906 = LINE ( 'NONE', #907, #908 ) ;
#907 = CARTESIAN_POINT ( 'NONE',  ( -5.899999999999999500, -1.000000000000000000, -3.000000000000000000 ) ) ;
#908 = VECTOR ( 'NONE', #909, 1000.000000000000000 ) ;
#909 = DIRECTION ( 'NONE',  ( 0.0000000000000000000, 0.0000000000000000000, 1.000000000000000000 ) ) ;
#910 = FACE_OUTER_BOUND ( 'NONE', #4089, .T. ) ;
#911 = PLANE ( 'NONE',  #912 ) ;
#912 = AXIS2_PLACEMENT_3D ( 'NONE', #913, #914, #915 ) ;
#913 = CARTESIAN_POINT ( 'NONE',  ( 0.0000000000000000000, 0.0000000000000000000, -1.700000000000000000 ) ) ;
#914 = DIRECTION ( 'NONE',  ( 0.0000000000000000000, 0.0000000000000000000, 1.000000000000000000 ) ) ;
#915 = DIRECTION ( 'NONE',  ( 1.000000000000000000, 0.0000000000000000000, 0.0000000000000000000 ) ) ;
#916 = LINE ( 'NONE', #917, #920 ) ;
#917 = CARTESIAN_POINT ( 'NONE',  ( 0.7589572499564000200, 3.000000000000000000, 0.1772393124891000200 ) ) ;
#918 = EDGE_LOOP ( 'NONE', ( #3857, #25, #550, #300 ) ) ;
#919 = ORIENTED_EDGE ( 'NONE', *, *, #2492, .T. ) ;
#920 = VECTOR ( 'NONE', #921, 999.9999999999998900 ) ;
#921 = DIRECTION ( 'NONE',  ( -0.2425356250363330000, 0.0000000000000000000, 0.9701425001453319900 ) ) ;
#922 = LINE ( 'NONE', #923, #924 ) ;
#923 = CARTESIAN_POINT ( 'NONE',  ( -0.2500000000000000000, 1.000000000000000000, 1.940000000000000200 ) ) ;
#924 = VECTOR ( 'NONE', #925, 1000.000000000000000 ) ;
#925 = DIRECTION ( 'NONE',  ( 0.0000000000000000000, 1.000000000000000000, -3.614007241618349800E-017 ) ) ;
#926 = FACE_OUTER_BOUND ( 'NONE', #3967, .T. ) ;
#927 = PLANE ( 'NONE',  #928 ) ;
#928 = AXIS2_PLACEMENT_3D ( 'NONE', #929, #930, #931 ) ;
#929 = CARTESIAN_POINT ( 'NONE',  ( 1.399999999999999900, 3.000000000000000000, -1.750000000000000000 ) ) ;
#930 = DIRECTION ( 'NONE',  ( 0.0000000000000000000, -1.000000000000000000, 0.0000000000000000000 ) ) ;
#931 = DIRECTION ( 'NONE',  ( 0.0000000000000000000, 0.0000000000000000000, -1.000000000000000000 ) ) ;
#932 = CARTESIAN_POINT ( 'NONE',  ( -1.500000000000000000, 7.000000000000000000, 1.950000000000000000 ) ) ;
#933 = FACE_OUTER_BOUND ( 'NONE', #4071, .T. ) ;
#934 = FACE_BOUND ( 'NONE', #53, .T. ) ;
#935 = PLANE ( 'NONE',  #936 ) ;
#936 = AXIS2_PLACEMENT_3D ( 'NONE', #937, #938, #939 ) ;
#937 = CARTESIAN_POINT ( 'NONE',  ( 1.399999999999999900, 1.000000000000000000, 1.950000000000000000 ) ) ;
#938 = DIRECTION ( 'NONE',  ( 0.0000000000000000000, -7.228014483236699500E-017, -1.000000000000000000 ) ) ;
#939 = DIRECTION ( 'NONE',  ( 0.0000000000000000000, 1.000000000000000000, -7.228014483236699500E-017 ) ) ;
#940 = CARTESIAN_POINT ( 'NONE',  ( 0.3499999999999999800, 7.000000000000000000, -1.149999999999999900 ) ) ;
#941 = LINE ( 'NONE', #942, #943 ) ;
#942 = CARTESIAN_POINT ( 'NONE',  ( 1.399999999999999900, -2.600000000000000100, -2.000000000000000000 ) ) ;
#943 = VECTOR ( 'NONE', #944, 1000.000000000000000 ) ;
#944 = DIRECTION ( 'NONE',  ( 0.0000000000000000000, 1.000000000000000000, 0.0000000000000000000 ) ) ;
#945 = LINE ( 'NONE', #946, #947 ) ;
#946 = CARTESIAN_POINT ( 'NONE',  ( -5.549999999999999800, 5.000000000000000000, 0.2500000000000000000 ) ) ;
#947 = VECTOR ( 'NONE', #948, 999.9999999999998900 ) ;
#948 = DIRECTION ( 'NONE',  ( -0.2425356250363320500, 0.0000000000000000000, -0.9701425001453322100 ) ) ;
#949 = LINE ( 'NONE', #950, #951 ) ;
#950 = CARTESIAN_POINT ( 'NONE',  ( 0.3499999999999999800, 7.000000000000000000, -1.750000000000000000 ) ) ;
#951 = VECTOR ( 'NONE', #955, 1000.000000000000000 ) ;
#952 = EDGE_LOOP ( 'NONE', ( #3706, #3694, #3952, #3951 ) ) ;
#953 = ORIENTED_EDGE ( 'NONE', *, *, #3990, .F. ) ;
#954 = ORIENTED_EDGE ( 'NONE', *, *, #3827, .T. ) ;
#955 = DIRECTION ( 'NONE',  ( 2.853163611803959400E-017, 0.0000000000000000000, -1.000000000000000000 ) ) ;
#956 = CIRCLE ( 'NONE', #957, 1.750000000000000000 ) ;
#957 = AXIS2_PLACEMENT_3D ( 'NONE', #958, #959, #960 ) ;
#958 = CARTESIAN_POINT ( 'NONE',  ( 0.0000000000000000000, 0.0000000000000000000, 0.0000000000000000000 ) ) ;
#959 = DIRECTION ( 'NONE',  ( 0.0000000000000000000, 0.0000000000000000000, 1.000000000000000000 ) ) ;
#960 = DIRECTION ( 'NONE',  ( 1.000000000000000000, 0.0000000000000000000, 0.0000000000000000000 ) ) ;
#961 = CARTESIAN_POINT ( 'NONE',  ( -3.000000000000000000, 7.100000000000000500, 1.950000000000000000 ) ) ;
#962 = CARTESIAN_POINT ( 'NONE',  ( -5.899999999999999500, 5.000000000000000000, -1.149999999999999900 ) ) ;
#963 = CARTESIAN_POINT ( 'NONE',  ( -4.850000000000000500, 7.299999999999999800, -1.750000000000000000 ) ) ;
#964 = CARTESIAN_POINT ( 'NONE',  ( 0.3499999999999999800, 7.000000000000000000, -1.750000000000000000 ) ) ;
#965 = CARTESIAN_POINT ( 'NONE',  ( 1.399999999999999900, 3.000000000000000000, 1.649999999999999900 ) ) ;
#966 = LINE ( 'NONE', #967, #968 ) ;
#967 = CARTESIAN_POINT ( 'NONE',  ( -1.500000000000000000, 7.400000000000000400, 0.9499999999999999600 ) ) ;
#968 = VECTOR ( 'NONE', #969, 1000.000000000000000 ) ;
#969 = DIRECTION ( 'NONE',  ( -1.000000000000000000, 0.0000000000000000000, 0.0000000000000000000 ) ) ;
#970 = FACE_OUTER_BOUND ( 'NONE', #3872, .T. ) ;
#971 = ORIENTED_EDGE ( 'NONE', *, *, #344, .F. ) ;
#972 = VERTEX_POINT ( 'NONE', #1214 ) ;
#973 = EDGE_LOOP ( 'NONE', ( #351, #3959, #2356, #94, #333, #295 ) ) ;
#974 = PLANE ( 'NONE',  #975 ) ;
#975 = AXIS2_PLACEMENT_3D ( 'NONE', #976, #977, #978 ) ;
#976 = CARTESIAN_POINT ( 'NONE',  ( 1.399999999999999900, 7.000000000000000000, -1.750000000000000000 ) ) ;
#977 = DIRECTION ( 'NONE',  ( 0.0000000000000000000, 2.168404344971010100E-016, 1.000000000000000000 ) ) ;
#978 = DIRECTION ( 'NONE',  ( 0.0000000000000000000, -1.000000000000000000, 2.168404344971010100E-016 ) ) ;
#979 = LINE ( 'NONE', #980, #981 ) ;
#980 = CARTESIAN_POINT ( 'NONE',  ( -1.500000000000000000, 7.100000000000000500, 1.950000000000000000 ) ) ;
#981 = VECTOR ( 'NONE', #982, 1000.000000000000000 ) ;
#982 = DIRECTION ( 'NONE',  ( 0.0000000000000000000, 1.000000000000000000, 0.0000000000000000000 ) ) ;
#983 = LINE ( 'NONE', #984, #985 ) ;
#984 = CARTESIAN_POINT ( 'NONE',  ( 1.399999999999999900, 0.0000000000000000000, 0.2500000000000000000 ) ) ;
#985 = VECTOR ( 'NONE', #986, 1000.000000000000000 ) ;
#986 = DIRECTION ( 'NONE',  ( -1.000000000000000000, 0.0000000000000000000, 0.0000000000000000000 ) ) ;
#987 = LINE ( 'NONE', #988, #989 ) ;
#988 = CARTESIAN_POINT ( 'NONE',  ( 1.399999999999999900, 1.000000000000000000, 2.250000000000000000 ) ) ;
#989 = VECTOR ( 'NONE', #992, 1000.000000000000000 ) ;
#990 = ADVANCED_FACE ( 'NONE', ( #1219 ), #1220, .F. ) ;
#991 = VERTEX_POINT ( 'NONE', #1235 ) ;
#992 = DIRECTION ( 'NONE',  ( -1.000000000000000000, 0.0000000000000000000, 0.0000000000000000000 ) ) ;
#993 = FACE_OUTER_BOUND ( 'NONE', #652, .T. ) ;
#994 = PLANE ( 'NONE',  #995 ) ;
#995 = AXIS2_PLACEMENT_3D ( 'NONE', #996, #997, #998 ) ;
#996 = CARTESIAN_POINT ( 'NONE',  ( 1.108957249956400000, 3.000000000000000000, 1.722760687510899800 ) ) ;
#997 = DIRECTION ( 'NONE',  ( -0.9701425001453318800, 0.0000000000000000000, 0.2425356250363329700 ) ) ;
#998 = DIRECTION ( 'NONE',  ( 0.2425356250363329700, 0.0000000000000000000, 0.9701425001453318800 ) ) ;
#999 = LINE ( 'NONE', #1000, #1001 ) ;
#1000 = CARTESIAN_POINT ( 'NONE',  ( -3.000000000000000000, 7.000000000000000000, 1.950000000000000000 ) ) ;
#1001 = VECTOR ( 'NONE', #1002, 1000.000000000000000 ) ;
#1002 = DIRECTION ( 'NONE',  ( 0.0000000000000000000, 0.0000000000000000000, -1.000000000000000000 ) ) ;
#1003 = LINE ( 'NONE', #1004, #1005 ) ;
#1004 = CARTESIAN_POINT ( 'NONE',  ( 1.399999999999999900, 3.000000000000000000, 1.649999999999999900 ) ) ;
#1005 = VECTOR ( 'NONE', #1006, 999.9999999999998900 ) ;
#1006 = DIRECTION ( 'NONE',  ( 0.2425356250363330000, 0.0000000000000000000, 0.9701425001453319900 ) ) ;
#1007 = LINE ( 'NONE', #1009, #1010 ) ;
#1008 = EDGE_CURVE ( 'NONE', #272, #98, #1236, .T. ) ;
#1009 = CARTESIAN_POINT ( 'NONE',  ( -4.150000000000000400, 7.299999999999999800, -1.750000000000000000 ) ) ;
#1010 = VECTOR ( 'NONE', #1011, 1000.000000000000000 ) ;
#1011 = DIRECTION ( 'NONE',  ( 0.0000000000000000000, -1.000000000000000000, -2.168404344971010100E-016 ) ) ;
#1012 = LINE ( 'NONE', #1013, #1014 ) ;
#1013 = CARTESIAN_POINT ( 'NONE',  ( -0.4999999999999997800, 4.000000000000000000, 0.5500000000000000400 ) ) ;
#1014 = VECTOR ( 'NONE', #1015, 1000.000000000000000 ) ;
#1015 = DIRECTION ( 'NONE',  ( 0.0000000000000000000, 0.0000000000000000000, 1.000000000000000000 ) ) ;
#1016 = FACE_OUTER_BOUND ( 'NONE', #2791, .T. ) ;
#1017 = PLANE ( 'NONE',  #1018 ) ;
#1018 = AXIS2_PLACEMENT_3D ( 'NONE', #1019, #1020, #1021 ) ;
#1019 = CARTESIAN_POINT ( 'NONE',  ( 1.399999999999999900, 1.000000000000000000, -2.000000000000000000 ) ) ;
#1020 = DIRECTION ( 'NONE',  ( 0.0000000000000000000, 1.734723475976805100E-015, -1.000000000000000000 ) ) ;
#1021 = DIRECTION ( 'NONE',  ( 0.0000000000000000000, 1.000000000000000000, 1.734723475976805100E-015 ) ) ;
#1022 = LINE ( 'NONE', #1023, #1024 ) ;
#1023 = CARTESIAN_POINT ( 'NONE',  ( -4.150000000000000400, 6.000000000000000000, 1.950000000000000000 ) ) ;
#1024 = VECTOR ( 'NONE', #1026, 1000.000000000000000 ) ;
#1025 = EDGE_CURVE ( 'NONE', #3806, #669, #1254, .T. ) ;
#1026 = DIRECTION ( 'NONE',  ( -1.000000000000000000, 0.0000000000000000000, 0.0000000000000000000 ) ) ;
#1027 = CARTESIAN_POINT ( 'NONE',  ( -5.599999999999999600, 0.0000000000000000000, 0.2500000000000000000 ) ) ;
#1028 = LINE ( 'NONE', #1029, #1030 ) ;
#1029 = CARTESIAN_POINT ( 'NONE',  ( -5.250000000000000000, 2.000000000000000000, 1.950000000000000000 ) ) ;
#1030 = VECTOR ( 'NONE', #1031, 1000.000000000000000 ) ;
#1031 = DIRECTION ( 'NONE',  ( 1.000000000000000000, 0.0000000000000000000, 0.0000000000000000000 ) ) ;
#1032 = FACE_OUTER_BOUND ( 'NONE', #623, .T. ) ;
#1033 = PLANE ( 'NONE',  #1034 ) ;
#1034 = AXIS2_PLACEMENT_3D ( 'NONE', #1035, #1036, #1037 ) ;
#1035 = CARTESIAN_POINT ( 'NONE',  ( 1.399999999999999900, -3.500000000000000000, -3.000000000000000000 ) ) ;
#1036 = DIRECTION ( 'NONE',  ( 0.0000000000000000000, -1.000000000000000000, 0.0000000000000000000 ) ) ;
#1037 = DIRECTION ( 'NONE',  ( 0.0000000000000000000, 0.0000000000000000000, -1.000000000000000000 ) ) ;
#1038 = LINE ( 'NONE', #1039, #1040 ) ;
#1039 = CARTESIAN_POINT ( 'NONE',  ( -4.850000000000000500, 7.299999999999999800, -1.750000000000000000 ) ) ;
#1040 = VECTOR ( 'NONE', #1041, 1000.000000000000000 ) ;
#1041 = DIRECTION ( 'NONE',  ( -1.000000000000000000, 0.0000000000000000000, 0.0000000000000000000 ) ) ;
#1042 = VERTEX_POINT ( 'NONE', #1273 ) ;
#1043 = ORIENTED_EDGE ( 'NONE', *, *, #241, .F. ) ;
#1044 = LINE ( 'NONE', #1045, #1046 ) ;
#1045 = CARTESIAN_POINT ( 'NONE',  ( 0.3499999999999999800, -3.500000000000000000, 0.1499999999999999900 ) ) ;
#1046 = VECTOR ( 'NONE', #1047, 1000.000000000000000 ) ;
#1047 = DIRECTION ( 'NONE',  ( 0.0000000000000000000, 1.000000000000000000, 0.0000000000000000000 ) ) ;
#1048 = LINE ( 'NONE', #1049, #1050 ) ;
#1049 = CARTESIAN_POINT ( 'NONE',  ( -1.500000000000000000, 7.000000000000000000, 1.950000000000000000 ) ) ;
#1050 = VECTOR ( 'NONE', #1051, 1000.000000000000000 ) ;
#1051 = DIRECTION ( 'NONE',  ( 0.0000000000000000000, 0.0000000000000000000, -1.000000000000000000 ) ) ;
#1052 = LINE ( 'NONE', #1053, #1054 ) ;
#1053 = CARTESIAN_POINT ( 'NONE',  ( -4.850000000000000500, -3.500000000000000000, -0.1499999999999999900 ) ) ;
#1054 = VECTOR ( 'NONE', #1055, 1000.000000000000000 ) ;
#1055 = DIRECTION ( 'NONE',  ( 1.927470528863119800E-016, -1.000000000000000000, 0.0000000000000000000 ) ) ;
#1056 = LINE ( 'NONE', #1057, #1058 ) ;
#1057 = CARTESIAN_POINT ( 'NONE',  ( -5.599999999999999600, 2.999999999999895200, -4.000000000000000000 ) ) ;
#1058 = VECTOR ( 'NONE', #1059, 1000.000000000000000 ) ;
#1059 = DIRECTION ( 'NONE',  ( 0.0000000000000000000, 1.000000000000000000, -1.705811418043860100E-014 ) ) ;
#1060 = ORIENTED_EDGE ( 'NONE', *, *, #1008, .T. ) ;
#1061 = CARTESIAN_POINT ( 'NONE',  ( 2.100000000000000100, -1.800000000000000000, -2.000000000000000000 ) ) ;
#1062 = LINE ( 'NONE', #1063, #1064 ) ;
#1063 = CARTESIAN_POINT ( 'NONE',  ( 1.701369532022449800, -1.800000000000000000, -2.000000000000000000 ) ) ;
#1064 = VECTOR ( 'NONE', #1065, 1000.000000000000000 ) ;
#1065 = DIRECTION ( 'NONE',  ( -0.6585046078685190500, -0.7525766947068770500, 0.0000000000000000000 ) ) ;
#1066 = LINE ( 'NONE', #1067, #1068 ) ;
#1067 = CARTESIAN_POINT ( 'NONE',  ( 0.3499999999999999800, -3.500000000000000000, -0.1499999999999999900 ) ) ;
#1068 = VECTOR ( 'NONE', #1069, 1000.000000000000000 ) ;
#1069 = DIRECTION ( 'NONE',  ( 0.0000000000000000000, 1.000000000000000000, 0.0000000000000000000 ) ) ;
#1070 = CARTESIAN_POINT ( 'NONE',  ( 0.7619889452693540100, 3.000000000000000000, 0.3348874687627160200 ) ) ;
#1071 = FACE_OUTER_BOUND ( 'NONE', #3289, .T. ) ;
#1072 = PLANE ( 'NONE',  #1073 ) ;
#1073 = AXIS2_PLACEMENT_3D ( 'NONE', #1074, #1075, #1076 ) ;
#1074 = CARTESIAN_POINT ( 'NONE',  ( 1.399999999999999900, 3.000000000000000000, -1.750000000000000000 ) ) ;
#1075 = DIRECTION ( 'NONE',  ( 0.0000000000000000000, -1.000000000000000000, 0.0000000000000000000 ) ) ;
#1076 = DIRECTION ( 'NONE',  ( 0.0000000000000000000, 0.0000000000000000000, -1.000000000000000000 ) ) ;
#1077 = ORIENTED_EDGE ( 'NONE', *, *, #1209, .F. ) ;
#1078 = CARTESIAN_POINT ( 'NONE',  ( 1.399999999999999900, 7.000000000000000000, 2.250000000000000000 ) ) ;
#1079 = FACE_OUTER_BOUND ( 'NONE', #490, .T. ) ;
#1080 = PLANE ( 'NONE',  #1081 ) ;
#1081 = AXIS2_PLACEMENT_3D ( 'NONE', #1082, #1083, #1084 ) ;
#1082 = CARTESIAN_POINT ( 'NONE',  ( -5.899999999999999500, -3.500000000000000000, -3.000000000000000000 ) ) ;
#1083 = DIRECTION ( 'NONE',  ( 0.0000000000000000000, -1.000000000000000000, 0.0000000000000000000 ) ) ;
#1084 = DIRECTION ( 'NONE',  ( 0.0000000000000000000, 0.0000000000000000000, -1.000000000000000000 ) ) ;
#1085 = LINE ( 'NONE', #1086, #1087 ) ;
#1086 = CARTESIAN_POINT ( 'NONE',  ( -1.500000000000000000, 7.400000000000000400, 2.250000000000000000 ) ) ;
#1087 = VECTOR ( 'NONE', #1088, 1000.000000000000000 ) ;
#1088 = DIRECTION ( 'NONE',  ( 0.0000000000000000000, 0.0000000000000000000, 1.000000000000000000 ) ) ;
#1089 = FACE_OUTER_BOUND ( 'NONE', #284, .T. ) ;
#1090 = PLANE ( 'NONE',  #1091 ) ;
#1091 = AXIS2_PLACEMENT_3D ( 'NONE', #1092, #1093, #1094 ) ;
#1092 = CARTESIAN_POINT ( 'NONE',  ( 1.050000000000000000, 3.000000000000000000, 0.2500000000000000000 ) ) ;
#1093 = DIRECTION ( 'NONE',  ( -0.9701425001453318800, 0.0000000000000000000, -0.2425356250363329700 ) ) ;
#1094 = DIRECTION ( 'NONE',  ( -0.2425356250363329700, 0.0000000000000000000, 0.9701425001453318800 ) ) ;
#1095 = LINE ( 'NONE', #1096, #1097 ) ;
#1096 = CARTESIAN_POINT ( 'NONE',  ( 1.100000000000000100, 1.000000000000000000, 2.250000000000000000 ) ) ;
#1097 = VECTOR ( 'NONE', #1098, 1000.000000000000000 ) ;
#1098 = DIRECTION ( 'NONE',  ( 0.0000000000000000000, 0.0000000000000000000, -1.000000000000000000 ) ) ;
#1099 = LINE ( 'NONE', #1100, #1101 ) ;
#1100 = CARTESIAN_POINT ( 'NONE',  ( -5.599999999999999600, 5.000000000000000000, 2.250000000000000000 ) ) ;
#1101 = VECTOR ( 'NONE', #1102, 1000.000000000000000 ) ;
#1102 = DIRECTION ( 'NONE',  ( 0.0000000000000000000, 0.0000000000000000000, 1.000000000000000000 ) ) ;
#1103 = LINE ( 'NONE', #1104, #1105 ) ;
#1104 = CARTESIAN_POINT ( 'NONE',  ( 1.399999999999999900, -3.500000000000000000, -3.000000000000000000 ) ) ;
#1105 = VECTOR ( 'NONE', #1106, 1000.000000000000000 ) ;
#1106 = DIRECTION ( 'NONE',  ( 0.0000000000000000000, 0.0000000000000000000, 1.000000000000000000 ) ) ;
#1107 = LINE ( 'NONE', #1108, #1109 ) ;
#1108 = CARTESIAN_POINT ( 'NONE',  ( 1.399999999999999900, 7.000000000000000000, -1.750000000000000000 ) ) ;
#1109 = VECTOR ( 'NONE', #1111, 1000.000000000000000 ) ;
#1110 = VERTEX_POINT ( 'NONE', #1288 ) ;
#1111 = DIRECTION ( 'NONE',  ( -1.000000000000000000, 0.0000000000000000000, 0.0000000000000000000 ) ) ;
#1112 = CARTESIAN_POINT ( 'NONE',  ( -1.500000000000000000, 7.100000000000000500, 0.9499999999999999600 ) ) ;
#1113 = LINE ( 'NONE', #1114, #1115 ) ;
#1114 = CARTESIAN_POINT ( 'NONE',  ( -4.850000000000000500, 1.000000000000000000, 0.1499999999999999900 ) ) ;
#1115 = VECTOR ( 'NONE', #1116, 1000.000000000000000 ) ;
#1116 = DIRECTION ( 'NONE',  ( -1.000000000000000000, 0.0000000000000000000, 0.0000000000000000000 ) ) ;
#1117 = CARTESIAN_POINT ( 'NONE',  ( -4.150000000000000400, 7.000000000000000000, -1.750000000000000000 ) ) ;
#1118 = LINE ( 'NONE', #1119, #1120 ) ;
#1119 = CARTESIAN_POINT ( 'NONE',  ( -0.3499999999999999800, 1.000000000000000000, -0.1499999999999999900 ) ) ;
#1120 = VECTOR ( 'NONE', #1121, 1000.000000000000000 ) ;
#1121 = DIRECTION ( 'NONE',  ( 2.409338161078900200E-016, -1.000000000000000000, 0.0000000000000000000 ) ) ;
#1122 = CARTESIAN_POINT ( 'NONE',  ( 1.399999999999999900, 7.000000000000000000, -1.750000000000000000 ) ) ;
#1123 = LINE ( 'NONE', #1124, #1125 ) ;
#1124 = CARTESIAN_POINT ( 'NONE',  ( 0.7619889452693550100, 3.000000000000000000, 0.1651125312372830100 ) ) ;
#1125 = VECTOR ( 'NONE', #1126, 1000.000000000000000 ) ;
#1126 = DIRECTION ( 'NONE',  ( 0.0000000000000000000, 1.000000000000000000, 0.0000000000000000000 ) ) ;
#1127 = LINE ( 'NONE', #1128, #1129 ) ;
#1128 = CARTESIAN_POINT ( 'NONE',  ( -5.899999999999999500, -1.000000000000000000, -3.000000000000000000 ) ) ;
#1129 = VECTOR ( 'NONE', #1130, 999.9999999999998900 ) ;
#1130 = DIRECTION ( 'NONE',  ( -0.6585046078685180500, -0.7525766947068779400, 0.0000000000000000000 ) ) ;
#1131 = LINE ( 'NONE', #1132, #1133 ) ;
#1132 = CARTESIAN_POINT ( 'NONE',  ( -5.599999999999999600, 3.000000000000000000, 1.950000000000000000 ) ) ;
#1133 = VECTOR ( 'NONE', #1134, 1000.000000000000000 ) ;
#1134 = DIRECTION ( 'NONE',  ( 0.0000000000000000000, -1.000000000000000000, 7.228014483236699500E-017 ) ) ;
#1135 = LINE ( 'NONE', #1136, #1137 ) ;
#1136 = CARTESIAN_POINT ( 'NONE',  ( -5.599999999999999600, -6.505213034913041400E-017, -3.000000000000000000 ) ) ;
#1137 = VECTOR ( 'NONE', #1138, 1000.000000000000000 ) ;
#1138 = DIRECTION ( 'NONE',  ( 0.0000000000000000000, 1.000000000000000000, 0.0000000000000000000 ) ) ;
#1139 = FACE_OUTER_BOUND ( 'NONE', #106, .T. ) ;
#1140 = PLANE ( 'NONE',  #1141 ) ;
#1141 = AXIS2_PLACEMENT_3D ( 'NONE', #1142, #1143, #1144 ) ;
#1142 = CARTESIAN_POINT ( 'NONE',  ( -1.500000000000000000, 1.000000000000000000, 1.950000000000000000 ) ) ;
#1143 = DIRECTION ( 'NONE',  ( 1.000000000000000000, 0.0000000000000000000, 0.0000000000000000000 ) ) ;
#1144 = DIRECTION ( 'NONE',  ( 0.0000000000000000000, 0.0000000000000000000, -1.000000000000000000 ) ) ;
#1145 = CARTESIAN_POINT ( 'NONE',  ( -4.250000000000000000, 6.000000000000000000, 1.940000000000000200 ) ) ;
#1146 = CIRCLE ( 'NONE', #1147, 0.3499999999999999800 ) ;
#1147 = AXIS2_PLACEMENT_3D ( 'NONE', #1148, #1149, #1150 ) ;
#1148 = CARTESIAN_POINT ( 'NONE',  ( 1.101538820320219900, 5.000000000000000000, 0.2500000000000000000 ) ) ;
#1149 = DIRECTION ( 'NONE',  ( 0.0000000000000000000, 1.000000000000000000, 0.0000000000000000000 ) ) ;
#1150 = DIRECTION ( 'NONE',  ( -6.195440985631454300E-016, 0.0000000000000000000, -1.000000000000000000 ) ) ;
#1151 = CARTESIAN_POINT ( 'NONE',  ( -3.000000000000000000, 1.000000000000000000, 2.250000000000000000 ) ) ;
#1152 = CARTESIAN_POINT ( 'NONE',  ( -0.3499999999999999800, 1.000000000000000000, 0.1499999999999999900 ) ) ;
#1153 = LINE ( 'NONE', #1154, #1155 ) ;
#1154 = CARTESIAN_POINT ( 'NONE',  ( -5.899999999999999500, 0.0000000000000000000, -3.000000000000000000 ) ) ;
#1155 = VECTOR ( 'NONE', #1156, 1000.000000000000000 ) ;
#1156 = DIRECTION ( 'NONE',  ( 0.0000000000000000000, -1.000000000000000000, 0.0000000000000000000 ) ) ;
#1157 = CARTESIAN_POINT ( 'NONE',  ( -4.150000000000000400, -3.500000000000000000, -0.1499999999999999900 ) ) ;
#1158 = CARTESIAN_POINT ( 'NONE',  ( -4.850000000000000500, 7.299999999999999800, 0.1499999999999999900 ) ) ;
#1159 = FACE_OUTER_BOUND ( 'NONE', #3765, .T. ) ;
#1160 = PLANE ( 'NONE',  #1161 ) ;
#1161 = AXIS2_PLACEMENT_3D ( 'NONE', #1162, #1163, #1164 ) ;
#1162 = CARTESIAN_POINT ( 'NONE',  ( -4.150000000000000400, 7.299999999999999800, -1.750000000000000000 ) ) ;
#1163 = DIRECTION ( 'NONE',  ( 0.0000000000000000000, -1.000000000000000000, 0.0000000000000000000 ) ) ;
#1164 = DIRECTION ( 'NONE',  ( 0.0000000000000000000, 0.0000000000000000000, -1.000000000000000000 ) ) ;
#1165 = LINE ( 'NONE', #1166, #1167 ) ;
#1166 = CARTESIAN_POINT ( 'NONE',  ( -4.250000000000000000, 7.000000000000000000, 1.940000000000000200 ) ) ;
#1167 = VECTOR ( 'NONE', #1168, 1000.000000000000000 ) ;
#1168 = DIRECTION ( 'NONE',  ( 0.0000000000000000000, -1.000000000000000000, 3.614007241618349800E-017 ) ) ;
#1169 = CARTESIAN_POINT ( 'NONE',  ( 1.100000000000000100, 5.000000000000000000, 1.686931687685300000 ) ) ;
#1170 = LINE ( 'NONE', #1171, #1172 ) ;
#1171 = CARTESIAN_POINT ( 'NONE',  ( -3.000000000000000000, 1.000000000000000000, 2.250000000000000000 ) ) ;
#1172 = VECTOR ( 'NONE', #1173, 1000.000000000000000 ) ;
#1173 = DIRECTION ( 'NONE',  ( 0.0000000000000000000, -1.000000000000000000, 0.0000000000000000000 ) ) ;
#1174 = LINE ( 'NONE', #1175, #1176 ) ;
#1175 = CARTESIAN_POINT ( 'NONE',  ( -3.000000000000000000, 0.5999999999999999800, 2.250000000000000000 ) ) ;
#1176 = VECTOR ( 'NONE', #1177, 1000.000000000000000 ) ;
#1177 = DIRECTION ( 'NONE',  ( 0.0000000000000000000, 0.0000000000000000000, -1.000000000000000000 ) ) ;
#1178 = LINE ( 'NONE', #1179, #1180 ) ;
#1179 = CARTESIAN_POINT ( 'NONE',  ( 1.399999999999999900, -2.600000000000000100, -3.000000000000000000 ) ) ;
#1180 = VECTOR ( 'NONE', #1181, 1000.000000000000000 ) ;
#1181 = DIRECTION ( 'NONE',  ( 0.0000000000000000000, 1.000000000000000000, 0.0000000000000000000 ) ) ;
#1182 = LINE ( 'NONE', #1183, #1184 ) ;
#1183 = CARTESIAN_POINT ( 'NONE',  ( -0.2500000000000000000, 1.000000000000000000, 1.950000000000000000 ) ) ;
#1184 = VECTOR ( 'NONE', #1185, 1000.000000000000000 ) ;
#1185 = DIRECTION ( 'NONE',  ( 0.0000000000000000000, 1.000000000000000000, -3.614007241618349800E-017 ) ) ;
#1186 = CIRCLE ( 'NONE', #1187, 0.5999999999999998700 ) ;
#1187 = AXIS2_PLACEMENT_3D ( 'NONE', #1188, #1189, #1190 ) ;
#1188 = CARTESIAN_POINT ( 'NONE',  ( -0.1000000000000000100, 1.850000000000000100, 2.250000000000000000 ) ) ;
#1189 = DIRECTION ( 'NONE',  ( 0.0000000000000000000, 7.228014483236699500E-017, 1.000000000000000000 ) ) ;
#1190 = DIRECTION ( 'NONE',  ( 0.0000000000000000000, 1.000000000000000000, 0.0000000000000000000 ) ) ;
#1191 = LINE ( 'NONE', #1192, #1193 ) ;
#1192 = CARTESIAN_POINT ( 'NONE',  ( 0.7500000000000000000, 7.000000000000000000, -1.149999999999999900 ) ) ;
#1193 = VECTOR ( 'NONE', #1194, 1000.000000000000000 ) ;
#1194 = DIRECTION ( 'NONE',  ( -1.000000000000000000, 0.0000000000000000000, 1.084202172485503800E-016 ) ) ;
#1195 = LINE ( 'NONE', #1196, #1197 ) ;
#1196 = CARTESIAN_POINT ( 'NONE',  ( 1.399999999999999900, 3.000000000000000000, -1.149999999999999900 ) ) ;
#1197 = VECTOR ( 'NONE', #1198, 1000.000000000000000 ) ;
#1198 = DIRECTION ( 'NONE',  ( 0.0000000000000000000, 1.000000000000000000, 0.0000000000000000000 ) ) ;
#1199 = FACE_OUTER_BOUND ( 'NONE', #214, .T. ) ;
#1200 = PLANE ( 'NONE',  #1201 ) ;
#1201 = AXIS2_PLACEMENT_3D ( 'NONE', #1202, #1203, #1204 ) ;
#1202 = CARTESIAN_POINT ( 'NONE',  ( -0.3499999999999999800, 1.000000000000000000, 0.1499999999999999900 ) ) ;
#1203 = DIRECTION ( 'NONE',  ( 1.000000000000000000, 2.409338161078900200E-016, 0.0000000000000000000 ) ) ;
#1204 = DIRECTION ( 'NONE',  ( -2.409338161078900200E-016, 1.000000000000000000, 0.0000000000000000000 ) ) ;
#1205 = CARTESIAN_POINT ( 'NONE',  ( 1.100000000000000100, -1.112720534831482100, -3.000000000000000000 ) ) ;
#1206 = LINE ( 'NONE', #1210, #1211 ) ;
#1207 = ORIENTED_EDGE ( 'NONE', *, *, #357, .F. ) ;
#1208 = VERTEX_POINT ( 'NONE', #1336 ) ;
#1209 = EDGE_CURVE ( 'NONE', #454, #1208, #1342, .T. ) ;
#1210 = CARTESIAN_POINT ( 'NONE',  ( 1.399999999999999900, 7.000000000000000000, 2.250000000000000000 ) ) ;
#1211 = VECTOR ( 'NONE', #1212, 1000.000000000000000 ) ;
#1212 = DIRECTION ( 'NONE',  ( -1.000000000000000000, 0.0000000000000000000, 0.0000000000000000000 ) ) ;
#1213 = CARTESIAN_POINT ( 'NONE',  ( -5.599999999999999600, 3.000000000000000000, 0.05000000000000000300 ) ) ;
#1214 = CARTESIAN_POINT ( 'NONE',  ( -0.6999999999999999600, 6.150000000000000400, 2.250000000000000000 ) ) ;
#1215 = LINE ( 'NONE', #1216, #1217 ) ;
#1216 = CARTESIAN_POINT ( 'NONE',  ( 1.701369532022449800, -1.800000000000000000, -3.000000000000000000 ) ) ;
#1217 = VECTOR ( 'NONE', #1218, 1000.000000000000000 ) ;
#1218 = DIRECTION ( 'NONE',  ( -0.6585046078685190500, -0.7525766947068770500, 0.0000000000000000000 ) ) ;
#1219 = FACE_OUTER_BOUND ( 'NONE', #3968, .T. ) ;
#1220 = PLANE ( 'NONE',  #1221 ) ;
#1221 = AXIS2_PLACEMENT_3D ( 'NONE', #1222, #1223, #1224 ) ;
#1222 = CARTESIAN_POINT ( 'NONE',  ( -1.500000000000000000, 7.100000000000000500, 0.9499999999999999600 ) ) ;
#1223 = DIRECTION ( 'NONE',  ( 0.0000000000000000000, 1.000000000000000000, 0.0000000000000000000 ) ) ;
#1224 = DIRECTION ( 'NONE',  ( 0.0000000000000000000, 0.0000000000000000000, 1.000000000000000000 ) ) ;
#1225 = LINE ( 'NONE', #1228, #1229 ) ;
#1226 = ORIENTED_EDGE ( 'NONE', *, *, #38, .T. ) ;
#1227 = EDGE_LOOP ( 'NONE', ( #4010, #132, #3945, #954 ) ) ;
#1228 = CARTESIAN_POINT ( 'NONE',  ( 1.100000000000000100, 3.000000000000000000, 1.250000000000000000 ) ) ;
#1229 = VECTOR ( 'NONE', #1230, 1000.000000000000000 ) ;
#1230 = DIRECTION ( 'NONE',  ( 0.0000000000000000000, -1.000000000000000000, -2.168404344971010100E-016 ) ) ;
#1231 = LINE ( 'NONE', #1232, #1233 ) ;
#1232 = CARTESIAN_POINT ( 'NONE',  ( 0.3499999999999999800, 7.299999999999999800, 0.1499999999999999900 ) ) ;
#1233 = VECTOR ( 'NONE', #1234, 1000.000000000000000 ) ;
#1234 = DIRECTION ( 'NONE',  ( 0.0000000000000000000, -1.000000000000000000, -2.168404344971010100E-016 ) ) ;
#1235 = CARTESIAN_POINT ( 'NONE',  ( -5.250000000000000000, 1.000000000000000000, 1.940000000000000200 ) ) ;
#1236 = LINE ( 'NONE', #1237, #1238 ) ;
#1237 = CARTESIAN_POINT ( 'NONE',  ( -6.599999999999999600, -1.800000000000000000, -3.000000000000000000 ) ) ;
#1238 = VECTOR ( 'NONE', #1239, 1000.000000000000000 ) ;
#1239 = DIRECTION ( 'NONE',  ( 0.6585046078685190500, -0.7525766947068770500, 0.0000000000000000000 ) ) ;
#1240 = FACE_OUTER_BOUND ( 'NONE', #3783, .T. ) ;
#1241 = PLANE ( 'NONE',  #1242 ) ;
#1242 = AXIS2_PLACEMENT_3D ( 'NONE', #1243, #1246, #1247 ) ;
#1243 = CARTESIAN_POINT ( 'NONE',  ( 0.3499999999999999800, -3.500000000000000000, -0.1499999999999999900 ) ) ;
#1244 = ORIENTED_EDGE ( 'NONE', *, *, #3720, .F. ) ;
#1245 = VERTEX_POINT ( 'NONE', #1364 ) ;
#1246 = DIRECTION ( 'NONE',  ( 0.0000000000000000000, 0.0000000000000000000, 1.000000000000000000 ) ) ;
#1247 = DIRECTION ( 'NONE',  ( 1.000000000000000000, 0.0000000000000000000, 0.0000000000000000000 ) ) ;
#1248 = FACE_OUTER_BOUND ( 'NONE', #453, .T. ) ;
#1249 = PLANE ( 'NONE',  #1250 ) ;
#1250 = AXIS2_PLACEMENT_3D ( 'NONE', #1251, #1252, #1253 ) ;
#1251 = CARTESIAN_POINT ( 'NONE',  ( -0.1000000000000000100, 1.850000000000000100, 2.750000000000000000 ) ) ;
#1252 = DIRECTION ( 'NONE',  ( 0.0000000000000000000, 0.0000000000000000000, 1.000000000000000000 ) ) ;
#1253 = DIRECTION ( 'NONE',  ( 1.000000000000000000, 0.0000000000000000000, 0.0000000000000000000 ) ) ;
#1254 = LINE ( 'NONE', #1255, #1256 ) ;
#1255 = CARTESIAN_POINT ( 'NONE',  ( 2.100000000000000100, -1.800000000000000000, -3.000000000000000000 ) ) ;
#1256 = VECTOR ( 'NONE', #1257, 1000.000000000000000 ) ;
#1257 = DIRECTION ( 'NONE',  ( 0.0000000000000000000, 0.0000000000000000000, 1.000000000000000000 ) ) ;
#1258 = LINE ( 'NONE', #1259, #1260 ) ;
#1259 = CARTESIAN_POINT ( 'NONE',  ( 1.399999999999999900, 7.000000000000000000, 2.250000000000000000 ) ) ;
#1260 = VECTOR ( 'NONE', #1261, 1000.000000000000000 ) ;
#1261 = DIRECTION ( 'NONE',  ( 0.0000000000000000000, -2.168404344971010100E-016, 1.000000000000000000 ) ) ;
#1262 = ORIENTED_EDGE ( 'NONE', *, *, #2492, .F. ) ;
#1263 = ADVANCED_FACE ( 'NONE', ( #1369, #1370 ), #1371, .T. ) ;
#1264 = CIRCLE ( 'NONE', #1265, 0.5999999999999998700 ) ;
#1265 = AXIS2_PLACEMENT_3D ( 'NONE', #1266, #1267, #1268 ) ;
#1266 = CARTESIAN_POINT ( 'NONE',  ( -4.400000000000000400, 6.150000000000000400, 2.250000000000000000 ) ) ;
#1267 = DIRECTION ( 'NONE',  ( 0.0000000000000000000, 7.228014483236699500E-017, 1.000000000000000000 ) ) ;
#1268 = DIRECTION ( 'NONE',  ( 0.0000000000000000000, 1.000000000000000000, 0.0000000000000000000 ) ) ;
#1269 = LINE ( 'NONE', #1270, #1271 ) ;
#1270 = CARTESIAN_POINT ( 'NONE',  ( 0.3499999999999999800, 7.000000000000000000, 0.1499999999999999900 ) ) ;
#1271 = VECTOR ( 'NONE', #1272, 1000.000000000000000 ) ;
#1272 = DIRECTION ( 'NONE',  ( 1.000000000000000000, 0.0000000000000000000, 0.0000000000000000000 ) ) ;
#1273 = CARTESIAN_POINT ( 'NONE',  ( -4.150000000000000400, -3.500000000000000000, 0.1499999999999999900 ) ) ;
#1274 = CARTESIAN_POINT ( 'NONE',  ( -5.599999999999999600, 5.000000000000000000, -1.186931687685300000 ) ) ;
#1275 = CARTESIAN_POINT ( 'NONE',  ( -0.6999999999999999600, 6.150000000000000400, 2.750000000000000000 ) ) ;
#1276 = FACE_OUTER_BOUND ( 'NONE', #3912, .T. ) ;
#1277 = PLANE ( 'NONE',  #1278 ) ;
#1278 = AXIS2_PLACEMENT_3D ( 'NONE', #1279, #1280, #1281 ) ;
#1279 = CARTESIAN_POINT ( 'NONE',  ( 1.399999999999999900, 3.761581922631320000E-034, -2.000000000000000000 ) ) ;
#1280 = DIRECTION ( 'NONE',  ( 0.0000000000000000000, 1.000000000000000000, -1.880790961315709800E-034 ) ) ;
#1281 = DIRECTION ( 'NONE',  ( 0.0000000000000000000, 1.880790961315709800E-034, 1.000000000000000000 ) ) ;
#1282 = CARTESIAN_POINT ( 'NONE',  ( 1.100000000000000100, 3.000000000000000000, -1.750000000000000000 ) ) ;
#1283 = CARTESIAN_POINT ( 'NONE',  ( 1.100000000000000100, -2.487279465168510400, -3.000000000000000000 ) ) ;
#1284 = LINE ( 'NONE', #1285, #1286 ) ;
#1285 = CARTESIAN_POINT ( 'NONE',  ( -5.549999999999999800, 3.000000000000000000, 0.2500000000000000000 ) ) ;
#1286 = VECTOR ( 'NONE', #1287, 999.9999999999998900 ) ;
#1287 = DIRECTION ( 'NONE',  ( -0.2425356250363320500, 0.0000000000000000000, -0.9701425001453322100 ) ) ;
#1288 = CARTESIAN_POINT ( 'NONE',  ( -0.2500000000000000000, 2.000000000000000000, 1.950000000000000000 ) ) ;
#1289 = LINE ( 'NONE', #1290, #1291 ) ;
#1290 = CARTESIAN_POINT ( 'NONE',  ( -5.250000000000000000, 2.000000000000000000, 1.940000000000000200 ) ) ;
#1291 = VECTOR ( 'NONE', #1292, 1000.000000000000000 ) ;
#1292 = DIRECTION ( 'NONE',  ( 1.000000000000000000, 0.0000000000000000000, 0.0000000000000000000 ) ) ;
#1293 = LINE ( 'NONE', #1294, #1295 ) ;
#1294 = CARTESIAN_POINT ( 'NONE',  ( 1.399999999999999900, 7.000000000000000000, 2.250000000000000000 ) ) ;
#1295 = VECTOR ( 'NONE', #1296, 1000.000000000000000 ) ;
#1296 = DIRECTION ( 'NONE',  ( -1.000000000000000000, 0.0000000000000000000, 0.0000000000000000000 ) ) ;
#1297 = LINE ( 'NONE', #1298, #1299 ) ;
#1298 = CARTESIAN_POINT ( 'NONE',  ( -0.3499999999999999800, 7.299999999999999800, 0.1499999999999999900 ) ) ;
#1299 = VECTOR ( 'NONE', #1300, 1000.000000000000000 ) ;
#1300 = DIRECTION ( 'NONE',  ( 0.0000000000000000000, -1.000000000000000000, -2.168404344971010100E-016 ) ) ;
#1301 = CARTESIAN_POINT ( 'NONE',  ( -0.3499999999999999800, 7.299999999999999800, -1.750000000000000000 ) ) ;
#1302 = FACE_OUTER_BOUND ( 'NONE', #3837, .T. ) ;
#1303 = PLANE ( 'NONE',  #1304 ) ;
#1304 = AXIS2_PLACEMENT_3D ( 'NONE', #1305, #1306, #1307 ) ;
#1305 = CARTESIAN_POINT ( 'NONE',  ( -4.850000000000000500, 7.299999999999999800, 0.1499999999999999900 ) ) ;
#1306 = DIRECTION ( 'NONE',  ( 0.0000000000000000000, 2.168404344971010100E-016, -1.000000000000000000 ) ) ;
#1307 = DIRECTION ( 'NONE',  ( 0.0000000000000000000, 1.000000000000000000, 2.168404344971010100E-016 ) ) ;
#1308 = FACE_OUTER_BOUND ( 'NONE', #2846, .T. ) ;
#1309 = PLANE ( 'NONE',  #1310 ) ;
#1310 = AXIS2_PLACEMENT_3D ( 'NONE', #1311, #1314, #1315 ) ;
#1311 = CARTESIAN_POINT ( 'NONE',  ( -2.250000000000000000, 4.000000000000000000, 0.5500000000000000400 ) ) ;
#1312 = EDGE_CURVE ( 'NONE', #78, #1747, #1395, .T. ) ;
#1313 = ADVANCED_FACE ( 'NONE', ( #1399 ), #1400, .T. ) ;
#1314 = DIRECTION ( 'NONE',  ( 0.0000000000000000000, 0.0000000000000000000, 1.000000000000000000 ) ) ;
#1315 = DIRECTION ( 'NONE',  ( 1.000000000000000000, 0.0000000000000000000, 0.0000000000000000000 ) ) ;
#1316 = LINE ( 'NONE', #1317, #1318 ) ;
#1317 = CARTESIAN_POINT ( 'NONE',  ( 1.100000000000000100, 3.000000000000000000, 1.649999999999999900 ) ) ;
#1318 = VECTOR ( 'NONE', #1319, 1000.000000000000000 ) ;
#1319 = DIRECTION ( 'NONE',  ( 0.0000000000000000000, 0.0000000000000000000, -1.000000000000000000 ) ) ;
#1320 = CARTESIAN_POINT ( 'NONE',  ( -6.599999999999999600, -1.800000000000000000, -3.000000000000000000 ) ) ;
#1321 = LINE ( 'NONE', #1322, #1323 ) ;
#1322 = CARTESIAN_POINT ( 'NONE',  ( 2.100000000000000100, -1.800000000000000000, -2.000000000000000000 ) ) ;
#1323 = VECTOR ( 'NONE', #1324, 1000.000000000000000 ) ;
#1324 = DIRECTION ( 'NONE',  ( 0.6585046078685190500, 0.7525766947068770500, 0.0000000000000000000 ) ) ;
#1325 = CARTESIAN_POINT ( 'NONE',  ( 1.100000000000000100, 7.000000000000000000, 1.950000000000000000 ) ) ;
#1326 = LINE ( 'NONE', #1327, #1328 ) ;
#1327 = CARTESIAN_POINT ( 'NONE',  ( 1.100000000000000100, -6.505213034913041400E-017, -3.000000000000000000 ) ) ;
#1328 = VECTOR ( 'NONE', #1329, 1000.000000000000000 ) ;
#1329 = DIRECTION ( 'NONE',  ( 1.948741195199929800E-016, -1.000000000000000000, 0.0000000000000000000 ) ) ;
#1330 = EDGE_CURVE ( 'NONE', #272, #2396, #1412, .T. ) ;
#1331 = EDGE_LOOP ( 'NONE', ( #248, #593, #178, #1875 ) ) ;
#1332 = LINE ( 'NONE', #1333, #1334 ) ;
#1333 = CARTESIAN_POINT ( 'NONE',  ( -5.599999999999999600, -1.112720534831482100, -3.000000000000000000 ) ) ;
#1334 = VECTOR ( 'NONE', #1335, 999.9999999999998900 ) ;
#1335 = DIRECTION ( 'NONE',  ( 0.6585046078685180500, 0.7525766947068779400, 0.0000000000000000000 ) ) ;
#1336 = CARTESIAN_POINT ( 'NONE',  ( -5.899999999999999500, 3.000000000000000000, -4.000000000000000000 ) ) ;
#1337 = LINE ( 'NONE', #1338, #1339 ) ;
#1338 = CARTESIAN_POINT ( 'NONE',  ( -5.599999999999999600, 5.000000000000000000, 2.250000000000000000 ) ) ;
#1339 = VECTOR ( 'NONE', #1340, 1000.000000000000000 ) ;
#1340 = DIRECTION ( 'NONE',  ( 0.0000000000000000000, 0.0000000000000000000, 1.000000000000000000 ) ) ;
#1341 = CARTESIAN_POINT ( 'NONE',  ( -1.500000000000000000, 1.000000000000000000, 1.950000000000000000 ) ) ;
#1342 = LINE ( 'NONE', #1343, #1344 ) ;
#1343 = CARTESIAN_POINT ( 'NONE',  ( -5.899999999999999500, 3.000000000000000000, -4.000000000000000000 ) ) ;
#1344 = VECTOR ( 'NONE', #1345, 1000.000000000000000 ) ;
#1345 = DIRECTION ( 'NONE',  ( 0.0000000000000000000, 1.000000000000000000, -1.705811418043860100E-014 ) ) ;
#1346 = LINE ( 'NONE', #1347, #1349 ) ;
#1347 = CARTESIAN_POINT ( 'NONE',  ( -1.500000000000000000, 7.100000000000000500, 1.950000000000000000 ) ) ;
#1348 = EDGE_CURVE ( 'NONE', #2036, #3742, #1417, .T. ) ;
#1349 = VECTOR ( 'NONE', #1350, 1000.000000000000000 ) ;
#1350 = DIRECTION ( 'NONE',  ( -1.000000000000000000, 0.0000000000000000000, 0.0000000000000000000 ) ) ;
#1351 = CARTESIAN_POINT ( 'NONE',  ( -5.899999999999999500, 1.000000000000000000, 2.250000000000000000 ) ) ;
#1352 = LINE ( 'NONE', #1353, #1354 ) ;
#1353 = CARTESIAN_POINT ( 'NONE',  ( -4.150000000000000400, 7.299999999999999800, 0.1499999999999999900 ) ) ;
#1354 = VECTOR ( 'NONE', #1355, 1000.000000000000000 ) ;
#1355 = DIRECTION ( 'NONE',  ( 0.0000000000000000000, -1.000000000000000000, -2.168404344971010100E-016 ) ) ;
#1356 = CARTESIAN_POINT ( 'NONE',  ( -5.599999999999999600, 1.000000000000000000, 1.250000000000000000 ) ) ;
#1357 = FACE_BOUND ( 'NONE', #3772, .T. ) ;
#1358 = FACE_OUTER_BOUND ( 'NONE', #597, .T. ) ;
#1359 = PLANE ( 'NONE',  #1360 ) ;
#1360 = AXIS2_PLACEMENT_3D ( 'NONE', #1361, #1362, #1363 ) ;
#1361 = CARTESIAN_POINT ( 'NONE',  ( -5.899999999999999500, 3.000000000000000000, 2.250000000000000000 ) ) ;
#1362 = DIRECTION ( 'NONE',  ( -1.000000000000000000, 0.0000000000000000000, 0.0000000000000000000 ) ) ;
#1363 = DIRECTION ( 'NONE',  ( 0.0000000000000000000, 0.0000000000000000000, 1.000000000000000000 ) ) ;
#1364 = CARTESIAN_POINT ( 'NONE',  ( 1.701369532022449800, -1.800000000000000000, -2.000000000000000000 ) ) ;
#1365 = ADVANCED_FACE ( 'NONE', ( #1429, #1430 ), #1431, .F. ) ;
#1366 = ORIENTED_EDGE ( 'NONE', *, *, #3973, .F. ) ;
#1367 = VERTEX_POINT ( 'NONE', #1436 ) ;
#1368 = ORIENTED_EDGE ( 'NONE', *, *, #166, .F. ) ;
#1369 = FACE_BOUND ( 'NONE', #2890, .T. ) ;
#1370 = FACE_OUTER_BOUND ( 'NONE', #501, .T. ) ;
#1371 = PLANE ( 'NONE',  #1372 ) ;
#1372 = AXIS2_PLACEMENT_3D ( 'NONE', #1373, #1374, #1375 ) ;
#1373 = CARTESIAN_POINT ( 'NONE',  ( -5.250000000000000000, 7.000000000000000000, 1.940000000000000200 ) ) ;
#1374 = DIRECTION ( 'NONE',  ( 0.0000000000000000000, 3.614007241618349800E-017, 1.000000000000000000 ) ) ;
#1375 = DIRECTION ( 'NONE',  ( 0.0000000000000000000, -1.000000000000000000, 3.614007241618349800E-017 ) ) ;
#1376 = CARTESIAN_POINT ( 'NONE',  ( -6.201369532022449800, -1.800000000000000000, -2.000000000000000000 ) ) ;
#1377 = CARTESIAN_POINT ( 'NONE',  ( 1.100000000000000100, -3.500000000000000000, -2.000000000000000000 ) ) ;
#1378 = LINE ( 'NONE', #1379, #1380 ) ;
#1379 = CARTESIAN_POINT ( 'NONE',  ( 1.399999999999999900, 1.000000000000000000, 2.250000000000000000 ) ) ;
#1380 = VECTOR ( 'NONE', #1381, 1000.000000000000000 ) ;
#1381 = DIRECTION ( 'NONE',  ( -1.000000000000000000, 0.0000000000000000000, 0.0000000000000000000 ) ) ;
#1382 = CARTESIAN_POINT ( 'NONE',  ( -4.150000000000000400, 7.000000000000000000, 0.1499999999999999900 ) ) ;
#1383 = LINE ( 'NONE', #1384, #1389 ) ;
#1384 = CARTESIAN_POINT ( 'NONE',  ( -4.000000000000000000, 4.000000000000000000, 0.5500000000000000400 ) ) ;
#1385 = ADVANCED_FACE ( 'NONE', ( #1446 ), #1447, .T. ) ;
#1386 = ORIENTED_EDGE ( 'NONE', *, *, #423, .T. ) ;
#1387 = EDGE_LOOP ( 'NONE', ( #2707, #385, #1946, #2866 ) ) ;
#1388 = EDGE_CURVE ( 'NONE', #2161, #148, #1467, .T. ) ;
#1389 = VECTOR ( 'NONE', #1390, 1000.000000000000000 ) ;
#1390 = DIRECTION ( 'NONE',  ( 0.0000000000000000000, 0.0000000000000000000, 1.000000000000000000 ) ) ;
#1391 = LINE ( 'NONE', #1392, #1393 ) ;
#1392 = CARTESIAN_POINT ( 'NONE',  ( -5.599999999999999600, -2.487279465168510400, -3.000000000000000000 ) ) ;
#1393 = VECTOR ( 'NONE', #1394, 1000.000000000000000 ) ;
#1394 = DIRECTION ( 'NONE',  ( 0.0000000000000000000, 1.000000000000000000, 0.0000000000000000000 ) ) ;
#1395 = LINE ( 'NONE', #1396, #1397 ) ;
#1396 = CARTESIAN_POINT ( 'NONE',  ( 0.7500000000000000000, 1.000000000000000000, -1.149999999999999900 ) ) ;
#1397 = VECTOR ( 'NONE', #1398, 1000.000000000000000 ) ;
#1398 = DIRECTION ( 'NONE',  ( -1.000000000000000000, 0.0000000000000000000, 1.084202172485503800E-016 ) ) ;
#1399 = FACE_OUTER_BOUND ( 'NONE', #104, .T. ) ;
#1400 = PLANE ( 'NONE',  #1401 ) ;
#1401 = AXIS2_PLACEMENT_3D ( 'NONE', #1402, #1403, #1404 ) ;
#1402 = CARTESIAN_POINT ( 'NONE',  ( 1.701369532022449800, -1.800000000000000000, -3.000000000000000000 ) ) ;
#1403 = DIRECTION ( 'NONE',  ( -0.7525766947068770500, 0.6585046078685190500, 0.0000000000000000000 ) ) ;
#1404 = DIRECTION ( 'NONE',  ( -0.6585046078685190500, -0.7525766947068770500, 0.0000000000000000000 ) ) ;
#1405 = ORIENTED_EDGE ( 'NONE', *, *, #415, .T. ) ;
#1406 = VERTEX_POINT ( 'NONE', #1471 ) ;
#1407 = EDGE_LOOP ( 'NONE', ( #269, #77 ) ) ;
#1408 = LINE ( 'NONE', #1409, #1410 ) ;
#1409 = CARTESIAN_POINT ( 'NONE',  ( 1.050000000000000000, 5.000000000000000000, 0.2500000000000000000 ) ) ;
#1410 = VECTOR ( 'NONE', #1411, 999.9999999999998900 ) ;
#1411 = DIRECTION ( 'NONE',  ( -0.2425356250363330000, 0.0000000000000000000, 0.9701425001453319900 ) ) ;
#1412 = LINE ( 'NONE', #1413, #1414 ) ;
#1413 = CARTESIAN_POINT ( 'NONE',  ( -6.599999999999999600, -1.800000000000000000, -3.000000000000000000 ) ) ;
#1414 = VECTOR ( 'NONE', #1415, 1000.000000000000000 ) ;
#1415 = DIRECTION ( 'NONE',  ( 0.0000000000000000000, 0.0000000000000000000, 1.000000000000000000 ) ) ;
#1416 = CARTESIAN_POINT ( 'NONE',  ( -5.899999999999999500, -1.000000000000000000, -3.000000000000000000 ) ) ;
#1417 = LINE ( 'NONE', #1418, #1419 ) ;
#1418 = CARTESIAN_POINT ( 'NONE',  ( 1.399999999999999900, 2.115889831480119900E-033, 1.250000000000000000 ) ) ;
#1419 = VECTOR ( 'NONE', #1420, 1000.000000000000000 ) ;
#1420 = DIRECTION ( 'NONE',  ( -1.000000000000000000, 0.0000000000000000000, 0.0000000000000000000 ) ) ;
#1421 = FACE_OUTER_BOUND ( 'NONE', #3709, .T. ) ;
#1422 = PLANE ( 'NONE',  #1423 ) ;
#1423 = AXIS2_PLACEMENT_3D ( 'NONE', #1426, #1427, #1428 ) ;
#1424 = ORIENTED_EDGE ( 'NONE', *, *, #334, .F. ) ;
#1425 = EDGE_CURVE ( 'NONE', #516, #573, #1472, .T. ) ;
#1426 = CARTESIAN_POINT ( 'NONE',  ( -4.150000000000000400, -3.500000000000000000, 0.1499999999999999900 ) ) ;
#1427 = DIRECTION ( 'NONE',  ( 0.0000000000000000000, 1.000000000000000000, 0.0000000000000000000 ) ) ;
#1428 = DIRECTION ( 'NONE',  ( 0.0000000000000000000, 0.0000000000000000000, 1.000000000000000000 ) ) ;
#1429 = FACE_BOUND ( 'NONE', #554, .T. ) ;
#1430 = FACE_OUTER_BOUND ( 'NONE', #3883, .T. ) ;
#1431 = PLANE ( 'NONE',  #1432 ) ;
#1432 = AXIS2_PLACEMENT_3D ( 'NONE', #1433, #1434, #1435 ) ;
#1433 = CARTESIAN_POINT ( 'NONE',  ( -5.599999999999999600, 3.000000000000000000, 2.250000000000000000 ) ) ;
#1434 = DIRECTION ( 'NONE',  ( -1.000000000000000000, 0.0000000000000000000, 0.0000000000000000000 ) ) ;
#1435 = DIRECTION ( 'NONE',  ( 0.0000000000000000000, 0.0000000000000000000, 1.000000000000000000 ) ) ;
#1436 = CARTESIAN_POINT ( 'NONE',  ( -3.000000000000000000, 0.5999999999999999800, 2.250000000000000000 ) ) ;
#1437 = LINE ( 'NONE', #1438, #1439 ) ;
#1438 = CARTESIAN_POINT ( 'NONE',  ( -1.500000000000000000, 0.9000000000000000200, 1.950000000000000000 ) ) ;
#1439 = VECTOR ( 'NONE', #1440, 1000.000000000000000 ) ;
#1440 = DIRECTION ( 'NONE',  ( -1.000000000000000000, 0.0000000000000000000, 0.0000000000000000000 ) ) ;
#1441 = CARTESIAN_POINT ( 'NONE',  ( 1.100000000000000100, 3.000000000000000000, -1.186931687685298000 ) ) ;
#1442 = EDGE_CURVE ( 'NONE', #318, #242, #1485, .T. ) ;
#1443 = VERTEX_POINT ( 'NONE', #1489 ) ;
#1444 = ADVANCED_FACE ( 'NONE', ( #1490 ), #1491, .T. ) ;
#1445 = ORIENTED_EDGE ( 'NONE', *, *, #4078, .F. ) ;
#1446 = FACE_OUTER_BOUND ( 'NONE', #601, .T. ) ;
#1447 = CYLINDRICAL_SURFACE ( 'NONE', #1448, 0.5999999999999999800 ) ;
#1448 = AXIS2_PLACEMENT_3D ( 'NONE', #1449, #1450, #1451 ) ;
#1449 = CARTESIAN_POINT ( 'NONE',  ( -0.1000000000000000100, 6.150000000000000400, 2.750000000000000000 ) ) ;
#1450 = DIRECTION ( 'NONE',  ( 0.0000000000000000000, 0.0000000000000000000, -1.000000000000000000 ) ) ;
#1451 = DIRECTION ( 'NONE',  ( -1.000000000000000000, 0.0000000000000000000, 0.0000000000000000000 ) ) ;
#1452 = LINE ( 'NONE', #1453, #1454 ) ;
#1453 = CARTESIAN_POINT ( 'NONE',  ( -4.850000000000000500, 7.000000000000000000, -1.750000000000000000 ) ) ;
#1454 = VECTOR ( 'NONE', #1455, 1000.000000000000000 ) ;
#1455 = DIRECTION ( 'NONE',  ( -4.565061778886330100E-016, 0.0000000000000000000, 1.000000000000000000 ) ) ;
#1456 = LINE ( 'NONE', #1457, #1458 ) ;
#1457 = CARTESIAN_POINT ( 'NONE',  ( -5.250000000000000000, 7.000000000000000000, -1.149999999999999900 ) ) ;
#1458 = VECTOR ( 'NONE', #1459, 1000.000000000000000 ) ;
#1459 = DIRECTION ( 'NONE',  ( -8.393823270855521200E-016, 0.0000000000000000000, 1.000000000000000000 ) ) ;
#1460 = LINE ( 'NONE', #1461, #1465 ) ;
#1461 = CARTESIAN_POINT ( 'NONE',  ( -0.2500000000000000000, 2.000000000000000000, 1.940000000000000200 ) ) ;
#1462 = ORIENTED_EDGE ( 'NONE', *, *, #3716, .T. ) ;
#1463 = ORIENTED_EDGE ( 'NONE', *, *, #724, .F. ) ;
#1464 = ORIENTED_EDGE ( 'NONE', *, *, #4006, .T. ) ;
#1465 = VECTOR ( 'NONE', #1466, 1000.000000000000000 ) ;
#1466 = DIRECTION ( 'NONE',  ( 0.0000000000000000000, 6.643448811904929700E-017, 1.000000000000000000 ) ) ;
#1467 = LINE ( 'NONE', #1468, #1469 ) ;
#1468 = CARTESIAN_POINT ( 'NONE',  ( 0.7500000000000000000, 7.000000000000000000, -1.149999999999999900 ) ) ;
#1469 = VECTOR ( 'NONE', #1470, 1000.000000000000000 ) ;
#1470 = DIRECTION ( 'NONE',  ( -1.000000000000000000, 0.0000000000000000000, 1.084202172485503800E-016 ) ) ;
#1471 = CARTESIAN_POINT ( 'NONE',  ( 0.3499999999999999800, 7.000000000000000000, 0.1499999999999999900 ) ) ;
#1472 = LINE ( 'NONE', #1473, #1474 ) ;
#1473 = CARTESIAN_POINT ( 'NONE',  ( -5.000000000000000000, 1.850000000000000100, 2.750000000000000000 ) ) ;
#1474 = VECTOR ( 'NONE', #1475, 1000.000000000000000 ) ;
#1475 = DIRECTION ( 'NONE',  ( 0.0000000000000000000, 0.0000000000000000000, -1.000000000000000000 ) ) ;
#1476 = LINE ( 'NONE', #1477, #1478 ) ;
#1477 = CARTESIAN_POINT ( 'NONE',  ( -0.6999999999999999600, 1.850000000000000100, 2.750000000000000000 ) ) ;
#1478 = VECTOR ( 'NONE', #1479, 1000.000000000000000 ) ;
#1479 = DIRECTION ( 'NONE',  ( 0.0000000000000000000, 0.0000000000000000000, -1.000000000000000000 ) ) ;
#1480 = LINE ( 'NONE', #1482, #1483 ) ;
#1481 = ORIENTED_EDGE ( 'NONE', *, *, #476, .T. ) ;
#1482 = CARTESIAN_POINT ( 'NONE',  ( -5.599999999999999600, 1.000000000000000000, 2.250000000000000000 ) ) ;
#1483 = VECTOR ( 'NONE', #1484, 1000.000000000000000 ) ;
#1484 = DIRECTION ( 'NONE',  ( 0.0000000000000000000, 0.0000000000000000000, -1.000000000000000000 ) ) ;
#1485 = LINE ( 'NONE', #1486, #1487 ) ;
#1486 = CARTESIAN_POINT ( 'NONE',  ( -5.599999999999999600, 3.000000000000000000, 2.250000000000000000 ) ) ;
#1487 = VECTOR ( 'NONE', #1488, 1000.000000000000000 ) ;
#1488 = DIRECTION ( 'NONE',  ( 0.0000000000000000000, 0.0000000000000000000, 1.000000000000000000 ) ) ;
#1489 = CARTESIAN_POINT ( 'NONE',  ( -5.599999999999999600, 3.000000000000000000, 0.4500000000000000100 ) ) ;
#1490 = FACE_OUTER_BOUND ( 'NONE', #374, .T. ) ;
#1491 = PLANE ( 'NONE',  #1492 ) ;
#1492 = AXIS2_PLACEMENT_3D ( 'NONE', #1493, #1494, #1495 ) ;
#1493 = CARTESIAN_POINT ( 'NONE',  ( -5.549999999999999800, 5.000000000000000000, 0.2500000000000000000 ) ) ;
#1494 = DIRECTION ( 'NONE',  ( 0.0000000000000000000, -1.000000000000000000, 0.0000000000000000000 ) ) ;
#1495 = DIRECTION ( 'NONE',  ( 0.0000000000000000000, 0.0000000000000000000, -1.000000000000000000 ) ) ;
#1496 = LINE ( 'NONE', #1497, #1501 ) ;
#1497 = CARTESIAN_POINT ( 'NONE',  ( -5.599999999999999600, -1.112720534831482100, -2.000000000000000000 ) ) ;
#1498 = EDGE_LOOP ( 'NONE', ( #1874, #142, #3828, #3348, #3058, #3502 ) ) ;
#1499 = EDGE_LOOP ( 'NONE', ( #3842, #3870, #74, #391 ) ) ;
#1500 = EDGE_LOOP ( 'NONE', ( #465, #2885, #706, #105 ) ) ;
#1501 = VECTOR ( 'NONE', #1502, 999.9999999999998900 ) ;
#1502 = DIRECTION ( 'NONE',  ( 0.6585046078685180500, 0.7525766947068779400, 0.0000000000000000000 ) ) ;
#1503 = FACE_BOUND ( 'NONE', #918, .T. ) ;
#1504 = FACE_OUTER_BOUND ( 'NONE', #3175, .T. ) ;
#1505 = PLANE ( 'NONE',  #1506 ) ;
#1506 = AXIS2_PLACEMENT_3D ( 'NONE', #1507, #1508, #1509 ) ;
#1507 = CARTESIAN_POINT ( 'NONE',  ( 1.399999999999999900, 3.000000000000000000, 2.250000000000000000 ) ) ;
#1508 = DIRECTION ( 'NONE',  ( -1.000000000000000000, 0.0000000000000000000, 0.0000000000000000000 ) ) ;
#1509 = DIRECTION ( 'NONE',  ( 0.0000000000000000000, 0.0000000000000000000, 1.000000000000000000 ) ) ;
#1510 = LINE ( 'NONE', #1511, #1512 ) ;
#1511 = CARTESIAN_POINT ( 'NONE',  ( -5.899999999999999500, 3.761581922631320000E-034, -2.000000000000000000 ) ) ;
#1512 = VECTOR ( 'NONE', #1513, 1000.000000000000000 ) ;
#1513 = DIRECTION ( 'NONE',  ( 0.0000000000000000000, -1.880790961315709800E-034, -1.000000000000000000 ) ) ;
#1514 = LINE ( 'NONE', #1515, #1516 ) ;
#1515 = CARTESIAN_POINT ( 'NONE',  ( -4.150000000000000400, 7.000000000000000000, -1.750000000000000000 ) ) ;
#1516 = VECTOR ( 'NONE', #1518, 1000.000000000000000 ) ;
#1517 = EDGE_LOOP ( 'NONE', ( #971, #115, #1366, #3805, #4, #352, #2984, #2201, #463, #1553, #2597, #26, #4007, #100 ) ) ;
#1518 = DIRECTION ( 'NONE',  ( -4.565061778886330100E-016, 0.0000000000000000000, -1.000000000000000000 ) ) ;
#1519 = CARTESIAN_POINT ( 'NONE',  ( -1.500000000000000000, 1.000000000000000000, 2.250000000000000000 ) ) ;
#1520 = CARTESIAN_POINT ( 'NONE',  ( -5.599999999999999600, 1.000000000000000000, -2.000000000000000000 ) ) ;
#1521 = CARTESIAN_POINT ( 'NONE',  ( 1.050000000000000000, 3.000000000000000000, 0.2500000000000000000 ) ) ;
#1522 = CARTESIAN_POINT ( 'NONE',  ( 1.750000000000000000, 0.0000000000000000000, -1.700000000000000000 ) ) ;
#1523 = LINE ( 'NONE', #1524, #1525 ) ;
#1524 = CARTESIAN_POINT ( 'NONE',  ( -5.899999999999999500, 5.000000000000000000, -1.149999999999999900 ) ) ;
#1525 = VECTOR ( 'NONE', #1526, 1000.000000000000000 ) ;
#1526 = DIRECTION ( 'NONE',  ( 3.097720492815725200E-016, 0.0000000000000000000, 1.000000000000000000 ) ) ;
#1527 = FACE_OUTER_BOUND ( 'NONE', #4022, .T. ) ;
#1528 = PLANE ( 'NONE',  #1529 ) ;
#1529 = AXIS2_PLACEMENT_3D ( 'NONE', #1530, #1531, #1532 ) ;
#1530 = CARTESIAN_POINT ( 'NONE',  ( 1.399999999999999900, 5.000000000000000000, 1.649999999999999900 ) ) ;
#1531 = DIRECTION ( 'NONE',  ( 0.0000000000000000000, -1.000000000000000000, 0.0000000000000000000 ) ) ;
#1532 = DIRECTION ( 'NONE',  ( 0.0000000000000000000, 0.0000000000000000000, -1.000000000000000000 ) ) ;
#1533 = CARTESIAN_POINT ( 'NONE',  ( -5.599999999999999600, 3.000000000000000000, -1.186931687685300000 ) ) ;
#1534 = ORIENTED_EDGE ( 'NONE', *, *, #2891, .F. ) ;
#1535 = LINE ( 'NONE', #1536, #1537 ) ;
#1536 = CARTESIAN_POINT ( 'NONE',  ( -1.500000000000000000, 1.000000000000000000, 1.950000000000000000 ) ) ;
#1537 = VECTOR ( 'NONE', #1538, 1000.000000000000000 ) ;
#1538 = DIRECTION ( 'NONE',  ( 0.0000000000000000000, 0.0000000000000000000, 1.000000000000000000 ) ) ;
#1539 = CARTESIAN_POINT ( 'NONE',  ( 1.399999999999999900, -1.000000000000000000, -2.000000000000000000 ) ) ;
#1540 = CARTESIAN_POINT ( 'NONE',  ( -0.3499999999999999800, 7.000000000000000000, -1.149999999999999900 ) ) ;
#1541 = CARTESIAN_POINT ( 'NONE',  ( -5.599999999999999600, 1.000000000000000000, 1.950000000000000000 ) ) ;
#1542 = CARTESIAN_POINT ( 'NONE',  ( -5.899999999999999500, 7.000000000000000000, 2.250000000000000000 ) ) ;
#1543 = CARTESIAN_POINT ( 'NONE',  ( 1.100000000000000100, -1.112720534831482100, -2.000000000000000000 ) ) ;
#1544 = CARTESIAN_POINT ( 'NONE',  ( -5.899999999999999500, -2.600000000000000100, -2.000000000000000000 ) ) ;
#1545 = LINE ( 'NONE', #1546, #1547 ) ;
#1546 = CARTESIAN_POINT ( 'NONE',  ( 1.399999999999999900, 1.000000000000000000, 1.250000000000000000 ) ) ;
#1547 = VECTOR ( 'NONE', #1548, 1000.000000000000000 ) ;
#1548 = DIRECTION ( 'NONE',  ( 0.0000000000000000000, -1.000000000000000000, -2.168404344971010100E-016 ) ) ;
#1549 = LINE ( 'NONE', #1550, #1554 ) ;
#1550 = CARTESIAN_POINT ( 'NONE',  ( -5.599999999999999600, 3.000000000000000000, -1.750000000000000000 ) ) ;
#1551 = ORIENTED_EDGE ( 'NONE', *, *, #3119, .F. ) ;
#1552 = EDGE_CURVE ( 'NONE', #361, #3766, #1562, .T. ) ;
#1553 = ORIENTED_EDGE ( 'NONE', *, *, #31, .F. ) ;
#1554 = VECTOR ( 'NONE', #1555, 1000.000000000000000 ) ;
#1555 = DIRECTION ( 'NONE',  ( 0.0000000000000000000, 1.000000000000000000, -2.168404344971010100E-016 ) ) ;
#1556 = FACE_OUTER_BOUND ( 'NONE', #3824, .T. ) ;
#1557 = PLANE ( 'NONE',  #1558 ) ;
#1558 = AXIS2_PLACEMENT_3D ( 'NONE', #1559, #1560, #1561 ) ;
#1559 = CARTESIAN_POINT ( 'NONE',  ( 1.399999999999999900, 0.0000000000000000000, 0.2500000000000000000 ) ) ;
#1560 = DIRECTION ( 'NONE',  ( 0.0000000000000000000, 0.0000000000000000000, 1.000000000000000000 ) ) ;
#1561 = DIRECTION ( 'NONE',  ( 1.000000000000000000, 0.0000000000000000000, 0.0000000000000000000 ) ) ;
#1562 = LINE ( 'NONE', #1563, #1564 ) ;
#1563 = CARTESIAN_POINT ( 'NONE',  ( -5.899999999999999500, 1.000000000000000000, 1.250000000000000000 ) ) ;
#1564 = VECTOR ( 'NONE', #1565, 1000.000000000000000 ) ;
#1565 = DIRECTION ( 'NONE',  ( 0.0000000000000000000, -1.000000000000000000, -2.168404344971010100E-016 ) ) ;
#1566 = LINE ( 'NONE', #1567, #1568 ) ;
#1567 = CARTESIAN_POINT ( 'NONE',  ( 1.100000000000000100, 3.000000000000000000, -2.000000000000000000 ) ) ;
#1568 = VECTOR ( 'NONE', #1569, 1000.000000000000000 ) ;
#1569 = DIRECTION ( 'NONE',  ( 0.0000000000000000000, -1.000000000000000000, -1.734723475976805100E-015 ) ) ;
#1570 = ORIENTED_EDGE ( 'NONE', *, *, #614, .T. ) ;
#1571 = ORIENTED_EDGE ( 'NONE', *, *, #3924, .T. ) ;
#1572 = VERTEX_POINT ( 'NONE', #1580 ) ;
#1573 = ORIENTED_EDGE ( 'NONE', *, *, #332, .F. ) ;
#1574 = FACE_OUTER_BOUND ( 'NONE', #4073, .T. ) ;
#1575 = PLANE ( 'NONE',  #1576 ) ;
#1576 = AXIS2_PLACEMENT_3D ( 'NONE', #1577, #1578, #1579 ) ;
#1577 = CARTESIAN_POINT ( 'NONE',  ( -4.150000000000000400, 7.299999999999999800, -1.750000000000000000 ) ) ;
#1578 = DIRECTION ( 'NONE',  ( -1.000000000000000000, -9.898899796398209600E-032, 4.565061778886340000E-016 ) ) ;
#1579 = DIRECTION ( 'NONE',  ( 4.565061778886340000E-016, 0.0000000000000000000, 1.000000000000000000 ) ) ;
#1580 = CARTESIAN_POINT ( 'NONE',  ( -5.599999999999999600, 1.000000000000000000, 0.2500000000000000000 ) ) ;
#1581 = LINE ( 'NONE', #1582, #1583 ) ;
#1582 = CARTESIAN_POINT ( 'NONE',  ( 1.100000000000000100, 5.000000000000000000, 1.649999999999999900 ) ) ;
#1583 = VECTOR ( 'NONE', #1584, 1000.000000000000000 ) ;
#1584 = DIRECTION ( 'NONE',  ( 0.0000000000000000000, 0.0000000000000000000, -1.000000000000000000 ) ) ;
#1585 = CARTESIAN_POINT ( 'NONE',  ( -5.599999999999999600, 2.115889831480119900E-033, 1.250000000000000000 ) ) ;
#1586 = FACE_OUTER_BOUND ( 'NONE', #3966, .T. ) ;
#1587 = PLANE ( 'NONE',  #1588 ) ;
#1588 = AXIS2_PLACEMENT_3D ( 'NONE', #1589, #1595, #1596 ) ;
#1589 = CARTESIAN_POINT ( 'NONE',  ( 1.399999999999999900, 3.000000000000000000, 1.649999999999999900 ) ) ;
#1590 = VERTEX_POINT ( 'NONE', #1585 ) ;
#1591 = ADVANCED_FACE ( 'NONE', ( #1586 ), #1587, .F. ) ;
#1592 = VERTEX_POINT ( 'NONE', #1597 ) ;
#1593 = ORIENTED_EDGE ( 'NONE', *, *, #3909, .T. ) ;
#1594 = ORIENTED_EDGE ( 'NONE', *, *, #574, .T. ) ;
#1595 = DIRECTION ( 'NONE',  ( -0.9701425001453318800, 0.0000000000000000000, 0.2425356250363329700 ) ) ;
#1596 = DIRECTION ( 'NONE',  ( 0.2425356250363329700, 0.0000000000000000000, 0.9701425001453318800 ) ) ;
#1597 = CARTESIAN_POINT ( 'NONE',  ( 0.3499999999999999800, 7.299999999999999800, -1.750000000000000000 ) ) ;
#1598 = LINE ( 'NONE', #1599, #1600 ) ;
#1599 = CARTESIAN_POINT ( 'NONE',  ( 0.3499999999999999800, 7.000000000000000000, -1.750000000000000000 ) ) ;
#1600 = VECTOR ( 'NONE', #1601, 1000.000000000000000 ) ;
#1601 = DIRECTION ( 'NONE',  ( 2.853163611803959400E-017, 0.0000000000000000000, -1.000000000000000000 ) ) ;
#1602 = CARTESIAN_POINT ( 'NONE',  ( -5.899999999999999500, 0.0000000000000000000, -3.000000000000000000 ) ) ;
#1603 = FACE_OUTER_BOUND ( 'NONE', #2181, .T. ) ;
#1604 = PLANE ( 'NONE',  #1605 ) ;
#1605 = AXIS2_PLACEMENT_3D ( 'NONE', #1606, #1607, #1608 ) ;
#1606 = CARTESIAN_POINT ( 'NONE',  ( -5.899999999999999500, 3.000000000000000000, 1.649999999999999900 ) ) ;
#1607 = DIRECTION ( 'NONE',  ( 0.9701425001453323200, 0.0000000000000000000, 0.2425356250363315800 ) ) ;
#1608 = DIRECTION ( 'NONE',  ( 0.2425356250363315800, 0.0000000000000000000, -0.9701425001453323200 ) ) ;
#1609 = LINE ( 'NONE', #1610, #1613 ) ;
#1610 = CARTESIAN_POINT ( 'NONE',  ( -5.250000000000000000, 1.000000000000000000, -1.149999999999999900 ) ) ;
#1611 = ORIENTED_EDGE ( 'NONE', *, *, #3755, .F. ) ;
#1612 = ORIENTED_EDGE ( 'NONE', *, *, #1425, .T. ) ;
#1613 = VECTOR ( 'NONE', #1614, 1000.000000000000000 ) ;
#1614 = DIRECTION ( 'NONE',  ( 0.0000000000000000000, 1.000000000000000000, 2.168404344971010100E-016 ) ) ;
#1615 = CARTESIAN_POINT ( 'NONE',  ( 0.3499999999999999800, 7.299999999999999800, 0.1499999999999999900 ) ) ;
#1616 = FACE_OUTER_BOUND ( 'NONE', #238, .T. ) ;
#1617 = CYLINDRICAL_SURFACE ( 'NONE', #1618, 0.3500000000000000300 ) ;
#1618 = AXIS2_PLACEMENT_3D ( 'NONE', #1619, #1620, #1621 ) ;
#1619 = CARTESIAN_POINT ( 'NONE',  ( 1.101538820320219900, 3.000000000000000000, 0.2500000000000000000 ) ) ;
#1620 = DIRECTION ( 'NONE',  ( 0.0000000000000000000, 1.000000000000000000, 0.0000000000000000000 ) ) ;
#1621 = DIRECTION ( 'NONE',  ( 0.0000000000000000000, 0.0000000000000000000, 1.000000000000000000 ) ) ;
#1622 = CARTESIAN_POINT ( 'NONE',  ( -0.3499999999999999800, -3.500000000000000000, -0.1499999999999999900 ) ) ;
#1623 = FACE_OUTER_BOUND ( 'NONE', #1926, .T. ) ;
#1624 = PLANE ( 'NONE',  #1625 ) ;
#1625 = AXIS2_PLACEMENT_3D ( 'NONE', #1626, #1627, #1628 ) ;
#1626 = CARTESIAN_POINT ( 'NONE',  ( 1.399999999999999900, 7.000000000000000000, 2.250000000000000000 ) ) ;
#1627 = DIRECTION ( 'NONE',  ( 0.0000000000000000000, -1.000000000000000000, -2.168404344971010100E-016 ) ) ;
#1628 = DIRECTION ( 'NONE',  ( 0.0000000000000000000, 2.168404344971010100E-016, -1.000000000000000000 ) ) ;
#1629 = ADVANCED_FACE ( 'NONE', ( #1603 ), #1604, .F. ) ;
#1630 = ORIENTED_EDGE ( 'NONE', *, *, #612, .F. ) ;
#1631 = ORIENTED_EDGE ( 'NONE', *, *, #2106, .F. ) ;
#1632 = CARTESIAN_POINT ( 'NONE',  ( -0.3499999999999999800, -3.500000000000000000, 0.1499999999999999900 ) ) ;
#1633 = CARTESIAN_POINT ( 'NONE',  ( -4.000000000000000000, 4.000000000000000000, 0.5500000000000000400 ) ) ;
#1634 = LINE ( 'NONE', #1635, #1636 ) ;
#1635 = CARTESIAN_POINT ( 'NONE',  ( -0.3499999999999999800, -3.500000000000000000, 0.1499999999999999900 ) ) ;
#1636 = VECTOR ( 'NONE', #1637, 1000.000000000000000 ) ;
#1637 = DIRECTION ( 'NONE',  ( 0.0000000000000000000, 0.0000000000000000000, -1.000000000000000000 ) ) ;
#1638 = LINE ( 'NONE', #1639, #1640 ) ;
#1639 = CARTESIAN_POINT ( 'NONE',  ( 1.100000000000000100, 3.000000000000000000, 1.950000000000000000 ) ) ;
#1640 = VECTOR ( 'NONE', #1641, 1000.000000000000000 ) ;
#1641 = DIRECTION ( 'NONE',  ( 0.0000000000000000000, -1.000000000000000000, 7.228014483236699500E-017 ) ) ;
#1642 = FACE_OUTER_BOUND ( 'NONE', #3545, .T. ) ;
#1643 = PLANE ( 'NONE',  #1644 ) ;
#1644 = AXIS2_PLACEMENT_3D ( 'NONE', #1645, #1646, #1647 ) ;
#1645 = CARTESIAN_POINT ( 'NONE',  ( -1.500000000000000000, 0.5999999999999999800, 0.9499999999999999600 ) ) ;
#1646 = DIRECTION ( 'NONE',  ( 0.0000000000000000000, 0.0000000000000000000, 1.000000000000000000 ) ) ;
#1647 = DIRECTION ( 'NONE',  ( 1.000000000000000000, 0.0000000000000000000, 0.0000000000000000000 ) ) ;
#1648 = VERTEX_POINT ( 'NONE', #1615 ) ;
#1649 = LINE ( 'NONE', #1650, #1651 ) ;
#1650 = CARTESIAN_POINT ( 'NONE',  ( 1.399999999999999900, 2.115889831480119900E-033, 1.250000000000000000 ) ) ;
#1651 = VECTOR ( 'NONE', #1652, 1000.000000000000000 ) ;
#1652 = DIRECTION ( 'NONE',  ( -1.000000000000000000, 0.0000000000000000000, 0.0000000000000000000 ) ) ;
#1653 = CARTESIAN_POINT ( 'NONE',  ( -5.599999999999999600, 7.000000000000000000, 1.950000000000000000 ) ) ;
#1654 = LINE ( 'NONE', #1655, #1656 ) ;
#1655 = CARTESIAN_POINT ( 'NONE',  ( -3.000000000000000000, 7.400000000000000400, 0.9499999999999999600 ) ) ;
#1656 = VECTOR ( 'NONE', #1657, 1000.000000000000000 ) ;
#1657 = DIRECTION ( 'NONE',  ( 0.0000000000000000000, 1.000000000000000000, 0.0000000000000000000 ) ) ;
#1658 = LINE ( 'NONE', #1659, #1660 ) ;
#1659 = CARTESIAN_POINT ( 'NONE',  ( 1.399999999999999900, 1.000000000000000000, 1.250000000000000000 ) ) ;
#1660 = VECTOR ( 'NONE', #1661, 1000.000000000000000 ) ;
#1661 = DIRECTION ( 'NONE',  ( -1.000000000000000000, 0.0000000000000000000, 0.0000000000000000000 ) ) ;
#1662 = CIRCLE ( 'NONE', #1663, 0.5999999999999998700 ) ;
#1663 = AXIS2_PLACEMENT_3D ( 'NONE', #1664, #1667, #1668 ) ;
#1664 = CARTESIAN_POINT ( 'NONE',  ( -4.400000000000000400, 1.850000000000000100, 2.250000000000000000 ) ) ;
#1665 = ORIENTED_EDGE ( 'NONE', *, *, #235, .T. ) ;
#1666 = ORIENTED_EDGE ( 'NONE', *, *, #3925, .T. ) ;
#1667 = DIRECTION ( 'NONE',  ( 0.0000000000000000000, 7.228014483236699500E-017, 1.000000000000000000 ) ) ;
#1668 = DIRECTION ( 'NONE',  ( 1.445602896647339500E-015, 1.000000000000000000, 0.0000000000000000000 ) ) ;
#1669 = LINE ( 'NONE', #1670, #1671 ) ;
#1670 = CARTESIAN_POINT ( 'NONE',  ( -4.150000000000000400, -3.500000000000000000, 0.1499999999999999900 ) ) ;
#1671 = VECTOR ( 'NONE', #1672, 1000.000000000000000 ) ;
#1672 = DIRECTION ( 'NONE',  ( 1.000000000000000000, 0.0000000000000000000, 0.0000000000000000000 ) ) ;
#1673 = CARTESIAN_POINT ( 'NONE',  ( -5.250000000000000000, 1.000000000000000000, -1.149999999999999900 ) ) ;
#1674 = CARTESIAN_POINT ( 'NONE',  ( 1.399999999999999900, 3.000000000000000000, -1.149999999999999900 ) ) ;
#1675 = CARTESIAN_POINT ( 'NONE',  ( -5.261988945269359300, 3.000000000000000000, 0.1651125312372840000 ) ) ;
#1676 = LINE ( 'NONE', #1677, #1678 ) ;
#1677 = CARTESIAN_POINT ( 'NONE',  ( -5.599999999999999600, 3.000000000000000000, -1.186931687685300000 ) ) ;
#1678 = VECTOR ( 'NONE', #1679, 1000.000000000000000 ) ;
#1679 = DIRECTION ( 'NONE',  ( 0.0000000000000000000, 1.000000000000000000, 0.0000000000000000000 ) ) ;
#1680 = LINE ( 'NONE', #1681, #1682 ) ;
#1681 = CARTESIAN_POINT ( 'NONE',  ( -4.150000000000000400, -3.500000000000000000, 0.1499999999999999900 ) ) ;
#1682 = VECTOR ( 'NONE', #1683, 1000.000000000000000 ) ;
#1683 = DIRECTION ( 'NONE',  ( 0.0000000000000000000, 0.0000000000000000000, -1.000000000000000000 ) ) ;
#1684 = CARTESIAN_POINT ( 'NONE',  ( -5.899999999999999500, 1.000000000000000000, 1.250000000000000000 ) ) ;
#1685 = CARTESIAN_POINT ( 'NONE',  ( 0.7619889452693550100, 3.000000000000000000, 0.1651125312372830100 ) ) ;
#1686 = LINE ( 'NONE', #1687, #1688 ) ;
#1687 = CARTESIAN_POINT ( 'NONE',  ( -5.899999999999999500, -2.600000000000000100, -3.000000000000000000 ) ) ;
#1688 = VECTOR ( 'NONE', #1689, 1000.000000000000000 ) ;
#1689 = DIRECTION ( 'NONE',  ( 0.0000000000000000000, -1.000000000000000000, 0.0000000000000000000 ) ) ;
#1690 = LINE ( 'NONE', #1691, #1692 ) ;
#1691 = CARTESIAN_POINT ( 'NONE',  ( -4.150000000000000400, -3.500000000000000000, -0.1499999999999999900 ) ) ;
#1692 = VECTOR ( 'NONE', #1693, 1000.000000000000000 ) ;
#1693 = DIRECTION ( 'NONE',  ( 1.000000000000000000, 0.0000000000000000000, 0.0000000000000000000 ) ) ;
#1694 = LINE ( 'NONE', #1695, #1696 ) ;
#1695 = CARTESIAN_POINT ( 'NONE',  ( -5.599999999999999600, -3.500000000000000000, -3.000000000000000000 ) ) ;
#1696 = VECTOR ( 'NONE', #1697, 1000.000000000000000 ) ;
#1697 = DIRECTION ( 'NONE',  ( 0.0000000000000000000, 0.0000000000000000000, 1.000000000000000000 ) ) ;
#1698 = LINE ( 'NONE', #1699, #1700 ) ;
#1699 = CARTESIAN_POINT ( 'NONE',  ( -5.899999999999999500, 1.000000000000000000, 2.250000000000000000 ) ) ;
#1700 = VECTOR ( 'NONE', #1701, 1000.000000000000000 ) ;
#1701 = DIRECTION ( 'NONE',  ( 0.0000000000000000000, -1.000000000000000000, 7.228014483236699500E-017 ) ) ;
#1702 = LINE ( 'NONE', #1703, #1704 ) ;
#1703 = CARTESIAN_POINT ( 'NONE',  ( 0.7500000000000000000, 7.000000000000000000, -1.149999999999999900 ) ) ;
#1704 = VECTOR ( 'NONE', #1705, 1000.000000000000000 ) ;
#1705 = DIRECTION ( 'NONE',  ( -1.000000000000000000, 0.0000000000000000000, 1.084202172485503800E-016 ) ) ;
#1706 = LINE ( 'NONE', #1707, #1708 ) ;
#1707 = CARTESIAN_POINT ( 'NONE',  ( -1.500000000000000000, 1.000000000000000000, 2.250000000000000000 ) ) ;
#1708 = VECTOR ( 'NONE', #1709, 1000.000000000000000 ) ;
#1709 = DIRECTION ( 'NONE',  ( 0.0000000000000000000, -1.000000000000000000, 0.0000000000000000000 ) ) ;
#1710 = LINE ( 'NONE', #1711, #1712 ) ;
#1711 = CARTESIAN_POINT ( 'NONE',  ( -5.899999999999999500, 5.000000000000000000, 1.649999999999999900 ) ) ;
#1712 = VECTOR ( 'NONE', #1713, 999.9999999999998900 ) ;
#1713 = DIRECTION ( 'NONE',  ( 0.2425356250363315800, 0.0000000000000000000, -0.9701425001453323200 ) ) ;
#1714 = CIRCLE ( 'NONE', #1715, 0.5999999999999998700 ) ;
#1715 = AXIS2_PLACEMENT_3D ( 'NONE', #1716, #1717, #1718 ) ;
#1716 = CARTESIAN_POINT ( 'NONE',  ( -0.1000000000000000100, 1.850000000000000100, 2.250000000000000000 ) ) ;
#1717 = DIRECTION ( 'NONE',  ( 0.0000000000000000000, 7.228014483236699500E-017, 1.000000000000000000 ) ) ;
#1718 = DIRECTION ( 'NONE',  ( 8.809142651444725500E-016, 1.000000000000000000, 0.0000000000000000000 ) ) ;
#1719 = FACE_OUTER_BOUND ( 'NONE', #452, .T. ) ;
#1720 = PLANE ( 'NONE',  #1721 ) ;
#1721 = AXIS2_PLACEMENT_3D ( 'NONE', #1722, #1723, #1724 ) ;
#1722 = CARTESIAN_POINT ( 'NONE',  ( 0.3499999999999999800, 7.299999999999999800, -1.750000000000000000 ) ) ;
#1723 = DIRECTION ( 'NONE',  ( 0.0000000000000000000, -2.168404344971010100E-016, 1.000000000000000000 ) ) ;
#1724 = DIRECTION ( 'NONE',  ( 0.0000000000000000000, -1.000000000000000000, -2.168404344971010100E-016 ) ) ;
#1725 = FACE_OUTER_BOUND ( 'NONE', #1227, .T. ) ;
#1726 = PLANE ( 'NONE',  #1727 ) ;
#1727 = AXIS2_PLACEMENT_3D ( 'NONE', #1728, #1729, #1730 ) ;
#1728 = CARTESIAN_POINT ( 'NONE',  ( -4.850000000000000500, -3.500000000000000000, 0.1499999999999999900 ) ) ;
#1729 = DIRECTION ( 'NONE',  ( 1.000000000000000000, 1.927470528863119800E-016, 0.0000000000000000000 ) ) ;
#1730 = DIRECTION ( 'NONE',  ( -1.927470528863119800E-016, 1.000000000000000000, 0.0000000000000000000 ) ) ;
#1731 = LINE ( 'NONE', #1732, #1733 ) ;
#1732 = CARTESIAN_POINT ( 'NONE',  ( 1.100000000000000100, -1.112720534831482100, -2.000000000000000000 ) ) ;
#1733 = VECTOR ( 'NONE', #1734, 999.9999999999998900 ) ;
#1734 = DIRECTION ( 'NONE',  ( 0.6585046078685180500, -0.7525766947068779400, 0.0000000000000000000 ) ) ;
#1735 = CARTESIAN_POINT ( 'NONE',  ( -5.899999999999999500, 5.000000000000000000, 1.649999999999999900 ) ) ;
#1736 = LINE ( 'NONE', #1737, #1738 ) ;
#1737 = CARTESIAN_POINT ( 'NONE',  ( -1.500000000000000000, 7.000000000000000000, 2.250000000000000000 ) ) ;
#1738 = VECTOR ( 'NONE', #1739, 1000.000000000000000 ) ;
#1739 = DIRECTION ( 'NONE',  ( 0.0000000000000000000, -1.000000000000000000, 0.0000000000000000000 ) ) ;
#1740 = LINE ( 'NONE', #1741, #1742 ) ;
#1741 = CARTESIAN_POINT ( 'NONE',  ( 1.100000000000000100, 0.0000000000000000000, 2.250000000000000000 ) ) ;
#1742 = VECTOR ( 'NONE', #1743, 1000.000000000000000 ) ;
#1743 = DIRECTION ( 'NONE',  ( 0.0000000000000000000, -1.880790961315709800E-034, -1.000000000000000000 ) ) ;
#1744 = CARTESIAN_POINT ( 'NONE',  ( -5.599999999999999600, -1.112720534831482100, -3.000000000000000000 ) ) ;
#1745 = LINE ( 'NONE', #1746, #1749 ) ;
#1746 = CARTESIAN_POINT ( 'NONE',  ( -0.3499999999999999800, 1.000000000000000000, 0.1499999999999999900 ) ) ;
#1747 = VERTEX_POINT ( 'NONE', #1673 ) ;
#1748 = ORIENTED_EDGE ( 'NONE', *, *, #427, .F. ) ;
#1749 = VECTOR ( 'NONE', #1750, 1000.000000000000000 ) ;
#1750 = DIRECTION ( 'NONE',  ( 2.409338161078900200E-016, -1.000000000000000000, 0.0000000000000000000 ) ) ;
#1751 = CARTESIAN_POINT ( 'NONE',  ( 1.399999999999999900, 1.000000000000000000, -2.000000000000000000 ) ) ;
#1752 = FACE_OUTER_BOUND ( 'NONE', #1873, .T. ) ;
#1753 = PLANE ( 'NONE',  #1754 ) ;
#1754 = AXIS2_PLACEMENT_3D ( 'NONE', #1755, #1756, #1757 ) ;
#1755 = CARTESIAN_POINT ( 'NONE',  ( -1.500000000000000000, 7.400000000000000400, 2.250000000000000000 ) ) ;
#1756 = DIRECTION ( 'NONE',  ( 0.0000000000000000000, -1.000000000000000000, 0.0000000000000000000 ) ) ;
#1757 = DIRECTION ( 'NONE',  ( 0.0000000000000000000, 0.0000000000000000000, -1.000000000000000000 ) ) ;
#1758 = CARTESIAN_POINT ( 'NONE',  ( -4.250000000000000000, 2.000000000000000000, 1.940000000000000200 ) ) ;
#1759 = LINE ( 'NONE', #1760, #1761 ) ;
#1760 = CARTESIAN_POINT ( 'NONE',  ( -1.750000000000000000, 2.143061119189160200E-016, -1.700000000000000000 ) ) ;
#1761 = VECTOR ( 'NONE', #1762, 1000.000000000000000 ) ;
#1762 = DIRECTION ( 'NONE',  ( 0.0000000000000000000, 0.0000000000000000000, 1.000000000000000000 ) ) ;
#1763 = LINE ( 'NONE', #1764, #1765 ) ;
#1764 = CARTESIAN_POINT ( 'NONE',  ( -0.3499999999999999800, 7.299999999999999800, -1.750000000000000000 ) ) ;
#1765 = VECTOR ( 'NONE', #1766, 1000.000000000000000 ) ;
#1766 = DIRECTION ( 'NONE',  ( 0.0000000000000000000, -1.000000000000000000, -2.168404344971010100E-016 ) ) ;
#1767 = CARTESIAN_POINT ( 'NONE',  ( -5.599999999999999600, 3.000000000000000000, -4.000000000000000000 ) ) ;
#1768 = CARTESIAN_POINT ( 'NONE',  ( -5.899999999999999500, -3.500000000000000000, -2.000000000000000000 ) ) ;
#1769 = FACE_OUTER_BOUND ( 'NONE', #232, .T. ) ;
#1770 = CYLINDRICAL_SURFACE ( 'NONE', #1771, 1.750000000000000000 ) ;
#1771 = AXIS2_PLACEMENT_3D ( 'NONE', #1772, #1773, #1774 ) ;
#1772 = CARTESIAN_POINT ( 'NONE',  ( -2.250000000000000000, 4.000000000000000000, 0.5500000000000000400 ) ) ;
#1773 = DIRECTION ( 'NONE',  ( 0.0000000000000000000, 0.0000000000000000000, 1.000000000000000000 ) ) ;
#1774 = DIRECTION ( 'NONE',  ( 1.000000000000000000, 0.0000000000000000000, 0.0000000000000000000 ) ) ;
#1775 = LINE ( 'NONE', #1776, #1777 ) ;
#1776 = CARTESIAN_POINT ( 'NONE',  ( 0.3499999999999999800, 7.000000000000000000, 1.940000000000000200 ) ) ;
#1777 = VECTOR ( 'NONE', #1778, 1000.000000000000000 ) ;
#1778 = DIRECTION ( 'NONE',  ( -1.000000000000000000, 0.0000000000000000000, 0.0000000000000000000 ) ) ;
#1779 = LINE ( 'NONE', #1780, #1783 ) ;
#1780 = CARTESIAN_POINT ( 'NONE',  ( 1.100000000000000100, 0.0000000000000000000, 2.250000000000000000 ) ) ;
#1781 = ORIENTED_EDGE ( 'NONE', *, *, #1981, .F. ) ;
#1782 = ORIENTED_EDGE ( 'NONE', *, *, #1819, .T. ) ;
#1783 = VECTOR ( 'NONE', #1784, 1000.000000000000000 ) ;
#1784 = DIRECTION ( 'NONE',  ( 0.0000000000000000000, -2.115889831480119900E-033, -1.000000000000000000 ) ) ;
#1785 = CIRCLE ( 'NONE', #1786, 1.750000000000000000 ) ;
#1786 = AXIS2_PLACEMENT_3D ( 'NONE', #1787, #1788, #1789 ) ;
#1787 = CARTESIAN_POINT ( 'NONE',  ( -2.250000000000000000, 4.000000000000000000, 2.250000000000000000 ) ) ;
#1788 = DIRECTION ( 'NONE',  ( 0.0000000000000000000, 0.0000000000000000000, 1.000000000000000000 ) ) ;
#1789 = DIRECTION ( 'NONE',  ( 1.000000000000000000, 0.0000000000000000000, 0.0000000000000000000 ) ) ;
#1790 = LINE ( 'NONE', #1791, #1792 ) ;
#1791 = CARTESIAN_POINT ( 'NONE',  ( -5.899999999999999500, 3.000000000000000000, -1.149999999999999900 ) ) ;
#1792 = VECTOR ( 'NONE', #1793, 1000.000000000000000 ) ;
#1793 = DIRECTION ( 'NONE',  ( 0.0000000000000000000, 1.000000000000000000, 0.0000000000000000000 ) ) ;
#1794 = LINE ( 'NONE', #1795, #1796 ) ;
#1795 = CARTESIAN_POINT ( 'NONE',  ( 1.399999999999999900, -1.000000000000000000, -3.000000000000000000 ) ) ;
#1796 = VECTOR ( 'NONE', #1797, 1000.000000000000000 ) ;
#1797 = DIRECTION ( 'NONE',  ( 0.0000000000000000000, 0.0000000000000000000, 1.000000000000000000 ) ) ;
#1798 = LINE ( 'NONE', #1801, #1802 ) ;
#1799 = VERTEX_POINT ( 'NONE', #1685 ) ;
#1800 = ORIENTED_EDGE ( 'NONE', *, *, #3390, .T. ) ;
#1801 = CARTESIAN_POINT ( 'NONE',  ( 0.3499999999999999800, 7.299999999999999800, -1.750000000000000000 ) ) ;
#1802 = VECTOR ( 'NONE', #1803, 1000.000000000000000 ) ;
#1803 = DIRECTION ( 'NONE',  ( -1.000000000000000000, 0.0000000000000000000, 0.0000000000000000000 ) ) ;
#1804 = FACE_OUTER_BOUND ( 'NONE', #310, .T. ) ;
#1805 = PLANE ( 'NONE',  #1806 ) ;
#1806 = AXIS2_PLACEMENT_3D ( 'NONE', #1807, #1808, #1809 ) ;
#1807 = CARTESIAN_POINT ( 'NONE',  ( -4.850000000000000500, 1.000000000000000000, -0.1499999999999999900 ) ) ;
#1808 = DIRECTION ( 'NONE',  ( 0.0000000000000000000, 0.0000000000000000000, -1.000000000000000000 ) ) ;
#1809 = DIRECTION ( 'NONE',  ( -1.000000000000000000, 0.0000000000000000000, 0.0000000000000000000 ) ) ;
#1810 = CARTESIAN_POINT ( 'NONE',  ( 1.399999999999999900, -2.600000000000000100, -2.000000000000000000 ) ) ;
#1811 = LINE ( 'NONE', #1812, #1813 ) ;
#1812 = CARTESIAN_POINT ( 'NONE',  ( 1.399999999999999900, 1.000000000000000000, -2.000000000000000000 ) ) ;
#1813 = VECTOR ( 'NONE', #1814, 1000.000000000000000 ) ;
#1814 = DIRECTION ( 'NONE',  ( 0.0000000000000000000, -1.000000000000000000, -1.734723475976805100E-015 ) ) ;
#1815 = CIRCLE ( 'NONE', #1816, 1.750000000000000000 ) ;
#1816 = AXIS2_PLACEMENT_3D ( 'NONE', #1820, #1821, #1822 ) ;
#1817 = ORIENTED_EDGE ( 'NONE', *, *, #267, .T. ) ;
#1818 = ORIENTED_EDGE ( 'NONE', *, *, #587, .T. ) ;
#1819 = EDGE_CURVE ( 'NONE', #4088, #417, #1694, .T. ) ;
#1820 = CARTESIAN_POINT ( 'NONE',  ( 0.0000000000000000000, 0.0000000000000000000, -1.700000000000000000 ) ) ;
#1821 = DIRECTION ( 'NONE',  ( 0.0000000000000000000, 0.0000000000000000000, 1.000000000000000000 ) ) ;
#1822 = DIRECTION ( 'NONE',  ( 1.000000000000000000, 0.0000000000000000000, 0.0000000000000000000 ) ) ;
#1823 = FACE_OUTER_BOUND ( 'NONE', #482, .T. ) ;
#1824 = PLANE ( 'NONE',  #1825 ) ;
#1825 = AXIS2_PLACEMENT_3D ( 'NONE', #1826, #1827, #1828 ) ;
#1826 = CARTESIAN_POINT ( 'NONE',  ( -6.201369532022449800, -1.800000000000000000, -3.000000000000000000 ) ) ;
#1827 = DIRECTION ( 'NONE',  ( 0.7525766947068766000, 0.6585046078685196100, 0.0000000000000000000 ) ) ;
#1828 = DIRECTION ( 'NONE',  ( -0.6585046078685195000, 0.7525766947068764900, 0.0000000000000000000 ) ) ;
#1829 = FACE_OUTER_BOUND ( 'NONE', #3803, .T. ) ;
#1830 = PLANE ( 'NONE',  #1831 ) ;
#1831 = AXIS2_PLACEMENT_3D ( 'NONE', #1832, #1833, #1834 ) ;
#1832 = CARTESIAN_POINT ( 'NONE',  ( 1.399999999999999900, 1.000000000000000000, 1.250000000000000000 ) ) ;
#1833 = DIRECTION ( 'NONE',  ( 0.0000000000000000000, 2.168404344971010100E-016, -1.000000000000000000 ) ) ;
#1834 = DIRECTION ( 'NONE',  ( 0.0000000000000000000, 1.000000000000000000, 2.168404344971010100E-016 ) ) ;
#1835 = CARTESIAN_POINT ( 'NONE',  ( 1.399999999999999900, 0.0000000000000000000, 0.2500000000000000000 ) ) ;
#1836 = ORIENTED_EDGE ( 'NONE', *, *, #1837, .T. ) ;
#1837 = EDGE_CURVE ( 'NONE', #510, #96, #1714, .T. ) ;
#1838 = ADVANCED_FACE ( 'NONE', ( #1719 ), #1720, .F. ) ;
#1839 = FACE_OUTER_BOUND ( 'NONE', #366, .T. ) ;
#1840 = CYLINDRICAL_SURFACE ( 'NONE', #1841, 0.5999999999999998700 ) ;
#1841 = AXIS2_PLACEMENT_3D ( 'NONE', #1842, #1843, #1844 ) ;
#1842 = CARTESIAN_POINT ( 'NONE',  ( -4.400000000000000400, 6.150000000000000400, 2.750000000000000000 ) ) ;
#1843 = DIRECTION ( 'NONE',  ( 0.0000000000000000000, 0.0000000000000000000, -1.000000000000000000 ) ) ;
#1844 = DIRECTION ( 'NONE',  ( -1.000000000000000000, 0.0000000000000000000, 0.0000000000000000000 ) ) ;
#1845 = CARTESIAN_POINT ( 'NONE',  ( -4.850000000000000500, 7.000000000000000000, 0.1499999999999999900 ) ) ;
#1846 = LINE ( 'NONE', #1847, #1848 ) ;
#1847 = CARTESIAN_POINT ( 'NONE',  ( -5.608957249956400700, 5.000000000000000000, 1.722760687510899800 ) ) ;
#1848 = VECTOR ( 'NONE', #1849, 999.9999999999998900 ) ;
#1849 = DIRECTION ( 'NONE',  ( 0.2425356250363315800, 0.0000000000000000000, -0.9701425001453323200 ) ) ;
#1850 = CARTESIAN_POINT ( 'NONE',  ( 1.399999999999999900, 2.115889831480119900E-033, 1.250000000000000000 ) ) ;
#1851 = FACE_OUTER_BOUND ( 'NONE', #589, .T. ) ;
#1852 = PLANE ( 'NONE',  #1853 ) ;
#1853 = AXIS2_PLACEMENT_3D ( 'NONE', #1854, #1857, #1858 ) ;
#1854 = CARTESIAN_POINT ( 'NONE',  ( -4.850000000000000500, 7.299999999999999800, -1.750000000000000000 ) ) ;
#1855 = ADVANCED_FACE ( 'NONE', ( #1725 ), #1726, .F. ) ;
#1856 = EDGE_CURVE ( 'NONE', #327, #1245, #1731, .T. ) ;
#1857 = DIRECTION ( 'NONE',  ( 0.0000000000000000000, -2.168404344971010100E-016, 1.000000000000000000 ) ) ;
#1858 = DIRECTION ( 'NONE',  ( 0.0000000000000000000, -1.000000000000000000, -2.168404344971010100E-016 ) ) ;
#1859 = LINE ( 'NONE', #1860, #1861 ) ;
#1860 = CARTESIAN_POINT ( 'NONE',  ( -5.549999999999999800, 3.000000000000000000, 0.2500000000000000000 ) ) ;
#1861 = VECTOR ( 'NONE', #1862, 999.9999999999998900 ) ;
#1862 = DIRECTION ( 'NONE',  ( -0.2425356250363320500, 0.0000000000000000000, -0.9701425001453322100 ) ) ;
#1863 = CARTESIAN_POINT ( 'NONE',  ( -0.2500000000000000000, 6.000000000000000000, 1.940000000000000200 ) ) ;
#1864 = FACE_OUTER_BOUND ( 'NONE', #3922, .T. ) ;
#1865 = PLANE ( 'NONE',  #1866 ) ;
#1866 = AXIS2_PLACEMENT_3D ( 'NONE', #1867, #1868, #1869 ) ;
#1867 = CARTESIAN_POINT ( 'NONE',  ( 0.0000000000000000000, 0.0000000000000000000, 0.0000000000000000000 ) ) ;
#1868 = DIRECTION ( 'NONE',  ( 0.0000000000000000000, 0.0000000000000000000, 1.000000000000000000 ) ) ;
#1869 = DIRECTION ( 'NONE',  ( 1.000000000000000000, 0.0000000000000000000, 0.0000000000000000000 ) ) ;
#1870 = LINE ( 'NONE', #1871, #1872 ) ;
#1871 = CARTESIAN_POINT ( 'NONE',  ( 0.3499999999999999800, 1.000000000000000000, -0.1499999999999999900 ) ) ;
#1872 = VECTOR ( 'NONE', #1876, 1000.000000000000000 ) ;
#1873 = EDGE_LOOP ( 'NONE', ( #186, #380, #3901, #570 ) ) ;
#1874 = ORIENTED_EDGE ( 'NONE', *, *, #319, .F. ) ;
#1875 = ORIENTED_EDGE ( 'NONE', *, *, #372, .T. ) ;
#1876 = DIRECTION ( 'NONE',  ( -1.000000000000000000, 0.0000000000000000000, 0.0000000000000000000 ) ) ;
#1877 = FACE_OUTER_BOUND ( 'NONE', #596, .T. ) ;
#1878 = CYLINDRICAL_SURFACE ( 'NONE', #1879, 1.750000000000000000 ) ;
#1879 = AXIS2_PLACEMENT_3D ( 'NONE', #1880, #1881, #1882 ) ;
#1880 = CARTESIAN_POINT ( 'NONE',  ( 0.0000000000000000000, 0.0000000000000000000, -1.700000000000000000 ) ) ;
#1881 = DIRECTION ( 'NONE',  ( 0.0000000000000000000, 0.0000000000000000000, 1.000000000000000000 ) ) ;
#1882 = DIRECTION ( 'NONE',  ( 1.000000000000000000, 0.0000000000000000000, 0.0000000000000000000 ) ) ;
#1883 = LINE ( 'NONE', #1884, #1885 ) ;
#1884 = CARTESIAN_POINT ( 'NONE',  ( -4.850000000000000500, 7.000000000000000000, -1.750000000000000000 ) ) ;
#1885 = VECTOR ( 'NONE', #1886, 1000.000000000000000 ) ;
#1886 = DIRECTION ( 'NONE',  ( -1.000000000000000000, 0.0000000000000000000, 0.0000000000000000000 ) ) ;
#1887 = LINE ( 'NONE', #1888, #1889 ) ;
#1888 = CARTESIAN_POINT ( 'NONE',  ( -5.899999999999999500, 3.000000000000000000, -1.750000000000000000 ) ) ;
#1889 = VECTOR ( 'NONE', #1890, 1000.000000000000000 ) ;
#1890 = DIRECTION ( 'NONE',  ( 0.0000000000000000000, 0.0000000000000000000, 1.000000000000000000 ) ) ;
#1891 = CARTESIAN_POINT ( 'NONE',  ( -0.2500000000000000000, 6.000000000000000000, 1.950000000000000000 ) ) ;
#1892 = FACE_OUTER_BOUND ( 'NONE', #3351, .T. ) ;
#1893 = PLANE ( 'NONE',  #1894 ) ;
#1894 = AXIS2_PLACEMENT_3D ( 'NONE', #1895, #1896, #1897 ) ;
#1895 = CARTESIAN_POINT ( 'NONE',  ( 1.399999999999999900, 1.000000000000000000, 0.2500000000000000000 ) ) ;
#1896 = DIRECTION ( 'NONE',  ( 0.0000000000000000000, 1.000000000000000000, 0.0000000000000000000 ) ) ;
#1897 = DIRECTION ( 'NONE',  ( 0.0000000000000000000, 0.0000000000000000000, 1.000000000000000000 ) ) ;
#1898 = CARTESIAN_POINT ( 'NONE',  ( -5.599999999999999600, 0.0000000000000000000, -3.999999999999949800 ) ) ;
#1899 = LINE ( 'NONE', #1900, #1901 ) ;
#1900 = CARTESIAN_POINT ( 'NONE',  ( -5.899999999999999500, 3.000000000000000000, -1.149999999999999900 ) ) ;
#1901 = VECTOR ( 'NONE', #1902, 1000.000000000000000 ) ;
#1902 = DIRECTION ( 'NONE',  ( 3.097720492815725200E-016, 0.0000000000000000000, 1.000000000000000000 ) ) ;
#1903 = LINE ( 'NONE', #1904, #1905 ) ;
#1904 = CARTESIAN_POINT ( 'NONE',  ( -5.899999999999999500, -2.600000000000000100, -3.000000000000000000 ) ) ;
#1905 = VECTOR ( 'NONE', #1906, 1000.000000000000000 ) ;
#1906 = DIRECTION ( 'NONE',  ( 0.0000000000000000000, 0.0000000000000000000, 1.000000000000000000 ) ) ;
#1907 = LINE ( 'NONE', #1909, #1910 ) ;
#1908 = ORIENTED_EDGE ( 'NONE', *, *, #388, .F. ) ;
#1909 = CARTESIAN_POINT ( 'NONE',  ( -5.899999999999999500, 3.000000000000000000, 1.649999999999999900 ) ) ;
#1910 = VECTOR ( 'NONE', #1911, 999.9999999999998900 ) ;
#1911 = DIRECTION ( 'NONE',  ( 0.2425356250363315800, 0.0000000000000000000, -0.9701425001453323200 ) ) ;
#1912 = LINE ( 'NONE', #1913, #1914 ) ;
#1913 = CARTESIAN_POINT ( 'NONE',  ( 1.399999999999999900, 1.000000000000000000, -2.000000000000000000 ) ) ;
#1914 = VECTOR ( 'NONE', #1915, 1000.000000000000000 ) ;
#1915 = DIRECTION ( 'NONE',  ( -1.000000000000000000, 0.0000000000000000000, 0.0000000000000000000 ) ) ;
#1916 = LINE ( 'NONE', #1917, #1918 ) ;
#1917 = CARTESIAN_POINT ( 'NONE',  ( -5.599999999999999600, 3.000000000000000000, 2.250000000000000000 ) ) ;
#1918 = VECTOR ( 'NONE', #1919, 1000.000000000000000 ) ;
#1919 = DIRECTION ( 'NONE',  ( 0.0000000000000000000, 0.0000000000000000000, 1.000000000000000000 ) ) ;
#1920 = CARTESIAN_POINT ( 'NONE',  ( -4.150000000000000400, 1.000000000000000000, -0.1499999999999999900 ) ) ;
#1921 = LINE ( 'NONE', #1922, #1923 ) ;
#1922 = CARTESIAN_POINT ( 'NONE',  ( 0.7500000000000000000, 7.000000000000000000, -1.149999999999999900 ) ) ;
#1923 = VECTOR ( 'NONE', #1924, 1000.000000000000000 ) ;
#1924 = DIRECTION ( 'NONE',  ( -1.000000000000000000, 0.0000000000000000000, 1.084202172485503800E-016 ) ) ;
#1925 = ORIENTED_EDGE ( 'NONE', *, *, #1944, .F. ) ;
#1926 = EDGE_LOOP ( 'NONE', ( #489, #3795, #331, #3821, #127, #3524, #2747, #2705, #3997, #3137, #2790, #451 ) ) ;
#1927 = CARTESIAN_POINT ( 'NONE',  ( -3.000000000000000000, 1.000000000000000000, 1.950000000000000000 ) ) ;
#1928 = LINE ( 'NONE', #1929, #1930 ) ;
#1929 = CARTESIAN_POINT ( 'NONE',  ( 1.399999999999999900, 7.000000000000000000, 1.950000000000000000 ) ) ;
#1930 = VECTOR ( 'NONE', #1931, 1000.000000000000000 ) ;
#1931 = DIRECTION ( 'NONE',  ( -1.000000000000000000, 0.0000000000000000000, 0.0000000000000000000 ) ) ;
#1932 = CARTESIAN_POINT ( 'NONE',  ( 0.7500000000000000000, 7.000000000000000000, -1.149999999999999900 ) ) ;
#1933 = CARTESIAN_POINT ( 'NONE',  ( -5.899999999999999500, 3.000000000000000000, -1.149999999999999900 ) ) ;
#1934 = CARTESIAN_POINT ( 'NONE',  ( -5.599999999999999600, -3.500000000000000000, -2.000000000000000000 ) ) ;
#1935 = LINE ( 'NONE', #1936, #1937 ) ;
#1936 = CARTESIAN_POINT ( 'NONE',  ( 1.399999999999999900, 3.000000000000000000, -4.000000000000000000 ) ) ;
#1937 = VECTOR ( 'NONE', #1938, 1000.000000000000000 ) ;
#1938 = DIRECTION ( 'NONE',  ( 0.0000000000000000000, 1.000000000000000000, -1.705811418043860100E-014 ) ) ;
#1939 = FACE_OUTER_BOUND ( 'NONE', #3838, .T. ) ;
#1940 = PLANE ( 'NONE',  #1941 ) ;
#1941 = AXIS2_PLACEMENT_3D ( 'NONE', #1942, #1947, #1948 ) ;
#1942 = CARTESIAN_POINT ( 'NONE',  ( -0.3499999999999999800, 7.299999999999999800, -1.750000000000000000 ) ) ;
#1943 = EDGE_CURVE ( 'NONE', #575, #9, #1759, .T. ) ;
#1944 = EDGE_CURVE ( 'NONE', #270, #141, #1763, .T. ) ;
#1945 = VERTEX_POINT ( 'NONE', #1768 ) ;
#1946 = ORIENTED_EDGE ( 'NONE', *, *, #3697, .T. ) ;
#1947 = DIRECTION ( 'NONE',  ( 1.000000000000000000, 6.186812372748879600E-033, -2.853163611803959400E-017 ) ) ;
#1948 = DIRECTION ( 'NONE',  ( -2.853163611803959400E-017, 0.0000000000000000000, -1.000000000000000000 ) ) ;
#1949 = CIRCLE ( 'NONE', #1950, 1.750000000000000000 ) ;
#1950 = AXIS2_PLACEMENT_3D ( 'NONE', #1951, #1952, #1953 ) ;
#1951 = CARTESIAN_POINT ( 'NONE',  ( -2.250000000000000000, 4.000000000000000000, 0.5500000000000000400 ) ) ;
#1952 = DIRECTION ( 'NONE',  ( 0.0000000000000000000, 0.0000000000000000000, 1.000000000000000000 ) ) ;
#1953 = DIRECTION ( 'NONE',  ( 1.000000000000000000, 0.0000000000000000000, 0.0000000000000000000 ) ) ;
#1954 = CIRCLE ( 'NONE', #1955, 0.5999999999999998700 ) ;
#1955 = AXIS2_PLACEMENT_3D ( 'NONE', #1956, #1957, #1958 ) ;
#1956 = CARTESIAN_POINT ( 'NONE',  ( -4.400000000000000400, 6.150000000000000400, 2.750000000000000000 ) ) ;
#1957 = DIRECTION ( 'NONE',  ( 0.0000000000000000000, 0.0000000000000000000, 1.000000000000000000 ) ) ;
#1958 = DIRECTION ( 'NONE',  ( 1.000000000000000000, 0.0000000000000000000, 0.0000000000000000000 ) ) ;
#1959 = CARTESIAN_POINT ( 'NONE',  ( -0.3499999999999999800, 7.299999999999999800, 0.1499999999999999900 ) ) ;
#1960 = LINE ( 'NONE', #1961, #1962 ) ;
#1961 = CARTESIAN_POINT ( 'NONE',  ( -4.250000000000000000, 2.000000000000000000, 1.940000000000000200 ) ) ;
#1962 = VECTOR ( 'NONE', #1963, 1000.000000000000000 ) ;
#1963 = DIRECTION ( 'NONE',  ( 0.0000000000000000000, 6.643448811904929700E-017, 1.000000000000000000 ) ) ;
#1964 = CARTESIAN_POINT ( 'NONE',  ( -4.850000000000000500, 1.000000000000000000, -0.1499999999999999900 ) ) ;
#1965 = CARTESIAN_POINT ( 'NONE',  ( 1.701369532022449800, -1.800000000000000000, -3.000000000000000000 ) ) ;
#1966 = LINE ( 'NONE', #1967, #1968 ) ;
#1967 = CARTESIAN_POINT ( 'NONE',  ( -1.500000000000000000, 0.9000000000000000200, 1.950000000000000000 ) ) ;
#1968 = VECTOR ( 'NONE', #1969, 1000.000000000000000 ) ;
#1969 = DIRECTION ( 'NONE',  ( 0.0000000000000000000, 1.000000000000000000, 0.0000000000000000000 ) ) ;
#1970 = CARTESIAN_POINT ( 'NONE',  ( 1.100000000000000100, -6.505213034913041400E-017, -3.000000000000000000 ) ) ;
#1971 = CARTESIAN_POINT ( 'NONE',  ( -5.899999999999999500, 1.000000000000000000, -2.000000000000000000 ) ) ;
#1972 = LINE ( 'NONE', #1973, #1974 ) ;
#1973 = CARTESIAN_POINT ( 'NONE',  ( 0.3499999999999999800, 7.299999999999999800, -1.750000000000000000 ) ) ;
#1974 = VECTOR ( 'NONE', #1975, 1000.000000000000000 ) ;
#1975 = DIRECTION ( 'NONE',  ( 0.0000000000000000000, -1.000000000000000000, -2.168404344971010100E-016 ) ) ;
#1976 = LINE ( 'NONE', #1977, #1978 ) ;
#1977 = CARTESIAN_POINT ( 'NONE',  ( -5.549999999999999800, 3.000000000000000000, 0.2500000000000000000 ) ) ;
#1978 = VECTOR ( 'NONE', #1983, 1000.000000000000000 ) ;
#1979 = EDGE_CURVE ( 'NONE', #3703, #3900, #1794, .T. ) ;
#1980 = ORIENTED_EDGE ( 'NONE', *, *, #4059, .F. ) ;
#1981 = EDGE_CURVE ( 'NONE', #376, #3900, #1811, .T. ) ;
#1982 = EDGE_CURVE ( 'NONE', #3899, #575, #1815, .T. ) ;
#1983 = DIRECTION ( 'NONE',  ( 0.0000000000000000000, 1.000000000000000000, 0.0000000000000000000 ) ) ;
#1984 = FACE_BOUND ( 'NONE', #52, .T. ) ;
#1985 = FACE_BOUND ( 'NONE', #168, .T. ) ;
#1986 = FACE_OUTER_BOUND ( 'NONE', #3812, .T. ) ;
#1987 = PLANE ( 'NONE',  #1988 ) ;
#1988 = AXIS2_PLACEMENT_3D ( 'NONE', #1989, #1990, #1991 ) ;
#1989 = CARTESIAN_POINT ( 'NONE',  ( 1.399999999999999900, 1.000000000000000000, 2.250000000000000000 ) ) ;
#1990 = DIRECTION ( 'NONE',  ( 0.0000000000000000000, 1.000000000000000000, 0.0000000000000000000 ) ) ;
#1991 = DIRECTION ( 'NONE',  ( 0.0000000000000000000, 0.0000000000000000000, 1.000000000000000000 ) ) ;
#1992 = FACE_OUTER_BOUND ( 'NONE', #196, .T. ) ;
#1993 = CYLINDRICAL_SURFACE ( 'NONE', #1994, 1.750000000000000000 ) ;
#1994 = AXIS2_PLACEMENT_3D ( 'NONE', #1995, #1996, #1997 ) ;
#1995 = CARTESIAN_POINT ( 'NONE',  ( 0.0000000000000000000, 0.0000000000000000000, -1.700000000000000000 ) ) ;
#1996 = DIRECTION ( 'NONE',  ( 0.0000000000000000000, 0.0000000000000000000, 1.000000000000000000 ) ) ;
#1997 = DIRECTION ( 'NONE',  ( 1.000000000000000000, 0.0000000000000000000, 0.0000000000000000000 ) ) ;
#1998 = CARTESIAN_POINT ( 'NONE',  ( -1.500000000000000000, 0.9000000000000000200, 0.9499999999999999600 ) ) ;
#1999 = ORIENTED_EDGE ( 'NONE', *, *, #2397, .T. ) ;
#2000 = ADVANCED_FACE ( 'NONE', ( #1829 ), #1830, .F. ) ;
#2001 = ORIENTED_EDGE ( 'NONE', *, *, #68, .T. ) ;
#2002 = ADVANCED_FACE ( 'NONE', ( #1839 ), #1840, .T. ) ;
#2003 = FACE_OUTER_BOUND ( 'NONE', #2808, .T. ) ;
#2004 = PLANE ( 'NONE',  #2005 ) ;
#2005 = AXIS2_PLACEMENT_3D ( 'NONE', #2006, #2007, #2008 ) ;
#2006 = CARTESIAN_POINT ( 'NONE',  ( 1.399999999999999900, 5.000000000000000000, 1.649999999999999900 ) ) ;
#2007 = DIRECTION ( 'NONE',  ( 0.0000000000000000000, -1.000000000000000000, 0.0000000000000000000 ) ) ;
#2008 = DIRECTION ( 'NONE',  ( 0.0000000000000000000, 0.0000000000000000000, -1.000000000000000000 ) ) ;
#2009 = LINE ( 'NONE', #2010, #2011 ) ;
#2010 = CARTESIAN_POINT ( 'NONE',  ( 1.399999999999999900, 3.000000000000000000, -1.750000000000000000 ) ) ;
#2011 = VECTOR ( 'NONE', #2012, 1000.000000000000000 ) ;
#2012 = DIRECTION ( 'NONE',  ( -1.000000000000000000, 0.0000000000000000000, 0.0000000000000000000 ) ) ;
#2013 = CARTESIAN_POINT ( 'NONE',  ( -0.2500000000000000000, 2.000000000000000000, 1.940000000000000200 ) ) ;
#2014 = LINE ( 'NONE', #2015, #2016 ) ;
#2015 = CARTESIAN_POINT ( 'NONE',  ( -0.3499999999999999800, 7.000000000000000000, -1.750000000000000000 ) ) ;
#2016 = VECTOR ( 'NONE', #2017, 1000.000000000000000 ) ;
#2017 = DIRECTION ( 'NONE',  ( 2.853163611803959400E-017, 0.0000000000000000000, 1.000000000000000000 ) ) ;
#2018 = LINE ( 'NONE', #2019, #2020 ) ;
#2019 = CARTESIAN_POINT ( 'NONE',  ( 0.7500000000000000000, 1.000000000000000000, 1.940000000000000200 ) ) ;
#2020 = VECTOR ( 'NONE', #2021, 1000.000000000000000 ) ;
#2021 = DIRECTION ( 'NONE',  ( 0.0000000000000000000, 1.000000000000000000, -3.614007241618349800E-017 ) ) ;
#2022 = FACE_OUTER_BOUND ( 'NONE', #866, .T. ) ;
#2023 = PLANE ( 'NONE',  #2024 ) ;
#2024 = AXIS2_PLACEMENT_3D ( 'NONE', #2025, #2026, #2027 ) ;
#2025 = CARTESIAN_POINT ( 'NONE',  ( -4.400000000000000400, 1.850000000000000100, 2.750000000000000000 ) ) ;
#2026 = DIRECTION ( 'NONE',  ( 0.0000000000000000000, 0.0000000000000000000, 1.000000000000000000 ) ) ;
#2027 = DIRECTION ( 'NONE',  ( 1.000000000000000000, 0.0000000000000000000, 0.0000000000000000000 ) ) ;
#2028 = CARTESIAN_POINT ( 'NONE',  ( 1.100000000000000100, 0.0000000000000000000, -3.999999999999949800 ) ) ;
#2029 = LINE ( 'NONE', #2030, #2031 ) ;
#2030 = CARTESIAN_POINT ( 'NONE',  ( 1.399999999999999900, 7.000000000000000000, 1.950000000000000000 ) ) ;
#2031 = VECTOR ( 'NONE', #2032, 1000.000000000000000 ) ;
#2032 = DIRECTION ( 'NONE',  ( -1.000000000000000000, 0.0000000000000000000, 0.0000000000000000000 ) ) ;
#2033 = CARTESIAN_POINT ( 'NONE',  ( -5.599999999999999600, -2.487279465168510400, -3.000000000000000000 ) ) ;
#2034 = FACE_OUTER_BOUND ( 'NONE', #2529, .T. ) ;
#2035 = EDGE_LOOP ( 'NONE', ( #3654, #2182, #1999, #2180 ) ) ;
#2036 = VERTEX_POINT ( 'NONE', #1850 ) ;
#2037 = ORIENTED_EDGE ( 'NONE', *, *, #244, .F. ) ;
#2038 = PLANE ( 'NONE',  #2039 ) ;
#2039 = AXIS2_PLACEMENT_3D ( 'NONE', #2040, #2041, #2042 ) ;
#2040 = CARTESIAN_POINT ( 'NONE',  ( -5.549999999999999800, 5.000000000000000000, 0.2500000000000000000 ) ) ;
#2041 = DIRECTION ( 'NONE',  ( 0.0000000000000000000, -1.000000000000000000, 0.0000000000000000000 ) ) ;
#2042 = DIRECTION ( 'NONE',  ( 0.0000000000000000000, 0.0000000000000000000, -1.000000000000000000 ) ) ;
#2043 = LINE ( 'NONE', #2044, #2045 ) ;
#2044 = CARTESIAN_POINT ( 'NONE',  ( 1.399999999999999900, 1.000000000000000000, 1.250000000000000000 ) ) ;
#2045 = VECTOR ( 'NONE', #2046, 1000.000000000000000 ) ;
#2046 = DIRECTION ( 'NONE',  ( -1.000000000000000000, 0.0000000000000000000, 0.0000000000000000000 ) ) ;
#2047 = LINE ( 'NONE', #2048, #2049 ) ;
#2048 = CARTESIAN_POINT ( 'NONE',  ( -4.850000000000000500, 7.299999999999999800, 0.1499999999999999900 ) ) ;
#2049 = VECTOR ( 'NONE', #2050, 1000.000000000000000 ) ;
#2050 = DIRECTION ( 'NONE',  ( 0.0000000000000000000, -1.000000000000000000, -2.168404344971010100E-016 ) ) ;
#2051 = LINE ( 'NONE', #2052, #2053 ) ;
#2052 = CARTESIAN_POINT ( 'NONE',  ( 1.399999999999999900, 3.761581922631320000E-034, -2.000000000000000000 ) ) ;
#2053 = VECTOR ( 'NONE', #2055, 1000.000000000000000 ) ;
#2054 = ORIENTED_EDGE ( 'NONE', *, *, #4032, .F. ) ;
#2055 = DIRECTION ( 'NONE',  ( 0.0000000000000000000, -1.880790961315709800E-034, -1.000000000000000000 ) ) ;
#2056 = CIRCLE ( 'NONE', #2057, 0.3499999999999999800 ) ;
#2057 = AXIS2_PLACEMENT_3D ( 'NONE', #2058, #2059, #2060 ) ;
#2058 = CARTESIAN_POINT ( 'NONE',  ( -5.601538820320220300, 3.000000000000000000, 0.2500000000000000000 ) ) ;
#2059 = DIRECTION ( 'NONE',  ( 0.0000000000000000000, -1.000000000000000000, 0.0000000000000000000 ) ) ;
#2060 = DIRECTION ( 'NONE',  ( 0.0000000000000000000, 0.0000000000000000000, -1.000000000000000000 ) ) ;
#2061 = CARTESIAN_POINT ( 'NONE',  ( 1.100000000000000100, 3.000000000000000000, 0.05000000000000080100 ) ) ;
#2062 = CARTESIAN_POINT ( 'NONE',  ( -5.899999999999999500, 3.000000000000000000, -1.750000000000000000 ) ) ;
#2063 = LINE ( 'NONE', #2064, #2065 ) ;
#2064 = CARTESIAN_POINT ( 'NONE',  ( 1.100000000000000100, -2.487279465168510400, -2.000000000000000000 ) ) ;
#2065 = VECTOR ( 'NONE', #2066, 1000.000000000000000 ) ;
#2066 = DIRECTION ( 'NONE',  ( 0.0000000000000000000, -1.000000000000000000, 0.0000000000000000000 ) ) ;
#2067 = FACE_OUTER_BOUND ( 'NONE', #3451, .T. ) ;
#2068 = CYLINDRICAL_SURFACE ( 'NONE', #2069, 0.5999999999999999800 ) ;
#2069 = AXIS2_PLACEMENT_3D ( 'NONE', #2070, #2071, #2072 ) ;
#2070 = CARTESIAN_POINT ( 'NONE',  ( -0.1000000000000000100, 1.850000000000000100, 2.750000000000000000 ) ) ;
#2071 = DIRECTION ( 'NONE',  ( 0.0000000000000000000, 0.0000000000000000000, -1.000000000000000000 ) ) ;
#2072 = DIRECTION ( 'NONE',  ( -1.000000000000000000, 0.0000000000000000000, 0.0000000000000000000 ) ) ;
#2073 = CARTESIAN_POINT ( 'NONE',  ( -5.899999999999999500, 0.0000000000000000000, -3.999999999999949800 ) ) ;
#2074 = LINE ( 'NONE', #2075, #2076 ) ;
#2075 = CARTESIAN_POINT ( 'NONE',  ( -4.150000000000000400, 1.000000000000000000, 0.1499999999999999900 ) ) ;
#2076 = VECTOR ( 'NONE', #2077, 1000.000000000000000 ) ;
#2077 = DIRECTION ( 'NONE',  ( 0.0000000000000000000, 1.000000000000000000, 0.0000000000000000000 ) ) ;
#2078 = FACE_OUTER_BOUND ( 'NONE', #139, .T. ) ;
#2079 = PLANE ( 'NONE',  #2080 ) ;
#2080 = AXIS2_PLACEMENT_3D ( 'NONE', #2081, #2082, #2083 ) ;
#2081 = CARTESIAN_POINT ( 'NONE',  ( -0.3499999999999999800, -3.500000000000000000, 0.1499999999999999900 ) ) ;
#2082 = DIRECTION ( 'NONE',  ( 0.0000000000000000000, 1.000000000000000000, 0.0000000000000000000 ) ) ;
#2083 = DIRECTION ( 'NONE',  ( 0.0000000000000000000, 0.0000000000000000000, 1.000000000000000000 ) ) ;
#2084 = LINE ( 'NONE', #2085, #2086 ) ;
#2085 = CARTESIAN_POINT ( 'NONE',  ( -6.201369532022449800, -1.800000000000000000, -2.000000000000000000 ) ) ;
#2086 = VECTOR ( 'NONE', #2088, 1000.000000000000100 ) ;
#2087 = ORIENTED_EDGE ( 'NONE', *, *, #2281, .F. ) ;
#2088 = DIRECTION ( 'NONE',  ( -0.6585046078685196100, 0.7525766947068764900, 0.0000000000000000000 ) ) ;
#2089 = LINE ( 'NONE', #2090, #2091 ) ;
#2090 = CARTESIAN_POINT ( 'NONE',  ( 1.399999999999999900, -1.000000000000000000, -2.000000000000000000 ) ) ;
#2091 = VECTOR ( 'NONE', #2092, 1000.000000000000000 ) ;
#2092 = DIRECTION ( 'NONE',  ( -0.6585046078685173900, 0.7525766947068784900, 0.0000000000000000000 ) ) ;
#2093 = CARTESIAN_POINT ( 'NONE',  ( -6.599999999999999600, -1.800000000000000000, -2.000000000000000000 ) ) ;
#2094 = LINE ( 'NONE', #2095, #2096 ) ;
#2095 = CARTESIAN_POINT ( 'NONE',  ( 1.100000000000000100, -2.487279465168510400, -3.000000000000000000 ) ) ;
#2096 = VECTOR ( 'NONE', #2097, 1000.000000000000000 ) ;
#2097 = DIRECTION ( 'NONE',  ( 0.0000000000000000000, -1.000000000000000000, 0.0000000000000000000 ) ) ;
#2098 = LINE ( 'NONE', #2099, #2100 ) ;
#2099 = CARTESIAN_POINT ( 'NONE',  ( 0.7619889452693550100, 3.000000000000000000, 0.3348874687627164700 ) ) ;
#2100 = VECTOR ( 'NONE', #2101, 1000.000000000000000 ) ;
#2101 = DIRECTION ( 'NONE',  ( 0.0000000000000000000, -1.000000000000000000, 0.0000000000000000000 ) ) ;
#2102 = LINE ( 'NONE', #2103, #2107 ) ;
#2103 = CARTESIAN_POINT ( 'NONE',  ( 0.3499999999999999800, 6.000000000000000000, 1.940000000000000200 ) ) ;
#2104 = ORIENTED_EDGE ( 'NONE', *, *, #429, .F. ) ;
#2105 = ORIENTED_EDGE ( 'NONE', *, *, #3096, .T. ) ;
#2106 = EDGE_CURVE ( 'NONE', #98, #3904, #1903, .T. ) ;
#2107 = VECTOR ( 'NONE', #2108, 1000.000000000000000 ) ;
#2108 = DIRECTION ( 'NONE',  ( -1.000000000000000000, 0.0000000000000000000, 0.0000000000000000000 ) ) ;
#2109 = LINE ( 'NONE', #2110, #2111 ) ;
#2110 = CARTESIAN_POINT ( 'NONE',  ( -0.3499999999999999800, 1.000000000000000000, 0.1499999999999999900 ) ) ;
#2111 = VECTOR ( 'NONE', #2112, 1000.000000000000000 ) ;
#2112 = DIRECTION ( 'NONE',  ( 0.0000000000000000000, 0.0000000000000000000, -1.000000000000000000 ) ) ;
#2113 = FACE_OUTER_BOUND ( 'NONE', #3199, .T. ) ;
#2114 = PLANE ( 'NONE',  #2115 ) ;
#2115 = AXIS2_PLACEMENT_3D ( 'NONE', #2116, #2117, #2118 ) ;
#2116 = CARTESIAN_POINT ( 'NONE',  ( 1.399999999999999900, 1.000000000000000000, -2.000000000000000000 ) ) ;
#2117 = DIRECTION ( 'NONE',  ( 0.0000000000000000000, 1.734723475976805100E-015, -1.000000000000000000 ) ) ;
#2118 = DIRECTION ( 'NONE',  ( 0.0000000000000000000, 1.000000000000000000, 1.734723475976805100E-015 ) ) ;
#2119 = CARTESIAN_POINT ( 'NONE',  ( 1.399999999999999900, 1.000000000000000000, 2.250000000000000000 ) ) ;
#2120 = LINE ( 'NONE', #2121, #2122 ) ;
#2121 = CARTESIAN_POINT ( 'NONE',  ( -5.000000000000000000, 6.150000000000000400, 2.750000000000000000 ) ) ;
#2122 = VECTOR ( 'NONE', #2128, 1000.000000000000000 ) ;
#2123 = ORIENTED_EDGE ( 'NONE', *, *, #369, .T. ) ;
#2124 = ORIENTED_EDGE ( 'NONE', *, *, #384, .F. ) ;
#2125 = EDGE_CURVE ( 'NONE', #3156, #1443, #1907, .T. ) ;
#2126 = EDGE_CURVE ( 'NONE', #3898, #428, #1912, .T. ) ;
#2127 = VERTEX_POINT ( 'NONE', #1920 ) ;
#2128 = DIRECTION ( 'NONE',  ( 0.0000000000000000000, 0.0000000000000000000, -1.000000000000000000 ) ) ;
#2129 = LINE ( 'NONE', #2130, #2131 ) ;
#2130 = CARTESIAN_POINT ( 'NONE',  ( 1.100000000000000100, -2.487279465168510400, -3.000000000000000000 ) ) ;
#2131 = VECTOR ( 'NONE', #2132, 1000.000000000000000 ) ;
#2132 = DIRECTION ( 'NONE',  ( 0.0000000000000000000, 0.0000000000000000000, 1.000000000000000000 ) ) ;
#2133 = FACE_OUTER_BOUND ( 'NONE', #3735, .T. ) ;
#2134 = PLANE ( 'NONE',  #2135 ) ;
#2135 = AXIS2_PLACEMENT_3D ( 'NONE', #2136, #2137, #2138 ) ;
#2136 = CARTESIAN_POINT ( 'NONE',  ( -5.608957249956400700, 3.000000000000000000, 1.722760687510899800 ) ) ;
#2137 = DIRECTION ( 'NONE',  ( 0.9701425001453323200, 0.0000000000000000000, 0.2425356250363315800 ) ) ;
#2138 = DIRECTION ( 'NONE',  ( 0.2425356250363315800, 0.0000000000000000000, -0.9701425001453323200 ) ) ;
#2139 = CARTESIAN_POINT ( 'NONE',  ( 1.100000000000000100, 1.000000000000000000, 1.250000000000000000 ) ) ;
#2140 = CIRCLE ( 'NONE', #2141, 0.5999999999999998700 ) ;
#2141 = AXIS2_PLACEMENT_3D ( 'NONE', #2142, #2143, #2145 ) ;
#2142 = CARTESIAN_POINT ( 'NONE',  ( -4.400000000000000400, 6.150000000000000400, 2.750000000000000000 ) ) ;
#2143 = DIRECTION ( 'NONE',  ( 0.0000000000000000000, 0.0000000000000000000, 1.000000000000000000 ) ) ;
#2144 = ORIENTED_EDGE ( 'NONE', *, *, #2553, .F. ) ;
#2145 = DIRECTION ( 'NONE',  ( 1.000000000000000000, 0.0000000000000000000, 0.0000000000000000000 ) ) ;
#2146 = LINE ( 'NONE', #2147, #2148 ) ;
#2147 = CARTESIAN_POINT ( 'NONE',  ( -0.3499999999999999800, -3.500000000000000000, 0.1499999999999999900 ) ) ;
#2148 = VECTOR ( 'NONE', #2149, 1000.000000000000000 ) ;
#2149 = DIRECTION ( 'NONE',  ( 1.000000000000000000, 0.0000000000000000000, 0.0000000000000000000 ) ) ;
#2150 = CIRCLE ( 'NONE', #2151, 0.5999999999999998700 ) ;
#2151 = AXIS2_PLACEMENT_3D ( 'NONE', #2152, #2153, #2154 ) ;
#2152 = CARTESIAN_POINT ( 'NONE',  ( -0.1000000000000000100, 6.150000000000000400, 2.250000000000000000 ) ) ;
#2153 = DIRECTION ( 'NONE',  ( 0.0000000000000000000, 7.228014483236699500E-017, 1.000000000000000000 ) ) ;
#2154 = DIRECTION ( 'NONE',  ( 0.0000000000000000000, 1.000000000000000000, 0.0000000000000000000 ) ) ;
#2155 = CARTESIAN_POINT ( 'NONE',  ( -0.4999999999999997800, 4.000000000000000000, 0.5500000000000000400 ) ) ;
#2156 = CARTESIAN_POINT ( 'NONE',  ( 1.399999999999999900, 5.000000000000000000, 1.649999999999999900 ) ) ;
#2157 = CARTESIAN_POINT ( 'NONE',  ( -5.599999999999999600, 7.000000000000000000, -1.750000000000000000 ) ) ;
#2158 = FACE_OUTER_BOUND ( 'NONE', #1500, .T. ) ;
#2159 = PLANE ( 'NONE',  #2160 ) ;
#2160 = AXIS2_PLACEMENT_3D ( 'NONE', #2163, #2164, #2165 ) ;
#2161 = VERTEX_POINT ( 'NONE', #1932 ) ;
#2162 = VERTEX_POINT ( 'NONE', #1933 ) ;
#2163 = CARTESIAN_POINT ( 'NONE',  ( 1.100000000000000100, -1.112720534831482100, -3.000000000000000000 ) ) ;
#2164 = DIRECTION ( 'NONE',  ( -0.7525766947068779400, -0.6585046078685179400, 0.0000000000000000000 ) ) ;
#2165 = DIRECTION ( 'NONE',  ( 0.6585046078685179400, -0.7525766947068779400, 0.0000000000000000000 ) ) ;
#2166 = LINE ( 'NONE', #2167, #2168 ) ;
#2167 = CARTESIAN_POINT ( 'NONE',  ( -4.850000000000000500, -3.500000000000000000, 0.1499999999999999900 ) ) ;
#2168 = VECTOR ( 'NONE', #2169, 1000.000000000000000 ) ;
#2169 = DIRECTION ( 'NONE',  ( 1.927470528863119800E-016, -1.000000000000000000, 0.0000000000000000000 ) ) ;
#2170 = LINE ( 'NONE', #2171, #2172 ) ;
#2171 = CARTESIAN_POINT ( 'NONE',  ( -5.899999999999999500, 7.000000000000000000, -1.750000000000000000 ) ) ;
#2172 = VECTOR ( 'NONE', #2173, 1000.000000000000000 ) ;
#2173 = DIRECTION ( 'NONE',  ( 0.0000000000000000000, 1.000000000000000000, -2.168404344971010100E-016 ) ) ;
#2174 = CIRCLE ( 'NONE', #2175, 1.750000000000000000 ) ;
#2175 = AXIS2_PLACEMENT_3D ( 'NONE', #2176, #2177, #2178 ) ;
#2176 = CARTESIAN_POINT ( 'NONE',  ( -2.250000000000000000, 4.000000000000000000, 0.5500000000000000400 ) ) ;
#2177 = DIRECTION ( 'NONE',  ( 0.0000000000000000000, 0.0000000000000000000, 1.000000000000000000 ) ) ;
#2178 = DIRECTION ( 'NONE',  ( 1.000000000000000000, 0.0000000000000000000, 0.0000000000000000000 ) ) ;
#2179 = ORIENTED_EDGE ( 'NONE', *, *, #2261, .F. ) ;
#2180 = ORIENTED_EDGE ( 'NONE', *, *, #4053, .T. ) ;
#2181 = EDGE_LOOP ( 'NONE', ( #625, #522, #2104, #559, #4077, #3807 ) ) ;
#2182 = ORIENTED_EDGE ( 'NONE', *, *, #3749, .F. ) ;
#2183 = CARTESIAN_POINT ( 'NONE',  ( -3.000000000000000000, 0.9000000000000000200, 0.9499999999999999600 ) ) ;
#2184 = LINE ( 'NONE', #2185, #2186 ) ;
#2185 = CARTESIAN_POINT ( 'NONE',  ( -1.500000000000000000, 7.400000000000000400, 2.250000000000000000 ) ) ;
#2186 = VECTOR ( 'NONE', #2187, 1000.000000000000000 ) ;
#2187 = DIRECTION ( 'NONE',  ( -1.000000000000000000, 0.0000000000000000000, 0.0000000000000000000 ) ) ;
#2188 = LINE ( 'NONE', #2189, #2190 ) ;
#2189 = CARTESIAN_POINT ( 'NONE',  ( -4.150000000000000400, 7.000000000000000000, -1.750000000000000000 ) ) ;
#2190 = VECTOR ( 'NONE', #2191, 1000.000000000000000 ) ;
#2191 = DIRECTION ( 'NONE',  ( -4.565061778886330100E-016, 0.0000000000000000000, -1.000000000000000000 ) ) ;
#2192 = CARTESIAN_POINT ( 'NONE',  ( 1.100000000000000100, -2.487279465168510400, -2.000000000000000000 ) ) ;
#2193 = FACE_OUTER_BOUND ( 'NONE', #3768, .T. ) ;
#2194 = PLANE ( 'NONE',  #2195 ) ;
#2195 = AXIS2_PLACEMENT_3D ( 'NONE', #2196, #2197, #2198 ) ;
#2196 = CARTESIAN_POINT ( 'NONE',  ( -5.899999999999999500, -1.000000000000000000, -3.000000000000000000 ) ) ;
#2197 = DIRECTION ( 'NONE',  ( -0.7525766947068779400, 0.6585046078685179400, 0.0000000000000000000 ) ) ;
#2198 = DIRECTION ( 'NONE',  ( -0.6585046078685179400, -0.7525766947068779400, 0.0000000000000000000 ) ) ;
#2199 = ORIENTED_EDGE ( 'NONE', *, *, #3961, .F. ) ;
#2200 = ORIENTED_EDGE ( 'NONE', *, *, #3771, .F. ) ;
#2201 = ORIENTED_EDGE ( 'NONE', *, *, #90, .T. ) ;
#2202 = ORIENTED_EDGE ( 'NONE', *, *, #3809, .T. ) ;
#2203 = ORIENTED_EDGE ( 'NONE', *, *, #3854, .F. ) ;
#2204 = CIRCLE ( 'NONE', #2205, 0.5999999999999998700 ) ;
#2205 = AXIS2_PLACEMENT_3D ( 'NONE', #2206, #2207, #2208 ) ;
#2206 = CARTESIAN_POINT ( 'NONE',  ( -4.400000000000000400, 1.850000000000000100, 2.750000000000000000 ) ) ;
#2207 = DIRECTION ( 'NONE',  ( 0.0000000000000000000, 0.0000000000000000000, 1.000000000000000000 ) ) ;
#2208 = DIRECTION ( 'NONE',  ( 1.000000000000000000, 0.0000000000000000000, 0.0000000000000000000 ) ) ;
#2209 = LINE ( 'NONE', #2210, #2211 ) ;
#2210 = CARTESIAN_POINT ( 'NONE',  ( 1.100000000000000100, 3.000000000000000000, -1.750000000000000000 ) ) ;
#2211 = VECTOR ( 'NONE', #2212, 1000.000000000000000 ) ;
#2212 = DIRECTION ( 'NONE',  ( 0.0000000000000000000, 1.000000000000000000, -2.168404344971010100E-016 ) ) ;
#2213 = CARTESIAN_POINT ( 'NONE',  ( -3.000000000000000000, 7.000000000000000000, 1.950000000000000000 ) ) ;
#2214 = FACE_OUTER_BOUND ( 'NONE', #416, .T. ) ;
#2215 = PLANE ( 'NONE',  #2216 ) ;
#2216 = AXIS2_PLACEMENT_3D ( 'NONE', #2217, #2218, #2219 ) ;
#2217 = CARTESIAN_POINT ( 'NONE',  ( -4.850000000000000500, 7.299999999999999800, -1.750000000000000000 ) ) ;
#2218 = DIRECTION ( 'NONE',  ( 1.000000000000000000, -9.898899796398209600E-032, 4.565061778886340000E-016 ) ) ;
#2219 = DIRECTION ( 'NONE',  ( 4.565061778886340000E-016, 0.0000000000000000000, -1.000000000000000000 ) ) ;
#2220 = EDGE_CURVE ( 'NONE', #2472, #343, #1949, .T. ) ;
#2221 = ORIENTED_EDGE ( 'NONE', *, *, #304, .T. ) ;
#2222 = ORIENTED_EDGE ( 'NONE', *, *, #901, .T. ) ;
#2223 = EDGE_LOOP ( 'NONE', ( #13, #3748, #2577, #3579 ) ) ;
#2224 = CARTESIAN_POINT ( 'NONE',  ( -3.000000000000000000, 0.5999999999999999800, 0.9499999999999999600 ) ) ;
#2225 = CARTESIAN_POINT ( 'NONE',  ( -3.000000000000000000, 0.9000000000000000200, 1.950000000000000000 ) ) ;
#2226 = LINE ( 'NONE', #2227, #2228 ) ;
#2227 = CARTESIAN_POINT ( 'NONE',  ( -5.899999999999999500, 1.000000000000000000, 2.250000000000000000 ) ) ;
#2228 = VECTOR ( 'NONE', #2229, 1000.000000000000000 ) ;
#2229 = DIRECTION ( 'NONE',  ( 0.0000000000000000000, 0.0000000000000000000, -1.000000000000000000 ) ) ;
#2230 = LINE ( 'NONE', #2231, #2232 ) ;
#2231 = CARTESIAN_POINT ( 'NONE',  ( -5.599999999999999600, 3.000000000000000000, 2.250000000000000000 ) ) ;
#2232 = VECTOR ( 'NONE', #2233, 1000.000000000000000 ) ;
#2233 = DIRECTION ( 'NONE',  ( 0.0000000000000000000, 0.0000000000000000000, 1.000000000000000000 ) ) ;
#2234 = FACE_OUTER_BOUND ( 'NONE', #3859, .T. ) ;
#2235 = PLANE ( 'NONE',  #2236 ) ;
#2236 = AXIS2_PLACEMENT_3D ( 'NONE', #2237, #2238, #2239 ) ;
#2237 = CARTESIAN_POINT ( 'NONE',  ( 0.3499999999999999800, 7.000000000000000000, 0.1499999999999999900 ) ) ;
#2238 = DIRECTION ( 'NONE',  ( 0.0000000000000000000, -1.000000000000000000, 0.0000000000000000000 ) ) ;
#2239 = DIRECTION ( 'NONE',  ( 0.0000000000000000000, 0.0000000000000000000, -1.000000000000000000 ) ) ;
#2240 = VERTEX_POINT ( 'NONE', #1959 ) ;
#2241 = EDGE_CURVE ( 'NONE', #379, #30, #1960, .T. ) ;
#2242 = VERTEX_POINT ( 'NONE', #1965 ) ;
#2243 = CIRCLE ( 'NONE', #2244, 0.5999999999999998700 ) ;
#2244 = AXIS2_PLACEMENT_3D ( 'NONE', #2245, #2246, #2247 ) ;
#2245 = CARTESIAN_POINT ( 'NONE',  ( -4.400000000000000400, 6.150000000000000400, 2.250000000000000000 ) ) ;
#2246 = DIRECTION ( 'NONE',  ( 0.0000000000000000000, 7.228014483236699500E-017, 1.000000000000000000 ) ) ;
#2247 = DIRECTION ( 'NONE',  ( 0.0000000000000000000, 1.000000000000000000, 0.0000000000000000000 ) ) ;
#2248 = LINE ( 'NONE', #2249, #2250 ) ;
#2249 = CARTESIAN_POINT ( 'NONE',  ( -5.599999999999999600, 3.000000000000000000, -2.000000000000000000 ) ) ;
#2250 = VECTOR ( 'NONE', #2251, 1000.000000000000000 ) ;
#2251 = DIRECTION ( 'NONE',  ( 0.0000000000000000000, -1.000000000000000000, -1.734723475976805100E-015 ) ) ;
#2252 = FACE_OUTER_BOUND ( 'NONE', #3740, .T. ) ;
#2253 = PLANE ( 'NONE',  #2254 ) ;
#2254 = AXIS2_PLACEMENT_3D ( 'NONE', #2255, #2256, #2257 ) ;
#2255 = CARTESIAN_POINT ( 'NONE',  ( 1.399999999999999900, -2.600000000000000100, -3.000000000000000000 ) ) ;
#2256 = DIRECTION ( 'NONE',  ( 1.000000000000000000, 0.0000000000000000000, 0.0000000000000000000 ) ) ;
#2257 = DIRECTION ( 'NONE',  ( 0.0000000000000000000, 0.0000000000000000000, -1.000000000000000000 ) ) ;
#2258 = FACE_OUTER_BOUND ( 'NONE', #448, .T. ) ;
#2259 = EDGE_LOOP ( 'NONE', ( #539, #3217, #322, #3019, #3239, #86, #2671, #2222, #405, #564, #58, #337 ) ) ;
#2260 = VERTEX_POINT ( 'NONE', #1970 ) ;
#2261 = EDGE_CURVE ( 'NONE', #1592, #617, #1972, .T. ) ;
#2262 = ORIENTED_EDGE ( 'NONE', *, *, #309, .T. ) ;
#2263 = PLANE ( 'NONE',  #2264 ) ;
#2264 = AXIS2_PLACEMENT_3D ( 'NONE', #2265, #2266, #2267 ) ;
#2265 = CARTESIAN_POINT ( 'NONE',  ( 1.399999999999999900, 0.0000000000000000000, 0.2500000000000000000 ) ) ;
#2266 = DIRECTION ( 'NONE',  ( 0.0000000000000000000, 0.0000000000000000000, 1.000000000000000000 ) ) ;
#2267 = DIRECTION ( 'NONE',  ( 1.000000000000000000, 0.0000000000000000000, 0.0000000000000000000 ) ) ;
#2268 = FACE_OUTER_BOUND ( 'NONE', #36, .T. ) ;
#2269 = PLANE ( 'NONE',  #2270 ) ;
#2270 = AXIS2_PLACEMENT_3D ( 'NONE', #2271, #2272, #2273 ) ;
#2271 = CARTESIAN_POINT ( 'NONE',  ( 1.399999999999999900, 3.000000000000000000, 1.649999999999999900 ) ) ;
#2272 = DIRECTION ( 'NONE',  ( 0.0000000000000000000, -1.000000000000000000, 0.0000000000000000000 ) ) ;
#2273 = DIRECTION ( 'NONE',  ( 0.0000000000000000000, 0.0000000000000000000, -1.000000000000000000 ) ) ;
#2274 = FACE_OUTER_BOUND ( 'NONE', #125, .T. ) ;
#2275 = PLANE ( 'NONE',  #2276 ) ;
#2276 = AXIS2_PLACEMENT_3D ( 'NONE', #2277, #2278, #2282 ) ;
#2277 = CARTESIAN_POINT ( 'NONE',  ( -4.150000000000000400, 7.000000000000000000, -1.750000000000000000 ) ) ;
#2278 = DIRECTION ( 'NONE',  ( 0.0000000000000000000, -1.000000000000000000, 0.0000000000000000000 ) ) ;
#2279 = EDGE_LOOP ( 'NONE', ( #3729, #239 ) ) ;
#2280 = ADVANCED_FACE ( 'NONE', ( #1992 ), #1993, .T. ) ;
#2281 = EDGE_CURVE ( 'NONE', #505, #446, #2009, .T. ) ;
#2282 = DIRECTION ( 'NONE',  ( 0.0000000000000000000, 0.0000000000000000000, -1.000000000000000000 ) ) ;
#2283 = LINE ( 'NONE', #2284, #2285 ) ;
#2284 = CARTESIAN_POINT ( 'NONE',  ( 1.399999999999999900, 3.000000000000000000, 1.649999999999999900 ) ) ;
#2285 = VECTOR ( 'NONE', #2286, 1000.000000000000000 ) ;
#2286 = DIRECTION ( 'NONE',  ( 0.0000000000000000000, 1.000000000000000000, 0.0000000000000000000 ) ) ;
#2287 = CIRCLE ( 'NONE', #2288, 0.3499999999999999800 ) ;
#2288 = AXIS2_PLACEMENT_3D ( 'NONE', #2289, #2290, #2291 ) ;
#2289 = CARTESIAN_POINT ( 'NONE',  ( 1.101538820320219900, 3.000000000000000000, 0.2500000000000000000 ) ) ;
#2290 = DIRECTION ( 'NONE',  ( 0.0000000000000000000, -1.000000000000000000, 0.0000000000000000000 ) ) ;
#2291 = DIRECTION ( 'NONE',  ( 0.0000000000000000000, 0.0000000000000000000, -1.000000000000000000 ) ) ;
#2292 = FACE_OUTER_BOUND ( 'NONE', #3820, .T. ) ;
#2293 = PLANE ( 'NONE',  #2294 ) ;
#2294 = AXIS2_PLACEMENT_3D ( 'NONE', #2295, #2296, #2297 ) ;
#2295 = CARTESIAN_POINT ( 'NONE',  ( 1.399999999999999900, 1.000000000000000000, 1.250000000000000000 ) ) ;
#2296 = DIRECTION ( 'NONE',  ( 0.0000000000000000000, 2.168404344971010100E-016, -1.000000000000000000 ) ) ;
#2297 = DIRECTION ( 'NONE',  ( 0.0000000000000000000, 1.000000000000000000, 2.168404344971010100E-016 ) ) ;
#2298 = ORIENTED_EDGE ( 'NONE', *, *, #499, .T. ) ;
#2299 = ADVANCED_FACE ( 'NONE', ( #2022 ), #2023, .T. ) ;
#2300 = ORIENTED_EDGE ( 'NONE', *, *, #3744, .T. ) ;
#2301 = LINE ( 'NONE', #2302, #2303 ) ;
#2302 = CARTESIAN_POINT ( 'NONE',  ( 0.3499999999999999800, 1.000000000000000000, 0.1499999999999999900 ) ) ;
#2303 = VECTOR ( 'NONE', #2304, 1000.000000000000000 ) ;
#2304 = DIRECTION ( 'NONE',  ( -1.000000000000000000, 0.0000000000000000000, 0.0000000000000000000 ) ) ;
#2305 = FACE_OUTER_BOUND ( 'NONE', #17, .T. ) ;
#2306 = PLANE ( 'NONE',  #2307 ) ;
#2307 = AXIS2_PLACEMENT_3D ( 'NONE', #2308, #2309, #2310 ) ;
#2308 = CARTESIAN_POINT ( 'NONE',  ( -5.549999999999999800, 3.000000000000000000, 0.2500000000000000000 ) ) ;
#2309 = DIRECTION ( 'NONE',  ( 0.0000000000000000000, -1.000000000000000000, 0.0000000000000000000 ) ) ;
#2310 = DIRECTION ( 'NONE',  ( 0.0000000000000000000, 0.0000000000000000000, -1.000000000000000000 ) ) ;
#2311 = FACE_OUTER_BOUND ( 'NONE', #562, .T. ) ;
#2312 = CYLINDRICAL_SURFACE ( 'NONE', #2313, 0.5999999999999999800 ) ;
#2313 = AXIS2_PLACEMENT_3D ( 'NONE', #2314, #2315, #2316 ) ;
#2314 = CARTESIAN_POINT ( 'NONE',  ( -0.1000000000000000100, 6.150000000000000400, 2.750000000000000000 ) ) ;
#2315 = DIRECTION ( 'NONE',  ( 0.0000000000000000000, 0.0000000000000000000, -1.000000000000000000 ) ) ;
#2316 = DIRECTION ( 'NONE',  ( -1.000000000000000000, 0.0000000000000000000, 0.0000000000000000000 ) ) ;
#2317 = EDGE_CURVE ( 'NONE', #477, #350, #2029, .T. ) ;
#2318 = VERTEX_POINT ( 'NONE', #2033 ) ;
#2319 = ORIENTED_EDGE ( 'NONE', *, *, #3503, .F. ) ;
#2320 = FACE_OUTER_BOUND ( 'NONE', #3938, .T. ) ;
#2321 = PLANE ( 'NONE',  #2322 ) ;
#2322 = AXIS2_PLACEMENT_3D ( 'NONE', #2323, #2324, #2325 ) ;
#2323 = CARTESIAN_POINT ( 'NONE',  ( 0.3499999999999999800, 7.299999999999999800, -1.750000000000000000 ) ) ;
#2324 = DIRECTION ( 'NONE',  ( -1.000000000000000000, 6.186812372748879600E-033, -2.853163611803959400E-017 ) ) ;
#2325 = DIRECTION ( 'NONE',  ( -2.853163611803959400E-017, 0.0000000000000000000, 1.000000000000000000 ) ) ;
#2326 = LINE ( 'NONE', #2327, #2328 ) ;
#2327 = CARTESIAN_POINT ( 'NONE',  ( -4.250000000000000000, 7.000000000000000000, 1.950000000000000000 ) ) ;
#2328 = VECTOR ( 'NONE', #2329, 1000.000000000000000 ) ;
#2329 = DIRECTION ( 'NONE',  ( 0.0000000000000000000, -1.000000000000000000, 3.614007241618349800E-017 ) ) ;
#2330 = LINE ( 'NONE', #2331, #2332 ) ;
#2331 = CARTESIAN_POINT ( 'NONE',  ( -5.599999999999999600, -1.112720534831482100, -3.000000000000000000 ) ) ;
#2332 = VECTOR ( 'NONE', #2333, 1000.000000000000000 ) ;
#2333 = DIRECTION ( 'NONE',  ( 0.0000000000000000000, 0.0000000000000000000, 1.000000000000000000 ) ) ;
#2334 = CIRCLE ( 'NONE', #2335, 0.5999999999999999800 ) ;
#2335 = AXIS2_PLACEMENT_3D ( 'NONE', #2338, #2339, #2340 ) ;
#2336 = EDGE_CURVE ( 'NONE', #3037, #24, #2051, .T. ) ;
#2337 = ORIENTED_EDGE ( 'NONE', *, *, #587, .F. ) ;
#2338 = CARTESIAN_POINT ( 'NONE',  ( -0.1000000000000000100, 6.150000000000000400, 2.750000000000000000 ) ) ;
#2339 = DIRECTION ( 'NONE',  ( 0.0000000000000000000, 0.0000000000000000000, 1.000000000000000000 ) ) ;
#2340 = DIRECTION ( 'NONE',  ( 1.000000000000000000, 0.0000000000000000000, 0.0000000000000000000 ) ) ;
#2341 = LINE ( 'NONE', #2342, #2343 ) ;
#2342 = CARTESIAN_POINT ( 'NONE',  ( 0.7500000000000000000, 7.000000000000000000, -1.149999999999999900 ) ) ;
#2343 = VECTOR ( 'NONE', #2344, 1000.000000000000000 ) ;
#2344 = DIRECTION ( 'NONE',  ( -1.189124963371200000E-015, 0.0000000000000000000, -1.000000000000000000 ) ) ;
#2345 = CARTESIAN_POINT ( 'NONE',  ( -1.500000000000000000, 7.400000000000000400, 0.9499999999999999600 ) ) ;
#2346 = CARTESIAN_POINT ( 'NONE',  ( -3.000000000000000000, 7.400000000000000400, 0.9499999999999999600 ) ) ;
#2347 = FACE_BOUND ( 'NONE', #1407, .T. ) ;
#2348 = FACE_BOUND ( 'NONE', #321, .T. ) ;
#2349 = FACE_BOUND ( 'NONE', #592, .T. ) ;
#2350 = FACE_OUTER_BOUND ( 'NONE', #2259, .T. ) ;
#2351 = FACE_BOUND ( 'NONE', #3855, .T. ) ;
#2352 = FACE_BOUND ( 'NONE', #2279, .T. ) ;
#2353 = PLANE ( 'NONE',  #2358 ) ;
#2354 = ORIENTED_EDGE ( 'NONE', *, *, #1943, .F. ) ;
#2355 = EDGE_CURVE ( 'NONE', #474, #290, #2063, .T. ) ;
#2356 = ORIENTED_EDGE ( 'NONE', *, *, #4107, .T. ) ;
#2357 = ORIENTED_EDGE ( 'NONE', *, *, #3932, .T. ) ;
#2358 = AXIS2_PLACEMENT_3D ( 'NONE', #2359, #2360, #2361 ) ;
#2359 = CARTESIAN_POINT ( 'NONE',  ( 1.399999999999999900, 1.000000000000000000, 2.250000000000000000 ) ) ;
#2360 = DIRECTION ( 'NONE',  ( 0.0000000000000000000, -7.228014483236699500E-017, -1.000000000000000000 ) ) ;
#2361 = DIRECTION ( 'NONE',  ( 0.0000000000000000000, 1.000000000000000000, -7.228014483236699500E-017 ) ) ;
#2362 = CIRCLE ( 'NONE', #2363, 0.5999999999999999800 ) ;
#2363 = AXIS2_PLACEMENT_3D ( 'NONE', #2364, #2365, #2366 ) ;
#2364 = CARTESIAN_POINT ( 'NONE',  ( -0.1000000000000000100, 6.150000000000000400, 2.750000000000000000 ) ) ;
#2365 = DIRECTION ( 'NONE',  ( 0.0000000000000000000, 0.0000000000000000000, 1.000000000000000000 ) ) ;
#2366 = DIRECTION ( 'NONE',  ( 1.000000000000000000, 0.0000000000000000000, 0.0000000000000000000 ) ) ;
#2367 = LINE ( 'NONE', #2368, #2369 ) ;
#2368 = CARTESIAN_POINT ( 'NONE',  ( -5.899999999999999500, 1.000000000000000000, -2.000000000000000000 ) ) ;
#2369 = VECTOR ( 'NONE', #2370, 1000.000000000000000 ) ;
#2370 = DIRECTION ( 'NONE',  ( 0.0000000000000000000, -1.000000000000000000, -1.734723475976805100E-015 ) ) ;
#2371 = FACE_OUTER_BOUND ( 'NONE', #4079, .T. ) ;
#2372 = PLANE ( 'NONE',  #2373 ) ;
#2373 = AXIS2_PLACEMENT_3D ( 'NONE', #2377, #2378, #2379 ) ;
#2374 = ORIENTED_EDGE ( 'NONE', *, *, #612, .T. ) ;
#2375 = ADVANCED_FACE ( 'NONE', ( #2067 ), #2068, .T. ) ;
#2376 = ORIENTED_EDGE ( 'NONE', *, *, #319, .T. ) ;
#2377 = CARTESIAN_POINT ( 'NONE',  ( -5.899999999999999500, -3.500000000000000000, -3.000000000000000000 ) ) ;
#2378 = DIRECTION ( 'NONE',  ( 0.0000000000000000000, 0.0000000000000000000, 1.000000000000000000 ) ) ;
#2379 = DIRECTION ( 'NONE',  ( 1.000000000000000000, 0.0000000000000000000, 0.0000000000000000000 ) ) ;
#2380 = LINE ( 'NONE', #2381, #2382 ) ;
#2381 = CARTESIAN_POINT ( 'NONE',  ( 1.100000000000000100, 5.000000000000000000, 1.649999999999999900 ) ) ;
#2382 = VECTOR ( 'NONE', #2383, 1000.000000000000000 ) ;
#2383 = DIRECTION ( 'NONE',  ( 0.0000000000000000000, 0.0000000000000000000, -1.000000000000000000 ) ) ;
#2384 = LINE ( 'NONE', #2385, #2386 ) ;
#2385 = CARTESIAN_POINT ( 'NONE',  ( 0.3499999999999999800, 7.000000000000000000, -1.750000000000000000 ) ) ;
#2386 = VECTOR ( 'NONE', #2387, 1000.000000000000000 ) ;
#2387 = DIRECTION ( 'NONE',  ( -1.000000000000000000, 0.0000000000000000000, 0.0000000000000000000 ) ) ;
#2388 = CARTESIAN_POINT ( 'NONE',  ( -5.599999999999999600, 3.000000000000000000, -1.750000000000000000 ) ) ;
#2389 = LINE ( 'NONE', #2390, #2391 ) ;
#2390 = CARTESIAN_POINT ( 'NONE',  ( 1.399999999999999900, 5.000000000000000000, -1.149999999999999900 ) ) ;
#2391 = VECTOR ( 'NONE', #2392, 1000.000000000000000 ) ;
#2392 = DIRECTION ( 'NONE',  ( 0.0000000000000000000, 0.0000000000000000000, -1.000000000000000000 ) ) ;
#2393 = ORIENTED_EDGE ( 'NONE', *, *, #315, .F. ) ;
#2394 = EDGE_CURVE ( 'NONE', #3311, #289, #2084, .T. ) ;
#2395 = ORIENTED_EDGE ( 'NONE', *, *, #3218, .T. ) ;
#2396 = VERTEX_POINT ( 'NONE', #2093 ) ;
#2397 = EDGE_CURVE ( 'NONE', #397, #796, #2102, .T. ) ;
#2398 = LINE ( 'NONE', #2399, #2400 ) ;
#2399 = CARTESIAN_POINT ( 'NONE',  ( 1.100000000000000100, 3.000000000000000000, -1.186931687685298000 ) ) ;
#2400 = VECTOR ( 'NONE', #2401, 1000.000000000000000 ) ;
#2401 = DIRECTION ( 'NONE',  ( 0.0000000000000000000, 1.000000000000000000, 0.0000000000000000000 ) ) ;
#2402 = LINE ( 'NONE', #2403, #2404 ) ;
#2403 = CARTESIAN_POINT ( 'NONE',  ( -5.608957249956400700, 3.000000000000000000, 1.722760687510899800 ) ) ;
#2404 = VECTOR ( 'NONE', #2405, 999.9999999999998900 ) ;
#2405 = DIRECTION ( 'NONE',  ( 0.2425356250363315800, 0.0000000000000000000, -0.9701425001453323200 ) ) ;
#2406 = FACE_OUTER_BOUND ( 'NONE', #167, .T. ) ;
#2407 = PLANE ( 'NONE',  #2408 ) ;
#2408 = AXIS2_PLACEMENT_3D ( 'NONE', #2409, #2410, #2411 ) ;
#2409 = CARTESIAN_POINT ( 'NONE',  ( -5.250000000000000000, 1.000000000000000000, -1.149999999999999900 ) ) ;
#2410 = DIRECTION ( 'NONE',  ( -1.000000000000000000, 1.820120285144190100E-031, -8.393823270855521200E-016 ) ) ;
#2411 = DIRECTION ( 'NONE',  ( -8.393823270855521200E-016, 0.0000000000000000000, 1.000000000000000000 ) ) ;
#2412 = LINE ( 'NONE', #2413, #2416 ) ;
#2413 = CARTESIAN_POINT ( 'NONE',  ( -5.899999999999999500, -1.000000000000000000, -2.000000000000000000 ) ) ;
#2414 = MANIFOLD_SOLID_BREP ( 'NONE', #39 ) ;
#2415 = ORIENTED_EDGE ( 'NONE', *, *, #89, .T. ) ;
#2416 = VECTOR ( 'NONE', #2417, 999.9999999999998900 ) ;
#2417 = DIRECTION ( 'NONE',  ( -0.6585046078685180500, -0.7525766947068779400, 0.0000000000000000000 ) ) ;
#2418 = LINE ( 'NONE', #2419, #2420 ) ;
#2419 = CARTESIAN_POINT ( 'NONE',  ( 1.108957249956400000, 3.000000000000000000, 1.722760687510899800 ) ) ;
#2420 = VECTOR ( 'NONE', #2421, 999.9999999999998900 ) ;
#2421 = DIRECTION ( 'NONE',  ( 0.2425356250363330000, 0.0000000000000000000, 0.9701425001453319900 ) ) ;
#2422 = LINE ( 'NONE', #2423, #2424 ) ;
#2423 = CARTESIAN_POINT ( 'NONE',  ( 1.399999999999999900, -3.500000000000000000, -2.000000000000000000 ) ) ;
#2424 = VECTOR ( 'NONE', #2425, 1000.000000000000000 ) ;
#2425 = DIRECTION ( 'NONE',  ( 1.000000000000000000, 0.0000000000000000000, 0.0000000000000000000 ) ) ;
#2426 = LINE ( 'NONE', #2427, #2428 ) ;
#2427 = CARTESIAN_POINT ( 'NONE',  ( -5.599999999999999600, 5.000000000000000000, 2.250000000000000000 ) ) ;
#2428 = VECTOR ( 'NONE', #2429, 1000.000000000000000 ) ;
#2429 = DIRECTION ( 'NONE',  ( 0.0000000000000000000, 0.0000000000000000000, 1.000000000000000000 ) ) ;
#2430 = LINE ( 'NONE', #2431, #2434 ) ;
#2431 = CARTESIAN_POINT ( 'NONE',  ( 0.3499999999999999800, 7.299999999999999800, 0.1499999999999999900 ) ) ;
#2432 = EDGE_CURVE ( 'NONE', #3635, #35, #2120, .T. ) ;
#2433 = ORIENTED_EDGE ( 'NONE', *, *, #900, .F. ) ;
#2434 = VECTOR ( 'NONE', #2435, 1000.000000000000000 ) ;
#2435 = DIRECTION ( 'NONE',  ( 1.000000000000000000, 0.0000000000000000000, 0.0000000000000000000 ) ) ;
#2436 = FACE_OUTER_BOUND ( 'NONE', #3736, .T. ) ;
#2437 = PLANE ( 'NONE',  #2438 ) ;
#2438 = AXIS2_PLACEMENT_3D ( 'NONE', #2439, #2440, #2441 ) ;
#2439 = CARTESIAN_POINT ( 'NONE',  ( -1.500000000000000000, 0.5999999999999999800, 2.250000000000000000 ) ) ;
#2440 = DIRECTION ( 'NONE',  ( 0.0000000000000000000, 1.000000000000000000, 0.0000000000000000000 ) ) ;
#2441 = DIRECTION ( 'NONE',  ( 0.0000000000000000000, 0.0000000000000000000, 1.000000000000000000 ) ) ;
#2442 = LINE ( 'NONE', #2443, #2444 ) ;
#2443 = CARTESIAN_POINT ( 'NONE',  ( 1.399999999999999900, -3.500000000000000000, -3.000000000000000000 ) ) ;
#2444 = VECTOR ( 'NONE', #2445, 1000.000000000000000 ) ;
#2445 = DIRECTION ( 'NONE',  ( 1.000000000000000000, 0.0000000000000000000, 0.0000000000000000000 ) ) ;
#2446 = FACE_OUTER_BOUND ( 'NONE', #126, .T. ) ;
#2447 = PLANE ( 'NONE',  #2448 ) ;
#2448 = AXIS2_PLACEMENT_3D ( 'NONE', #2449, #2452, #2453 ) ;
#2449 = CARTESIAN_POINT ( 'NONE',  ( -5.250000000000000000, 2.000000000000000000, 1.940000000000000200 ) ) ;
#2450 = ORIENTED_EDGE ( 'NONE', *, *, #2983, .F. ) ;
#2451 = ORIENTED_EDGE ( 'NONE', *, *, #508, .T. ) ;
#2452 = DIRECTION ( 'NONE',  ( 0.0000000000000000000, -1.000000000000000000, 6.643448811904929700E-017 ) ) ;
#2453 = DIRECTION ( 'NONE',  ( 0.0000000000000000000, -6.643448811904929700E-017, -1.000000000000000000 ) ) ;
#2454 = LINE ( 'NONE', #2455, #2456 ) ;
#2455 = CARTESIAN_POINT ( 'NONE',  ( 1.100000000000000100, 3.000000000000000000, 1.649999999999999900 ) ) ;
#2456 = VECTOR ( 'NONE', #2457, 1000.000000000000000 ) ;
#2457 = DIRECTION ( 'NONE',  ( 0.0000000000000000000, 0.0000000000000000000, -1.000000000000000000 ) ) ;
#2458 = FACE_OUTER_BOUND ( 'NONE', #2223, .T. ) ;
#2459 = PLANE ( 'NONE',  #2460 ) ;
#2460 = AXIS2_PLACEMENT_3D ( 'NONE', #2461, #2462, #2463 ) ;
#2461 = CARTESIAN_POINT ( 'NONE',  ( 1.399999999999999900, 2.115889831480119900E-033, 1.250000000000000000 ) ) ;
#2462 = DIRECTION ( 'NONE',  ( 0.0000000000000000000, 1.000000000000000000, -2.115889831480119900E-033 ) ) ;
#2463 = DIRECTION ( 'NONE',  ( 0.0000000000000000000, 2.115889831480119900E-033, 1.000000000000000000 ) ) ;
#2464 = CARTESIAN_POINT ( 'NONE',  ( -0.6999999999999999600, 1.850000000000000100, 2.250000000000000000 ) ) ;
#2465 = LINE ( 'NONE', #2466, #2467 ) ;
#2466 = CARTESIAN_POINT ( 'NONE',  ( 1.100000000000000100, 3.000000000000000000, 0.2500000000000000000 ) ) ;
#2467 = VECTOR ( 'NONE', #2474, 1000.000000000000000 ) ;
#2468 = ORIENTED_EDGE ( 'NONE', *, *, #2432, .T. ) ;
#2469 = EDGE_CURVE ( 'NONE', #342, #3758, #2146, .T. ) ;
#2470 = ORIENTED_EDGE ( 'NONE', *, *, #3447, .F. ) ;
#2471 = ORIENTED_EDGE ( 'NONE', *, *, #3969, .F. ) ;
#2472 = VERTEX_POINT ( 'NONE', #2155 ) ;
#2473 = VERTEX_POINT ( 'NONE', #2156 ) ;
#2474 = DIRECTION ( 'NONE',  ( 0.0000000000000000000, 1.000000000000000000, 0.0000000000000000000 ) ) ;
#2475 = FACE_OUTER_BOUND ( 'NONE', #206, .T. ) ;
#2476 = PLANE ( 'NONE',  #2477 ) ;
#2477 = AXIS2_PLACEMENT_3D ( 'NONE', #2478, #2479, #2480 ) ;
#2478 = CARTESIAN_POINT ( 'NONE',  ( -5.258957249956400100, 3.000000000000000000, 0.1772393124891010200 ) ) ;
#2479 = DIRECTION ( 'NONE',  ( 0.9701425001453322100, 0.0000000000000000000, -0.2425356250363320500 ) ) ;
#2480 = DIRECTION ( 'NONE',  ( -0.2425356250363320500, 0.0000000000000000000, -0.9701425001453322100 ) ) ;
#2481 = CARTESIAN_POINT ( 'NONE',  ( -5.549999999999999800, 5.000000000000000000, 0.2500000000000000000 ) ) ;
#2482 = CARTESIAN_POINT ( 'NONE',  ( -3.800000000000000300, 1.850000000000000100, 2.750000000000000000 ) ) ;
#2483 = LINE ( 'NONE', #2484, #2485 ) ;
#2484 = CARTESIAN_POINT ( 'NONE',  ( 0.3499999999999999800, 7.299999999999999800, -1.750000000000000000 ) ) ;
#2485 = VECTOR ( 'NONE', #2486, 1000.000000000000000 ) ;
#2486 = DIRECTION ( 'NONE',  ( 2.853163611803959400E-017, 0.0000000000000000000, -1.000000000000000000 ) ) ;
#2487 = CARTESIAN_POINT ( 'NONE',  ( -1.500000000000000000, 7.400000000000000400, 2.250000000000000000 ) ) ;
#2488 = CARTESIAN_POINT ( 'NONE',  ( -4.850000000000000500, -3.500000000000000000, 0.1499999999999999900 ) ) ;
#2489 = CARTESIAN_POINT ( 'NONE',  ( 1.100000000000000100, 3.000000000000000000, 0.4500000000000000100 ) ) ;
#2490 = VERTEX_POINT ( 'NONE', #2157 ) ;
#2491 = ADVANCED_FACE ( 'NONE', ( #2158 ), #2159, .T. ) ;
#2492 = EDGE_CURVE ( 'NONE', #446, #84, #2170, .T. ) ;
#2493 = EDGE_CURVE ( 'NONE', #343, #2472, #2174, .T. ) ;
#2494 = VERTEX_POINT ( 'NONE', #2183 ) ;
#2495 = CARTESIAN_POINT ( 'NONE',  ( -3.000000000000000000, 7.100000000000000500, 0.9499999999999999600 ) ) ;
#2496 = CARTESIAN_POINT ( 'NONE',  ( 0.3499999999999999800, -3.500000000000000000, -0.1499999999999999900 ) ) ;
#2497 = LINE ( 'NONE', #2498, #2499 ) ;
#2498 = CARTESIAN_POINT ( 'NONE',  ( 0.4999999999999998900, 1.850000000000000100, 2.750000000000000000 ) ) ;
#2499 = VECTOR ( 'NONE', #2500, 1000.000000000000000 ) ;
#2500 = DIRECTION ( 'NONE',  ( 0.0000000000000000000, 0.0000000000000000000, -1.000000000000000000 ) ) ;
#2501 = CARTESIAN_POINT ( 'NONE',  ( -5.000000000000000000, 1.850000000000000100, 2.750000000000000000 ) ) ;
#2502 = LINE ( 'NONE', #2503, #2504 ) ;
#2503 = CARTESIAN_POINT ( 'NONE',  ( 2.100000000000000100, -1.800000000000000000, -3.000000000000000000 ) ) ;
#2504 = VECTOR ( 'NONE', #2505, 1000.000000000000000 ) ;
#2505 = DIRECTION ( 'NONE',  ( 0.6585046078685190500, 0.7525766947068770500, 0.0000000000000000000 ) ) ;
#2506 = CARTESIAN_POINT ( 'NONE',  ( 1.399999999999999900, -3.500000000000000000, -3.000000000000000000 ) ) ;
#2507 = CARTESIAN_POINT ( 'NONE',  ( -3.000000000000000000, 7.400000000000000400, 2.250000000000000000 ) ) ;
#2508 = LINE ( 'NONE', #2509, #2510 ) ;
#2509 = CARTESIAN_POINT ( 'NONE',  ( 1.399999999999999900, 1.000000000000000000, 1.950000000000000000 ) ) ;
#2510 = VECTOR ( 'NONE', #2513, 1000.000000000000000 ) ;
#2511 = EDGE_CURVE ( 'NONE', #293, #4098, #2188, .T. ) ;
#2512 = ORIENTED_EDGE ( 'NONE', *, *, #2125, .T. ) ;
#2513 = DIRECTION ( 'NONE',  ( -1.000000000000000000, 0.0000000000000000000, 0.0000000000000000000 ) ) ;
#2514 = LINE ( 'NONE', #2515, #2516 ) ;
#2515 = CARTESIAN_POINT ( 'NONE',  ( -6.599999999999999600, -1.800000000000000000, -2.000000000000000000 ) ) ;
#2516 = VECTOR ( 'NONE', #2517, 1000.000000000000000 ) ;
#2517 = DIRECTION ( 'NONE',  ( 0.6585046078685190500, -0.7525766947068770500, 0.0000000000000000000 ) ) ;
#2518 = CARTESIAN_POINT ( 'NONE',  ( 0.7619889452693540100, 5.000000000000000000, 0.3348874687627160200 ) ) ;
#2519 = CARTESIAN_POINT ( 'NONE',  ( 1.399999999999999900, -2.600000000000000100, -3.000000000000000000 ) ) ;
#2520 = LINE ( 'NONE', #2521, #2522 ) ;
#2521 = CARTESIAN_POINT ( 'NONE',  ( -5.261988945269359300, 3.000000000000000000, 0.1651125312372840000 ) ) ;
#2522 = VECTOR ( 'NONE', #2523, 1000.000000000000000 ) ;
#2523 = DIRECTION ( 'NONE',  ( 0.0000000000000000000, -1.000000000000000000, 0.0000000000000000000 ) ) ;
#2524 = CARTESIAN_POINT ( 'NONE',  ( 1.100000000000000100, 7.000000000000000000, -1.750000000000000000 ) ) ;
#2525 = CARTESIAN_POINT ( 'NONE',  ( -0.3499999999999999800, 1.000000000000000000, -0.1499999999999999900 ) ) ;
#2526 = CARTESIAN_POINT ( 'NONE',  ( 1.399999999999999900, 1.000000000000000000, 1.250000000000000000 ) ) ;
#2527 = LINE ( 'NONE', #2528, #2534 ) ;
#2528 = CARTESIAN_POINT ( 'NONE',  ( 1.399999999999999900, 1.000000000000000000, 0.2500000000000000000 ) ) ;
#2529 = EDGE_LOOP ( 'NONE', ( #3958, #1226, #2001, #326, #153, #101, #3750 ) ) ;
#2530 = VERTEX_POINT ( 'NONE', #2224 ) ;
#2531 = VERTEX_POINT ( 'NONE', #2225 ) ;
#2532 = ORIENTED_EDGE ( 'NONE', *, *, #4032, .T. ) ;
#2533 = ORIENTED_EDGE ( 'NONE', *, *, #3449, .T. ) ;
#2534 = VECTOR ( 'NONE', #2535, 1000.000000000000000 ) ;
#2535 = DIRECTION ( 'NONE',  ( -1.000000000000000000, 0.0000000000000000000, 0.0000000000000000000 ) ) ;
#2536 = LINE ( 'NONE', #2537, #2538 ) ;
#2537 = CARTESIAN_POINT ( 'NONE',  ( -5.599999999999999600, 7.000000000000000000, 2.250000000000000000 ) ) ;
#2538 = VECTOR ( 'NONE', #2539, 1000.000000000000000 ) ;
#2539 = DIRECTION ( 'NONE',  ( 0.0000000000000000000, -2.168404344971010100E-016, 1.000000000000000000 ) ) ;
#2540 = LINE ( 'NONE', #2541, #2542 ) ;
#2541 = CARTESIAN_POINT ( 'NONE',  ( -5.599999999999999600, 3.000000000000000000, 2.250000000000000000 ) ) ;
#2542 = VECTOR ( 'NONE', #2543, 1000.000000000000000 ) ;
#2543 = DIRECTION ( 'NONE',  ( 0.0000000000000000000, 0.0000000000000000000, 1.000000000000000000 ) ) ;
#2544 = LINE ( 'NONE', #2545, #2546 ) ;
#2545 = CARTESIAN_POINT ( 'NONE',  ( -1.500000000000000000, 0.5999999999999999800, 2.250000000000000000 ) ) ;
#2546 = VECTOR ( 'NONE', #2547, 1000.000000000000000 ) ;
#2547 = DIRECTION ( 'NONE',  ( -1.000000000000000000, 0.0000000000000000000, 0.0000000000000000000 ) ) ;
#2548 = FACE_OUTER_BOUND ( 'NONE', #3711, .T. ) ;
#2549 = PLANE ( 'NONE',  #2559 ) ;
#2550 = ORIENTED_EDGE ( 'NONE', *, *, #3809, .F. ) ;
#2551 = EDGE_CURVE ( 'NONE', #281, #361, #2226, .T. ) ;
#2552 = ORIENTED_EDGE ( 'NONE', *, *, #2575, .T. ) ;
#2553 = EDGE_CURVE ( 'NONE', #242, #1443, #2230, .T. ) ;
#2554 = ORIENTED_EDGE ( 'NONE', *, *, #1442, .T. ) ;
#2555 = ORIENTED_EDGE ( 'NONE', *, *, #3920, .F. ) ;
#2556 = EDGE_LOOP ( 'NONE', ( #3796, #1631, #1571, #424 ) ) ;
#2557 = ADVANCED_FACE ( 'NONE', ( #2234 ), #2235, .T. ) ;
#2558 = EDGE_CURVE ( 'NONE', #35, #580, #2243, .T. ) ;
#2559 = AXIS2_PLACEMENT_3D ( 'NONE', #2560, #2561, #2562 ) ;
#2560 = CARTESIAN_POINT ( 'NONE',  ( -6.599999999999999600, -1.800000000000000000, -3.000000000000000000 ) ) ;
#2561 = DIRECTION ( 'NONE',  ( -0.7525766947068770500, -0.6585046078685190500, 0.0000000000000000000 ) ) ;
#2562 = DIRECTION ( 'NONE',  ( 0.6585046078685190500, -0.7525766947068770500, 0.0000000000000000000 ) ) ;
#2563 = LINE ( 'NONE', #2564, #2565 ) ;
#2564 = CARTESIAN_POINT ( 'NONE',  ( -4.850000000000000500, 7.299999999999999800, -1.750000000000000000 ) ) ;
#2565 = VECTOR ( 'NONE', #2566, 1000.000000000000000 ) ;
#2566 = DIRECTION ( 'NONE',  ( 0.0000000000000000000, -1.000000000000000000, -2.168404344971010100E-016 ) ) ;
#2567 = LINE ( 'NONE', #2568, #2569 ) ;
#2568 = CARTESIAN_POINT ( 'NONE',  ( 1.399999999999999900, 5.000000000000000000, 1.649999999999999900 ) ) ;
#2569 = VECTOR ( 'NONE', #2570, 999.9999999999998900 ) ;
#2570 = DIRECTION ( 'NONE',  ( 0.2425356250363330000, 0.0000000000000000000, 0.9701425001453319900 ) ) ;
#2571 = CARTESIAN_POINT ( 'NONE',  ( 1.100000000000000100, -3.500000000000000000, -3.000000000000000000 ) ) ;
#2572 = CARTESIAN_POINT ( 'NONE',  ( -5.899999999999999500, -3.500000000000000000, -3.000000000000000000 ) ) ;
#2573 = LINE ( 'NONE', #2574, #2579 ) ;
#2574 = CARTESIAN_POINT ( 'NONE',  ( 1.399999999999999900, 0.0000000000000000000, -3.999999999999949800 ) ) ;
#2575 = EDGE_CURVE ( 'NONE', #3898, #4050, #2248, .T. ) ;
#2576 = ORIENTED_EDGE ( 'NONE', *, *, #231, .F. ) ;
#2577 = ORIENTED_EDGE ( 'NONE', *, *, #540, .T. ) ;
#2578 = ADVANCED_FACE ( 'NONE', ( #2274 ), #2275, .T. ) ;
#2579 = VECTOR ( 'NONE', #2580, 1000.000000000000000 ) ;
#2580 = DIRECTION ( 'NONE',  ( -1.000000000000000000, 0.0000000000000000000, 0.0000000000000000000 ) ) ;
#2581 = CARTESIAN_POINT ( 'NONE',  ( 1.399999999999999900, 0.0000000000000000000, -3.000000000000000000 ) ) ;
#2582 = FACE_OUTER_BOUND ( 'NONE', #349, .T. ) ;
#2583 = PLANE ( 'NONE',  #2584 ) ;
#2584 = AXIS2_PLACEMENT_3D ( 'NONE', #2585, #2586, #2587 ) ;
#2585 = CARTESIAN_POINT ( 'NONE',  ( 1.399999999999999900, 7.000000000000000000, -1.750000000000000000 ) ) ;
#2586 = DIRECTION ( 'NONE',  ( 0.0000000000000000000, 2.168404344971010100E-016, 1.000000000000000000 ) ) ;
#2587 = DIRECTION ( 'NONE',  ( 0.0000000000000000000, -1.000000000000000000, 2.168404344971010100E-016 ) ) ;
#2588 = CARTESIAN_POINT ( 'NONE',  ( -0.4999999999999997800, 4.000000000000000000, 2.250000000000000000 ) ) ;
#2589 = LINE ( 'NONE', #2590, #2591 ) ;
#2590 = CARTESIAN_POINT ( 'NONE',  ( -4.150000000000000400, 7.299999999999999800, -1.750000000000000000 ) ) ;
#2591 = VECTOR ( 'NONE', #2592, 1000.000000000000000 ) ;
#2592 = DIRECTION ( 'NONE',  ( -4.565061778886330100E-016, 0.0000000000000000000, -1.000000000000000000 ) ) ;
#2593 = FACE_OUTER_BOUND ( 'NONE', #830, .T. ) ;
#2594 = PLANE ( 'NONE',  #2598 ) ;
#2595 = EDGE_CURVE ( 'NONE', #164, #2473, #2283, .T. ) ;
#2596 = EDGE_CURVE ( 'NONE', #689, #1799, #2287, .T. ) ;
#2597 = ORIENTED_EDGE ( 'NONE', *, *, #2810, .F. ) ;
#2598 = AXIS2_PLACEMENT_3D ( 'NONE', #2599, #2600, #2601 ) ;
#2599 = CARTESIAN_POINT ( 'NONE',  ( 1.399999999999999900, 3.000000000000000000, -4.000000000000000000 ) ) ;
#2600 = DIRECTION ( 'NONE',  ( 0.0000000000000000000, 1.705811418043860100E-014, 1.000000000000000000 ) ) ;
#2601 = DIRECTION ( 'NONE',  ( 0.0000000000000000000, -1.000000000000000000, 1.705811418043860100E-014 ) ) ;
#2602 = LINE ( 'NONE', #2603, #2604 ) ;
#2603 = CARTESIAN_POINT ( 'NONE',  ( -1.500000000000000000, 0.5999999999999999800, 2.250000000000000000 ) ) ;
#2604 = VECTOR ( 'NONE', #2605, 1000.000000000000000 ) ;
#2605 = DIRECTION ( 'NONE',  ( 0.0000000000000000000, 0.0000000000000000000, -1.000000000000000000 ) ) ;
#2606 = LINE ( 'NONE', #2607, #2608 ) ;
#2607 = CARTESIAN_POINT ( 'NONE',  ( -5.899999999999999500, 7.000000000000000000, 2.250000000000000000 ) ) ;
#2608 = VECTOR ( 'NONE', #2609, 1000.000000000000000 ) ;
#2609 = DIRECTION ( 'NONE',  ( 0.0000000000000000000, -2.168404344971010100E-016, 1.000000000000000000 ) ) ;
#2610 = LINE ( 'NONE', #2611, #2612 ) ;
#2611 = CARTESIAN_POINT ( 'NONE',  ( -1.500000000000000000, 0.9000000000000000200, 0.9499999999999999600 ) ) ;
#2612 = VECTOR ( 'NONE', #2613, 1000.000000000000000 ) ;
#2613 = DIRECTION ( 'NONE',  ( 0.0000000000000000000, 0.0000000000000000000, 1.000000000000000000 ) ) ;
#2614 = ADVANCED_FACE ( 'NONE', ( #2292 ), #2293, .F. ) ;
#2615 = EDGE_CURVE ( 'NONE', #4094, #218, #2301, .T. ) ;
#2616 = ADVANCED_FACE ( 'NONE', ( #2311 ), #2312, .T. ) ;
#2617 = LINE ( 'NONE', #2618, #2619 ) ;
#2618 = CARTESIAN_POINT ( 'NONE',  ( 0.7500000000000000000, 1.000000000000000000, -1.149999999999999900 ) ) ;
#2619 = VECTOR ( 'NONE', #2620, 1000.000000000000000 ) ;
#2620 = DIRECTION ( 'NONE',  ( -1.189124963371200000E-015, 0.0000000000000000000, -1.000000000000000000 ) ) ;
#2621 = LINE ( 'NONE', #2622, #2623 ) ;
#2622 = CARTESIAN_POINT ( 'NONE',  ( -5.899999999999999500, 0.0000000000000000000, -3.000000000000000000 ) ) ;
#2623 = VECTOR ( 'NONE', #2624, 1000.000000000000000 ) ;
#2624 = DIRECTION ( 'NONE',  ( -1.000000000000000000, 2.168404344971015000E-016, 0.0000000000000000000 ) ) ;
#2625 = LINE ( 'NONE', #2626, #2627 ) ;
#2626 = CARTESIAN_POINT ( 'NONE',  ( -4.850000000000000500, 7.299999999999999800, 0.1499999999999999900 ) ) ;
#2627 = VECTOR ( 'NONE', #2628, 1000.000000000000000 ) ;
#2628 = DIRECTION ( 'NONE',  ( 1.000000000000000000, 0.0000000000000000000, 0.0000000000000000000 ) ) ;
#2629 = CARTESIAN_POINT ( 'NONE',  ( 0.4999999999999998900, 6.150000000000000400, 2.250000000000000000 ) ) ;
#2630 = FACE_OUTER_BOUND ( 'NONE', #4021, .T. ) ;
#2631 = PLANE ( 'NONE',  #2632 ) ;
#2632 = AXIS2_PLACEMENT_3D ( 'NONE', #2636, #2637, #2638 ) ;
#2633 = ADVANCED_FACE ( 'NONE', ( #2320 ), #2321, .F. ) ;
#2634 = EDGE_CURVE ( 'NONE', #371, #4050, #2330, .T. ) ;
#2635 = ORIENTED_EDGE ( 'NONE', *, *, #3782, .T. ) ;
#2636 = CARTESIAN_POINT ( 'NONE',  ( -1.500000000000000000, 7.000000000000000000, 2.250000000000000000 ) ) ;
#2637 = DIRECTION ( 'NONE',  ( -1.000000000000000000, 0.0000000000000000000, 0.0000000000000000000 ) ) ;
#2638 = DIRECTION ( 'NONE',  ( 0.0000000000000000000, 0.0000000000000000000, 1.000000000000000000 ) ) ;
#2639 = CARTESIAN_POINT ( 'NONE',  ( 1.100000000000000100, 5.000000000000000000, 0.4500000000000000100 ) ) ;
#2640 = LINE ( 'NONE', #2641, #2642 ) ;
#2641 = CARTESIAN_POINT ( 'NONE',  ( 1.399999999999999900, 1.000000000000000000, 1.950000000000000000 ) ) ;
#2642 = VECTOR ( 'NONE', #2643, 1000.000000000000000 ) ;
#2643 = DIRECTION ( 'NONE',  ( -1.000000000000000000, 0.0000000000000000000, 0.0000000000000000000 ) ) ;
#2644 = LINE ( 'NONE', #2645, #2646 ) ;
#2645 = CARTESIAN_POINT ( 'NONE',  ( 1.050000000000000000, 5.000000000000000000, 0.2500000000000000000 ) ) ;
#2646 = VECTOR ( 'NONE', #2647, 999.9999999999998900 ) ;
#2647 = DIRECTION ( 'NONE',  ( -0.2425356250363330000, 0.0000000000000000000, 0.9701425001453319900 ) ) ;
#2648 = CARTESIAN_POINT ( 'NONE',  ( -5.899999999999999500, 3.000000000000000000, 1.649999999999999900 ) ) ;
#2649 = FACE_OUTER_BOUND ( 'NONE', #4054, .T. ) ;
#2650 = PLANE ( 'NONE',  #2651 ) ;
#2651 = AXIS2_PLACEMENT_3D ( 'NONE', #2655, #2656, #2657 ) ;
#2652 = ORIENTED_EDGE ( 'NONE', *, *, #3961, .T. ) ;
#2653 = ADVANCED_FACE ( 'NONE', ( #2347, #2348, #2349, #2350, #2351, #2352 ), #2353, .F. ) ;
#2654 = ORIENTED_EDGE ( 'NONE', *, *, #504, .F. ) ;
#2655 = CARTESIAN_POINT ( 'NONE',  ( -5.549999999999999800, 3.000000000000000000, 0.2500000000000000000 ) ) ;
#2656 = DIRECTION ( 'NONE',  ( 0.9701425001453322100, 0.0000000000000000000, -0.2425356250363320500 ) ) ;
#2657 = DIRECTION ( 'NONE',  ( -0.2425356250363320500, 0.0000000000000000000, -0.9701425001453322100 ) ) ;
#2658 = CARTESIAN_POINT ( 'NONE',  ( 1.050000000000000000, 5.000000000000000000, 0.2500000000000000000 ) ) ;
#2659 = LINE ( 'NONE', #2660, #2661 ) ;
#2660 = CARTESIAN_POINT ( 'NONE',  ( -3.000000000000000000, 0.9000000000000000200, 0.9499999999999999600 ) ) ;
#2661 = VECTOR ( 'NONE', #2662, 1000.000000000000000 ) ;
#2662 = DIRECTION ( 'NONE',  ( 0.0000000000000000000, 0.0000000000000000000, 1.000000000000000000 ) ) ;
#2663 = LINE ( 'NONE', #2664, #2665 ) ;
#2664 = CARTESIAN_POINT ( 'NONE',  ( -4.850000000000000500, 7.299999999999999800, -1.750000000000000000 ) ) ;
#2665 = VECTOR ( 'NONE', #2666, 1000.000000000000000 ) ;
#2666 = DIRECTION ( 'NONE',  ( -4.565061778886330100E-016, 0.0000000000000000000, 1.000000000000000000 ) ) ;
#2667 = LINE ( 'NONE', #2668, #2669 ) ;
#2668 = CARTESIAN_POINT ( 'NONE',  ( 1.050000000000000000, 3.000000000000000000, 0.2500000000000000000 ) ) ;
#2669 = VECTOR ( 'NONE', #2670, 999.9999999999998900 ) ;
#2670 = DIRECTION ( 'NONE',  ( -0.2425356250363330000, 0.0000000000000000000, 0.9701425001453319900 ) ) ;
#2671 = ORIENTED_EDGE ( 'NONE', *, *, #4107, .F. ) ;
#2672 = CIRCLE ( 'NONE', #2673, 0.5999999999999999800 ) ;
#2673 = AXIS2_PLACEMENT_3D ( 'NONE', #2674, #2675, #2676 ) ;
#2674 = CARTESIAN_POINT ( 'NONE',  ( -0.1000000000000000100, 1.850000000000000100, 2.750000000000000000 ) ) ;
#2675 = DIRECTION ( 'NONE',  ( 0.0000000000000000000, 0.0000000000000000000, 1.000000000000000000 ) ) ;
#2676 = DIRECTION ( 'NONE',  ( 1.000000000000000000, 0.0000000000000000000, 0.0000000000000000000 ) ) ;
#2677 = LINE ( 'NONE', #2678, #2679 ) ;
#2678 = CARTESIAN_POINT ( 'NONE',  ( -1.500000000000000000, 0.5999999999999999800, 0.9499999999999999600 ) ) ;
#2679 = VECTOR ( 'NONE', #2680, 1000.000000000000000 ) ;
#2680 = DIRECTION ( 'NONE',  ( 0.0000000000000000000, 1.000000000000000000, 0.0000000000000000000 ) ) ;
#2681 = FACE_OUTER_BOUND ( 'NONE', #55, .T. ) ;
#2682 = PLANE ( 'NONE',  #2683 ) ;
#2683 = AXIS2_PLACEMENT_3D ( 'NONE', #2684, #2685, #2686 ) ;
#2684 = CARTESIAN_POINT ( 'NONE',  ( -3.000000000000000000, 7.000000000000000000, 2.250000000000000000 ) ) ;
#2685 = DIRECTION ( 'NONE',  ( -1.000000000000000000, 0.0000000000000000000, 0.0000000000000000000 ) ) ;
#2686 = DIRECTION ( 'NONE',  ( 0.0000000000000000000, 0.0000000000000000000, 1.000000000000000000 ) ) ;
#2687 = CARTESIAN_POINT ( 'NONE',  ( -4.000000000000000000, 4.000000000000000000, 2.250000000000000000 ) ) ;
#2688 = ORIENTED_EDGE ( 'NONE', *, *, #205, .T. ) ;
#2689 = FACE_OUTER_BOUND ( 'NONE', #1331, .T. ) ;
#2690 = PLANE ( 'NONE',  #2691 ) ;
#2691 = AXIS2_PLACEMENT_3D ( 'NONE', #2692, #2693, #2694 ) ;
#2692 = CARTESIAN_POINT ( 'NONE',  ( 0.3499999999999999800, -3.500000000000000000, 0.1499999999999999900 ) ) ;
#2693 = DIRECTION ( 'NONE',  ( 0.0000000000000000000, 0.0000000000000000000, 1.000000000000000000 ) ) ;
#2694 = DIRECTION ( 'NONE',  ( 1.000000000000000000, 0.0000000000000000000, 0.0000000000000000000 ) ) ;
#2695 = CARTESIAN_POINT ( 'NONE',  ( -1.500000000000000000, 7.000000000000000000, 2.250000000000000000 ) ) ;
#2696 = LINE ( 'NONE', #2697, #2698 ) ;
#2697 = CARTESIAN_POINT ( 'NONE',  ( 1.050000000000000000, 3.000000000000000000, 0.2500000000000000000 ) ) ;
#2698 = VECTOR ( 'NONE', #2699, 1000.000000000000000 ) ;
#2699 = DIRECTION ( 'NONE',  ( 0.0000000000000000000, 1.000000000000000000, 0.0000000000000000000 ) ) ;
#2700 = FACE_OUTER_BOUND ( 'NONE', #133, .T. ) ;
#2701 = PLANE ( 'NONE',  #2702 ) ;
#2702 = AXIS2_PLACEMENT_3D ( 'NONE', #2703, #2704, #2708 ) ;
#2703 = CARTESIAN_POINT ( 'NONE',  ( -5.599999999999999600, -1.112720534831482100, -3.000000000000000000 ) ) ;
#2704 = DIRECTION ( 'NONE',  ( 0.7525766947068779400, -0.6585046078685179400, 0.0000000000000000000 ) ) ;
#2705 = ORIENTED_EDGE ( 'NONE', *, *, #2511, .F. ) ;
#2706 = ORIENTED_EDGE ( 'NONE', *, *, #4011, .F. ) ;
#2707 = ORIENTED_EDGE ( 'NONE', *, *, #3994, .T. ) ;
#2708 = DIRECTION ( 'NONE',  ( 0.6585046078685179400, 0.7525766947068779400, 0.0000000000000000000 ) ) ;
#2709 = CARTESIAN_POINT ( 'NONE',  ( -5.599999999999999600, -2.487279465168510400, -2.000000000000000000 ) ) ;
#2710 = LINE ( 'NONE', #2711, #2712 ) ;
#2711 = CARTESIAN_POINT ( 'NONE',  ( -5.899999999999999500, 2.115889831480119900E-033, 1.250000000000000000 ) ) ;
#2712 = VECTOR ( 'NONE', #2713, 1000.000000000000000 ) ;
#2713 = DIRECTION ( 'NONE',  ( 0.0000000000000000000, -2.115889831480119900E-033, -1.000000000000000000 ) ) ;
#2714 = FACE_OUTER_BOUND ( 'NONE', #3221, .T. ) ;
#2715 = PLANE ( 'NONE',  #2716 ) ;
#2716 = AXIS2_PLACEMENT_3D ( 'NONE', #2717, #2718, #2719 ) ;
#2717 = CARTESIAN_POINT ( 'NONE',  ( -4.400000000000000400, 6.150000000000000400, 2.750000000000000000 ) ) ;
#2718 = DIRECTION ( 'NONE',  ( 0.0000000000000000000, 0.0000000000000000000, 1.000000000000000000 ) ) ;
#2719 = DIRECTION ( 'NONE',  ( 1.000000000000000000, 0.0000000000000000000, 0.0000000000000000000 ) ) ;
#2720 = LINE ( 'NONE', #2721, #2722 ) ;
#2721 = CARTESIAN_POINT ( 'NONE',  ( -3.000000000000000000, 0.9000000000000000200, 1.950000000000000000 ) ) ;
#2722 = VECTOR ( 'NONE', #2723, 1000.000000000000000 ) ;
#2723 = DIRECTION ( 'NONE',  ( 0.0000000000000000000, 1.000000000000000000, 0.0000000000000000000 ) ) ;
#2724 = ADVANCED_FACE ( 'NONE', ( #2371 ), #2372, .F. ) ;
#2725 = EDGE_CURVE ( 'NONE', #617, #141, #2384, .T. ) ;
#2726 = FACE_OUTER_BOUND ( 'NONE', #3894, .T. ) ;
#2727 = CYLINDRICAL_SURFACE ( 'NONE', #2728, 0.5999999999999998700 ) ;
#2728 = AXIS2_PLACEMENT_3D ( 'NONE', #2729, #2730, #2731 ) ;
#2729 = CARTESIAN_POINT ( 'NONE',  ( -4.400000000000000400, 1.850000000000000100, 2.750000000000000000 ) ) ;
#2730 = DIRECTION ( 'NONE',  ( 0.0000000000000000000, 0.0000000000000000000, -1.000000000000000000 ) ) ;
#2731 = DIRECTION ( 'NONE',  ( -1.000000000000000000, 0.0000000000000000000, 0.0000000000000000000 ) ) ;
#2732 = LINE ( 'NONE', #2733, #2734 ) ;
#2733 = CARTESIAN_POINT ( 'NONE',  ( 0.3499999999999999800, -3.500000000000000000, 0.1499999999999999900 ) ) ;
#2734 = VECTOR ( 'NONE', #2735, 1000.000000000000000 ) ;
#2735 = DIRECTION ( 'NONE',  ( 0.0000000000000000000, 0.0000000000000000000, -1.000000000000000000 ) ) ;
#2736 = FACE_OUTER_BOUND ( 'NONE', #1499, .T. ) ;
#2737 = PLANE ( 'NONE',  #2738 ) ;
#2738 = AXIS2_PLACEMENT_3D ( 'NONE', #2739, #2740, #2741 ) ;
#2739 = CARTESIAN_POINT ( 'NONE',  ( 1.399999999999999900, 3.000000000000000000, -4.000000000000000000 ) ) ;
#2740 = DIRECTION ( 'NONE',  ( 0.0000000000000000000, 1.705811418043860100E-014, 1.000000000000000000 ) ) ;
#2741 = DIRECTION ( 'NONE',  ( 0.0000000000000000000, -1.000000000000000000, 1.705811418043860100E-014 ) ) ;
#2742 = ORIENTED_EDGE ( 'NONE', *, *, #2744, .T. ) ;
#2743 = EDGE_CURVE ( 'NONE', #2473, #565, #2389, .T. ) ;
#2744 = EDGE_CURVE ( 'NONE', #302, #3523, #2398, .T. ) ;
#2745 = EDGE_CURVE ( 'NONE', #3813, #8, #2402, .T. ) ;
#2746 = ADVANCED_FACE ( 'NONE', ( #2406 ), #2407, .T. ) ;
#2747 = ORIENTED_EDGE ( 'NONE', *, *, #364, .T. ) ;
#2748 = EDGE_CURVE ( 'NONE', #689, #599, #2418, .T. ) ;
#2749 = EDGE_CURVE ( 'NONE', #290, #3810, #2422, .T. ) ;
#2750 = EDGE_CURVE ( 'NONE', #46, #40, #2426, .T. ) ;
#2751 = ORIENTED_EDGE ( 'NONE', *, *, #594, .T. ) ;
#2752 = LINE ( 'NONE', #2753, #2754 ) ;
#2753 = CARTESIAN_POINT ( 'NONE',  ( -1.500000000000000000, 0.9000000000000000200, 0.9499999999999999600 ) ) ;
#2754 = VECTOR ( 'NONE', #2755, 1000.000000000000000 ) ;
#2755 = DIRECTION ( 'NONE',  ( -1.000000000000000000, 0.0000000000000000000, 0.0000000000000000000 ) ) ;
#2756 = LINE ( 'NONE', #2757, #2758 ) ;
#2757 = CARTESIAN_POINT ( 'NONE',  ( 1.750000000000000000, 0.0000000000000000000, -1.700000000000000000 ) ) ;
#2758 = VECTOR ( 'NONE', #2759, 1000.000000000000000 ) ;
#2759 = DIRECTION ( 'NONE',  ( 0.0000000000000000000, 0.0000000000000000000, 1.000000000000000000 ) ) ;
#2760 = CARTESIAN_POINT ( 'NONE',  ( -3.800000000000000300, 1.850000000000000100, 2.250000000000000000 ) ) ;
#2761 = LINE ( 'NONE', #2762, #2763 ) ;
#2762 = CARTESIAN_POINT ( 'NONE',  ( -3.800000000000000300, 6.150000000000000400, 2.750000000000000000 ) ) ;
#2763 = VECTOR ( 'NONE', #2764, 1000.000000000000000 ) ;
#2764 = DIRECTION ( 'NONE',  ( 0.0000000000000000000, 0.0000000000000000000, -1.000000000000000000 ) ) ;
#2765 = LINE ( 'NONE', #2766, #2767 ) ;
#2766 = CARTESIAN_POINT ( 'NONE',  ( 1.701369532022449800, -1.800000000000000000, -3.000000000000000000 ) ) ;
#2767 = VECTOR ( 'NONE', #2770, 1000.000000000000000 ) ;
#2768 = ORIENTED_EDGE ( 'NONE', *, *, #3369, .T. ) ;
#2769 = EDGE_CURVE ( 'NONE', #2240, #1648, #2430, .T. ) ;
#2770 = DIRECTION ( 'NONE',  ( 0.0000000000000000000, 0.0000000000000000000, 1.000000000000000000 ) ) ;
#2771 = LINE ( 'NONE', #2772, #2773 ) ;
#2772 = CARTESIAN_POINT ( 'NONE',  ( -5.899999999999999500, 3.000000000000000000, 1.649999999999999900 ) ) ;
#2773 = VECTOR ( 'NONE', #2774, 999.9999999999998900 ) ;
#2774 = DIRECTION ( 'NONE',  ( 0.2425356250363315800, 0.0000000000000000000, -0.9701425001453323200 ) ) ;
#2775 = CARTESIAN_POINT ( 'NONE',  ( 0.4999999999999998900, 6.150000000000000400, 2.750000000000000000 ) ) ;
#2776 = CIRCLE ( 'NONE', #2777, 0.5999999999999998700 ) ;
#2777 = AXIS2_PLACEMENT_3D ( 'NONE', #2778, #2779, #2780 ) ;
#2778 = CARTESIAN_POINT ( 'NONE',  ( -4.400000000000000400, 1.850000000000000100, 2.250000000000000000 ) ) ;
#2779 = DIRECTION ( 'NONE',  ( 0.0000000000000000000, 7.228014483236699500E-017, 1.000000000000000000 ) ) ;
#2780 = DIRECTION ( 'NONE',  ( 0.0000000000000000000, 1.000000000000000000, 0.0000000000000000000 ) ) ;
#2781 = LINE ( 'NONE', #2782, #2783 ) ;
#2782 = CARTESIAN_POINT ( 'NONE',  ( -3.000000000000000000, 0.5999999999999999800, 0.9499999999999999600 ) ) ;
#2783 = VECTOR ( 'NONE', #2784, 1000.000000000000000 ) ;
#2784 = DIRECTION ( 'NONE',  ( 0.0000000000000000000, 1.000000000000000000, 0.0000000000000000000 ) ) ;
#2785 = LINE ( 'NONE', #2792, #2793 ) ;
#2786 = ADVANCED_FACE ( 'NONE', ( #2446 ), #2447, .T. ) ;
#2787 = EDGE_CURVE ( 'NONE', #443, #302, #2454, .T. ) ;
#2788 = ADVANCED_FACE ( 'NONE', ( #2458 ), #2459, .F. ) ;
#2789 = ORIENTED_EDGE ( 'NONE', *, *, #261, .T. ) ;
#2790 = ORIENTED_EDGE ( 'NONE', *, *, #3944, .T. ) ;
#2791 = EDGE_LOOP ( 'NONE', ( #134, #3222, #246, #3915, #3634, #3710, #4034, #386, #3041, #2262 ) ) ;
#2792 = CARTESIAN_POINT ( 'NONE',  ( -3.000000000000000000, 7.100000000000000500, 1.950000000000000000 ) ) ;
#2793 = VECTOR ( 'NONE', #2794, 1000.000000000000000 ) ;
#2794 = DIRECTION ( 'NONE',  ( 0.0000000000000000000, 1.000000000000000000, 0.0000000000000000000 ) ) ;
#2795 = FACE_OUTER_BOUND ( 'NONE', #588, .T. ) ;
#2796 = PLANE ( 'NONE',  #2797 ) ;
#2797 = AXIS2_PLACEMENT_3D ( 'NONE', #2798, #2799, #2800 ) ;
#2798 = CARTESIAN_POINT ( 'NONE',  ( 1.399999999999999900, 3.000000000000000000, 1.649999999999999900 ) ) ;
#2799 = DIRECTION ( 'NONE',  ( 0.0000000000000000000, -1.000000000000000000, 0.0000000000000000000 ) ) ;
#2800 = DIRECTION ( 'NONE',  ( 0.0000000000000000000, 0.0000000000000000000, -1.000000000000000000 ) ) ;
#2801 = LINE ( 'NONE', #2802, #2803 ) ;
#2802 = CARTESIAN_POINT ( 'NONE',  ( -1.500000000000000000, 7.100000000000000500, 0.9499999999999999600 ) ) ;
#2803 = VECTOR ( 'NONE', #2804, 1000.000000000000000 ) ;
#2804 = DIRECTION ( 'NONE',  ( -1.000000000000000000, 0.0000000000000000000, 0.0000000000000000000 ) ) ;
#2805 = LINE ( 'NONE', #2806, #2807 ) ;
#2806 = CARTESIAN_POINT ( 'NONE',  ( 1.399999999999999900, 3.000000000000000000, -1.750000000000000000 ) ) ;
#2807 = VECTOR ( 'NONE', #2812, 1000.000000000000000 ) ;
#2808 = EDGE_LOOP ( 'NONE', ( #256, #177, #3722, #1594, #2550, #1551, #3745 ) ) ;
#2809 = ORIENTED_EDGE ( 'NONE', *, *, #2927, .T. ) ;
#2810 = EDGE_CURVE ( 'NONE', #29, #116, #2465, .T. ) ;
#2811 = ORIENTED_EDGE ( 'NONE', *, *, #151, .F. ) ;
#2812 = DIRECTION ( 'NONE',  ( 0.0000000000000000000, 0.0000000000000000000, 1.000000000000000000 ) ) ;
#2813 = CIRCLE ( 'NONE', #2814, 0.5999999999999999800 ) ;
#2814 = AXIS2_PLACEMENT_3D ( 'NONE', #2815, #2816, #2817 ) ;
#2815 = CARTESIAN_POINT ( 'NONE',  ( -0.1000000000000000100, 1.850000000000000100, 2.750000000000000000 ) ) ;
#2816 = DIRECTION ( 'NONE',  ( 0.0000000000000000000, 0.0000000000000000000, 1.000000000000000000 ) ) ;
#2817 = DIRECTION ( 'NONE',  ( 1.000000000000000000, 0.0000000000000000000, 0.0000000000000000000 ) ) ;
#2818 = LINE ( 'NONE', #2819, #2820 ) ;
#2819 = CARTESIAN_POINT ( 'NONE',  ( 1.399999999999999900, -2.600000000000000100, -3.000000000000000000 ) ) ;
#2820 = VECTOR ( 'NONE', #2821, 1000.000000000000000 ) ;
#2821 = DIRECTION ( 'NONE',  ( 0.0000000000000000000, 0.0000000000000000000, 1.000000000000000000 ) ) ;
#2822 = CARTESIAN_POINT ( 'NONE',  ( -4.150000000000000400, 1.000000000000000000, 0.1499999999999999900 ) ) ;
#2823 = FACE_OUTER_BOUND ( 'NONE', #3881, .T. ) ;
#2824 = CYLINDRICAL_SURFACE ( 'NONE', #2825, 0.5999999999999999800 ) ;
#2825 = AXIS2_PLACEMENT_3D ( 'NONE', #2826, #2827, #2830 ) ;
#2826 = CARTESIAN_POINT ( 'NONE',  ( -0.1000000000000000100, 1.850000000000000100, 2.750000000000000000 ) ) ;
#2827 = DIRECTION ( 'NONE',  ( 0.0000000000000000000, 0.0000000000000000000, -1.000000000000000000 ) ) ;
#2828 = VERTEX_POINT ( 'NONE', #2481 ) ;
#2829 = VERTEX_POINT ( 'NONE', #2482 ) ;
#2830 = DIRECTION ( 'NONE',  ( -1.000000000000000000, 0.0000000000000000000, 0.0000000000000000000 ) ) ;
#2831 = LINE ( 'NONE', #2832, #2833 ) ;
#2832 = CARTESIAN_POINT ( 'NONE',  ( 0.4999999999999998900, 6.150000000000000400, 2.750000000000000000 ) ) ;
#2833 = VECTOR ( 'NONE', #2834, 1000.000000000000000 ) ;
#2834 = DIRECTION ( 'NONE',  ( 0.0000000000000000000, 0.0000000000000000000, -1.000000000000000000 ) ) ;
#2835 = LINE ( 'NONE', #2836, #2837 ) ;
#2836 = CARTESIAN_POINT ( 'NONE',  ( 1.100000000000000100, 7.000000000000000000, 2.250000000000000000 ) ) ;
#2837 = VECTOR ( 'NONE', #2838, 1000.000000000000000 ) ;
#2838 = DIRECTION ( 'NONE',  ( 0.0000000000000000000, -2.168404344971010100E-016, 1.000000000000000000 ) ) ;
#2839 = LINE ( 'NONE', #2840, #2841 ) ;
#2840 = CARTESIAN_POINT ( 'NONE',  ( -3.800000000000000300, 1.850000000000000100, 2.750000000000000000 ) ) ;
#2841 = VECTOR ( 'NONE', #2842, 1000.000000000000000 ) ;
#2842 = DIRECTION ( 'NONE',  ( 0.0000000000000000000, 0.0000000000000000000, -1.000000000000000000 ) ) ;
#2843 = LINE ( 'NONE', #2844, #2845 ) ;
#2844 = CARTESIAN_POINT ( 'NONE',  ( -5.250000000000000000, 1.000000000000000000, -1.149999999999999900 ) ) ;
#2845 = VECTOR ( 'NONE', #2849, 1000.000000000000000 ) ;
#2846 = EDGE_LOOP ( 'NONE', ( #34, #3830 ) ) ;
#2847 = VERTEX_POINT ( 'NONE', #2495 ) ;
#2848 = EDGE_LOOP ( 'NONE', ( #2742, #2654, #1573, #75, #3956, #375, #3757, #486 ) ) ;
#2849 = DIRECTION ( 'NONE',  ( -8.393823270855521200E-016, 0.0000000000000000000, 1.000000000000000000 ) ) ;
#2850 = LINE ( 'NONE', #2851, #2852 ) ;
#2851 = CARTESIAN_POINT ( 'NONE',  ( -3.000000000000000000, 7.000000000000000000, 2.250000000000000000 ) ) ;
#2852 = VECTOR ( 'NONE', #2853, 1000.000000000000000 ) ;
#2853 = DIRECTION ( 'NONE',  ( 0.0000000000000000000, -1.000000000000000000, 0.0000000000000000000 ) ) ;
#2854 = CARTESIAN_POINT ( 'NONE',  ( 1.399999999999999900, 1.000000000000000000, 0.2500000000000000000 ) ) ;
#2855 = LINE ( 'NONE', #2856, #2857 ) ;
#2856 = CARTESIAN_POINT ( 'NONE',  ( 1.399999999999999900, 0.0000000000000000000, -3.999999999999949800 ) ) ;
#2857 = VECTOR ( 'NONE', #2858, 1000.000000000000000 ) ;
#2858 = DIRECTION ( 'NONE',  ( -1.000000000000000000, 0.0000000000000000000, 0.0000000000000000000 ) ) ;
#2859 = CARTESIAN_POINT ( 'NONE',  ( 1.100000000000000100, 5.000000000000000000, -1.186931687685298000 ) ) ;
#2860 = FACE_OUTER_BOUND ( 'NONE', #497, .T. ) ;
#2861 = PLANE ( 'NONE',  #2862 ) ;
#2862 = AXIS2_PLACEMENT_3D ( 'NONE', #2863, #2864, #2868 ) ;
#2863 = CARTESIAN_POINT ( 'NONE',  ( -3.000000000000000000, 1.000000000000000000, 1.950000000000000000 ) ) ;
#2864 = DIRECTION ( 'NONE',  ( 1.000000000000000000, 0.0000000000000000000, 0.0000000000000000000 ) ) ;
#2865 = ORIENTED_EDGE ( 'NONE', *, *, #60, .F. ) ;
#2866 = ORIENTED_EDGE ( 'NONE', *, *, #2769, .T. ) ;
#2867 = EDGE_CURVE ( 'NONE', #3763, #96, #2497, .T. ) ;
#2868 = DIRECTION ( 'NONE',  ( 0.0000000000000000000, 0.0000000000000000000, -1.000000000000000000 ) ) ;
#2869 = LINE ( 'NONE', #2870, #2871 ) ;
#2870 = CARTESIAN_POINT ( 'NONE',  ( -1.500000000000000000, 0.5999999999999999800, 0.9499999999999999600 ) ) ;
#2871 = VECTOR ( 'NONE', #2872, 1000.000000000000000 ) ;
#2872 = DIRECTION ( 'NONE',  ( -1.000000000000000000, 0.0000000000000000000, 0.0000000000000000000 ) ) ;
#2873 = FACE_OUTER_BOUND ( 'NONE', #952, .T. ) ;
#2874 = PLANE ( 'NONE',  #2875 ) ;
#2875 = AXIS2_PLACEMENT_3D ( 'NONE', #2876, #2877, #2878 ) ;
#2876 = CARTESIAN_POINT ( 'NONE',  ( -4.250000000000000000, 7.000000000000000000, 1.940000000000000200 ) ) ;
#2877 = DIRECTION ( 'NONE',  ( -1.000000000000000000, 0.0000000000000000000, 0.0000000000000000000 ) ) ;
#2878 = DIRECTION ( 'NONE',  ( 0.0000000000000000000, 0.0000000000000000000, 1.000000000000000000 ) ) ;
#2879 = FACE_OUTER_BOUND ( 'NONE', #543, .T. ) ;
#2880 = CYLINDRICAL_SURFACE ( 'NONE', #2881, 0.3500000000000000300 ) ;
#2881 = AXIS2_PLACEMENT_3D ( 'NONE', #2882, #2883, #2893 ) ;
#2882 = CARTESIAN_POINT ( 'NONE',  ( -5.601538820320220300, 3.000000000000000000, 0.2500000000000000000 ) ) ;
#2883 = DIRECTION ( 'NONE',  ( 0.0000000000000000000, 1.000000000000000000, 0.0000000000000000000 ) ) ;
#2884 = ORIENTED_EDGE ( 'NONE', *, *, #3843, .F. ) ;
#2885 = ORIENTED_EDGE ( 'NONE', *, *, #90, .F. ) ;
#2886 = EDGE_CURVE ( 'NONE', #517, #3806, #2502, .T. ) ;
#2887 = VERTEX_POINT ( 'NONE', #2506 ) ;
#2888 = VERTEX_POINT ( 'NONE', #2507 ) ;
#2889 = ORIENTED_EDGE ( 'NONE', *, *, #67, .F. ) ;
#2890 = EDGE_LOOP ( 'NONE', ( #135, #2433, #458, #3715 ) ) ;
#2891 = EDGE_CURVE ( 'NONE', #2396, #3904, #2514, .T. ) ;
#2892 = VERTEX_POINT ( 'NONE', #2518 ) ;
#2893 = DIRECTION ( 'NONE',  ( 0.0000000000000000000, 0.0000000000000000000, 1.000000000000000000 ) ) ;
#2894 = FACE_OUTER_BOUND ( 'NONE', #392, .T. ) ;
#2895 = PLANE ( 'NONE',  #2896 ) ;
#2896 = AXIS2_PLACEMENT_3D ( 'NONE', #2897, #2898, #2899 ) ;
#2897 = CARTESIAN_POINT ( 'NONE',  ( -1.500000000000000000, 0.9000000000000000200, 0.9499999999999999600 ) ) ;
#2898 = DIRECTION ( 'NONE',  ( 0.0000000000000000000, -1.000000000000000000, 0.0000000000000000000 ) ) ;
#2899 = DIRECTION ( 'NONE',  ( 0.0000000000000000000, 0.0000000000000000000, -1.000000000000000000 ) ) ;
#2900 = CARTESIAN_POINT ( 'NONE',  ( 0.3499999999999999800, 1.000000000000000000, -0.1499999999999999900 ) ) ;
#2901 = LINE ( 'NONE', #2902, #2903 ) ;
#2902 = CARTESIAN_POINT ( 'NONE',  ( 1.399999999999999900, 1.000000000000000000, 2.250000000000000000 ) ) ;
#2903 = VECTOR ( 'NONE', #2904, 1000.000000000000000 ) ;
#2904 = DIRECTION ( 'NONE',  ( 0.0000000000000000000, -1.000000000000000000, 7.228014483236699500E-017 ) ) ;
#2905 = FACE_OUTER_BOUND ( 'NONE', #3117, .T. ) ;
#2906 = CYLINDRICAL_SURFACE ( 'NONE', #2907, 0.5999999999999998700 ) ;
#2907 = AXIS2_PLACEMENT_3D ( 'NONE', #2908, #2910, #2911 ) ;
#2908 = CARTESIAN_POINT ( 'NONE',  ( -4.400000000000000400, 6.150000000000000400, 2.750000000000000000 ) ) ;
#2909 = VERTEX_POINT ( 'NONE', #2525 ) ;
#2910 = DIRECTION ( 'NONE',  ( 0.0000000000000000000, 0.0000000000000000000, -1.000000000000000000 ) ) ;
#2911 = DIRECTION ( 'NONE',  ( -1.000000000000000000, 0.0000000000000000000, 0.0000000000000000000 ) ) ;
#2912 = LINE ( 'NONE', #2913, #2914 ) ;
#2913 = CARTESIAN_POINT ( 'NONE',  ( 1.100000000000000100, 3.000000000000000000, 1.686931687685300000 ) ) ;
#2914 = VECTOR ( 'NONE', #2915, 1000.000000000000000 ) ;
#2915 = DIRECTION ( 'NONE',  ( 0.0000000000000000000, 1.000000000000000000, 0.0000000000000000000 ) ) ;
#2916 = CARTESIAN_POINT ( 'NONE',  ( -5.599999999999999600, -1.112720534831482100, -2.000000000000000000 ) ) ;
#2917 = CARTESIAN_POINT ( 'NONE',  ( -5.000000000000000000, 6.150000000000000400, 2.750000000000000000 ) ) ;
#2918 = FACE_OUTER_BOUND ( 'NONE', #3653, .T. ) ;
#2919 = PLANE ( 'NONE',  #2920 ) ;
#2920 = AXIS2_PLACEMENT_3D ( 'NONE', #2921, #2922, #2923 ) ;
#2921 = CARTESIAN_POINT ( 'NONE',  ( 0.3499999999999999800, -3.500000000000000000, 0.1499999999999999900 ) ) ;
#2922 = DIRECTION ( 'NONE',  ( -1.000000000000000000, 0.0000000000000000000, 0.0000000000000000000 ) ) ;
#2923 = DIRECTION ( 'NONE',  ( 0.0000000000000000000, 0.0000000000000000000, 1.000000000000000000 ) ) ;
#2924 = CARTESIAN_POINT ( 'NONE',  ( -4.850000000000000500, 7.000000000000000000, -1.750000000000000000 ) ) ;
#2925 = LINE ( 'NONE', #2930, #2931 ) ;
#2926 = VERTEX_POINT ( 'NONE', #2526 ) ;
#2927 = EDGE_CURVE ( 'NONE', #2490, #350, #2536, .T. ) ;
#2928 = ORIENTED_EDGE ( 'NONE', *, *, #87, .F. ) ;
#2929 = EDGE_CURVE ( 'NONE', #3931, #505, #2540, .T. ) ;
#2930 = CARTESIAN_POINT ( 'NONE',  ( -5.599999999999999600, 0.0000000000000000000, 2.250000000000000000 ) ) ;
#2931 = VECTOR ( 'NONE', #2932, 1000.000000000000000 ) ;
#2932 = DIRECTION ( 'NONE',  ( 0.0000000000000000000, -1.880790961315709800E-034, -1.000000000000000000 ) ) ;
#2933 = CARTESIAN_POINT ( 'NONE',  ( -5.261988945269359300, 5.000000000000000000, 0.3348874687627164700 ) ) ;
#2934 = CARTESIAN_POINT ( 'NONE',  ( 0.7619889452693550100, 5.000000000000000000, 0.1651125312372830100 ) ) ;
#2935 = LINE ( 'NONE', #2936, #2937 ) ;
#2936 = CARTESIAN_POINT ( 'NONE',  ( -5.899999999999999500, 1.000000000000000000, 0.2500000000000000000 ) ) ;
#2937 = VECTOR ( 'NONE', #2938, 1000.000000000000000 ) ;
#2938 = DIRECTION ( 'NONE',  ( 0.0000000000000000000, 0.0000000000000000000, -1.000000000000000000 ) ) ;
#2939 = LINE ( 'NONE', #2940, #2941 ) ;
#2940 = CARTESIAN_POINT ( 'NONE',  ( 1.399999999999999900, 1.000000000000000000, -2.000000000000000000 ) ) ;
#2941 = VECTOR ( 'NONE', #2942, 1000.000000000000000 ) ;
#2942 = DIRECTION ( 'NONE',  ( -1.000000000000000000, 0.0000000000000000000, 0.0000000000000000000 ) ) ;
#2943 = FACE_OUTER_BOUND ( 'NONE', #479, .T. ) ;
#2944 = PLANE ( 'NONE',  #2945 ) ;
#2945 = AXIS2_PLACEMENT_3D ( 'NONE', #2946, #2947, #2948 ) ;
#2946 = CARTESIAN_POINT ( 'NONE',  ( -5.549999999999999800, 3.000000000000000000, 0.2500000000000000000 ) ) ;
#2947 = DIRECTION ( 'NONE',  ( 0.0000000000000000000, -1.000000000000000000, 0.0000000000000000000 ) ) ;
#2948 = DIRECTION ( 'NONE',  ( 0.0000000000000000000, 0.0000000000000000000, -1.000000000000000000 ) ) ;
#2949 = LINE ( 'NONE', #2950, #2951 ) ;
#2950 = CARTESIAN_POINT ( 'NONE',  ( -4.250000000000000000, 6.000000000000000000, 1.940000000000000200 ) ) ;
#2951 = VECTOR ( 'NONE', #2952, 1000.000000000000000 ) ;
#2952 = DIRECTION ( 'NONE',  ( 0.0000000000000000000, 6.643448811904929700E-017, 1.000000000000000000 ) ) ;
#2953 = FACE_OUTER_BOUND ( 'NONE', #4009, .T. ) ;
#2954 = PLANE ( 'NONE',  #2955 ) ;
#2955 = AXIS2_PLACEMENT_3D ( 'NONE', #2956, #2957, #2958 ) ;
#2956 = CARTESIAN_POINT ( 'NONE',  ( -0.1000000000000000100, 6.150000000000000400, 2.750000000000000000 ) ) ;
#2957 = DIRECTION ( 'NONE',  ( 0.0000000000000000000, 0.0000000000000000000, 1.000000000000000000 ) ) ;
#2958 = DIRECTION ( 'NONE',  ( 1.000000000000000000, 0.0000000000000000000, 0.0000000000000000000 ) ) ;
#2959 = LINE ( 'NONE', #2960, #2961 ) ;
#2960 = CARTESIAN_POINT ( 'NONE',  ( -0.3499999999999999800, 7.299999999999999800, -1.750000000000000000 ) ) ;
#2961 = VECTOR ( 'NONE', #2966, 1000.000000000000000 ) ;
#2962 = ORIENTED_EDGE ( 'NONE', *, *, #3918, .F. ) ;
#2963 = ADVANCED_FACE ( 'NONE', ( #2548 ), #2549, .T. ) ;
#2964 = ORIENTED_EDGE ( 'NONE', *, *, #191, .F. ) ;
#2965 = ORIENTED_EDGE ( 'NONE', *, *, #346, .F. ) ;
#2966 = DIRECTION ( 'NONE',  ( 2.853163611803959400E-017, 0.0000000000000000000, 1.000000000000000000 ) ) ;
#2967 = LINE ( 'NONE', #2968, #2969 ) ;
#2968 = CARTESIAN_POINT ( 'NONE',  ( 1.108957249956400000, 5.000000000000000000, 1.722760687510899800 ) ) ;
#2969 = VECTOR ( 'NONE', #2970, 999.9999999999998900 ) ;
#2970 = DIRECTION ( 'NONE',  ( 0.2425356250363330000, 0.0000000000000000000, 0.9701425001453319900 ) ) ;
#2971 = CARTESIAN_POINT ( 'NONE',  ( 1.399999999999999900, -1.000000000000000000, -3.000000000000000000 ) ) ;
#2972 = CARTESIAN_POINT ( 'NONE',  ( -5.261988945269359300, 5.000000000000000000, 0.1651125312372840000 ) ) ;
#2973 = CIRCLE ( 'NONE', #2974, 1.750000000000000000 ) ;
#2974 = AXIS2_PLACEMENT_3D ( 'NONE', #2975, #2976, #2977 ) ;
#2975 = CARTESIAN_POINT ( 'NONE',  ( -2.250000000000000000, 4.000000000000000000, 2.250000000000000000 ) ) ;
#2976 = DIRECTION ( 'NONE',  ( 0.0000000000000000000, 0.0000000000000000000, 1.000000000000000000 ) ) ;
#2977 = DIRECTION ( 'NONE',  ( 1.000000000000000000, 0.0000000000000000000, 0.0000000000000000000 ) ) ;
#2978 = CARTESIAN_POINT ( 'NONE',  ( -4.150000000000000400, 7.299999999999999800, -1.750000000000000000 ) ) ;
#2979 = CIRCLE ( 'NONE', #2980, 0.5999999999999998700 ) ;
#2980 = AXIS2_PLACEMENT_3D ( 'NONE', #2981, #2985, #2986 ) ;
#2981 = CARTESIAN_POINT ( 'NONE',  ( -4.400000000000000400, 1.850000000000000100, 2.750000000000000000 ) ) ;
#2982 = EDGE_CURVE ( 'NONE', #163, #4052, #2563, .T. ) ;
#2983 = EDGE_CURVE ( 'NONE', #3116, #2473, #2567, .T. ) ;
#2984 = ORIENTED_EDGE ( 'NONE', *, *, #3878, .T. ) ;
#2985 = DIRECTION ( 'NONE',  ( 0.0000000000000000000, 0.0000000000000000000, 1.000000000000000000 ) ) ;
#2986 = DIRECTION ( 'NONE',  ( 1.000000000000000000, 0.0000000000000000000, 0.0000000000000000000 ) ) ;
#2987 = FACE_OUTER_BOUND ( 'NONE', #561, .T. ) ;
#2988 = PLANE ( 'NONE',  #2989 ) ;
#2989 = AXIS2_PLACEMENT_3D ( 'NONE', #2990, #2991, #2992 ) ;
#2990 = CARTESIAN_POINT ( 'NONE',  ( -1.500000000000000000, 7.400000000000000400, 0.9499999999999999600 ) ) ;
#2991 = DIRECTION ( 'NONE',  ( 0.0000000000000000000, 0.0000000000000000000, 1.000000000000000000 ) ) ;
#2992 = DIRECTION ( 'NONE',  ( 1.000000000000000000, 0.0000000000000000000, 0.0000000000000000000 ) ) ;
#2993 = LINE ( 'NONE', #2994, #2995 ) ;
#2994 = CARTESIAN_POINT ( 'NONE',  ( -4.150000000000000400, 1.000000000000000000, -0.1499999999999999900 ) ) ;
#2995 = VECTOR ( 'NONE', #2996, 1000.000000000000000 ) ;
#2996 = DIRECTION ( 'NONE',  ( 0.0000000000000000000, 1.000000000000000000, 0.0000000000000000000 ) ) ;
#2997 = CARTESIAN_POINT ( 'NONE',  ( -4.850000000000000500, 7.000000000000000000, -1.149999999999999900 ) ) ;
#2998 = CARTESIAN_POINT ( 'NONE',  ( 1.399999999999999900, 5.000000000000000000, -1.149999999999999900 ) ) ;
#2999 = CARTESIAN_POINT ( 'NONE',  ( -1.500000000000000000, 0.5999999999999999800, 0.9499999999999999600 ) ) ;
#3000 = LINE ( 'NONE', #3003, #3004 ) ;
#3001 = VERTEX_POINT ( 'NONE', #2571 ) ;
#3002 = VERTEX_POINT ( 'NONE', #2572 ) ;
#3003 = CARTESIAN_POINT ( 'NONE',  ( 1.050000000000000000, 3.000000000000000000, 0.2500000000000000000 ) ) ;
#3004 = VECTOR ( 'NONE', #3005, 999.9999999999998900 ) ;
#3005 = DIRECTION ( 'NONE',  ( -0.2425356250363330000, 0.0000000000000000000, 0.9701425001453319900 ) ) ;
#3006 = FACE_OUTER_BOUND ( 'NONE', #538, .T. ) ;
#3007 = PLANE ( 'NONE',  #3008 ) ;
#3008 = AXIS2_PLACEMENT_3D ( 'NONE', #3009, #3010, #3011 ) ;
#3009 = CARTESIAN_POINT ( 'NONE',  ( 1.399999999999999900, 0.0000000000000000000, -3.000000000000000000 ) ) ;
#3010 = DIRECTION ( 'NONE',  ( 0.0000000000000000000, 0.0000000000000000000, 1.000000000000000000 ) ) ;
#3011 = DIRECTION ( 'NONE',  ( 1.000000000000000000, 0.0000000000000000000, 0.0000000000000000000 ) ) ;
#3012 = CARTESIAN_POINT ( 'NONE',  ( 1.399999999999999900, 3.000000000000000000, -1.750000000000000000 ) ) ;
#3013 = LINE ( 'NONE', #3014, #3015 ) ;
#3014 = CARTESIAN_POINT ( 'NONE',  ( -5.899999999999999500, 5.000000000000000000, 1.649999999999999900 ) ) ;
#3015 = VECTOR ( 'NONE', #3016, 999.9999999999998900 ) ;
#3016 = DIRECTION ( 'NONE',  ( 0.2425356250363315800, 0.0000000000000000000, -0.9701425001453323200 ) ) ;
#3017 = LINE ( 'NONE', #3018, #3021 ) ;
#3018 = CARTESIAN_POINT ( 'NONE',  ( 1.100000000000000100, -1.112720534831482100, -3.000000000000000000 ) ) ;
#3019 = ORIENTED_EDGE ( 'NONE', *, *, #3505, .T. ) ;
#3020 = ORIENTED_EDGE ( 'NONE', *, *, #312, .T. ) ;
#3021 = VECTOR ( 'NONE', #3022, 999.9999999999998900 ) ;
#3022 = DIRECTION ( 'NONE',  ( 0.6585046078685180500, -0.7525766947068779400, 0.0000000000000000000 ) ) ;
#3023 = LINE ( 'NONE', #3024, #3025 ) ;
#3024 = CARTESIAN_POINT ( 'NONE',  ( -5.599999999999999600, -2.487279465168510400, -3.000000000000000000 ) ) ;
#3025 = VECTOR ( 'NONE', #3026, 1000.000000000000000 ) ;
#3026 = DIRECTION ( 'NONE',  ( 0.0000000000000000000, 0.0000000000000000000, 1.000000000000000000 ) ) ;
#3027 = FACE_OUTER_BOUND ( 'NONE', #532, .T. ) ;
#3028 = PLANE ( 'NONE',  #3029 ) ;
#3029 = AXIS2_PLACEMENT_3D ( 'NONE', #3030, #3031, #3032 ) ;
#3030 = CARTESIAN_POINT ( 'NONE',  ( 0.7500000000000000000, 1.000000000000000000, -1.149999999999999900 ) ) ;
#3031 = DIRECTION ( 'NONE',  ( -1.084202172485503800E-016, 2.168404344971010100E-016, -1.000000000000000000 ) ) ;
#3032 = DIRECTION ( 'NONE',  ( 0.0000000000000000000, 1.000000000000000000, 2.168404344971010100E-016 ) ) ;
#3033 = LINE ( 'NONE', #3034, #3035 ) ;
#3034 = CARTESIAN_POINT ( 'NONE',  ( -0.3499999999999999800, 7.000000000000000000, -1.750000000000000000 ) ) ;
#3035 = VECTOR ( 'NONE', #3036, 1000.000000000000000 ) ;
#3036 = DIRECTION ( 'NONE',  ( 2.853163611803959400E-017, 0.0000000000000000000, 1.000000000000000000 ) ) ;
#3037 = VERTEX_POINT ( 'NONE', #2581 ) ;
#3038 = ADVANCED_FACE ( 'NONE', ( #2582 ), #2583, .F. ) ;
#3039 = ORIENTED_EDGE ( 'NONE', *, *, #3926, .T. ) ;
#3040 = ORIENTED_EDGE ( 'NONE', *, *, #311, .F. ) ;
#3041 = ORIENTED_EDGE ( 'NONE', *, *, #2394, .T. ) ;
#3042 = CARTESIAN_POINT ( 'NONE',  ( 1.100000000000000100, 2.115889831480119900E-033, 1.250000000000000000 ) ) ;
#3043 = LINE ( 'NONE', #3044, #3045 ) ;
#3044 = CARTESIAN_POINT ( 'NONE',  ( -3.000000000000000000, 7.400000000000000400, 2.250000000000000000 ) ) ;
#3045 = VECTOR ( 'NONE', #3046, 1000.000000000000000 ) ;
#3046 = DIRECTION ( 'NONE',  ( 0.0000000000000000000, 0.0000000000000000000, 1.000000000000000000 ) ) ;
#3047 = LINE ( 'NONE', #3048, #3049 ) ;
#3048 = CARTESIAN_POINT ( 'NONE',  ( 1.399999999999999900, 3.000000000000000000, -1.149999999999999900 ) ) ;
#3049 = VECTOR ( 'NONE', #3050, 1000.000000000000000 ) ;
#3050 = DIRECTION ( 'NONE',  ( 0.0000000000000000000, 0.0000000000000000000, -1.000000000000000000 ) ) ;
#3051 = CARTESIAN_POINT ( 'NONE',  ( -5.000000000000000000, 1.850000000000000100, 2.250000000000000000 ) ) ;
#3052 = LINE ( 'NONE', #3053, #3054 ) ;
#3053 = CARTESIAN_POINT ( 'NONE',  ( 1.100000000000000100, 5.000000000000000000, 1.649999999999999900 ) ) ;
#3054 = VECTOR ( 'NONE', #3055, 1000.000000000000000 ) ;
#3055 = DIRECTION ( 'NONE',  ( 0.0000000000000000000, 0.0000000000000000000, -1.000000000000000000 ) ) ;
#3056 = LINE ( 'NONE', #3057, #3060 ) ;
#3057 = CARTESIAN_POINT ( 'NONE',  ( -0.2500000000000000000, 6.000000000000000000, 1.940000000000000200 ) ) ;
#3058 = ORIENTED_EDGE ( 'NONE', *, *, #20, .F. ) ;
#3059 = ADVANCED_FACE ( 'NONE', ( #2593 ), #2594, .F. ) ;
#3060 = VECTOR ( 'NONE', #3061, 1000.000000000000000 ) ;
#3061 = DIRECTION ( 'NONE',  ( 0.0000000000000000000, 6.643448811904929700E-017, 1.000000000000000000 ) ) ;
#3062 = CARTESIAN_POINT ( 'NONE',  ( -1.750000000000000000, 2.143061119189160200E-016, -1.700000000000000000 ) ) ;
#3063 = FACE_OUTER_BOUND ( 'NONE', #3687, .T. ) ;
#3064 = CYLINDRICAL_SURFACE ( 'NONE', #3065, 0.5999999999999998700 ) ;
#3065 = AXIS2_PLACEMENT_3D ( 'NONE', #3066, #3067, #3068 ) ;
#3066 = CARTESIAN_POINT ( 'NONE',  ( -4.400000000000000400, 1.850000000000000100, 2.750000000000000000 ) ) ;
#3067 = DIRECTION ( 'NONE',  ( 0.0000000000000000000, 0.0000000000000000000, -1.000000000000000000 ) ) ;
#3068 = DIRECTION ( 'NONE',  ( -1.000000000000000000, 0.0000000000000000000, 0.0000000000000000000 ) ) ;
#3069 = CARTESIAN_POINT ( 'NONE',  ( -5.250000000000000000, 7.000000000000000000, -1.149999999999999900 ) ) ;
#3070 = CIRCLE ( 'NONE', #3071, 1.750000000000000000 ) ;
#3071 = AXIS2_PLACEMENT_3D ( 'NONE', #3072, #3073, #3074 ) ;
#3072 = CARTESIAN_POINT ( 'NONE',  ( 0.0000000000000000000, 0.0000000000000000000, 0.0000000000000000000 ) ) ;
#3073 = DIRECTION ( 'NONE',  ( 0.0000000000000000000, 0.0000000000000000000, 1.000000000000000000 ) ) ;
#3074 = DIRECTION ( 'NONE',  ( 1.000000000000000000, 0.0000000000000000000, 0.0000000000000000000 ) ) ;
#3075 = LINE ( 'NONE', #3079, #3080 ) ;
#3076 = EDGE_CURVE ( 'NONE', #84, #325, #2606, .T. ) ;
#3077 = EDGE_CURVE ( 'NONE', #3954, #578, #2610, .T. ) ;
#3078 = EDGE_CURVE ( 'NONE', #3760, #335, #2621, .T. ) ;
#3079 = CARTESIAN_POINT ( 'NONE',  ( -5.258957249956400100, 3.000000000000000000, 0.1772393124891010200 ) ) ;
#3080 = VECTOR ( 'NONE', #3081, 999.9999999999998900 ) ;
#3081 = DIRECTION ( 'NONE',  ( -0.2425356250363320500, 0.0000000000000000000, -0.9701425001453322100 ) ) ;
#3082 = CARTESIAN_POINT ( 'NONE',  ( -5.899999999999999500, -1.000000000000000000, -2.000000000000000000 ) ) ;
#3083 = CARTESIAN_POINT ( 'NONE',  ( 0.3499999999999999800, -3.500000000000000000, 0.1499999999999999900 ) ) ;
#3084 = CARTESIAN_POINT ( 'NONE',  ( -5.899999999999999500, 1.000000000000000000, 0.2500000000000000000 ) ) ;
#3085 = CARTESIAN_POINT ( 'NONE',  ( -5.599999999999999600, 0.0000000000000000000, -3.000000000000000000 ) ) ;
#3086 = CARTESIAN_POINT ( 'NONE',  ( 0.4999999999999998900, 1.850000000000000100, 2.750000000000000000 ) ) ;
#3087 = CARTESIAN_POINT ( 'NONE',  ( -6.201369532022449800, -1.800000000000000000, -3.000000000000000000 ) ) ;
#3088 = LINE ( 'NONE', #3089, #3090 ) ;
#3089 = CARTESIAN_POINT ( 'NONE',  ( -1.500000000000000000, 7.400000000000000400, 0.9499999999999999600 ) ) ;
#3090 = VECTOR ( 'NONE', #3091, 1000.000000000000000 ) ;
#3091 = DIRECTION ( 'NONE',  ( 0.0000000000000000000, 1.000000000000000000, 0.0000000000000000000 ) ) ;
#3092 = CARTESIAN_POINT ( 'NONE',  ( -5.899999999999999500, 2.115889831480119900E-033, 1.250000000000000000 ) ) ;
#3093 = CARTESIAN_POINT ( 'NONE',  ( -0.3499999999999999800, 7.000000000000000000, 0.1499999999999999900 ) ) ;
#3094 = FACE_OUTER_BOUND ( 'NONE', #33, .T. ) ;
#3095 = CLOSED_SHELL ( 'NONE', ( #2280, #401, #3939, #3835 ) ) ;
#3096 = EDGE_CURVE ( 'NONE', #849, #3826, #2625, .T. ) ;
#3097 = ORIENTED_EDGE ( 'NONE', *, *, #265, .T. ) ;
#3098 = PLANE ( 'NONE',  #3099 ) ;
#3099 = AXIS2_PLACEMENT_3D ( 'NONE', #3100, #3101, #3102 ) ;
#3100 = CARTESIAN_POINT ( 'NONE',  ( -4.150000000000000400, 1.000000000000000000, 0.1499999999999999900 ) ) ;
#3101 = DIRECTION ( 'NONE',  ( -1.000000000000000000, 0.0000000000000000000, 0.0000000000000000000 ) ) ;
#3102 = DIRECTION ( 'NONE',  ( 0.0000000000000000000, 0.0000000000000000000, 1.000000000000000000 ) ) ;
#3103 = LINE ( 'NONE', #3104, #3105 ) ;
#3104 = CARTESIAN_POINT ( 'NONE',  ( -5.599999999999999600, 3.000000000000000000, 1.250000000000000000 ) ) ;
#3105 = VECTOR ( 'NONE', #3106, 1000.000000000000000 ) ;
#3106 = DIRECTION ( 'NONE',  ( 0.0000000000000000000, -1.000000000000000000, -2.168404344971010100E-016 ) ) ;
#3107 = CARTESIAN_POINT ( 'NONE',  ( -4.850000000000000500, -3.500000000000000000, -0.1499999999999999900 ) ) ;
#3108 = FACE_OUTER_BOUND ( 'NONE', #3927, .T. ) ;
#3109 = CYLINDRICAL_SURFACE ( 'NONE', #3110, 1.750000000000000000 ) ;
#3110 = AXIS2_PLACEMENT_3D ( 'NONE', #3111, #3112, #3113 ) ;
#3111 = CARTESIAN_POINT ( 'NONE',  ( -2.250000000000000000, 4.000000000000000000, 0.5500000000000000400 ) ) ;
#3112 = DIRECTION ( 'NONE',  ( 0.0000000000000000000, 0.0000000000000000000, 1.000000000000000000 ) ) ;
#3113 = DIRECTION ( 'NONE',  ( 1.000000000000000000, 0.0000000000000000000, 0.0000000000000000000 ) ) ;
#3114 = ORIENTED_EDGE ( 'NONE', *, *, #398, .F. ) ;
#3115 = ADVANCED_FACE ( 'NONE', ( #2630 ), #2631, .F. ) ;
#3116 = VERTEX_POINT ( 'NONE', #2639 ) ;
#3117 = EDGE_LOOP ( 'NONE', ( #3921, #3370, #88, #4111 ) ) ;
#3118 = EDGE_CURVE ( 'NONE', #14, #3880, #2640, .T. ) ;
#3119 = EDGE_CURVE ( 'NONE', #3775, #3195, #2644, .T. ) ;
#3120 = CARTESIAN_POINT ( 'NONE',  ( 1.100000000000000100, 5.000000000000000000, 0.05000000000000070400 ) ) ;
#3121 = LINE ( 'NONE', #3122, #3123 ) ;
#3122 = CARTESIAN_POINT ( 'NONE',  ( -5.250000000000000000, 1.000000000000000000, 1.940000000000000200 ) ) ;
#3123 = VECTOR ( 'NONE', #3124, 1000.000000000000000 ) ;
#3124 = DIRECTION ( 'NONE',  ( 1.000000000000000000, 0.0000000000000000000, 0.0000000000000000000 ) ) ;
#3125 = CARTESIAN_POINT ( 'NONE',  ( -1.500000000000000000, 0.9000000000000000200, 1.950000000000000000 ) ) ;
#3126 = FACE_OUTER_BOUND ( 'NONE', #41, .T. ) ;
#3127 = PLANE ( 'NONE',  #3128 ) ;
#3128 = AXIS2_PLACEMENT_3D ( 'NONE', #3129, #3130, #3131 ) ;
#3129 = CARTESIAN_POINT ( 'NONE',  ( 2.100000000000000100, -1.800000000000000000, -3.000000000000000000 ) ) ;
#3130 = DIRECTION ( 'NONE',  ( 0.7525766947068770500, -0.6585046078685190500, 0.0000000000000000000 ) ) ;
#3131 = DIRECTION ( 'NONE',  ( 0.6585046078685190500, 0.7525766947068770500, 0.0000000000000000000 ) ) ;
#3132 = LINE ( 'NONE', #3133, #3134 ) ;
#3133 = CARTESIAN_POINT ( 'NONE',  ( 1.399999999999999900, 3.000000000000000000, -4.000000000000000000 ) ) ;
#3134 = VECTOR ( 'NONE', #3135, 1000.000000000000000 ) ;
#3135 = DIRECTION ( 'NONE',  ( -1.000000000000000000, 0.0000000000000000000, 0.0000000000000000000 ) ) ;
#3136 = ORIENTED_EDGE ( 'NONE', *, *, #584, .T. ) ;
#3137 = ORIENTED_EDGE ( 'NONE', *, *, #303, .F. ) ;
#3138 = LINE ( 'NONE', #3139, #3140 ) ;
#3139 = CARTESIAN_POINT ( 'NONE',  ( -0.3499999999999999800, -3.500000000000000000, -0.1499999999999999900 ) ) ;
#3140 = VECTOR ( 'NONE', #3141, 1000.000000000000000 ) ;
#3141 = DIRECTION ( 'NONE',  ( 1.000000000000000000, 0.0000000000000000000, 0.0000000000000000000 ) ) ;
#3142 = LINE ( 'NONE', #3143, #3144 ) ;
#3143 = CARTESIAN_POINT ( 'NONE',  ( 1.399999999999999900, 7.000000000000000000, -1.750000000000000000 ) ) ;
#3144 = VECTOR ( 'NONE', #3145, 1000.000000000000000 ) ;
#3145 = DIRECTION ( 'NONE',  ( 0.0000000000000000000, 1.000000000000000000, -2.168404344971010100E-016 ) ) ;
#3146 = LINE ( 'NONE', #3147, #3148 ) ;
#3147 = CARTESIAN_POINT ( 'NONE',  ( 1.399999999999999900, -1.000000000000000000, -3.000000000000000000 ) ) ;
#3148 = VECTOR ( 'NONE', #3149, 1000.000000000000000 ) ;
#3149 = DIRECTION ( 'NONE',  ( -0.6585046078685173900, 0.7525766947068784900, 0.0000000000000000000 ) ) ;
#3150 = CARTESIAN_POINT ( 'NONE',  ( -1.500000000000000000, 7.100000000000000500, 1.950000000000000000 ) ) ;
#3151 = LINE ( 'NONE', #3152, #3153 ) ;
#3152 = CARTESIAN_POINT ( 'NONE',  ( 1.399999999999999900, 0.0000000000000000000, 0.2500000000000000000 ) ) ;
#3153 = VECTOR ( 'NONE', #3157, 1000.000000000000000 ) ;
#3154 = ORIENTED_EDGE ( 'NONE', *, *, #211, .T. ) ;
#3155 = ORIENTED_EDGE ( 'NONE', *, *, #508, .F. ) ;
#3156 = VERTEX_POINT ( 'NONE', #2648 ) ;
#3157 = DIRECTION ( 'NONE',  ( 0.0000000000000000000, 1.000000000000000000, 0.0000000000000000000 ) ) ;
#3158 = LINE ( 'NONE', #3159, #3160 ) ;
#3159 = CARTESIAN_POINT ( 'NONE',  ( 1.100000000000000100, -3.500000000000000000, -3.000000000000000000 ) ) ;
#3160 = VECTOR ( 'NONE', #3161, 1000.000000000000000 ) ;
#3161 = DIRECTION ( 'NONE',  ( 0.0000000000000000000, 0.0000000000000000000, 1.000000000000000000 ) ) ;
#3162 = LINE ( 'NONE', #3163, #3164 ) ;
#3163 = CARTESIAN_POINT ( 'NONE',  ( -5.250000000000000000, 7.000000000000000000, 1.940000000000000200 ) ) ;
#3164 = VECTOR ( 'NONE', #3165, 1000.000000000000000 ) ;
#3165 = DIRECTION ( 'NONE',  ( 0.0000000000000000000, -1.000000000000000000, 3.614007241618349800E-017 ) ) ;
#3166 = CARTESIAN_POINT ( 'NONE',  ( -5.250000000000000000, 7.000000000000000000, 1.940000000000000200 ) ) ;
#3167 = CARTESIAN_POINT ( 'NONE',  ( -3.800000000000000300, 6.150000000000000400, 2.250000000000000000 ) ) ;
#3168 = LINE ( 'NONE', #3169, #3170 ) ;
#3169 = CARTESIAN_POINT ( 'NONE',  ( -4.850000000000000500, 7.000000000000000000, 0.1499999999999999900 ) ) ;
#3170 = VECTOR ( 'NONE', #3171, 1000.000000000000000 ) ;
#3171 = DIRECTION ( 'NONE',  ( 1.000000000000000000, 0.0000000000000000000, 0.0000000000000000000 ) ) ;
#3172 = CARTESIAN_POINT ( 'NONE',  ( 1.750000000000000000, 0.0000000000000000000, 0.0000000000000000000 ) ) ;
#3173 = ORIENTED_EDGE ( 'NONE', *, *, #185, .T. ) ;
#3174 = ORIENTED_EDGE ( 'NONE', *, *, #182, .T. ) ;
#3175 = EDGE_LOOP ( 'NONE', ( #3957, #3943, #291, #286, #264, #4076, #399, #147, #215, #3992, #3741, #4049, #3928, #3988 ) ) ;
#3176 = ORIENTED_EDGE ( 'NONE', *, *, #442, .T. ) ;
#3177 = ORIENTED_EDGE ( 'NONE', *, *, #3944, .F. ) ;
#3178 = LINE ( 'NONE', #3179, #3180 ) ;
#3179 = CARTESIAN_POINT ( 'NONE',  ( -5.599999999999999600, -2.487279465168510400, -2.000000000000000000 ) ) ;
#3180 = VECTOR ( 'NONE', #3181, 1000.000000000000000 ) ;
#3181 = DIRECTION ( 'NONE',  ( 0.0000000000000000000, 1.000000000000000000, 0.0000000000000000000 ) ) ;
#3182 = FACE_OUTER_BOUND ( 'NONE', #1, .T. ) ;
#3183 = PLANE ( 'NONE',  #3184 ) ;
#3184 = AXIS2_PLACEMENT_3D ( 'NONE', #3185, #3186, #3187 ) ;
#3185 = CARTESIAN_POINT ( 'NONE',  ( 1.100000000000000100, -2.487279465168510400, -3.000000000000000000 ) ) ;
#3186 = DIRECTION ( 'NONE',  ( -1.000000000000000000, 0.0000000000000000000, 0.0000000000000000000 ) ) ;
#3187 = DIRECTION ( 'NONE',  ( 0.0000000000000000000, 0.0000000000000000000, 1.000000000000000000 ) ) ;
#3188 = LINE ( 'NONE', #3189, #3190 ) ;
#3189 = CARTESIAN_POINT ( 'NONE',  ( 0.7589572499564000200, 5.000000000000000000, 0.1772393124891000200 ) ) ;
#3190 = VECTOR ( 'NONE', #3191, 999.9999999999998900 ) ;
#3191 = DIRECTION ( 'NONE',  ( -0.2425356250363330000, 0.0000000000000000000, 0.9701425001453319900 ) ) ;
#3192 = LINE ( 'NONE', #3193, #3201 ) ;
#3193 = CARTESIAN_POINT ( 'NONE',  ( 1.399999999999999900, 1.000000000000000000, 0.2500000000000000000 ) ) ;
#3194 = ORIENTED_EDGE ( 'NONE', *, *, #3200, .T. ) ;
#3195 = VERTEX_POINT ( 'NONE', #2658 ) ;
#3196 = ORIENTED_EDGE ( 'NONE', *, *, #2927, .F. ) ;
#3197 = EDGE_CURVE ( 'NONE', #2494, #2531, #2659, .T. ) ;
#3198 = ORIENTED_EDGE ( 'NONE', *, *, #4066, .F. ) ;
#3199 = EDGE_LOOP ( 'NONE', ( #3544, #174, #12, #4110, #502, #534, #220, #348, #3853, #1781 ) ) ;
#3200 = EDGE_CURVE ( 'NONE', #163, #849, #2663, .T. ) ;
#3201 = VECTOR ( 'NONE', #3202, 1000.000000000000000 ) ;
#3202 = DIRECTION ( 'NONE',  ( 0.0000000000000000000, 0.0000000000000000000, -1.000000000000000000 ) ) ;
#3203 = LINE ( 'NONE', #3204, #3205 ) ;
#3204 = CARTESIAN_POINT ( 'NONE',  ( -5.599999999999999600, 1.000000000000000000, 2.250000000000000000 ) ) ;
#3205 = VECTOR ( 'NONE', #3206, 1000.000000000000000 ) ;
#3206 = DIRECTION ( 'NONE',  ( 0.0000000000000000000, 0.0000000000000000000, -1.000000000000000000 ) ) ;
#3207 = LINE ( 'NONE', #3208, #3209 ) ;
#3208 = CARTESIAN_POINT ( 'NONE',  ( -1.500000000000000000, 7.100000000000000500, 0.9499999999999999600 ) ) ;
#3209 = VECTOR ( 'NONE', #3210, 1000.000000000000000 ) ;
#3210 = DIRECTION ( 'NONE',  ( 0.0000000000000000000, 0.0000000000000000000, -1.000000000000000000 ) ) ;
#3211 = CARTESIAN_POINT ( 'NONE',  ( 2.100000000000000100, -1.800000000000000000, -3.000000000000000000 ) ) ;
#3212 = LINE ( 'NONE', #3213, #3214 ) ;
#3213 = CARTESIAN_POINT ( 'NONE',  ( 1.399999999999999900, 5.000000000000000000, 1.649999999999999900 ) ) ;
#3214 = VECTOR ( 'NONE', #3215, 999.9999999999998900 ) ;
#3215 = DIRECTION ( 'NONE',  ( 0.2425356250363330000, 0.0000000000000000000, 0.9701425001453319900 ) ) ;
#3216 = CARTESIAN_POINT ( 'NONE',  ( 1.399999999999999900, -3.500000000000000000, -2.000000000000000000 ) ) ;
#3217 = ORIENTED_EDGE ( 'NONE', *, *, #368, .F. ) ;
#3218 = EDGE_CURVE ( 'NONE', #443, #314, #2667, .T. ) ;
#3219 = ORIENTED_EDGE ( 'NONE', *, *, #3197, .T. ) ;
#3220 = ORIENTED_EDGE ( 'NONE', *, *, #31, .T. ) ;
#3221 = EDGE_LOOP ( 'NONE', ( #3833, #1386 ) ) ;
#3222 = ORIENTED_EDGE ( 'NONE', *, *, #2126, .T. ) ;
#3223 = FACE_OUTER_BOUND ( 'NONE', #551, .T. ) ;
#3224 = PLANE ( 'NONE',  #3225 ) ;
#3225 = AXIS2_PLACEMENT_3D ( 'NONE', #3226, #3227, #3228 ) ;
#3226 = CARTESIAN_POINT ( 'NONE',  ( -4.850000000000000500, 1.000000000000000000, 0.1499999999999999900 ) ) ;
#3227 = DIRECTION ( 'NONE',  ( 0.0000000000000000000, 0.0000000000000000000, -1.000000000000000000 ) ) ;
#3228 = DIRECTION ( 'NONE',  ( -1.000000000000000000, 0.0000000000000000000, 0.0000000000000000000 ) ) ;
#3229 = LINE ( 'NONE', #3230, #3231 ) ;
#3230 = CARTESIAN_POINT ( 'NONE',  ( -4.150000000000000400, 1.000000000000000000, 0.1499999999999999900 ) ) ;
#3231 = VECTOR ( 'NONE', #3232, 1000.000000000000000 ) ;
#3232 = DIRECTION ( 'NONE',  ( 0.0000000000000000000, 0.0000000000000000000, -1.000000000000000000 ) ) ;
#3233 = FACE_OUTER_BOUND ( 'NONE', #2035, .T. ) ;
#3234 = PLANE ( 'NONE',  #3235 ) ;
#3235 = AXIS2_PLACEMENT_3D ( 'NONE', #3236, #3237, #3238 ) ;
#3236 = CARTESIAN_POINT ( 'NONE',  ( -4.150000000000000400, 6.000000000000000000, 1.940000000000000200 ) ) ;
#3237 = DIRECTION ( 'NONE',  ( 0.0000000000000000000, 1.000000000000000000, -6.643448811904929700E-017 ) ) ;
#3238 = DIRECTION ( 'NONE',  ( 0.0000000000000000000, 6.643448811904929700E-017, 1.000000000000000000 ) ) ;
#3239 = ORIENTED_EDGE ( 'NONE', *, *, #3871, .T. ) ;
#3240 = LINE ( 'NONE', #3241, #3242 ) ;
#3241 = CARTESIAN_POINT ( 'NONE',  ( -4.850000000000000500, 7.000000000000000000, -1.750000000000000000 ) ) ;
#3242 = VECTOR ( 'NONE', #3243, 1000.000000000000000 ) ;
#3243 = DIRECTION ( 'NONE',  ( -4.565061778886330100E-016, 0.0000000000000000000, 1.000000000000000000 ) ) ;
#3244 = LINE ( 'NONE', #3245, #3246 ) ;
#3245 = CARTESIAN_POINT ( 'NONE',  ( 1.399999999999999900, 0.0000000000000000000, -3.000000000000000000 ) ) ;
#3246 = VECTOR ( 'NONE', #3247, 1000.000000000000000 ) ;
#3247 = DIRECTION ( 'NONE',  ( -1.000000000000000000, -2.168404344971015000E-016, 0.0000000000000000000 ) ) ;
#3248 = LINE ( 'NONE', #3249, #3250 ) ;
#3249 = CARTESIAN_POINT ( 'NONE',  ( -3.000000000000000000, 7.100000000000000500, 0.9499999999999999600 ) ) ;
#3250 = VECTOR ( 'NONE', #3251, 1000.000000000000000 ) ;
#3251 = DIRECTION ( 'NONE',  ( 0.0000000000000000000, 0.0000000000000000000, -1.000000000000000000 ) ) ;
#3252 = CIRCLE ( 'NONE', #3253, 1.750000000000000000 ) ;
#3253 = AXIS2_PLACEMENT_3D ( 'NONE', #3254, #3255, #3257 ) ;
#3254 = CARTESIAN_POINT ( 'NONE',  ( 0.0000000000000000000, 0.0000000000000000000, -1.700000000000000000 ) ) ;
#3255 = DIRECTION ( 'NONE',  ( 0.0000000000000000000, 0.0000000000000000000, 1.000000000000000000 ) ) ;
#3256 = ORIENTED_EDGE ( 'NONE', *, *, #464, .F. ) ;
#3257 = DIRECTION ( 'NONE',  ( 1.000000000000000000, 0.0000000000000000000, 0.0000000000000000000 ) ) ;
#3258 = CARTESIAN_POINT ( 'NONE',  ( -0.6999999999999999600, 1.850000000000000100, 2.750000000000000000 ) ) ;
#3259 = LINE ( 'NONE', #3260, #3261 ) ;
#3260 = CARTESIAN_POINT ( 'NONE',  ( -4.850000000000000500, -3.500000000000000000, 0.1499999999999999900 ) ) ;
#3261 = VECTOR ( 'NONE', #3262, 1000.000000000000000 ) ;
#3262 = DIRECTION ( 'NONE',  ( 0.0000000000000000000, 0.0000000000000000000, -1.000000000000000000 ) ) ;
#3263 = CARTESIAN_POINT ( 'NONE',  ( -3.800000000000000300, 6.150000000000000400, 2.750000000000000000 ) ) ;
#3264 = CARTESIAN_POINT ( 'NONE',  ( -5.599999999999999600, -3.500000000000000000, -3.000000000000000000 ) ) ;
#3265 = CARTESIAN_POINT ( 'NONE',  ( 1.100000000000000100, 3.000000000000000000, 1.686931687685300000 ) ) ;
#3266 = CARTESIAN_POINT ( 'NONE',  ( 0.7500000000000000000, 1.000000000000000000, 1.940000000000000200 ) ) ;
#3267 = CARTESIAN_POINT ( 'NONE',  ( -1.500000000000000000, 0.5999999999999999800, 2.250000000000000000 ) ) ;
#3268 = FACE_BOUND ( 'NONE', #2848, .T. ) ;
#3269 = FACE_OUTER_BOUND ( 'NONE', #1517, .T. ) ;
#3270 = PLANE ( 'NONE',  #3271 ) ;
#3271 = AXIS2_PLACEMENT_3D ( 'NONE', #3272, #3273, #3274 ) ;
#3272 = CARTESIAN_POINT ( 'NONE',  ( 1.100000000000000100, 3.000000000000000000, 2.250000000000000000 ) ) ;
#3273 = DIRECTION ( 'NONE',  ( -1.000000000000000000, 0.0000000000000000000, 0.0000000000000000000 ) ) ;
#3274 = DIRECTION ( 'NONE',  ( 0.0000000000000000000, 0.0000000000000000000, 1.000000000000000000 ) ) ;
#3275 = FACE_OUTER_BOUND ( 'NONE', #237, .T. ) ;
#3276 = PLANE ( 'NONE',  #3277 ) ;
#3277 = AXIS2_PLACEMENT_3D ( 'NONE', #3278, #3279, #3280 ) ;
#3278 = CARTESIAN_POINT ( 'NONE',  ( 0.7500000000000000000, 1.000000000000000000, -1.149999999999999900 ) ) ;
#3279 = DIRECTION ( 'NONE',  ( 1.000000000000000000, 2.578503737287599700E-031, -1.189124963371200000E-015 ) ) ;
#3280 = DIRECTION ( 'NONE',  ( -1.189124963371200000E-015, 0.0000000000000000000, -1.000000000000000000 ) ) ;
#3281 = LINE ( 'NONE', #3282, #3283 ) ;
#3282 = CARTESIAN_POINT ( 'NONE',  ( 1.399999999999999900, 0.0000000000000000000, 0.2500000000000000000 ) ) ;
#3283 = VECTOR ( 'NONE', #3284, 1000.000000000000000 ) ;
#3284 = DIRECTION ( 'NONE',  ( -1.000000000000000000, 0.0000000000000000000, 0.0000000000000000000 ) ) ;
#3285 = FACE_OUTER_BOUND ( 'NONE', #3690, .T. ) ;
#3286 = PLANE ( 'NONE',  #3287 ) ;
#3287 = AXIS2_PLACEMENT_3D ( 'NONE', #3288, #3294, #3295 ) ;
#3288 = CARTESIAN_POINT ( 'NONE',  ( 0.3499999999999999800, 7.299999999999999800, 0.1499999999999999900 ) ) ;
#3289 = EDGE_LOOP ( 'NONE', ( #227, #162, #158, #2087 ) ) ;
#3290 = EDGE_CURVE ( 'NONE', #3724, #3954, #2677, .T. ) ;
#3291 = ADVANCED_FACE ( 'NONE', ( #2681 ), #2682, .T. ) ;
#3292 = VERTEX_POINT ( 'NONE', #2687 ) ;
#3293 = ADVANCED_FACE ( 'NONE', ( #2689 ), #2690, .T. ) ;
#3294 = DIRECTION ( 'NONE',  ( 0.0000000000000000000, 2.168404344971010100E-016, -1.000000000000000000 ) ) ;
#3295 = DIRECTION ( 'NONE',  ( 0.0000000000000000000, 1.000000000000000000, 2.168404344971010100E-016 ) ) ;
#3296 = CARTESIAN_POINT ( 'NONE',  ( 0.3499999999999999800, 1.000000000000000000, 0.1499999999999999900 ) ) ;
#3297 = CARTESIAN_POINT ( 'NONE',  ( 1.100000000000000100, 3.000000000000000000, -4.000000000000000000 ) ) ;
#3298 =( LENGTH_UNIT ( ) NAMED_UNIT ( * ) SI_UNIT ( .MILLI., .METRE. ) );
#3299 =( NAMED_UNIT ( * ) PLANE_ANGLE_UNIT ( ) SI_UNIT ( $, .RADIAN. ) );
#3300 =( NAMED_UNIT ( * ) SI_UNIT ( $, .STERADIAN. ) SOLID_ANGLE_UNIT ( ) );
#3301 = UNCERTAINTY_MEASURE_WITH_UNIT (LENGTH_MEASURE( 1.000000000000000100E-005 ), #3298, 'distance_accuracy_value', 'NONE');
#3302 =( GEOMETRIC_REPRESENTATION_CONTEXT ( 3 ) GLOBAL_UNCERTAINTY_ASSIGNED_CONTEXT ( ( #3301 ) ) GLOBAL_UNIT_ASSIGNED_CONTEXT ( ( #3298, #3299, #3300 ) ) REPRESENTATION_CONTEXT ( 'NONE', 'WORKASPACE' ) );
#3303 = ADVANCED_BREP_SHAPE_REPRESENTATION ( '', ( #579, #3304 ), #3302 ) ;
#3304 = AXIS2_PLACEMENT_3D ( 'NONE', #3305, #3306, #3307 ) ;
#3305 = CARTESIAN_POINT ( 'NONE',  ( 0.0000000000000000000, 0.0000000000000000000, 0.0000000000000000000 ) ) ;
#3306 = DIRECTION ( 'NONE',  ( 0.0000000000000000000, 0.0000000000000000000, 1.000000000000000000 ) ) ;
#3307 = DIRECTION ( 'NONE',  ( 1.000000000000000000, 0.0000000000000000000, 0.0000000000000000000 ) ) ;
#3308 = SHAPE_REPRESENTATION ( 'B3F_3125_BUTTON', ( #3304 ), #3302 ) ;
#3309 = SHAPE_REPRESENTATION_RELATIONSHIP ( 'NONE' , 'NONE' ,  #3308, #3303 ) ;
#3310 = ADVANCED_FACE ( 'NONE', ( #2700 ), #2701, .T. ) ;
#3311 = VERTEX_POINT ( 'NONE', #2709 ) ;
#3312 =( LENGTH_UNIT ( ) NAMED_UNIT ( * ) SI_UNIT ( .MILLI., .METRE. ) );
#3313 =( NAMED_UNIT ( * ) PLANE_ANGLE_UNIT ( ) SI_UNIT ( $, .RADIAN. ) );
#3314 =( NAMED_UNIT ( * ) SI_UNIT ( $, .STERADIAN. ) SOLID_ANGLE_UNIT ( ) );
#3315 = UNCERTAINTY_MEASURE_WITH_UNIT (LENGTH_MEASURE( 1.000000000000000100E-005 ), #3312, 'distance_accuracy_value', 'NONE');
#3316 =( GEOMETRIC_REPRESENTATION_CONTEXT ( 3 ) GLOBAL_UNCERTAINTY_ASSIGNED_CONTEXT ( ( #3315 ) ) GLOBAL_UNIT_ASSIGNED_CONTEXT ( ( #3312, #3313, #3314 ) ) REPRESENTATION_CONTEXT ( 'NONE', 'WORKASPACE' ) );
#3317 = ADVANCED_BREP_SHAPE_REPRESENTATION ( '', ( #2414, #3304 ), #3316 ) ;
#3318 = SHAPE_REPRESENTATION ( 'B3F_3125_BASE', ( #3304 ), #3316 ) ;
#3319 = SHAPE_REPRESENTATION_RELATIONSHIP ( 'NONE' , 'NONE' ,  #3318, #3317 ) ;
#3320 = SHAPE_REPRESENTATION ( 'B3F_3125', ( #3341, #3325, #3332 ), #3340 ) ;
#3321 = AXIS2_PLACEMENT_3D ( 'NONE', #3322, #3323, #3324 ) ;
#3322 = CARTESIAN_POINT ( 'NONE',  ( 0.0000000000000000000, 0.0000000000000000000, 0.0000000000000000000 ) ) ;
#3323 = DIRECTION ( 'NONE',  ( 0.0000000000000000000, 0.0000000000000000000, 1.000000000000000000 ) ) ;
#3324 = DIRECTION ( 'NONE',  ( 1.000000000000000000, 0.0000000000000000000, 0.0000000000000000000 ) ) ;
#3325 = AXIS2_PLACEMENT_3D ( 'NONE', #3326, #3327, #3331 ) ;
#3326 = CARTESIAN_POINT ( 'NONE',  ( 0.0000000000000000000, 0.0000000000000000000, 0.0000000000000000000 ) ) ;
#3327 = DIRECTION ( 'NONE',  ( 0.0000000000000000000, 0.0000000000000000000, 1.000000000000000000 ) ) ;
#3328 = ORIENTED_EDGE ( 'NONE', *, *, #610, .F. ) ;
#3329 = ADVANCED_FACE ( 'NONE', ( #2714 ), #2715, .T. ) ;
#3330 = ORIENTED_EDGE ( 'NONE', *, *, #3994, .F. ) ;
#3331 = DIRECTION ( 'NONE',  ( 1.000000000000000000, 0.0000000000000000000, 0.0000000000000000000 ) ) ;
#3332 = AXIS2_PLACEMENT_3D ( 'NONE', #3333, #3334, #3335 ) ;
#3333 = CARTESIAN_POINT ( 'NONE',  ( -2.250000000000000900, 4.000000000000000000, 3.850000000000000100 ) ) ;
#3334 = DIRECTION ( 'NONE',  ( 0.0000000000000000000, 0.0000000000000000000, 1.000000000000000000 ) ) ;
#3335 = DIRECTION ( 'NONE',  ( 1.000000000000000000, 0.0000000000000000000, 0.0000000000000000000 ) ) ;
#3336 =( LENGTH_UNIT ( ) NAMED_UNIT ( * ) SI_UNIT ( .MILLI., .METRE. ) );
#3337 =( NAMED_UNIT ( * ) PLANE_ANGLE_UNIT ( ) SI_UNIT ( $, .RADIAN. ) );
#3338 =( NAMED_UNIT ( * ) SI_UNIT ( $, .STERADIAN. ) SOLID_ANGLE_UNIT ( ) );
#3339 = UNCERTAINTY_MEASURE_WITH_UNIT (LENGTH_MEASURE( 1.000000000000000100E-005 ), #3336, 'distance_accuracy_value', 'NONE');
#3340 =( GEOMETRIC_REPRESENTATION_CONTEXT ( 3 ) GLOBAL_UNCERTAINTY_ASSIGNED_CONTEXT ( ( #3339 ) ) GLOBAL_UNIT_ASSIGNED_CONTEXT ( ( #3336, #3337, #3338 ) ) REPRESENTATION_CONTEXT ( 'NONE', 'WORKASPACE' ) );
#3341 = AXIS2_PLACEMENT_3D ( 'NONE', #3342, #3343, #3344 ) ;
#3342 = CARTESIAN_POINT ( 'NONE',  ( 0.0000000000000000000, 0.0000000000000000000, 0.0000000000000000000 ) ) ;
#3343 = DIRECTION ( 'NONE',  ( 0.0000000000000000000, 0.0000000000000000000, 1.000000000000000000 ) ) ;
#3344 = DIRECTION ( 'NONE',  ( 1.000000000000000000, 0.0000000000000000000, 0.0000000000000000000 ) ) ;
#3345 = APPLICATION_CONTEXT ( 'configuration controlled 3d designs of mechanical parts and assemblies' ) ;
#3346 = APPLICATION_PROTOCOL_DEFINITION ( 'international standard', 'config_control_design', 1994, #3345 ) ;
#3347 = EDGE_CURVE ( 'NONE', #3758, #4001, #2732, .T. ) ;
#3348 = ORIENTED_EDGE ( 'NONE', *, *, #3914, .F. ) ;
#3349 = ADVANCED_FACE ( 'NONE', ( #2736 ), #2737, .F. ) ;
#3350 = ORIENTED_EDGE ( 'NONE', *, *, #3389, .F. ) ;
#3351 = EDGE_LOOP ( 'NONE', ( #3737, #1464, #56, #93 ) ) ;
#3352 = MECHANICAL_CONTEXT ( 'NONE', #3345, 'mechanical' ) ;
#3353 = PRODUCT ( 'B3F_3125', 'B3F_3125', '', ( #3352 ) ) ;
#3354 = PERSON ( 'UNSPECIFIED', 'UNSPECIFIED', 'UNSPECIFIED', ('UNSPECIFIED'), ('UNSPECIFIED'), ('UNSPECIFIED') ) ;
#3355 = ORGANIZATION ( 'UNSPECIFIED', 'UNSPECIFIED', '' ) ;
#3356 = PERSON_AND_ORGANIZATION ( #3354, #3355 ) ;
#3357 = PERSON_AND_ORGANIZATION_ROLE ( 'design_owner' ) ;
#3358 = CC_DESIGN_PERSON_AND_ORGANIZATION_ASSIGNMENT ( #3356, #3357, ( #3353 ) ) ;
#3359 = APPLICATION_CONTEXT ( 'configuration controlled 3d designs of mechanical parts and assemblies' ) ;
#3360 = APPLICATION_PROTOCOL_DEFINITION ( 'international standard', 'config_control_design', 1994, #3359 ) ;
#3361 = DESIGN_CONTEXT ( 'detailed design', #3359, 'design' ) ;
#3362 = PRODUCT_DEFINITION ( 'UNKNOWN', '', #3387, #3361 ) ;
#3363 = PERSON_AND_ORGANIZATION ( #3354, #3355 ) ;
#3364 = APPROVAL_STATUS ( 'not_yet_approved' ) ;
#3365 = APPROVAL ( #3364, 'UNSPECIFIED' ) ;
#3366 = APPROVAL_ROLE ( '' ) ;
#3367 = APPROVAL_PERSON_ORGANIZATION ( #3363, #3365, #3366 ) ;
#3368 = ORIENTED_EDGE ( 'NONE', *, *, #3909, .F. ) ;
#3369 = EDGE_CURVE ( 'NONE', #3899, #3798, #2756, .T. ) ;
#3370 = ORIENTED_EDGE ( 'NONE', *, *, #3388, .T. ) ;
#3371 = VERTEX_POINT ( 'NONE', #2760 ) ;
#3372 = COORDINATED_UNIVERSAL_TIME_OFFSET ( 9, 0, .AHEAD. ) ;
#3373 = LOCAL_TIME ( 19, 36, 12.00000000000000000, #3372 ) ;
#3374 = CALENDAR_DATE ( 2013, 18, 7 ) ;
#3375 = DATE_AND_TIME ( #3374, #3373 ) ;
#3376 = APPROVAL_DATE_TIME ( #3375, #3365 ) ;
#3377 = CC_DESIGN_APPROVAL ( #3365, ( #3362 ) ) ;
#3378 = PERSON_AND_ORGANIZATION ( #3354, #3355 ) ;
#3379 = PERSON_AND_ORGANIZATION_ROLE ( 'creator' ) ;
#3380 = CC_DESIGN_PERSON_AND_ORGANIZATION_ASSIGNMENT ( #3378, #3379, ( #3362 ) ) ;
#3381 = COORDINATED_UNIVERSAL_TIME_OFFSET ( 9, 0, .AHEAD. ) ;
#3382 = LOCAL_TIME ( 19, 36, 12.00000000000000000, #3381 ) ;
#3383 = CALENDAR_DATE ( 2013, 18, 7 ) ;
#3384 = DATE_AND_TIME ( #3383, #3382 ) ;
#3385 = DATE_TIME_ROLE ( 'creation_date' ) ;
#3386 = CC_DESIGN_DATE_AND_TIME_ASSIGNMENT ( #3384, #3385, ( #3362 ) ) ;
#3387 = PRODUCT_DEFINITION_FORMATION_WITH_SPECIFIED_SOURCE ( 'ANY', '', #3353, .NOT_KNOWN. ) ;
#3388 = EDGE_CURVE ( 'NONE', #4086, #580, #2761, .T. ) ;
#3389 = EDGE_CURVE ( 'NONE', #2242, #1245, #2765, .T. ) ;
#3390 = EDGE_CURVE ( 'NONE', #1443, #108, #2771, .T. ) ;
#3391 = ORIENTED_EDGE ( 'NONE', *, *, #4003, .T. ) ;
#3392 = ORIENTED_EDGE ( 'NONE', *, *, #3905, .F. ) ;
#3393 = ORIENTED_EDGE ( 'NONE', *, *, #3843, .T. ) ;
#3394 = EDGE_CURVE ( 'NONE', #3371, #573, #2776, .T. ) ;
#3395 = PERSON_AND_ORGANIZATION ( #3354, #3355 ) ;
#3396 = APPROVAL_STATUS ( 'not_yet_approved' ) ;
#3397 = APPROVAL ( #3396, 'UNSPECIFIED' ) ;
#3398 = APPROVAL_ROLE ( '' ) ;
#3399 = APPROVAL_PERSON_ORGANIZATION ( #3395, #3397, #3398 ) ;
#3400 = COORDINATED_UNIVERSAL_TIME_OFFSET ( 9, 0, .AHEAD. ) ;
#3401 = LOCAL_TIME ( 19, 36, 12.00000000000000000, #3400 ) ;
#3402 = CALENDAR_DATE ( 2013, 18, 7 ) ;
#3403 = DATE_AND_TIME ( #3402, #3401 ) ;
#3404 = APPROVAL_DATE_TIME ( #3403, #3397 ) ;
#3405 = CC_DESIGN_APPROVAL ( #3397, ( #3387 ) ) ;
#3406 = PERSON_AND_ORGANIZATION ( #3354, #3355 ) ;
#3407 = PERSON_AND_ORGANIZATION_ROLE ( 'creator' ) ;
#3408 = CC_DESIGN_PERSON_AND_ORGANIZATION_ASSIGNMENT ( #3406, #3407, ( #3387 ) ) ;
#3409 = PERSON_AND_ORGANIZATION ( #3354, #3355 ) ;
#3410 = PERSON_AND_ORGANIZATION_ROLE ( 'design_supplier' ) ;
#3411 = ORIENTED_EDGE ( 'NONE', *, *, #384, .T. ) ;
#3412 = ADVANCED_FACE ( 'NONE', ( #2795 ), #2796, .T. ) ;
#3413 = CC_DESIGN_PERSON_AND_ORGANIZATION_ASSIGNMENT ( #3409, #3410, ( #3387 ) ) ;
#3414 = SECURITY_CLASSIFICATION_LEVEL ( 'unclassified' ) ;
#3415 = SECURITY_CLASSIFICATION ( '', '', #3414 ) ;
#3416 = PERSON_AND_ORGANIZATION ( #3354, #3355 ) ;
#3417 = PERSON_AND_ORGANIZATION_ROLE ( 'classification_officer' ) ;
#3418 = CC_DESIGN_PERSON_AND_ORGANIZATION_ASSIGNMENT ( #3416, #3417, ( #3415 ) ) ;
#3419 = COORDINATED_UNIVERSAL_TIME_OFFSET ( 9, 0, .AHEAD. ) ;
#3420 = LOCAL_TIME ( 19, 36, 12.00000000000000000, #3419 ) ;
#3421 = CALENDAR_DATE ( 2013, 18, 7 ) ;
#3422 = DATE_AND_TIME ( #3421, #3420 ) ;
#3423 = DATE_TIME_ROLE ( 'classification_date' ) ;
#3424 = CC_DESIGN_DATE_AND_TIME_ASSIGNMENT ( #3422, #3423, ( #3415 ) ) ;
#3425 = PERSON_AND_ORGANIZATION ( #3354, #3355 ) ;
#3426 = APPROVAL_STATUS ( 'not_yet_approved' ) ;
#3427 = APPROVAL ( #3426, 'UNSPECIFIED' ) ;
#3428 = APPROVAL_ROLE ( '' ) ;
#3429 = ORIENTED_EDGE ( 'NONE', *, *, #3394, .T. ) ;
#3430 = APPROVAL_PERSON_ORGANIZATION ( #3425, #3427, #3428 ) ;
#3431 = COORDINATED_UNIVERSAL_TIME_OFFSET ( 9, 0, .AHEAD. ) ;
#3432 = LOCAL_TIME ( 19, 36, 12.00000000000000000, #3431 ) ;
#3433 = CALENDAR_DATE ( 2013, 18, 7 ) ;
#3434 = DATE_AND_TIME ( #3433, #3432 ) ;
#3435 = APPROVAL_DATE_TIME ( #3434, #3427 ) ;
#3436 = CC_DESIGN_APPROVAL ( #3427, ( #3415 ) ) ;
#3437 = CC_DESIGN_SECURITY_CLASSIFICATION ( #3415, ( #3387 ) ) ;
#3438 = PRODUCT_RELATED_PRODUCT_CATEGORY ( 'detail', '', ( #3353 ) ) ;
#3439 = PRODUCT_DEFINITION_SHAPE ( 'NONE', 'NONE',  #3362 ) ;
#3440 = SHAPE_DEFINITION_REPRESENTATION ( #3439, #3320 ) ;
#3441 = APPLICATION_CONTEXT ( 'configuration controlled 3d designs of mechanical parts and assemblies' ) ;
#3442 = APPLICATION_PROTOCOL_DEFINITION ( 'international standard', 'config_control_design', 1994, #3441 ) ;
#3443 = MECHANICAL_CONTEXT ( 'NONE', #3441, 'mechanical' ) ;
#3444 = PRODUCT ( 'B3F_3125_BASE', 'B3F_3125_BASE', '', ( #3443 ) ) ;
#3445 = PERSON_AND_ORGANIZATION ( #3354, #3355 ) ;
#3446 = ORIENTED_EDGE ( 'NONE', *, *, #520, .T. ) ;
#3447 = EDGE_CURVE ( 'NONE', #7, #3727, #2805, .T. ) ;
#3448 = ORIENTED_EDGE ( 'NONE', *, *, #590, .T. ) ;
#3449 = EDGE_CURVE ( 'NONE', #595, #3763, #2813, .T. ) ;
#3450 = EDGE_CURVE ( 'NONE', #517, #3934, #2818, .T. ) ;
#3451 = EDGE_LOOP ( 'NONE', ( #2054, #3815, #23, #48 ) ) ;
#3452 = PERSON_AND_ORGANIZATION_ROLE ( 'design_owner' ) ;
#3453 = CC_DESIGN_PERSON_AND_ORGANIZATION_ASSIGNMENT ( #3445, #3452, ( #3444 ) ) ;
#3454 = APPLICATION_CONTEXT ( 'configuration controlled 3d designs of mechanical parts and assemblies' ) ;
#3455 = APPLICATION_PROTOCOL_DEFINITION ( 'international standard', 'config_control_design', 1994, #3454 ) ;
#3456 = DESIGN_CONTEXT ( 'detailed design', #3454, 'design' ) ;
#3457 = PRODUCT_DEFINITION ( 'UNKNOWN', '', #3479, #3456 ) ;
#3458 = PERSON_AND_ORGANIZATION ( #3354, #3355 ) ;
#3459 = APPROVAL_STATUS ( 'not_yet_approved' ) ;
#3460 = APPROVAL ( #3459, 'UNSPECIFIED' ) ;
#3461 = APPROVAL_ROLE ( '' ) ;
#3462 = APPROVAL_PERSON_ORGANIZATION ( #3458, #3460, #3461 ) ;
#3463 = COORDINATED_UNIVERSAL_TIME_OFFSET ( 9, 0, .AHEAD. ) ;
#3464 = LOCAL_TIME ( 19, 36, 12.00000000000000000, #3463 ) ;
#3465 = CALENDAR_DATE ( 2013, 18, 7 ) ;
#3466 = DATE_AND_TIME ( #3465, #3464 ) ;
#3467 = APPROVAL_DATE_TIME ( #3466, #3460 ) ;
#3468 = ORIENTED_EDGE ( 'NONE', *, *, #3781, .F. ) ;
#3469 = CC_DESIGN_APPROVAL ( #3460, ( #3457 ) ) ;
#3470 = PERSON_AND_ORGANIZATION ( #3354, #3355 ) ;
#3471 = PERSON_AND_ORGANIZATION_ROLE ( 'creator' ) ;
#3472 = CC_DESIGN_PERSON_AND_ORGANIZATION_ASSIGNMENT ( #3470, #3471, ( #3457 ) ) ;
#3473 = COORDINATED_UNIVERSAL_TIME_OFFSET ( 9, 0, .AHEAD. ) ;
#3474 = LOCAL_TIME ( 19, 36, 12.00000000000000000, #3473 ) ;
#3475 = CALENDAR_DATE ( 2013, 18, 7 ) ;
#3476 = DATE_AND_TIME ( #3475, #3474 ) ;
#3477 = DATE_TIME_ROLE ( 'creation_date' ) ;
#3478 = CC_DESIGN_DATE_AND_TIME_ASSIGNMENT ( #3476, #3477, ( #3457 ) ) ;
#3479 = PRODUCT_DEFINITION_FORMATION_WITH_SPECIFIED_SOURCE ( 'ANY', '', #3444, .NOT_KNOWN. ) ;
#3480 = PERSON_AND_ORGANIZATION ( #3354, #3355 ) ;
#3481 = APPROVAL_STATUS ( 'not_yet_approved' ) ;
#3482 = APPROVAL ( #3481, 'UNSPECIFIED' ) ;
#3483 = APPROVAL_ROLE ( '' ) ;
#3484 = APPROVAL_PERSON_ORGANIZATION ( #3480, #3482, #3483 ) ;
#3485 = COORDINATED_UNIVERSAL_TIME_OFFSET ( 9, 0, .AHEAD. ) ;
#3486 = LOCAL_TIME ( 19, 36, 12.00000000000000000, #3485 ) ;
#3487 = CALENDAR_DATE ( 2013, 18, 7 ) ;
#3488 = DATE_AND_TIME ( #3487, #3486 ) ;
#3489 = APPROVAL_DATE_TIME ( #3488, #3482 ) ;
#3490 = CC_DESIGN_APPROVAL ( #3482, ( #3479 ) ) ;
#3491 = PERSON_AND_ORGANIZATION ( #3354, #3355 ) ;
#3492 = PERSON_AND_ORGANIZATION_ROLE ( 'creator' ) ;
#3493 = CC_DESIGN_PERSON_AND_ORGANIZATION_ASSIGNMENT ( #3491, #3492, ( #3479 ) ) ;
#3494 = PERSON_AND_ORGANIZATION ( #3354, #3355 ) ;
#3495 = PERSON_AND_ORGANIZATION_ROLE ( 'design_supplier' ) ;
#3496 = CC_DESIGN_PERSON_AND_ORGANIZATION_ASSIGNMENT ( #3494, #3495, ( #3479 ) ) ;
#3497 = SECURITY_CLASSIFICATION_LEVEL ( 'unclassified' ) ;
#3498 = SECURITY_CLASSIFICATION ( '', '', #3497 ) ;
#3499 = PERSON_AND_ORGANIZATION ( #3354, #3355 ) ;
#3500 = PERSON_AND_ORGANIZATION_ROLE ( 'classification_officer' ) ;
#3501 = EDGE_CURVE ( 'NONE', #2829, #3371, #2839, .T. ) ;
#3502 = ORIENTED_EDGE ( 'NONE', *, *, #292, .T. ) ;
#3503 = EDGE_CURVE ( 'NONE', #1747, #991, #2843, .T. ) ;
#3504 = ORIENTED_EDGE ( 'NONE', *, *, #547, .T. ) ;
#3505 = EDGE_CURVE ( 'NONE', #2888, #123, #2850, .T. ) ;
#3506 = VERTEX_POINT ( 'NONE', #2854 ) ;
#3507 = CC_DESIGN_PERSON_AND_ORGANIZATION_ASSIGNMENT ( #3499, #3500, ( #3498 ) ) ;
#3508 = COORDINATED_UNIVERSAL_TIME_OFFSET ( 9, 0, .AHEAD. ) ;
#3509 = LOCAL_TIME ( 19, 36, 12.00000000000000000, #3508 ) ;
#3510 = CALENDAR_DATE ( 2013, 18, 7 ) ;
#3511 = DATE_AND_TIME ( #3510, #3509 ) ;
#3512 = DATE_TIME_ROLE ( 'classification_date' ) ;
#3513 = CC_DESIGN_DATE_AND_TIME_ASSIGNMENT ( #3511, #3512, ( #3498 ) ) ;
#3514 = PERSON_AND_ORGANIZATION ( #3354, #3355 ) ;
#3515 = APPROVAL_STATUS ( 'not_yet_approved' ) ;
#3516 = APPROVAL ( #3515, 'UNSPECIFIED' ) ;
#3517 = APPROVAL_ROLE ( '' ) ;
#3518 = APPROVAL_PERSON_ORGANIZATION ( #3514, #3516, #3517 ) ;
#3519 = COORDINATED_UNIVERSAL_TIME_OFFSET ( 9, 0, .AHEAD. ) ;
#3520 = LOCAL_TIME ( 19, 36, 12.00000000000000000, #3519 ) ;
#3521 = CALENDAR_DATE ( 2013, 18, 7 ) ;
#3522 = DATE_AND_TIME ( #3521, #3520 ) ;
#3523 = VERTEX_POINT ( 'NONE', #2859 ) ;
#3524 = ORIENTED_EDGE ( 'NONE', *, *, #3738, .F. ) ;
#3525 = ADVANCED_FACE ( 'NONE', ( #2860 ), #2861, .F. ) ;
#3526 = APPROVAL_DATE_TIME ( #3522, #3516 ) ;
#3527 = CC_DESIGN_APPROVAL ( #3516, ( #3498 ) ) ;
#3528 = CC_DESIGN_SECURITY_CLASSIFICATION ( #3498, ( #3479 ) ) ;
#3529 = PRODUCT_RELATED_PRODUCT_CATEGORY ( 'detail', '', ( #3444 ) ) ;
#3530 = PRODUCT_DEFINITION_SHAPE ( 'NONE', 'NONE',  #3457 ) ;
#3531 = SHAPE_DEFINITION_REPRESENTATION ( #3530, #3318 ) ;
#3532 = APPLICATION_CONTEXT ( 'configuration controlled 3d designs of mechanical parts and assemblies' ) ;
#3533 = APPLICATION_PROTOCOL_DEFINITION ( 'international standard', 'config_control_design', 1994, #3532 ) ;
#3534 = MECHANICAL_CONTEXT ( 'NONE', #3532, 'mechanical' ) ;
#3535 = PRODUCT ( 'B3F_3125_BUTTON', 'B3F_3125_BUTTON', '', ( #3534 ) ) ;
#3536 = PERSON_AND_ORGANIZATION ( #3354, #3355 ) ;
#3537 = PERSON_AND_ORGANIZATION_ROLE ( 'design_owner' ) ;
#3538 = CC_DESIGN_PERSON_AND_ORGANIZATION_ASSIGNMENT ( #3536, #3537, ( #3535 ) ) ;
#3539 = APPLICATION_CONTEXT ( 'configuration controlled 3d designs of mechanical parts and assemblies' ) ;
#3540 = APPLICATION_PROTOCOL_DEFINITION ( 'international standard', 'config_control_design', 1994, #3539 ) ;
#3541 = DESIGN_CONTEXT ( 'detailed design', #3539, 'design' ) ;
#3542 = EDGE_CURVE ( 'NONE', #3724, #2530, #2869, .T. ) ;
#3543 = ADVANCED_FACE ( 'NONE', ( #2873 ), #2874, .T. ) ;
#3544 = ORIENTED_EDGE ( 'NONE', *, *, #3688, .T. ) ;
#3545 = EDGE_LOOP ( 'NONE', ( #3504, #545, #317, #4027 ) ) ;
#3546 = PRODUCT_DEFINITION ( 'UNKNOWN', '', #3567, #3541 ) ;
#3547 = PERSON_AND_ORGANIZATION ( #3354, #3355 ) ;
#3548 = APPROVAL_STATUS ( 'not_yet_approved' ) ;
#3549 = APPROVAL ( #3548, 'UNSPECIFIED' ) ;
#3550 = APPROVAL_ROLE ( '' ) ;
#3551 = APPROVAL_PERSON_ORGANIZATION ( #3547, #3549, #3550 ) ;
#3552 = COORDINATED_UNIVERSAL_TIME_OFFSET ( 9, 0, .AHEAD. ) ;
#3553 = LOCAL_TIME ( 19, 36, 12.00000000000000000, #3552 ) ;
#3554 = CALENDAR_DATE ( 2013, 18, 7 ) ;
#3555 = DATE_AND_TIME ( #3554, #3553 ) ;
#3556 = APPROVAL_DATE_TIME ( #3555, #3549 ) ;
#3557 = CC_DESIGN_APPROVAL ( #3549, ( #3546 ) ) ;
#3558 = PERSON_AND_ORGANIZATION ( #3354, #3355 ) ;
#3559 = PERSON_AND_ORGANIZATION_ROLE ( 'creator' ) ;
#3560 = CC_DESIGN_PERSON_AND_ORGANIZATION_ASSIGNMENT ( #3558, #3559, ( #3546 ) ) ;
#3561 = COORDINATED_UNIVERSAL_TIME_OFFSET ( 9, 0, .AHEAD. ) ;
#3562 = LOCAL_TIME ( 19, 36, 12.00000000000000000, #3561 ) ;
#3563 = CALENDAR_DATE ( 2013, 18, 7 ) ;
#3564 = DATE_AND_TIME ( #3563, #3562 ) ;
#3565 = DATE_TIME_ROLE ( 'creation_date' ) ;
#3566 = CC_DESIGN_DATE_AND_TIME_ASSIGNMENT ( #3564, #3565, ( #3546 ) ) ;
#3567 = PRODUCT_DEFINITION_FORMATION_WITH_SPECIFIED_SOURCE ( 'ANY', '', #3535, .NOT_KNOWN. ) ;
#3568 = PERSON_AND_ORGANIZATION ( #3354, #3355 ) ;
#3569 = APPROVAL_STATUS ( 'not_yet_approved' ) ;
#3570 = APPROVAL ( #3569, 'UNSPECIFIED' ) ;
#3571 = APPROVAL_ROLE ( '' ) ;
#3572 = APPROVAL_PERSON_ORGANIZATION ( #3568, #3570, #3571 ) ;
#3573 = COORDINATED_UNIVERSAL_TIME_OFFSET ( 9, 0, .AHEAD. ) ;
#3574 = LOCAL_TIME ( 19, 36, 12.00000000000000000, #3573 ) ;
#3575 = CALENDAR_DATE ( 2013, 18, 7 ) ;
#3576 = DATE_AND_TIME ( #3575, #3574 ) ;
#3577 = APPROVAL_DATE_TIME ( #3576, #3570 ) ;
#3578 = ADVANCED_FACE ( 'NONE', ( #2879 ), #2880, .T. ) ;
#3579 = ORIENTED_EDGE ( 'NONE', *, *, #4092, .F. ) ;
#3580 = ORIENTED_EDGE ( 'NONE', *, *, #577, .F. ) ;
#3581 = CC_DESIGN_APPROVAL ( #3570, ( #3567 ) ) ;
#3582 = PERSON_AND_ORGANIZATION ( #3354, #3355 ) ;
#3583 = PERSON_AND_ORGANIZATION_ROLE ( 'creator' ) ;
#3584 = CC_DESIGN_PERSON_AND_ORGANIZATION_ASSIGNMENT ( #3582, #3583, ( #3567 ) ) ;
#3585 = PERSON_AND_ORGANIZATION ( #3354, #3355 ) ;
#3586 = PERSON_AND_ORGANIZATION_ROLE ( 'design_supplier' ) ;
#3587 = CC_DESIGN_PERSON_AND_ORGANIZATION_ASSIGNMENT ( #3585, #3586, ( #3567 ) ) ;
#3588 = SECURITY_CLASSIFICATION_LEVEL ( 'unclassified' ) ;
#3589 = SECURITY_CLASSIFICATION ( '', '', #3588 ) ;
#3590 = PERSON_AND_ORGANIZATION ( #3354, #3355 ) ;
#3591 = PERSON_AND_ORGANIZATION_ROLE ( 'classification_officer' ) ;
#3592 = CC_DESIGN_PERSON_AND_ORGANIZATION_ASSIGNMENT ( #3590, #3591, ( #3589 ) ) ;
#3593 = COORDINATED_UNIVERSAL_TIME_OFFSET ( 9, 0, .AHEAD. ) ;
#3594 = LOCAL_TIME ( 19, 36, 12.00000000000000000, #3593 ) ;
#3595 = CALENDAR_DATE ( 2013, 18, 7 ) ;
#3596 = DATE_AND_TIME ( #3595, #3594 ) ;
#3597 = DATE_TIME_ROLE ( 'classification_date' ) ;
#3598 = CC_DESIGN_DATE_AND_TIME_ASSIGNMENT ( #3596, #3597, ( #3589 ) ) ;
#3599 = PERSON_AND_ORGANIZATION ( #3354, #3355 ) ;
#3600 = APPROVAL_STATUS ( 'not_yet_approved' ) ;
#3601 = APPROVAL ( #3600, 'UNSPECIFIED' ) ;
#3602 = APPROVAL_ROLE ( '' ) ;
#3603 = APPROVAL_PERSON_ORGANIZATION ( #3599, #3601, #3602 ) ;
#3604 = COORDINATED_UNIVERSAL_TIME_OFFSET ( 9, 0, .AHEAD. ) ;
#3605 = LOCAL_TIME ( 19, 36, 12.00000000000000000, #3604 ) ;
#3606 = CALENDAR_DATE ( 2013, 18, 7 ) ;
#3607 = DATE_AND_TIME ( #3606, #3605 ) ;
#3608 = APPROVAL_DATE_TIME ( #3607, #3601 ) ;
#3609 = CC_DESIGN_APPROVAL ( #3601, ( #3589 ) ) ;
#3610 = CC_DESIGN_SECURITY_CLASSIFICATION ( #3589, ( #3567 ) ) ;
#3611 = PRODUCT_RELATED_PRODUCT_CATEGORY ( 'detail', '', ( #3535 ) ) ;
#3612 = PRODUCT_DEFINITION_SHAPE ( 'NONE', 'NONE',  #3546 ) ;
#3613 = ADVANCED_FACE ( 'NONE', ( #2905 ), #2906, .T. ) ;
#3614 = EDGE_CURVE ( 'NONE', #599, #228, #2912, .T. ) ;
#3615 = ORIENTED_EDGE ( 'NONE', *, *, #307, .T. ) ;
#3616 = SHAPE_DEFINITION_REPRESENTATION ( #3612, #3308 ) ;
#3617 = ITEM_DEFINED_TRANSFORMATION ( 'NONE', 'NONE', #3325,  #3304 ) ;
#3618 =( REPRESENTATION_RELATIONSHIP ('NONE','NONE', #3320, #3318 ) REPRESENTATION_RELATIONSHIP_WITH_TRANSFORMATION ( #3617 )SHAPE_REPRESENTATION_RELATIONSHIP( ) );
#3619 = PRODUCT_DEFINITION_SHAPE ( 'NONE', 'NONE',  #3620 ) ;
#3620 = NEXT_ASSEMBLY_USAGE_OCCURRENCE ( 'NAUO1', ' ', ' ', #3362, #3457, $ ) ;
#3621 = SECURITY_CLASSIFICATION_LEVEL ( 'unclassified' ) ;
#3622 = SECURITY_CLASSIFICATION ( '', '', #3621 ) ;
#3623 = CC_DESIGN_SECURITY_CLASSIFICATION ( #3622, ( #3620 ) ) ;
#3624 = APPROVAL_STATUS ( 'not_yet_approved' ) ;
#3625 = APPROVAL ( #3624, 'UNKNOWN' ) ;
#3626 = CC_DESIGN_APPROVAL ( #3625, ( #3622 ) ) ;
#3627 = COORDINATED_UNIVERSAL_TIME_OFFSET ( 9, 0, .AHEAD. ) ;
#3628 = LOCAL_TIME ( 19, 36, 12.00000000000000000, #3627 ) ;
#3629 = CALENDAR_DATE ( 2013, 18, 7 ) ;
#3630 = DATE_AND_TIME ( #3629, #3628 ) ;
#3631 = COORDINATED_UNIVERSAL_TIME_OFFSET ( 9, 0, .AHEAD. ) ;
#3632 = ORIENTED_EDGE ( 'NONE', *, *, #436, .T. ) ;
#3633 = ORIENTED_EDGE ( 'NONE', *, *, #230, .T. ) ;
#3634 = ORIENTED_EDGE ( 'NONE', *, *, #2891, .T. ) ;
#3635 = VERTEX_POINT ( 'NONE', #2917 ) ;
#3636 = ADVANCED_FACE ( 'NONE', ( #2918 ), #2919, .F. ) ;
#3637 = LOCAL_TIME ( 19, 36, 12.00000000000000000, #3631 ) ;
#3638 = CALENDAR_DATE ( 2013, 18, 7 ) ;
#3639 = DATE_AND_TIME ( #3638, #3637 ) ;
#3640 = APPROVAL_DATE_TIME ( #3639, #3625 ) ;
#3641 = APPROVAL_ROLE ( '' ) ;
#3642 = PERSON ( 'NAUO-PER1', 'UNSPECIFIED', 'UNSPECIFIED', ('UNSPECIFIED'), ('UNSPECIFIED'), ('UNSPECIFIED') ) ;
#3643 = ORGANIZATION ( 'NAUO-ORG1', 'UNSPECIFIED', 'UNSPECIFIED' ) ;
#3644 = PERSON_AND_ORGANIZATION ( #3642, #3643 ) ;
#3645 = APPROVAL_PERSON_ORGANIZATION ( #3644, #3625, #3641 ) ;
#3646 = DATE_TIME_ROLE ( 'classification_date' ) ;
#3647 = PERSON_AND_ORGANIZATION_ROLE ( 'classification_officer' ) ;
#3648 = CC_DESIGN_DATE_AND_TIME_ASSIGNMENT ( #3630, #3646, ( #3622 ) ) ;
#3649 = CC_DESIGN_PERSON_AND_ORGANIZATION_ASSIGNMENT ( #3644, #3647, ( #3622 ) ) ;
#3650 = CONTEXT_DEPENDENT_SHAPE_REPRESENTATION ( #3618, #3619 ) ;
#3651 = ITEM_DEFINED_TRANSFORMATION ( 'NONE', 'NONE', #3332,  #3304 ) ;
#3652 =( REPRESENTATION_RELATIONSHIP ('NONE','NONE', #3320, #3308 ) REPRESENTATION_RELATIONSHIP_WITH_TRANSFORMATION ( #3651 )SHAPE_REPRESENTATION_RELATIONSHIP( ) );
#3653 = EDGE_LOOP ( 'NONE', ( #194, #515, #4072, #266 ) ) ;
#3654 = ORIENTED_EDGE ( 'NONE', *, *, #182, .F. ) ;
#3655 = EDGE_CURVE ( 'NONE', #3760, #407, #2925, .T. ) ;
#3656 = ORIENTED_EDGE ( 'NONE', *, *, #3891, .F. ) ;
#3657 = PRODUCT_DEFINITION_SHAPE ( 'NONE', 'NONE',  #3658 ) ;
#3658 = NEXT_ASSEMBLY_USAGE_OCCURRENCE ( 'NAUO2', ' ', ' ', #3362, #3546, $ ) ;
#3659 = SECURITY_CLASSIFICATION_LEVEL ( 'unclassified' ) ;
#3660 = SECURITY_CLASSIFICATION ( '', '', #3659 ) ;
#3661 = CC_DESIGN_SECURITY_CLASSIFICATION ( #3660, ( #3658 ) ) ;
#3662 = APPROVAL_STATUS ( 'not_yet_approved' ) ;
#3663 = APPROVAL ( #3662, 'UNKNOWN' ) ;
#3664 = CC_DESIGN_APPROVAL ( #3663, ( #3660 ) ) ;
#3665 = COORDINATED_UNIVERSAL_TIME_OFFSET ( 9, 0, .AHEAD. ) ;
#3666 = LOCAL_TIME ( 19, 36, 12.00000000000000000, #3665 ) ;
#3667 = CALENDAR_DATE ( 2013, 18, 7 ) ;
#3668 = DATE_AND_TIME ( #3667, #3666 ) ;
#3669 = COORDINATED_UNIVERSAL_TIME_OFFSET ( 9, 0, .AHEAD. ) ;
#3670 = LOCAL_TIME ( 19, 36, 12.00000000000000000, #3669 ) ;
#3671 = CALENDAR_DATE ( 2013, 18, 7 ) ;
#3672 = DATE_AND_TIME ( #3671, #3670 ) ;
#3673 = VERTEX_POINT ( 'NONE', #2933 ) ;
#3674 = VERTEX_POINT ( 'NONE', #2934 ) ;
#3675 = ORIENTED_EDGE ( 'NONE', *, *, #558, .F. ) ;
#3676 = APPROVAL_DATE_TIME ( #3672, #3663 ) ;
#3677 = APPROVAL_ROLE ( '' ) ;
#3678 = PERSON ( 'NAUO-PER2', 'UNSPECIFIED', 'UNSPECIFIED', ('UNSPECIFIED'), ('UNSPECIFIED'), ('UNSPECIFIED') ) ;
#3679 = ORGANIZATION ( 'NAUO-ORG2', 'UNSPECIFIED', 'UNSPECIFIED' ) ;
#3680 = PERSON_AND_ORGANIZATION ( #3678, #3679 ) ;
#3681 = APPROVAL_PERSON_ORGANIZATION ( #3680, #3663, #3677 ) ;
#3682 = DATE_TIME_ROLE ( 'classification_date' ) ;
#3683 = PERSON_AND_ORGANIZATION_ROLE ( 'classification_officer' ) ;
#3684 = CC_DESIGN_DATE_AND_TIME_ASSIGNMENT ( #3668, #3682, ( #3660 ) ) ;
#3685 = CC_DESIGN_PERSON_AND_ORGANIZATION_ASSIGNMENT ( #3680, #3683, ( #3660 ) ) ;
#3686 = CONTEXT_DEPENDENT_SHAPE_REPRESENTATION ( #3652, #3657 ) ;
#3687 = EDGE_LOOP ( 'NONE', ( #3886, #44, #1612, #3902 ) ) ;
#3688 = EDGE_CURVE ( 'NONE', #376, #112, #2939, .T. ) ;
#3689 = ADVANCED_FACE ( 'NONE', ( #2943 ), #2944, .F. ) ;
#3690 = EDGE_LOOP ( 'NONE', ( #3702, #560, #566, #1817 ) ) ;
#3691 = ORIENTED_EDGE ( 'NONE', *, *, #3983, .T. ) ;
#3692 = ORIENTED_EDGE ( 'NONE', *, *, #2886, .F. ) ;
#3693 = ADVANCED_FACE ( 'NONE', ( #2953 ), #2954, .T. ) ;
#3694 = ORIENTED_EDGE ( 'NONE', *, *, #4053, .F. ) ;
#3695 = ORIENTED_EDGE ( 'NONE', *, *, #357, .T. ) ;
#3696 = ORIENTED_EDGE ( 'NONE', *, *, #117, .F. ) ;
#3697 = EDGE_CURVE ( 'NONE', #270, #2240, #2959, .T. ) ;
#3698 = ORIENTED_EDGE ( 'NONE', *, *, #3792, .F. ) ;
#3699 = ORIENTED_EDGE ( 'NONE', *, *, #3913, .F. ) ;
#3700 = EDGE_CURVE ( 'NONE', #2892, #228, #2967, .T. ) ;
#3701 = ORIENTED_EDGE ( 'NONE', *, *, #3505, .F. ) ;
#3702 = ORIENTED_EDGE ( 'NONE', *, *, #3866, .T. ) ;
#3703 = VERTEX_POINT ( 'NONE', #2971 ) ;
#3704 = ORIENTED_EDGE ( 'NONE', *, *, #619, .F. ) ;
#3705 = ORIENTED_EDGE ( 'NONE', *, *, #3388, .F. ) ;
#3706 = ORIENTED_EDGE ( 'NONE', *, *, #3983, .F. ) ;
#3707 = VERTEX_POINT ( 'NONE', #2972 ) ;
#3708 = ORIENTED_EDGE ( 'NONE', *, *, #3875, .F. ) ;
#3709 = EDGE_LOOP ( 'NONE', ( #1666, #2555, #1207, #347 ) ) ;
#3710 = ORIENTED_EDGE ( 'NONE', *, *, #3829, .T. ) ;
#3711 = EDGE_LOOP ( 'NONE', ( #1534, #3831, #1060, #236 ) ) ;
#3712 = ORIENTED_EDGE ( 'NONE', *, *, #334, .T. ) ;
#3713 = ORIENTED_EDGE ( 'NONE', *, *, #2336, .F. ) ;
#3714 = VERTEX_POINT ( 'NONE', #2978 ) ;
#3715 = ORIENTED_EDGE ( 'NONE', *, *, #4100, .F. ) ;
#3716 = EDGE_CURVE ( 'NONE', #2829, #516, #2979, .T. ) ;
#3717 = ORIENTED_EDGE ( 'NONE', *, *, #3851, .T. ) ;
#3718 = ADVANCED_FACE ( 'NONE', ( #2987 ), #2988, .F. ) ;
#3719 = ORIENTED_EDGE ( 'NONE', *, *, #464, .T. ) ;
#3720 = EDGE_CURVE ( 'NONE', #3856, #2127, #2993, .T. ) ;
#3721 = VERTEX_POINT ( 'NONE', #2997 ) ;
#3722 = ORIENTED_EDGE ( 'NONE', *, *, #3700, .T. ) ;
#3723 = ORIENTED_EDGE ( 'NONE', *, *, #3786, .F. ) ;
#3724 = VERTEX_POINT ( 'NONE', #2999 ) ;
#3725 = ORIENTED_EDGE ( 'NONE', *, *, #619, .T. ) ;
#3726 = ORIENTED_EDGE ( 'NONE', *, *, #4044, .T. ) ;
#3727 = VERTEX_POINT ( 'NONE', #3012 ) ;
#3728 = ORIENTED_EDGE ( 'NONE', *, *, #4067, .T. ) ;
#3729 = ORIENTED_EDGE ( 'NONE', *, *, #2558, .F. ) ;
#3730 = EDGE_LOOP ( 'NONE', ( #3965, #4062, #120, #4025 ) ) ;
#3731 = EDGE_CURVE ( 'NONE', #2318, #3311, #3023, .T. ) ;
#3732 = ORIENTED_EDGE ( 'NONE', *, *, #190, .T. ) ;
#3733 = ADVANCED_FACE ( 'NONE', ( #3027 ), #3028, .T. ) ;
#3734 = ORIENTED_EDGE ( 'NONE', *, *, #4002, .T. ) ;
#3735 = EDGE_LOOP ( 'NONE', ( #793, #2374, #3950, #527 ) ) ;
#3736 = EDGE_LOOP ( 'NONE', ( #3633, #604, #4039, #3446 ) ) ;
#3737 = ORIENTED_EDGE ( 'NONE', *, *, #307, .F. ) ;
#3738 = EDGE_CURVE ( 'NONE', #3903, #3767, #3033, .T. ) ;
#3739 = ORIENTED_EDGE ( 'NONE', *, *, #4037, .T. ) ;
#3740 = EDGE_LOOP ( 'NONE', ( #2811, #4000, #600, #536 ) ) ;
#3741 = ORIENTED_EDGE ( 'NONE', *, *, #418, .T. ) ;
#3742 = VERTEX_POINT ( 'NONE', #3042 ) ;
#3743 = ORIENTED_EDGE ( 'NONE', *, *, #3885, .T. ) ;
#3744 = EDGE_CURVE ( 'NONE', #164, #359, #3047, .T. ) ;
#3745 = ORIENTED_EDGE ( 'NONE', *, *, #504, .T. ) ;
#3746 = ORIENTED_EDGE ( 'NONE', *, *, #548, .T. ) ;
#3747 = ORIENTED_EDGE ( 'NONE', *, *, #2615, .F. ) ;
#3748 = ORIENTED_EDGE ( 'NONE', *, *, #346, .T. ) ;
#3749 = EDGE_CURVE ( 'NONE', #397, #404, #3056, .T. ) ;
#3750 = ORIENTED_EDGE ( 'NONE', *, *, #279, .T. ) ;
#3751 = ADVANCED_FACE ( 'NONE', ( #3063 ), #3064, .T. ) ;
#3752 = VERTEX_POINT ( 'NONE', #3069 ) ;
#3753 = ORIENTED_EDGE ( 'NONE', *, *, #3818, .T. ) ;
#3754 = EDGE_CURVE ( 'NONE', #3798, #9, #3070, .T. ) ;
#3755 = EDGE_CURVE ( 'NONE', #360, #318, #3075, .T. ) ;
#3756 = VERTEX_POINT ( 'NONE', #3082 ) ;
#3757 = ORIENTED_EDGE ( 'NONE', *, *, #3875, .T. ) ;
#3758 = VERTEX_POINT ( 'NONE', #3083 ) ;
#3759 = VERTEX_POINT ( 'NONE', #3084 ) ;
#3760 = VERTEX_POINT ( 'NONE', #3085 ) ;
#3761 = ORIENTED_EDGE ( 'NONE', *, *, #3749, .T. ) ;
#3762 = ORIENTED_EDGE ( 'NONE', *, *, #311, .T. ) ;
#3763 = VERTEX_POINT ( 'NONE', #3086 ) ;
#3764 = VERTEX_POINT ( 'NONE', #3087 ) ;
#3765 = EDGE_LOOP ( 'NONE', ( #3393, #3194, #2105, #4015 ) ) ;
#3766 = VERTEX_POINT ( 'NONE', #3092 ) ;
#3767 = VERTEX_POINT ( 'NONE', #3093 ) ;
#3768 = EDGE_LOOP ( 'NONE', ( #953, #195, #3941, #723 ) ) ;
#3769 = ADVANCED_FACE ( 'NONE', ( #3094 ), #3098, .F. ) ;
#3770 = ORIENTED_EDGE ( 'NONE', *, *, #2558, .T. ) ;
#3771 = EDGE_CURVE ( 'NONE', #283, #1590, #3103, .T. ) ;
#3772 = EDGE_LOOP ( 'NONE', ( #72, #3411, #64, #2865 ) ) ;
#3773 = VERTEX_POINT ( 'NONE', #3107 ) ;
#3774 = ADVANCED_FACE ( 'NONE', ( #3108 ), #3109, .F. ) ;
#3775 = VERTEX_POINT ( 'NONE', #3120 ) ;
#3776 = EDGE_CURVE ( 'NONE', #991, #4090, #3121, .T. ) ;
#3777 = ORIENTED_EDGE ( 'NONE', *, *, #3076, .T. ) ;
#3778 = ORIENTED_EDGE ( 'NONE', *, *, #1982, .T. ) ;
#3779 = ADVANCED_FACE ( 'NONE', ( #3126 ), #3127, .T. ) ;
#3780 = ORIENTED_EDGE ( 'NONE', *, *, #2469, .F. ) ;
#3781 = EDGE_CURVE ( 'NONE', #7, #605, #3132, .T. ) ;
#3782 = EDGE_CURVE ( 'NONE', #3910, #4001, #3138, .T. ) ;
#3783 = EDGE_LOOP ( 'NONE', ( #411, #2203, #3114, #202 ) ) ;
#3784 = ORIENTED_EDGE ( 'NONE', *, *, #304, .F. ) ;
#3785 = ORIENTED_EDGE ( 'NONE', *, *, #3754, .T. ) ;
#3786 = EDGE_CURVE ( 'NONE', #3727, #210, #3142, .T. ) ;
#3787 = ORIENTED_EDGE ( 'NONE', *, *, #2810, .T. ) ;
#3788 = VERTEX_POINT ( 'NONE', #3150 ) ;
#3789 = EDGE_CURVE ( 'NONE', #393, #3506, #3151, .T. ) ;
#3790 = EDGE_CURVE ( 'NONE', #3001, #290, #3158, .T. ) ;
#3791 = ORIENTED_EDGE ( 'NONE', *, *, #11, .F. ) ;
#3792 = EDGE_CURVE ( 'NONE', #3793, #991, #3162, .T. ) ;
#3793 = VERTEX_POINT ( 'NONE', #3166 ) ;
#3794 = EDGE_CURVE ( 'NONE', #3935, #293, #3168, .T. ) ;
#3795 = ORIENTED_EDGE ( 'NONE', *, *, #3984, .T. ) ;
#3796 = ORIENTED_EDGE ( 'NONE', *, *, #3829, .F. ) ;
#3797 = ORIENTED_EDGE ( 'NONE', *, *, #616, .T. ) ;
#3798 = VERTEX_POINT ( 'NONE', #3172 ) ;
#3799 = ORIENTED_EDGE ( 'NONE', *, *, #4092, .T. ) ;
#3800 = ADVANCED_FACE ( 'NONE', ( #3182 ), #3183, .T. ) ;
#3801 = ORIENTED_EDGE ( 'NONE', *, *, #3819, .F. ) ;
#3802 = EDGE_CURVE ( 'NONE', #3506, #376, #3192, .T. ) ;
#3803 = EDGE_LOOP ( 'NONE', ( #19, #353, #3947, #606 ) ) ;
#3804 = ORIENTED_EDGE ( 'NONE', *, *, #3889, .T. ) ;
#3805 = ORIENTED_EDGE ( 'NONE', *, *, #91, .F. ) ;
#3806 = VERTEX_POINT ( 'NONE', #3211 ) ;
#3807 = ORIENTED_EDGE ( 'NONE', *, *, #60, .T. ) ;
#3808 = ORIENTED_EDGE ( 'NONE', *, *, #3655, .T. ) ;
#3809 = EDGE_CURVE ( 'NONE', #3195, #3116, #3212, .T. ) ;
#3810 = VERTEX_POINT ( 'NONE', #3216 ) ;
#3811 = EDGE_CURVE ( 'NONE', #3946, #217, #636, .T. ) ;
#3812 = EDGE_LOOP ( 'NONE', ( #212, #2319, #607, #4051 ) ) ;
#3813 = VERTEX_POINT ( 'NONE', #647 ) ;
#3814 = ORIENTED_EDGE ( 'NONE', *, *, #3878, .F. ) ;
#3815 = ORIENTED_EDGE ( 'NONE', *, *, #2867, .T. ) ;
#3816 = ORIENTED_EDGE ( 'NONE', *, *, #136, .F. ) ;
#3817 = ADVANCED_FACE ( 'NONE', ( #661 ), #662, .F. ) ;
#3818 = EDGE_CURVE ( 'NONE', #42, #3759, #667, .T. ) ;
#3819 = EDGE_CURVE ( 'NONE', #3506, #116, #697, .T. ) ;
#3820 = EDGE_LOOP ( 'NONE', ( #2200, #3923, #103, #2965 ) ) ;
#3821 = ORIENTED_EDGE ( 'NONE', *, *, #157, .F. ) ;
#3822 = ADVANCED_FACE ( 'NONE', ( #710 ), #711, .F. ) ;
#3823 = VERTEX_POINT ( 'NONE', #756 ) ;
#3824 = EDGE_LOOP ( 'NONE', ( #219, #3787, #3801, #4040 ) ) ;
#3825 = ORIENTED_EDGE ( 'NONE', *, *, #429, .T. ) ;
#3826 = VERTEX_POINT ( 'NONE', #823 ) ;
#3827 = EDGE_CURVE ( 'NONE', #81, #3953, #824, .T. ) ;
#3828 = ORIENTED_EDGE ( 'NONE', *, *, #200, .T. ) ;
#3829 = EDGE_CURVE ( 'NONE', #3904, #1945, #876, .T. ) ;
#3830 = ORIENTED_EDGE ( 'NONE', *, *, #2493, .T. ) ;
#3831 = ORIENTED_EDGE ( 'NONE', *, *, #1330, .F. ) ;
#3832 = ORIENTED_EDGE ( 'NONE', *, *, #2750, .F. ) ;
#3833 = ORIENTED_EDGE ( 'NONE', *, *, #3969, .T. ) ;
#3834 = VERTEX_POINT ( 'NONE', #895 ) ;
#3835 = ADVANCED_FACE ( 'NONE', ( #910 ), #911, .F. ) ;
#3836 = ORIENTED_EDGE ( 'NONE', *, *, #62, .T. ) ;
#3837 = EDGE_LOOP ( 'NONE', ( #288, #624, #444, #140 ) ) ;
#3838 = EDGE_LOOP ( 'NONE', ( #455, #3873, #4056, #263, #121 ) ) ;
#3839 = ADVANCED_FACE ( 'NONE', ( #970 ), #974, .F. ) ;
#3840 = EDGE_CURVE ( 'NONE', #123, #477, #999, .T. ) ;
#3841 = ORIENTED_EDGE ( 'NONE', *, *, #344, .T. ) ;
#3842 = ORIENTED_EDGE ( 'NONE', *, *, #193, .F. ) ;
#3843 = EDGE_CURVE ( 'NONE', #3714, #163, #1038, .T. ) ;
#3844 = ORIENTED_EDGE ( 'NONE', *, *, #1025, .F. ) ;
#3845 = ORIENTED_EDGE ( 'NONE', *, *, #3790, .F. ) ;
#3846 = ORIENTED_EDGE ( 'NONE', *, *, #1312, .T. ) ;
#3847 = ORIENTED_EDGE ( 'NONE', *, *, #309, .F. ) ;
#3848 = EDGE_CURVE ( 'NONE', #1245, #474, #1062, .T. ) ;
#3849 = VERTEX_POINT ( 'NONE', #1078 ) ;
#3850 = ADVANCED_FACE ( 'NONE', ( #1079 ), #1080, .T. ) ;
#3851 = EDGE_CURVE ( 'NONE', #494, #3996, #1085, .T. ) ;
#3852 = VERTEX_POINT ( 'NONE', #1117 ) ;
#3853 = ORIENTED_EDGE ( 'NONE', *, *, #456, .T. ) ;
#3854 = EDGE_CURVE ( 'NONE', #2909, #3910, #1118, .T. ) ;
#3855 = EDGE_LOOP ( 'NONE', ( #622, #535 ) ) ;
#3856 = VERTEX_POINT ( 'NONE', #1157 ) ;
#3857 = ORIENTED_EDGE ( 'NONE', *, *, #235, .F. ) ;
#3858 = EDGE_CURVE ( 'NONE', #2887, #517, #1178, .T. ) ;
#3859 = EDGE_LOOP ( 'NONE', ( #1424, #175, #330, #688 ) ) ;
#3860 = ADVANCED_FACE ( 'NONE', ( #1199 ), #1200, .F. ) ;
#3861 = ORIENTED_EDGE ( 'NONE', *, *, #3964, .F. ) ;
#3862 = ORIENTED_EDGE ( 'NONE', *, *, #3970, .F. ) ;
#3863 = ORIENTED_EDGE ( 'NONE', *, *, #4064, .F. ) ;
#3864 = ADVANCED_FACE ( 'NONE', ( #1248 ), #1249, .T. ) ;
#3865 = EDGE_CURVE ( 'NONE', #210, #3849, #1258, .T. ) ;
#3866 = EDGE_CURVE ( 'NONE', #3767, #1406, #1269, .T. ) ;
#3867 = VERTEX_POINT ( 'NONE', #1274 ) ;
#3868 = ADVANCED_FACE ( 'NONE', ( #1276 ), #1277, .F. ) ;
#3869 = ORIENTED_EDGE ( 'NONE', *, *, #180, .T. ) ;
#3870 = ORIENTED_EDGE ( 'NONE', *, *, #4046, .T. ) ;
#3871 = EDGE_CURVE ( 'NONE', #123, #325, #1293, .T. ) ;
#3872 = EDGE_LOOP ( 'NONE', ( #413, #511, #3328, #3723 ) ) ;
#3873 = ORIENTED_EDGE ( 'NONE', *, *, #3738, .T. ) ;
#3874 = ADVANCED_FACE ( 'NONE', ( #1308 ), #1309, .T. ) ;
#3875 = EDGE_CURVE ( 'NONE', #3999, #443, #1316, .T. ) ;
#3876 = ORIENTED_EDGE ( 'NONE', *, *, #4016, .F. ) ;
#3877 = ORIENTED_EDGE ( 'NONE', *, *, #797, .F. ) ;
#3878 = EDGE_CURVE ( 'NONE', #2260, #240, #1326, .T. ) ;
#3879 = EDGE_CURVE ( 'NONE', #3764, #371, #1332, .T. ) ;
#3880 = VERTEX_POINT ( 'NONE', #1341 ) ;
#3881 = EDGE_LOOP ( 'NONE', ( #251, #480, #487, #1836 ) ) ;
#3882 = ORIENTED_EDGE ( 'NONE', *, *, #11, .T. ) ;
#3883 = EDGE_LOOP ( 'NONE', ( #4095, #3136, #3908, #620, #3882, #3615, #2552, #221, #3154, #3808, #3919, #76, #73, #2809 ) ) ;
#3884 = EDGE_CURVE ( 'NONE', #343, #3292, #1383, .T. ) ;
#3885 = EDGE_CURVE ( 'NONE', #565, #3775, #1408, .T. ) ;
#3886 = ORIENTED_EDGE ( 'NONE', *, *, #3501, .F. ) ;
#3887 = ORIENTED_EDGE ( 'NONE', *, *, #67, .T. ) ;
#3888 = ORIENTED_EDGE ( 'NONE', *, *, #303, .T. ) ;
#3889 = EDGE_CURVE ( 'NONE', #578, #2531, #1437, .T. ) ;
#3890 = ORIENTED_EDGE ( 'NONE', *, *, #901, .F. ) ;
#3891 = EDGE_CURVE ( 'NONE', #3752, #3793, #1456, .T. ) ;
#3892 = ORIENTED_EDGE ( 'NONE', *, *, #280, .T. ) ;
#3893 = ORIENTED_EDGE ( 'NONE', *, *, #1943, .T. ) ;
#3894 = EDGE_LOOP ( 'NONE', ( #598, #484, #3429, #4026 ) ) ;
#3895 = ADVANCED_FACE ( 'NONE', ( #1503, #1504 ), #1505, .F. ) ;
#3896 = ORIENTED_EDGE ( 'NONE', *, *, #136, .T. ) ;
#3897 = VERTEX_POINT ( 'NONE', #1519 ) ;
#3898 = VERTEX_POINT ( 'NONE', #1520 ) ;
#3899 = VERTEX_POINT ( 'NONE', #1522 ) ;
#3900 = VERTEX_POINT ( 'NONE', #1539 ) ;
#3901 = ORIENTED_EDGE ( 'NONE', *, *, #3851, .F. ) ;
#3902 = ORIENTED_EDGE ( 'NONE', *, *, #3917, .T. ) ;
#3903 = VERTEX_POINT ( 'NONE', #1540 ) ;
#3904 = VERTEX_POINT ( 'NONE', #1544 ) ;
#3905 = EDGE_CURVE ( 'NONE', #505, #2490, #1549, .T. ) ;
#3906 = EDGE_CURVE ( 'NONE', #112, #327, #1566, .T. ) ;
#3907 = ADVANCED_FACE ( 'NONE', ( #1574 ), #1575, .F. ) ;
#3908 = ORIENTED_EDGE ( 'NONE', *, *, #3771, .T. ) ;
#3909 = EDGE_CURVE ( 'NONE', #1747, #3752, #1609, .T. ) ;
#3910 = VERTEX_POINT ( 'NONE', #1622 ) ;
#3911 = EDGE_CURVE ( 'NONE', #342, #3910, #1634, .T. ) ;
#3912 = EDGE_LOOP ( 'NONE', ( #3448, #2123, #2706, #3713 ) ) ;
#3913 = EDGE_CURVE ( 'NONE', #2847, #496, #1654, .T. ) ;
#3914 = EDGE_CURVE ( 'NONE', #2926, #470, #1658, .T. ) ;
#3915 = ORIENTED_EDGE ( 'NONE', *, *, #3990, .T. ) ;
#3916 = ORIENTED_EDGE ( 'NONE', *, *, #38, .F. ) ;
#3917 = EDGE_CURVE ( 'NONE', #573, #3371, #1662, .T. ) ;
#3918 = EDGE_CURVE ( 'NONE', #318, #3867, #1676, .T. ) ;
#3919 = ORIENTED_EDGE ( 'NONE', *, *, #193, .T. ) ;
#3920 = EDGE_CURVE ( 'NONE', #1042, #3856, #1680, .T. ) ;
#3921 = ORIENTED_EDGE ( 'NONE', *, *, #423, .F. ) ;
#3922 = EDGE_LOOP ( 'NONE', ( #3785, #3797 ) ) ;
#3923 = ORIENTED_EDGE ( 'NONE', *, *, #439, .T. ) ;
#3924 = EDGE_CURVE ( 'NONE', #98, #3002, #1686, .T. ) ;
#3925 = EDGE_CURVE ( 'NONE', #3773, #3856, #1690, .T. ) ;
#3926 = EDGE_CURVE ( 'NONE', #3897, #602, #1706, .T. ) ;
#3927 = EDGE_LOOP ( 'NONE', ( #507, #506, #3869, #3971 ) ) ;
#3928 = ORIENTED_EDGE ( 'NONE', *, *, #3786, .T. ) ;
#3929 = ORIENTED_EDGE ( 'NONE', *, *, #4057, .T. ) ;
#3930 = ORIENTED_EDGE ( 'NONE', *, *, #2261, .T. ) ;
#3931 = VERTEX_POINT ( 'NONE', #1767 ) ;
#3932 = EDGE_CURVE ( 'NONE', #3823, #3793, #1775, .T. ) ;
#3933 = EDGE_CURVE ( 'NONE', #4013, #3292, #1785, .T. ) ;
#3934 = VERTEX_POINT ( 'NONE', #1810 ) ;
#3935 = VERTEX_POINT ( 'NONE', #1845 ) ;
#3936 = ADVANCED_FACE ( 'NONE', ( #1851 ), #1852, .F. ) ;
#3937 = ORIENTED_EDGE ( 'NONE', *, *, #2982, .F. ) ;
#3938 = EDGE_LOOP ( 'NONE', ( #3949, #3712, #2179, #3330, #408 ) ) ;
#3939 = ADVANCED_FACE ( 'NONE', ( #1864 ), #1865, .T. ) ;
#3940 = EDGE_CURVE ( 'NONE', #3852, #4052, #1883, .T. ) ;
#3941 = ORIENTED_EDGE ( 'NONE', *, *, #776, .T. ) ;
#3942 = ORIENTED_EDGE ( 'NONE', *, *, #616, .F. ) ;
#3943 = ORIENTED_EDGE ( 'NONE', *, *, #20, .T. ) ;
#3944 = EDGE_CURVE ( 'NONE', #3721, #3752, #1921, .T. ) ;
#3945 = ORIENTED_EDGE ( 'NONE', *, *, #472, .F. ) ;
#3946 = VERTEX_POINT ( 'NONE', #1927 ) ;
#3947 = ORIENTED_EDGE ( 'NONE', *, *, #1348, .F. ) ;
#3948 = ORIENTED_EDGE ( 'NONE', *, *, #456, .F. ) ;
#3949 = ORIENTED_EDGE ( 'NONE', *, *, #157, .T. ) ;
#3950 = ORIENTED_EDGE ( 'NONE', *, *, #394, .F. ) ;
#3951 = ORIENTED_EDGE ( 'NONE', *, *, #2241, .T. ) ;
#3952 = ORIENTED_EDGE ( 'NONE', *, *, #900, .T. ) ;
#3953 = VERTEX_POINT ( 'NONE', #1964 ) ;
#3954 = VERTEX_POINT ( 'NONE', #1998 ) ;
#3955 = ORIENTED_EDGE ( 'NONE', *, *, #4100, .T. ) ;
#3956 = ORIENTED_EDGE ( 'NONE', *, *, #3614, .F. ) ;
#3957 = ORIENTED_EDGE ( 'NONE', *, *, #557, .T. ) ;
#3958 = ORIENTED_EDGE ( 'NONE', *, *, #394, .T. ) ;
#3959 = ORIENTED_EDGE ( 'NONE', *, *, #3811, .T. ) ;
#3960 = ORIENTED_EDGE ( 'NONE', *, *, #4078, .T. ) ;
#3961 = EDGE_CURVE ( 'NONE', #1042, #4042, #2074, .T. ) ;
#3962 = ADVANCED_FACE ( 'NONE', ( #2078 ), #2079, .F. ) ;
#3963 = EDGE_CURVE ( 'NONE', #259, #3001, #2094, .T. ) ;
#3964 = EDGE_CURVE ( 'NONE', #2892, #689, #2098, .T. ) ;
#3965 = ORIENTED_EDGE ( 'NONE', *, *, #583, .F. ) ;
#3966 = EDGE_LOOP ( 'NONE', ( #2202, #4028, #80, #336, #150, #3739 ) ) ;
#3967 = EDGE_LOOP ( 'NONE', ( #426, #3981, #3696, #2470 ) ) ;
#3968 = EDGE_LOOP ( 'NONE', ( #3987, #4080, #4069, #3892 ) ) ;
#3969 = EDGE_CURVE ( 'NONE', #3635, #4086, #2140, .T. ) ;
#3970 = EDGE_CURVE ( 'NONE', #530, #972, #2150, .T. ) ;
#3971 = ORIENTED_EDGE ( 'NONE', *, *, #3933, .T. ) ;
#3972 = ORIENTED_EDGE ( 'NONE', *, *, #3879, .F. ) ;
#3973 = EDGE_CURVE ( 'NONE', #258, #518, #2209, .T. ) ;
#3974 = ADVANCED_FACE ( 'NONE', ( #2214 ), #2215, .F. ) ;
#3975 = ORIENTED_EDGE ( 'NONE', *, *, #549, .T. ) ;
#3976 = ORIENTED_EDGE ( 'NONE', *, *, #179, .T. ) ;
#3977 = ORIENTED_EDGE ( 'NONE', *, *, #609, .T. ) ;
#3978 = ADVANCED_FACE ( 'NONE', ( #2268 ), #2269, .F. ) ;
#3979 = ORIENTED_EDGE ( 'NONE', *, *, #124, .T. ) ;
#3980 = ORIENTED_EDGE ( 'NONE', *, *, #97, .T. ) ;
#3981 = ORIENTED_EDGE ( 'NONE', *, *, #91, .T. ) ;
#3982 = ADVANCED_FACE ( 'NONE', ( #2305 ), #2306, .T. ) ;
#3983 = EDGE_CURVE ( 'NONE', #3834, #30, #2326, .T. ) ;
#3984 = EDGE_CURVE ( 'NONE', #3823, #2161, #2341, .T. ) ;
#3985 = ORIENTED_EDGE ( 'NONE', *, *, #363, .F. ) ;
#3986 = ORIENTED_EDGE ( 'NONE', *, *, #2317, .T. ) ;
#3987 = ORIENTED_EDGE ( 'NONE', *, *, #4083, .T. ) ;
#3988 = ORIENTED_EDGE ( 'NONE', *, *, #3865, .T. ) ;
#3989 = EDGE_LOOP ( 'NONE', ( #2576, #3784, #3955, #3761 ) ) ;
#3990 = EDGE_CURVE ( 'NONE', #3756, #2396, #2412, .T. ) ;
#3991 = ADVANCED_FACE ( 'NONE', ( #2436 ), #2437, .F. ) ;
#3992 = ORIENTED_EDGE ( 'NONE', *, *, #2336, .T. ) ;
#3993 = ADVANCED_FACE ( 'NONE', ( #2475 ), #2476, .T. ) ;
#3994 = EDGE_CURVE ( 'NONE', #1648, #1592, #2483, .T. ) ;
#3995 = ORIENTED_EDGE ( 'NONE', *, *, #3077, .T. ) ;
#3996 = VERTEX_POINT ( 'NONE', #2487 ) ;
#3997 = ORIENTED_EDGE ( 'NONE', *, *, #3794, .F. ) ;
#3998 = VERTEX_POINT ( 'NONE', #2488 ) ;
#3999 = VERTEX_POINT ( 'NONE', #2489 ) ;
#4000 = ORIENTED_EDGE ( 'NONE', *, *, #201, .F. ) ;
#4001 = VERTEX_POINT ( 'NONE', #2496 ) ;
#4002 = EDGE_CURVE ( 'NONE', #3946, #324, #2508, .T. ) ;
#4003 = EDGE_CURVE ( 'NONE', #3707, #360, #2520, .T. ) ;
#4004 = ORIENTED_EDGE ( 'NONE', *, *, #3369, .F. ) ;
#4005 = ORIENTED_EDGE ( 'NONE', *, *, #2749, .F. ) ;
#4006 = EDGE_CURVE ( 'NONE', #1572, #3759, #2527, .T. ) ;
#4007 = ORIENTED_EDGE ( 'NONE', *, *, #245, .F. ) ;
#4008 = ORIENTED_EDGE ( 'NONE', *, *, #3078, .T. ) ;
#4009 = EDGE_LOOP ( 'NONE', ( #229, #2298 ) ) ;
#4010 = ORIENTED_EDGE ( 'NONE', *, *, #191, .T. ) ;
#4011 = EDGE_CURVE ( 'NONE', #24, #437, #2573, .T. ) ;
#4012 = ORIENTED_EDGE ( 'NONE', *, *, #610, .T. ) ;
#4013 = VERTEX_POINT ( 'NONE', #2588 ) ;
#4014 = ORIENTED_EDGE ( 'NONE', *, *, #3940, .T. ) ;
#4015 = ORIENTED_EDGE ( 'NONE', *, *, #4016, .T. ) ;
#4016 = EDGE_CURVE ( 'NONE', #3826, #3714, #2589, .T. ) ;
#4017 = ORIENTED_EDGE ( 'NONE', *, *, #4083, .F. ) ;
#4018 = EDGE_CURVE ( 'NONE', #602, #3724, #2602, .T. ) ;
#4019 = EDGE_CURVE ( 'NONE', #4090, #78, #2617, .T. ) ;
#4020 = ORIENTED_EDGE ( 'NONE', *, *, #415, .F. ) ;
#4021 = EDGE_LOOP ( 'NONE', ( #3732, #3725, #3728, #4058, #3717, #138 ) ) ;
#4022 = EDGE_LOOP ( 'NONE', ( #2450, #4082, #2, #466 ) ) ;
#4023 = ADVANCED_FACE ( 'NONE', ( #2649 ), #2650, .F. ) ;
#4024 = ORIENTED_EDGE ( 'NONE', *, *, #28, .F. ) ;
#4025 = ORIENTED_EDGE ( 'NONE', *, *, #3731, .T. ) ;
#4026 = ORIENTED_EDGE ( 'NONE', *, *, #1425, .F. ) ;
#4027 = ORIENTED_EDGE ( 'NONE', *, *, #3542, .T. ) ;
#4028 = ORIENTED_EDGE ( 'NONE', *, *, #2983, .T. ) ;
#4029 = ORIENTED_EDGE ( 'NONE', *, *, #231, .T. ) ;
#4030 = ORIENTED_EDGE ( 'NONE', *, *, #3614, .T. ) ;
#4031 = ORIENTED_EDGE ( 'NONE', *, *, #2745, .F. ) ;
#4032 = EDGE_CURVE ( 'NONE', #3763, #595, #2672, .T. ) ;
#4033 = ORIENTED_EDGE ( 'NONE', *, *, #1348, .T. ) ;
#4034 = ORIENTED_EDGE ( 'NONE', *, *, #102, .T. ) ;
#4035 = VERTEX_POINT ( 'NONE', #2695 ) ;
#4036 = ORIENTED_EDGE ( 'NONE', *, *, #2551, .F. ) ;
#4037 = EDGE_CURVE ( 'NONE', #314, #3195, #2696, .T. ) ;
#4038 = EDGE_CURVE ( 'NONE', #3954, #2494, #2752, .T. ) ;
#4039 = ORIENTED_EDGE ( 'NONE', *, *, #4018, .F. ) ;
#4040 = ORIENTED_EDGE ( 'NONE', *, *, #3789, .F. ) ;
#4041 = ORIENTED_EDGE ( 'NONE', *, *, #2596, .T. ) ;
#4042 = VERTEX_POINT ( 'NONE', #2822 ) ;
#4043 = ADVANCED_FACE ( 'NONE', ( #2823 ), #2824, .T. ) ;
#4044 = EDGE_CURVE ( 'NONE', #546, #530, #2831, .T. ) ;
#4045 = EDGE_CURVE ( 'NONE', #518, #274, #2835, .T. ) ;
#4046 = EDGE_CURVE ( 'NONE', #407, #454, #2855, .T. ) ;
#4047 = ORIENTED_EDGE ( 'NONE', *, *, #500, .F. ) ;
#4048 = ADVANCED_FACE ( 'NONE', ( #2894 ), #2895, .F. ) ;
#4049 = ORIENTED_EDGE ( 'NONE', *, *, #3447, .T. ) ;
#4050 = VERTEX_POINT ( 'NONE', #2916 ) ;
#4051 = ORIENTED_EDGE ( 'NONE', *, *, #4019, .F. ) ;
#4052 = VERTEX_POINT ( 'NONE', #2924 ) ;
#4053 = EDGE_CURVE ( 'NONE', #796, #3834, #2949, .T. ) ;
#4054 = EDGE_LOOP ( 'NONE', ( #492, #3887, #2124, #544, #4105, #3825 ) ) ;
#4055 = ORIENTED_EDGE ( 'NONE', *, *, #2553, .T. ) ;
#4056 = ORIENTED_EDGE ( 'NONE', *, *, #267, .F. ) ;
#4057 = EDGE_CURVE ( 'NONE', #3292, #4013, #2973, .T. ) ;
#4058 = ORIENTED_EDGE ( 'NONE', *, *, #577, .T. ) ;
#4059 = EDGE_CURVE ( 'NONE', #367, #40, #3013, .T. ) ;
#4060 = EDGE_CURVE ( 'NONE', #240, #2242, #3017, .T. ) ;
#4061 = ORIENTED_EDGE ( 'NONE', *, *, #540, .F. ) ;
#4062 = ORIENTED_EDGE ( 'NONE', *, *, #1819, .F. ) ;
#4063 = ORIENTED_EDGE ( 'NONE', *, *, #180, .F. ) ;
#4064 = EDGE_CURVE ( 'NONE', #3806, #3703, #3146, .T. ) ;
#4065 = ORIENTED_EDGE ( 'NONE', *, *, #572, .F. ) ;
#4066 = EDGE_CURVE ( 'NONE', #3523, #3674, #3188, .T. ) ;
#4067 = EDGE_CURVE ( 'NONE', #3788, #204, #3207, .T. ) ;
#4068 = ORIENTED_EDGE ( 'NONE', *, *, #594, .F. ) ;
#4069 = ORIENTED_EDGE ( 'NONE', *, *, #4067, .F. ) ;
#4070 = ORIENTED_EDGE ( 'NONE', *, *, #398, .T. ) ;
#4071 = EDGE_LOOP ( 'NONE', ( #260, #3746, #419, #3704, #4020, #3841, #425, #1748, #3804, #529, #3734, #514 ) ) ;
#4072 = ORIENTED_EDGE ( 'NONE', *, *, #189, .F. ) ;
#4073 = EDGE_LOOP ( 'NONE', ( #275, #3020, #383, #3876, #432 ) ) ;
#4074 = ORIENTED_EDGE ( 'NONE', *, *, #4046, .F. ) ;
#4075 = ADVANCED_FACE ( 'NONE', ( #3233 ), #3234, .T. ) ;
#4076 = ORIENTED_EDGE ( 'NONE', *, *, #3802, .T. ) ;
#4077 = ORIENTED_EDGE ( 'NONE', *, *, #2125, .F. ) ;
#4078 = EDGE_CURVE ( 'NONE', #4052, #3721, #3240, .T. ) ;
#4079 = EDGE_LOOP ( 'NONE', ( #634, #4108, #618, #3972, #4103, #563, #611, #4097, #356, #467 ) ) ;
#4080 = ORIENTED_EDGE ( 'NONE', *, *, #549, .F. ) ;
#4081 = EDGE_LOOP ( 'NONE', ( #1405, #387, #1043, #523, #4012, #226 ) ) ;
#4082 = ORIENTED_EDGE ( 'NONE', *, *, #332, .T. ) ;
#4083 = EDGE_CURVE ( 'NONE', #159, #2847, #3248, .T. ) ;
#4084 = ORIENTED_EDGE ( 'NONE', *, *, #3754, .F. ) ;
#4085 = EDGE_CURVE ( 'NONE', #3998, #3773, #3259, .T. ) ;
#4086 = VERTEX_POINT ( 'NONE', #3263 ) ;
#4087 = ORIENTED_EDGE ( 'NONE', *, *, #244, .T. ) ;
#4088 = VERTEX_POINT ( 'NONE', #3264 ) ;
#4089 = EDGE_LOOP ( 'NONE', ( #362, #4068 ) ) ;
#4090 = VERTEX_POINT ( 'NONE', #3266 ) ;
#4091 = ADVANCED_FACE ( 'NONE', ( #3275 ), #3276, .T. ) ;
#4092 = EDGE_CURVE ( 'NONE', #183, #42, #3281, .T. ) ;
#4093 = ADVANCED_FACE ( 'NONE', ( #3285 ), #3286, .F. ) ;
#4094 = VERTEX_POINT ( 'NONE', #3296 ) ;
#4095 = ORIENTED_EDGE ( 'NONE', *, *, #794, .T. ) ;
#4096 = ADVANCED_FACE ( 'NONE', ( #838 ), #839, .T. ) ;
#4097 = ORIENTED_EDGE ( 'NONE', *, *, #3924, .F. ) ;
#4098 = VERTEX_POINT ( 'NONE', #889 ) ;
#4099 = EDGE_CURVE ( 'NONE', #4098, #3721, #896, .T. ) ;
#4100 = EDGE_CURVE ( 'NONE', #434, #397, #922, .T. ) ;
#4101 = ORIENTED_EDGE ( 'NONE', *, *, #548, .F. ) ;
#4102 = ADVANCED_FACE ( 'NONE', ( #933, #934 ), #935, .T. ) ;
#4103 = ORIENTED_EDGE ( 'NONE', *, *, #61, .F. ) ;
#4104 = ORIENTED_EDGE ( 'NONE', *, *, #4099, .T. ) ;
#4105 = ORIENTED_EDGE ( 'NONE', *, *, #261, .F. ) ;
#4106 = EDGE_CURVE ( 'NONE', #494, #496, #966, .T. ) ;
#4107 = EDGE_CURVE ( 'NONE', #217, #281, #987, .T. ) ;
#4108 = ORIENTED_EDGE ( 'NONE', *, *, #3078, .F. ) ;
#4109 = ADVANCED_FACE ( 'NONE', ( #1016 ), #1017, .F. ) ;
#4110 = ORIENTED_EDGE ( 'NONE', *, *, #3848, .T. ) ;
#4111 = ORIENTED_EDGE ( 'NONE', *, *, #2432, .F. ) ;
ENDSEC;
END-ISO-10303-21;
