ISO-10303-21;
HEADER;
FILE_DESCRIPTION (( 'STEP AP214' ),
    '1' );
FILE_NAME ('7F337A55-9CA5-47F1-B279-0BC6FE17FAF1.STEP',
    '2026-06-29T07:03:09',
    ( '' ),
    ( '' ),
    'SwSTEP 2.0',
    'SolidWorks 2022',
    '' );
FILE_SCHEMA (( 'AUTOMOTIVE_DESIGN' ));
ENDSEC;

DATA;
#1 = LINE ( 'NONE', #2247, #492 ) ;
#2 = PLANE ( 'NONE',  #499 ) ;
#3 =( NAMED_UNIT ( * ) PLANE_ANGLE_UNIT ( ) SI_UNIT ( $, .RADIAN. ) );
#4 = AXIS2_PLACEMENT_3D ( 'NONE', #1673, #2191, #2406 ) ;
#5 = ORIENTED_EDGE ( 'NONE', *, *, #821, .F. ) ;
#6 = COLOUR_RGB ( '',1.000000000000000000, 1.000000000000000000, 1.000000000000000000 ) ;
#7 = CIRCLE ( 'NONE', #613, 0.2000000000000000111 ) ;
#8 = EDGE_LOOP ( 'NONE', ( #1741, #449, #2137, #1776 ) ) ;
#9 = PLANE ( 'NONE',  #2080 ) ;
#10 = VECTOR ( 'NONE', #224, 1000.000000000000000 ) ;
#11 = CARTESIAN_POINT ( 'NONE',  ( 1.750000000000000000, -1.100000000000000089, 0.9000000000000005773 ) ) ;
#12 = CARTESIAN_POINT ( 'NONE',  ( -1.599999994039540185, -1.100000000000000089, 1.093649168849357700 ) ) ;
#13 = EDGE_CURVE ( 'NONE', #252, #2223, #851, .T. ) ;
#14 = VECTOR ( 'NONE', #2102, 1000.000000000000000 ) ;
#15 = LINE ( 'NONE', #200, #913 ) ;
#16 = DIRECTION ( 'NONE',  ( 0.0000000000000000000, 0.0000000000000000000, 1.000000000000000000 ) ) ;
#17 = LINE ( 'NONE', #2099, #1108 ) ;
#18 = CARTESIAN_POINT ( 'NONE',  ( -1.750000000000000000, -0.3499999999999999778, 0.0000000000000000000 ) ) ;
#19 = ORIENTED_EDGE ( 'NONE', *, *, #325, .T. ) ;
#20 = ORIENTED_EDGE ( 'NONE', *, *, #347, .F. ) ;
#21 = CARTESIAN_POINT ( 'NONE',  ( 0.8000000000000000444, -1.399999999999999911, 0.07500000298023250245 ) ) ;
#22 = LINE ( 'NONE', #1517, #1142 ) ;
#23 = EDGE_CURVE ( 'NONE', #783, #1886, #1593, .T. ) ;
#24 = CARTESIAN_POINT ( 'NONE',  ( -9.035018104045872851E-18, 0.0000000000000000000, 1.900000000000000133 ) ) ;
#25 = DIRECTION ( 'NONE',  ( 0.0000000000000000000, -0.0000000000000000000, 1.000000000000000000 ) ) ;
#26 = CARTESIAN_POINT ( 'NONE',  ( 1.749999999999999778, -0.3499999999999999778, 0.0000000000000000000 ) ) ;
#27 = EDGE_CURVE ( 'NONE', #1015, #2366, #473, .T. ) ;
#28 = LINE ( 'NONE', #782, #34 ) ;
#29 = ORIENTED_EDGE ( 'NONE', *, *, #660, .F. ) ;
#30 = VERTEX_POINT ( 'NONE', #1947 ) ;
#31 = DIRECTION ( 'NONE',  ( -1.000000000000000000, 0.0000000000000000000, -1.821459649775649914E-16 ) ) ;
#32 = STYLED_ITEM ( 'NONE', ( #553 ), #154 ) ;
#33 = CARTESIAN_POINT ( 'NONE',  ( 1.599999994039540185, 0.3499999999999999778, 0.0000000000000000000 ) ) ;
#34 = VECTOR ( 'NONE', #624, 1000.000000000000000 ) ;
#35 = MECHANICAL_DESIGN_GEOMETRIC_PRESENTATION_REPRESENTATION (  '', ( #244 ), #487 ) ;
#36 =( LENGTH_UNIT ( ) NAMED_UNIT ( * ) SI_UNIT ( .MILLI., .METRE. ) );
#37 = FACE_OUTER_BOUND ( 'NONE', #743, .T. ) ;
#38 = DIRECTION ( 'NONE',  ( -0.0000000000000000000, 1.000000000000000000, -0.0000000000000000000 ) ) ;
#39 = UNCERTAINTY_MEASURE_WITH_UNIT (LENGTH_MEASURE( 1.000000000000000082E-05 ), #850, 'distance_accuracy_value', 'NONE');
#40 = DIRECTION ( 'NONE',  ( -0.0000000000000000000, 0.0000000000000000000, 1.000000000000000000 ) ) ;
#41 = ORIENTED_EDGE ( 'NONE', *, *, #1194, .T. ) ;
#42 = EDGE_CURVE ( 'NONE', #1274, #1124, #632, .T. ) ;
#43 = MECHANICAL_DESIGN_GEOMETRIC_PRESENTATION_REPRESENTATION (  '', ( #2155 ), #127 ) ;
#44 = ORIENTED_EDGE ( 'NONE', *, *, #841, .F. ) ;
#45 = LINE ( 'NONE', #1315, #1892 ) ;
#46 = CIRCLE ( 'NONE', #337, 0.04999999403953547805 ) ;
#47 = VERTEX_POINT ( 'NONE', #53 ) ;
#48 = LINE ( 'NONE', #1542, #535 ) ;
#49 = LINE ( 'NONE', #65, #341 ) ;
#50 = EDGE_LOOP ( 'NONE', ( #2175, #2177, #1759, #205 ) ) ;
#51 = PRESENTATION_STYLE_ASSIGNMENT (( #2279 ) ) ;
#52 = CARTESIAN_POINT ( 'NONE',  ( 0.8340970203948069317, -1.400000000000000133, 1.900000000000000133 ) ) ;
#53 = CARTESIAN_POINT ( 'NONE',  ( -1.750000000000000222, -0.3500000000000000333, 0.9000000000000001332 ) ) ;
#54 = AXIS2_PLACEMENT_3D ( 'NONE', #2361, #2024, #1796 ) ;
#55 = FILL_AREA_STYLE_COLOUR ( '', #1266 ) ;
#56 = AXIS2_PLACEMENT_3D ( 'NONE', #1293, #2044, #321 ) ;
#57 = SURFACE_STYLE_USAGE ( .BOTH. , #1733 ) ;
#58 = ORIENTED_EDGE ( 'NONE', *, *, #2167, .T. ) ;
#59 = EDGE_CURVE ( 'NONE', #928, #1574, #442, .T. ) ;
#60 = ORIENTED_EDGE ( 'NONE', *, *, #2378, .T. ) ;
#61 = LINE ( 'NONE', #1790, #2395 ) ;
#62 = DIRECTION ( 'NONE',  ( 0.0000000000000000000, 0.0000000000000000000, 1.000000000000000000 ) ) ;
#63 = EDGE_CURVE ( 'NONE', #1149, #1574, #2110, .T. ) ;
#64 = CARTESIAN_POINT ( 'NONE',  ( -1.599999994039537743, 0.3500000000000000333, 0.2000000000000000111 ) ) ;
#65 = CARTESIAN_POINT ( 'NONE',  ( -0.8750000029802319501, -1.399999999999999911, 0.1500000059604641167 ) ) ;
#66 = ORIENTED_EDGE ( 'NONE', *, *, #1158, .F. ) ;
#67 = ORIENTED_EDGE ( 'NONE', *, *, #1197, .F. ) ;
#68 = DIRECTION ( 'NONE',  ( 5.463025590873370530E-32, -1.000000000000000000, -0.0000000000000000000 ) ) ;
#69 = UNCERTAINTY_MEASURE_WITH_UNIT (LENGTH_MEASURE( 1.000000000000000082E-05 ), #1374, 'distance_accuracy_value', 'NONE');
#70 = FACE_OUTER_BOUND ( 'NONE', #1441, .T. ) ;
#71 = DIRECTION ( 'NONE',  ( 0.0000000000000000000, 1.000000000000000000, 0.0000000000000000000 ) ) ;
#72 = EDGE_CURVE ( 'NONE', #925, #1679, #1557, .T. ) ;
#73 = CARTESIAN_POINT ( 'NONE',  ( 0.9499999999999998446, 0.3499999999999999778, 0.0000000000000000000 ) ) ;
#74 = CARTESIAN_POINT ( 'NONE',  ( -1.599999994039540185, -1.399999999999999911, 1.093649168849359921 ) ) ;
#75 = CARTESIAN_POINT ( 'NONE',  ( 1.558073771237850069, -1.399999999999999911, 0.1500000059604650049 ) ) ;
#76 = ORIENTED_EDGE ( 'NONE', *, *, #665, .F. ) ;
#77 = EDGE_CURVE ( 'NONE', #279, #567, #462, .T. ) ;
#78 = AXIS2_PLACEMENT_3D ( 'NONE', #1361, #656, #92 ) ;
#79 = DIRECTION ( 'NONE',  ( 1.000000000000000000, 0.0000000000000000000, 0.0000000000000000000 ) ) ;
#80 = DIRECTION ( 'NONE',  ( 0.0000000000000000000, 1.000000000000000000, 0.0000000000000000000 ) ) ;
#81 = ORIENTED_EDGE ( 'NONE', *, *, #2416, .F. ) ;
#82 = DIRECTION ( 'NONE',  ( 0.0000000000000000000, 0.0000000000000000000, -1.000000000000000000 ) ) ;
#83 = CYLINDRICAL_SURFACE ( 'NONE', #2146, 1.199999999999999956 ) ;
#84 = VERTEX_POINT ( 'NONE', #1080 ) ;
#85 = CARTESIAN_POINT ( 'NONE',  ( -0.8000000000000001554, 1.400000000000000133, 0.07500000298023241918 ) ) ;
#86 = VERTEX_POINT ( 'NONE', #1619 ) ;
#87 = CARTESIAN_POINT ( 'NONE',  ( 1.750000000000000000, 1.100000000000000089, 0.0000000000000000000 ) ) ;
#88 = DIRECTION ( 'NONE',  ( -0.0000000000000000000, 1.000000000000000000, 0.0000000000000000000 ) ) ;
#89 = AXIS2_PLACEMENT_3D ( 'NONE', #1132, #1747, #980 ) ;
#90 = EDGE_CURVE ( 'NONE', #1355, #2023, #1461, .T. ) ;
#91 = CARTESIAN_POINT ( 'NONE',  ( 1.599999994039540185, -1.399999999999999911, 1.699999999999999956 ) ) ;
#92 = DIRECTION ( 'NONE',  ( 0.0000000000000000000, 0.0000000000000000000, -1.000000000000000000 ) ) ;
#93 = UNCERTAINTY_MEASURE_WITH_UNIT (LENGTH_MEASURE( 1.000000000000000082E-05 ), #1912, 'distance_accuracy_value', 'NONE');
#94 = CARTESIAN_POINT ( 'NONE',  ( 0.8750000029802320611, 1.399999999999999911, 0.1500000059604650049 ) ) ;
#95 = PRESENTATION_LAYER_ASSIGNMENT (  '', '', ( #344 ) ) ;
#96 = CARTESIAN_POINT ( 'NONE',  ( -1.750000000000000222, -1.100000000000000089, 0.9000000000000001332 ) ) ;
#97 = MECHANICAL_DESIGN_GEOMETRIC_PRESENTATION_REPRESENTATION (  '', ( #1385 ), #2405 ) ;
#98 = EDGE_LOOP ( 'NONE', ( #272, #2206, #195, #1295 ) ) ;
#99 = LINE ( 'NONE', #87, #657 ) ;
#100 = ORIENTED_EDGE ( 'NONE', *, *, #2067, .F. ) ;
#101 = CARTESIAN_POINT ( 'NONE',  ( -1.599999994039540185, 1.399999999999999911, 0.9499999940395349451 ) ) ;
#102 = CARTESIAN_POINT ( 'NONE',  ( -1.550000000000000266, -1.100000000000000089, 0.2000000000000000111 ) ) ;
#103 = ORIENTED_EDGE ( 'NONE', *, *, #1689, .T. ) ;
#104 = EDGE_LOOP ( 'NONE', ( #917, #2326 ) ) ;
#105 = LINE ( 'NONE', #1987, #340 ) ;
#106 = PRODUCT_RELATED_PRODUCT_CATEGORY ( 'part', '', ( #2173 ) ) ;
#107 =( NAMED_UNIT ( * ) PLANE_ANGLE_UNIT ( ) SI_UNIT ( $, .RADIAN. ) );
#108 = EDGE_CURVE ( 'NONE', #1355, #1332, #352, .T. ) ;
#109 = ORIENTED_EDGE ( 'NONE', *, *, #2330, .F. ) ;
#110 = SURFACE_STYLE_FILL_AREA ( #269 ) ;
#111 = ORIENTED_EDGE ( 'NONE', *, *, #407, .F. ) ;
#112 = DIRECTION ( 'NONE',  ( 0.0000000000000000000, 1.000000000000000000, 0.0000000000000000000 ) ) ;
#113 =( NAMED_UNIT ( * ) PLANE_ANGLE_UNIT ( ) SI_UNIT ( $, .RADIAN. ) );
#114 = LINE ( 'NONE', #1036, #1180 ) ;
#115 = FILL_AREA_STYLE ('',( #2369 ) ) ;
#116 = LINE ( 'NONE', #2134, #724 ) ;
#117 = LINE ( 'NONE', #1233, #918 ) ;
#118 = CARTESIAN_POINT ( 'NONE',  ( 1.550000000000000266, 1.100000000000000089, 0.9000000000000001332 ) ) ;
#119 =( NAMED_UNIT ( * ) PLANE_ANGLE_UNIT ( ) SI_UNIT ( $, .RADIAN. ) );
#120 =( GEOMETRIC_REPRESENTATION_CONTEXT ( 3 ) GLOBAL_UNCERTAINTY_ASSIGNED_CONTEXT ( ( #1218 ) ) GLOBAL_UNIT_ASSIGNED_CONTEXT ( ( #594, #1176, #2109 ) ) REPRESENTATION_CONTEXT ( 'NONE', 'WORKASPACE' ) );
#121 = ADVANCED_FACE ( 'NONE', ( #1999 ), #128, .T. ) ;
#122 = ORIENTED_EDGE ( 'NONE', *, *, #496, .T. ) ;
#123 = DIRECTION ( 'NONE',  ( 1.000000000000000000, -0.0000000000000000000, -8.126670033436559944E-17 ) ) ;
#124 = ORIENTED_EDGE ( 'NONE', *, *, #1450, .F. ) ;
#125 = PRESENTATION_STYLE_ASSIGNMENT (( #1821 ) ) ;
#126 = CARTESIAN_POINT ( 'NONE',  ( 0.8340970203948069317, -1.399999999999999911, 1.899999999999999911 ) ) ;
#127 =( GEOMETRIC_REPRESENTATION_CONTEXT ( 3 ) GLOBAL_UNCERTAINTY_ASSIGNED_CONTEXT ( ( #346 ) ) GLOBAL_UNIT_ASSIGNED_CONTEXT ( ( #169, #2041, #1618 ) ) REPRESENTATION_CONTEXT ( 'NONE', 'WORKASPACE' ) );
#128 = CYLINDRICAL_SURFACE ( 'NONE', #1249, 0.1999999999999999833 ) ;
#129 = AXIS2_PLACEMENT_3D ( 'NONE', #2306, #1972, #1025 ) ;
#130 = CARTESIAN_POINT ( 'NONE',  ( 1.750000000000000000, 0.3500000000000000333, 0.9000000000000001332 ) ) ;
#131 = CARTESIAN_POINT ( 'NONE',  ( -1.598095863356486124, -0.3500000000000000333, 0.9136670162050030131 ) ) ;
#132 = ORIENTED_EDGE ( 'NONE', *, *, #2235, .F. ) ;
#133 = SURFACE_STYLE_FILL_AREA ( #998 ) ;
#134 = MECHANICAL_DESIGN_GEOMETRIC_PRESENTATION_REPRESENTATION (  '', ( #951 ), #1572 ) ;
#135 = ORIENTED_EDGE ( 'NONE', *, *, #897, .T. ) ;
#136 = VECTOR ( 'NONE', #1401, 1000.000000000000000 ) ;
#137 =( LENGTH_UNIT ( ) NAMED_UNIT ( * ) SI_UNIT ( .MILLI., .METRE. ) );
#138 = PRESENTATION_LAYER_ASSIGNMENT (  '', '', ( #1894 ) ) ;
#139 = DIRECTION ( 'NONE',  ( 0.0000000000000000000, -1.000000000000000000, 0.0000000000000000000 ) ) ;
#140 = SURFACE_STYLE_FILL_AREA ( #1280 ) ;
#141 = ADVANCED_FACE ( 'NONE', ( #862 ), #1631, .T. ) ;
#142 = DIRECTION ( 'NONE',  ( -0.0000000000000000000, 0.0000000000000000000, -1.000000000000000000 ) ) ;
#143 = DIRECTION ( 'NONE',  ( -0.0000000000000000000, 0.0000000000000000000, -1.000000000000000000 ) ) ;
#144 =( NAMED_UNIT ( * ) PLANE_ANGLE_UNIT ( ) SI_UNIT ( $, .RADIAN. ) );
#145 = PRESENTATION_STYLE_ASSIGNMENT (( #1816 ) ) ;
#146 = ORIENTED_EDGE ( 'NONE', *, *, #562, .F. ) ;
#147 = CARTESIAN_POINT ( 'NONE',  ( 1.599999994039540185, -1.399999999999999911, 1.899999999999999911 ) ) ;
#148 = VERTEX_POINT ( 'NONE', #1255 ) ;
#149 = ORIENTED_EDGE ( 'NONE', *, *, #1526, .F. ) ;
#150 = DIRECTION ( 'NONE',  ( 0.0000000000000000000, 0.0000000000000000000, -1.000000000000000000 ) ) ;
#151 = LINE ( 'NONE', #962, #580 ) ;
#152 = VERTEX_POINT ( 'NONE', #2380 ) ;
#153 = CARTESIAN_POINT ( 'NONE',  ( -0.9499999999999999556, -1.100000000000000089, 0.0000000000000000000 ) ) ;
#154 = ADVANCED_FACE ( 'NONE', ( #1269 ), #1241, .F. ) ;
#155 = LINE ( 'NONE', #1256, #1932 ) ;
#156 = FILL_AREA_STYLE ('',( #2216 ) ) ;
#157 = VERTEX_POINT ( 'NONE', #1437 ) ;
#158 = FACE_OUTER_BOUND ( 'NONE', #1513, .T. ) ;
#159 = AXIS2_PLACEMENT_3D ( 'NONE', #2179, #520, #2213 ) ;
#160 = DIRECTION ( 'NONE',  ( -0.0000000000000000000, 1.000000000000000000, -0.0000000000000000000 ) ) ;
#161 = EDGE_LOOP ( 'NONE', ( #1466, #66, #2399, #257 ) ) ;
#162 = VECTOR ( 'NONE', #1311, 1000.000000000000000 ) ;
#163 = FACE_OUTER_BOUND ( 'NONE', #213, .T. ) ;
#164 = UNCERTAINTY_MEASURE_WITH_UNIT (LENGTH_MEASURE( 1.000000000000000082E-05 ), #1583, 'distance_accuracy_value', 'NONE');
#165 = CIRCLE ( 'NONE', #2267, 0.04999999403953547805 ) ;
#166 = VERTEX_POINT ( 'NONE', #661 ) ;
#167 = SURFACE_SIDE_STYLE ('',( #1832 ) ) ;
#168 = VERTEX_POINT ( 'NONE', #1414 ) ;
#169 =( LENGTH_UNIT ( ) NAMED_UNIT ( * ) SI_UNIT ( .MILLI., .METRE. ) );
#170 = FILL_AREA_STYLE ('',( #895 ) ) ;
#171 = DIRECTION ( 'NONE',  ( -0.05233595624295179355, 0.0000000000000000000, 0.9986295347545735002 ) ) ;
#172 = EDGE_CURVE ( 'NONE', #157, #1015, #2160, .T. ) ;
#173 = VECTOR ( 'NONE', #933, 1000.000000000000000 ) ;
#174 = DIRECTION ( 'NONE',  ( -0.0000000000000000000, -1.000000000000000000, -0.0000000000000000000 ) ) ;
#175 =( NAMED_UNIT ( * ) PLANE_ANGLE_UNIT ( ) SI_UNIT ( $, .RADIAN. ) );
#176 = ORIENTED_EDGE ( 'NONE', *, *, #838, .T. ) ;
#177 = CARTESIAN_POINT ( 'NONE',  ( 0.9499999999999999556, 1.100000000000000089, 0.1500000059604647551 ) ) ;
#178 = AXIS2_PLACEMENT_3D ( 'NONE', #1103, #139, #2364 ) ;
#179 = COLOUR_RGB ( '',1.000000000000000000, 1.000000000000000000, 1.000000000000000000 ) ;
#180 = DIRECTION ( 'NONE',  ( -1.000000000000000000, -0.0000000000000000000, -0.0000000000000000000 ) ) ;
#181 = ORIENTED_EDGE ( 'NONE', *, *, #193, .T. ) ;
#182 =( GEOMETRIC_REPRESENTATION_CONTEXT ( 3 ) GLOBAL_UNCERTAINTY_ASSIGNED_CONTEXT ( ( #1652 ) ) GLOBAL_UNIT_ASSIGNED_CONTEXT ( ( #779, #3, #1507 ) ) REPRESENTATION_CONTEXT ( 'NONE', 'WORKASPACE' ) );
#183 = STYLED_ITEM ( 'NONE', ( #1889 ), #1662 ) ;
#184 = VERTEX_POINT ( 'NONE', #85 ) ;
#185 = VECTOR ( 'NONE', #1750, 1000.000000000000000 ) ;
#186 = DIRECTION ( 'NONE',  ( 0.0000000000000000000, 0.0000000000000000000, 1.000000000000000000 ) ) ;
#187 = DIRECTION ( 'NONE',  ( -0.7071067811865474617, 0.0000000000000000000, 0.7071067811865474617 ) ) ;
#188 = MECHANICAL_DESIGN_GEOMETRIC_PRESENTATION_REPRESENTATION (  '', ( #1894 ), #502 ) ;
#189 = PRESENTATION_STYLE_ASSIGNMENT (( #1961 ) ) ;
#190 = LINE ( 'NONE', #1111, #1012 ) ;
#191 = ORIENTED_EDGE ( 'NONE', *, *, #821, .T. ) ;
#192 = DIRECTION ( 'NONE',  ( 1.000000000000000000, 5.463025590873370530E-32, 1.276879317273710016E-47 ) ) ;
#193 = EDGE_CURVE ( 'NONE', #1168, #1939, #2375, .T. ) ;
#194 = CARTESIAN_POINT ( 'NONE',  ( -1.599999994039537965, -1.100000000000000089, 0.2000000000000000111 ) ) ;
#195 = ORIENTED_EDGE ( 'NONE', *, *, #1224, .T. ) ;
#196 = EDGE_CURVE ( 'NONE', #1264, #2359, #1953, .T. ) ;
#197 =( NAMED_UNIT ( * ) PLANE_ANGLE_UNIT ( ) SI_UNIT ( $, .RADIAN. ) );
#198 = DIRECTION ( 'NONE',  ( -0.0000000000000000000, -0.0000000000000000000, -1.000000000000000000 ) ) ;
#199 = LINE ( 'NONE', #975, #173 ) ;
#200 = CARTESIAN_POINT ( 'NONE',  ( -1.599999994039540185, -0.3500000000000000333, 0.9499999940395349451 ) ) ;
#201 = DIRECTION ( 'NONE',  ( -0.0000000000000000000, -1.000000000000000000, -0.0000000000000000000 ) ) ;
#202 = DIRECTION ( 'NONE',  ( -1.734723682771986423E-14, 0.0000000000000000000, 1.000000000000000000 ) ) ;
#203 = VERTEX_POINT ( 'NONE', #503 ) ;
#204 = EDGE_CURVE ( 'NONE', #84, #1429, #1586, .T. ) ;
#205 = ORIENTED_EDGE ( 'NONE', *, *, #2026, .T. ) ;
#206 =( NAMED_UNIT ( * ) SI_UNIT ( $, .STERADIAN. ) SOLID_ANGLE_UNIT ( ) );
#207 = DIRECTION ( 'NONE',  ( -0.0000000000000000000, 0.0000000000000000000, -1.000000000000000000 ) ) ;
#208 = STYLED_ITEM ( 'NONE', ( #145 ), #680 ) ;
#209 = CARTESIAN_POINT ( 'NONE',  ( -0.8000000000000001554, -1.399999999999999911, 0.07500000298023241918 ) ) ;
#210 = CARTESIAN_POINT ( 'NONE',  ( -1.599999994039540185, -0.3499999999999999778, 0.0000000000000000000 ) ) ;
#211 = ORIENTED_EDGE ( 'NONE', *, *, #630, .F. ) ;
#212 = VECTOR ( 'NONE', #438, 1000.000000000000000 ) ;
#213 = EDGE_LOOP ( 'NONE', ( #634, #368, #29, #1516, #1611, #1408, #556, #481, #1477, #1420, #1907, #2101 ) ) ;
#214 = LINE ( 'NONE', #602, #1019 ) ;
#215 = VECTOR ( 'NONE', #349, 1000.000000000000000 ) ;
#216 = CARTESIAN_POINT ( 'NONE',  ( 0.9499999999999999556, -1.399999999999999911, 0.1500000059604647551 ) ) ;
#217 = STYLED_ITEM ( 'NONE', ( #1651 ), #2150 ) ;
#218 = CARTESIAN_POINT ( 'NONE',  ( 0.9499999999999999556, -1.399999999999999911, 0.1500000059604647551 ) ) ;
#219 =( NAMED_UNIT ( * ) PLANE_ANGLE_UNIT ( ) SI_UNIT ( $, .RADIAN. ) );
#220 = EDGE_CURVE ( 'NONE', #1264, #1344, #327, .T. ) ;
#221 = COLOUR_RGB ( '',1.000000000000000000, 1.000000000000000000, 1.000000000000000000 ) ;
#222 = LINE ( 'NONE', #956, #1731 ) ;
#223 = FILL_AREA_STYLE ('',( #1545 ) ) ;
#224 = DIRECTION ( 'NONE',  ( -0.0000000000000000000, -1.000000000000000000, 0.0000000000000000000 ) ) ;
#225 = CARTESIAN_POINT ( 'NONE',  ( -1.550000000000000266, 1.100000000000000089, 0.2000000000000000111 ) ) ;
#226 = ORIENTED_EDGE ( 'NONE', *, *, #665, .T. ) ;
#227 = VERTEX_POINT ( 'NONE', #1979 ) ;
#228 = CARTESIAN_POINT ( 'NONE',  ( -0.9499999999999999556, -1.100000000000000089, 0.0000000000000000000 ) ) ;
#229 = DIRECTION ( 'NONE',  ( 1.276879317273710016E-47, 6.975624386723195579E-79, -1.000000000000000000 ) ) ;
#230 = VERTEX_POINT ( 'NONE', #1041 ) ;
#231 = LINE ( 'NONE', #218, #1371 ) ;
#232 = FILL_AREA_STYLE_COLOUR ( '', #689 ) ;
#233 = EDGE_CURVE ( 'NONE', #1429, #1886, #866, .T. ) ;
#234 = CARTESIAN_POINT ( 'NONE',  ( 0.0000000000000000000, 0.0000000000000000000, 1.699999999999999956 ) ) ;
#235 = CARTESIAN_POINT ( 'NONE',  ( 3.395325587414169899, 0.3499999999999999778, 0.0000000000000000000 ) ) ;
#236 = DIRECTION ( 'NONE',  ( 0.0000000000000000000, -1.000000000000000000, 4.333342407157209877E-32 ) ) ;
#237 = EDGE_LOOP ( 'NONE', ( #2035, #2224, #1387, #479 ) ) ;
#238 = ORIENTED_EDGE ( 'NONE', *, *, #857, .F. ) ;
#239 = PLANE ( 'NONE',  #1529 ) ;
#240 = VECTOR ( 'NONE', #927, 1000.000000000000000 ) ;
#241 = ORIENTED_EDGE ( 'NONE', *, *, #1289, .F. ) ;
#242 = DIRECTION ( 'NONE',  ( -0.0000000000000000000, -1.000000000000000000, -0.0000000000000000000 ) ) ;
#243 = FILL_AREA_STYLE ('',( #232 ) ) ;
#244 = STYLED_ITEM ( 'NONE', ( #2329 ), #628 ) ;
#245 = DIRECTION ( 'NONE',  ( 0.0000000000000000000, 1.000000000000000000, 0.0000000000000000000 ) ) ;
#246 = CARTESIAN_POINT ( 'NONE',  ( 0.0000000000000000000, 1.399999999999999911, 0.0000000000000000000 ) ) ;
#247 = ADVANCED_FACE ( 'NONE', ( #1055 ), #1451, .T. ) ;
#248 = FACE_OUTER_BOUND ( 'NONE', #1668, .T. ) ;
#249 = ORIENTED_EDGE ( 'NONE', *, *, #1738, .F. ) ;
#250 = EDGE_CURVE ( 'NONE', #2190, #726, #384, .T. ) ;
#251 =( GEOMETRIC_REPRESENTATION_CONTEXT ( 3 ) GLOBAL_UNCERTAINTY_ASSIGNED_CONTEXT ( ( #1016 ) ) GLOBAL_UNIT_ASSIGNED_CONTEXT ( ( #2327, #1014, #319 ) ) REPRESENTATION_CONTEXT ( 'NONE', 'WORKASPACE' ) );
#252 = VERTEX_POINT ( 'NONE', #194 ) ;
#253 = DIRECTION ( 'NONE',  ( 0.0000000000000000000, -0.0000000000000000000, 1.000000000000000000 ) ) ;
#254 = MECHANICAL_DESIGN_GEOMETRIC_PRESENTATION_REPRESENTATION (  '', ( #2242 ), #1609 ) ;
#255 = ORIENTED_EDGE ( 'NONE', *, *, #1357, .T. ) ;
#256 = CARTESIAN_POINT ( 'NONE',  ( 0.0000000000000000000, 1.100000000000000089, 5.693334510792040151E-16 ) ) ;
#257 = ORIENTED_EDGE ( 'NONE', *, *, #2120, .F. ) ;
#258 = PRESENTATION_LAYER_ASSIGNMENT (  '', '', ( #949 ) ) ;
#259 = DIRECTION ( 'NONE',  ( -0.0000000000000000000, 1.000000000000000000, 0.0000000000000000000 ) ) ;
#260 = ORIENTED_EDGE ( 'NONE', *, *, #2096, .F. ) ;
#261 = VECTOR ( 'NONE', #467, 1000.000000000000114 ) ;
#262 = APPLICATION_CONTEXT ( 'automotive_design' ) ;
#263 =( NAMED_UNIT ( * ) SI_UNIT ( $, .STERADIAN. ) SOLID_ANGLE_UNIT ( ) );
#264 = EDGE_CURVE ( 'NONE', #1091, #1380, #284, .T. ) ;
#265 = FACE_OUTER_BOUND ( 'NONE', #1137, .T. ) ;
#266 = DIRECTION ( 'NONE',  ( 0.0000000000000000000, -1.000000000000000000, 0.0000000000000000000 ) ) ;
#267 = EDGE_CURVE ( 'NONE', #1541, #928, #1100, .T. ) ;
#268 = EDGE_CURVE ( 'NONE', #2103, #1918, #1872, .T. ) ;
#269 = FILL_AREA_STYLE ('',( #845 ) ) ;
#270 = CARTESIAN_POINT ( 'NONE',  ( 1.558073771237850069, -1.399999999999999911, 0.1500000059604650049 ) ) ;
#271 = PRESENTATION_STYLE_ASSIGNMENT (( #1026 ) ) ;
#272 = ORIENTED_EDGE ( 'NONE', *, *, #523, .F. ) ;
#273 = PRESENTATION_STYLE_ASSIGNMENT (( #1035 ) ) ;
#274 = CARTESIAN_POINT ( 'NONE',  ( 1.558073771237850069, 1.399999999999999911, 0.1500000059604650049 ) ) ;
#275 = EDGE_LOOP ( 'NONE', ( #751, #5, #1383, #1998, #395 ) ) ;
#276 = DIRECTION ( 'NONE',  ( -0.05233595624295177967, 0.0000000000000000000, -0.9986295347545735002 ) ) ;
#277 = SURFACE_STYLE_FILL_AREA ( #842 ) ;
#278 = CARTESIAN_POINT ( 'NONE',  ( 1.550000000000000266, -1.100000000000000089, 0.2000000000000010103 ) ) ;
#279 = VERTEX_POINT ( 'NONE', #2218 ) ;
#280 = CARTESIAN_POINT ( 'NONE',  ( 1.599999994039540185, 1.100000000000000089, 0.0000000000000000000 ) ) ;
#281 = ORIENTED_EDGE ( 'NONE', *, *, #513, .T. ) ;
#282 = DIRECTION ( 'NONE',  ( -0.0000000000000000000, -0.0000000000000000000, -1.000000000000000000 ) ) ;
#283 = VECTOR ( 'NONE', #1177, 1000.000000000000000 ) ;
#284 = CIRCLE ( 'NONE', #1442, 0.2000000000000000111 ) ;
#285 = DIRECTION ( 'NONE',  ( -1.000000000000000000, 0.0000000000000000000, -1.821459649775649914E-16 ) ) ;
#286 = ORIENTED_EDGE ( 'NONE', *, *, #1074, .F. ) ;
#287 = PRESENTATION_LAYER_ASSIGNMENT (  '', '', ( #1330 ) ) ;
#288 = DIRECTION ( 'NONE',  ( 0.0000000000000000000, 0.0000000000000000000, -1.000000000000000000 ) ) ;
#289 = LINE ( 'NONE', #1771, #672 ) ;
#290 = ORIENTED_EDGE ( 'NONE', *, *, #2092, .T. ) ;
#291 = ORIENTED_EDGE ( 'NONE', *, *, #2309, .F. ) ;
#292 = DIRECTION ( 'NONE',  ( 0.0000000000000000000, 1.000000000000000000, 0.0000000000000000000 ) ) ;
#293 = VECTOR ( 'NONE', #1128, 1000.000000000000000 ) ;
#294 = CARTESIAN_POINT ( 'NONE',  ( -1.599999994039539519, 1.399999999999999911, 0.9499999940395515985 ) ) ;
#295 = COLOUR_RGB ( '',1.000000000000000000, 1.000000000000000000, 1.000000000000000000 ) ;
#296 = FACE_OUTER_BOUND ( 'NONE', #504, .T. ) ;
#297 = VECTOR ( 'NONE', #171, 1000.000000000000114 ) ;
#298 = EDGE_CURVE ( 'NONE', #1149, #1709, #544, .T. ) ;
#299 = ORIENTED_EDGE ( 'NONE', *, *, #268, .T. ) ;
#300 = VECTOR ( 'NONE', #893, 1000.000000000000000 ) ;
#301 = CYLINDRICAL_SURFACE ( 'NONE', #693, 0.04999999403953547805 ) ;
#302 = VECTOR ( 'NONE', #1552, 1000.000000000000000 ) ;
#303 = DIRECTION ( 'NONE',  ( 0.0000000000000000000, -1.000000000000000000, 0.0000000000000000000 ) ) ;
#304 = VECTOR ( 'NONE', #977, 1000.000000000000000 ) ;
#305 = DIRECTION ( 'NONE',  ( -0.05233595624294349463, 0.0000000000000000000, -0.9986295347545739443 ) ) ;
#306 = ORIENTED_EDGE ( 'NONE', *, *, #454, .F. ) ;
#307 = SURFACE_SIDE_STYLE ('',( #110 ) ) ;
#308 = DIRECTION ( 'NONE',  ( -0.0000000000000000000, 1.000000000000000000, 0.0000000000000000000 ) ) ;
#309 =( NAMED_UNIT ( * ) PLANE_ANGLE_UNIT ( ) SI_UNIT ( $, .RADIAN. ) );
#310 = ORIENTED_EDGE ( 'NONE', *, *, #1198, .T. ) ;
#311 = DIRECTION ( 'NONE',  ( 0.0000000000000000000, 1.000000000000000000, 0.0000000000000000000 ) ) ;
#312 =( NAMED_UNIT ( * ) SI_UNIT ( $, .STERADIAN. ) SOLID_ANGLE_UNIT ( ) );
#313 = ADVANCED_FACE ( 'NONE', ( #2412 ), #1486, .F. ) ;
#314 = PRESENTATION_STYLE_ASSIGNMENT (( #1770 ) ) ;
#315 = SURFACE_STYLE_FILL_AREA ( #659 ) ;
#316 = ORIENTED_EDGE ( 'NONE', *, *, #220, .T. ) ;
#317 = CARTESIAN_POINT ( 'NONE',  ( -1.599999994039540185, 1.100000000000000089, 0.0000000000000000000 ) ) ;
#318 = ORIENTED_EDGE ( 'NONE', *, *, #969, .T. ) ;
#319 =( NAMED_UNIT ( * ) SI_UNIT ( $, .STERADIAN. ) SOLID_ANGLE_UNIT ( ) );
#320 = SURFACE_SIDE_STYLE ('',( #1838 ) ) ;
#321 = DIRECTION ( 'NONE',  ( -1.000000000000000000, 0.0000000000000000000, 8.126670033436559944E-17 ) ) ;
#322 = CARTESIAN_POINT ( 'NONE',  ( -1.558073771237850069, -1.399999999999999911, 0.1500000059604650049 ) ) ;
#323 = ORIENTED_EDGE ( 'NONE', *, *, #2378, .F. ) ;
#324 =( LENGTH_UNIT ( ) NAMED_UNIT ( * ) SI_UNIT ( .MILLI., .METRE. ) );
#325 = EDGE_CURVE ( 'NONE', #1686, #2126, #367, .T. ) ;
#326 = CIRCLE ( 'NONE', #604, 0.04999999403953547805 ) ;
#327 = LINE ( 'NONE', #1222, #1951 ) ;
#328 = ORIENTED_EDGE ( 'NONE', *, *, #422, .F. ) ;
#329 = EDGE_CURVE ( 'NONE', #30, #1939, #600, .T. ) ;
#330 = CARTESIAN_POINT ( 'NONE',  ( -0.8750000029802319501, 0.3500000000000000333, 0.1500000059604640057 ) ) ;
#331 = ORIENTED_EDGE ( 'NONE', *, *, #1306, .F. ) ;
#332 = DIRECTION ( 'NONE',  ( 0.0000000000000000000, 0.0000000000000000000, -1.000000000000000000 ) ) ;
#333 = VECTOR ( 'NONE', #1350, 1000.000000000000000 ) ;
#334 = MECHANICAL_DESIGN_GEOMETRIC_PRESENTATION_REPRESENTATION (  '', ( #1375 ), #1727 ) ;
#335 = CARTESIAN_POINT ( 'NONE',  ( 1.550000000000000266, -1.100000000000000089, 0.9000000000000001332 ) ) ;
#336 = CARTESIAN_POINT ( 'NONE',  ( -1.599999994039540185, 1.100000000000000089, 0.9499999940395700282 ) ) ;
#337 = AXIS2_PLACEMENT_3D ( 'NONE', #669, #2112, #1777 ) ;
#338 = CARTESIAN_POINT ( 'NONE',  ( -1.550000000000000266, -1.100000000000000089, 0.9000000000000001332 ) ) ;
#339 = ORIENTED_EDGE ( 'NONE', *, *, #686, .T. ) ;
#340 = VECTOR ( 'NONE', #276, 1000.000000000000000 ) ;
#341 = VECTOR ( 'NONE', #1143, 1000.000000000000000 ) ;
#342 = CARTESIAN_POINT ( 'NONE',  ( 1.599999994039539519, -1.100000000000000089, 0.9499999940395159603 ) ) ;
#343 = ORIENTED_EDGE ( 'NONE', *, *, #1399, .T. ) ;
#344 = STYLED_ITEM ( 'NONE', ( #646 ), #1942 ) ;
#345 =( NAMED_UNIT ( * ) SI_UNIT ( $, .STERADIAN. ) SOLID_ANGLE_UNIT ( ) );
#346 = UNCERTAINTY_MEASURE_WITH_UNIT (LENGTH_MEASURE( 1.000000000000000082E-05 ), #169, 'distance_accuracy_value', 'NONE');
#347 = EDGE_CURVE ( 'NONE', #1886, #706, #2338, .T. ) ;
#348 = CARTESIAN_POINT ( 'NONE',  ( 1.550000000000000266, 0.3500000000000000333, 0.2000000000000010103 ) ) ;
#349 = DIRECTION ( 'NONE',  ( 1.000000000000000000, -0.0000000000000000000, -8.126670033436559944E-17 ) ) ;
#350 = ORIENTED_EDGE ( 'NONE', *, *, #1835, .F. ) ;
#351 = CARTESIAN_POINT ( 'NONE',  ( 1.750000000000000000, -1.100000000000000089, 0.9000000000000010214 ) ) ;
#352 = LINE ( 'NONE', #1824, #1094 ) ;
#353 = LINE ( 'NONE', #1826, #1346 ) ;
#354 = ORIENTED_EDGE ( 'NONE', *, *, #769, .T. ) ;
#355 = CARTESIAN_POINT ( 'NONE',  ( 1.599999994039540185, -1.100000000000000089, 0.0000000000000000000 ) ) ;
#356 = VERTEX_POINT ( 'NONE', #568 ) ;
#357 = DIRECTION ( 'NONE',  ( 0.0000000000000000000, 0.0000000000000000000, -1.000000000000000000 ) ) ;
#358 = ORIENTED_EDGE ( 'NONE', *, *, #1717, .T. ) ;
#359 = FILL_AREA_STYLE ('',( #2028 ) ) ;
#360 = DIRECTION ( 'NONE',  ( 0.7071067811865480168, 0.0000000000000000000, -0.7071067811865470176 ) ) ;
#361 = VERTEX_POINT ( 'NONE', #342 ) ;
#362 = FACE_OUTER_BOUND ( 'NONE', #1793, .T. ) ;
#363 = LINE ( 'NONE', #1801, #2055 ) ;
#364 = LINE ( 'NONE', #715, #1952 ) ;
#365 = EDGE_LOOP ( 'NONE', ( #1688, #1452, #408, #1054, #983, #432, #323, #328, #1501, #1538, #81 ) ) ;
#366 = CARTESIAN_POINT ( 'NONE',  ( 1.750000000000000222, -1.100000000000000089, 0.2000000000000010103 ) ) ;
#367 = CIRCLE ( 'NONE', #2145, 0.2000000000000000111 ) ;
#368 = ORIENTED_EDGE ( 'NONE', *, *, #436, .F. ) ;
#369 = MECHANICAL_DESIGN_GEOMETRIC_PRESENTATION_REPRESENTATION (  '', ( #2038 ), #1481 ) ;
#370 = UNCERTAINTY_MEASURE_WITH_UNIT (LENGTH_MEASURE( 1.000000000000000082E-05 ), #324, 'distance_accuracy_value', 'NONE');
#371 = MECHANICAL_DESIGN_GEOMETRIC_PRESENTATION_REPRESENTATION (  '', ( #208 ), #972 ) ;
#372 = LINE ( 'NONE', #126, #836 ) ;
#373 = EDGE_CURVE ( 'NONE', #1156, #1082, #728, .T. ) ;
#374 = CARTESIAN_POINT ( 'NONE',  ( -1.550000000000000266, -1.100000000000000089, 0.9000000000000001332 ) ) ;
#375 = CARTESIAN_POINT ( 'NONE',  ( 1.599999994039538187, -0.3500000000000000333, 0.9000000000000001332 ) ) ;
#376 = VECTOR ( 'NONE', #874, 1000.000000000000000 ) ;
#377 = EDGE_CURVE ( 'NONE', #1649, #1941, #1685, .T. ) ;
#378 = DIRECTION ( 'NONE',  ( -0.0000000000000000000, 1.000000000000000000, -0.0000000000000000000 ) ) ;
#379 = SURFACE_STYLE_USAGE ( .BOTH. , #2383 ) ;
#380 = VERTEX_POINT ( 'NONE', #1071 ) ;
#381 = CARTESIAN_POINT ( 'NONE',  ( 3.395325587414169899, 0.3499999999999999778, 0.0000000000000000000 ) ) ;
#382 = AXIS2_PLACEMENT_3D ( 'NONE', #2418, #150, #1655 ) ;
#383 = AXIS2_PLACEMENT_3D ( 'NONE', #1069, #192, #2036 ) ;
#384 = LINE ( 'NONE', #1667, #1327 ) ;
#385 = ORIENTED_EDGE ( 'NONE', *, *, #1540, .T. ) ;
#386 = COLOUR_RGB ( '',1.000000000000000000, 1.000000000000000000, 1.000000000000000000 ) ;
#387 = CARTESIAN_POINT ( 'NONE',  ( 1.550000000000000266, -1.100000000000000089, 0.9000000000000001332 ) ) ;
#388 = PRESENTATION_STYLE_ASSIGNMENT (( #560 ) ) ;
#389 = AXIS2_PLACEMENT_3D ( 'NONE', #1977, #1569, #2302 ) ;
#390 = CARTESIAN_POINT ( 'NONE',  ( 1.558108457398067914, -1.100000000000000089, 0.1506618573246250592 ) ) ;
#391 = DIRECTION ( 'NONE',  ( -1.276879317273710016E-47, -6.975624386723195579E-79, 1.000000000000000000 ) ) ;
#392 = DIRECTION ( 'NONE',  ( 1.006200134210479957E-31, -1.000000000000000000, -0.0000000000000000000 ) ) ;
#393 = EDGE_CURVE ( 'NONE', #430, #2363, #1819, .T. ) ;
#394 = CARTESIAN_POINT ( 'NONE',  ( 1.550000000000000266, -0.3500000000000000333, 0.2000000000000010103 ) ) ;
#395 = ORIENTED_EDGE ( 'NONE', *, *, #1808, .T. ) ;
#396 = ORIENTED_EDGE ( 'NONE', *, *, #496, .F. ) ;
#397 = CARTESIAN_POINT ( 'NONE',  ( 0.0000000000000000000, 1.100000000000000089, 0.0000000000000000000 ) ) ;
#398 = CARTESIAN_POINT ( 'NONE',  ( 0.9500000000000000666, -0.3500000000000000333, 0.1500000059604647551 ) ) ;
#399 = PLANE ( 'NONE',  #2401 ) ;
#400 = CARTESIAN_POINT ( 'NONE',  ( 1.558073771237850069, -1.100000000000000089, 0.1500000059604650049 ) ) ;
#401 = FACE_OUTER_BOUND ( 'NONE', #1088, .T. ) ;
#402 = CARTESIAN_POINT ( 'NONE',  ( -0.9499999999999998446, 0.3500000000000000333, 0.1500000059604640057 ) ) ;
#403 = ADVANCED_FACE ( 'NONE', ( #793 ), #428, .T. ) ;
#404 = ORIENTED_EDGE ( 'NONE', *, *, #587, .F. ) ;
#405 = VECTOR ( 'NONE', #143, 1000.000000000000000 ) ;
#406 = AXIS2_PLACEMENT_3D ( 'NONE', #588, #740, #577 ) ;
#407 = EDGE_CURVE ( 'NONE', #466, #1355, #1160, .T. ) ;
#408 = ORIENTED_EDGE ( 'NONE', *, *, #480, .F. ) ;
#409 = DIRECTION ( 'NONE',  ( 0.0000000000000000000, 0.0000000000000000000, -1.000000000000000000 ) ) ;
#410 = DIRECTION ( 'NONE',  ( 0.0000000000000000000, -0.0000000000000000000, 1.000000000000000000 ) ) ;
#411 = AXIS2_PLACEMENT_3D ( 'NONE', #235, #1159, #25 ) ;
#412 = DIRECTION ( 'NONE',  ( 1.000000000000000000, 1.006200134210479957E-31, 3.191733018232560063E-47 ) ) ;
#413 = CARTESIAN_POINT ( 'NONE',  ( -1.199999999999999956, 0.0000000000000000000, 1.849999999999999645 ) ) ;
#414 = CARTESIAN_POINT ( 'NONE',  ( -1.598095863356486124, 1.100000000000000089, 0.9136670162050030131 ) ) ;
#415 = CARTESIAN_POINT ( 'NONE',  ( 3.395325587414169899, 0.3499999999999999778, 5.556536133988210224E-16 ) ) ;
#416 = DIRECTION ( 'NONE',  ( -0.05233595624294349463, 0.0000000000000000000, -0.9986295347545739443 ) ) ;
#417 = CARTESIAN_POINT ( 'NONE',  ( 1.550000000000000266, -1.100000000000000089, 0.2000000000000010103 ) ) ;
#418 = ORIENTED_EDGE ( 'NONE', *, *, #1155, .T. ) ;
#419 = MECHANICAL_DESIGN_GEOMETRIC_PRESENTATION_REPRESENTATION (  '', ( #2005 ), #722 ) ;
#420 =( GEOMETRIC_REPRESENTATION_CONTEXT ( 3 ) GLOBAL_UNCERTAINTY_ASSIGNED_CONTEXT ( ( #370 ) ) GLOBAL_UNIT_ASSIGNED_CONTEXT ( ( #324, #119, #879 ) ) REPRESENTATION_CONTEXT ( 'NONE', 'WORKASPACE' ) );
#421 = ORIENTED_EDGE ( 'NONE', *, *, #196, .F. ) ;
#422 = EDGE_CURVE ( 'NONE', #2223, #2151, #1895, .T. ) ;
#423 = CIRCLE ( 'NONE', #952, 0.04999999403953547805 ) ;
#424 = DIRECTION ( 'NONE',  ( -0.0000000000000000000, -1.000000000000000000, -0.0000000000000000000 ) ) ;
#425 = CARTESIAN_POINT ( 'NONE',  ( 0.8750000029802319501, -1.399999999999999911, 0.1500000059604650049 ) ) ;
#426 = PRESENTATION_LAYER_ASSIGNMENT (  '', '', ( #1070 ) ) ;
#427 = PLANE ( 'NONE',  #1064 ) ;
#428 = CYLINDRICAL_SURFACE ( 'NONE', #1598, 0.2000000000000000111 ) ;
#429 = ORIENTED_EDGE ( 'NONE', *, *, #27, .T. ) ;
#430 = VERTEX_POINT ( 'NONE', #597 ) ;
#431 = SURFACE_STYLE_USAGE ( .BOTH. , #1680 ) ;
#432 = ORIENTED_EDGE ( 'NONE', *, *, #838, .F. ) ;
#433 = EDGE_CURVE ( 'NONE', #1550, #1468, #2266, .T. ) ;
#434 = CARTESIAN_POINT ( 'NONE',  ( 1.750000000000000222, 1.100000000000000089, 0.2000000000000010103 ) ) ;
#435 = FILL_AREA_STYLE_COLOUR ( '', #2388 ) ;
#436 = EDGE_CURVE ( 'NONE', #1212, #1151, #997, .T. ) ;
#437 = APPLICATION_CONTEXT ( 'automotive_design' ) ;
#438 = DIRECTION ( 'NONE',  ( -0.0000000000000000000, 0.0000000000000000000, 1.000000000000000000 ) ) ;
#439 = LINE ( 'NONE', #18, #1291 ) ;
#440 = VERTEX_POINT ( 'NONE', #455 ) ;
#441 = ORIENTED_EDGE ( 'NONE', *, *, #1734, .F. ) ;
#442 = CIRCLE ( 'NONE', #78, 0.2000000000000000111 ) ;
#443 = CARTESIAN_POINT ( 'NONE',  ( 1.599999994039540407, -0.3499999999999999778, 0.0000000000000000000 ) ) ;
#444 = VECTOR ( 'NONE', #772, 1000.000000000000000 ) ;
#445 = ORIENTED_EDGE ( 'NONE', *, *, #407, .T. ) ;
#446 = DIRECTION ( 'NONE',  ( 0.0000000000000000000, -0.0000000000000000000, 1.000000000000000000 ) ) ;
#447 =( NAMED_UNIT ( * ) SI_UNIT ( $, .STERADIAN. ) SOLID_ANGLE_UNIT ( ) );
#448 = VECTOR ( 'NONE', #2259, 1000.000000000000000 ) ;
#449 = ORIENTED_EDGE ( 'NONE', *, *, #2250, .F. ) ;
#450 = EDGE_CURVE ( 'NONE', #1320, #601, #1834, .T. ) ;
#451 = CARTESIAN_POINT ( 'NONE',  ( -1.750000000000000000, -1.100000000000000089, 0.2000000000000000111 ) ) ;
#452 = FACE_OUTER_BOUND ( 'NONE', #1391, .T. ) ;
#453 = UNCERTAINTY_MEASURE_WITH_UNIT (LENGTH_MEASURE( 1.000000000000000082E-05 ), #511, 'distance_accuracy_value', 'NONE');
#454 = EDGE_CURVE ( 'NONE', #1312, #849, #1328, .T. ) ;
#455 = CARTESIAN_POINT ( 'NONE',  ( -1.550000000000000266, 1.100000000000000089, 0.0000000000000000000 ) ) ;
#456 = ORIENTED_EDGE ( 'NONE', *, *, #329, .T. ) ;
#457 = VECTOR ( 'NONE', #847, 1000.000000000000000 ) ;
#458 = CIRCLE ( 'NONE', #1806, 1.199999999999999956 ) ;
#459 = STYLED_ITEM ( 'NONE', ( #889 ), #1433 ) ;
#460 = ORIENTED_EDGE ( 'NONE', *, *, #23, .T. ) ;
#461 = PRESENTATION_LAYER_ASSIGNMENT (  '', '', ( #1148 ) ) ;
#462 = LINE ( 'NONE', #1192, #2106 ) ;
#463 = VECTOR ( 'NONE', #2400, 1000.000000000000000 ) ;
#464 =( NAMED_UNIT ( * ) PLANE_ANGLE_UNIT ( ) SI_UNIT ( $, .RADIAN. ) );
#465 = DIRECTION ( 'NONE',  ( -1.000000000000000000, 0.0000000000000000000, -3.673940397442059868E-16 ) ) ;
#466 = VERTEX_POINT ( 'NONE', #402 ) ;
#467 = DIRECTION ( 'NONE',  ( 0.7071067811865474617, -0.0000000000000000000, -0.7071067811865474617 ) ) ;
#468 = DIRECTION ( 'NONE',  ( 1.000000000000000000, 0.0000000000000000000, 0.0000000000000000000 ) ) ;
#469 = CARTESIAN_POINT ( 'NONE',  ( -1.558073771237850069, -1.100000000000000089, 0.1500000059604650049 ) ) ;
#470 = ORIENTED_EDGE ( 'NONE', *, *, #1000, .T. ) ;
#471 = APPLICATION_PROTOCOL_DEFINITION ( 'draft international standard', 'automotive_design', 1998, #262 ) ;
#472 = SURFACE_SIDE_STYLE ('',( #687 ) ) ;
#473 = LINE ( 'NONE', #1755, #1324 ) ;
#474 = CARTESIAN_POINT ( 'NONE',  ( -1.750000000000000222, 0.3500000000000000333, 0.2000000000000000111 ) ) ;
#475 = UNCERTAINTY_MEASURE_WITH_UNIT (LENGTH_MEASURE( 1.000000000000000082E-05 ), #734, 'distance_accuracy_value', 'NONE');
#476 = SURFACE_STYLE_USAGE ( .BOTH. , #1243 ) ;
#477 =( NAMED_UNIT ( * ) PLANE_ANGLE_UNIT ( ) SI_UNIT ( $, .RADIAN. ) );
#478 = EDGE_CURVE ( 'NONE', #749, #726, #1905, .T. ) ;
#479 = ORIENTED_EDGE ( 'NONE', *, *, #1630, .F. ) ;
#480 = EDGE_CURVE ( 'NONE', #47, #1124, #439, .T. ) ;
#481 = ORIENTED_EDGE ( 'NONE', *, *, #1555, .F. ) ;
#482 = PLANE ( 'NONE',  #984 ) ;
#483 = VECTOR ( 'NONE', #40, 1000.000000000000000 ) ;
#484 = FACE_OUTER_BOUND ( 'NONE', #161, .T. ) ;
#485 = ORIENTED_EDGE ( 'NONE', *, *, #826, .T. ) ;
#486 = CARTESIAN_POINT ( 'NONE',  ( 1.599999994039540185, -1.399999999999999911, 1.899999999999999911 ) ) ;
#487 =( GEOMETRIC_REPRESENTATION_CONTEXT ( 3 ) GLOBAL_UNCERTAINTY_ASSIGNED_CONTEXT ( ( #2315 ) ) GLOBAL_UNIT_ASSIGNED_CONTEXT ( ( #1783, #1411, #1853 ) ) REPRESENTATION_CONTEXT ( 'NONE', 'WORKASPACE' ) );
#488 = CARTESIAN_POINT ( 'NONE',  ( -1.599999994039535745, -1.100000000000000089, 0.9000000000000001332 ) ) ;
#489 = CARTESIAN_POINT ( 'NONE',  ( 0.0000000000000000000, 0.0000000000000000000, 1.850000000000000089 ) ) ;
#490 = DIRECTION ( 'NONE',  ( 0.0000000000000000000, -0.0000000000000000000, 1.000000000000000000 ) ) ;
#491 = ORIENTED_EDGE ( 'NONE', *, *, #1929, .T. ) ;
#492 = VECTOR ( 'NONE', #583, 1000.000000000000000 ) ;
#493 = ORIENTED_EDGE ( 'NONE', *, *, #450, .T. ) ;
#494 = DIRECTION ( 'NONE',  ( -1.000000000000000000, -0.0000000000000000000, -0.0000000000000000000 ) ) ;
#495 = PRESENTATION_LAYER_ASSIGNMENT (  '', '', ( #1375 ) ) ;
#496 = EDGE_CURVE ( 'NONE', #1212, #1426, #1917, .T. ) ;
#497 = PRESENTATION_STYLE_ASSIGNMENT (( #1779 ) ) ;
#498 = DIRECTION ( 'NONE',  ( 0.0000000000000000000, 1.000000000000000000, 0.0000000000000000000 ) ) ;
#499 = AXIS2_PLACEMENT_3D ( 'NONE', #2063, #1351, #1494 ) ;
#500 = STYLED_ITEM ( 'NONE', ( #2255 ), #1855 ) ;
#501 = DIRECTION ( 'NONE',  ( -0.0000000000000000000, -1.000000000000000000, -0.0000000000000000000 ) ) ;
#502 =( GEOMETRIC_REPRESENTATION_CONTEXT ( 3 ) GLOBAL_UNCERTAINTY_ASSIGNED_CONTEXT ( ( #1926 ) ) GLOBAL_UNIT_ASSIGNED_CONTEXT ( ( #554, #144, #705 ) ) REPRESENTATION_CONTEXT ( 'NONE', 'WORKASPACE' ) );
#503 = CARTESIAN_POINT ( 'NONE',  ( -1.599999994039537743, 0.3500000000000000333, 0.9000000000000001332 ) ) ;
#504 = EDGE_LOOP ( 'NONE', ( #1991, #2111, #1406, #1670 ) ) ;
#505 = DIRECTION ( 'NONE',  ( -0.0000000000000000000, 1.000000000000000000, 0.0000000000000000000 ) ) ;
#506 = DIRECTION ( 'NONE',  ( -0.0000000000000000000, 1.000000000000000000, -0.0000000000000000000 ) ) ;
#507 = DIRECTION ( 'NONE',  ( 0.0000000000000000000, -1.000000000000000000, 0.0000000000000000000 ) ) ;
#508 = ORIENTED_EDGE ( 'NONE', *, *, #1224, .F. ) ;
#509 = EDGE_CURVE ( 'NONE', #1126, #749, #1708, .T. ) ;
#510 = FILL_AREA_STYLE ('',( #435 ) ) ;
#511 =( LENGTH_UNIT ( ) NAMED_UNIT ( * ) SI_UNIT ( .MILLI., .METRE. ) );
#512 = DIRECTION ( 'NONE',  ( 1.276879317273710016E-47, 6.975624386723195579E-79, -1.000000000000000000 ) ) ;
#513 = EDGE_CURVE ( 'NONE', #1278, #1332, #2108, .T. ) ;
#514 = ORIENTED_EDGE ( 'NONE', *, *, #1028, .F. ) ;
#515 = FILL_AREA_STYLE ('',( #2174 ) ) ;
#516 = ORIENTED_EDGE ( 'NONE', *, *, #72, .T. ) ;
#517 = CYLINDRICAL_SURFACE ( 'NONE', #1890, 0.2000000000000000111 ) ;
#518 = VERTEX_POINT ( 'NONE', #2260 ) ;
#519 = CYLINDRICAL_SURFACE ( 'NONE', #610, 0.2000000000000000111 ) ;
#520 = DIRECTION ( 'NONE',  ( -0.7071067811865475727, 0.0000000000000000000, -0.7071067811865475727 ) ) ;
#521 = CARTESIAN_POINT ( 'NONE',  ( -1.550000000000000266, -1.100000000000000089, 0.0000000000000000000 ) ) ;
#522 = PRESENTATION_LAYER_ASSIGNMENT (  '', '', ( #1363 ) ) ;
#523 = EDGE_CURVE ( 'NONE', #2243, #835, #28, .T. ) ;
#524 = AXIS2_PLACEMENT_3D ( 'NONE', #2016, #1986, #1021 ) ;
#525 = LINE ( 'NONE', #1621, #1275 ) ;
#526 = LINE ( 'NONE', #1463, #2340 ) ;
#527 = ORIENTED_EDGE ( 'NONE', *, *, #1474, .F. ) ;
#528 = MECHANICAL_DESIGN_GEOMETRIC_PRESENTATION_REPRESENTATION (  '', ( #861 ), #120 ) ;
#529 = ADVANCED_FACE ( 'NONE', ( #248 ), #1523, .T. ) ;
#530 = ORIENTED_EDGE ( 'NONE', *, *, #985, .T. ) ;
#531 = CARTESIAN_POINT ( 'NONE',  ( 1.599999994039540185, -1.100000000000000089, 1.093649168849357700 ) ) ;
#532 = EDGE_LOOP ( 'NONE', ( #111, #800, #1720, #2027 ) ) ;
#533 = CARTESIAN_POINT ( 'NONE',  ( -1.599999994039540185, -1.399999999999999911, 0.9499999940395349451 ) ) ;
#534 = DIRECTION ( 'NONE',  ( 0.7071067811865494601, 0.7071067811865455743, 0.0000000000000000000 ) ) ;
#535 = VECTOR ( 'NONE', #629, 1000.000000000000000 ) ;
#536 = VECTOR ( 'NONE', #468, 1000.000000000000000 ) ;
#537 = DIRECTION ( 'NONE',  ( 1.000000000000000000, -0.0000000000000000000, 4.469668518390110003E-16 ) ) ;
#538 = PRESENTATION_STYLE_ASSIGNMENT (( #1604 ) ) ;
#539 = CARTESIAN_POINT ( 'NONE',  ( -3.116067714095729801, -0.3499999999999999778, 0.0000000000000000000 ) ) ;
#540 = FILL_AREA_STYLE ('',( #2195 ) ) ;
#541 = EDGE_LOOP ( 'NONE', ( #1831, #1799, #1677, #912 ) ) ;
#542 = AXIS2_PLACEMENT_3D ( 'NONE', #102, #1046, #2307 ) ;
#543 = PLANE ( 'NONE',  #89 ) ;
#544 = LINE ( 'NONE', #2047, #1641 ) ;
#545 = ADVANCED_FACE ( 'NONE', ( #2372 ), #2123, .T. ) ;
#546 = ORIENTED_EDGE ( 'NONE', *, *, #1992, .T. ) ;
#547 = AXIS2_PLACEMENT_3D ( 'NONE', #1901, #245, #1338 ) ;
#548 = PLANE ( 'NONE',  #1027 ) ;
#549 = UNCERTAINTY_MEASURE_WITH_UNIT (LENGTH_MEASURE( 1.000000000000000082E-05 ), #1563, 'distance_accuracy_value', 'NONE');
#550 = CARTESIAN_POINT ( 'NONE',  ( -1.550000000000000266, -1.100000000000000089, 0.2000000000000000111 ) ) ;
#551 = FACE_OUTER_BOUND ( 'NONE', #1404, .T. ) ;
#552 = CARTESIAN_POINT ( 'NONE',  ( 0.9500000000000002887, -0.3499999999999999778, 0.0000000000000000000 ) ) ;
#553 = PRESENTATION_STYLE_ASSIGNMENT (( #2350 ) ) ;
#554 =( LENGTH_UNIT ( ) NAMED_UNIT ( * ) SI_UNIT ( .MILLI., .METRE. ) );
#555 = ORIENTED_EDGE ( 'NONE', *, *, #2246, .T. ) ;
#556 = ORIENTED_EDGE ( 'NONE', *, *, #373, .F. ) ;
#557 = PRODUCT_DEFINITION ( 'UNKNOWN', '', #948, #732 ) ;
#558 = ORIENTED_EDGE ( 'NONE', *, *, #509, .F. ) ;
#559 = PLANE ( 'NONE',  #382 ) ;
#560 = SURFACE_STYLE_USAGE ( .BOTH. , #2029 ) ;
#561 = ORIENTED_EDGE ( 'NONE', *, *, #2273, .T. ) ;
#562 = EDGE_CURVE ( 'NONE', #1468, #30, #1196, .T. ) ;
#563 = DIRECTION ( 'NONE',  ( 0.0000000000000000000, 0.0000000000000000000, -1.000000000000000000 ) ) ;
#564 = DIRECTION ( 'NONE',  ( 0.0000000000000000000, 1.000000000000000000, 0.0000000000000000000 ) ) ;
#565 = FACE_OUTER_BOUND ( 'NONE', #1163, .T. ) ;
#566 = CARTESIAN_POINT ( 'NONE',  ( 1.550000000000000266, -1.100000000000000089, 0.2000000000000010103 ) ) ;
#567 = VERTEX_POINT ( 'NONE', #131 ) ;
#568 = CARTESIAN_POINT ( 'NONE',  ( -1.599999994039537965, -1.100000000000000089, 0.9000000000000001332 ) ) ;
#569 = ORIENTED_EDGE ( 'NONE', *, *, #769, .F. ) ;
#570 = UNCERTAINTY_MEASURE_WITH_UNIT (LENGTH_MEASURE( 1.000000000000000082E-05 ), #926, 'distance_accuracy_value', 'NONE');
#571 = CARTESIAN_POINT ( 'NONE',  ( 1.598095863356491675, -1.100000000000000089, 0.9136670162049883581 ) ) ;
#572 = PLANE ( 'NONE',  #721 ) ;
#573 = ADVANCED_FACE ( 'NONE', ( #877 ), #83, .F. ) ;
#574 = DIRECTION ( 'NONE',  ( -0.0000000000000000000, -0.0000000000000000000, -1.000000000000000000 ) ) ;
#575 = CARTESIAN_POINT ( 'NONE',  ( 1.558108457398078572, 0.3500000000000000333, 0.1506618573248295623 ) ) ;
#576 = AXIS2_PLACEMENT_3D ( 'NONE', #683, #2346, #1921 ) ;
#577 = DIRECTION ( 'NONE',  ( 0.0000000000000000000, 0.0000000000000000000, 1.000000000000000000 ) ) ;
#578 = ORIENTED_EDGE ( 'NONE', *, *, #1553, .F. ) ;
#579 = ORIENTED_EDGE ( 'NONE', *, *, #2203, .T. ) ;
#580 = VECTOR ( 'NONE', #1860, 1000.000000000000000 ) ;
#581 = DIRECTION ( 'NONE',  ( -0.0000000000000000000, -1.000000000000000000, -0.0000000000000000000 ) ) ;
#582 = PRESENTATION_LAYER_ASSIGNMENT (  '', '', ( #1385 ) ) ;
#583 = DIRECTION ( 'NONE',  ( 1.000000000000000000, -0.0000000000000000000, 1.821459649775649914E-16 ) ) ;
#584 = DIRECTION ( 'NONE',  ( -1.807003620809169948E-16, -0.0000000000000000000, 1.000000000000000000 ) ) ;
#585 = EDGE_CURVE ( 'NONE', #2023, #1541, #1206, .T. ) ;
#586 = CARTESIAN_POINT ( 'NONE',  ( 1.750000000000000222, -1.100000000000000089, 0.2000000000000010103 ) ) ;
#587 = EDGE_CURVE ( 'NONE', #1702, #1649, #165, .T. ) ;
#588 = CARTESIAN_POINT ( 'NONE',  ( 1.550000000000000266, 1.100000000000000089, 0.2000000000000010103 ) ) ;
#589 = ORIENTED_EDGE ( 'NONE', *, *, #1155, .F. ) ;
#590 = ORIENTED_EDGE ( 'NONE', *, *, #857, .T. ) ;
#591 =( NAMED_UNIT ( * ) PLANE_ANGLE_UNIT ( ) SI_UNIT ( $, .RADIAN. ) );
#592 = CARTESIAN_POINT ( 'NONE',  ( 1.599999994039539741, 1.399999999999999911, 0.9499999940395090769 ) ) ;
#593 = DIRECTION ( 'NONE',  ( 0.0000000000000000000, 0.0000000000000000000, 1.000000000000000000 ) ) ;
#594 =( LENGTH_UNIT ( ) NAMED_UNIT ( * ) SI_UNIT ( .MILLI., .METRE. ) );
#595 =( NAMED_UNIT ( * ) PLANE_ANGLE_UNIT ( ) SI_UNIT ( $, .RADIAN. ) );
#596 = EDGE_CURVE ( 'NONE', #707, #1168, #326, .T. ) ;
#597 = CARTESIAN_POINT ( 'NONE',  ( 1.599999994039540185, -0.6340970263552709874, 1.900000000000000133 ) ) ;
#598 = VERTEX_POINT ( 'NONE', #1219 ) ;
#599 = EDGE_CURVE ( 'NONE', #1640, #2389, #289, .T. ) ;
#600 = CIRCLE ( 'NONE', #1133, 0.04999999403953547805 ) ;
#601 = VERTEX_POINT ( 'NONE', #1398 ) ;
#602 = CARTESIAN_POINT ( 'NONE',  ( 0.8750000029802319501, -1.399999999999999911, 0.1500000059604647273 ) ) ;
#603 = CARTESIAN_POINT ( 'NONE',  ( -1.599999994039537299, -1.399999999999999911, 0.9499999940396003373 ) ) ;
#604 = AXIS2_PLACEMENT_3D ( 'NONE', #118, #1234, #829 ) ;
#605 = ORIENTED_EDGE ( 'NONE', *, *, #955, .T. ) ;
#606 = DIRECTION ( 'NONE',  ( 0.7071067811865470176, -0.0000000000000000000, 0.7071067811865480168 ) ) ;
#607 = DIRECTION ( 'NONE',  ( -0.0000000000000000000, 0.0000000000000000000, 1.000000000000000000 ) ) ;
#608 = CYLINDRICAL_SURFACE ( 'NONE', #1761, 0.04999999403953547805 ) ;
#609 = CARTESIAN_POINT ( 'NONE',  ( 1.599999994039537965, 0.3500000000000000333, 0.2000000000000010103 ) ) ;
#610 = AXIS2_PLACEMENT_3D ( 'NONE', #2015, #2368, #1254 ) ;
#611 = SURFACE_STYLE_FILL_AREA ( #982 ) ;
#612 = EDGE_LOOP ( 'NONE', ( #318, #990, #2089, #58 ) ) ;
#613 = AXIS2_PLACEMENT_3D ( 'NONE', #2039, #2163, #2188 ) ;
#614 = EDGE_CURVE ( 'NONE', #1709, #227, #1950, .T. ) ;
#615 = ORIENTED_EDGE ( 'NONE', *, *, #1945, .T. ) ;
#616 = CARTESIAN_POINT ( 'NONE',  ( 1.199999999999999956, 1.469576158976823553E-16, 1.850000000000000311 ) ) ;
#617 =( GEOMETRIC_REPRESENTATION_CONTEXT ( 3 ) GLOBAL_UNCERTAINTY_ASSIGNED_CONTEXT ( ( #1193 ) ) GLOBAL_UNIT_ASSIGNED_CONTEXT ( ( #1810, #711, #1287 ) ) REPRESENTATION_CONTEXT ( 'NONE', 'WORKASPACE' ) );
#618 = CARTESIAN_POINT ( 'NONE',  ( 0.9499999999999999556, -1.100000000000000089, 4.958970799718013436E-16 ) ) ;
#619 = COLOUR_RGB ( '',1.000000000000000000, 1.000000000000000000, 1.000000000000000000 ) ;
#620 = LINE ( 'NONE', #33, #333 ) ;
#621 = FACE_OUTER_BOUND ( 'NONE', #50, .T. ) ;
#622 = DIRECTION ( 'NONE',  ( 0.0000000000000000000, -1.000000000000000000, 0.0000000000000000000 ) ) ;
#623 = CARTESIAN_POINT ( 'NONE',  ( -1.558108457398059477, -0.3499999999999999778, 0.1506618573245886994 ) ) ;
#624 = DIRECTION ( 'NONE',  ( 0.0000000000000000000, 1.000000000000000000, 0.0000000000000000000 ) ) ;
#625 = EDGE_LOOP ( 'NONE', ( #995, #456, #1827, #2115 ) ) ;
#626 = EDGE_LOOP ( 'NONE', ( #1844, #1042, #2287, #339 ) ) ;
#627 = FILL_AREA_STYLE_COLOUR ( '', #1499 ) ;
#628 = ADVANCED_FACE ( 'NONE', ( #1570 ), #1966, .F. ) ;
#629 = DIRECTION ( 'NONE',  ( 0.0000000000000000000, 1.000000000000000000, 0.0000000000000000000 ) ) ;
#630 = EDGE_CURVE ( 'NONE', #1854, #718, #2034, .T. ) ;
#631 =( NAMED_UNIT ( * ) PLANE_ANGLE_UNIT ( ) SI_UNIT ( $, .RADIAN. ) );
#632 = LINE ( 'NONE', #1230, #1131 ) ;
#633 = CARTESIAN_POINT ( 'NONE',  ( -1.550000000000000266, 1.100000000000000089, 0.2000000000000000111 ) ) ;
#634 = ORIENTED_EDGE ( 'NONE', *, *, #1493, .F. ) ;
#635 = CARTESIAN_POINT ( 'NONE',  ( -1.558069108561417782, -0.3499999999999999778, 0.1503014086601797694 ) ) ;
#636 = AXIS2_PLACEMENT_3D ( 'NONE', #1534, #1364, #2100 ) ;
#637 = FACE_OUTER_BOUND ( 'NONE', #365, .T. ) ;
#638 = ORIENTED_EDGE ( 'NONE', *, *, #1510, .T. ) ;
#639 = EDGE_CURVE ( 'NONE', #601, #2304, #364, .T. ) ;
#640 =( NAMED_UNIT ( * ) SI_UNIT ( $, .STERADIAN. ) SOLID_ANGLE_UNIT ( ) );
#641 = DIRECTION ( 'NONE',  ( 0.0000000000000000000, 0.0000000000000000000, 1.000000000000000000 ) ) ;
#642 = CARTESIAN_POINT ( 'NONE',  ( -0.9499999999999999556, -1.399999999999999911, 0.1500000059604640057 ) ) ;
#643 = STYLED_ITEM ( 'NONE', ( #497 ), #757 ) ;
#644 = COLOUR_RGB ( '',1.000000000000000000, 1.000000000000000000, 1.000000000000000000 ) ;
#645 = ORIENTED_EDGE ( 'NONE', *, *, #450, .F. ) ;
#646 = PRESENTATION_STYLE_ASSIGNMENT (( #1381 ) ) ;
#647 = PRESENTATION_LAYER_ASSIGNMENT (  '', '', ( #650 ) ) ;
#648 = VECTOR ( 'NONE', #391, 1000.000000000000000 ) ;
#649 = ORIENTED_EDGE ( 'NONE', *, *, #433, .F. ) ;
#650 = STYLED_ITEM ( 'NONE', ( #1362 ), #1506 ) ;
#651 = LINE ( 'NONE', #2333, #1650 ) ;
#652 = DIRECTION ( 'NONE',  ( 1.000000000000000000, 0.0000000000000000000, 0.0000000000000000000 ) ) ;
#653 = EDGE_LOOP ( 'NONE', ( #76, #579, #1101, #645 ) ) ;
#654 = CIRCLE ( 'NONE', #542, 0.04999999403953550581 ) ;
#655 = FILL_AREA_STYLE ('',( #2156 ) ) ;
#656 = DIRECTION ( 'NONE',  ( -0.0000000000000000000, 1.000000000000000000, -0.0000000000000000000 ) ) ;
#657 = VECTOR ( 'NONE', #832, 1000.000000000000000 ) ;
#658 = CARTESIAN_POINT ( 'NONE',  ( 1.550000000000000266, -0.3500000000000000333, 0.9000000000000001332 ) ) ;
#659 = FILL_AREA_STYLE ('',( #2318 ) ) ;
#660 = EDGE_CURVE ( 'NONE', #2009, #1212, #190, .T. ) ;
#661 = CARTESIAN_POINT ( 'NONE',  ( 1.550000000000000266, 0.3500000000000000333, 5.556536133988210224E-16 ) ) ;
#662 = ORIENTED_EDGE ( 'NONE', *, *, #1165, .T. ) ;
#663 = CARTESIAN_POINT ( 'NONE',  ( -0.9499999999999999556, -1.100000000000000089, 0.0000000000000000000 ) ) ;
#664 = ORIENTED_EDGE ( 'NONE', *, *, #250, .F. ) ;
#665 = EDGE_CURVE ( 'NONE', #168, #1320, #1674, .T. ) ;
#666 = ORIENTED_EDGE ( 'NONE', *, *, #1795, .T. ) ;
#667 = CARTESIAN_POINT ( 'NONE',  ( 0.0000000000000000000, -1.399999999999999911, 1.699999999999999956 ) ) ;
#668 = ORIENTED_EDGE ( 'NONE', *, *, #1666, .T. ) ;
#669 = CARTESIAN_POINT ( 'NONE',  ( -1.550000000000000266, 1.100000000000000089, 0.9000000000000001332 ) ) ;
#670 =( LENGTH_UNIT ( ) NAMED_UNIT ( * ) SI_UNIT ( .MILLI., .METRE. ) );
#671 = COLOUR_RGB ( '',1.000000000000000000, 1.000000000000000000, 1.000000000000000000 ) ;
#672 = VECTOR ( 'NONE', #2354, 1000.000000000000000 ) ;
#673 = DIRECTION ( 'NONE',  ( -0.0000000000000000000, 0.0000000000000000000, -1.000000000000000000 ) ) ;
#674 = ORIENTED_EDGE ( 'NONE', *, *, #264, .T. ) ;
#675 = CARTESIAN_POINT ( 'NONE',  ( -1.599999994039537965, 1.100000000000000089, 0.9000000000000001332 ) ) ;
#676 = LINE ( 'NONE', #1389, #1152 ) ;
#677 = DIRECTION ( 'NONE',  ( 1.807003620809169948E-16, 0.0000000000000000000, -1.000000000000000000 ) ) ;
#678 = ORIENTED_EDGE ( 'NONE', *, *, #955, .F. ) ;
#679 = PLANE ( 'NONE',  #1660 ) ;
#680 = ADVANCED_FACE ( 'NONE', ( #1663 ), #1484, .F. ) ;
#681 = PRESENTATION_LAYER_ASSIGNMENT (  '', '', ( #2155 ) ) ;
#682 = ORIENTED_EDGE ( 'NONE', *, *, #1040, .F. ) ;
#683 = CARTESIAN_POINT ( 'NONE',  ( -1.750000000000000000, -1.100000000000000089, 0.2000000000000000111 ) ) ;
#684 = PLANE ( 'NONE',  #2010 ) ;
#685 = ORIENTED_EDGE ( 'NONE', *, *, #1734, .T. ) ;
#686 = EDGE_CURVE ( 'NONE', #2126, #166, #526, .T. ) ;
#687 = SURFACE_STYLE_FILL_AREA ( #1603 ) ;
#688 = PRESENTATION_LAYER_ASSIGNMENT (  '', '', ( #2214 ) ) ;
#689 = COLOUR_RGB ( '',0.0000000000000000000, 0.0000000000000000000, 0.0000000000000000000 ) ;
#690 = CARTESIAN_POINT ( 'NONE',  ( -1.550000000000000266, -1.100000000000000089, 0.9000000000000001332 ) ) ;
#691 = MECHANICAL_DESIGN_GEOMETRIC_PRESENTATION_REPRESENTATION (  '', ( #2403 ), #1030 ) ;
#692 = ORIENTED_EDGE ( 'NONE', *, *, #1537, .F. ) ;
#693 = AXIS2_PLACEMENT_3D ( 'NONE', #2353, #1096, #887 ) ;
#694 = ORIENTED_EDGE ( 'NONE', *, *, #77, .F. ) ;
#695 = CARTESIAN_POINT ( 'NONE',  ( 1.598095863356491675, -1.399999999999999911, 0.9136670162049919108 ) ) ;
#696 = ADVANCED_FACE ( 'NONE', ( #1633 ), #2019, .T. ) ;
#697 = ORIENTED_EDGE ( 'NONE', *, *, #1988, .T. ) ;
#698 =( NAMED_UNIT ( * ) PLANE_ANGLE_UNIT ( ) SI_UNIT ( $, .RADIAN. ) );
#699 = EDGE_CURVE ( 'NONE', #166, #993, #1496, .T. ) ;
#700 = ORIENTED_EDGE ( 'NONE', *, *, #2341, .F. ) ;
#701 = DIRECTION ( 'NONE',  ( 0.0000000000000000000, 0.0000000000000000000, 1.000000000000000000 ) ) ;
#702 = EDGE_CURVE ( 'NONE', #2103, #1568, #2252, .T. ) ;
#703 =( NAMED_UNIT ( * ) PLANE_ANGLE_UNIT ( ) SI_UNIT ( $, .RADIAN. ) );
#704 = DIRECTION ( 'NONE',  ( -1.000000000000000000, 0.0000000000000000000, -1.807003620809174139E-16 ) ) ;
#705 =( NAMED_UNIT ( * ) SI_UNIT ( $, .STERADIAN. ) SOLID_ANGLE_UNIT ( ) );
#706 = VERTEX_POINT ( 'NONE', #1696 ) ;
#707 = VERTEX_POINT ( 'NONE', #1353 ) ;
#708 =( NAMED_UNIT ( * ) PLANE_ANGLE_UNIT ( ) SI_UNIT ( $, .RADIAN. ) );
#709 = ORIENTED_EDGE ( 'NONE', *, *, #1879, .F. ) ;
#710 = CARTESIAN_POINT ( 'NONE',  ( -1.599999994039540185, 0.3500000000000000333, 1.093649168849357700 ) ) ;
#711 =( NAMED_UNIT ( * ) PLANE_ANGLE_UNIT ( ) SI_UNIT ( $, .RADIAN. ) );
#712 = LINE ( 'NONE', #1079, #1105 ) ;
#713 = FILL_AREA_STYLE ('',( #756 ) ) ;
#714 = VECTOR ( 'NONE', #1134, 1000.000000000000000 ) ;
#715 = CARTESIAN_POINT ( 'NONE',  ( 1.750000000000000000, -1.100000000000000089, 0.9000000000000001332 ) ) ;
#716 = ORIENTED_EDGE ( 'NONE', *, *, #1037, .T. ) ;
#717 = VECTOR ( 'NONE', #1902, 1000.000000000000000 ) ;
#718 = VERTEX_POINT ( 'NONE', #1325 ) ;
#719 = SURFACE_SIDE_STYLE ('',( #1073 ) ) ;
#720 = FILL_AREA_STYLE ('',( #1250 ) ) ;
#721 = AXIS2_PLACEMENT_3D ( 'NONE', #1444, #1629, #563 ) ;
#722 =( GEOMETRIC_REPRESENTATION_CONTEXT ( 3 ) GLOBAL_UNCERTAINTY_ASSIGNED_CONTEXT ( ( #1167 ) ) GLOBAL_UNIT_ASSIGNED_CONTEXT ( ( #1711, #197, #206 ) ) REPRESENTATION_CONTEXT ( 'NONE', 'WORKASPACE' ) );
#723 = LINE ( 'NONE', #552, #792 ) ;
#724 = VECTOR ( 'NONE', #1769, 1000.000000000000000 ) ;
#725 = LINE ( 'NONE', #2408, #840 ) ;
#726 = VERTEX_POINT ( 'NONE', #52 ) ;
#727 = ADVANCED_FACE ( 'NONE', ( #37 ), #608, .F. ) ;
#728 = LINE ( 'NONE', #1296, #240 ) ;
#729 = ORIENTED_EDGE ( 'NONE', *, *, #393, .F. ) ;
#730 = ADVANCED_FACE ( 'NONE', ( #978 ), #1707, .F. ) ;
#731 = FILL_AREA_STYLE_COLOUR ( '', #386 ) ;
#732 = PRODUCT_DEFINITION_CONTEXT ( 'detailed design', #262, 'design' ) ;
#733 = ORIENTED_EDGE ( 'NONE', *, *, #2308, .T. ) ;
#734 =( LENGTH_UNIT ( ) NAMED_UNIT ( * ) SI_UNIT ( .MILLI., .METRE. ) );
#735 = CARTESIAN_POINT ( 'NONE',  ( -0.8750000029802319501, 1.399999999999999911, 0.1500000059604640057 ) ) ;
#736 = CARTESIAN_POINT ( 'NONE',  ( -1.550000000000000266, -1.100000000000000089, 0.0000000000000000000 ) ) ;
#737 =( NAMED_UNIT ( * ) SI_UNIT ( $, .STERADIAN. ) SOLID_ANGLE_UNIT ( ) );
#738 = ORIENTED_EDGE ( 'NONE', *, *, #1804, .F. ) ;
#739 = SURFACE_STYLE_FILL_AREA ( #2197 ) ;
#740 = DIRECTION ( 'NONE',  ( -0.0000000000000000000, -1.000000000000000000, -0.0000000000000000000 ) ) ;
#741 = ORIENTED_EDGE ( 'NONE', *, *, #1403, .F. ) ;
#742 = EDGE_CURVE ( 'NONE', #1985, #1426, #780, .T. ) ;
#743 = EDGE_LOOP ( 'NONE', ( #2277, #470, #2059, #238 ) ) ;
#744 = LINE ( 'NONE', #1304, #1491 ) ;
#745 = FILL_AREA_STYLE ('',( #2033 ) ) ;
#746 = CARTESIAN_POINT ( 'NONE',  ( 0.9499999999999999556, -1.100000000000000089, 0.0000000000000000000 ) ) ;
#747 = AXIS2_PLACEMENT_3D ( 'NONE', #322, #1584, #1244 ) ;
#748 = DIRECTION ( 'NONE',  ( -2.168404344971008868E-15, 0.0000000000000000000, -1.000000000000000000 ) ) ;
#749 = VERTEX_POINT ( 'NONE', #968 ) ;
#750 = PRESENTATION_LAYER_ASSIGNMENT (  '', '', ( #208 ) ) ;
#751 = ORIENTED_EDGE ( 'NONE', *, *, #393, .T. ) ;
#752 = SURFACE_SIDE_STYLE ('',( #2429 ) ) ;
#753 = CARTESIAN_POINT ( 'NONE',  ( 1.558066276662146032, 1.099999999982431920, 0.1503015622627205672 ) ) ;
#754 = ADVANCED_FACE ( 'NONE', ( #1531 ), #2098, .T. ) ;
#755 = LINE ( 'NONE', #390, #2392 ) ;
#756 = FILL_AREA_STYLE_COLOUR ( '', #1186 ) ;
#757 = ADVANCED_FACE ( 'NONE', ( #484 ), #1938, .F. ) ;
#758 = DIRECTION ( 'NONE',  ( 0.0000000000000000000, -0.0000000000000000000, 1.000000000000000000 ) ) ;
#759 = VECTOR ( 'NONE', #282, 1000.000000000000000 ) ;
#760 =( GEOMETRIC_REPRESENTATION_CONTEXT ( 3 ) GLOBAL_UNCERTAINTY_ASSIGNED_CONTEXT ( ( #69 ) ) GLOBAL_UNIT_ASSIGNED_CONTEXT ( ( #1374, #1903, #1547 ) ) REPRESENTATION_CONTEXT ( 'NONE', 'WORKASPACE' ) );
#761 = DIRECTION ( 'NONE',  ( 0.0000000000000000000, 0.0000000000000000000, 1.000000000000000000 ) ) ;
#762 = EDGE_LOOP ( 'NONE', ( #662, #508, #1910, #809 ) ) ;
#763 = ORIENTED_EDGE ( 'NONE', *, *, #2235, .T. ) ;
#764 = CARTESIAN_POINT ( 'NONE',  ( -0.9499999999999999556, -1.100000000000000089, 0.1500000059604640057 ) ) ;
#765 = CARTESIAN_POINT ( 'NONE',  ( 1.558073771237850069, -1.399999999999999911, 0.1500000059604650049 ) ) ;
#766 = VECTOR ( 'NONE', #2239, 1000.000000000000000 ) ;
#767 = PLANE ( 'NONE',  #1337 ) ;
#768 = DIRECTION ( 'NONE',  ( -9.020580997374039408E-48, 4.333342407157209877E-32, 1.000000000000000000 ) ) ;
#769 = EDGE_CURVE ( 'NONE', #2304, #230, #114, .T. ) ;
#770 = EDGE_CURVE ( 'NONE', #1941, #1646, #1240, .T. ) ;
#771 = CARTESIAN_POINT ( 'NONE',  ( 1.599999994039540185, -1.399999999999999911, 0.9499999940395360554 ) ) ;
#772 = DIRECTION ( 'NONE',  ( 0.0000000000000000000, 1.000000000000000000, 0.0000000000000000000 ) ) ;
#773 = ORIENTED_EDGE ( 'NONE', *, *, #233, .F. ) ;
#774 = ORIENTED_EDGE ( 'NONE', *, *, #2120, .T. ) ;
#775 = CARTESIAN_POINT ( 'NONE',  ( 1.598095863356491675, -0.3500000000000000333, 0.9136670162049883581 ) ) ;
#776 = FACE_OUTER_BOUND ( 'NONE', #237, .T. ) ;
#777 = CARTESIAN_POINT ( 'NONE',  ( -0.9499999999999998446, -0.3500000000000000333, -9.035018104045866688E-18 ) ) ;
#778 =( LENGTH_UNIT ( ) NAMED_UNIT ( * ) SI_UNIT ( .MILLI., .METRE. ) );
#779 =( LENGTH_UNIT ( ) NAMED_UNIT ( * ) SI_UNIT ( .MILLI., .METRE. ) );
#780 = LINE ( 'NONE', #623, #717 ) ;
#781 = DIRECTION ( 'NONE',  ( -1.000000000000000000, 0.0000000000000000000, 0.0000000000000000000 ) ) ;
#782 = CARTESIAN_POINT ( 'NONE',  ( -0.9499999999999999556, -1.399999999999999911, 0.1500000059604640057 ) ) ;
#783 = VERTEX_POINT ( 'NONE', #274 ) ;
#784 = MECHANICAL_DESIGN_GEOMETRIC_PRESENTATION_REPRESENTATION (  '', ( #32 ), #2386 ) ;
#785 = ORIENTED_EDGE ( 'NONE', *, *, #329, .F. ) ;
#786 = DIRECTION ( 'NONE',  ( 0.0000000000000000000, 1.000000000000000000, 0.0000000000000000000 ) ) ;
#787 = DIRECTION ( 'NONE',  ( 0.0000000000000000000, 1.000000000000000000, 0.0000000000000000000 ) ) ;
#788 = ORIENTED_EDGE ( 'NONE', *, *, #969, .F. ) ;
#789 = FACE_OUTER_BOUND ( 'NONE', #1415, .T. ) ;
#790 = DIRECTION ( 'NONE',  ( 0.0000000000000000000, -1.000000000000000000, 4.333342407157209877E-32 ) ) ;
#791 = DIRECTION ( 'NONE',  ( 0.0000000000000000000, -0.0000000000000000000, 1.000000000000000000 ) ) ;
#792 = VECTOR ( 'NONE', #1823, 1000.000000000000000 ) ;
#793 = FACE_OUTER_BOUND ( 'NONE', #1628, .T. ) ;
#794 = EDGE_LOOP ( 'NONE', ( #1749, #103, #546, #907 ) ) ;
#795 = CIRCLE ( 'NONE', #2158, 0.2000000000000000111 ) ;
#796 = EDGE_CURVE ( 'NONE', #518, #960, #1003, .T. ) ;
#797 = VERTEX_POINT ( 'NONE', #2310 ) ;
#798 =( NAMED_UNIT ( * ) SI_UNIT ( $, .STERADIAN. ) SOLID_ANGLE_UNIT ( ) );
#799 = MECHANICAL_DESIGN_GEOMETRIC_PRESENTATION_REPRESENTATION (  '', ( #344 ), #2360 ) ;
#800 = ORIENTED_EDGE ( 'NONE', *, *, #1864, .T. ) ;
#801 = DIRECTION ( 'NONE',  ( -1.734723682771986423E-14, 0.0000000000000000000, 1.000000000000000000 ) ) ;
#802 = SURFACE_STYLE_USAGE ( .BOTH. , #1871 ) ;
#803 = VERTEX_POINT ( 'NONE', #91 ) ;
#804 = AXIS2_PLACEMENT_3D ( 'NONE', #1081, #378, #2215 ) ;
#805 =( NAMED_UNIT ( * ) SI_UNIT ( $, .STERADIAN. ) SOLID_ANGLE_UNIT ( ) );
#806 = ORIENTED_EDGE ( 'NONE', *, *, #480, .T. ) ;
#807 = LINE ( 'NONE', #26, #212 ) ;
#808 = CARTESIAN_POINT ( 'NONE',  ( -1.558073771237850069, -1.399999999999999911, 0.1500000059604640612 ) ) ;
#809 = ORIENTED_EDGE ( 'NONE', *, *, #1616, .T. ) ;
#810 = ORIENTED_EDGE ( 'NONE', *, *, #2286, .F. ) ;
#811 = FACE_OUTER_BOUND ( 'NONE', #1373, .T. ) ;
#812 = ADVANCED_FACE ( 'NONE', ( #1215 ), #1788, .F. ) ;
#813 = EDGE_LOOP ( 'NONE', ( #350, #20, #1923, #1867 ) ) ;
#814 = LINE ( 'NONE', #1200, #1884 ) ;
#815 = FILL_AREA_STYLE_COLOUR ( '', #1497 ) ;
#816 = CARTESIAN_POINT ( 'NONE',  ( 0.8000000000000000444, -1.399999999999999911, 0.07500000298023250245 ) ) ;
#817 = SURFACE_SIDE_STYLE ('',( #1532 ) ) ;
#818 = CARTESIAN_POINT ( 'NONE',  ( 0.0000000000000000000, -1.100000000000000089, 0.0000000000000000000 ) ) ;
#819 = LINE ( 'NONE', #1416, #261 ) ;
#820 = FACE_OUTER_BOUND ( 'NONE', #626, .T. ) ;
#821 = EDGE_CURVE ( 'NONE', #1126, #2363, #910, .T. ) ;
#822 = DIRECTION ( 'NONE',  ( 0.05233595624294398729, -0.0000000000000000000, -0.9986295347545739443 ) ) ;
#823 = VERTEX_POINT ( 'NONE', #1107 ) ;
#824 = PRODUCT_CONTEXT ( 'NONE', #437, 'mechanical' ) ;
#825 = PRESENTATION_STYLE_ASSIGNMENT (( #1407 ) ) ;
#826 = EDGE_CURVE ( 'NONE', #1918, #2262, #2237, .T. ) ;
#827 = VERTEX_POINT ( 'NONE', #2052 ) ;
#828 = DIRECTION ( 'NONE',  ( 0.0000000000000000000, -1.000000000000000000, 0.0000000000000000000 ) ) ;
#829 = DIRECTION ( 'NONE',  ( -1.734723682771986423E-14, 0.0000000000000000000, 1.000000000000000000 ) ) ;
#830 = ORIENTED_EDGE ( 'NONE', *, *, #2316, .F. ) ;
#831 = VECTOR ( 'NONE', #606, 1000.000000000000000 ) ;
#832 = DIRECTION ( 'NONE',  ( -0.0000000000000000000, 0.0000000000000000000, -1.000000000000000000 ) ) ;
#833 = CIRCLE ( 'NONE', #2082, 0.04999999403953550581 ) ;
#834 = MECHANICAL_DESIGN_GEOMETRIC_PRESENTATION_REPRESENTATION (  '', ( #2214 ), #1464 ) ;
#835 = VERTEX_POINT ( 'NONE', #1851 ) ;
#836 = VECTOR ( 'NONE', #534, 1000.000000000000227 ) ;
#837 = DIRECTION ( 'NONE',  ( 0.0000000000000000000, -0.0000000000000000000, 1.000000000000000000 ) ) ;
#838 = EDGE_CURVE ( 'NONE', #567, #598, #1658, .T. ) ;
#839 = VECTOR ( 'NONE', #1154, 1000.000000000000000 ) ;
#840 = VECTOR ( 'NONE', #2227, 1000.000000000000000 ) ;
#841 = EDGE_CURVE ( 'NONE', #1274, #1935, #712, .T. ) ;
#842 = FILL_AREA_STYLE ('',( #2135 ) ) ;
#843 = CARTESIAN_POINT ( 'NONE',  ( 1.599999994039540185, -1.399999999999999911, 0.9499999940395360554 ) ) ;
#844 = ORIENTED_EDGE ( 'NONE', *, *, #436, .T. ) ;
#845 = FILL_AREA_STYLE_COLOUR ( '', #619 ) ;
#846 = ORIENTED_EDGE ( 'NONE', *, *, #2309, .T. ) ;
#847 = DIRECTION ( 'NONE',  ( -0.0000000000000000000, -1.000000000000000000, -0.0000000000000000000 ) ) ;
#848 = DIRECTION ( 'NONE',  ( 0.0000000000000000000, -1.000000000000000000, 0.0000000000000000000 ) ) ;
#849 = VERTEX_POINT ( 'NONE', #736 ) ;
#850 =( LENGTH_UNIT ( ) NAMED_UNIT ( * ) SI_UNIT ( .MILLI., .METRE. ) );
#851 = LINE ( 'NONE', #2157, #1637 ) ;
#852 = DIRECTION ( 'NONE',  ( 0.0000000000000000000, 1.000000000000000000, 0.0000000000000000000 ) ) ;
#853 = UNCERTAINTY_MEASURE_WITH_UNIT (LENGTH_MEASURE( 1.000000000000000082E-05 ), #1565, 'distance_accuracy_value', 'NONE');
#854 = PRESENTATION_STYLE_ASSIGNMENT (( #1607 ) ) ;
#855 = ADVANCED_FACE ( 'NONE', ( #1460 ), #572, .T. ) ;
#856 = ORIENTED_EDGE ( 'NONE', *, *, #1037, .F. ) ;
#857 = EDGE_CURVE ( 'NONE', #1646, #1344, #1412, .T. ) ;
#858 = ORIENTED_EDGE ( 'NONE', *, *, #869, .T. ) ;
#859 = CARTESIAN_POINT ( 'NONE',  ( 2.081055199624879837, -0.1530418207699290323, 1.699999999999999956 ) ) ;
#860 =( NAMED_UNIT ( * ) SI_UNIT ( $, .STERADIAN. ) SOLID_ANGLE_UNIT ( ) );
#861 = STYLED_ITEM ( 'NONE', ( #1257 ), #696 ) ;
#862 = FACE_OUTER_BOUND ( 'NONE', #794, .T. ) ;
#863 = LINE ( 'NONE', #486, #1571 ) ;
#864 = ORIENTED_EDGE ( 'NONE', *, *, #614, .F. ) ;
#865 = EDGE_CURVE ( 'NONE', #1332, #86, #744, .T. ) ;
#866 = LINE ( 'NONE', #1610, #1365 ) ;
#867 = ORIENTED_EDGE ( 'NONE', *, *, #298, .T. ) ;
#868 = VECTOR ( 'NONE', #80, 1000.000000000000000 ) ;
#869 = EDGE_CURVE ( 'NONE', #2210, #783, #1480, .T. ) ;
#870 = ORIENTED_EDGE ( 'NONE', *, *, #742, .F. ) ;
#871 = VECTOR ( 'NONE', #1226, 1000.000000000000000 ) ;
#872 = ORIENTED_EDGE ( 'NONE', *, *, #1000, .F. ) ;
#873 = AXIS2_PLACEMENT_3D ( 'NONE', #771, #1326, #416 ) ;
#874 = DIRECTION ( 'NONE',  ( -0.0000000000000000000, 0.0000000000000000000, -1.000000000000000000 ) ) ;
#875 =( GEOMETRIC_REPRESENTATION_CONTEXT ( 3 ) GLOBAL_UNCERTAINTY_ASSIGNED_CONTEXT ( ( #93 ) ) GLOBAL_UNIT_ASSIGNED_CONTEXT ( ( #1912, #219, #447 ) ) REPRESENTATION_CONTEXT ( 'NONE', 'WORKASPACE' ) );
#876 = VECTOR ( 'NONE', #229, 1000.000000000000000 ) ;
#877 = FACE_OUTER_BOUND ( 'NONE', #1971, .T. ) ;
#878 = ORIENTED_EDGE ( 'NONE', *, *, #2246, .F. ) ;
#879 =( NAMED_UNIT ( * ) SI_UNIT ( $, .STERADIAN. ) SOLID_ANGLE_UNIT ( ) );
#880 = VECTOR ( 'NONE', #1544, 1000.000000000000000 ) ;
#881 = ORIENTED_EDGE ( 'NONE', *, *, #686, .F. ) ;
#882 = CYLINDRICAL_SURFACE ( 'NONE', #2014, 0.1999999999999999833 ) ;
#883 = EDGE_LOOP ( 'NONE', ( #1968, #864, #2424, #1116 ) ) ;
#884 = CARTESIAN_POINT ( 'NONE',  ( 1.749999999999999778, -0.3500000000000000333, 0.9000000000000005773 ) ) ;
#885 = EDGE_CURVE ( 'NONE', #2243, #1312, #1800, .T. ) ;
#886 = CARTESIAN_POINT ( 'NONE',  ( -1.558073771237850069, -0.3500000000000000333, 0.1500000059604650049 ) ) ;
#887 = DIRECTION ( 'NONE',  ( 0.0000000000000000000, 0.0000000000000000000, 1.000000000000000000 ) ) ;
#888 = ORIENTED_EDGE ( 'NONE', *, *, #42, .T. ) ;
#889 = PRESENTATION_STYLE_ASSIGNMENT (( #2057 ) ) ;
#890 = DIRECTION ( 'NONE',  ( -0.0000000000000000000, 1.000000000000000000, -4.333342407157209877E-32 ) ) ;
#891 = ORIENTED_EDGE ( 'NONE', *, *, #72, .F. ) ;
#892 = FACE_OUTER_BOUND ( 'NONE', #612, .T. ) ;
#893 = DIRECTION ( 'NONE',  ( 0.0000000000000000000, -0.0000000000000000000, -1.000000000000000000 ) ) ;
#894 = ADVANCED_FACE ( 'NONE', ( #2391 ), #519, .T. ) ;
#895 = FILL_AREA_STYLE_COLOUR ( '', #1519 ) ;
#896 = DIRECTION ( 'NONE',  ( 0.0000000000000000000, 1.000000000000000000, 0.0000000000000000000 ) ) ;
#897 = EDGE_CURVE ( 'NONE', #1787, #1918, #2212, .T. ) ;
#898 = DIRECTION ( 'NONE',  ( 0.0000000000000000000, 0.0000000000000000000, 1.000000000000000000 ) ) ;
#899 = DIRECTION ( 'NONE',  ( -0.7071067811865475727, 0.7071067811865475727, 0.0000000000000000000 ) ) ;
#900 = ORIENTED_EDGE ( 'NONE', *, *, #2026, .F. ) ;
#901 = VECTOR ( 'NONE', #1684, 1000.000000000000000 ) ;
#902 = CARTESIAN_POINT ( 'NONE',  ( 0.0000000000000000000, -1.100000000000000089, 0.0000000000000000000 ) ) ;
#903 = EDGE_LOOP ( 'NONE', ( #1881, #763, #846, #1394 ) ) ;
#904 = PLANE ( 'NONE',  #389 ) ;
#905 = FACE_OUTER_BOUND ( 'NONE', #762, .T. ) ;
#906 = CARTESIAN_POINT ( 'NONE',  ( -1.550000000000000266, -1.100000000000000089, 0.2000000000000000111 ) ) ;
#907 = ORIENTED_EDGE ( 'NONE', *, *, #1878, .F. ) ;
#908 = AXIS2_PLACEMENT_3D ( 'NONE', #941, #242, #801 ) ;
#909 = AXIS2_PLACEMENT_3D ( 'NONE', #348, #506, #1075 ) ;
#910 = LINE ( 'NONE', #2178, #2348 ) ;
#911 =( NAMED_UNIT ( * ) PLANE_ANGLE_UNIT ( ) SI_UNIT ( $, .RADIAN. ) );
#912 = ORIENTED_EDGE ( 'NONE', *, *, #2250, .T. ) ;
#913 = VECTOR ( 'NONE', #593, 1000.000000000000000 ) ;
#914 = EDGE_CURVE ( 'NONE', #1068, #1833, #723, .T. ) ;
#915 = AXIS2_PLACEMENT_3D ( 'NONE', #1954, #2149, #1934 ) ;
#916 = DIRECTION ( 'NONE',  ( 0.0000000000000000000, -0.0000000000000000000, 1.000000000000000000 ) ) ;
#917 = ORIENTED_EDGE ( 'NONE', *, *, #1028, .T. ) ;
#918 = VECTOR ( 'NONE', #2317, 1000.000000000000000 ) ;
#919 = UNCERTAINTY_MEASURE_WITH_UNIT (LENGTH_MEASURE( 1.000000000000000082E-05 ), #2065, 'distance_accuracy_value', 'NONE');
#920 = LINE ( 'NONE', #1062, #1456 ) ;
#921 = DIRECTION ( 'NONE',  ( 0.0000000000000000000, -1.000000000000000000, 0.0000000000000000000 ) ) ;
#922 = DIRECTION ( 'NONE',  ( 0.0000000000000000000, -0.0000000000000000000, -1.000000000000000000 ) ) ;
#923 = DIRECTION ( 'NONE',  ( -0.0000000000000000000, 1.000000000000000000, -0.0000000000000000000 ) ) ;
#924 = FILL_AREA_STYLE ('',( #2409 ) ) ;
#925 = VERTEX_POINT ( 'NONE', #1282 ) ;
#926 =( LENGTH_UNIT ( ) NAMED_UNIT ( * ) SI_UNIT ( .MILLI., .METRE. ) );
#927 = DIRECTION ( 'NONE',  ( -1.000000000000000000, -0.0000000000000000000, -0.0000000000000000000 ) ) ;
#928 = VERTEX_POINT ( 'NONE', #2031 ) ;
#929 = ADVANCED_FACE ( 'NONE', ( #362 ), #1837, .T. ) ;
#930 = ORIENTED_EDGE ( 'NONE', *, *, #2273, .F. ) ;
#931 = DIRECTION ( 'NONE',  ( -3.172065784643309895E-16, 0.0000000000000000000, 1.000000000000000000 ) ) ;
#932 = LINE ( 'NONE', #2061, #1811 ) ;
#933 = DIRECTION ( 'NONE',  ( -5.463025590873370530E-32, 1.000000000000000000, 0.0000000000000000000 ) ) ;
#934 = CARTESIAN_POINT ( 'NONE',  ( 0.7999999999999999334, 1.399999999999999911, 0.07500000298023261347 ) ) ;
#935 = ORIENTED_EDGE ( 'NONE', *, *, #1446, .F. ) ;
#936 = STYLED_ITEM ( 'NONE', ( #1508 ), #727 ) ;
#937 = EDGE_CURVE ( 'NONE', #1702, #380, #755, .T. ) ;
#938 = ORIENTED_EDGE ( 'NONE', *, *, #1913, .T. ) ;
#939 = CARTESIAN_POINT ( 'NONE',  ( 1.599999994039540185, -1.100000000000000089, 0.2000000000000010103 ) ) ;
#940 = EDGE_CURVE ( 'NONE', #1068, #718, #231, .T. ) ;
#941 = CARTESIAN_POINT ( 'NONE',  ( 1.550000000000000266, -1.100000000000000089, 0.9000000000000001332 ) ) ;
#942 = VECTOR ( 'NONE', #2062, 1000.000000000000000 ) ;
#943 = CARTESIAN_POINT ( 'NONE',  ( 0.9499999999999999556, -1.100000000000000089, 3.490243377569960005E-16 ) ) ;
#944 = PRESENTATION_LAYER_ASSIGNMENT (  '', '', ( #2005 ) ) ;
#945 = LINE ( 'NONE', #586, #880 ) ;
#946 = DIRECTION ( 'NONE',  ( 0.0000000000000000000, 1.000000000000000000, 0.0000000000000000000 ) ) ;
#947 = CARTESIAN_POINT ( 'NONE',  ( 1.599999994039540185, -1.399999999999999911, 1.699999999999999956 ) ) ;
#948 = PRODUCT_DEFINITION_FORMATION_WITH_SPECIFIED_SOURCE ( 'ANY', '', #2173, .NOT_KNOWN. ) ;
#949 = STYLED_ITEM ( 'NONE', ( #1591 ), #1718 ) ;
#950 = ORIENTED_EDGE ( 'NONE', *, *, #23, .F. ) ;
#951 = STYLED_ITEM ( 'NONE', ( #1693 ), #1694 ) ;
#952 = AXIS2_PLACEMENT_3D ( 'NONE', #1171, #999, #62 ) ;
#953 = ORIENTED_EDGE ( 'NONE', *, *, #2203, .F. ) ;
#954 = CARTESIAN_POINT ( 'NONE',  ( -1.550000000000000266, -1.100000000000000089, 0.2000000000000000111 ) ) ;
#955 = EDGE_CURVE ( 'NONE', #2359, #168, #620, .T. ) ;
#956 = CARTESIAN_POINT ( 'NONE',  ( -0.9499999999999998446, -0.3499999999999999778, 0.0000000000000000000 ) ) ;
#957 = SURFACE_STYLE_FILL_AREA ( #223 ) ;
#958 = CARTESIAN_POINT ( 'NONE',  ( 3.918314502740940479E-32, 0.0000000000000000000, 1.849999999999999867 ) ) ;
#959 = ORIENTED_EDGE ( 'NONE', *, *, #1136, .F. ) ;
#960 = VERTEX_POINT ( 'NONE', #209 ) ;
#961 = PRESENTATION_STYLE_ASSIGNMENT (( #1478 ) ) ;
#962 = CARTESIAN_POINT ( 'NONE',  ( 1.599999994039535745, -1.100000000000000089, 0.2000000000000010103 ) ) ;
#963 = EDGE_LOOP ( 'NONE', ( #692, #1865, #1473, #2332 ) ) ;
#964 = CARTESIAN_POINT ( 'NONE',  ( 1.550000000000000266, -0.3500000000000000333, 4.607859233063393845E-16 ) ) ;
#965 = LINE ( 'NONE', #1317, #1927 ) ;
#966 = ADVANCED_FACE ( 'NONE', ( #789 ), #1681, .T. ) ;
#967 = LINE ( 'NONE', #1706, #648 ) ;
#968 = CARTESIAN_POINT ( 'NONE',  ( -1.599999994039540185, -1.399999999999999911, 1.899999999999999911 ) ) ;
#969 = EDGE_CURVE ( 'NONE', #203, #1204, #1870, .T. ) ;
#970 = ORIENTED_EDGE ( 'NONE', *, *, #2286, .T. ) ;
#971 = AXIS2_PLACEMENT_3D ( 'NONE', #902, #2201, #1648 ) ;
#972 =( GEOMETRIC_REPRESENTATION_CONTEXT ( 3 ) GLOBAL_UNCERTAINTY_ASSIGNED_CONTEXT ( ( #1388 ) ) GLOBAL_UNIT_ASSIGNED_CONTEXT ( ( #1435, #175, #737 ) ) REPRESENTATION_CONTEXT ( 'NONE', 'WORKASPACE' ) );
#973 = DIRECTION ( 'NONE',  ( -1.000000000000000000, 0.0000000000000000000, -3.172065784643309895E-16 ) ) ;
#974 = ORIENTED_EDGE ( 'NONE', *, *, #1013, .T. ) ;
#975 = CARTESIAN_POINT ( 'NONE',  ( 1.599999994039540185, -1.399999999999999911, 0.9499999940395360554 ) ) ;
#976 = SURFACE_STYLE_USAGE ( .BOTH. , #2193 ) ;
#977 = DIRECTION ( 'NONE',  ( -5.463025590873370530E-32, 1.000000000000000000, 0.0000000000000000000 ) ) ;
#978 = FACE_OUTER_BOUND ( 'NONE', #2289, .T. ) ;
#979 = ORIENTED_EDGE ( 'NONE', *, *, #1114, .F. ) ;
#980 = DIRECTION ( 'NONE',  ( -1.000000000000000000, 0.0000000000000000000, -4.469668518390110003E-16 ) ) ;
#981 = VECTOR ( 'NONE', #142, 1000.000000000000000 ) ;
#982 = FILL_AREA_STYLE ('',( #2269 ) ) ;
#983 = ORIENTED_EDGE ( 'NONE', *, *, #2431, .F. ) ;
#984 = AXIS2_PLACEMENT_3D ( 'NONE', #1955, #308, #446 ) ;
#985 = EDGE_CURVE ( 'NONE', #1939, #2359, #2083, .T. ) ;
#986 = PRESENTATION_LAYER_ASSIGNMENT (  '', '', ( #459 ) ) ;
#987 = VERTEX_POINT ( 'NONE', #12 ) ;
#988 = AXIS2_PLACEMENT_3D ( 'NONE', #1580, #1753, #79 ) ;
#989 = CARTESIAN_POINT ( 'NONE',  ( 1.599999994039540185, -1.100000000000000089, 0.2000000000000010103 ) ) ;
#990 = ORIENTED_EDGE ( 'NONE', *, *, #1537, .T. ) ;
#991 = DIRECTION ( 'NONE',  ( -0.0000000000000000000, -1.000000000000000000, 0.0000000000000000000 ) ) ;
#992 =( NAMED_UNIT ( * ) SI_UNIT ( $, .STERADIAN. ) SOLID_ANGLE_UNIT ( ) );
#993 = VERTEX_POINT ( 'NONE', #1164 ) ;
#994 = MECHANICAL_DESIGN_GEOMETRIC_PRESENTATION_REPRESENTATION (  '', ( #1070 ), #1231 ) ;
#995 = ORIENTED_EDGE ( 'NONE', *, *, #1109, .F. ) ;
#996 = DIRECTION ( 'NONE',  ( -0.0000000000000000000, 1.000000000000000000, -0.0000000000000000000 ) ) ;
#997 = LINE ( 'NONE', #1181, #1995 ) ;
#998 = FILL_AREA_STYLE ('',( #1933 ) ) ;
#999 = DIRECTION ( 'NONE',  ( 0.0000000000000000000, 1.000000000000000000, 0.0000000000000000000 ) ) ;
#1000 = EDGE_CURVE ( 'NONE', #1941, #1829, #1261, .T. ) ;
#1001 = LINE ( 'NONE', #256, #871 ) ;
#1002 = ORIENTED_EDGE ( 'NONE', *, *, #702, .F. ) ;
#1003 = LINE ( 'NONE', #816, #1018 ) ;
#1004 = ORIENTED_EDGE ( 'NONE', *, *, #90, .T. ) ;
#1005 = DIRECTION ( 'NONE',  ( -0.0000000000000000000, 1.000000000000000000, -0.0000000000000000000 ) ) ;
#1006 = LINE ( 'NONE', #488, #2362 ) ;
#1007 = ORIENTED_EDGE ( 'NONE', *, *, #347, .T. ) ;
#1008 = ORIENTED_EDGE ( 'NONE', *, *, #841, .T. ) ;
#1009 = CARTESIAN_POINT ( 'NONE',  ( 1.599999994039540185, 1.100000000000000089, 0.0000000000000000000 ) ) ;
#1010 = ADVANCED_FACE ( 'NONE', ( #1861 ), #767, .T. ) ;
#1011 = FACE_OUTER_BOUND ( 'NONE', #1199, .T. ) ;
#1012 = VECTOR ( 'NONE', #1097, 1000.000000000000000 ) ;
#1013 = EDGE_CURVE ( 'NONE', #1354, #361, #199, .T. ) ;
#1014 =( NAMED_UNIT ( * ) PLANE_ANGLE_UNIT ( ) SI_UNIT ( $, .RADIAN. ) );
#1015 = VERTEX_POINT ( 'NONE', #2288 ) ;
#1016 = UNCERTAINTY_MEASURE_WITH_UNIT (LENGTH_MEASURE( 1.000000000000000082E-05 ), #2327, 'distance_accuracy_value', 'NONE');
#1017 = CARTESIAN_POINT ( 'NONE',  ( -1.599999994039537965, -0.3500000000000000333, 0.2000000000000000111 ) ) ;
#1018 = VECTOR ( 'NONE', #285, 1000.000000000000000 ) ;
#1019 = VECTOR ( 'NONE', #1333, 1000.000000000000000 ) ;
#1020 = VERTEX_POINT ( 'NONE', #777 ) ;
#1021 = DIRECTION ( 'NONE',  ( 0.0000000000000000000, 0.0000000000000000000, 1.000000000000000000 ) ) ;
#1022 = LINE ( 'NONE', #73, #1310 ) ;
#1023 = EDGE_LOOP ( 'NONE', ( #1784, #1613, #1931, #729, #1654, #2202, #385, #974, #2128, #2153, #1247, #2373, #605, #226 ) ) ;
#1024 = VECTOR ( 'NONE', #652, 1000.000000000000000 ) ;
#1025 = DIRECTION ( 'NONE',  ( -1.000000000000000000, 0.0000000000000000000, -3.673940397442059868E-16 ) ) ;
#1026 = SURFACE_STYLE_USAGE ( .BOTH. , #1601 ) ;
#1027 = AXIS2_PLACEMENT_3D ( 'NONE', #1455, #2204, #357 ) ;
#1028 = EDGE_CURVE ( 'NONE', #925, #823, #2001, .T. ) ;
#1029 = ORIENTED_EDGE ( 'NONE', *, *, #1864, .F. ) ;
#1030 =( GEOMETRIC_REPRESENTATION_CONTEXT ( 3 ) GLOBAL_UNCERTAINTY_ASSIGNED_CONTEXT ( ( #1087 ) ) GLOBAL_UNIT_ASSIGNED_CONTEXT ( ( #1595, #107, #1195 ) ) REPRESENTATION_CONTEXT ( 'NONE', 'WORKASPACE' ) );
#1031 = SURFACE_STYLE_FILL_AREA ( #1789 ) ;
#1032 = VERTEX_POINT ( 'NONE', #1157 ) ;
#1033 = PLANE ( 'NONE',  #129 ) ;
#1034 = FILL_AREA_STYLE ('',( #1369 ) ) ;
#1035 = SURFACE_STYLE_USAGE ( .BOTH. , #1359 ) ;
#1036 = CARTESIAN_POINT ( 'NONE',  ( 1.750000000000000000, 0.3499999999999999778, 0.0000000000000000000 ) ) ;
#1037 = EDGE_CURVE ( 'NONE', #1151, #797, #48, .T. ) ;
#1038 = CYLINDRICAL_SURFACE ( 'NONE', #2127, 0.1999999999999999833 ) ;
#1039 =( NAMED_UNIT ( * ) SI_UNIT ( $, .STERADIAN. ) SOLID_ANGLE_UNIT ( ) );
#1040 = EDGE_CURVE ( 'NONE', #184, #1636, #1, .T. ) ;
#1041 = CARTESIAN_POINT ( 'NONE',  ( 1.750000000000000222, 0.3500000000000000333, 0.2000000000000010103 ) ) ;
#1042 = ORIENTED_EDGE ( 'NONE', *, *, #2296, .F. ) ;
#1043 = FACE_OUTER_BOUND ( 'NONE', #8, .T. ) ;
#1044 = VECTOR ( 'NONE', #2133, 1000.000000000000000 ) ;
#1045 = FACE_OUTER_BOUND ( 'NONE', #2402, .T. ) ;
#1046 = DIRECTION ( 'NONE',  ( -0.0000000000000000000, -1.000000000000000000, -0.0000000000000000000 ) ) ;
#1047 = ORIENTED_EDGE ( 'NONE', *, *, #770, .T. ) ;
#1048 = AXIS2_PLACEMENT_3D ( 'NONE', #2169, #1606, #465 ) ;
#1049 = PRESENTATION_LAYER_ASSIGNMENT (  '', '', ( #244 ) ) ;
#1050 = CARTESIAN_POINT ( 'NONE',  ( 1.558073771237850069, 1.399999999999999911, 0.1500000059604650049 ) ) ;
#1051 = DIRECTION ( 'NONE',  ( -1.000000000000000000, 0.0000000000000000000, 8.126670033436559944E-17 ) ) ;
#1052 = CARTESIAN_POINT ( 'NONE',  ( -0.9499999999999999556, -1.100000000000000089, 0.1500000059604640057 ) ) ;
#1053 = CARTESIAN_POINT ( 'NONE',  ( 1.599999994039540185, 0.3499999999999999778, 0.0000000000000000000 ) ) ;
#1054 = ORIENTED_EDGE ( 'NONE', *, *, #1227, .F. ) ;
#1055 = FACE_OUTER_BOUND ( 'NONE', #1587, .T. ) ;
#1056 = EDGE_CURVE ( 'NONE', #361, #2103, #1141, .T. ) ;
#1057 = ORIENTED_EDGE ( 'NONE', *, *, #2058, .T. ) ;
#1058 = VECTOR ( 'NONE', #1643, 1000.000000000000000 ) ;
#1059 = DIRECTION ( 'NONE',  ( -0.0000000000000000000, 0.0000000000000000000, -1.000000000000000000 ) ) ;
#1060 = AXIS2_PLACEMENT_3D ( 'NONE', #1726, #2256, #1492 ) ;
#1061 = ORIENTED_EDGE ( 'NONE', *, *, #596, .T. ) ;
#1062 = CARTESIAN_POINT ( 'NONE',  ( 1.558073771237850069, 0.3500000000000000333, 0.1500000059604650049 ) ) ;
#1063 = AXIS2_PLACEMENT_3D ( 'NONE', #533, #1457, #186 ) ;
#1064 = AXIS2_PLACEMENT_3D ( 'NONE', #1340, #781, #641 ) ;
#1065 = MECHANICAL_DESIGN_GEOMETRIC_PRESENTATION_REPRESENTATION (  '', ( #183 ), #875 ) ;
#1066 = CARTESIAN_POINT ( 'NONE',  ( -1.550000000000000266, -1.100000000000000089, 0.9000000000000001332 ) ) ;
#1067 = CARTESIAN_POINT ( 'NONE',  ( 1.599999994039540185, -1.399999999999999911, 1.093649168849359921 ) ) ;
#1068 = VERTEX_POINT ( 'NONE', #398 ) ;
#1069 = CARTESIAN_POINT ( 'NONE',  ( 1.599999994039540185, -1.399999999999999911, 1.899999999999999911 ) ) ;
#1070 = STYLED_ITEM ( 'NONE', ( #51 ), #2344 ) ;
#1071 = CARTESIAN_POINT ( 'NONE',  ( 1.558066242502942345, -0.3500000000000001443, 0.1503237632429339499 ) ) ;
#1072 = VERTEX_POINT ( 'NONE', #592 ) ;
#1073 = SURFACE_STYLE_FILL_AREA ( #515 ) ;
#1074 = EDGE_CURVE ( 'NONE', #1636, #2210, #1888, .T. ) ;
#1075 = DIRECTION ( 'NONE',  ( 0.0000000000000000000, 0.0000000000000000000, -1.000000000000000000 ) ) ;
#1076 = CARTESIAN_POINT ( 'NONE',  ( 0.9500000000000001776, -0.3500000000000000333, 3.490243377569958526E-16 ) ) ;
#1077 = ORIENTED_EDGE ( 'NONE', *, *, #1289, .T. ) ;
#1078 = EDGE_CURVE ( 'NONE', #380, #1068, #22, .T. ) ;
#1079 = CARTESIAN_POINT ( 'NONE',  ( -1.750000000000000000, -1.100000000000000089, 0.0000000000000000000 ) ) ;
#1080 = CARTESIAN_POINT ( 'NONE',  ( 0.9499999999999999556, 1.100000000000000089, 5.285543279490640892E-16 ) ) ;
#1081 = CARTESIAN_POINT ( 'NONE',  ( -1.550000000000000266, 0.3500000000000000333, 0.9000000000000001332 ) ) ;
#1082 = VERTEX_POINT ( 'NONE', #1898 ) ;
#1083 = DIRECTION ( 'NONE',  ( 0.0000000000000000000, -0.0000000000000000000, 1.000000000000000000 ) ) ;
#1084 = CARTESIAN_POINT ( 'NONE',  ( 1.550000000000000266, -1.100000000000000089, 0.9000000000000001332 ) ) ;
#1085 = ORIENTED_EDGE ( 'NONE', *, *, #2180, .F. ) ;
#1086 = CARTESIAN_POINT ( 'NONE',  ( -1.599999994039537965, -0.3500000000000000333, 0.9000000000000001332 ) ) ;
#1087 = UNCERTAINTY_MEASURE_WITH_UNIT (LENGTH_MEASURE( 1.000000000000000082E-05 ), #1595, 'distance_accuracy_value', 'NONE');
#1088 = EDGE_LOOP ( 'NONE', ( #1710, #858, #460, #773, #1297, #2007, #358, #1216, #1283, #2355, #2081, #1427 ) ) ;
#1089 = SURFACE_STYLE_FILL_AREA ( #720 ) ;
#1090 = DIRECTION ( 'NONE',  ( -0.7071067811865470176, 0.0000000000000000000, -0.7071067811865480168 ) ) ;
#1091 = VERTEX_POINT ( 'NONE', #964 ) ;
#1092 = DIRECTION ( 'NONE',  ( 1.006200134210479957E-31, -1.000000000000000000, -0.0000000000000000000 ) ) ;
#1093 = CARTESIAN_POINT ( 'NONE',  ( -0.9499999999999999556, 1.100000000000000089, 0.0000000000000000000 ) ) ;
#1094 = VECTOR ( 'NONE', #1051, 1000.000000000000000 ) ;
#1095 = VECTOR ( 'NONE', #236, 1000.000000000000000 ) ;
#1096 = DIRECTION ( 'NONE',  ( 0.0000000000000000000, 1.000000000000000000, 0.0000000000000000000 ) ) ;
#1097 = DIRECTION ( 'NONE',  ( -1.000000000000000000, 0.0000000000000000000, 8.126670033436559944E-17 ) ) ;
#1098 = ORIENTED_EDGE ( 'NONE', *, *, #1626, .T. ) ;
#1099 = DIRECTION ( 'NONE',  ( -0.05233595624294398729, 0.0000000000000000000, 0.9986295347545739443 ) ) ;
#1100 = LINE ( 'NONE', #1843, #1211 ) ;
#1101 = ORIENTED_EDGE ( 'NONE', *, *, #639, .F. ) ;
#1102 = EDGE_LOOP ( 'NONE', ( #1223, #1805, #1919, #1797, #2141, #950, #2229, #1982, #1458, #181, #530, #421, #316, #290, #1162, #1701 ) ) ;
#1103 = CARTESIAN_POINT ( 'NONE',  ( -1.550000000000000266, -0.3500000000000000333, 0.9000000000000001332 ) ) ;
#1104 = DIRECTION ( 'NONE',  ( 0.0000000000000000000, 0.0000000000000000000, 1.000000000000000000 ) ) ;
#1105 = VECTOR ( 'NONE', #2225, 1000.000000000000000 ) ;
#1106 = CIRCLE ( 'NONE', #909, 0.2000000000000000111 ) ;
#1107 = CARTESIAN_POINT ( 'NONE',  ( 1.199999999999999956, 1.469576158976823553E-16, 1.900000000000000355 ) ) ;
#1108 = VECTOR ( 'NONE', #791, 1000.000000000000000 ) ;
#1109 = EDGE_CURVE ( 'NONE', #30, #707, #651, .T. ) ;
#1110 = CARTESIAN_POINT ( 'NONE',  ( 1.750000000000000222, -1.100000000000000089, 0.2000000000000010103 ) ) ;
#1111 = CARTESIAN_POINT ( 'NONE',  ( -0.8750000029802319501, -1.399999999999999911, 0.1500000059604640057 ) ) ;
#1112 = VERTEX_POINT ( 'NONE', #1384 ) ;
#1113 = COLOUR_RGB ( '',1.000000000000000000, 0.7529411764705882248, 0.0000000000000000000 ) ;
#1114 = EDGE_CURVE ( 'NONE', #1962, #2190, #1405, .T. ) ;
#1115 = VECTOR ( 'NONE', #1539, 1000.000000000000000 ) ;
#1116 = ORIENTED_EDGE ( 'NONE', *, *, #63, .T. ) ;
#1117 = DIRECTION ( 'NONE',  ( 0.0000000000000000000, -1.000000000000000000, 0.0000000000000000000 ) ) ;
#1118 = LINE ( 'NONE', #521, #1341 ) ;
#1119 = DIRECTION ( 'NONE',  ( -9.020580997374039408E-48, 4.333342407157209877E-32, 1.000000000000000000 ) ) ;
#1120 = ADVANCED_FACE ( 'NONE', ( #820 ), #1033, .T. ) ;
#1121 = DIRECTION ( 'NONE',  ( 0.0000000000000000000, 1.000000000000000000, 0.0000000000000000000 ) ) ;
#1122 = CARTESIAN_POINT ( 'NONE',  ( 1.750000000000000000, -0.3500000000000000333, 0.2000000000000010103 ) ) ;
#1123 = DIRECTION ( 'NONE',  ( -1.000000000000000000, 0.0000000000000000000, 0.0000000000000000000 ) ) ;
#1124 = VERTEX_POINT ( 'NONE', #1393 ) ;
#1125 = ADVANCED_FACE ( 'NONE', ( #1600 ), #2129, .T. ) ;
#1126 = VERTEX_POINT ( 'NONE', #2139 ) ;
#1127 = DIRECTION ( 'NONE',  ( 0.0000000000000000000, 1.000000000000000000, 0.0000000000000000000 ) ) ;
#1128 = DIRECTION ( 'NONE',  ( 0.0000000000000000000, -0.0000000000000000000, 1.000000000000000000 ) ) ;
#1129 = FACE_BOUND ( 'NONE', #104, .T. ) ;
#1130 = DIRECTION ( 'NONE',  ( 1.807003620809169948E-16, 0.0000000000000000000, -1.000000000000000000 ) ) ;
#1131 = VECTOR ( 'NONE', #2311, 1000.000000000000000 ) ;
#1132 = CARTESIAN_POINT ( 'NONE',  ( 1.558073771237850069, -1.399999999999999911, 0.1500000059604650049 ) ) ;
#1133 = AXIS2_PLACEMENT_3D ( 'NONE', #1863, #1676, #202 ) ;
#1134 = DIRECTION ( 'NONE',  ( 1.000000000000000000, 3.908926617311740297E-79, 9.020580997374039408E-48 ) ) ;
#1135 = ORIENTED_EDGE ( 'NONE', *, *, #937, .F. ) ;
#1136 = EDGE_CURVE ( 'NONE', #827, #1854, #814, .T. ) ;
#1137 = EDGE_LOOP ( 'NONE', ( #67, #2345, #1512, #561 ) ) ;
#1138 = FACE_OUTER_BOUND ( 'NONE', #98, .T. ) ;
#1139 = DIRECTION ( 'NONE',  ( 1.821459649775649914E-16, 0.0000000000000000000, -1.000000000000000000 ) ) ;
#1140 = ORIENTED_EDGE ( 'NONE', *, *, #2341, .T. ) ;
#1141 = LINE ( 'NONE', #1316, #293 ) ;
#1142 = VECTOR ( 'NONE', #1336, 1000.000000000000000 ) ;
#1143 = DIRECTION ( 'NONE',  ( 0.0000000000000000000, 1.000000000000000000, 0.0000000000000000000 ) ) ;
#1144 = AXIS2_PLACEMENT_3D ( 'NONE', #387, #786, #2263 ) ;
#1145 =( NAMED_UNIT ( * ) PLANE_ANGLE_UNIT ( ) SI_UNIT ( $, .RADIAN. ) );
#1146 = LINE ( 'NONE', #1893, #10 ) ;
#1147 = AXIS2_PLACEMENT_3D ( 'NONE', #2370, #1005, #82 ) ;
#1148 = STYLED_ITEM ( 'NONE', ( #388 ), #1822 ) ;
#1149 = VERTEX_POINT ( 'NONE', #1564 ) ;
#1150 = PRESENTATION_LAYER_ASSIGNMENT (  '', '', ( #217 ) ) ;
#1151 = VERTEX_POINT ( 'NONE', #1213 ) ;
#1152 = VECTOR ( 'NONE', #1965, 1000.000000000000000 ) ;
#1153 = PRESENTATION_STYLE_ASSIGNMENT (( #1299 ) ) ;
#1154 = DIRECTION ( 'NONE',  ( 0.0000000000000000000, -1.000000000000000000, 0.0000000000000000000 ) ) ;
#1155 = EDGE_CURVE ( 'NONE', #152, #1649, #1554, .T. ) ;
#1156 = VERTEX_POINT ( 'NONE', #270 ) ;
#1157 = CARTESIAN_POINT ( 'NONE',  ( -1.599999994039540185, -0.3500000000000000333, 1.093649168849357700 ) ) ;
#1158 = EDGE_CURVE ( 'NONE', #2366, #1589, #46, .T. ) ;
#1159 = DIRECTION ( 'NONE',  ( -0.0000000000000000000, 1.000000000000000000, 0.0000000000000000000 ) ) ;
#1160 = LINE ( 'NONE', #642, #1522 ) ;
#1161 = ORIENTED_EDGE ( 'NONE', *, *, #2308, .F. ) ;
#1162 = ORIENTED_EDGE ( 'NONE', *, *, #2077, .T. ) ;
#1163 = EDGE_LOOP ( 'NONE', ( #2172, #255, #1634, #1335, #445, #1725, #41, #666, #1848, #2285, #122, #970 ) ) ;
#1164 = CARTESIAN_POINT ( 'NONE',  ( 0.9499999999999998446, 0.3500000000000000333, 5.194344361621420283E-16 ) ) ;
#1165 = EDGE_CURVE ( 'NONE', #1112, #1020, #1936, .T. ) ;
#1166 = LINE ( 'NONE', #1178, #2356 ) ;
#1167 = UNCERTAINTY_MEASURE_WITH_UNIT (LENGTH_MEASURE( 1.000000000000000082E-05 ), #1711, 'distance_accuracy_value', 'NONE');
#1168 = VERTEX_POINT ( 'NONE', #2104 ) ;
#1169 = AXIS2_PLACEMENT_3D ( 'NONE', #1700, #1343, #1559 ) ;
#1170 = ORIENTED_EDGE ( 'NONE', *, *, #2042, .T. ) ;
#1171 = CARTESIAN_POINT ( 'NONE',  ( 1.550000000000000266, -0.3500000000000000333, 0.2000000000000010103 ) ) ;
#1172 = VERTEX_POINT ( 'NONE', #294 ) ;
#1173 = CARTESIAN_POINT ( 'NONE',  ( -1.558073771237850069, -1.399999999999999911, 0.1500000059604640612 ) ) ;
#1174 = DIRECTION ( 'NONE',  ( -0.7071067811865470176, 0.0000000000000000000, -0.7071067811865480168 ) ) ;
#1175 =( LENGTH_UNIT ( ) NAMED_UNIT ( * ) SI_UNIT ( .MILLI., .METRE. ) );
#1176 =( NAMED_UNIT ( * ) PLANE_ANGLE_UNIT ( ) SI_UNIT ( $, .RADIAN. ) );
#1177 = DIRECTION ( 'NONE',  ( -0.0000000000000000000, -1.000000000000000000, 0.0000000000000000000 ) ) ;
#1178 = CARTESIAN_POINT ( 'NONE',  ( -1.599999994039533968, -1.399999999999999911, 0.9499999940395404963 ) ) ;
#1179 = EDGE_CURVE ( 'NONE', #2126, #84, #1001, .T. ) ;
#1180 = VECTOR ( 'NONE', #673, 1000.000000000000000 ) ;
#1181 = CARTESIAN_POINT ( 'NONE',  ( -1.558073771237850069, -1.399999999999999911, 0.1500000059604650049 ) ) ;
#1182 = VECTOR ( 'NONE', #991, 1000.000000000000000 ) ;
#1183 = ADVANCED_FACE ( 'NONE', ( #1590 ), #482, .T. ) ;
#1184 = VECTOR ( 'NONE', #68, 1000.000000000000000 ) ;
#1185 = DIRECTION ( 'NONE',  ( -1.000000000000000000, 0.0000000000000000000, 8.126670033436559944E-17 ) ) ;
#1186 = COLOUR_RGB ( '',1.000000000000000000, 1.000000000000000000, 1.000000000000000000 ) ;
#1187 = DIRECTION ( 'NONE',  ( -1.000000000000000000, 0.0000000000000000000, -3.172065784643309895E-16 ) ) ;
#1188 = CIRCLE ( 'NONE', #1228, 0.04999999403953550581 ) ;
#1189 = ORIENTED_EDGE ( 'NONE', *, *, #1738, .T. ) ;
#1190 = CARTESIAN_POINT ( 'NONE',  ( 1.599999994039535745, -1.100000000000000089, 0.2000000000000010103 ) ) ;
#1191 = COLOUR_RGB ( '',1.000000000000000000, 1.000000000000000000, 1.000000000000000000 ) ;
#1192 = CARTESIAN_POINT ( 'NONE',  ( -1.598095863356486124, -1.399999999999999911, 0.9136670162050023469 ) ) ;
#1193 = UNCERTAINTY_MEASURE_WITH_UNIT (LENGTH_MEASURE( 1.000000000000000082E-05 ), #1810, 'distance_accuracy_value', 'NONE');
#1194 = EDGE_CURVE ( 'NONE', #1332, #148, #2152, .T. ) ;
#1195 =( NAMED_UNIT ( * ) SI_UNIT ( $, .STERADIAN. ) SOLID_ANGLE_UNIT ( ) );
#1196 = LINE ( 'NONE', #1053, #1443 ) ;
#1197 = EDGE_CURVE ( 'NONE', #1032, #987, #1946, .T. ) ;
#1198 = EDGE_CURVE ( 'NONE', #1126, #1172, #1742, .T. ) ;
#1199 = EDGE_LOOP ( 'NONE', ( #291, #1140, #441, #1161, #930, #44, #1298, #306, #1842, #810, #249 ) ) ;
#1200 = CARTESIAN_POINT ( 'NONE',  ( 0.0000000000000000000, -1.100000000000000089, 5.693334510792040151E-16 ) ) ;
#1201 = FILL_AREA_STYLE ('',( #815 ) ) ;
#1202 = ORIENTED_EDGE ( 'NONE', *, *, #1198, .F. ) ;
#1203 = CARTESIAN_POINT ( 'NONE',  ( -1.550000000000000266, -1.100000000000000089, 0.9000000000000001332 ) ) ;
#1204 = VERTEX_POINT ( 'NONE', #64 ) ;
#1205 = CARTESIAN_POINT ( 'NONE',  ( 0.0000000000000000000, 0.0000000000000000000, 1.850000000000000089 ) ) ;
#1206 = LINE ( 'NONE', #1978, #1561 ) ;
#1207 = ORIENTED_EDGE ( 'NONE', *, *, #1666, .F. ) ;
#1208 =( GEOMETRIC_REPRESENTATION_CONTEXT ( 3 ) GLOBAL_UNCERTAINTY_ASSIGNED_CONTEXT ( ( #1475 ) ) GLOBAL_UNIT_ASSIGNED_CONTEXT ( ( #1813, #703, #2407 ) ) REPRESENTATION_CONTEXT ( 'NONE', 'WORKASPACE' ) );
#1209 = LINE ( 'NONE', #667, #302 ) ;
#1210 = ADVANCED_FACE ( 'NONE', ( #1011 ), #2295, .F. ) ;
#1211 = VECTOR ( 'NONE', #180, 1000.000000000000000 ) ;
#1212 = VERTEX_POINT ( 'NONE', #1577 ) ;
#1213 = CARTESIAN_POINT ( 'NONE',  ( -1.599999994039538631, -1.399999999999999911, 0.9499999940395537079 ) ) ;
#1214 = VECTOR ( 'NONE', #2045, 1000.000000000000000 ) ;
#1215 = FACE_OUTER_BOUND ( 'NONE', #1535, .T. ) ;
#1216 = ORIENTED_EDGE ( 'NONE', *, *, #1078, .T. ) ;
#1217 = FACE_OUTER_BOUND ( 'NONE', #2324, .T. ) ;
#1218 = UNCERTAINTY_MEASURE_WITH_UNIT (LENGTH_MEASURE( 1.000000000000000082E-05 ), #594, 'distance_accuracy_value', 'NONE');
#1219 = CARTESIAN_POINT ( 'NONE',  ( -1.599999994039540185, -0.3500000000000000333, 0.9499999940395675857 ) ) ;
#1220 = AXIS2_PLACEMENT_3D ( 'NONE', #374, #2379, #701 ) ;
#1221 = PRESENTATION_LAYER_ASSIGNMENT (  '', '', ( #2276 ) ) ;
#1222 = CARTESIAN_POINT ( 'NONE',  ( 1.599999994039540185, -0.3500000000000000333, 0.9499999940395360554 ) ) ;
#1223 = ORIENTED_EDGE ( 'NONE', *, *, #1555, .T. ) ;
#1224 = EDGE_CURVE ( 'NONE', #1312, #1020, #2325, .T. ) ;
#1225 = ORIENTED_EDGE ( 'NONE', *, *, #1510, .F. ) ;
#1226 = DIRECTION ( 'NONE',  ( -1.000000000000000000, -0.0000000000000000000, -0.0000000000000000000 ) ) ;
#1227 = EDGE_CURVE ( 'NONE', #1032, #47, #1413, .T. ) ;
#1228 = AXIS2_PLACEMENT_3D ( 'NONE', #1944, #292, #1367 ) ;
#1229 = ADVANCED_FACE ( 'NONE', ( #905 ), #559, .T. ) ;
#1230 = CARTESIAN_POINT ( 'NONE',  ( -1.750000000000000222, -1.100000000000000089, 0.2000000000000000389 ) ) ;
#1231 =( GEOMETRIC_REPRESENTATION_CONTEXT ( 3 ) GLOBAL_UNCERTAINTY_ASSIGNED_CONTEXT ( ( #2415 ) ) GLOBAL_UNIT_ASSIGNED_CONTEXT ( ( #36, #1145, #805 ) ) REPRESENTATION_CONTEXT ( 'NONE', 'WORKASPACE' ) );
#1232 = CARTESIAN_POINT ( 'NONE',  ( 1.599999994039540407, -0.3500000000000000333, 1.093649168849357700 ) ) ;
#1233 = CARTESIAN_POINT ( 'NONE',  ( -1.558073771237850069, -1.399999999999999911, 0.1500000059604640612 ) ) ;
#1234 = DIRECTION ( 'NONE',  ( 0.0000000000000000000, -1.000000000000000000, -0.0000000000000000000 ) ) ;
#1235 = CARTESIAN_POINT ( 'NONE',  ( 1.599999994039539741, -1.399999999999999911, 0.9499999940395272846 ) ) ;
#1236 = ORIENTED_EDGE ( 'NONE', *, *, #1399, .F. ) ;
#1237 = DIRECTION ( 'NONE',  ( 0.0000000000000000000, 0.0000000000000000000, 1.000000000000000000 ) ) ;
#1238 = CARTESIAN_POINT ( 'NONE',  ( -3.116067714095729801, -0.3499999999999999778, 3.490243377569960005E-16 ) ) ;
#1239 = ORIENTED_EDGE ( 'NONE', *, *, #1197, .T. ) ;
#1240 = LINE ( 'NONE', #1386, #868 ) ;
#1241 = CYLINDRICAL_SURFACE ( 'NONE', #524, 0.04999999403953550581 ) ;
#1242 = EDGE_CURVE ( 'NONE', #1252, #1550, #920, .T. ) ;
#1243 = SURFACE_SIDE_STYLE ('',( #1031 ) ) ;
#1244 = DIRECTION ( 'NONE',  ( -0.05233595624294398729, 0.0000000000000000000, 0.9986295347545739443 ) ) ;
#1245 = ORIENTED_EDGE ( 'NONE', *, *, #1403, .T. ) ;
#1246 = PLANE ( 'NONE',  #383 ) ;
#1247 = ORIENTED_EDGE ( 'NONE', *, *, #1767, .T. ) ;
#1248 = CARTESIAN_POINT ( 'NONE',  ( 1.550000000000000266, 1.100000000000000089, 5.693016234481256162E-16 ) ) ;
#1249 = AXIS2_PLACEMENT_3D ( 'NONE', #335, #2192, #1423 ) ;
#1250 = FILL_AREA_STYLE_COLOUR ( '', #295 ) ;
#1251 = FACE_OUTER_BOUND ( 'NONE', #2328, .T. ) ;
#1252 = VERTEX_POINT ( 'NONE', #1849 ) ;
#1253 = VECTOR ( 'NONE', #490, 1000.000000000000000 ) ;
#1254 = DIRECTION ( 'NONE',  ( 0.0000000000000000000, 0.0000000000000000000, -1.000000000000000000 ) ) ;
#1255 = CARTESIAN_POINT ( 'NONE',  ( -1.558073771237850069, 1.399999999999999911, 0.1500000059604640612 ) ) ;
#1256 = CARTESIAN_POINT ( 'NONE',  ( 1.550000000000000266, -1.100000000000000089, 5.694607616035189911E-16 ) ) ;
#1257 = PRESENTATION_STYLE_ASSIGNMENT (( #379 ) ) ;
#1258 = ORIENTED_EDGE ( 'NONE', *, *, #325, .F. ) ;
#1259 = ADVANCED_FACE ( 'NONE', ( #1045 ), #2377, .T. ) ;
#1260 = VERTEX_POINT ( 'NONE', #710 ) ;
#1261 = CIRCLE ( 'NONE', #908, 0.04999999403953547805 ) ;
#1262 = EDGE_CURVE ( 'NONE', #2262, #827, #7, .T. ) ;
#1263 = LINE ( 'NONE', #695, #463 ) ;
#1264 = VERTEX_POINT ( 'NONE', #1265 ) ;
#1265 = CARTESIAN_POINT ( 'NONE',  ( 1.599999994039539741, -0.3500000000000000333, 0.9499999940395218445 ) ) ;
#1266 = COLOUR_RGB ( '',1.000000000000000000, 1.000000000000000000, 1.000000000000000000 ) ;
#1267 = ORIENTED_EDGE ( 'NONE', *, *, #2124, .T. ) ;
#1268 = DIRECTION ( 'NONE',  ( 1.000000000000000000, 0.0000000000000000000, 0.0000000000000000000 ) ) ;
#1269 = FACE_OUTER_BOUND ( 'NONE', #963, .T. ) ;
#1270 = VECTOR ( 'NONE', #1467, 1000.000000000000000 ) ;
#1271 = SURFACE_STYLE_FILL_AREA ( #540 ) ;
#1272 = VECTOR ( 'NONE', #1059, 1000.000000000000000 ) ;
#1273 = SURFACE_SIDE_STYLE ('',( #2003 ) ) ;
#1274 = VERTEX_POINT ( 'NONE', #2208 ) ;
#1275 = VECTOR ( 'NONE', #574, 1000.000000000000000 ) ;
#1276 = LINE ( 'NONE', #330, #2161 ) ;
#1277 = EDGE_CURVE ( 'NONE', #849, #1274, #1924, .T. ) ;
#1278 = VERTEX_POINT ( 'NONE', #1671 ) ;
#1279 = CYLINDRICAL_SURFACE ( 'NONE', #1144, 0.04999999403953547805 ) ;
#1280 = FILL_AREA_STYLE ('',( #1300 ) ) ;
#1281 = EDGE_LOOP ( 'NONE', ( #2292, #135, #485, #1802 ) ) ;
#1282 = CARTESIAN_POINT ( 'NONE',  ( -1.199999999999999956, 0.0000000000000000000, 1.899999999999999911 ) ) ;
#1283 = ORIENTED_EDGE ( 'NONE', *, *, #940, .T. ) ;
#1284 = DIRECTION ( 'NONE',  ( -0.0000000000000000000, 1.000000000000000000, 0.0000000000000000000 ) ) ;
#1285 = DIRECTION ( 'NONE',  ( 0.0000000000000000000, 0.0000000000000000000, -1.000000000000000000 ) ) ;
#1286 = CARTESIAN_POINT ( 'NONE',  ( 1.550000000000000266, -1.100000000000000089, 0.9000000000000001332 ) ) ;
#1287 =( NAMED_UNIT ( * ) SI_UNIT ( $, .STERADIAN. ) SOLID_ANGLE_UNIT ( ) );
#1288 = ORIENTED_EDGE ( 'NONE', *, *, #630, .T. ) ;
#1289 = EDGE_CURVE ( 'NONE', #230, #166, #1106, .T. ) ;
#1290 = CARTESIAN_POINT ( 'NONE',  ( 1.599999994039537965, -1.100000000000000089, 0.2000000000000010103 ) ) ;
#1291 = VECTOR ( 'NONE', #2075, 1000.000000000000000 ) ;
#1292 = AXIS2_PLACEMENT_3D ( 'NONE', #566, #1121, #2228 ) ;
#1293 = CARTESIAN_POINT ( 'NONE',  ( -0.8750000029802319501, -1.399999999999999911, 0.1500000059604640057 ) ) ;
#1294 = SURFACE_STYLE_FILL_AREA ( #156 ) ;
#1295 = ORIENTED_EDGE ( 'NONE', *, *, #2416, .T. ) ;
#1296 = CARTESIAN_POINT ( 'NONE',  ( 0.0000000000000000000, -1.399999999999999911, 0.1500000059604650049 ) ) ;
#1297 = ORIENTED_EDGE ( 'NONE', *, *, #1899, .T. ) ;
#1298 = ORIENTED_EDGE ( 'NONE', *, *, #1277, .F. ) ;
#1299 = SURFACE_STYLE_USAGE ( .BOTH. , #167 ) ;
#1300 = FILL_AREA_STYLE_COLOUR ( '', #2205 ) ;
#1301 = VECTOR ( 'NONE', #1092, 1000.000000000000000 ) ;
#1302 = ADVANCED_FACE ( 'NONE', ( #1638 ), #1279, .F. ) ;
#1303 = AXIS2_PLACEMENT_3D ( 'NONE', #1764, #88, #837 ) ;
#1304 = CARTESIAN_POINT ( 'NONE',  ( -1.558108457398058366, 1.100000000001654099, 0.1506618573245714077 ) ) ;
#1305 = AXIS2_PLACEMENT_3D ( 'NONE', #2021, #1284, #1083 ) ;
#1306 = EDGE_CURVE ( 'NONE', #823, #1581, #1321, .T. ) ;
#1307 = DIRECTION ( 'NONE',  ( 1.000000000000000000, -0.0000000000000000000, 4.469668518390110003E-16 ) ) ;
#1308 = VECTOR ( 'NONE', #564, 1000.000000000000000 ) ;
#1309 = FILL_AREA_STYLE_COLOUR ( '', #179 ) ;
#1310 = VECTOR ( 'NONE', #253, 1000.000000000000000 ) ;
#1311 = DIRECTION ( 'NONE',  ( 0.0000000000000000000, -0.0000000000000000000, 1.000000000000000000 ) ) ;
#1312 = VERTEX_POINT ( 'NONE', #228 ) ;
#1313 = CIRCLE ( 'NONE', #2017, 0.1999999999999999833 ) ;
#1314 = ORIENTED_EDGE ( 'NONE', *, *, #2330, .T. ) ;
#1315 = CARTESIAN_POINT ( 'NONE',  ( -0.8000000000000000444, -1.399999999999999911, 0.07500000298023221101 ) ) ;
#1316 = CARTESIAN_POINT ( 'NONE',  ( 1.599999994039540185, -1.100000000000000089, 0.0000000000000000000 ) ) ;
#1317 = CARTESIAN_POINT ( 'NONE',  ( 1.599999994039540185, 1.399999999999999911, 0.9499999940395360554 ) ) ;
#1318 = CARTESIAN_POINT ( 'NONE',  ( 1.599999994039540407, 0.3500000000000000333, 0.9499999940395439380 ) ) ;
#1319 = ADVANCED_FACE ( 'NONE', ( #1514 ), #239, .T. ) ;
#1320 = VERTEX_POINT ( 'NONE', #1723 ) ;
#1321 = LINE ( 'NONE', #616, #1690 ) ;
#1322 = DIRECTION ( 'NONE',  ( 0.0000000000000000000, 1.000000000000000000, 0.0000000000000000000 ) ) ;
#1323 = DIRECTION ( 'NONE',  ( 0.0000000000000000000, 0.0000000000000000000, 1.000000000000000000 ) ) ;
#1324 = VECTOR ( 'NONE', #2335, 1000.000000000000000 ) ;
#1325 = CARTESIAN_POINT ( 'NONE',  ( 0.9499999999999999556, -1.100000000000000089, 0.1500000059604647551 ) ) ;
#1326 = DIRECTION ( 'NONE',  ( 0.9986295347545739443, 0.0000000000000000000, -0.05233595624294349463 ) ) ;
#1327 = VECTOR ( 'NONE', #1465, 1000.000000000000000 ) ;
#1328 = LINE ( 'NONE', #818, #1715 ) ;
#1329 = EDGE_LOOP ( 'NONE', ( #741, #2384, #1267, #281, #1722, #1004, #1729, #1739, #867, #2217, #1487 ) ) ;
#1330 = STYLED_ITEM ( 'NONE', ( #825 ), #754 ) ;
#1331 = ADVANCED_FACE ( 'NONE', ( #1138 ), #9, .T. ) ;
#1332 = VERTEX_POINT ( 'NONE', #1882 ) ;
#1333 = DIRECTION ( 'NONE',  ( 0.0000000000000000000, 1.000000000000000000, 0.0000000000000000000 ) ) ;
#1334 = CARTESIAN_POINT ( 'NONE',  ( -0.9499999999999998446, 0.3499999999999999778, 0.0000000000000000000 ) ) ;
#1335 = ORIENTED_EDGE ( 'NONE', *, *, #2096, .T. ) ;
#1336 = DIRECTION ( 'NONE',  ( -1.000000000000000000, 0.0000000000000000000, -4.469668518390110003E-16 ) ) ;
#1337 = AXIS2_PLACEMENT_3D ( 'NONE', #1504, #412, #2265 ) ;
#1338 = DIRECTION ( 'NONE',  ( 0.0000000000000000000, 0.0000000000000000000, 1.000000000000000000 ) ) ;
#1339 = DIRECTION ( 'NONE',  ( -1.000000000000000000, -0.0000000000000000000, -0.0000000000000000000 ) ) ;
#1340 = CARTESIAN_POINT ( 'NONE',  ( 0.9499999999999999556, -1.100000000000000089, 3.490243377569960005E-16 ) ) ;
#1341 = VECTOR ( 'NONE', #896, 1000.000000000000000 ) ;
#1342 =( GEOMETRIC_REPRESENTATION_CONTEXT ( 3 ) GLOBAL_UNCERTAINTY_ASSIGNED_CONTEXT ( ( #1904 ) ) GLOBAL_UNIT_ASSIGNED_CONTEXT ( ( #670, #309, #860 ) ) REPRESENTATION_CONTEXT ( 'NONE', 'WORKASPACE' ) );
#1343 = DIRECTION ( 'NONE',  ( -0.0000000000000000000, 1.000000000000000000, -0.0000000000000000000 ) ) ;
#1344 = VERTEX_POINT ( 'NONE', #775 ) ;
#1345 = ORIENTED_EDGE ( 'NONE', *, *, #1136, .T. ) ;
#1346 = VECTOR ( 'NONE', #1470, 1000.000000000000000 ) ;
#1347 = LINE ( 'NONE', #216, #2281 ) ;
#1348 = EDGE_CURVE ( 'NONE', #1082, #2210, #214, .T. ) ;
#1349 = ORIENTED_EDGE ( 'NONE', *, *, #1493, .T. ) ;
#1350 = DIRECTION ( 'NONE',  ( 0.0000000000000000000, -0.0000000000000000000, 1.000000000000000000 ) ) ;
#1351 = DIRECTION ( 'NONE',  ( 1.000000000000000000, 0.0000000000000000000, 0.0000000000000000000 ) ) ;
#1352 = CARTESIAN_POINT ( 'NONE',  ( 1.599999994039540185, -1.399999999999999911, 0.9499999940395089659 ) ) ;
#1353 = CARTESIAN_POINT ( 'NONE',  ( 1.599999994039537965, 1.100000000000000089, 0.9000000000000001332 ) ) ;
#1354 = VERTEX_POINT ( 'NONE', #1235 ) ;
#1355 = VERTEX_POINT ( 'NONE', #2170 ) ;
#1356 = CARTESIAN_POINT ( 'NONE',  ( 1.599999994039540185, 0.3500000000000000333, 0.9499999940395360554 ) ) ;
#1357 = EDGE_CURVE ( 'NONE', #835, #1985, #61, .T. ) ;
#1358 = PLANE ( 'NONE',  #1967 ) ;
#1359 = SURFACE_SIDE_STYLE ('',( #1602 ) ) ;
#1360 = ADVANCED_FACE ( 'NONE', ( #1551 ), #1246, .T. ) ;
#1361 = CARTESIAN_POINT ( 'NONE',  ( -1.550000000000000266, 0.3500000000000000333, 0.2000000000000000111 ) ) ;
#1362 = PRESENTATION_STYLE_ASSIGNMENT (( #2088 ) ) ;
#1363 = STYLED_ITEM ( 'NONE', ( #538 ), #141 ) ;
#1364 = DIRECTION ( 'NONE',  ( -0.0000000000000000000, -1.000000000000000000, -0.0000000000000000000 ) ) ;
#1365 = VECTOR ( 'NONE', #2358, 1000.000000000000000 ) ;
#1366 = ORIENTED_EDGE ( 'NONE', *, *, #220, .F. ) ;
#1367 = DIRECTION ( 'NONE',  ( 0.0000000000000000000, 0.0000000000000000000, 1.000000000000000000 ) ) ;
#1368 = DIRECTION ( 'NONE',  ( -0.7071067811865474617, -0.7071067811865474617, 0.0000000000000000000 ) ) ;
#1369 = FILL_AREA_STYLE_COLOUR ( '', #1113 ) ;
#1370 = EDGE_LOOP ( 'NONE', ( #1980, #615, #124 ) ) ;
#1371 = VECTOR ( 'NONE', #424, 1000.000000000000000 ) ;
#1372 = SURFACE_SIDE_STYLE ('',( #1766 ) ) ;
#1373 = EDGE_LOOP ( 'NONE', ( #938, #418, #2219, #1047 ) ) ;
#1374 =( LENGTH_UNIT ( ) NAMED_UNIT ( * ) SI_UNIT ( .MILLI., .METRE. ) );
#1375 = STYLED_ITEM ( 'NONE', ( #1153 ), #1302 ) ;
#1376 = ADVANCED_FACE ( 'NONE', ( #2423 ), #1498, .T. ) ;
#1377 =( LENGTH_UNIT ( ) NAMED_UNIT ( * ) SI_UNIT ( .MILLI., .METRE. ) );
#1378 = AXIS2_PLACEMENT_3D ( 'NONE', #550, #1419, #2011 ) ;
#1379 = CIRCLE ( 'NONE', #1691, 1.199999999999999956 ) ;
#1380 = VERTEX_POINT ( 'NONE', #1122 ) ;
#1381 = SURFACE_STYLE_USAGE ( .BOTH. , #307 ) ;
#1382 = MECHANICAL_DESIGN_GEOMETRIC_PRESENTATION_REPRESENTATION (  '', ( #500 ), #1736 ) ;
#1383 = ORIENTED_EDGE ( 'NONE', *, *, #509, .T. ) ;
#1384 = CARTESIAN_POINT ( 'NONE',  ( -1.550000000000000266, -0.3500000000000000333, -3.388131789017199816E-18 ) ) ;
#1385 = STYLED_ITEM ( 'NONE', ( #314 ), #2238 ) ;
#1386 = CARTESIAN_POINT ( 'NONE',  ( 1.599999994039535745, -1.100000000000000089, 0.9000000000000001332 ) ) ;
#1387 = ORIENTED_EDGE ( 'NONE', *, *, #1040, .T. ) ;
#1388 = UNCERTAINTY_MEASURE_WITH_UNIT (LENGTH_MEASURE( 1.000000000000000082E-05 ), #1435, 'distance_accuracy_value', 'NONE');
#1389 = CARTESIAN_POINT ( 'NONE',  ( -1.599999994039535745, -1.100000000000000089, 0.9000000000000001332 ) ) ;
#1390 = SURFACE_STYLE_USAGE ( .BOTH. , #2144 ) ;
#1391 = EDGE_LOOP ( 'NONE', ( #2254, #1657, #638, #1288 ) ) ;
#1392 = DIRECTION ( 'NONE',  ( -3.172065784643309895E-16, 0.0000000000000000000, 1.000000000000000000 ) ) ;
#1393 = CARTESIAN_POINT ( 'NONE',  ( -1.750000000000000222, -0.3500000000000000333, 0.2000000000000000389 ) ) ;
#1394 = ORIENTED_EDGE ( 'NONE', *, *, #13, .T. ) ;
#1395 = ORIENTED_EDGE ( 'NONE', *, *, #865, .T. ) ;
#1396 = CARTESIAN_POINT ( 'NONE',  ( -0.9499999999999998446, 0.3500000000000000333, 0.0000000000000000000 ) ) ;
#1397 = PRESENTATION_STYLE_ASSIGNMENT (( #476 ) ) ;
#1398 = CARTESIAN_POINT ( 'NONE',  ( 1.750000000000000000, 1.100000000000000089, 0.9000000000000001332 ) ) ;
#1399 = EDGE_CURVE ( 'NONE', #1686, #230, #1485, .T. ) ;
#1400 = VECTOR ( 'NONE', #2171, 1000.000000000000000 ) ;
#1401 = DIRECTION ( 'NONE',  ( 0.0000000000000000000, -0.0000000000000000000, 1.000000000000000000 ) ) ;
#1402 = PRESENTATION_LAYER_ASSIGNMENT (  '', '', ( #2038 ) ) ;
#1403 = EDGE_CURVE ( 'NONE', #2366, #1640, #1647, .T. ) ;
#1404 = EDGE_LOOP ( 'NONE', ( #2261, #1189, #870, #697 ) ) ;
#1405 = LINE ( 'NONE', #859, #1845 ) ;
#1406 = ORIENTED_EDGE ( 'NONE', *, *, #1074, .T. ) ;
#1407 = SURFACE_STYLE_USAGE ( .BOTH. , #1556 ) ;
#1408 = ORIENTED_EDGE ( 'NONE', *, *, #1678, .F. ) ;
#1409 = FACE_OUTER_BOUND ( 'NONE', #1746, .T. ) ;
#1410 = CARTESIAN_POINT ( 'NONE',  ( 0.8340970203948077089, -1.400000000000000799, 1.699999999999999956 ) ) ;
#1411 =( NAMED_UNIT ( * ) PLANE_ANGLE_UNIT ( ) SI_UNIT ( $, .RADIAN. ) );
#1412 = CIRCLE ( 'NONE', #4, 0.04999999403953547805 ) ;
#1413 = CIRCLE ( 'NONE', #178, 0.1999999999999999833 ) ;
#1414 = CARTESIAN_POINT ( 'NONE',  ( 1.599999994039540185, 0.3500000000000000333, 1.093649168849357700 ) ) ;
#1415 = EDGE_LOOP ( 'NONE', ( #1436, #1500, #1780, #888 ) ) ;
#1416 = CARTESIAN_POINT ( 'NONE',  ( -0.8000000000000000444, 1.400000000000000799, 0.07500000298023219714 ) ) ;
#1417 = VECTOR ( 'NONE', #1432, 1000.000000000000000 ) ;
#1418 = STYLED_ITEM ( 'NONE', ( #271 ), #1765 ) ;
#1419 = DIRECTION ( 'NONE',  ( -0.0000000000000000000, 1.000000000000000000, -0.0000000000000000000 ) ) ;
#1420 = ORIENTED_EDGE ( 'NONE', *, *, #1945, .F. ) ;
#1421 = EDGE_CURVE ( 'NONE', #1550, #1886, #1818, .T. ) ;
#1422 = MECHANICAL_DESIGN_GEOMETRIC_PRESENTATION_REPRESENTATION (  '', ( #217 ), #2087 ) ;
#1423 = DIRECTION ( 'NONE',  ( 0.0000000000000000000, 0.0000000000000000000, -1.000000000000000000 ) ) ;
#1424 = AXIS2_PLACEMENT_3D ( 'NONE', #1066, #923, #2422 ) ;
#1425 = DIRECTION ( 'NONE',  ( 0.0000000000000000000, 0.0000000000000000000, -1.000000000000000000 ) ) ;
#1426 = VERTEX_POINT ( 'NONE', #1665 ) ;
#1427 = ORIENTED_EDGE ( 'NONE', *, *, #373, .T. ) ;
#1428 = LINE ( 'NONE', #317, #1272 ) ;
#1429 = VERTEX_POINT ( 'NONE', #177 ) ;
#1430 = EDGE_LOOP ( 'NONE', ( #2050, #1314, #1345, #1225 ) ) ;
#1431 = ADVANCED_FACE ( 'NONE', ( #158 ), #2046, .F. ) ;
#1432 = DIRECTION ( 'NONE',  ( -0.05233595624294349463, 0.0000000000000000000, -0.9986295347545739443 ) ) ;
#1433 = ADVANCED_FACE ( 'NONE', ( #401 ), #543, .T. ) ;
#1434 = CARTESIAN_POINT ( 'NONE',  ( -1.599999994039540185, -1.399999999999999911, 1.093649168849359921 ) ) ;
#1435 =( LENGTH_UNIT ( ) NAMED_UNIT ( * ) SI_UNIT ( .MILLI., .METRE. ) );
#1436 = ORIENTED_EDGE ( 'NONE', *, *, #1976, .T. ) ;
#1437 = CARTESIAN_POINT ( 'NONE',  ( -1.599999994039537077, 0.3500000000000000333, 0.9499999940395659204 ) ) ;
#1438 = ORIENTED_EDGE ( 'NONE', *, *, #1705, .T. ) ;
#1439 = ORIENTED_EDGE ( 'NONE', *, *, #1056, .F. ) ;
#1440 = SURFACE_SIDE_STYLE ('',( #1089 ) ) ;
#1441 = EDGE_LOOP ( 'NONE', ( #589, #2182, #1135, #1549 ) ) ;
#1442 = AXIS2_PLACEMENT_3D ( 'NONE', #394, #1856, #1285 ) ;
#1443 = VECTOR ( 'NONE', #1990, 1000.000000000000000 ) ;
#1444 = CARTESIAN_POINT ( 'NONE',  ( -0.9499999999999999556, -1.100000000000000089, 0.1500000059604640057 ) ) ;
#1445 = SURFACE_STYLE_FILL_AREA ( #713 ) ;
#1446 = EDGE_CURVE ( 'NONE', #1380, #1787, #807, .T. ) ;
#1447 = PLANE ( 'NONE',  #1579 ) ;
#1448 = ORIENTED_EDGE ( 'NONE', *, *, #2067, .T. ) ;
#1449 = DIRECTION ( 'NONE',  ( 0.0000000000000000000, -0.0000000000000000000, 1.000000000000000000 ) ) ;
#1450 = EDGE_CURVE ( 'NONE', #1962, #803, #2074, .T. ) ;
#1451 = PLANE ( 'NONE',  #1560 ) ;
#1452 = ORIENTED_EDGE ( 'NONE', *, *, #1976, .F. ) ;
#1453 = PRESENTATION_LAYER_ASSIGNMENT (  '', '', ( #643 ) ) ;
#1454 = PRODUCT_DEFINITION_SHAPE ( 'NONE', 'NONE',  #557 ) ;
#1455 = CARTESIAN_POINT ( 'NONE',  ( -1.599999994039540185, -1.100000000000000089, 0.9000000000000001332 ) ) ;
#1456 = VECTOR ( 'NONE', #1983, 1000.000000000000000 ) ;
#1457 = DIRECTION ( 'NONE',  ( -1.000000000000000000, 0.0000000000000000000, 0.0000000000000000000 ) ) ;
#1458 = ORIENTED_EDGE ( 'NONE', *, *, #1553, .T. ) ;
#1459 = AXIS2_PLACEMENT_3D ( 'NONE', #2095, #584, #2257 ) ;
#1460 = FACE_OUTER_BOUND ( 'NONE', #532, .T. ) ;
#1461 = LINE ( 'NONE', #1093, #405 ) ;
#1462 = CIRCLE ( 'NONE', #1424, 0.1999999999999999833 ) ;
#1463 = CARTESIAN_POINT ( 'NONE',  ( 1.550000000000000266, -1.100000000000000089, 5.694607616035189911E-16 ) ) ;
#1464 =( GEOMETRIC_REPRESENTATION_CONTEXT ( 3 ) GLOBAL_UNCERTAINTY_ASSIGNED_CONTEXT ( ( #1846 ) ) GLOBAL_UNIT_ASSIGNED_CONTEXT ( ( #1175, #2131, #1959 ) ) REPRESENTATION_CONTEXT ( 'NONE', 'WORKASPACE' ) );
#1465 = DIRECTION ( 'NONE',  ( 0.0000000000000000000, 0.0000000000000000000, 1.000000000000000000 ) ) ;
#1466 = ORIENTED_EDGE ( 'NONE', *, *, #2167, .F. ) ;
#1467 = DIRECTION ( 'NONE',  ( 0.05233595624294349463, -0.0000000000000000000, 0.9986295347545739443 ) ) ;
#1468 = VERTEX_POINT ( 'NONE', #609 ) ;
#1469 = ORIENTED_EDGE ( 'NONE', *, *, #985, .F. ) ;
#1470 = DIRECTION ( 'NONE',  ( 1.000000000000000000, -0.0000000000000000000, -8.126670033436559944E-17 ) ) ;
#1471 = CARTESIAN_POINT ( 'NONE',  ( 2.081055199624879837, -0.1530418207699290323, 1.699999999999999956 ) ) ;
#1472 = EDGE_LOOP ( 'NONE', ( #872, #2060, #404, #1994, #211, #959, #1975, #2271, #2162, #1439, #2048 ) ) ;
#1473 = ORIENTED_EDGE ( 'NONE', *, *, #865, .F. ) ;
#1474 = EDGE_CURVE ( 'NONE', #598, #157, #1166, .T. ) ;
#1475 = UNCERTAINTY_MEASURE_WITH_UNIT (LENGTH_MEASURE( 1.000000000000000082E-05 ), #1813, 'distance_accuracy_value', 'NONE');
#1476 = EDGE_CURVE ( 'NONE', #440, #1149, #795, .T. ) ;
#1477 = ORIENTED_EDGE ( 'NONE', *, *, #1540, .F. ) ;
#1478 = SURFACE_STYLE_USAGE ( .BOTH. , #752 ) ;
#1479 = ADVANCED_FACE ( 'NONE', ( #452 ), #427, .T. ) ;
#1480 = LINE ( 'NONE', #1050, #1960 ) ;
#1481 =( GEOMETRIC_REPRESENTATION_CONTEXT ( 3 ) GLOBAL_UNCERTAINTY_ASSIGNED_CONTEXT ( ( #2119 ) ) GLOBAL_UNIT_ASSIGNED_CONTEXT ( ( #1377, #477, #1039 ) ) REPRESENTATION_CONTEXT ( 'NONE', 'WORKASPACE' ) );
#1482 = AXIS2_PLACEMENT_3D ( 'NONE', #246, #259, #758 ) ;
#1483 = SURFACE_STYLE_USAGE ( .BOTH. , #1632 ) ;
#1484 = CYLINDRICAL_SURFACE ( 'NONE', #1292, 0.04999999403953547805 ) ;
#1485 = LINE ( 'NONE', #366, #2200 ) ;
#1486 = PLANE ( 'NONE',  #971 ) ;
#1487 = ORIENTED_EDGE ( 'NONE', *, *, #599, .F. ) ;
#1488 = ORIENTED_EDGE ( 'NONE', *, *, #897, .F. ) ;
#1489 =( LENGTH_UNIT ( ) NAMED_UNIT ( * ) SI_UNIT ( .MILLI., .METRE. ) );
#1490 = SURFACE_STYLE_FILL_AREA ( #2091 ) ;
#1491 = VECTOR ( 'NONE', #2420, 1000.000000000000000 ) ;
#1492 = DIRECTION ( 'NONE',  ( -1.000000000000000000, 0.0000000000000000000, -1.807003620809174139E-16 ) ) ;
#1493 = EDGE_CURVE ( 'NONE', #1151, #749, #17, .T. ) ;
#1494 = DIRECTION ( 'NONE',  ( 0.0000000000000000000, 0.0000000000000000000, -1.000000000000000000 ) ) ;
#1495 =( GEOMETRIC_REPRESENTATION_CONTEXT ( 3 ) GLOBAL_UNCERTAINTY_ASSIGNED_CONTEXT ( ( #570 ) ) GLOBAL_UNIT_ASSIGNED_CONTEXT ( ( #926, #595, #263 ) ) REPRESENTATION_CONTEXT ( 'NONE', 'WORKASPACE' ) );
#1496 = LINE ( 'NONE', #415, #1873 ) ;
#1497 = COLOUR_RGB ( '',1.000000000000000000, 1.000000000000000000, 1.000000000000000000 ) ;
#1498 = PLANE ( 'NONE',  #1305 ) ;
#1499 = COLOUR_RGB ( '',1.000000000000000000, 1.000000000000000000, 1.000000000000000000 ) ;
#1500 = ORIENTED_EDGE ( 'NONE', *, *, #1616, .F. ) ;
#1501 = ORIENTED_EDGE ( 'NONE', *, *, #1988, .F. ) ;
#1502 = DIRECTION ( 'NONE',  ( 1.000000000000000000, 0.0000000000000000000, 0.0000000000000000000 ) ) ;
#1503 = LINE ( 'NONE', #397, #1115 ) ;
#1504 = CARTESIAN_POINT ( 'NONE',  ( 1.750000000000000000, -1.100000000000000089, 0.9000000000000001332 ) ) ;
#1505 = DIRECTION ( 'NONE',  ( 0.0000000000000000000, -1.000000000000000000, 4.333342407157209877E-32 ) ) ;
#1506 = ADVANCED_FACE ( 'NONE', ( #1509 ), #1698, .T. ) ;
#1507 =( NAMED_UNIT ( * ) SI_UNIT ( $, .STERADIAN. ) SOLID_ANGLE_UNIT ( ) );
#1508 = PRESENTATION_STYLE_ASSIGNMENT (( #1520 ) ) ;
#1509 = FACE_OUTER_BOUND ( 'NONE', #1102, .T. ) ;
#1510 = EDGE_CURVE ( 'NONE', #1833, #1854, #1146, .T. ) ;
#1511 = CARTESIAN_POINT ( 'NONE',  ( -1.599999994039540185, -1.399999999999999911, 1.899999999999999911 ) ) ;
#1512 = ORIENTED_EDGE ( 'NONE', *, *, #1804, .T. ) ;
#1513 = EDGE_LOOP ( 'NONE', ( #785, #146, #649, #1974, #900, #2037, #241, #569, #953, #678, #1469 ) ) ;
#1514 = FACE_OUTER_BOUND ( 'NONE', #2394, .T. ) ;
#1515 = LINE ( 'NONE', #443, #14 ) ;
#1516 = ORIENTED_EDGE ( 'NONE', *, *, #1791, .F. ) ;
#1517 = CARTESIAN_POINT ( 'NONE',  ( 1.558073771237850069, -0.3500000000000000333, 0.1500000059604650049 ) ) ;
#1518 =( NAMED_UNIT ( * ) PLANE_ANGLE_UNIT ( ) SI_UNIT ( $, .RADIAN. ) );
#1519 = COLOUR_RGB ( '',1.000000000000000000, 1.000000000000000000, 1.000000000000000000 ) ;
#1520 = SURFACE_STYLE_USAGE ( .BOTH. , #2086 ) ;
#1521 = CARTESIAN_POINT ( 'NONE',  ( -0.8750000029802318391, 1.400000000000000133, 0.1500000059604640057 ) ) ;
#1522 = VECTOR ( 'NONE', #71, 1000.000000000000000 ) ;
#1523 = PLANE ( 'NONE',  #747 ) ;
#1524 = VERTEX_POINT ( 'NONE', #1521 ) ;
#1525 = COLOUR_RGB ( '',1.000000000000000000, 1.000000000000000000, 1.000000000000000000 ) ;
#1526 = EDGE_CURVE ( 'NONE', #1679, #1581, #1379, .T. ) ;
#1527 = ORIENTED_EDGE ( 'NONE', *, *, #1626, .F. ) ;
#1528 = DIRECTION ( 'NONE',  ( -0.0000000000000000000, 0.0000000000000000000, -1.000000000000000000 ) ) ;
#1529 = AXIS2_PLACEMENT_3D ( 'NONE', #939, #973, #931 ) ;
#1530 = CYLINDRICAL_SURFACE ( 'NONE', #2251, 0.1999999999999999833 ) ;
#1531 = FACE_OUTER_BOUND ( 'NONE', #1597, .T. ) ;
#1532 = SURFACE_STYLE_FILL_AREA ( #1875 ) ;
#1533 = PRESENTATION_LAYER_ASSIGNMENT (  '', '', ( #183 ) ) ;
#1534 = CARTESIAN_POINT ( 'NONE',  ( 1.550000000000000266, 0.3500000000000000333, 0.2000000000000010103 ) ) ;
#1535 = EDGE_LOOP ( 'NONE', ( #132, #60, #694, #700 ) ) ;
#1536 = PRESENTATION_LAYER_ASSIGNMENT (  '', '', ( #2403 ) ) ;
#1537 = EDGE_CURVE ( 'NONE', #1204, #1278, #116, .T. ) ;
#1538 = ORIENTED_EDGE ( 'NONE', *, *, #1357, .F. ) ;
#1539 = DIRECTION ( 'NONE',  ( -1.000000000000000000, -0.0000000000000000000, -0.0000000000000000000 ) ) ;
#1540 = EDGE_CURVE ( 'NONE', #803, #1354, #863, .T. ) ;
#1541 = VERTEX_POINT ( 'NONE', #1396 ) ;
#1542 = CARTESIAN_POINT ( 'NONE',  ( -1.599999994039533746, -1.399999999999999911, 0.9499999940395364995 ) ) ;
#1543 = ORIENTED_EDGE ( 'NONE', *, *, #562, .T. ) ;
#1544 = DIRECTION ( 'NONE',  ( 0.0000000000000000000, -1.000000000000000000, 0.0000000000000000000 ) ) ;
#1545 = FILL_AREA_STYLE_COLOUR ( '', #1996 ) ;
#1546 = ORIENTED_EDGE ( 'NONE', *, *, #1306, .T. ) ;
#1547 =( NAMED_UNIT ( * ) SI_UNIT ( $, .STERADIAN. ) SOLID_ANGLE_UNIT ( ) );
#1548 = PRESENTATION_STYLE_ASSIGNMENT (( #57 ) ) ;
#1549 = ORIENTED_EDGE ( 'NONE', *, *, #587, .T. ) ;
#1550 = VERTEX_POINT ( 'NONE', #1605 ) ;
#1551 = FACE_OUTER_BOUND ( 'NONE', #1023, .T. ) ;
#1552 = DIRECTION ( 'NONE',  ( 1.000000000000000000, 0.0000000000000000000, 0.0000000000000000000 ) ) ;
#1553 = EDGE_CURVE ( 'NONE', #2410, #1168, #2351, .T. ) ;
#1554 = LINE ( 'NONE', #1190, #457 ) ;
#1555 = EDGE_CURVE ( 'NONE', #1354, #1156, #105, .T. ) ;
#1556 = SURFACE_SIDE_STYLE ('',( #1754 ) ) ;
#1557 = LINE ( 'NONE', #2300, #1869 ) ;
#1558 = SURFACE_SIDE_STYLE ('',( #277 ) ) ;
#1559 = DIRECTION ( 'NONE',  ( -2.168404344971008868E-15, 0.0000000000000000000, -1.000000000000000000 ) ) ;
#1560 = AXIS2_PLACEMENT_3D ( 'NONE', #1828, #1123, #761 ) ;
#1561 = VECTOR ( 'NONE', #1940, 1000.000000000000000 ) ;
#1562 = ORIENTED_EDGE ( 'NONE', *, *, #869, .F. ) ;
#1563 =( LENGTH_UNIT ( ) NAMED_UNIT ( * ) SI_UNIT ( .MILLI., .METRE. ) );
#1564 = CARTESIAN_POINT ( 'NONE',  ( -1.750000000000000000, 1.100000000000000089, 0.2000000000000000111 ) ) ;
#1565 =( LENGTH_UNIT ( ) NAMED_UNIT ( * ) SI_UNIT ( .MILLI., .METRE. ) );
#1566 = EDGE_CURVE ( 'NONE', #1709, #2389, #1695, .T. ) ;
#1567 = FILL_AREA_STYLE_COLOUR ( '', #2008 ) ;
#1568 = VERTEX_POINT ( 'NONE', #1232 ) ;
#1569 = DIRECTION ( 'NONE',  ( -0.0000000000000000000, 1.000000000000000000, 0.0000000000000000000 ) ) ;
#1570 = FACE_OUTER_BOUND ( 'NONE', #1735, .T. ) ;
#1571 = VECTOR ( 'NONE', #512, 1000.000000000000000 ) ;
#1572 =( GEOMETRIC_REPRESENTATION_CONTEXT ( 3 ) GLOBAL_UNCERTAINTY_ASSIGNED_CONTEXT ( ( #2221 ) ) GLOBAL_UNIT_ASSIGNED_CONTEXT ( ( #778, #1518, #992 ) ) REPRESENTATION_CONTEXT ( 'NONE', 'WORKASPACE' ) );
#1573 = CARTESIAN_POINT ( 'NONE',  ( 1.598095863356491675, -1.399999999999999911, 0.9136670162049919108 ) ) ;
#1574 = VERTEX_POINT ( 'NONE', #474 ) ;
#1575 = LINE ( 'NONE', #2323, #1270 ) ;
#1576 = CIRCLE ( 'NONE', #547, 0.04999999403953547805 ) ;
#1577 = CARTESIAN_POINT ( 'NONE',  ( -1.558073771237850069, -1.399999999999999911, 0.1500000059604640612 ) ) ;
#1578 = PLANE ( 'NONE',  #2357 ) ;
#1579 = AXIS2_PLACEMENT_3D ( 'NONE', #234, #1119, #790 ) ;
#1580 = CARTESIAN_POINT ( 'NONE',  ( 0.0000000000000000000, 0.0000000000000000000, 0.0000000000000000000 ) ) ;
#1581 = VERTEX_POINT ( 'NONE', #2142 ) ;
#1582 = ADVANCED_FACE ( 'NONE', ( #1217 ), #2336, .F. ) ;
#1583 =( LENGTH_UNIT ( ) NAMED_UNIT ( * ) SI_UNIT ( .MILLI., .METRE. ) );
#1584 = DIRECTION ( 'NONE',  ( -0.9986295347545739443, 0.0000000000000000000, -0.05233595624294398729 ) ) ;
#1585 = EDGE_CURVE ( 'NONE', #86, #1204, #833, .T. ) ;
#1586 = LINE ( 'NONE', #2147, #1253 ) ;
#1587 = EDGE_LOOP ( 'NONE', ( #806, #1857, #1008, #738 ) ) ;
#1588 = CARTESIAN_POINT ( 'NONE',  ( 1.599999994039539741, -0.6340970263552706543, 1.699999999999999956 ) ) ;
#1589 = VERTEX_POINT ( 'NONE', #675 ) ;
#1590 = FACE_OUTER_BOUND ( 'NONE', #1329, .T. ) ;
#1591 = PRESENTATION_STYLE_ASSIGNMENT (( #2140 ) ) ;
#1592 = FILL_AREA_STYLE ('',( #1567 ) ) ;
#1593 = LINE ( 'NONE', #1768, #1044 ) ;
#1594 = DIRECTION ( 'NONE',  ( 0.0000000000000000000, 0.0000000000000000000, 1.000000000000000000 ) ) ;
#1595 =( LENGTH_UNIT ( ) NAMED_UNIT ( * ) SI_UNIT ( .MILLI., .METRE. ) );
#1596 = ADVANCED_FACE ( 'NONE', ( #1409 ), #1839, .F. ) ;
#1597 = EDGE_LOOP ( 'NONE', ( #2284, #668 ) ) ;
#1598 = AXIS2_PLACEMENT_3D ( 'NONE', #417, #266, #1876 ) ;
#1599 = VECTOR ( 'NONE', #303, 1000.000000000000000 ) ;
#1600 = FACE_OUTER_BOUND ( 'NONE', #883, .T. ) ;
#1601 = SURFACE_SIDE_STYLE ('',( #1937 ) ) ;
#1602 = SURFACE_STYLE_FILL_AREA ( #1592 ) ;
#1603 = FILL_AREA_STYLE ('',( #2132 ) ) ;
#1604 = SURFACE_STYLE_USAGE ( .BOTH. , #320 ) ;
#1605 = CARTESIAN_POINT ( 'NONE',  ( 1.558066242502942345, 0.3500000000000000333, 0.1503237632429338666 ) ) ;
#1606 = DIRECTION ( 'NONE',  ( 3.673940397442059868E-16, 0.0000000000000000000, -1.000000000000000000 ) ) ;
#1607 = SURFACE_STYLE_USAGE ( .BOTH. , #2374 ) ;
#1608 = AXIS2_PLACEMENT_3D ( 'NONE', #1745, #2166, #2299 ) ;
#1609 =( GEOMETRIC_REPRESENTATION_CONTEXT ( 3 ) GLOBAL_UNCERTAINTY_ASSIGNED_CONTEXT ( ( #475 ) ) GLOBAL_UNIT_ASSIGNED_CONTEXT ( ( #734, #698, #2404 ) ) REPRESENTATION_CONTEXT ( 'NONE', 'WORKASPACE' ) );
#1610 = CARTESIAN_POINT ( 'NONE',  ( 1.558073771237850069, 1.100000000000000089, 0.1500000059604650049 ) ) ;
#1611 = ORIENTED_EDGE ( 'NONE', *, *, #796, .F. ) ;
#1612 = FACE_OUTER_BOUND ( 'NONE', #653, .T. ) ;
#1613 = ORIENTED_EDGE ( 'NONE', *, *, #2381, .T. ) ;
#1614 = VECTOR ( 'NONE', #2419, 1000.000000000000000 ) ;
#1615 = ORIENTED_EDGE ( 'NONE', *, *, #2316, .T. ) ;
#1616 = EDGE_CURVE ( 'NONE', #849, #1112, #1118, .T. ) ;
#1617 = VECTOR ( 'NONE', #207, 1000.000000000000000 ) ;
#1618 =( NAMED_UNIT ( * ) SI_UNIT ( $, .STERADIAN. ) SOLID_ANGLE_UNIT ( ) );
#1619 = CARTESIAN_POINT ( 'NONE',  ( -1.558069108561417559, 0.3500000000000000888, 0.1503014086601812405 ) ) ;
#1620 = CIRCLE ( 'NONE', #1814, 0.04999999403953547805 ) ;
#1621 = CARTESIAN_POINT ( 'NONE',  ( -1.599999994039540185, -1.100000000000000089, 0.9499999940395349451 ) ) ;
#1622 = DIRECTION ( 'NONE',  ( -1.000000000000000000, 0.0000000000000000000, -1.807003620809174139E-16 ) ) ;
#1623 = ORIENTED_EDGE ( 'NONE', *, *, #233, .T. ) ;
#1624 = SURFACE_STYLE_USAGE ( .BOTH. , #719 ) ;
#1625 = ORIENTED_EDGE ( 'NONE', *, *, #1566, .F. ) ;
#1626 = EDGE_CURVE ( 'NONE', #148, #1172, #2032, .T. ) ;
#1627 = CARTESIAN_POINT ( 'NONE',  ( -0.8000000000000000444, -1.399999999999999911, 0.07500000298023219714 ) ) ;
#1628 = EDGE_LOOP ( 'NONE', ( #1077, #881, #1258, #343 ) ) ;
#1629 = DIRECTION ( 'NONE',  ( 1.000000000000000000, 0.0000000000000000000, 0.0000000000000000000 ) ) ;
#1630 = EDGE_CURVE ( 'NONE', #518, #1636, #2421, .T. ) ;
#1631 = PLANE ( 'NONE',  #159 ) ;
#1632 = SURFACE_SIDE_STYLE ('',( #2382 ) ) ;
#1633 = FACE_OUTER_BOUND ( 'NONE', #2066, .T. ) ;
#1634 = ORIENTED_EDGE ( 'NONE', *, *, #2222, .T. ) ;
#1635 = DIRECTION ( 'NONE',  ( 0.0000000000000000000, -1.000000000000000000, 0.0000000000000000000 ) ) ;
#1636 = VERTEX_POINT ( 'NONE', #934 ) ;
#1637 = VECTOR ( 'NONE', #498, 1000.000000000000000 ) ;
#1638 = FACE_OUTER_BOUND ( 'NONE', #625, .T. ) ;
#1639 = CARTESIAN_POINT ( 'NONE',  ( 0.8750000029802319501, -1.399999999999999911, 0.1500000059604650049 ) ) ;
#1640 = VERTEX_POINT ( 'NONE', #336 ) ;
#1641 = VECTOR ( 'NONE', #916, 1000.000000000000000 ) ;
#1642 = MECHANICAL_DESIGN_GEOMETRIC_PRESENTATION_REPRESENTATION (  '', ( #1330 ), #251 ) ;
#1643 = DIRECTION ( 'NONE',  ( -0.05233595624294398729, 0.0000000000000000000, 0.9986295347545739443 ) ) ;
#1644 = SURFACE_SIDE_STYLE ('',( #2168 ) ) ;
#1645 = SURFACE_SIDE_STYLE ('',( #1271 ) ) ;
#1646 = VERTEX_POINT ( 'NONE', #375 ) ;
#1647 = LINE ( 'NONE', #2253, #1656 ) ;
#1648 = DIRECTION ( 'NONE',  ( 0.0000000000000000000, -0.0000000000000000000, 1.000000000000000000 ) ) ;
#1649 = VERTEX_POINT ( 'NONE', #1290 ) ;
#1650 = VECTOR ( 'NONE', #112, 1000.000000000000000 ) ;
#1651 = PRESENTATION_STYLE_ASSIGNMENT (( #1624 ) ) ;
#1652 = UNCERTAINTY_MEASURE_WITH_UNIT (LENGTH_MEASURE( 1.000000000000000082E-05 ), #779, 'distance_accuracy_value', 'NONE');
#1653 = VECTOR ( 'NONE', #1997, 1000.000000000000000 ) ;
#1654 = ORIENTED_EDGE ( 'NONE', *, *, #1866, .T. ) ;
#1655 = DIRECTION ( 'NONE',  ( -1.000000000000000000, 0.0000000000000000000, -0.0000000000000000000 ) ) ;
#1656 = VECTOR ( 'NONE', #1099, 1000.000000000000000 ) ;
#1657 = ORIENTED_EDGE ( 'NONE', *, *, #914, .T. ) ;
#1658 = LINE ( 'NONE', #886, #1058 ) ;
#1659 = DIRECTION ( 'NONE',  ( 0.0000000000000000000, 1.000000000000000000, 0.0000000000000000000 ) ) ;
#1660 = AXIS2_PLACEMENT_3D ( 'NONE', #989, #1187, #1392 ) ;
#1661 = LINE ( 'NONE', #2018, #766 ) ;
#1662 = ADVANCED_FACE ( 'NONE', ( #2043 ), #2, .T. ) ;
#1663 = FACE_OUTER_BOUND ( 'NONE', #813, .T. ) ;
#1664 = EDGE_LOOP ( 'NONE', ( #1007, #1057, #1061, #578, #1170, #493, #1448, #19, #1743, #2385, #1623 ) ) ;
#1665 = CARTESIAN_POINT ( 'NONE',  ( -1.558067465032604293, -1.100000000002910427, 0.1502979597404366097 ) ) ;
#1666 = EDGE_CURVE ( 'NONE', #1581, #1679, #1773, .T. ) ;
#1667 = CARTESIAN_POINT ( 'NONE',  ( 0.8340970203948080419, -1.400000000000001021, 1.699999999999999956 ) ) ;
#1668 = EDGE_LOOP ( 'NONE', ( #2342, #176, #2291, #2093, #429, #1245, #491, #1527, #2187, #1395, #2293, #2138, #396, #844, #716, #685 ) ) ;
#1669 = ADVANCED_FACE ( 'NONE', ( #621 ), #399, .T. ) ;
#1670 = ORIENTED_EDGE ( 'NONE', *, *, #1348, .F. ) ;
#1671 = CARTESIAN_POINT ( 'NONE',  ( -1.599999994039537965, 1.100000000000000089, 0.2000000000000000111 ) ) ;
#1672 = LINE ( 'NONE', #735, #215 ) ;
#1673 = CARTESIAN_POINT ( 'NONE',  ( 1.550000000000000266, -0.3500000000000000333, 0.9000000000000001332 ) ) ;
#1674 = LINE ( 'NONE', #1067, #1214 ) ;
#1675 = DIRECTION ( 'NONE',  ( 0.0000000000000000000, 1.000000000000000000, 0.0000000000000000000 ) ) ;
#1676 = DIRECTION ( 'NONE',  ( -0.0000000000000000000, -1.000000000000000000, -0.0000000000000000000 ) ) ;
#1677 = ORIENTED_EDGE ( 'NONE', *, *, #1476, .F. ) ;
#1678 = EDGE_CURVE ( 'NONE', #1082, #518, #2084, .T. ) ;
#1679 = VERTEX_POINT ( 'NONE', #413 ) ;
#1680 = SURFACE_SIDE_STYLE ('',( #1490 ) ) ;
#1681 = CYLINDRICAL_SURFACE ( 'NONE', #1687, 0.2000000000000000111 ) ;
#1682 = COLOUR_RGB ( '',1.000000000000000000, 1.000000000000000000, 1.000000000000000000 ) ;
#1683 = CARTESIAN_POINT ( 'NONE',  ( -1.550000000000000266, -1.100000000000000089, 0.9000000000000001332 ) ) ;
#1684 = DIRECTION ( 'NONE',  ( 0.0000000000000000000, -0.0000000000000000000, 1.000000000000000000 ) ) ;
#1685 = LINE ( 'NONE', #355, #162 ) ;
#1686 = VERTEX_POINT ( 'NONE', #434 ) ;
#1687 = AXIS2_PLACEMENT_3D ( 'NONE', #954, #1117, #2094 ) ;
#1688 = ORIENTED_EDGE ( 'NONE', *, *, #1165, .F. ) ;
#1689 = EDGE_CURVE ( 'NONE', #2009, #1524, #49, .T. ) ;
#1690 = VECTOR ( 'NONE', #1908, 1000.000000000000000 ) ;
#1691 = AXIS2_PLACEMENT_3D ( 'NONE', #958, #2268, #1730 ) ;
#1692 = DIRECTION ( 'NONE',  ( -1.006200134210479957E-31, 1.000000000000000000, 0.0000000000000000000 ) ) ;
#1693 = PRESENTATION_STYLE_ASSIGNMENT (( #802 ) ) ;
#1694 = ADVANCED_FACE ( 'NONE', ( #1129, #1704 ), #1358, .T. ) ;
#1695 = CIRCLE ( 'NONE', #1147, 0.1999999999999999833 ) ;
#1696 = CARTESIAN_POINT ( 'NONE',  ( 1.599999994039537965, 1.100000000000000089, 0.2000000000000010103 ) ) ;
#1697 =( GEOMETRIC_REPRESENTATION_CONTEXT ( 3 ) GLOBAL_UNCERTAINTY_ASSIGNED_CONTEXT ( ( #853 ) ) GLOBAL_UNIT_ASSIGNED_CONTEXT ( ( #1565, #113, #1956 ) ) REPRESENTATION_CONTEXT ( 'NONE', 'WORKASPACE' ) );
#1698 = PLANE ( 'NONE',  #873 ) ;
#1699 = VECTOR ( 'NONE', #1127, 1000.000000000000000 ) ;
#1700 = CARTESIAN_POINT ( 'NONE',  ( 1.550000000000000266, 1.100000000000000089, 0.9000000000000001332 ) ) ;
#1701 = ORIENTED_EDGE ( 'NONE', *, *, #1013, .F. ) ;
#1702 = VERTEX_POINT ( 'NONE', #2105 ) ;
#1703 = CARTESIAN_POINT ( 'NONE',  ( 0.8750000029802319501, 1.399999999999999911, 0.1500000059604650049 ) ) ;
#1704 = FACE_OUTER_BOUND ( 'NONE', #275, .T. ) ;
#1705 = EDGE_CURVE ( 'NONE', #1072, #783, #965, .T. ) ;
#1706 = CARTESIAN_POINT ( 'NONE',  ( 1.599999994039540185, 1.399999999999999911, 1.899999999999999911 ) ) ;
#1707 = PLANE ( 'NONE',  #411 ) ;
#1708 = LINE ( 'NONE', #1511, #1095 ) ;
#1709 = VERTEX_POINT ( 'NONE', #2071 ) ;
#1710 = ORIENTED_EDGE ( 'NONE', *, *, #1348, .T. ) ;
#1711 =( LENGTH_UNIT ( ) NAMED_UNIT ( * ) SI_UNIT ( .MILLI., .METRE. ) );
#1712 = LINE ( 'NONE', #1334, #1617 ) ;
#1713 = CARTESIAN_POINT ( 'NONE',  ( 1.750000000000000000, -1.100000000000000089, 0.9000000000000001332 ) ) ;
#1714 = DIRECTION ( 'NONE',  ( -0.05233595624295177967, 0.0000000000000000000, -0.9986295347545735002 ) ) ;
#1715 = VECTOR ( 'NONE', #1748, 1000.000000000000000 ) ;
#1716 = CARTESIAN_POINT ( 'NONE',  ( 1.550000000000000266, -1.100000000000000089, 0.9000000000000001332 ) ) ;
#1717 = EDGE_CURVE ( 'NONE', #1550, #380, #2130, .T. ) ;
#1718 = MANIFOLD_SOLID_BREP ( 'Imported1', #2183 ) ;
#1719 = DIRECTION ( 'NONE',  ( -0.0000000000000000000, -1.000000000000000000, -0.0000000000000000000 ) ) ;
#1720 = ORIENTED_EDGE ( 'NONE', *, *, #585, .F. ) ;
#1721 = EDGE_CURVE ( 'NONE', #1833, #1091, #1778, .T. ) ;
#1722 = ORIENTED_EDGE ( 'NONE', *, *, #108, .F. ) ;
#1723 = CARTESIAN_POINT ( 'NONE',  ( 1.599999994039540185, 1.100000000000000089, 1.093649168849357700 ) ) ;
#1724 = PLANE ( 'NONE',  #2249 ) ;
#1725 = ORIENTED_EDGE ( 'NONE', *, *, #108, .T. ) ;
#1726 = CARTESIAN_POINT ( 'NONE',  ( -9.035018104045872851E-18, 0.0000000000000000000, 1.900000000000000133 ) ) ;
#1727 =( GEOMETRIC_REPRESENTATION_CONTEXT ( 3 ) GLOBAL_UNCERTAINTY_ASSIGNED_CONTEXT ( ( #1949 ) ) GLOBAL_UNIT_ASSIGNED_CONTEXT ( ( #1489, #2078, #2068 ) ) REPRESENTATION_CONTEXT ( 'NONE', 'WORKASPACE' ) );
#1728 = CARTESIAN_POINT ( 'NONE',  ( -1.599999994039540185, 1.100000000000000089, 1.093649168849357700 ) ) ;
#1729 = ORIENTED_EDGE ( 'NONE', *, *, #1885, .T. ) ;
#1730 = DIRECTION ( 'NONE',  ( -1.000000000000000000, 0.0000000000000000000, -1.807003620809174139E-16 ) ) ;
#1731 = VECTOR ( 'NONE', #607, 1000.000000000000000 ) ;
#1732 = VECTOR ( 'NONE', #1174, 1000.000000000000000 ) ;
#1733 = SURFACE_SIDE_STYLE ('',( #611 ) ) ;
#1734 = EDGE_CURVE ( 'NONE', #797, #279, #1984, .T. ) ;
#1735 = EDGE_LOOP ( 'NONE', ( #979, #2076, #1896, #664 ) ) ;
#1736 =( GEOMETRIC_REPRESENTATION_CONTEXT ( 3 ) GLOBAL_UNCERTAINTY_ASSIGNED_CONTEXT ( ( #2337 ) ) GLOBAL_UNIT_ASSIGNED_CONTEXT ( ( #1909, #591, #798 ) ) REPRESENTATION_CONTEXT ( 'NONE', 'WORKASPACE' ) );
#1737 = ADVANCED_BREP_SHAPE_REPRESENTATION ( '7F337A55-9CA5-47F1-B279-0BC6FE17FAF1', ( #1718, #988 ), #182 ) ;
#1738 = EDGE_CURVE ( 'NONE', #252, #1426, #654, .T. ) ;
#1739 = ORIENTED_EDGE ( 'NONE', *, *, #1476, .T. ) ;
#1740 = CIRCLE ( 'NONE', #804, 0.1999999999999999833 ) ;
#1741 = ORIENTED_EDGE ( 'NONE', *, *, #267, .T. ) ;
#1742 = LINE ( 'NONE', #101, #759 ) ;
#1743 = ORIENTED_EDGE ( 'NONE', *, *, #1179, .T. ) ;
#1744 = APPLICATION_PROTOCOL_DEFINITION ( 'draft international standard', 'automotive_design', 1998, #437 ) ;
#1745 = CARTESIAN_POINT ( 'NONE',  ( 0.0000000000000000000, 0.0000000000000000000, 1.850000000000000089 ) ) ;
#1746 = EDGE_LOOP ( 'NONE', ( #935, #1943, #2165, #2331, #1906, #2297, #1774, #590, #1366, #2274, #1085 ) ) ;
#1747 = DIRECTION ( 'NONE',  ( 4.469668518390110003E-16, 0.0000000000000000000, -1.000000000000000000 ) ) ;
#1748 = DIRECTION ( 'NONE',  ( -1.000000000000000000, -0.0000000000000000000, -0.0000000000000000000 ) ) ;
#1749 = ORIENTED_EDGE ( 'NONE', *, *, #1791, .T. ) ;
#1750 = DIRECTION ( 'NONE',  ( 0.0000000000000000000, -0.0000000000000000000, 1.000000000000000000 ) ) ;
#1751 = ADVANCED_FACE ( 'NONE', ( #637 ), #684, .F. ) ;
#1752 = DIRECTION ( 'NONE',  ( 0.0000000000000000000, 1.000000000000000000, 0.0000000000000000000 ) ) ;
#1753 = DIRECTION ( 'NONE',  ( 0.0000000000000000000, 0.0000000000000000000, 1.000000000000000000 ) ) ;
#1754 = SURFACE_STYLE_FILL_AREA ( #510 ) ;
#1755 = CARTESIAN_POINT ( 'NONE',  ( -1.598095863356486124, -1.399999999999999911, 0.9136670162050023469 ) ) ;
#1756 = MECHANICAL_DESIGN_GEOMETRIC_PRESENTATION_REPRESENTATION (  '', ( #1363 ), #1208 ) ;
#1757 = DIRECTION ( 'NONE',  ( -2.168404344971008868E-15, 0.0000000000000000000, -1.000000000000000000 ) ) ;
#1758 = DIRECTION ( 'NONE',  ( 0.0000000000000000000, 0.0000000000000000000, 1.000000000000000000 ) ) ;
#1759 = ORIENTED_EDGE ( 'NONE', *, *, #2296, .T. ) ;
#1760 = VECTOR ( 'NONE', #890, 1000.000000000000000 ) ;
#1761 = AXIS2_PLACEMENT_3D ( 'NONE', #1716, #946, #16 ) ;
#1762 = CARTESIAN_POINT ( 'NONE',  ( -0.8750000029802318391, -1.399999999999999911, 0.1500000059604640057 ) ) ;
#1763 = ORIENTED_EDGE ( 'NONE', *, *, #172, .F. ) ;
#1764 = CARTESIAN_POINT ( 'NONE',  ( 0.0000000000000000000, -1.100000000000000089, 0.0000000000000000000 ) ) ;
#1765 = ADVANCED_FACE ( 'NONE', ( #296 ), #1578, .T. ) ;
#1766 = SURFACE_STYLE_FILL_AREA ( #655 ) ;
#1767 = EDGE_CURVE ( 'NONE', #1568, #1264, #2176, .T. ) ;
#1768 = CARTESIAN_POINT ( 'NONE',  ( 1.558073771237850069, -1.399999999999999911, 0.1500000059604650049 ) ) ;
#1769 = DIRECTION ( 'NONE',  ( 0.0000000000000000000, 1.000000000000000000, 0.0000000000000000000 ) ) ;
#1770 = SURFACE_STYLE_USAGE ( .BOTH. , #1558 ) ;
#1771 = CARTESIAN_POINT ( 'NONE',  ( -1.599999994039540185, 1.100000000000000089, 0.9499999940395349451 ) ) ;
#1772 = AXIS2_PLACEMENT_3D ( 'NONE', #381, #2411, #1449 ) ;
#1773 = CIRCLE ( 'NONE', #1459, 1.199999999999999956 ) ;
#1774 = ORIENTED_EDGE ( 'NONE', *, *, #1913, .F. ) ;
#1775 = LINE ( 'NONE', #1009, #185 ) ;
#1776 = ORIENTED_EDGE ( 'NONE', *, *, #585, .T. ) ;
#1777 = DIRECTION ( 'NONE',  ( 8.673618413859932114E-15, 0.0000000000000000000, 1.000000000000000000 ) ) ;
#1778 = LINE ( 'NONE', #1238, #1024 ) ;
#1779 = SURFACE_STYLE_USAGE ( .BOTH. , #1372 ) ;
#1780 = ORIENTED_EDGE ( 'NONE', *, *, #1277, .T. ) ;
#1781 = ADVANCED_FACE ( 'NONE', ( #1251 ), #517, .T. ) ;
#1782 = DIRECTION ( 'NONE',  ( 0.0000000000000000000, -1.000000000000000000, 0.0000000000000000000 ) ) ;
#1783 =( LENGTH_UNIT ( ) NAMED_UNIT ( * ) SI_UNIT ( .MILLI., .METRE. ) );
#1784 = ORIENTED_EDGE ( 'NONE', *, *, #2042, .F. ) ;
#1785 =( NAMED_UNIT ( * ) SI_UNIT ( $, .STERADIAN. ) SOLID_ANGLE_UNIT ( ) );
#1786 = CARTESIAN_POINT ( 'NONE',  ( -3.116067714095729801, -0.3499999999999999778, -1.355252715606879926E-17 ) ) ;
#1787 = VERTEX_POINT ( 'NONE', #884 ) ;
#1788 = CYLINDRICAL_SURFACE ( 'NONE', #1220, 0.04999999403953547805 ) ;
#1789 = FILL_AREA_STYLE ('',( #731 ) ) ;
#1790 = CARTESIAN_POINT ( 'NONE',  ( -0.8750000029802319501, -0.3500000000000000333, 0.1500000059604640057 ) ) ;
#1791 = EDGE_CURVE ( 'NONE', #960, #2009, #2390, .T. ) ;
#1792 = CARTESIAN_POINT ( 'NONE',  ( -1.558073771237850069, 0.3500000000000000333, 0.1500000059604650049 ) ) ;
#1793 = EDGE_LOOP ( 'NONE', ( #354, #1236, #100, #1820 ) ) ;
#1794 = AXIS2_PLACEMENT_3D ( 'NONE', #225, #1719, #2283 ) ;
#1795 = EDGE_CURVE ( 'NONE', #148, #1524, #1672, .T. ) ;
#1796 = DIRECTION ( 'NONE',  ( -1.000000000000000000, 0.0000000000000000000, -0.0000000000000000000 ) ) ;
#1797 = ORIENTED_EDGE ( 'NONE', *, *, #1717, .F. ) ;
#1798 = SURFACE_SIDE_STYLE ('',( #2114 ) ) ;
#1799 = ORIENTED_EDGE ( 'NONE', *, *, #63, .F. ) ;
#1800 = LINE ( 'NONE', #153, #376 ) ;
#1801 = CARTESIAN_POINT ( 'NONE',  ( -1.599999994039540185, -1.100000000000000089, 0.0000000000000000000 ) ) ;
#1802 = ORIENTED_EDGE ( 'NONE', *, *, #2396, .F. ) ;
#1803 = AXIS2_PLACEMENT_3D ( 'NONE', #1713, #2070, #1692 ) ;
#1804 = EDGE_CURVE ( 'NONE', #47, #1935, #2234, .T. ) ;
#1805 = ORIENTED_EDGE ( 'NONE', *, *, #1840, .F. ) ;
#1806 = AXIS2_PLACEMENT_3D ( 'NONE', #24, #1130, #1862 ) ;
#1807 = MECHANICAL_DESIGN_GEOMETRIC_PRESENTATION_REPRESENTATION (  '', ( #650 ), #760 ) ;
#1808 = EDGE_CURVE ( 'NONE', #726, #430, #372, .T. ) ;
#1809 = VECTOR ( 'NONE', #822, 1000.000000000000000 ) ;
#1810 =( LENGTH_UNIT ( ) NAMED_UNIT ( * ) SI_UNIT ( .MILLI., .METRE. ) );
#1811 = VECTOR ( 'NONE', #410, 1000.000000000000000 ) ;
#1812 = CARTESIAN_POINT ( 'NONE',  ( 1.750000000000000000, -1.100000000000000089, 0.0000000000000000000 ) ) ;
#1813 =( LENGTH_UNIT ( ) NAMED_UNIT ( * ) SI_UNIT ( .MILLI., .METRE. ) );
#1814 = AXIS2_PLACEMENT_3D ( 'NONE', #338, #1815, #898 ) ;
#1815 = DIRECTION ( 'NONE',  ( -0.0000000000000000000, 1.000000000000000000, 0.0000000000000000000 ) ) ;
#1816 = SURFACE_STYLE_USAGE ( .BOTH. , #1273 ) ;
#1817 = ORIENTED_EDGE ( 'NONE', *, *, #1914, .F. ) ;
#1818 = LINE ( 'NONE', #575, #2006 ) ;
#1819 = LINE ( 'NONE', #147, #1760 ) ;
#1820 = ORIENTED_EDGE ( 'NONE', *, *, #639, .T. ) ;
#1821 = SURFACE_STYLE_USAGE ( .BOTH. , #1440 ) ;
#1822 = ADVANCED_FACE ( 'NONE', ( #551 ), #2012, .F. ) ;
#1823 = DIRECTION ( 'NONE',  ( 0.0000000000000000000, -0.0000000000000000000, -1.000000000000000000 ) ) ;
#1824 = CARTESIAN_POINT ( 'NONE',  ( -0.8750000029802319501, 1.100000000000000089, 0.1500000059604640057 ) ) ;
#1825 = DIRECTION ( 'NONE',  ( 0.0000000000000000000, -1.000000000000000000, 0.0000000000000000000 ) ) ;
#1826 = CARTESIAN_POINT ( 'NONE',  ( -0.8750000029802319501, -1.100000000000000089, 0.1500000059604640057 ) ) ;
#1827 = ORIENTED_EDGE ( 'NONE', *, *, #193, .F. ) ;
#1828 = CARTESIAN_POINT ( 'NONE',  ( -1.750000000000000000, -1.100000000000000089, 0.2000000000000000111 ) ) ;
#1829 = VERTEX_POINT ( 'NONE', #571 ) ;
#1830 = PLANE ( 'NONE',  #54 ) ;
#1831 = ORIENTED_EDGE ( 'NONE', *, *, #59, .T. ) ;
#1832 = SURFACE_STYLE_FILL_AREA ( #359 ) ;
#1833 = VERTEX_POINT ( 'NONE', #1076 ) ;
#1834 = CIRCLE ( 'NONE', #1169, 0.1999999999999999833 ) ;
#1835 = EDGE_CURVE ( 'NONE', #706, #1468, #151, .T. ) ;
#1836 = AXIS2_PLACEMENT_3D ( 'NONE', #1471, #899, #2056 ) ;
#1837 = PLANE ( 'NONE',  #1803 ) ;
#1838 = SURFACE_STYLE_FILL_AREA ( #115 ) ;
#1839 = PLANE ( 'NONE',  #2397 ) ;
#1840 = EDGE_CURVE ( 'NONE', #1702, #1156, #2275, .T. ) ;
#1841 = LINE ( 'NONE', #1434, #2282 ) ;
#1842 = ORIENTED_EDGE ( 'NONE', *, *, #885, .F. ) ;
#1843 = CARTESIAN_POINT ( 'NONE',  ( 3.395325587414169899, 0.3499999999999999778, 0.0000000000000000000 ) ) ;
#1844 = ORIENTED_EDGE ( 'NONE', *, *, #699, .T. ) ;
#1845 = VECTOR ( 'NONE', #1368, 1000.000000000000114 ) ;
#1846 = UNCERTAINTY_MEASURE_WITH_UNIT (LENGTH_MEASURE( 1.000000000000000082E-05 ), #1175, 'distance_accuracy_value', 'NONE');
#1847 = MECHANICAL_DESIGN_GEOMETRIC_PRESENTATION_REPRESENTATION (  '', ( #2276 ), #420 ) ;
#1848 = ORIENTED_EDGE ( 'NONE', *, *, #1689, .F. ) ;
#1849 = CARTESIAN_POINT ( 'NONE',  ( 0.9499999999999998446, 0.3500000000000000333, 0.1500000059604647551 ) ) ;
#1850 = PRESENTATION_LAYER_ASSIGNMENT (  '', '', ( #951 ) ) ;
#1851 = CARTESIAN_POINT ( 'NONE',  ( -0.9499999999999998446, -0.3500000000000000333, 0.1500000059604640057 ) ) ;
#1852 = PRESENTATION_LAYER_ASSIGNMENT (  '', '', ( #500 ) ) ;
#1853 =( NAMED_UNIT ( * ) SI_UNIT ( $, .STERADIAN. ) SOLID_ANGLE_UNIT ( ) );
#1854 = VERTEX_POINT ( 'NONE', #618 ) ;
#1855 = ADVANCED_FACE ( 'NONE', ( #776 ), #1724, .T. ) ;
#1856 = DIRECTION ( 'NONE',  ( 0.0000000000000000000, -1.000000000000000000, 0.0000000000000000000 ) ) ;
#1857 = ORIENTED_EDGE ( 'NONE', *, *, #42, .F. ) ;
#1858 = ORIENTED_EDGE ( 'NONE', *, *, #2427, .F. ) ;
#1859 = FILL_AREA_STYLE_COLOUR ( '', #644 ) ;
#1860 = DIRECTION ( 'NONE',  ( -0.0000000000000000000, -1.000000000000000000, -0.0000000000000000000 ) ) ;
#1861 = FACE_OUTER_BOUND ( 'NONE', #1281, .T. ) ;
#1862 = DIRECTION ( 'NONE',  ( -1.000000000000000000, 0.0000000000000000000, -1.807003620809174139E-16 ) ) ;
#1863 = CARTESIAN_POINT ( 'NONE',  ( 1.550000000000000266, 0.3500000000000000333, 0.9000000000000001332 ) ) ;
#1864 = EDGE_CURVE ( 'NONE', #466, #1541, #1712, .T. ) ;
#1865 = ORIENTED_EDGE ( 'NONE', *, *, #1585, .F. ) ;
#1866 = EDGE_CURVE ( 'NONE', #430, #1962, #2264, .T. ) ;
#1867 = ORIENTED_EDGE ( 'NONE', *, *, #433, .T. ) ;
#1868 = LINE ( 'NONE', #603, #1699 ) ;
#1869 = VECTOR ( 'NONE', #2117, 1000.000000000000000 ) ;
#1870 = LINE ( 'NONE', #1911, #2113 ) ;
#1871 = SURFACE_SIDE_STYLE ('',( #1922 ) ) ;
#1872 = CIRCLE ( 'NONE', #2185, 0.1999999999999999833 ) ;
#1873 = VECTOR ( 'NONE', #1339, 1000.000000000000000 ) ;
#1874 =( NAMED_UNIT ( * ) SI_UNIT ( $, .STERADIAN. ) SOLID_ANGLE_UNIT ( ) );
#1875 = FILL_AREA_STYLE ('',( #55 ) ) ;
#1876 = DIRECTION ( 'NONE',  ( 0.0000000000000000000, 0.0000000000000000000, -1.000000000000000000 ) ) ;
#1877 = ORIENTED_EDGE ( 'NONE', *, *, #1879, .T. ) ;
#1878 = EDGE_CURVE ( 'NONE', #960, #184, #45, .T. ) ;
#1879 = EDGE_CURVE ( 'NONE', #1260, #157, #2430, .T. ) ;
#1880 = AXIS2_PLACEMENT_3D ( 'NONE', #1203, #311, #2334 ) ;
#1881 = ORIENTED_EDGE ( 'NONE', *, *, #422, .T. ) ;
#1882 = CARTESIAN_POINT ( 'NONE',  ( -1.558067465032604515, 1.100000000001654099, 0.1502979597404378587 ) ) ;
#1883 = CARTESIAN_POINT ( 'NONE',  ( -1.599999994039540185, 0.3500000000000000333, 0.9499999940395349451 ) ) ;
#1884 = VECTOR ( 'NONE', #494, 1000.000000000000000 ) ;
#1885 = EDGE_CURVE ( 'NONE', #2023, #440, #1503, .T. ) ;
#1886 = VERTEX_POINT ( 'NONE', #753 ) ;
#1887 = AXIS2_PLACEMENT_3D ( 'NONE', #1205, #1963, #704 ) ;
#1888 = LINE ( 'NONE', #1703, #831 ) ;
#1889 = PRESENTATION_STYLE_ASSIGNMENT (( #976 ) ) ;
#1890 = AXIS2_PLACEMENT_3D ( 'NONE', #2189, #921, #332 ) ;
#1891 = LINE ( 'NONE', #400, #2313 ) ;
#1892 = VECTOR ( 'NONE', #787, 1000.000000000000000 ) ;
#1893 = CARTESIAN_POINT ( 'NONE',  ( 0.9499999999999999556, -1.100000000000000089, 3.490243377569960005E-16 ) ) ;
#1894 = STYLED_ITEM ( 'NONE', ( #2002 ), #2270 ) ;
#1895 = LINE ( 'NONE', #210, #483 ) ;
#1896 = ORIENTED_EDGE ( 'NONE', *, *, #1808, .F. ) ;
#1897 = ORIENTED_EDGE ( 'NONE', *, *, #2058, .F. ) ;
#1898 = CARTESIAN_POINT ( 'NONE',  ( 0.8750000029802320611, -1.399999999999999911, 0.1500000059604650049 ) ) ;
#1899 = EDGE_CURVE ( 'NONE', #1429, #1252, #1347, .T. ) ;
#1900 = CARTESIAN_POINT ( 'NONE',  ( -1.599999994039540185, -1.399999999999999911, 1.899999999999999911 ) ) ;
#1901 = CARTESIAN_POINT ( 'NONE',  ( -1.550000000000000266, -0.3500000000000000333, 0.9000000000000001332 ) ) ;
#1902 = DIRECTION ( 'NONE',  ( -0.0000000000000000000, -1.000000000000000000, -0.0000000000000000000 ) ) ;
#1903 =( NAMED_UNIT ( * ) PLANE_ANGLE_UNIT ( ) SI_UNIT ( $, .RADIAN. ) );
#1904 = UNCERTAINTY_MEASURE_WITH_UNIT (LENGTH_MEASURE( 1.000000000000000082E-05 ), #670, 'distance_accuracy_value', 'NONE');
#1905 = LINE ( 'NONE', #2303, #714 ) ;
#1906 = ORIENTED_EDGE ( 'NONE', *, *, #1078, .F. ) ;
#1907 = ORIENTED_EDGE ( 'NONE', *, *, #250, .T. ) ;
#1908 = DIRECTION ( 'NONE',  ( 1.807003620809169948E-16, 0.0000000000000000000, -1.000000000000000000 ) ) ;
#1909 =( LENGTH_UNIT ( ) NAMED_UNIT ( * ) SI_UNIT ( .MILLI., .METRE. ) );
#1910 = ORIENTED_EDGE ( 'NONE', *, *, #454, .T. ) ;
#1911 = CARTESIAN_POINT ( 'NONE',  ( -1.599999994039539963, 0.3499999999999999778, 0.0000000000000000000 ) ) ;
#1912 =( LENGTH_UNIT ( ) NAMED_UNIT ( * ) SI_UNIT ( .MILLI., .METRE. ) );
#1913 = EDGE_CURVE ( 'NONE', #1646, #152, #1515, .T. ) ;
#1914 = EDGE_CURVE ( 'NONE', #1574, #227, #932, .T. ) ;
#1915 = DIRECTION ( 'NONE',  ( 0.0000000000000000000, 0.0000000000000000000, -1.000000000000000000 ) ) ;
#1916 = COLOUR_RGB ( '',1.000000000000000000, 1.000000000000000000, 1.000000000000000000 ) ;
#1917 = LINE ( 'NONE', #808, #444 ) ;
#1918 = VERTEX_POINT ( 'NONE', #11 ) ;
#1919 = ORIENTED_EDGE ( 'NONE', *, *, #937, .T. ) ;
#1920 = CARTESIAN_POINT ( 'NONE',  ( -0.9499999999999999556, 1.100000000000000089, 0.0000000000000000000 ) ) ;
#1921 = DIRECTION ( 'NONE',  ( 0.0000000000000000000, 0.0000000000000000000, 1.000000000000000000 ) ) ;
#1922 = SURFACE_STYLE_FILL_AREA ( #243 ) ;
#1923 = ORIENTED_EDGE ( 'NONE', *, *, #1421, .F. ) ;
#1924 = CIRCLE ( 'NONE', #1378, 0.2000000000000000111 ) ;
#1925 = ORIENTED_EDGE ( 'NONE', *, *, #2180, .T. ) ;
#1926 = UNCERTAINTY_MEASURE_WITH_UNIT (LENGTH_MEASURE( 1.000000000000000082E-05 ), #554, 'distance_accuracy_value', 'NONE');
#1927 = VECTOR ( 'NONE', #1714, 1000.000000000000000 ) ;
#1928 = DIRECTION ( 'NONE',  ( -0.05233595624294398729, 0.0000000000000000000, 0.9986295347545739443 ) ) ;
#1929 = EDGE_CURVE ( 'NONE', #1640, #1172, #1868, .T. ) ;
#1930 = VECTOR ( 'NONE', #198, 1000.000000000000000 ) ;
#1931 = ORIENTED_EDGE ( 'NONE', *, *, #2425, .T. ) ;
#1932 = VECTOR ( 'NONE', #174, 1000.000000000000000 ) ;
#1933 = FILL_AREA_STYLE_COLOUR ( '', #1964 ) ;
#1934 = DIRECTION ( 'NONE',  ( 0.0000000000000000000, 0.0000000000000000000, -1.000000000000000000 ) ) ;
#1935 = VERTEX_POINT ( 'NONE', #2069 ) ;
#1936 = LINE ( 'NONE', #1786, #536 ) ;
#1937 = SURFACE_STYLE_FILL_AREA ( #1201 ) ;
#1938 = CYLINDRICAL_SURFACE ( 'NONE', #1880, 0.04999999403953547805 ) ;
#1939 = VERTEX_POINT ( 'NONE', #2079 ) ;
#1940 = DIRECTION ( 'NONE',  ( -0.0000000000000000000, -1.000000000000000000, -0.0000000000000000000 ) ) ;
#1941 = VERTEX_POINT ( 'NONE', #2343 ) ;
#1942 = ADVANCED_FACE ( 'NONE', ( #811 ), #679, .T. ) ;
#1943 = ORIENTED_EDGE ( 'NONE', *, *, #264, .F. ) ;
#1944 = CARTESIAN_POINT ( 'NONE',  ( -1.550000000000000266, -0.3500000000000000333, 0.2000000000000000111 ) ) ;
#1945 = EDGE_CURVE ( 'NONE', #2190, #803, #1209, .T. ) ;
#1946 = LINE ( 'NONE', #74, #1182 ) ;
#1947 = CARTESIAN_POINT ( 'NONE',  ( 1.599999994039537965, 0.3500000000000000333, 0.9000000000000001332 ) ) ;
#1948 = CARTESIAN_POINT ( 'NONE',  ( -1.550000000000000266, 0.3500000000000000333, 0.2000000000000000111 ) ) ;
#1949 = UNCERTAINTY_MEASURE_WITH_UNIT (LENGTH_MEASURE( 1.000000000000000082E-05 ), #1489, 'distance_accuracy_value', 'NONE');
#1950 = LINE ( 'NONE', #96, #1599 ) ;
#1951 = VECTOR ( 'NONE', #305, 1000.000000000000000 ) ;
#1952 = VECTOR ( 'NONE', #392, 1000.000000000000000 ) ;
#1953 = LINE ( 'NONE', #843, #1400 ) ;
#1954 = CARTESIAN_POINT ( 'NONE',  ( -1.550000000000000266, -0.3500000000000000333, 0.2000000000000000111 ) ) ;
#1955 = CARTESIAN_POINT ( 'NONE',  ( 0.0000000000000000000, 1.100000000000000089, 0.0000000000000000000 ) ) ;
#1956 =( NAMED_UNIT ( * ) SI_UNIT ( $, .STERADIAN. ) SOLID_ANGLE_UNIT ( ) );
#1957 = ORIENTED_EDGE ( 'NONE', *, *, #2431, .T. ) ;
#1958 = EDGE_CURVE ( 'NONE', #152, #380, #423, .T. ) ;
#1959 =( NAMED_UNIT ( * ) SI_UNIT ( $, .STERADIAN. ) SOLID_ANGLE_UNIT ( ) );
#1960 = VECTOR ( 'NONE', #537, 1000.000000000000000 ) ;
#1961 = SURFACE_STYLE_USAGE ( .BOTH. , #472 ) ;
#1962 = VERTEX_POINT ( 'NONE', #1588 ) ;
#1963 = DIRECTION ( 'NONE',  ( 1.807003620809169948E-16, 0.0000000000000000000, -1.000000000000000000 ) ) ;
#1964 = COLOUR_RGB ( '',1.000000000000000000, 1.000000000000000000, 1.000000000000000000 ) ;
#1965 = DIRECTION ( 'NONE',  ( -0.0000000000000000000, -1.000000000000000000, -0.0000000000000000000 ) ) ;
#1966 = PLANE ( 'NONE',  #1836 ) ;
#1967 = AXIS2_PLACEMENT_3D ( 'NONE', #1900, #768, #1505 ) ;
#1968 = ORIENTED_EDGE ( 'NONE', *, *, #1914, .T. ) ;
#1969 = CIRCLE ( 'NONE', #915, 0.2000000000000000111 ) ;
#1970 = AXIS2_PLACEMENT_3D ( 'NONE', #2121, #996, #1757 ) ;
#1971 = EDGE_LOOP ( 'NONE', ( #331, #514, #516, #1207 ) ) ;
#1972 = DIRECTION ( 'NONE',  ( 3.673940397442059868E-16, 0.0000000000000000000, -1.000000000000000000 ) ) ;
#1973 = DIRECTION ( 'NONE',  ( 0.0000000000000000000, -0.0000000000000000000, -1.000000000000000000 ) ) ;
#1974 = ORIENTED_EDGE ( 'NONE', *, *, #1242, .F. ) ;
#1975 = ORIENTED_EDGE ( 'NONE', *, *, #1262, .F. ) ;
#1976 = EDGE_CURVE ( 'NONE', #1124, #1112, #1969, .T. ) ;
#1977 = CARTESIAN_POINT ( 'NONE',  ( 0.0000000000000000000, -1.399999999999999911, 0.0000000000000000000 ) ) ;
#1978 = CARTESIAN_POINT ( 'NONE',  ( -0.9499999999999999556, -1.100000000000000089, 0.0000000000000000000 ) ) ;
#1979 = CARTESIAN_POINT ( 'NONE',  ( -1.750000000000000222, 0.3500000000000000333, 0.9000000000000001332 ) ) ;
#1980 = ORIENTED_EDGE ( 'NONE', *, *, #1114, .T. ) ;
#1981 = DIRECTION ( 'NONE',  ( 0.0000000000000000000, 0.0000000000000000000, -1.000000000000000000 ) ) ;
#1982 = ORIENTED_EDGE ( 'NONE', *, *, #2381, .F. ) ;
#1983 = DIRECTION ( 'NONE',  ( 1.000000000000000000, -0.0000000000000000000, 4.469668518390110003E-16 ) ) ;
#1984 = LINE ( 'NONE', #469, #1809 ) ;
#1985 = VERTEX_POINT ( 'NONE', #635 ) ;
#1986 = DIRECTION ( 'NONE',  ( 0.0000000000000000000, 1.000000000000000000, 0.0000000000000000000 ) ) ;
#1987 = CARTESIAN_POINT ( 'NONE',  ( 1.599999994039540185, -1.399999999999999911, 0.9499999940395360554 ) ) ;
#1988 = EDGE_CURVE ( 'NONE', #1985, #2223, #1188, .T. ) ;
#1989 = PLANE ( 'NONE',  #56 ) ;
#1990 = DIRECTION ( 'NONE',  ( 0.0000000000000000000, -0.0000000000000000000, 1.000000000000000000 ) ) ;
#1991 = ORIENTED_EDGE ( 'NONE', *, *, #1678, .T. ) ;
#1992 = EDGE_CURVE ( 'NONE', #1524, #184, #819, .T. ) ;
#1993 = DIRECTION ( 'NONE',  ( 0.05233595624294398729, -0.0000000000000000000, -0.9986295347545739443 ) ) ;
#1994 = ORIENTED_EDGE ( 'NONE', *, *, #2413, .F. ) ;
#1995 = VECTOR ( 'NONE', #1928, 1000.000000000000000 ) ;
#1996 = COLOUR_RGB ( '',1.000000000000000000, 1.000000000000000000, 1.000000000000000000 ) ;
#1997 = DIRECTION ( 'NONE',  ( -0.0000000000000000000, 1.000000000000000000, 0.0000000000000000000 ) ) ;
#1998 = ORIENTED_EDGE ( 'NONE', *, *, #478, .T. ) ;
#1999 = FACE_OUTER_BOUND ( 'NONE', #2013, .T. ) ;
#2000 = CARTESIAN_POINT ( 'NONE',  ( -1.558073771237850069, 1.399999999999999911, 0.1500000059604640057 ) ) ;
#2001 = CIRCLE ( 'NONE', #1060, 1.199999999999999956 ) ;
#2002 = PRESENTATION_STYLE_ASSIGNMENT (( #1483 ) ) ;
#2003 = SURFACE_STYLE_FILL_AREA ( #924 ) ;
#2004 = ORIENTED_EDGE ( 'NONE', *, *, #1109, .T. ) ;
#2005 = STYLED_ITEM ( 'NONE', ( #961 ), #1319 ) ;
#2006 = VECTOR ( 'NONE', #1675, 1000.000000000000000 ) ;
#2007 = ORIENTED_EDGE ( 'NONE', *, *, #1242, .T. ) ;
#2008 = COLOUR_RGB ( '',0.7294117647058823151, 0.7960784313725489669, 0.6274509803921568540 ) ;
#2009 = VERTEX_POINT ( 'NONE', #1762 ) ;
#2010 = AXIS2_PLACEMENT_3D ( 'NONE', #2347, #848, #1973 ) ;
#2011 = DIRECTION ( 'NONE',  ( 0.0000000000000000000, 0.0000000000000000000, -1.000000000000000000 ) ) ;
#2012 = CYLINDRICAL_SURFACE ( 'NONE', #2053, 0.04999999403953550581 ) ;
#2013 = EDGE_LOOP ( 'NONE', ( #1002, #299, #1488, #1925 ) ) ;
#2014 = AXIS2_PLACEMENT_3D ( 'NONE', #1286, #2220, #1981 ) ;
#2015 = CARTESIAN_POINT ( 'NONE',  ( -1.550000000000000266, -1.100000000000000089, 0.2000000000000000111 ) ) ;
#2016 = CARTESIAN_POINT ( 'NONE',  ( -1.550000000000000266, -1.100000000000000089, 0.2000000000000000111 ) ) ;
#2017 = AXIS2_PLACEMENT_3D ( 'NONE', #658, #828, #288 ) ;
#2018 = CARTESIAN_POINT ( 'NONE',  ( 0.9499999999999999556, -1.100000000000000089, 4.469960816887840402E-16 ) ) ;
#2019 = PLANE ( 'NONE',  #1482 ) ;
#2020 = ORIENTED_EDGE ( 'NONE', *, *, #1585, .T. ) ;
#2021 = CARTESIAN_POINT ( 'NONE',  ( 0.0000000000000000000, 1.100000000000000089, 0.0000000000000000000 ) ) ;
#2022 = DIRECTION ( 'NONE',  ( -0.0000000000000000000, 1.000000000000000000, -0.0000000000000000000 ) ) ;
#2023 = VERTEX_POINT ( 'NONE', #1920 ) ;
#2024 = DIRECTION ( 'NONE',  ( 0.0000000000000000000, 0.0000000000000000000, -1.000000000000000000 ) ) ;
#2025 = UNCERTAINTY_MEASURE_WITH_UNIT (LENGTH_MEASURE( 1.000000000000000082E-05 ), #137, 'distance_accuracy_value', 'NONE');
#2026 = EDGE_CURVE ( 'NONE', #993, #1252, #1022, .T. ) ;
#2027 = ORIENTED_EDGE ( 'NONE', *, *, #90, .F. ) ;
#2028 = FILL_AREA_STYLE_COLOUR ( '', #2199 ) ;
#2029 = SURFACE_SIDE_STYLE ('',( #140 ) ) ;
#2030 = ORIENTED_EDGE ( 'NONE', *, *, #599, .T. ) ;
#2031 = CARTESIAN_POINT ( 'NONE',  ( -1.550000000000000266, 0.3500000000000000333, 0.0000000000000000000 ) ) ;
#2032 = LINE ( 'NONE', #2000, #297 ) ;
#2033 = FILL_AREA_STYLE_COLOUR ( '', #2322 ) ;
#2034 = LINE ( 'NONE', #746, #901 ) ;
#2035 = ORIENTED_EDGE ( 'NONE', *, *, #796, .T. ) ;
#2036 = DIRECTION ( 'NONE',  ( -5.463025590873370530E-32, 1.000000000000000000, 0.0000000000000000000 ) ) ;
#2037 = ORIENTED_EDGE ( 'NONE', *, *, #699, .F. ) ;
#2038 = STYLED_ITEM ( 'NONE', ( #1548 ), #529 ) ;
#2039 = CARTESIAN_POINT ( 'NONE',  ( 1.550000000000000266, -1.100000000000000089, 0.2000000000000010103 ) ) ;
#2040 = DIRECTION ( 'NONE',  ( 0.0000000000000000000, 1.000000000000000000, 0.0000000000000000000 ) ) ;
#2041 =( NAMED_UNIT ( * ) PLANE_ANGLE_UNIT ( ) SI_UNIT ( $, .RADIAN. ) );
#2042 = EDGE_CURVE ( 'NONE', #2410, #1320, #2305, .T. ) ;
#2043 = FACE_OUTER_BOUND ( 'NONE', #903, .T. ) ;
#2044 = DIRECTION ( 'NONE',  ( -8.126670033436559944E-17, 0.0000000000000000000, -1.000000000000000000 ) ) ;
#2045 = DIRECTION ( 'NONE',  ( -5.463025590873370530E-32, 1.000000000000000000, 0.0000000000000000000 ) ) ;
#2046 = PLANE ( 'NONE',  #1772 ) ;
#2047 = CARTESIAN_POINT ( 'NONE',  ( -1.750000000000000000, 1.100000000000000089, 0.0000000000000000000 ) ) ;
#2048 = ORIENTED_EDGE ( 'NONE', *, *, #2077, .F. ) ;
#2049 =( GEOMETRIC_REPRESENTATION_CONTEXT ( 3 ) GLOBAL_UNCERTAINTY_ASSIGNED_CONTEXT ( ( #39 ) ) GLOBAL_UNIT_ASSIGNED_CONTEXT ( ( #850, #2349, #640 ) ) REPRESENTATION_CONTEXT ( 'NONE', 'WORKASPACE' ) );
#2050 = ORIENTED_EDGE ( 'NONE', *, *, #1721, .T. ) ;
#2051 = MECHANICAL_DESIGN_GEOMETRIC_PRESENTATION_REPRESENTATION (  '', ( #459 ), #1495 ) ;
#2052 = CARTESIAN_POINT ( 'NONE',  ( 1.550000000000000266, -1.100000000000000089, 5.693016234481256162E-16 ) ) ;
#2053 = AXIS2_PLACEMENT_3D ( 'NONE', #906, #2040, #1104 ) ;
#2054 = CARTESIAN_POINT ( 'NONE',  ( 1.599999994039539741, 1.100000000000000089, 0.9499999940395086329 ) ) ;
#2055 = VECTOR ( 'NONE', #2371, 1000.000000000000000 ) ;
#2056 = DIRECTION ( 'NONE',  ( -0.7071067811865474617, -0.7071067811865474617, 0.0000000000000000000 ) ) ;
#2057 = SURFACE_STYLE_USAGE ( .BOTH. , #2230 ) ;
#2058 = EDGE_CURVE ( 'NONE', #706, #707, #1775, .T. ) ;
#2059 = ORIENTED_EDGE ( 'NONE', *, *, #2092, .F. ) ;
#2060 = ORIENTED_EDGE ( 'NONE', *, *, #377, .F. ) ;
#2061 = CARTESIAN_POINT ( 'NONE',  ( -1.750000000000000222, 0.3499999999999999778, 0.0000000000000000000 ) ) ;
#2062 = DIRECTION ( 'NONE',  ( 0.05233595624294349463, -0.0000000000000000000, 0.9986295347545739443 ) ) ;
#2063 = CARTESIAN_POINT ( 'NONE',  ( -1.599999994039540185, -1.100000000000000089, 0.9000000000000001332 ) ) ;
#2064 = CARTESIAN_POINT ( 'NONE',  ( 1.599999994039540185, 1.399999999999999911, 1.899999999999999911 ) ) ;
#2065 =( LENGTH_UNIT ( ) NAMED_UNIT ( * ) SI_UNIT ( .MILLI., .METRE. ) );
#2066 = EDGE_LOOP ( 'NONE', ( #2148, #2417, #1098, #1202, #191, #2232, #1438, #1562, #286, #682 ) ) ;
#2067 = EDGE_CURVE ( 'NONE', #601, #1686, #99, .T. ) ;
#2068 =( NAMED_UNIT ( * ) SI_UNIT ( $, .STERADIAN. ) SOLID_ANGLE_UNIT ( ) );
#2069 = CARTESIAN_POINT ( 'NONE',  ( -1.750000000000000222, -1.100000000000000089, 0.9000000000000001332 ) ) ;
#2070 = DIRECTION ( 'NONE',  ( 1.000000000000000000, 1.006200134210479957E-31, 3.191733018232560063E-47 ) ) ;
#2071 = CARTESIAN_POINT ( 'NONE',  ( -1.750000000000000222, 1.100000000000000089, 0.9000000000000001332 ) ) ;
#2072 = VECTOR ( 'NONE', #1993, 1000.000000000000000 ) ;
#2073 = PRESENTATION_LAYER_ASSIGNMENT (  '', '', ( #936 ) ) ;
#2074 = LINE ( 'NONE', #947, #1184 ) ;
#2075 = DIRECTION ( 'NONE',  ( 0.0000000000000000000, -0.0000000000000000000, -1.000000000000000000 ) ) ;
#2076 = ORIENTED_EDGE ( 'NONE', *, *, #1866, .F. ) ;
#2077 = EDGE_CURVE ( 'NONE', #1829, #361, #1575, .T. ) ;
#2078 =( NAMED_UNIT ( * ) PLANE_ANGLE_UNIT ( ) SI_UNIT ( $, .RADIAN. ) );
#2079 = CARTESIAN_POINT ( 'NONE',  ( 1.598095863356491675, 0.3500000000000000333, 0.9136670162049883581 ) ) ;
#2080 = AXIS2_PLACEMENT_3D ( 'NONE', #764, #1502, #409 ) ;
#2081 = ORIENTED_EDGE ( 'NONE', *, *, #1840, .T. ) ;
#2082 = AXIS2_PLACEMENT_3D ( 'NONE', #1948, #852, #1594 ) ;
#2083 = LINE ( 'NONE', #1356, #942 ) ;
#2084 = LINE ( 'NONE', #425, #1732 ) ;
#2085 = MECHANICAL_DESIGN_GEOMETRIC_PRESENTATION_REPRESENTATION (  '', ( #1418 ), #1342 ) ;
#2086 = SURFACE_SIDE_STYLE ('',( #957 ) ) ;
#2087 =( GEOMETRIC_REPRESENTATION_CONTEXT ( 3 ) GLOBAL_UNCERTAINTY_ASSIGNED_CONTEXT ( ( #2025 ) ) GLOBAL_UNIT_ASSIGNED_CONTEXT ( ( #137, #708, #345 ) ) REPRESENTATION_CONTEXT ( 'NONE', 'WORKASPACE' ) );
#2088 = SURFACE_STYLE_USAGE ( .BOTH. , #817 ) ;
#2089 = ORIENTED_EDGE ( 'NONE', *, *, #2124, .F. ) ;
#2090 = ORIENTED_EDGE ( 'NONE', *, *, #59, .F. ) ;
#2091 = FILL_AREA_STYLE ('',( #627 ) ) ;
#2092 = EDGE_CURVE ( 'NONE', #1344, #1829, #1263, .T. ) ;
#2093 = ORIENTED_EDGE ( 'NONE', *, *, #172, .T. ) ;
#2094 = DIRECTION ( 'NONE',  ( 0.0000000000000000000, 0.0000000000000000000, -1.000000000000000000 ) ) ;
#2095 = CARTESIAN_POINT ( 'NONE',  ( 3.918314502740940479E-32, 0.0000000000000000000, 1.849999999999999867 ) ) ;
#2096 = EDGE_CURVE ( 'NONE', #86, #466, #1276, .T. ) ;
#2097 = FACE_OUTER_BOUND ( 'NONE', #2241, .T. ) ;
#2098 = PLANE ( 'NONE',  #1608 ) ;
#2099 = CARTESIAN_POINT ( 'NONE',  ( -1.599999994039540185, -1.399999999999999911, 0.0000000000000000000 ) ) ;
#2100 = DIRECTION ( 'NONE',  ( 0.0000000000000000000, 0.0000000000000000000, 1.000000000000000000 ) ) ;
#2101 = ORIENTED_EDGE ( 'NONE', *, *, #478, .F. ) ;
#2102 = DIRECTION ( 'NONE',  ( 0.0000000000000000000, -0.0000000000000000000, -1.000000000000000000 ) ) ;
#2103 = VERTEX_POINT ( 'NONE', #531 ) ;
#2104 = CARTESIAN_POINT ( 'NONE',  ( 1.598095863356491675, 1.100000000000000089, 0.9136670162049883581 ) ) ;
#2105 = CARTESIAN_POINT ( 'NONE',  ( 1.558066276662146254, -1.100000000000000089, 0.1503015622627205117 ) ) ;
#2106 = VECTOR ( 'NONE', #1659, 1000.000000000000000 ) ;
#2107 = ADVANCED_FACE ( 'NONE', ( #1612 ), #882, .T. ) ;
#2108 = CIRCLE ( 'NONE', #1794, 0.04999999403953550581 ) ;
#2109 =( NAMED_UNIT ( * ) SI_UNIT ( $, .STERADIAN. ) SOLID_ANGLE_UNIT ( ) );
#2110 = LINE ( 'NONE', #451, #283 ) ;
#2111 = ORIENTED_EDGE ( 'NONE', *, *, #1630, .T. ) ;
#2112 = DIRECTION ( 'NONE',  ( 0.0000000000000000000, -1.000000000000000000, -0.0000000000000000000 ) ) ;
#2113 = VECTOR ( 'NONE', #1528, 1000.000000000000000 ) ;
#2114 = SURFACE_STYLE_FILL_AREA ( #1034 ) ;
#2115 = ORIENTED_EDGE ( 'NONE', *, *, #596, .F. ) ;
#2116 = VECTOR ( 'NONE', #1752, 1000.000000000000000 ) ;
#2117 = DIRECTION ( 'NONE',  ( 1.807003620809169948E-16, 0.0000000000000000000, -1.000000000000000000 ) ) ;
#2118 = DIRECTION ( 'NONE',  ( 0.0000000000000000000, 1.000000000000000000, 0.0000000000000000000 ) ) ;
#2119 = UNCERTAINTY_MEASURE_WITH_UNIT (LENGTH_MEASURE( 1.000000000000000082E-05 ), #1377, 'distance_accuracy_value', 'NONE');
#2120 = EDGE_CURVE ( 'NONE', #203, #1015, #2319, .T. ) ;
#2121 = CARTESIAN_POINT ( 'NONE',  ( 1.550000000000000266, 0.3500000000000000333, 0.9000000000000001332 ) ) ;
#2122 = VECTOR ( 'NONE', #187, 1000.000000000000114 ) ;
#2123 = PLANE ( 'NONE',  #1048 ) ;
#2124 = EDGE_CURVE ( 'NONE', #1589, #1278, #1428, .T. ) ;
#2125 = AXIS2_PLACEMENT_3D ( 'NONE', #2387, #505, #1237 ) ;
#2126 = VERTEX_POINT ( 'NONE', #1248 ) ;
#2127 = AXIS2_PLACEMENT_3D ( 'NONE', #690, #1782, #1425 ) ;
#2128 = ORIENTED_EDGE ( 'NONE', *, *, #1056, .T. ) ;
#2129 = PLANE ( 'NONE',  #576 ) ;
#2130 = LINE ( 'NONE', #75, #2159 ) ;
#2131 =( NAMED_UNIT ( * ) PLANE_ANGLE_UNIT ( ) SI_UNIT ( $, .RADIAN. ) );
#2132 = FILL_AREA_STYLE_COLOUR ( '', #6 ) ;
#2133 = DIRECTION ( 'NONE',  ( 0.0000000000000000000, -1.000000000000000000, 0.0000000000000000000 ) ) ;
#2134 = CARTESIAN_POINT ( 'NONE',  ( -1.599999994039535745, -1.100000000000000089, 0.2000000000000000111 ) ) ;
#2135 = FILL_AREA_STYLE_COLOUR ( '', #1191 ) ;
#2136 = ADVANCED_FACE ( 'NONE', ( #1043 ), #1830, .T. ) ;
#2137 = ORIENTED_EDGE ( 'NONE', *, *, #1885, .F. ) ;
#2138 = ORIENTED_EDGE ( 'NONE', *, *, #742, .T. ) ;
#2139 = CARTESIAN_POINT ( 'NONE',  ( -1.599999994039540185, 1.399999999999999911, 1.899999999999999911 ) ) ;
#2140 = SURFACE_STYLE_USAGE ( .BOTH. , #1798 ) ;
#2141 = ORIENTED_EDGE ( 'NONE', *, *, #1421, .T. ) ;
#2142 = CARTESIAN_POINT ( 'NONE',  ( 1.199999999999999956, 1.469576158976823553E-16, 1.850000000000000089 ) ) ;
#2143 =( NAMED_UNIT ( * ) SI_UNIT ( $, .STERADIAN. ) SOLID_ANGLE_UNIT ( ) );
#2144 = SURFACE_SIDE_STYLE ('',( #315 ) ) ;
#2145 = AXIS2_PLACEMENT_3D ( 'NONE', #2398, #2022, #2240 ) ;
#2146 = AXIS2_PLACEMENT_3D ( 'NONE', #489, #677, #1622 ) ;
#2147 = CARTESIAN_POINT ( 'NONE',  ( 0.9499999999999999556, 1.100000000000000089, 0.0000000000000000000 ) ) ;
#2148 = ORIENTED_EDGE ( 'NONE', *, *, #1992, .F. ) ;
#2149 = DIRECTION ( 'NONE',  ( 0.0000000000000000000, -1.000000000000000000, 0.0000000000000000000 ) ) ;
#2150 = ADVANCED_FACE ( 'NONE', ( #892 ), #548, .T. ) ;
#2151 = VERTEX_POINT ( 'NONE', #1086 ) ;
#2152 = LINE ( 'NONE', #1173, #2116 ) ;
#2153 = ORIENTED_EDGE ( 'NONE', *, *, #702, .T. ) ;
#2154 = SHAPE_DEFINITION_REPRESENTATION ( #1454, #1737 ) ;
#2155 = STYLED_ITEM ( 'NONE', ( #189 ), #812 ) ;
#2156 = FILL_AREA_STYLE_COLOUR ( '', #2272 ) ;
#2157 = CARTESIAN_POINT ( 'NONE',  ( -1.599999994039535745, -1.100000000000000089, 0.2000000000000000111 ) ) ;
#2158 = AXIS2_PLACEMENT_3D ( 'NONE', #633, #38, #1915 ) ;
#2159 = VECTOR ( 'NONE', #507, 1000.000000000000000 ) ;
#2160 = LINE ( 'NONE', #1792, #2072 ) ;
#2161 = VECTOR ( 'NONE', #123, 1000.000000000000000 ) ;
#2162 = ORIENTED_EDGE ( 'NONE', *, *, #268, .F. ) ;
#2163 = DIRECTION ( 'NONE',  ( -0.0000000000000000000, 1.000000000000000000, -0.0000000000000000000 ) ) ;
#2164 = ADVANCED_FACE ( 'NONE', ( #163 ), #904, .F. ) ;
#2165 = ORIENTED_EDGE ( 'NONE', *, *, #1721, .F. ) ;
#2166 = DIRECTION ( 'NONE',  ( -9.020580997374039408E-48, 4.333342407157209877E-32, 1.000000000000000000 ) ) ;
#2167 = EDGE_CURVE ( 'NONE', #1589, #203, #1006, .T. ) ;
#2168 = SURFACE_STYLE_FILL_AREA ( #170 ) ;
#2169 = CARTESIAN_POINT ( 'NONE',  ( 1.550000000000000266, -1.100000000000000089, 5.694607616035189911E-16 ) ) ;
#2170 = CARTESIAN_POINT ( 'NONE',  ( -0.9499999999999999556, 1.100000000000000089, 0.1500000059604640057 ) ) ;
#2171 = DIRECTION ( 'NONE',  ( -5.463025590873370530E-32, 1.000000000000000000, 0.0000000000000000000 ) ) ;
#2172 = ORIENTED_EDGE ( 'NONE', *, *, #523, .T. ) ;
#2173 = PRODUCT ( '7F337A55-9CA5-47F1-B279-0BC6FE17FAF1', '7F337A55-9CA5-47F1-B279-0BC6FE17FAF1', '', ( #824 ) ) ;
#2174 = FILL_AREA_STYLE_COLOUR ( '', #2207 ) ;
#2175 = ORIENTED_EDGE ( 'NONE', *, *, #1899, .F. ) ;
#2176 = LINE ( 'NONE', #2365, #300 ) ;
#2177 = ORIENTED_EDGE ( 'NONE', *, *, #204, .F. ) ;
#2178 = CARTESIAN_POINT ( 'NONE',  ( 0.0000000000000000000, 1.399999999999999911, 1.899999999999999911 ) ) ;
#2179 = CARTESIAN_POINT ( 'NONE',  ( -0.8000000000000000444, -1.399999999999999911, 0.07500000298023219714 ) ) ;
#2180 = EDGE_CURVE ( 'NONE', #1787, #1568, #1313, .T. ) ;
#2181 = DIRECTION ( 'NONE',  ( -0.0000000000000000000, -1.000000000000000000, 0.0000000000000000000 ) ) ;
#2182 = ORIENTED_EDGE ( 'NONE', *, *, #1958, .T. ) ;
#2183 = CLOSED_SHELL ( 'NONE', ( #1582, #696, #1506, #1694, #529, #313, #727, #1596, #1431, #1302, #1376, #680, #2238, #573, #1360, #628, #2164, #1259, #1751, #812, #1210, #1822, #154, #1183, #757, #730, #1942, #1433, #1479, #545, #1781, #1010, #121, #1319, #1669, #1120, #403, #929, #2107, #754, #2344, #2198, #2367, #1331, #1229, #966, #247, #1662, #2150, #1125, #894, #2136, #855, #1765, #1855, #141, #2270 ) ) ;
#2184 = ORIENTED_EDGE ( 'NONE', *, *, #1835, .T. ) ;
#2185 = AXIS2_PLACEMENT_3D ( 'NONE', #1084, #160, #748 ) ;
#2186 =( GEOMETRIC_REPRESENTATION_CONTEXT ( 3 ) GLOBAL_UNCERTAINTY_ASSIGNED_CONTEXT ( ( #919 ) ) GLOBAL_UNIT_ASSIGNED_CONTEXT ( ( #2065, #631, #1874 ) ) REPRESENTATION_CONTEXT ( 'NONE', 'WORKASPACE' ) );
#2187 = ORIENTED_EDGE ( 'NONE', *, *, #1194, .F. ) ;
#2188 = DIRECTION ( 'NONE',  ( 0.0000000000000000000, 0.0000000000000000000, -1.000000000000000000 ) ) ;
#2189 = CARTESIAN_POINT ( 'NONE',  ( 1.550000000000000266, -1.100000000000000089, 0.2000000000000010103 ) ) ;
#2190 = VERTEX_POINT ( 'NONE', #1410 ) ;
#2191 = DIRECTION ( 'NONE',  ( 0.0000000000000000000, -1.000000000000000000, 0.0000000000000000000 ) ) ;
#2192 = DIRECTION ( 'NONE',  ( 0.0000000000000000000, -1.000000000000000000, 0.0000000000000000000 ) ) ;
#2193 = SURFACE_SIDE_STYLE ('',( #1445 ) ) ;
#2194 = MECHANICAL_DESIGN_GEOMETRIC_PRESENTATION_REPRESENTATION (  '', ( #643 ), #2049 ) ;
#2195 = FILL_AREA_STYLE_COLOUR ( '', #221 ) ;
#2196 = ORIENTED_EDGE ( 'NONE', *, *, #1262, .T. ) ;
#2197 = FILL_AREA_STYLE ('',( #1309 ) ) ;
#2198 = ADVANCED_FACE ( 'NONE', ( #265 ), #1038, .T. ) ;
#2199 = COLOUR_RGB ( '',1.000000000000000000, 1.000000000000000000, 1.000000000000000000 ) ;
#2200 = VECTOR ( 'NONE', #1635, 1000.000000000000000 ) ;
#2201 = DIRECTION ( 'NONE',  ( -0.0000000000000000000, 1.000000000000000000, 0.0000000000000000000 ) ) ;
#2202 = ORIENTED_EDGE ( 'NONE', *, *, #1450, .T. ) ;
#2203 = EDGE_CURVE ( 'NONE', #168, #2304, #2211, .T. ) ;
#2204 = DIRECTION ( 'NONE',  ( 1.000000000000000000, 0.0000000000000000000, 0.0000000000000000000 ) ) ;
#2205 = COLOUR_RGB ( '',1.000000000000000000, 1.000000000000000000, 1.000000000000000000 ) ;
#2206 = ORIENTED_EDGE ( 'NONE', *, *, #885, .T. ) ;
#2207 = COLOUR_RGB ( '',1.000000000000000000, 1.000000000000000000, 1.000000000000000000 ) ;
#2208 = CARTESIAN_POINT ( 'NONE',  ( -1.750000000000000222, -1.100000000000000089, 0.2000000000000000389 ) ) ;
#2209 = CARTESIAN_POINT ( 'NONE',  ( -1.750000000000000222, -1.100000000000000089, 0.9000000000000001332 ) ) ;
#2210 = VERTEX_POINT ( 'NONE', #94 ) ;
#2211 = CIRCLE ( 'NONE', #1970, 0.1999999999999999833 ) ;
#2212 = LINE ( 'NONE', #351, #1301 ) ;
#2213 = DIRECTION ( 'NONE',  ( -0.7071067811865474617, 0.0000000000000000000, 0.7071067811865474617 ) ) ;
#2214 = STYLED_ITEM ( 'NONE', ( #273 ), #1737 ) ;
#2215 = DIRECTION ( 'NONE',  ( 0.0000000000000000000, 0.0000000000000000000, -1.000000000000000000 ) ) ;
#2216 = FILL_AREA_STYLE_COLOUR ( '', #1916 ) ;
#2217 = ORIENTED_EDGE ( 'NONE', *, *, #1566, .T. ) ;
#2218 = CARTESIAN_POINT ( 'NONE',  ( -1.598095863356486124, -1.100000000000000089, 0.9136670162050030131 ) ) ;
#2219 = ORIENTED_EDGE ( 'NONE', *, *, #377, .T. ) ;
#2220 = DIRECTION ( 'NONE',  ( 0.0000000000000000000, -1.000000000000000000, 0.0000000000000000000 ) ) ;
#2221 = UNCERTAINTY_MEASURE_WITH_UNIT (LENGTH_MEASURE( 1.000000000000000082E-05 ), #778, 'distance_accuracy_value', 'NONE');
#2222 = EDGE_CURVE ( 'NONE', #1985, #86, #117, .T. ) ;
#2223 = VERTEX_POINT ( 'NONE', #1017 ) ;
#2224 = ORIENTED_EDGE ( 'NONE', *, *, #1878, .T. ) ;
#2225 = DIRECTION ( 'NONE',  ( 0.0000000000000000000, -0.0000000000000000000, 1.000000000000000000 ) ) ;
#2226 = CARTESIAN_POINT ( 'NONE',  ( 0.7999999999999998224, -1.399999999999999911, 0.07500000298023278000 ) ) ;
#2227 = DIRECTION ( 'NONE',  ( 0.0000000000000000000, -1.000000000000000000, 0.0000000000000000000 ) ) ;
#2228 = DIRECTION ( 'NONE',  ( 0.0000000000000000000, 0.0000000000000000000, 1.000000000000000000 ) ) ;
#2229 = ORIENTED_EDGE ( 'NONE', *, *, #1705, .F. ) ;
#2230 = SURFACE_SIDE_STYLE ('',( #739 ) ) ;
#2231 = ORIENTED_EDGE ( 'NONE', *, *, #267, .F. ) ;
#2232 = ORIENTED_EDGE ( 'NONE', *, *, #2425, .F. ) ;
#2233 = FILL_AREA_STYLE ('',( #1859 ) ) ;
#2234 = LINE ( 'NONE', #2209, #1614 ) ;
#2235 = EDGE_CURVE ( 'NONE', #2151, #356, #676, .T. ) ;
#2236 = PRESENTATION_LAYER_ASSIGNMENT (  '', '', ( #861 ) ) ;
#2237 = LINE ( 'NONE', #1812, #981 ) ;
#2238 = ADVANCED_FACE ( 'NONE', ( #70 ), #301, .F. ) ;
#2239 = DIRECTION ( 'NONE',  ( -0.0000000000000000000, -1.000000000000000000, 0.0000000000000000000 ) ) ;
#2240 = DIRECTION ( 'NONE',  ( 0.0000000000000000000, 0.0000000000000000000, -1.000000000000000000 ) ) ;
#2241 = EDGE_LOOP ( 'NONE', ( #830, #1625, #2376, #555 ) ) ;
#2242 = STYLED_ITEM ( 'NONE', ( #125 ), #1259 ) ;
#2243 = VERTEX_POINT ( 'NONE', #1052 ) ;
#2244 = CARTESIAN_POINT ( 'NONE',  ( 1.599999994039540185, -0.6340970263552709874, 1.899999999999999911 ) ) ;
#2245 = MECHANICAL_DESIGN_GEOMETRIC_PRESENTATION_REPRESENTATION (  '', ( #1148 ), #617 ) ;
#2246 = EDGE_CURVE ( 'NONE', #227, #1260, #1740, .T. ) ;
#2247 = CARTESIAN_POINT ( 'NONE',  ( 0.8000000000000000444, 1.399999999999999911, 0.07500000298023250245 ) ) ;
#2248 = DIRECTION ( 'NONE',  ( -1.000000000000000000, 0.0000000000000000000, 0.0000000000000000000 ) ) ;
#2249 = AXIS2_PLACEMENT_3D ( 'NONE', #21, #1139, #31 ) ;
#2250 = EDGE_CURVE ( 'NONE', #440, #928, #725, .T. ) ;
#2251 = AXIS2_PLACEMENT_3D ( 'NONE', #1683, #622, #2258 ) ;
#2252 = LINE ( 'NONE', #2280, #448 ) ;
#2253 = CARTESIAN_POINT ( 'NONE',  ( -1.558073771237850069, 1.100000000000000089, 0.1500000059604650049 ) ) ;
#2254 = ORIENTED_EDGE ( 'NONE', *, *, #940, .F. ) ;
#2255 = PRESENTATION_STYLE_ASSIGNMENT (( #431 ) ) ;
#2256 = DIRECTION ( 'NONE',  ( 1.807003620809169948E-16, 0.0000000000000000000, -1.000000000000000000 ) ) ;
#2257 = DIRECTION ( 'NONE',  ( -1.000000000000000000, 0.0000000000000000000, -1.807003620809174139E-16 ) ) ;
#2258 = DIRECTION ( 'NONE',  ( 0.0000000000000000000, 0.0000000000000000000, -1.000000000000000000 ) ) ;
#2259 = DIRECTION ( 'NONE',  ( -5.463025590873370530E-32, 1.000000000000000000, 0.0000000000000000000 ) ) ;
#2260 = CARTESIAN_POINT ( 'NONE',  ( 0.7999999999999999334, -1.399999999999999911, 0.07500000298023261347 ) ) ;
#2261 = ORIENTED_EDGE ( 'NONE', *, *, #13, .F. ) ;
#2262 = VERTEX_POINT ( 'NONE', #1110 ) ;
#2263 = DIRECTION ( 'NONE',  ( 0.0000000000000000000, 0.0000000000000000000, 1.000000000000000000 ) ) ;
#2264 = LINE ( 'NONE', #2244, #876 ) ;
#2265 = DIRECTION ( 'NONE',  ( -1.006200134210479957E-31, 1.000000000000000000, 0.0000000000000000000 ) ) ;
#2266 = CIRCLE ( 'NONE', #636, 0.04999999403953547805 ) ;
#2267 = AXIS2_PLACEMENT_3D ( 'NONE', #278, #501, #1758 ) ;
#2268 = DIRECTION ( 'NONE',  ( -1.807003620809169948E-16, -0.0000000000000000000, 1.000000000000000000 ) ) ;
#2269 = FILL_AREA_STYLE_COLOUR ( '', #671 ) ;
#2270 = ADVANCED_FACE ( 'NONE', ( #565 ), #1989, .T. ) ;
#2271 = ORIENTED_EDGE ( 'NONE', *, *, #826, .F. ) ;
#2272 = COLOUR_RGB ( '',1.000000000000000000, 1.000000000000000000, 1.000000000000000000 ) ;
#2273 = EDGE_CURVE ( 'NONE', #1935, #987, #1462, .T. ) ;
#2274 = ORIENTED_EDGE ( 'NONE', *, *, #1767, .F. ) ;
#2275 = LINE ( 'NONE', #765, #839 ) ;
#2276 = STYLED_ITEM ( 'NONE', ( #854 ), #1360 ) ;
#2277 = ORIENTED_EDGE ( 'NONE', *, *, #770, .F. ) ;
#2278 = PRESENTATION_LAYER_ASSIGNMENT (  '', '', ( #1418 ) ) ;
#2279 = SURFACE_STYLE_USAGE ( .BOTH. , #1645 ) ;
#2280 = CARTESIAN_POINT ( 'NONE',  ( 1.599999994039540185, -1.399999999999999911, 1.093649168849359921 ) ) ;
#2281 = VECTOR ( 'NONE', #581, 1000.000000000000000 ) ;
#2282 = VECTOR ( 'NONE', #2181, 1000.000000000000000 ) ;
#2283 = DIRECTION ( 'NONE',  ( 0.0000000000000000000, 0.0000000000000000000, 1.000000000000000000 ) ) ;
#2284 = ORIENTED_EDGE ( 'NONE', *, *, #1526, .T. ) ;
#2285 = ORIENTED_EDGE ( 'NONE', *, *, #660, .T. ) ;
#2286 = EDGE_CURVE ( 'NONE', #1426, #2243, #353, .T. ) ;
#2287 = ORIENTED_EDGE ( 'NONE', *, *, #1179, .F. ) ;
#2288 = CARTESIAN_POINT ( 'NONE',  ( -1.598095863356486124, 0.3500000000000000333, 0.9136670162050030131 ) ) ;
#2289 = EDGE_LOOP ( 'NONE', ( #788, #774, #1763, #709, #878, #1817, #2090, #2231, #1029, #260, #2020 ) ) ;
#2290 = LINE ( 'NONE', #1352, #304 ) ;
#2291 = ORIENTED_EDGE ( 'NONE', *, *, #1474, .T. ) ;
#2292 = ORIENTED_EDGE ( 'NONE', *, *, #1446, .T. ) ;
#2293 = ORIENTED_EDGE ( 'NONE', *, *, #2222, .F. ) ;
#2294 =( NAMED_UNIT ( * ) PLANE_ANGLE_UNIT ( ) SI_UNIT ( $, .RADIAN. ) );
#2295 = PLANE ( 'NONE',  #1303 ) ;
#2296 = EDGE_CURVE ( 'NONE', #84, #993, #1661, .T. ) ;
#2297 = ORIENTED_EDGE ( 'NONE', *, *, #1958, .F. ) ;
#2298 = PRESENTATION_LAYER_ASSIGNMENT (  '', '', ( #32 ) ) ;
#2299 = DIRECTION ( 'NONE',  ( 0.0000000000000000000, -1.000000000000000000, 4.333342407157209877E-32 ) ) ;
#2300 = CARTESIAN_POINT ( 'NONE',  ( -1.199999999999999956, 0.0000000000000000000, 1.849999999999999867 ) ) ;
#2301 = MECHANICAL_DESIGN_GEOMETRIC_PRESENTATION_REPRESENTATION (  '', ( #936 ), #2186 ) ;
#2302 = DIRECTION ( 'NONE',  ( 0.0000000000000000000, -0.0000000000000000000, 1.000000000000000000 ) ) ;
#2303 = CARTESIAN_POINT ( 'NONE',  ( -1.599999994039540185, -1.399999999999999911, 1.899999999999999911 ) ) ;
#2304 = VERTEX_POINT ( 'NONE', #130 ) ;
#2305 = LINE ( 'NONE', #280, #136 ) ;
#2306 = CARTESIAN_POINT ( 'NONE',  ( 1.550000000000000266, -1.100000000000000089, 5.694607616035189911E-16 ) ) ;
#2307 = DIRECTION ( 'NONE',  ( 0.0000000000000000000, 0.0000000000000000000, 1.000000000000000000 ) ) ;
#2308 = EDGE_CURVE ( 'NONE', #987, #797, #525, .T. ) ;
#2309 = EDGE_CURVE ( 'NONE', #356, #252, #363, .T. ) ;
#2310 = CARTESIAN_POINT ( 'NONE',  ( -1.599999994039540185, -1.100000000000000089, 0.9499999940395773557 ) ) ;
#2311 = DIRECTION ( 'NONE',  ( -0.0000000000000000000, 1.000000000000000000, -0.0000000000000000000 ) ) ;
#2312 = CARTESIAN_POINT ( 'NONE',  ( 1.599999994039540185, 1.100000000000000089, 0.9499999940395360554 ) ) ;
#2313 = VECTOR ( 'NONE', #1307, 1000.000000000000000 ) ;
#2314 = MECHANICAL_DESIGN_GEOMETRIC_PRESENTATION_REPRESENTATION (  '', ( #949 ), #1697 ) ;
#2315 = UNCERTAINTY_MEASURE_WITH_UNIT (LENGTH_MEASURE( 1.000000000000000082E-05 ), #1783, 'distance_accuracy_value', 'NONE');
#2316 = EDGE_CURVE ( 'NONE', #2389, #1260, #1841, .T. ) ;
#2317 = DIRECTION ( 'NONE',  ( 0.0000000000000000000, 1.000000000000000000, 0.0000000000000000000 ) ) ;
#2318 = FILL_AREA_STYLE_COLOUR ( '', #1682 ) ;
#2319 = CIRCLE ( 'NONE', #2125, 0.04999999403953547805 ) ;
#2320 = DIRECTION ( 'NONE',  ( -0.0000000000000000000, -1.000000000000000000, -0.0000000000000000000 ) ) ;
#2321 = ORIENTED_EDGE ( 'NONE', *, *, #1929, .F. ) ;
#2322 = COLOUR_RGB ( '',1.000000000000000000, 1.000000000000000000, 1.000000000000000000 ) ;
#2323 = CARTESIAN_POINT ( 'NONE',  ( 1.599999994039540185, -1.100000000000000089, 0.9499999940395360554 ) ) ;
#2324 = EDGE_LOOP ( 'NONE', ( #1858, #1546, #149, #891 ) ) ;
#2325 = LINE ( 'NONE', #663, #1653 ) ;
#2326 = ORIENTED_EDGE ( 'NONE', *, *, #2427, .T. ) ;
#2327 =( LENGTH_UNIT ( ) NAMED_UNIT ( * ) SI_UNIT ( .MILLI., .METRE. ) );
#2328 = EDGE_LOOP ( 'NONE', ( #674, #2414, #2196, #109 ) ) ;
#2329 = PRESENTATION_STYLE_ASSIGNMENT (( #1390 ) ) ;
#2330 = EDGE_CURVE ( 'NONE', #1091, #827, #155, .T. ) ;
#2331 = ORIENTED_EDGE ( 'NONE', *, *, #914, .F. ) ;
#2332 = ORIENTED_EDGE ( 'NONE', *, *, #513, .F. ) ;
#2333 = CARTESIAN_POINT ( 'NONE',  ( 1.599999994039535745, -1.100000000000000089, 0.9000000000000001332 ) ) ;
#2334 = DIRECTION ( 'NONE',  ( 0.0000000000000000000, 0.0000000000000000000, 1.000000000000000000 ) ) ;
#2335 = DIRECTION ( 'NONE',  ( 0.0000000000000000000, 1.000000000000000000, 0.0000000000000000000 ) ) ;
#2336 = CYLINDRICAL_SURFACE ( 'NONE', #1887, 1.199999999999999956 ) ;
#2337 = UNCERTAINTY_MEASURE_WITH_UNIT (LENGTH_MEASURE( 1.000000000000000082E-05 ), #1909, 'distance_accuracy_value', 'NONE');
#2338 = CIRCLE ( 'NONE', #406, 0.04999999403953547805 ) ;
#2339 = DIRECTION ( 'NONE',  ( -0.0000000000000000000, -1.000000000000000000, -0.0000000000000000000 ) ) ;
#2340 = VECTOR ( 'NONE', #201, 1000.000000000000000 ) ;
#2341 = EDGE_CURVE ( 'NONE', #356, #279, #1620, .T. ) ;
#2342 = ORIENTED_EDGE ( 'NONE', *, *, #77, .T. ) ;
#2343 = CARTESIAN_POINT ( 'NONE',  ( 1.599999994039537965, -1.100000000000000089, 0.9000000000000001332 ) ) ;
#2344 = ADVANCED_FACE ( 'NONE', ( #2393 ), #1447, .T. ) ;
#2345 = ORIENTED_EDGE ( 'NONE', *, *, #1227, .T. ) ;
#2346 = DIRECTION ( 'NONE',  ( -1.000000000000000000, 0.0000000000000000000, 0.0000000000000000000 ) ) ;
#2347 = CARTESIAN_POINT ( 'NONE',  ( -3.116067714095729801, -0.3499999999999999778, 0.0000000000000000000 ) ) ;
#2348 = VECTOR ( 'NONE', #1268, 1000.000000000000000 ) ;
#2349 =( NAMED_UNIT ( * ) PLANE_ANGLE_UNIT ( ) SI_UNIT ( $, .RADIAN. ) );
#2350 = SURFACE_STYLE_USAGE ( .BOTH. , #1644 ) ;
#2351 = LINE ( 'NONE', #2312, #1417 ) ;
#2352 = PRESENTATION_LAYER_ASSIGNMENT (  '', '', ( #2242 ) ) ;
#2353 = CARTESIAN_POINT ( 'NONE',  ( 1.550000000000000266, -1.100000000000000089, 0.2000000000000010103 ) ) ;
#2354 = DIRECTION ( 'NONE',  ( 0.0000000000000000000, 0.0000000000000000000, 1.000000000000000000 ) ) ;
#2355 = ORIENTED_EDGE ( 'NONE', *, *, #2413, .T. ) ;
#2356 = VECTOR ( 'NONE', #2118, 1000.000000000000000 ) ;
#2357 = AXIS2_PLACEMENT_3D ( 'NONE', #1639, #360, #1090 ) ;
#2358 = DIRECTION ( 'NONE',  ( 1.000000000000000000, 0.0000000000000000000, 4.469668518390110003E-16 ) ) ;
#2359 = VERTEX_POINT ( 'NONE', #1318 ) ;
#2360 =( GEOMETRIC_REPRESENTATION_CONTEXT ( 3 ) GLOBAL_UNCERTAINTY_ASSIGNED_CONTEXT ( ( #549 ) ) GLOBAL_UNIT_ASSIGNED_CONTEXT ( ( #1563, #2294, #1785 ) ) REPRESENTATION_CONTEXT ( 'NONE', 'WORKASPACE' ) );
#2361 = CARTESIAN_POINT ( 'NONE',  ( -0.9499999999999999556, -1.100000000000000089, 0.0000000000000000000 ) ) ;
#2362 = VECTOR ( 'NONE', #2339, 1000.000000000000000 ) ;
#2363 = VERTEX_POINT ( 'NONE', #2064 ) ;
#2364 = DIRECTION ( 'NONE',  ( 0.0000000000000000000, 0.0000000000000000000, -1.000000000000000000 ) ) ;
#2365 = CARTESIAN_POINT ( 'NONE',  ( 1.599999994039540407, -0.3499999999999999778, 0.0000000000000000000 ) ) ;
#2366 = VERTEX_POINT ( 'NONE', #414 ) ;
#2367 = ADVANCED_FACE ( 'NONE', ( #2097 ), #1530, .T. ) ;
#2368 = DIRECTION ( 'NONE',  ( 0.0000000000000000000, -1.000000000000000000, 0.0000000000000000000 ) ) ;
#2369 = FILL_AREA_STYLE_COLOUR ( '', #2426 ) ;
#2370 = CARTESIAN_POINT ( 'NONE',  ( -1.550000000000000266, 1.100000000000000089, 0.9000000000000001332 ) ) ;
#2371 = DIRECTION ( 'NONE',  ( -0.0000000000000000000, 0.0000000000000000000, -1.000000000000000000 ) ) ;
#2372 = FACE_OUTER_BOUND ( 'NONE', #1430, .T. ) ;
#2373 = ORIENTED_EDGE ( 'NONE', *, *, #196, .T. ) ;
#2374 = SURFACE_SIDE_STYLE ('',( #133 ) ) ;
#2375 = LINE ( 'NONE', #1573, #2428 ) ;
#2376 = ORIENTED_EDGE ( 'NONE', *, *, #614, .T. ) ;
#2377 = PLANE ( 'NONE',  #1063 ) ;
#2378 = EDGE_CURVE ( 'NONE', #2151, #567, #1576, .T. ) ;
#2379 = DIRECTION ( 'NONE',  ( 0.0000000000000000000, 1.000000000000000000, 0.0000000000000000000 ) ) ;
#2380 = CARTESIAN_POINT ( 'NONE',  ( 1.599999994039538187, -0.3500000000000000333, 0.2000000000000010103 ) ) ;
#2381 = EDGE_CURVE ( 'NONE', #2410, #1072, #2290, .T. ) ;
#2382 = SURFACE_STYLE_FILL_AREA ( #745 ) ;
#2383 = SURFACE_SIDE_STYLE ('',( #1294 ) ) ;
#2384 = ORIENTED_EDGE ( 'NONE', *, *, #1158, .T. ) ;
#2385 = ORIENTED_EDGE ( 'NONE', *, *, #204, .T. ) ;
#2386 =( GEOMETRIC_REPRESENTATION_CONTEXT ( 3 ) GLOBAL_UNCERTAINTY_ASSIGNED_CONTEXT ( ( #453 ) ) GLOBAL_UNIT_ASSIGNED_CONTEXT ( ( #511, #911, #312 ) ) REPRESENTATION_CONTEXT ( 'NONE', 'WORKASPACE' ) );
#2387 = CARTESIAN_POINT ( 'NONE',  ( -1.550000000000000266, 0.3500000000000000333, 0.9000000000000001332 ) ) ;
#2388 = COLOUR_RGB ( '',0.6509803921568627638, 0.6901960784313725394, 0.4509803921568627527 ) ;
#2389 = VERTEX_POINT ( 'NONE', #1728 ) ;
#2390 = LINE ( 'NONE', #1627, #2122 ) ;
#2391 = FACE_OUTER_BOUND ( 'NONE', #541, .T. ) ;
#2392 = VECTOR ( 'NONE', #1322, 1000.000000000000000 ) ;
#2393 = FACE_OUTER_BOUND ( 'NONE', #1370, .T. ) ;
#2394 = EDGE_LOOP ( 'NONE', ( #1543, #2004, #1897, #2184 ) ) ;
#2395 = VECTOR ( 'NONE', #1185, 1000.000000000000000 ) ;
#2396 = EDGE_CURVE ( 'NONE', #1380, #2262, #945, .T. ) ;
#2397 = AXIS2_PLACEMENT_3D ( 'NONE', #539, #1825, #922 ) ;
#2398 = CARTESIAN_POINT ( 'NONE',  ( 1.550000000000000266, 1.100000000000000089, 0.2000000000000010103 ) ) ;
#2399 = ORIENTED_EDGE ( 'NONE', *, *, #27, .F. ) ;
#2400 = DIRECTION ( 'NONE',  ( -0.0000000000000000000, -1.000000000000000000, -0.0000000000000000000 ) ) ;
#2401 = AXIS2_PLACEMENT_3D ( 'NONE', #943, #2248, #1323 ) ;
#2402 = EDGE_LOOP ( 'NONE', ( #558, #310, #2321, #2030, #1615, #1877, #527, #1957, #1239, #733, #856, #1349 ) ) ;
#2403 = STYLED_ITEM ( 'NONE', ( #1397 ), #2164 ) ;
#2404 =( NAMED_UNIT ( * ) SI_UNIT ( $, .STERADIAN. ) SOLID_ANGLE_UNIT ( ) );
#2405 =( GEOMETRIC_REPRESENTATION_CONTEXT ( 3 ) GLOBAL_UNCERTAINTY_ASSIGNED_CONTEXT ( ( #164 ) ) GLOBAL_UNIT_ASSIGNED_CONTEXT ( ( #1583, #464, #2143 ) ) REPRESENTATION_CONTEXT ( 'NONE', 'WORKASPACE' ) );
#2406 = DIRECTION ( 'NONE',  ( 0.0000000000000000000, 0.0000000000000000000, -1.000000000000000000 ) ) ;
#2407 =( NAMED_UNIT ( * ) SI_UNIT ( $, .STERADIAN. ) SOLID_ANGLE_UNIT ( ) );
#2408 = CARTESIAN_POINT ( 'NONE',  ( -1.550000000000000266, -1.100000000000000089, 0.0000000000000000000 ) ) ;
#2409 = FILL_AREA_STYLE_COLOUR ( '', #1525 ) ;
#2410 = VERTEX_POINT ( 'NONE', #2054 ) ;
#2411 = DIRECTION ( 'NONE',  ( -0.0000000000000000000, 1.000000000000000000, 0.0000000000000000000 ) ) ;
#2412 = FACE_OUTER_BOUND ( 'NONE', #1472, .T. ) ;
#2413 = EDGE_CURVE ( 'NONE', #718, #1702, #1891, .T. ) ;
#2414 = ORIENTED_EDGE ( 'NONE', *, *, #2396, .T. ) ;
#2415 = UNCERTAINTY_MEASURE_WITH_UNIT (LENGTH_MEASURE( 1.000000000000000082E-05 ), #36, 'distance_accuracy_value', 'NONE');
#2416 = EDGE_CURVE ( 'NONE', #1020, #835, #222, .T. ) ;
#2417 = ORIENTED_EDGE ( 'NONE', *, *, #1795, .F. ) ;
#2418 = CARTESIAN_POINT ( 'NONE',  ( -0.9499999999999999556, -1.100000000000000089, 0.0000000000000000000 ) ) ;
#2419 = DIRECTION ( 'NONE',  ( 0.0000000000000000000, -1.000000000000000000, 0.0000000000000000000 ) ) ;
#2420 = DIRECTION ( 'NONE',  ( -0.0000000000000000000, -1.000000000000000000, -0.0000000000000000000 ) ) ;
#2421 = LINE ( 'NONE', #2226, #1308 ) ;
#2422 = DIRECTION ( 'NONE',  ( 0.0000000000000000000, 0.0000000000000000000, -1.000000000000000000 ) ) ;
#2423 = FACE_OUTER_BOUND ( 'NONE', #1664, .T. ) ;
#2424 = ORIENTED_EDGE ( 'NONE', *, *, #298, .F. ) ;
#2425 = EDGE_CURVE ( 'NONE', #1072, #2363, #967, .T. ) ;
#2426 = COLOUR_RGB ( '',1.000000000000000000, 1.000000000000000000, 1.000000000000000000 ) ;
#2427 = EDGE_CURVE ( 'NONE', #823, #925, #458, .T. ) ;
#2428 = VECTOR ( 'NONE', #2320, 1000.000000000000000 ) ;
#2429 = SURFACE_STYLE_FILL_AREA ( #2233 ) ;
#2430 = LINE ( 'NONE', #1883, #1930 ) ;
#2431 = EDGE_CURVE ( 'NONE', #598, #1032, #15, .T. ) ;
ENDSEC;
END-ISO-10303-21;
