ISO-10303-21;
HEADER;
FILE_DESCRIPTION (( 'STEP AP214' ),
    '1' );
FILE_NAME ('2087FD5E-30B6-4EF6-B1D4-242A8EED0A38.STEP',
    '2023-01-12T02:19:05',
    ( '' ),
    ( '' ),
    'SwSTEP 2.0',
    'SolidWorks 2022',
    '' );
FILE_SCHEMA (( 'AUTOMOTIVE_DESIGN' ));
ENDSEC;

DATA;
#1 = AXIS2_PLACEMENT_3D ( 'NONE', #7534, #10210, #6697 ) ;
#2 = ORIENTED_EDGE ( 'NONE', *, *, #3424, .F. ) ;
#3 = CARTESIAN_POINT ( 'NONE',  ( 15.25000000000000000, 0.8200000000000149392, -12.19999999999999929 ) ) ;
#4 = EDGE_CURVE ( 'NONE', #4375, #8946, #9208, .T. ) ;
#5 = CARTESIAN_POINT ( 'NONE',  ( 8.029166603088283338, 2.399999999999999911, -7.285106384753436082 ) ) ;
#6 = PLANE ( 'NONE',  #4577 ) ;
#7 = SURFACE_STYLE_USAGE ( .BOTH. , #7377 ) ;
#8 = ORIENTED_EDGE ( 'NONE', *, *, #5372, .T. ) ;
#9 = VERTEX_POINT ( 'NONE', #2132 ) ;
#10 = ORIENTED_EDGE ( 'NONE', *, *, #833, .T. ) ;
#11 = AXIS2_PLACEMENT_3D ( 'NONE', #7738, #362, #9412 ) ;
#12 = DIRECTION ( 'NONE',  ( 0.0000000000000000000, 0.0000000000000000000, 1.000000000000000000 ) ) ;
#13 = VECTOR ( 'NONE', #11317, 1000.000000000000000 ) ;
#14 = AXIS2_PLACEMENT_3D ( 'NONE', #7715, #9570, #6819 ) ;
#15 = EDGE_LOOP ( 'NONE', ( #11405, #11379, #2172, #7100 ) ) ;
#16 = DIRECTION ( 'NONE',  ( 0.0000000000000000000, 0.0000000000000000000, 1.000000000000000000 ) ) ;
#17 = EDGE_CURVE ( 'NONE', #11323, #1560, #2914, .T. ) ;
#18 = AXIS2_PLACEMENT_3D ( 'NONE', #4232, #10472, #5951 ) ;
#19 = PRESENTATION_LAYER_ASSIGNMENT (  '', '', ( #4396 ) ) ;
#20 = VERTEX_POINT ( 'NONE', #340 ) ;
#21 = EDGE_CURVE ( 'NONE', #2056, #7475, #8378, .T. ) ;
#22 = DIRECTION ( 'NONE',  ( -0.7145097177354804430, 0.0000000000000000000, -0.6996255164454511233 ) ) ;
#23 =( NAMED_UNIT ( * ) PLANE_ANGLE_UNIT ( ) SI_UNIT ( $, .RADIAN. ) );
#24 = VECTOR ( 'NONE', #2570, 1000.000000000000000 ) ;
#25 = DIRECTION ( 'NONE',  ( -0.0000000000000000000, -0.0000000000000000000, 1.000000000000000000 ) ) ;
#26 = CARTESIAN_POINT ( 'NONE',  ( 13.39583337754172376, 2.389999999999999680, -7.642553192376939641 ) ) ;
#27 = VECTOR ( 'NONE', #7106, 1000.000000000000000 ) ;
#28 = ORIENTED_EDGE ( 'NONE', *, *, #6950, .T. ) ;
#29 = ORIENTED_EDGE ( 'NONE', *, *, #3174, .T. ) ;
#30 = PRODUCT ( '2087FD5E-30B6-4EF6-B1D4-242A8EED0A38', '2087FD5E-30B6-4EF6-B1D4-242A8EED0A38', '', ( #10846 ) ) ;
#31 = ORIENTED_EDGE ( 'NONE', *, *, #8083, .T. ) ;
#32 = EDGE_CURVE ( 'NONE', #2098, #665, #8318, .T. ) ;
#33 = FACE_OUTER_BOUND ( 'NONE', #6859, .T. ) ;
#34 = DIRECTION ( 'NONE',  ( 1.000000000000000000, 0.0000000000000000000, 0.0000000000000000000 ) ) ;
#35 = VECTOR ( 'NONE', #8696, 1000.000000000000000 ) ;
#36 = ORIENTED_EDGE ( 'NONE', *, *, #6554, .T. ) ;
#37 = EDGE_CURVE ( 'NONE', #5972, #2235, #3985, .T. ) ;
#38 = LINE ( 'NONE', #6286, #6186 ) ;
#39 = DIRECTION ( 'NONE',  ( 0.0000000000000000000, 0.0000000000000000000, -1.000000000000000000 ) ) ;
#40 = SURFACE_STYLE_USAGE ( .BOTH. , #6344 ) ;
#41 = VECTOR ( 'NONE', #9867, 1000.000000000000000 ) ;
#42 = EDGE_LOOP ( 'NONE', ( #9564, #8891, #8296, #11129 ) ) ;
#43 = LINE ( 'NONE', #5404, #6799 ) ;
#44 = EDGE_CURVE ( 'NONE', #9226, #6202, #4684, .T. ) ;
#45 = DIRECTION ( 'NONE',  ( 1.000000000000000000, 0.0000000000000000000, 0.0000000000000000000 ) ) ;
#46 = COLOUR_RGB ( '',0.9803921568627450567, 0.6274509803921568540, 0.0000000000000000000 ) ;
#47 = DIRECTION ( 'NONE',  ( 0.0000000000000000000, 0.0000000000000000000, -1.000000000000000000 ) ) ;
#48 = ORIENTED_EDGE ( 'NONE', *, *, #7179, .T. ) ;
#49 =( NAMED_UNIT ( * ) SI_UNIT ( $, .STERADIAN. ) SOLID_ANGLE_UNIT ( ) );
#50 = DIRECTION ( 'NONE',  ( -0.2694177785370531208, 0.0000000000000000000, 0.9630233956701982345 ) ) ;
#51 = DIRECTION ( 'NONE',  ( 0.0000000000000000000, -1.000000000000000000, 2.168404344971021934E-16 ) ) ;
#52 = CARTESIAN_POINT ( 'NONE',  ( 5.404166936874573501, 2.389999999999999680, -7.940425533801556135 ) ) ;
#53 = ORIENTED_EDGE ( 'NONE', *, *, #3747, .F. ) ;
#54 = ORIENTED_EDGE ( 'NONE', *, *, #11344, .F. ) ;
#55 = ORIENTED_EDGE ( 'NONE', *, *, #4989, .T. ) ;
#56 = VECTOR ( 'NONE', #5327, 1000.000000000000000 ) ;
#57 = EDGE_CURVE ( 'NONE', #6210, #10837, #3087, .T. ) ;
#58 = LINE ( 'NONE', #885, #5115 ) ;
#59 = DIRECTION ( 'NONE',  ( 0.0000000000000000000, 0.0000000000000000000, 1.000000000000000000 ) ) ;
#60 = CARTESIAN_POINT ( 'NONE',  ( 0.4599999999999999645, 2.399999999999999911, -6.093617081642001665 ) ) ;
#61 = ORIENTED_EDGE ( 'NONE', *, *, #11465, .T. ) ;
#62 = DIRECTION ( 'NONE',  ( 1.000000000000000000, 0.0000000000000000000, 0.0000000000000000000 ) ) ;
#63 = VECTOR ( 'NONE', #4840, 1000.000000000000000 ) ;
#64 =( NAMED_UNIT ( * ) SI_UNIT ( $, .STERADIAN. ) SOLID_ANGLE_UNIT ( ) );
#65 = SURFACE_STYLE_FILL_AREA ( #6488 ) ;
#66 = DIRECTION ( 'NONE',  ( -1.000000000000000000, 0.0000000000000000000, 0.0000000000000000000 ) ) ;
#67 = FACE_OUTER_BOUND ( 'NONE', #10825, .T. ) ;
#68 = ORIENTED_EDGE ( 'NONE', *, *, #7358, .T. ) ;
#69 = ORIENTED_EDGE ( 'NONE', *, *, #11094, .T. ) ;
#70 = ORIENTED_EDGE ( 'NONE', *, *, #1649, .F. ) ;
#71 = DIRECTION ( 'NONE',  ( 0.0000000000000000000, 0.0000000000000000000, 1.000000000000000000 ) ) ;
#72 = DIRECTION ( 'NONE',  ( 0.0000000000000000000, 0.0000000000000000000, -1.000000000000000000 ) ) ;
#73 = COLOUR_RGB ( '',0.9803921568627450567, 0.6274509803921568540, 0.0000000000000000000 ) ;
#74 = PLANE ( 'NONE',  #6870 ) ;
#75 = VERTEX_POINT ( 'NONE', #7482 ) ;
#76 = CARTESIAN_POINT ( 'NONE',  ( 1.700000000000000178, 0.01020000000000000073, -11.27551123755000262 ) ) ;
#77 = ORIENTED_EDGE ( 'NONE', *, *, #7227, .F. ) ;
#78 = SURFACE_STYLE_FILL_AREA ( #1033 ) ;
#79 = SURFACE_SIDE_STYLE ('',( #2825 ) ) ;
#80 = VECTOR ( 'NONE', #9068, 1000.000000000000000 ) ;
#81 = DIRECTION ( 'NONE',  ( -0.0000000000000000000, 1.000000000000000000, -2.168404344971014291E-16 ) ) ;
#82 = VECTOR ( 'NONE', #7987, 1000.000000000000000 ) ;
#83 = CARTESIAN_POINT ( 'NONE',  ( 7.200000000000375877, 0.004999999999999999237, -11.30000000000000071 ) ) ;
#84 = ORIENTED_EDGE ( 'NONE', *, *, #11758, .F. ) ;
#85 = ORIENTED_EDGE ( 'NONE', *, *, #11251, .T. ) ;
#86 = VECTOR ( 'NONE', #7787, 1000.000000000000000 ) ;
#87 = ORIENTED_EDGE ( 'NONE', *, *, #10277, .F. ) ;
#88 = EDGE_CURVE ( 'NONE', #5386, #3183, #4809, .T. ) ;
#89 = DIRECTION ( 'NONE',  ( -0.0000000000000000000, 1.000000000000000000, -0.0000000000000000000 ) ) ;
#90 = DIRECTION ( 'NONE',  ( -0.8265992787991189861, 0.0000000000000000000, 0.5627909312424785870 ) ) ;
#91 = SURFACE_STYLE_FILL_AREA ( #8132 ) ;
#92 = VECTOR ( 'NONE', #1900, 1000.000000000000000 ) ;
#93 = ORIENTED_EDGE ( 'NONE', *, *, #446, .T. ) ;
#94 =( NAMED_UNIT ( * ) PLANE_ANGLE_UNIT ( ) SI_UNIT ( $, .RADIAN. ) );
#95 = VERTEX_POINT ( 'NONE', #9330 ) ;
#96 = FACE_OUTER_BOUND ( 'NONE', #3558, .T. ) ;
#97 = DIRECTION ( 'NONE',  ( 0.3646915900808701538, 0.0000000000000000000, -0.9311283714527693878 ) ) ;
#98 = EDGE_CURVE ( 'NONE', #2033, #10311, #10165, .T. ) ;
#99 = PLANE ( 'NONE',  #10258 ) ;
#100 = COLOUR_RGB ( '',0.8313725490196077761, 0.8509803921568627194, 0.8313725490196077761 ) ;
#101 = ORIENTED_EDGE ( 'NONE', *, *, #4743, .F. ) ;
#102 = LINE ( 'NONE', #3751, #9853 ) ;
#103 = SURFACE_STYLE_USAGE ( .BOTH. , #8255 ) ;
#104 = ADVANCED_FACE ( 'NONE', ( #283 ), #3930, .F. ) ;
#105 = ADVANCED_FACE ( 'NONE', ( #9513 ), #452, .F. ) ;
#106 = DIRECTION ( 'NONE',  ( 0.0000000000000000000, 0.0000000000000000000, -1.000000000000000000 ) ) ;
#107 = CARTESIAN_POINT ( 'NONE',  ( 0.0000000000000000000, 0.8199999999999999512, -12.19999999999999751 ) ) ;
#108 = COLOUR_RGB ( '',0.8313725490196077761, 0.8509803921568627194, 0.8313725490196077761 ) ;
#109 = VECTOR ( 'NONE', #3176, 1000.000000000000000 ) ;
#110 = AXIS2_PLACEMENT_3D ( 'NONE', #1896, #7091, #2849 ) ;
#111 = DIRECTION ( 'NONE',  ( -1.000000000000000000, 0.0000000000000000000, 0.0000000000000000000 ) ) ;
#112 = ORIENTED_EDGE ( 'NONE', *, *, #5348, .T. ) ;
#113 = EDGE_CURVE ( 'NONE', #8206, #11570, #3900, .T. ) ;
#114 = LINE ( 'NONE', #9039, #1361 ) ;
#115 = CARTESIAN_POINT ( 'NONE',  ( 6.587966070751999581, 2.389799999999999702, -7.744204626704998873 ) ) ;
#116 = DIRECTION ( 'NONE',  ( 0.8265992444188456911, 0.0000000000000000000, -0.5627909817385077229 ) ) ;
#117 = EDGE_LOOP ( 'NONE', ( #1445, #5893, #3764, #869, #8108, #3804 ) ) ;
#118 = ORIENTED_EDGE ( 'NONE', *, *, #5622, .T. ) ;
#119 = EDGE_CURVE ( 'NONE', #4887, #8211, #3053, .T. ) ;
#120 = FACE_OUTER_BOUND ( 'NONE', #10860, .T. ) ;
#121 = LINE ( 'NONE', #4639, #6458 ) ;
#122 = DIRECTION ( 'NONE',  ( -1.000000000000000000, 0.0000000000000000000, 0.0000000000000000000 ) ) ;
#123 = VERTEX_POINT ( 'NONE', #4130 ) ;
#124 = FILL_AREA_STYLE_COLOUR ( '', #5247 ) ;
#125 =( NAMED_UNIT ( * ) PLANE_ANGLE_UNIT ( ) SI_UNIT ( $, .RADIAN. ) );
#126 = EDGE_CURVE ( 'NONE', #3725, #3842, #2278, .T. ) ;
#127 = LINE ( 'NONE', #952, #5343 ) ;
#128 = DIRECTION ( 'NONE',  ( 1.734723475976805517E-15, -2.168404344971006896E-16, -1.000000000000000000 ) ) ;
#129 = ORIENTED_EDGE ( 'NONE', *, *, #1110, .F. ) ;
#130 = EDGE_LOOP ( 'NONE', ( #6312, #4417, #215, #7008 ) ) ;
#131 = CARTESIAN_POINT ( 'NONE',  ( 5.400000000000000355, 0.8200000000000299272, -0.2500000000000011102 ) ) ;
#132 = DIRECTION ( 'NONE',  ( 1.000000000000000000, 0.0000000000000000000, -0.0000000000000000000 ) ) ;
#133 = SURFACE_STYLE_USAGE ( .BOTH. , #8289 ) ;
#134 = VECTOR ( 'NONE', #6224, 1000.000000000000000 ) ;
#135 = VERTEX_POINT ( 'NONE', #11267 ) ;
#136 = DIRECTION ( 'NONE',  ( -1.000000000000000000, -0.0000000000000000000, -0.0000000000000000000 ) ) ;
#137 = VERTEX_POINT ( 'NONE', #1265 ) ;
#138 =( LENGTH_UNIT ( ) NAMED_UNIT ( * ) SI_UNIT ( .MILLI., .METRE. ) );
#139 = LINE ( 'NONE', #8121, #11080 ) ;
#140 = ADVANCED_FACE ( 'NONE', ( #7511 ), #1324, .T. ) ;
#141 = LINE ( 'NONE', #3847, #4443 ) ;
#142 = CARTESIAN_POINT ( 'NONE',  ( 10.60000000000000142, 0.8200000000000299272, -0.2500000000000011102 ) ) ;
#143 = ORIENTED_EDGE ( 'NONE', *, *, #1694, .F. ) ;
#144 = ORIENTED_EDGE ( 'NONE', *, *, #10849, .T. ) ;
#145 = VECTOR ( 'NONE', #11501, 1000.000000000000000 ) ;
#146 = VERTEX_POINT ( 'NONE', #2997 ) ;
#147 = CARTESIAN_POINT ( 'NONE',  ( 5.520833158492793658, 2.394999999999999574, -7.702127653360596682 ) ) ;
#148 = DIRECTION ( 'NONE',  ( 0.9689176827907715062, 0.0000000000000000000, -0.2473833542810868757 ) ) ;
#149 = DIRECTION ( 'NONE',  ( 0.0000000000000000000, -4.336808689942013792E-16, -1.000000000000000000 ) ) ;
#150 = VERTEX_POINT ( 'NONE', #3118 ) ;
#151 = CARTESIAN_POINT ( 'NONE',  ( 4.549999999999999822, 0.4100000000000149636, -12.19999999999999929 ) ) ;
#152 = VERTEX_POINT ( 'NONE', #6609 ) ;
#153 = AXIS2_PLACEMENT_3D ( 'NONE', #9985, #3689, #1837 ) ;
#154 = SURFACE_STYLE_FILL_AREA ( #9255 ) ;
#155 = CARTESIAN_POINT ( 'NONE',  ( 8.300591098901001885, 2.389799999999999702, -6.286122518014999550 ) ) ;
#156 = ADVANCED_FACE ( 'NONE', ( #5728 ), #1205, .F. ) ;
#157 = VECTOR ( 'NONE', #7102, 1000.000000000000000 ) ;
#158 = DIRECTION ( 'NONE',  ( 0.8265992788051929052, 0.0000000000000000000, -0.5627909312335576120 ) ) ;
#159 = ORIENTED_EDGE ( 'NONE', *, *, #887, .T. ) ;
#160 = DIRECTION ( 'NONE',  ( -0.0000000000000000000, -0.0000000000000000000, 1.000000000000000000 ) ) ;
#161 = AXIS2_PLACEMENT_3D ( 'NONE', #10525, #8737, #2498 ) ;
#162 = DIRECTION ( 'NONE',  ( 1.000000000000000000, -0.0000000000000000000, -0.0000000000000000000 ) ) ;
#163 = VECTOR ( 'NONE', #8835, 1000.000000000000114 ) ;
#164 = EDGE_CURVE ( 'NONE', #11511, #2722, #8644, .T. ) ;
#165 = AXIS2_PLACEMENT_3D ( 'NONE', #4605, #10919, #2772 ) ;
#166 = DIRECTION ( 'NONE',  ( 0.0000000000000000000, 0.0000000000000000000, -1.000000000000000000 ) ) ;
#167 = DIRECTION ( 'NONE',  ( 0.0000000000000000000, 1.000000000000000000, 0.0000000000000000000 ) ) ;
#168 = EDGE_CURVE ( 'NONE', #4467, #4441, #3232, .T. ) ;
#169 = EDGE_CURVE ( 'NONE', #844, #2140, #4949, .T. ) ;
#170 = SURFACE_STYLE_USAGE ( .BOTH. , #9213 ) ;
#171 = VECTOR ( 'NONE', #4242, 1000.000000000000000 ) ;
#172 = FACE_OUTER_BOUND ( 'NONE', #4671, .T. ) ;
#173 = LINE ( 'NONE', #9154, #8171 ) ;
#174 = CARTESIAN_POINT ( 'NONE',  ( 0.7500000000004586331, 2.149999999999999911, -11.50000000000000178 ) ) ;
#175 = VERTEX_POINT ( 'NONE', #7687 ) ;
#176 = VECTOR ( 'NONE', #4135, 1000.000000000000114 ) ;
#177 = ORIENTED_EDGE ( 'NONE', *, *, #8681, .F. ) ;
#178 = FACE_OUTER_BOUND ( 'NONE', #9239, .T. ) ;
#179 = DIRECTION ( 'NONE',  ( -0.2377717803398162189, 0.0000000000000000000, -0.9713210491253827517 ) ) ;
#180 = ADVANCED_FACE ( 'NONE', ( #8526 ), #368, .F. ) ;
#181 = CARTESIAN_POINT ( 'NONE',  ( 9.290690230681001083, 2.389799999999999702, -6.142054605500999465 ) ) ;
#182 = ORIENTED_EDGE ( 'NONE', *, *, #364, .T. ) ;
#183 = CARTESIAN_POINT ( 'NONE',  ( 5.404166936873998850, 2.389999999999999680, -6.510638308524999474 ) ) ;
#184 = VECTOR ( 'NONE', #6960, 1000.000000000000114 ) ;
#185 = EDGE_CURVE ( 'NONE', #6791, #6977, #9541, .T. ) ;
#186 = CARTESIAN_POINT ( 'NONE',  ( 12.34583340883111369, 2.399999999999999911, -7.702127653359766235 ) ) ;
#187 = FILL_AREA_STYLE_COLOUR ( '', #11242 ) ;
#188 = DIRECTION ( 'NONE',  ( -1.000000000000000000, 0.0000000000000000000, 0.0000000000000000000 ) ) ;
#189 = CARTESIAN_POINT ( 'NONE',  ( 6.448344231663000414, 2.389799999999999702, -7.428041764848000383 ) ) ;
#190 = VERTEX_POINT ( 'NONE', #10484 ) ;
#191 = VERTEX_POINT ( 'NONE', #1446 ) ;
#192 = CARTESIAN_POINT ( 'NONE',  ( 14.59999999999845066, 0.0000000000000000000, -0.9000000000000001332 ) ) ;
#193 = CARTESIAN_POINT ( 'NONE',  ( 1.424488762447000179, 0.01000000000000000021, 0.02448876244737000288 ) ) ;
#194 = LINE ( 'NONE', #901, #8158 ) ;
#195 = STYLED_ITEM ( 'NONE', ( #4222 ), #9953 ) ;
#196 = EDGE_CURVE ( 'NONE', #5158, #1903, #4359, .T. ) ;
#197 = DIRECTION ( 'NONE',  ( -0.5466232777030903822, 0.0000000000000000000, 0.8373786433108562077 ) ) ;
#198 = STYLED_ITEM ( 'NONE', ( #9098 ), #5689 ) ;
#199 = EDGE_LOOP ( 'NONE', ( #3698, #11554, #2350, #4591, #11099, #5455 ) ) ;
#200 =( NAMED_UNIT ( * ) PLANE_ANGLE_UNIT ( ) SI_UNIT ( $, .RADIAN. ) );
#201 = ORIENTED_EDGE ( 'NONE', *, *, #677, .T. ) ;
#202 = PLANE ( 'NONE',  #11121 ) ;
#203 = CARTESIAN_POINT ( 'NONE',  ( 7.599999999999998757, 0.8200000000000300382, -12.19999999999999929 ) ) ;
#204 = DIRECTION ( 'NONE',  ( 0.0000000000000000000, 0.0000000000000000000, -1.000000000000000000 ) ) ;
#205 = DIRECTION ( 'NONE',  ( 0.0000000000000000000, 0.0000000000000000000, 1.000000000000000000 ) ) ;
#206 = ORIENTED_EDGE ( 'NONE', *, *, #10586, .F. ) ;
#207 = ORIENTED_EDGE ( 'NONE', *, *, #5254, .T. ) ;
#208 = AXIS2_PLACEMENT_3D ( 'NONE', #4755, #4995, #4110 ) ;
#209 = ORIENTED_EDGE ( 'NONE', *, *, #3719, .T. ) ;
#210 = DIRECTION ( 'NONE',  ( -0.0000000000000000000, 1.000000000000000000, -0.0000000000000000000 ) ) ;
#211 = ADVANCED_FACE ( 'NONE', ( #5073 ), #4303, .F. ) ;
#212 = AXIS2_PLACEMENT_3D ( 'NONE', #5257, #6913, #8942 ) ;
#213 = LINE ( 'NONE', #2052, #3189 ) ;
#214 = DIRECTION ( 'NONE',  ( 0.5466231882214479532, 0.0000000000000000000, 0.8373787017225954310 ) ) ;
#215 = ORIENTED_EDGE ( 'NONE', *, *, #6573, .F. ) ;
#216 = PLANE ( 'NONE',  #9977 ) ;
#217 = VECTOR ( 'NONE', #5119, 1000.000000000000000 ) ;
#218 = VERTEX_POINT ( 'NONE', #717 ) ;
#219 = PLANE ( 'NONE',  #7682 ) ;
#220 = FACE_OUTER_BOUND ( 'NONE', #10283, .T. ) ;
#221 = ORIENTED_EDGE ( 'NONE', *, *, #9189, .F. ) ;
#222 = FILL_AREA_STYLE ('',( #5692 ) ) ;
#223 = VECTOR ( 'NONE', #11203, 1000.000000000000000 ) ;
#224 = PRESENTATION_STYLE_ASSIGNMENT (( #7652 ) ) ;
#225 = DIRECTION ( 'NONE',  ( -0.8906056381927084376, 0.0000000000000000000, -0.4547764255316656956 ) ) ;
#226 = DIRECTION ( 'NONE',  ( 0.0000000000000000000, 1.000000000000000000, 0.0000000000000000000 ) ) ;
#227 = VECTOR ( 'NONE', #7599, 999.9999999999998863 ) ;
#228 = LINE ( 'NONE', #8320, #10227 ) ;
#229 = CARTESIAN_POINT ( 'NONE',  ( 7.200000000000001066, 0.009999999999999998473, -11.29999999999813021 ) ) ;
#230 = DIRECTION ( 'NONE',  ( 1.000000000000000000, 0.0000000000000000000, 0.0000000000000000000 ) ) ;
#231 = LINE ( 'NONE', #2018, #6421 ) ;
#232 = ORIENTED_EDGE ( 'NONE', *, *, #8377, .T. ) ;
#233 = ORIENTED_EDGE ( 'NONE', *, *, #903, .T. ) ;
#234 = SURFACE_STYLE_FILL_AREA ( #2022 ) ;
#235 = EDGE_CURVE ( 'NONE', #10005, #1676, #10548, .T. ) ;
#236 = EDGE_CURVE ( 'NONE', #11370, #5191, #9597, .T. ) ;
#237 = CIRCLE ( 'NONE', #7267, 0.2499999999999993616 ) ;
#238 = DIRECTION ( 'NONE',  ( 0.0000000000000000000, 0.0000000000000000000, -1.000000000000000000 ) ) ;
#239 = ORIENTED_EDGE ( 'NONE', *, *, #10968, .F. ) ;
#240 =( LENGTH_UNIT ( ) NAMED_UNIT ( * ) SI_UNIT ( .MILLI., .METRE. ) );
#241 = VECTOR ( 'NONE', #11175, 1000.000000000000000 ) ;
#242 = CARTESIAN_POINT ( 'NONE',  ( 0.4986101795303882755, 2.149999999999998579, -11.64628205959096974 ) ) ;
#243 =( NAMED_UNIT ( * ) SI_UNIT ( $, .STERADIAN. ) SOLID_ANGLE_UNIT ( ) );
#244 = CARTESIAN_POINT ( 'NONE',  ( 8.087500047683363391, 2.394999999999999574, -7.523404270410613215 ) ) ;
#245 = VECTOR ( 'NONE', #1872, 1000.000000000000000 ) ;
#246 = ORIENTED_EDGE ( 'NONE', *, *, #8127, .T. ) ;
#247 = ADVANCED_FACE ( 'NONE', ( #5965 ), #3359, .T. ) ;
#248 = ORIENTED_EDGE ( 'NONE', *, *, #1184, .T. ) ;
#249 = CARTESIAN_POINT ( 'NONE',  ( 6.899999999999811173, 1.588186776101813136E-19, -0.9000000000000075717 ) ) ;
#250 = ORIENTED_EDGE ( 'NONE', *, *, #2426, .F. ) ;
#251 = CARTESIAN_POINT ( 'NONE',  ( 8.024488762446999601, 0.01000000000000000021, -11.27551123755000262 ) ) ;
#252 = APPLICATION_PROTOCOL_DEFINITION ( 'draft international standard', 'automotive_design', 1998, #1103 ) ;
#253 = CARTESIAN_POINT ( 'NONE',  ( 8.437500047683657911, 2.394999999999999574, -7.523404270410715355 ) ) ;
#254 = ADVANCED_FACE ( 'NONE', ( #11682 ), #11625, .T. ) ;
#255 = ADVANCED_FACE ( 'NONE', ( #2464 ), #8822, .T. ) ;
#256 = FILL_AREA_STYLE ('',( #9298 ) ) ;
#257 = STYLED_ITEM ( 'NONE', ( #6386 ), #2833 ) ;
#258 = ORIENTED_EDGE ( 'NONE', *, *, #8109, .F. ) ;
#259 = ORIENTED_EDGE ( 'NONE', *, *, #11540, .T. ) ;
#260 = PLANE ( 'NONE',  #6892 ) ;
#261 = CARTESIAN_POINT ( 'NONE',  ( 16.32000000000000028, -0.02448876244737000288, -12.19999999999999929 ) ) ;
#262 = PLANE ( 'NONE',  #5678 ) ;
#263 = ORIENTED_EDGE ( 'NONE', *, *, #1110, .T. ) ;
#264 = ADVANCED_FACE ( 'NONE', ( #7315 ), #2706, .F. ) ;
#265 = ORIENTED_EDGE ( 'NONE', *, *, #1914, .T. ) ;
#266 = ORIENTED_EDGE ( 'NONE', *, *, #11612, .F. ) ;
#267 = CARTESIAN_POINT ( 'NONE',  ( 7.200000000000001066, 0.009999999999999998473, -0.4500000000000149436 ) ) ;
#268 = CARTESIAN_POINT ( 'NONE',  ( 2.799999999999999822, 0.009999999999999998473, -11.29999999999833982 ) ) ;
#269 = CARTESIAN_POINT ( 'NONE',  ( 0.0000000000000000000, -0.02448876244737000288, -12.44399999999999906 ) ) ;
#270 = ORIENTED_EDGE ( 'NONE', *, *, #7290, .F. ) ;
#271 = DIRECTION ( 'NONE',  ( -0.5466231882214457327, -0.0000000000000000000, 0.8373787017225969853 ) ) ;
#272 = ORIENTED_EDGE ( 'NONE', *, *, #1261, .T. ) ;
#273 = VECTOR ( 'NONE', #9836, 1000.000000000000000 ) ;
#274 = CARTESIAN_POINT ( 'NONE',  ( 14.30000000000000071, 0.4100000000000150191, 0.0000000000000000000 ) ) ;
#275 = EDGE_CURVE ( 'NONE', #5737, #1449, #4642, .T. ) ;
#276 = FACE_OUTER_BOUND ( 'NONE', #5895, .T. ) ;
#277 = EDGE_LOOP ( 'NONE', ( #2761, #2812, #9549, #4078 ) ) ;
#278 =( NAMED_UNIT ( * ) PLANE_ANGLE_UNIT ( ) SI_UNIT ( $, .RADIAN. ) );
#279 = UNCERTAINTY_MEASURE_WITH_UNIT (LENGTH_MEASURE( 1.000000000000000082E-05 ), #8152, 'distance_accuracy_value', 'NONE');
#280 = STYLED_ITEM ( 'NONE', ( #10982 ), #699 ) ;
#281 = LINE ( 'NONE', #3926, #241 ) ;
#282 = DIRECTION ( 'NONE',  ( -1.504632769052528010E-30, -1.000000000000000000, 2.168404344971007142E-16 ) ) ;
#283 = FACE_OUTER_BOUND ( 'NONE', #443, .T. ) ;
#284 = CARTESIAN_POINT ( 'NONE',  ( 15.50000000000000000, 1.485000000000000098, -0.6500000000000000222 ) ) ;
#285 = PRESENTATION_LAYER_ASSIGNMENT (  '', '', ( #7131 ) ) ;
#286 = DIRECTION ( 'NONE',  ( -1.000000000000000000, 0.0000000000000000000, 0.0000000000000000000 ) ) ;
#287 = CARTESIAN_POINT ( 'NONE',  ( 8.024488762446999601, 0.01000000000000000021, 0.02448876244737000288 ) ) ;
#288 = DIRECTION ( 'NONE',  ( -1.000000000000000000, 0.0000000000000000000, 0.0000000000000000000 ) ) ;
#289 = ORIENTED_EDGE ( 'NONE', *, *, #10935, .F. ) ;
#290 = ORIENTED_EDGE ( 'NONE', *, *, #1566, .T. ) ;
#291 = CARTESIAN_POINT ( 'NONE',  ( 11.70000000000000284, 0.8200000000000299272, -0.2500000000000019429 ) ) ;
#292 = DIRECTION ( 'NONE',  ( 1.000000000000000000, 0.0000000000000000000, 0.0000000000000000000 ) ) ;
#293 = VECTOR ( 'NONE', #10730, 1000.000000000000000 ) ;
#294 = SURFACE_SIDE_STYLE ('',( #4051 ) ) ;
#295 = DIRECTION ( 'NONE',  ( 1.000000000000000000, 0.0000000000000000000, 0.0000000000000000000 ) ) ;
#296 = DIRECTION ( 'NONE',  ( -0.3102789952966040765, 0.0000000000000000000, -0.9506455412390729665 ) ) ;
#297 = EDGE_CURVE ( 'NONE', #5913, #1365, #5370, .T. ) ;
#298 =( LENGTH_UNIT ( ) NAMED_UNIT ( * ) SI_UNIT ( .MILLI., .METRE. ) );
#299 = FACE_OUTER_BOUND ( 'NONE', #2871, .T. ) ;
#300 = VERTEX_POINT ( 'NONE', #3 ) ;
#301 = ORIENTED_EDGE ( 'NONE', *, *, #3770, .T. ) ;
#302 = LINE ( 'NONE', #1316, #6787 ) ;
#303 = EDGE_LOOP ( 'NONE', ( #4306, #8117, #10122, #221 ) ) ;
#304 = FACE_OUTER_BOUND ( 'NONE', #9044, .T. ) ;
#305 = LINE ( 'NONE', #7681, #3416 ) ;
#306 = EDGE_CURVE ( 'NONE', #7529, #5007, #10900, .T. ) ;
#307 = ORIENTED_EDGE ( 'NONE', *, *, #659, .F. ) ;
#308 = FILL_AREA_STYLE ('',( #10360 ) ) ;
#309 = SURFACE_STYLE_USAGE ( .BOTH. , #4835 ) ;
#310 = ORIENTED_EDGE ( 'NONE', *, *, #9872, .F. ) ;
#311 = CARTESIAN_POINT ( 'NONE',  ( -0.3200000000000000622, -0.02448876244737000288, 0.0000000000000000000 ) ) ;
#312 = LINE ( 'NONE', #5017, #5569 ) ;
#313 = EDGE_CURVE ( 'NONE', #5499, #11398, #6485, .T. ) ;
#314 = CARTESIAN_POINT ( 'NONE',  ( 9.079166603088049570, 2.389999999999999680, -7.702127653360037129 ) ) ;
#315 = EDGE_CURVE ( 'NONE', #3970, #1825, #3594, .T. ) ;
#316 = CARTESIAN_POINT ( 'NONE',  ( 13.15490167205999938, 2.389799999999999702, -7.487109891718000121 ) ) ;
#317 = EDGE_LOOP ( 'NONE', ( #4677, #6244, #4770, #10962, #1334, #2526, #5849, #7214, #6274, #5717, #9978, #6585, #3410, #3194, #11689, #5640, #320, #10152, #9395, #6332, #9725, #1854, #11036, #2609, #7863 ) ) ;
#318 = ORIENTED_EDGE ( 'NONE', *, *, #3024, .T. ) ;
#319 = VECTOR ( 'NONE', #5107, 1000.000000000000000 ) ;
#320 = ORIENTED_EDGE ( 'NONE', *, *, #5780, .T. ) ;
#321 = PRESENTATION_STYLE_ASSIGNMENT (( #103 ) ) ;
#322 = DIRECTION ( 'NONE',  ( 0.0000000000000000000, 1.000000000000000000, 0.0000000000000000000 ) ) ;
#323 = FACE_OUTER_BOUND ( 'NONE', #5941, .T. ) ;
#324 = DIRECTION ( 'NONE',  ( -1.000000000000000000, -0.0000000000000000000, -0.0000000000000000000 ) ) ;
#325 = ADVANCED_FACE ( 'NONE', ( #8997 ), #10006, .T. ) ;
#326 = ORIENTED_EDGE ( 'NONE', *, *, #5915, .T. ) ;
#327 = ORIENTED_EDGE ( 'NONE', *, *, #4637, .T. ) ;
#328 = LINE ( 'NONE', #11048, #1035 ) ;
#329 = CARTESIAN_POINT ( 'NONE',  ( 5.650000000000000355, 0.009999999999987104274, -12.19999999999999929 ) ) ;
#330 = CIRCLE ( 'NONE', #6979, 0.2499999999999993616 ) ;
#331 = EDGE_CURVE ( 'NONE', #2693, #6547, #837, .T. ) ;
#332 = LINE ( 'NONE', #10322, #8374 ) ;
#333 = VERTEX_POINT ( 'NONE', #3772 ) ;
#334 = CARTESIAN_POINT ( 'NONE',  ( 13.20000000000248086, 0.004999999999999999237, -11.30000000000000071 ) ) ;
#335 = DIRECTION ( 'NONE',  ( -0.3646915900806947386, -0.0000000000000000000, 0.9311283714528381106 ) ) ;
#336 =( GEOMETRIC_REPRESENTATION_CONTEXT ( 3 ) GLOBAL_UNCERTAINTY_ASSIGNED_CONTEXT ( ( #279 ) ) GLOBAL_UNIT_ASSIGNED_CONTEXT ( ( #8152, #882, #11726 ) ) REPRESENTATION_CONTEXT ( 'NONE', 'WORKASPACE' ) );
#337 = CARTESIAN_POINT ( 'NONE',  ( 2.662500047683499904, 2.389999999999999680, -8.000000000000000000 ) ) ;
#338 = ADVANCED_FACE ( 'NONE', ( #1971 ), #949, .F. ) ;
#339 = CARTESIAN_POINT ( 'NONE',  ( 9.312500047683903048, 2.394999999999999574, -6.451063847542153340 ) ) ;
#340 = CARTESIAN_POINT ( 'NONE',  ( 6.104166936874696248, 2.389999999999999680, -6.093617081641899524 ) ) ;
#341 = LINE ( 'NONE', #11241, #984 ) ;
#342 = DIRECTION ( 'NONE',  ( 1.000000000000000000, 0.0000000000000000000, 0.0000000000000000000 ) ) ;
#343 = CARTESIAN_POINT ( 'NONE',  ( 0.6000000000000000888, 0.0000000000000000000, -6.099999999999998757 ) ) ;
#344 =( GEOMETRIC_REPRESENTATION_CONTEXT ( 3 ) GLOBAL_UNCERTAINTY_ASSIGNED_CONTEXT ( ( #1230 ) ) GLOBAL_UNIT_ASSIGNED_CONTEXT ( ( #8621, #9339, #3934 ) ) REPRESENTATION_CONTEXT ( 'NONE', 'WORKASPACE' ) );
#345 = FACE_OUTER_BOUND ( 'NONE', #7024, .T. ) ;
#346 = LINE ( 'NONE', #1364, #7956 ) ;
#347 = ORIENTED_EDGE ( 'NONE', *, *, #8098, .F. ) ;
#348 = PRESENTATION_LAYER_ASSIGNMENT (  '', '', ( #11575 ) ) ;
#349 =( LENGTH_UNIT ( ) NAMED_UNIT ( * ) SI_UNIT ( .MILLI., .METRE. ) );
#350 = VECTOR ( 'NONE', #1652, 1000.000000000000000 ) ;
#351 = DIRECTION ( 'NONE',  ( -0.0000000000000000000, -1.000000000000000000, -0.0000000000000000000 ) ) ;
#352 = ADVANCED_FACE ( 'NONE', ( #8160 ), #5600, .F. ) ;
#353 = DIRECTION ( 'NONE',  ( -0.0000000000000000000, 1.000000000000000000, 0.0000000000000000000 ) ) ;
#354 = AXIS2_PLACEMENT_3D ( 'NONE', #8757, #4355, #5189 ) ;
#355 = LINE ( 'NONE', #3102, #2763 ) ;
#356 = CARTESIAN_POINT ( 'NONE',  ( 0.6870853751107852680, 2.432748057108782280, -11.66802238576856965 ) ) ;
#357 = CARTESIAN_POINT ( 'NONE',  ( 5.170833158492683879, 2.399999999999999911, -6.331914925574791297 ) ) ;
#358 = DIRECTION ( 'NONE',  ( 0.9311281943006726181, 0.0000000000000000000, -0.3646920423842135439 ) ) ;
#359 = ORIENTED_EDGE ( 'NONE', *, *, #3688, .T. ) ;
#360 = CARTESIAN_POINT ( 'NONE',  ( 12.81250004768290651, 2.394999999999999574, -7.761702135205000630 ) ) ;
#361 = VERTEX_POINT ( 'NONE', #11734 ) ;
#362 = DIRECTION ( 'NONE',  ( 0.0000000000000000000, -1.000000000000000000, 2.168404344971006896E-16 ) ) ;
#363 = DIRECTION ( 'NONE',  ( 1.000000000000000000, -0.0000000000000000000, -0.0000000000000000000 ) ) ;
#364 = EDGE_CURVE ( 'NONE', #4490, #10779, #6313, .T. ) ;
#365 = AXIS2_PLACEMENT_3D ( 'NONE', #8443, #5702, #8620 ) ;
#366 = CARTESIAN_POINT ( 'NONE',  ( 8.379166603088004095, 2.389999999999999680, -6.689361691475001592 ) ) ;
#367 = ORIENTED_EDGE ( 'NONE', *, *, #10373, .T. ) ;
#368 = PLANE ( 'NONE',  #2590 ) ;
#369 = SURFACE_STYLE_FILL_AREA ( #8700 ) ;
#370 = ORIENTED_EDGE ( 'NONE', *, *, #10737, .F. ) ;
#371 = DIRECTION ( 'NONE',  ( 0.0000000000000000000, 0.0000000000000000000, 1.000000000000000000 ) ) ;
#372 = FACE_OUTER_BOUND ( 'NONE', #8488, .T. ) ;
#373 = SURFACE_SIDE_STYLE ('',( #7454 ) ) ;
#374 = DIRECTION ( 'NONE',  ( -0.0000000000000000000, 1.000000000000000000, -0.0000000000000000000 ) ) ;
#375 = VERTEX_POINT ( 'NONE', #2144 ) ;
#376 = ORIENTED_EDGE ( 'NONE', *, *, #4314, .T. ) ;
#377 = ORIENTED_EDGE ( 'NONE', *, *, #6591, .F. ) ;
#378 = LINE ( 'NONE', #9372, #5854 ) ;
#379 = VECTOR ( 'NONE', #9947, 1000.000000000000000 ) ;
#380 =( LENGTH_UNIT ( ) NAMED_UNIT ( * ) SI_UNIT ( .MILLI., .METRE. ) );
#381 = ADVANCED_FACE ( 'NONE', ( #7610 ), #2260, .F. ) ;
#382 = DIRECTION ( 'NONE',  ( 0.6379967414744546206, 0.0000000000000000000, 0.7700390625598015903 ) ) ;
#383 = ADVANCED_FACE ( 'NONE', ( #8628, #4818, #1250, #4874, #9458, #4935, #8510, #8453 ), #1190, .T. ) ;
#384 = CARTESIAN_POINT ( 'NONE',  ( 13.20000000000000107, 0.009999999999999998473, -0.4500000000000149436 ) ) ;
#385 = ORIENTED_EDGE ( 'NONE', *, *, #10485, .T. ) ;
#386 = DIRECTION ( 'NONE',  ( 1.000000000000000000, 0.0000000000000000000, -0.0000000000000000000 ) ) ;
#387 = ORIENTED_EDGE ( 'NONE', *, *, #8135, .F. ) ;
#388 = FACE_OUTER_BOUND ( 'NONE', #2996, .T. ) ;
#389 = VECTOR ( 'NONE', #3463, 1000.000000000000000 ) ;
#390 = CARTESIAN_POINT ( 'NONE',  ( 8.729166603088378551, 2.389999999999999680, -8.000000000000136779 ) ) ;
#391 = VERTEX_POINT ( 'NONE', #3101 ) ;
#392 = EDGE_CURVE ( 'NONE', #2224, #6090, #2985, .T. ) ;
#393 = PLANE ( 'NONE',  #4522 ) ;
#394 = UNCERTAINTY_MEASURE_WITH_UNIT (LENGTH_MEASURE( 1.000000000000000082E-05 ), #7721, 'distance_accuracy_value', 'NONE');
#395 = VECTOR ( 'NONE', #605, 1000.000000000000000 ) ;
#396 = DIRECTION ( 'NONE',  ( -1.000000000000000000, 0.0000000000000000000, 0.0000000000000000000 ) ) ;
#397 = EDGE_CURVE ( 'NONE', #2393, #1580, #10345, .T. ) ;
#398 = CARTESIAN_POINT ( 'NONE',  ( 6.512500047683789539, 2.394999999999999574, -6.927659535408011493 ) ) ;
#399 = EDGE_LOOP ( 'NONE', ( #1929, #8870, #6796, #5670 ) ) ;
#400 = DIRECTION ( 'NONE',  ( 1.000000000000000000, 0.0000000000000000000, 0.0000000000000000000 ) ) ;
#401 = VECTOR ( 'NONE', #9995, 1000.000000000000000 ) ;
#402 = STYLED_ITEM ( 'NONE', ( #8495 ), #11679 ) ;
#403 = DIRECTION ( 'NONE',  ( -0.9689176983636931251, 0.0000000000000000000, 0.2473832932871643797 ) ) ;
#404 = COLOUR_RGB ( '',0.9803921568627450567, 0.6274509803921568540, 0.0000000000000000000 ) ;
#405 = SURFACE_STYLE_USAGE ( .BOTH. , #9391 ) ;
#406 = CARTESIAN_POINT ( 'NONE',  ( 13.16250004768155613, 2.399999999999999911, -7.463829767701994911 ) ) ;
#407 = VECTOR ( 'NONE', #4083, 1000.000000000000000 ) ;
#408 = EDGE_CURVE ( 'NONE', #7688, #4284, #6953, .T. ) ;
#409 = ORIENTED_EDGE ( 'NONE', *, *, #11600, .T. ) ;
#410 = CARTESIAN_POINT ( 'NONE',  ( 6.500000000000000888, 0.8200000000000300382, -12.19999999999999929 ) ) ;
#411 = CARTESIAN_POINT ( 'NONE',  ( 13.22083338796916685, 2.399999999999999911, -7.285106384751506070 ) ) ;
#412 = VECTOR ( 'NONE', #3353, 1000.000000000000000 ) ;
#413 = ORIENTED_EDGE ( 'NONE', *, *, #9083, .F. ) ;
#414 = DIRECTION ( 'NONE',  ( 0.0000000000000000000, 0.0000000000000000000, 1.000000000000000000 ) ) ;
#415 = CARTESIAN_POINT ( 'NONE',  ( 8.320833492279001931, 2.389999999999999680, -6.868085074424688408 ) ) ;
#416 = CARTESIAN_POINT ( 'NONE',  ( 0.5819776142320288725, 2.432748057109165085, -11.56291462488968058 ) ) ;
#417 = LINE ( 'NONE', #1556, #3263 ) ;
#418 = LINE ( 'NONE', #4057, #7975 ) ;
#419 = ORIENTED_EDGE ( 'NONE', *, *, #7430, .T. ) ;
#420 = ORIENTED_EDGE ( 'NONE', *, *, #1344, .T. ) ;
#421 = EDGE_CURVE ( 'NONE', #11666, #1938, #3939, .T. ) ;
#422 = DIRECTION ( 'NONE',  ( -1.000000000000000000, 0.0000000000000000000, 0.0000000000000000000 ) ) ;
#423 = ORIENTED_EDGE ( 'NONE', *, *, #6291, .F. ) ;
#424 = DIRECTION ( 'NONE',  ( 1.000000000000000000, 0.0000000000000000000, 0.0000000000000000000 ) ) ;
#425 = DIRECTION ( 'NONE',  ( 1.000000000000000000, -0.0000000000000000000, 0.0000000000000000000 ) ) ;
#426 = DIRECTION ( 'NONE',  ( 0.0000000000000000000, 0.0000000000000000000, -1.000000000000000000 ) ) ;
#428 = ORIENTED_EDGE ( 'NONE', *, *, #11597, .F. ) ;
#427 = AXIS2_PLACEMENT_3D ( 'NONE', #5290, #4402, #45 ) ;
#429 = ORIENTED_EDGE ( 'NONE', *, *, #5008, .T. ) ;
#430 = COLOUR_RGB ( '',0.9803921568627450567, 0.6274509803921568540, 0.0000000000000000000 ) ;
#431 = DIRECTION ( 'NONE',  ( 0.0000000000000000000, 0.0000000000000000000, 1.000000000000000000 ) ) ;
#432 = DIRECTION ( 'NONE',  ( 1.000000000000000000, 0.0000000000000000000, 0.0000000000000000000 ) ) ;
#433 = DIRECTION ( 'NONE',  ( -1.000000000000000000, 0.0000000000000000000, 0.0000000000000000000 ) ) ;
#434 = ORIENTED_EDGE ( 'NONE', *, *, #2086, .F. ) ;
#435 = ORIENTED_EDGE ( 'NONE', *, *, #2674, .F. ) ;
#436 = ORIENTED_EDGE ( 'NONE', *, *, #4102, .T. ) ;
#437 = DIRECTION ( 'NONE',  ( 0.0000000000000000000, -4.336808689941984209E-16, -1.000000000000000000 ) ) ;
#438 = FACE_OUTER_BOUND ( 'NONE', #1512, .T. ) ;
#439 = CARTESIAN_POINT ( 'NONE',  ( 9.370833325386001889, 2.389999999999999680, -7.910638300701998915 ) ) ;
#440 = CARTESIAN_POINT ( 'NONE',  ( 1.849999999999999645, 0.8200000000000149392, -3.256119351777732894E-30 ) ) ;
#441 = VERTEX_POINT ( 'NONE', #7669 ) ;
#442 = CARTESIAN_POINT ( 'NONE',  ( 7.849999999999999645, 0.4100000000000150191, -12.19999999999999929 ) ) ;
#443 = EDGE_LOOP ( 'NONE', ( #9855, #9448, #1283, #1214 ) ) ;
#444 = DIRECTION ( 'NONE',  ( -0.0000000000000000000, -1.000000000000000000, -0.0000000000000000000 ) ) ;
#445 = VECTOR ( 'NONE', #4954, 1000.000000000000114 ) ;
#446 = EDGE_CURVE ( 'NONE', #988, #7573, #10178, .T. ) ;
#447 = DIRECTION ( 'NONE',  ( -0.0000000000000000000, 1.000000000000000000, -0.0000000000000000000 ) ) ;
#448 = VERTEX_POINT ( 'NONE', #6658 ) ;
#449 = CARTESIAN_POINT ( 'NONE',  ( 2.949999999999999289, 0.8200000000000149392, -3.256119351777732894E-30 ) ) ;
#450 = FILL_AREA_STYLE ('',( #8614 ) ) ;
#451 = EDGE_CURVE ( 'NONE', #8011, #7240, #1371, .T. ) ;
#452 = PLANE ( 'NONE',  #7513 ) ;
#453 = CARTESIAN_POINT ( 'NONE',  ( 2.100000000000000089, 0.009999999999974222217, 1.756407519426636498E-16 ) ) ;
#454 = VECTOR ( 'NONE', #6041, 1000.000000000000000 ) ;
#455 = EDGE_CURVE ( 'NONE', #5141, #8186, #11312, .T. ) ;
#456 = EDGE_CURVE ( 'NONE', #10195, #8996, #9431, .T. ) ;
#457 = CARTESIAN_POINT ( 'NONE',  ( 8.000000000000000000, 0.0000000000000000000, -11.30000000000000071 ) ) ;
#458 = DIRECTION ( 'NONE',  ( -1.000000000000000000, 0.0000000000000000000, 0.0000000000000000000 ) ) ;
#459 = ORIENTED_EDGE ( 'NONE', *, *, #455, .T. ) ;
#460 = CARTESIAN_POINT ( 'NONE',  ( 4.470833158492591330, 2.399999999999999911, -8.000000000000351719 ) ) ;
#461 = LINE ( 'NONE', #1307, #7791 ) ;
#462 = ORIENTED_EDGE ( 'NONE', *, *, #11677, .F. ) ;
#463 = ADVANCED_FACE ( 'NONE', ( #4170 ), #1551, .T. ) ;
#464 = CARTESIAN_POINT ( 'NONE',  ( 10.19999999999999929, 0.0000000000000000000, -6.100000000000000533 ) ) ;
#465 = CARTESIAN_POINT ( 'NONE',  ( 3.654166936874799543, 2.394999999999999574, -7.046808540820915567 ) ) ;
#466 = CARTESIAN_POINT ( 'NONE',  ( 14.75000000000000000, 0.8200000000000149392, -12.19999999999999929 ) ) ;
#467 = CARTESIAN_POINT ( 'NONE',  ( 11.93750004768198103, 2.399999999999999911, -8.000000000000776268 ) ) ;
#468 = EDGE_CURVE ( 'NONE', #2547, #3842, #9045, .T. ) ;
#469 = DIRECTION ( 'NONE',  ( 1.000000000000000000, 0.0000000000000000000, 0.0000000000000000000 ) ) ;
#470 = ORIENTED_EDGE ( 'NONE', *, *, #11287, .F. ) ;
#471 = ORIENTED_EDGE ( 'NONE', *, *, #7101, .T. ) ;
#472 = LINE ( 'NONE', #10295, #2048 ) ;
#473 = ORIENTED_EDGE ( 'NONE', *, *, #10708, .T. ) ;
#474 = VECTOR ( 'NONE', #9658, 1000.000000000000000 ) ;
#475 = PLANE ( 'NONE',  #6619 ) ;
#476 = DIRECTION ( 'NONE',  ( 0.0000000000000000000, -1.000000000000000000, 2.168404344971006649E-16 ) ) ;
#477 = EDGE_CURVE ( 'NONE', #988, #11782, #10711, .T. ) ;
#478 = VERTEX_POINT ( 'NONE', #4289 ) ;
#479 = CARTESIAN_POINT ( 'NONE',  ( 0.4599999999999999645, 2.399999999999999911, -6.093617081642001665 ) ) ;
#480 = FILL_AREA_STYLE ('',( #11388 ) ) ;
#481 = AXIS2_PLACEMENT_3D ( 'NONE', #9163, #3710, #62 ) ;
#482 = ORIENTED_EDGE ( 'NONE', *, *, #9262, .T. ) ;
#483 = CARTESIAN_POINT ( 'NONE',  ( 1.000000000000000000, 0.8200000000000300382, 0.0000000000000000000 ) ) ;
#484 = PLANE ( 'NONE',  #5383 ) ;
#485 = CARTESIAN_POINT ( 'NONE',  ( 11.70416676997876593, 2.399999999999999911, -7.880851067602395510 ) ) ;
#486 = LINE ( 'NONE', #2163, #176 ) ;
#487 = ORIENTED_EDGE ( 'NONE', *, *, #8205, .F. ) ;
#488 = ORIENTED_EDGE ( 'NONE', *, *, #8779, .T. ) ;
#489 = VERTEX_POINT ( 'NONE', #5178 ) ;
#490 = CARTESIAN_POINT ( 'NONE',  ( 13.05000000000000249, 0.8200000000000149392, -12.19999999999999929 ) ) ;
#491 = CARTESIAN_POINT ( 'NONE',  ( 11.76250004768000501, 2.399999999999999911, -0.4330000000000000515 ) ) ;
#492 =( NAMED_UNIT ( * ) PLANE_ANGLE_UNIT ( ) SI_UNIT ( $, .RADIAN. ) );
#493 = CARTESIAN_POINT ( 'NONE',  ( 5.054166936874625371, 2.389999999999999680, -7.582978731394064198 ) ) ;
#494 = ORIENTED_EDGE ( 'NONE', *, *, #3853, .F. ) ;
#495 = PRESENTATION_STYLE_ASSIGNMENT (( #618 ) ) ;
#496 = EDGE_CURVE ( 'NONE', #3925, #9713, #2566, .T. ) ;
#497 = VERTEX_POINT ( 'NONE', #3402 ) ;
#498 = DIRECTION ( 'NONE',  ( 0.0000000000000000000, 0.0000000000000000000, -1.000000000000000000 ) ) ;
#499 = VECTOR ( 'NONE', #8679, 1000.000000000000000 ) ;
#500 = DIRECTION ( 'NONE',  ( 0.0000000000000000000, 0.0000000000000000000, 1.000000000000000000 ) ) ;
#501 = FACE_OUTER_BOUND ( 'NONE', #2226, .T. ) ;
#502 = VERTEX_POINT ( 'NONE', #5949 ) ;
#503 = CARTESIAN_POINT ( 'NONE',  ( 8.704677840640998809, 2.389799999999999702, -6.093617081642001665 ) ) ;
#504 = UNCERTAINTY_MEASURE_WITH_UNIT (LENGTH_MEASURE( 1.000000000000000082E-05 ), #1380, 'distance_accuracy_value', 'NONE');
#505 = LINE ( 'NONE', #11479, #6439 ) ;
#506 = CARTESIAN_POINT ( 'NONE',  ( 0.6466590002288641337, 2.147643840391714853, -0.4000111032227596786 ) ) ;
#507 = ADVANCED_FACE ( 'NONE', ( #2507 ), #11433, .T. ) ;
#508 = FACE_OUTER_BOUND ( 'NONE', #2007, .T. ) ;
#509 = STYLED_ITEM ( 'NONE', ( #6392 ), #10657 ) ;
#510 =( LENGTH_UNIT ( ) NAMED_UNIT ( * ) SI_UNIT ( .MILLI., .METRE. ) );
#511 = DIRECTION ( 'NONE',  ( 0.9689177459678635085, 0.0000000000000000000, -0.2473831068374609254 ) ) ;
#512 = FACE_OUTER_BOUND ( 'NONE', #9606, .T. ) ;
#513 = FACE_OUTER_BOUND ( 'NONE', #4752, .T. ) ;
#514 = ORIENTED_EDGE ( 'NONE', *, *, #10341, .T. ) ;
#515 = VECTOR ( 'NONE', #6532, 1000.000000000000000 ) ;
#516 = EDGE_CURVE ( 'NONE', #1755, #9684, #3279, .T. ) ;
#517 = LINE ( 'NONE', #4168, #951 ) ;
#518 = ADVANCED_FACE ( 'NONE', ( #2387 ), #6009, .F. ) ;
#519 = ADVANCED_FACE ( 'NONE', ( #7850 ), #2918, .F. ) ;
#520 = VERTEX_POINT ( 'NONE', #1123 ) ;
#521 =( NAMED_UNIT ( * ) SI_UNIT ( $, .STERADIAN. ) SOLID_ANGLE_UNIT ( ) );
#522 = COLOUR_RGB ( '',0.9803921568627450567, 0.6274509803921568540, 0.0000000000000000000 ) ;
#523 = DIRECTION ( 'NONE',  ( 1.000000000000000000, -0.0000000000000000000, -0.0000000000000000000 ) ) ;
#524 = CARTESIAN_POINT ( 'NONE',  ( 7.562500047683998972, 2.399999999999999911, -8.000000000000000000 ) ) ;
#525 = CIRCLE ( 'NONE', #7186, 0.2500000000000002220 ) ;
#526 = LINE ( 'NONE', #4173, #8381 ) ;
#527 = DIRECTION ( 'NONE',  ( -1.000000000000000000, 0.0000000000000000000, 0.0000000000000000000 ) ) ;
#528 = ORIENTED_EDGE ( 'NONE', *, *, #11483, .F. ) ;
#529 = ORIENTED_EDGE ( 'NONE', *, *, #7818, .F. ) ;
#530 = DIRECTION ( 'NONE',  ( 0.0000000000000000000, 1.000000000000000000, -0.0000000000000000000 ) ) ;
#531 = ORIENTED_EDGE ( 'NONE', *, *, #3185, .T. ) ;
#532 = CARTESIAN_POINT ( 'NONE',  ( 4.724488762446999779, 0.01020000000000000073, -11.30000000000000071 ) ) ;
#533 = ADVANCED_FACE ( 'NONE', ( #5464 ), #2016, .F. ) ;
#534 = CARTESIAN_POINT ( 'NONE',  ( 9.079166603088067333, 2.399999999999999911, -8.000000000000255795 ) ) ;
#535 = DIRECTION ( 'NONE',  ( -0.0000000000000000000, -0.0000000000000000000, 1.000000000000000000 ) ) ;
#536 = ADVANCED_FACE ( 'NONE', ( #11062 ), #4687, .F. ) ;
#537 = EDGE_LOOP ( 'NONE', ( #10683, #11213, #6335, #2613 ) ) ;
#538 = CARTESIAN_POINT ( 'NONE',  ( 8.000000000000000000, 0.0000000000000000000, -12.19999999999999929 ) ) ;
#539 = COLOUR_RGB ( '',0.9803921568627450567, 0.6274509803921568540, 0.0000000000000000000 ) ;
#540 = ORIENTED_EDGE ( 'NONE', *, *, #6295, .F. ) ;
#541 = CARTESIAN_POINT ( 'NONE',  ( 8.495833492278840993, 2.399999999999999911, -7.940425533801625413 ) ) ;
#542 = CARTESIAN_POINT ( 'NONE',  ( 5.987500047683846027, 2.399999999999999911, -6.331914925575151010 ) ) ;
#543 = CARTESIAN_POINT ( 'NONE',  ( 11.17916676998184577, 2.389999999999999680, -6.689361691475000704 ) ) ;
#544 = ORIENTED_EDGE ( 'NONE', *, *, #11174, .F. ) ;
#545 = VERTEX_POINT ( 'NONE', #10168 ) ;
#546 = VECTOR ( 'NONE', #6079, 999.9999999999998863 ) ;
#547 = ORIENTED_EDGE ( 'NONE', *, *, #5697, .F. ) ;
#548 = ORIENTED_EDGE ( 'NONE', *, *, #7723, .T. ) ;
#549 = EDGE_CURVE ( 'NONE', #11081, #803, #5642, .T. ) ;
#550 = CARTESIAN_POINT ( 'NONE',  ( 6.740010390413000430, 2.389799999999999702, -6.665575248737997782 ) ) ;
#551 = EDGE_CURVE ( 'NONE', #3925, #9885, #9336, .T. ) ;
#552 = VECTOR ( 'NONE', #11456, 1000.000000000000000 ) ;
#553 =( NAMED_UNIT ( * ) PLANE_ANGLE_UNIT ( ) SI_UNIT ( $, .RADIAN. ) );
#554 = CARTESIAN_POINT ( 'NONE',  ( 6.104166936874563021, 2.394999999999999574, -8.000000000000422773 ) ) ;
#555 = VERTEX_POINT ( 'NONE', #229 ) ;
#556 = ORIENTED_EDGE ( 'NONE', *, *, #11455, .T. ) ;
#557 = DIRECTION ( 'NONE',  ( -1.000000000000000000, 0.0000000000000000000, 0.0000000000000000000 ) ) ;
#558 = CARTESIAN_POINT ( 'NONE',  ( 13.47551123755000368, 0.01020000000000000073, -0.9000000000000001332 ) ) ;
#559 = VECTOR ( 'NONE', #4988, 1000.000000000000000 ) ;
#560 =( NAMED_UNIT ( * ) SI_UNIT ( $, .STERADIAN. ) SOLID_ANGLE_UNIT ( ) );
#561 = CARTESIAN_POINT ( 'NONE',  ( 14.29999999999999893, 0.009999999999999998473, -0.4500000000000149436 ) ) ;
#562 = VECTOR ( 'NONE', #10285, 1000.000000000000114 ) ;
#563 = EDGE_LOOP ( 'NONE', ( #1620, #6217, #8897, #4132 ) ) ;
#564 = CARTESIAN_POINT ( 'NONE',  ( 8.000000000000000000, 0.0000000000000000000, 0.0000000000000000000 ) ) ;
#565 = EDGE_CURVE ( 'NONE', #10604, #4714, #6740, .T. ) ;
#566 = DIRECTION ( 'NONE',  ( 0.0000000000000000000, 0.0000000000000000000, 1.000000000000000000 ) ) ;
#567 = COLOUR_RGB ( '',0.9803921568627450567, 0.6274509803921568540, 0.0000000000000000000 ) ;
#568 = CARTESIAN_POINT ( 'NONE',  ( 0.7500000000000114353, 2.296282059590944336, -0.3986101795303911288 ) ) ;
#569 = DIRECTION ( 'NONE',  ( -0.7593960820132349410, 0.0000000000000000000, 0.6506286119000210810 ) ) ;
#570 = DIRECTION ( 'NONE',  ( 0.0000000000000000000, -4.336808689942013792E-16, -1.000000000000000000 ) ) ;
#571 = AXIS2_PLACEMENT_3D ( 'NONE', #9457, #4048, #3039 ) ;
#572 = LINE ( 'NONE', #1602, #11131 ) ;
#573 = CARTESIAN_POINT ( 'NONE',  ( 7.562500047683884397, 2.389999999999999680, -8.000000000000000000 ) ) ;
#574 = AXIS2_PLACEMENT_3D ( 'NONE', #8638, #10297, #4124 ) ;
#575 = DIRECTION ( 'NONE',  ( 0.8265992788008322822, 0.0000000000000000000, 0.5627909312399622666 ) ) ;
#576 = DIRECTION ( 'NONE',  ( -0.0000000000000000000, 1.000000000000000000, -0.0000000000000000000 ) ) ;
#577 = ORIENTED_EDGE ( 'NONE', *, *, #7674, .T. ) ;
#578 = VECTOR ( 'NONE', #225, 999.9999999999998863 ) ;
#579 = SURFACE_STYLE_FILL_AREA ( #8740 ) ;
#580 = CARTESIAN_POINT ( 'NONE',  ( 2.349999999999999645, 0.009999999999987130295, -12.19999999999999929 ) ) ;
#581 = AXIS2_PLACEMENT_3D ( 'NONE', #8747, #5296, #6897 ) ;
#582 = ORIENTED_EDGE ( 'NONE', *, *, #10134, .T. ) ;
#583 = SURFACE_STYLE_FILL_AREA ( #7013 ) ;
#584 = DIRECTION ( 'NONE',  ( -0.9689177407770340755, 0.0000000000000000000, -0.2473831271682210287 ) ) ;
#585 = AXIS2_PLACEMENT_3D ( 'NONE', #7465, #324, #2955 ) ;
#586 = DIRECTION ( 'NONE',  ( 1.000000000000000000, -0.0000000000000000000, -0.0000000000000000000 ) ) ;
#587 = CARTESIAN_POINT ( 'NONE',  ( 8.612500047683502302, 2.389999999999999680, -7.970212766901000556 ) ) ;
#588 = VECTOR ( 'NONE', #6624, 1000.000000000000000 ) ;
#589 = DIRECTION ( 'NONE',  ( 0.9689177459676556747, 0.0000000000000000000, -0.2473831068382746912 ) ) ;
#590 = ORIENTED_EDGE ( 'NONE', *, *, #408, .T. ) ;
#591 = ORIENTED_EDGE ( 'NONE', *, *, #6370, .F. ) ;
#592 = CARTESIAN_POINT ( 'NONE',  ( 5.799999999999650768, 0.004999999999999999237, -11.30000000000000071 ) ) ;
#593 = VERTEX_POINT ( 'NONE', #4569 ) ;
#594 = EDGE_CURVE ( 'NONE', #5191, #5698, #5031, .T. ) ;
#595 = DIRECTION ( 'NONE',  ( -0.8906051112022843608, 0.0000000000000000000, -0.4547774575551945531 ) ) ;
#596 = LINE ( 'NONE', #9592, #546 ) ;
#597 = VECTOR ( 'NONE', #3230, 1000.000000000000000 ) ;
#598 = DIRECTION ( 'NONE',  ( 0.0000000000000000000, 1.000000000000000000, 0.0000000000000000000 ) ) ;
#599 = ORIENTED_EDGE ( 'NONE', *, *, #5500, .F. ) ;
#600 = CARTESIAN_POINT ( 'NONE',  ( 0.7500000000000111022, 2.149999999999999911, -0.6500000000000001332 ) ) ;
#601 = DIRECTION ( 'NONE',  ( 0.9689178307909459553, -0.0000000000000000000, 0.2473827746132857275 ) ) ;
#602 = VERTEX_POINT ( 'NONE', #2975 ) ;
#603 = CARTESIAN_POINT ( 'NONE',  ( 8.024488762446999601, 0.01020000000000000073, -11.30000000000000071 ) ) ;
#604 = EDGE_CURVE ( 'NONE', #4084, #4191, #7304, .T. ) ;
#605 = DIRECTION ( 'NONE',  ( 0.0000000000000000000, 1.000000000000000000, 0.0000000000000000000 ) ) ;
#606 = FACE_OUTER_BOUND ( 'NONE', #9604, .T. ) ;
#607 = DIRECTION ( 'NONE',  ( -1.000000000000000000, -0.0000000000000000000, -0.0000000000000000000 ) ) ;
#608 = AXIS2_PLACEMENT_3D ( 'NONE', #6842, #11385, #5839 ) ;
#609 = ORIENTED_EDGE ( 'NONE', *, *, #2522, .T. ) ;
#610 = ORIENTED_EDGE ( 'NONE', *, *, #7619, .T. ) ;
#611 = ORIENTED_EDGE ( 'NONE', *, *, #887, .F. ) ;
#612 = EDGE_CURVE ( 'NONE', #3632, #10975, #4811, .T. ) ;
#613 = EDGE_CURVE ( 'NONE', #9684, #448, #10946, .T. ) ;
#614 = DIRECTION ( 'NONE',  ( 1.000000000000000000, -0.0000000000000000000, -0.0000000000000000000 ) ) ;
#615 = DIRECTION ( 'NONE',  ( 0.0000000000000000000, -4.336808689942021680E-16, -1.000000000000000000 ) ) ;
#616 = VECTOR ( 'NONE', #8007, 1000.000000000000000 ) ;
#617 = ORIENTED_EDGE ( 'NONE', *, *, #6367, .F. ) ;
#618 = SURFACE_STYLE_USAGE ( .BOTH. , #2360 ) ;
#619 = ORIENTED_EDGE ( 'NONE', *, *, #2982, .F. ) ;
#620 = CARTESIAN_POINT ( 'NONE',  ( 5.799999999999999822, 1.058791184067875424E-19, -1.490354470693941447E-14 ) ) ;
#621 = ADVANCED_FACE ( 'NONE', ( #172 ), #11302, .T. ) ;
#622 = CARTESIAN_POINT ( 'NONE',  ( 15.00000000000000178, 0.009999999999999998473, -11.30000000000000249 ) ) ;
#623 = CARTESIAN_POINT ( 'NONE',  ( 8.000000000000000000, 0.0000000000000000000, 0.0000000000000000000 ) ) ;
#624 = CARTESIAN_POINT ( 'NONE',  ( -0.3200000000000000622, -0.02448876244737000288, 0.0000000000000000000 ) ) ;
#625 = DIRECTION ( 'NONE',  ( 0.2377717803398113616, 0.0000000000000000000, 0.9713210491253838619 ) ) ;
#626 = EDGE_LOOP ( 'NONE', ( #7988, #3771, #4826, #9176, #11553, #3507 ) ) ;
#627 = DIRECTION ( 'NONE',  ( -0.9689178100274552508, -0.0000000000000000000, 0.2473828559371080704 ) ) ;
#628 = UNCERTAINTY_MEASURE_WITH_UNIT (LENGTH_MEASURE( 1.000000000000000082E-05 ), #4226, 'distance_accuracy_value', 'NONE');
#629 = LINE ( 'NONE', #5042, #7011 ) ;
#630 = CARTESIAN_POINT ( 'NONE',  ( 0.5840453280284075843, 2.401389820469714387, -0.5037179404092244628 ) ) ;
#631 = FACE_OUTER_BOUND ( 'NONE', #8096, .T. ) ;
#632 = DIRECTION ( 'NONE',  ( 0.0000000000000000000, 1.000000000000000000, 0.0000000000000000000 ) ) ;
#633 = VECTOR ( 'NONE', #7166, 1000.000000000000114 ) ;
#634 = EDGE_CURVE ( 'NONE', #8530, #602, #6763, .T. ) ;
#635 = CARTESIAN_POINT ( 'NONE',  ( 15.40000000000248015, 0.004999999999999999237, -11.30000000000000071 ) ) ;
#636 = LINE ( 'NONE', #5052, #9889 ) ;
#637 = SURFACE_SIDE_STYLE ('',( #9577 ) ) ;
#638 = UNCERTAINTY_MEASURE_WITH_UNIT (LENGTH_MEASURE( 1.000000000000000082E-05 ), #3523, 'distance_accuracy_value', 'NONE');
#639 = ORIENTED_EDGE ( 'NONE', *, *, #4616, .T. ) ;
#640 = SURFACE_SIDE_STYLE ('',( #579 ) ) ;
#641 = CARTESIAN_POINT ( 'NONE',  ( 6.687500047684135751, 2.389999999999999680, -6.510638308525394713 ) ) ;
#642 = ORIENTED_EDGE ( 'NONE', *, *, #11395, .T. ) ;
#643 = FILL_AREA_STYLE ('',( #8871 ) ) ;
#644 = STYLED_ITEM ( 'NONE', ( #1647 ), #1818 ) ;
#645 = PRESENTATION_LAYER_ASSIGNMENT (  '', '', ( #1803 ) ) ;
#646 = PLANE ( 'NONE',  #581 ) ;
#647 = CARTESIAN_POINT ( 'NONE',  ( 6.900000000000001243, 0.009999999999999998473, -0.4500000000000149436 ) ) ;
#648 = DIRECTION ( 'NONE',  ( 0.7593963447906009190, -0.0000000000000000000, 0.6506283051932760797 ) ) ;
#649 = VERTEX_POINT ( 'NONE', #5761 ) ;
#650 = EDGE_LOOP ( 'NONE', ( #1763, #8086, #3350, #2857, #5833, #5603, #10116, #4957, #2513, #9278, #8028, #9091, #6975, #6378, #1438, #3366, #8368, #5317, #2077, #761, #2277, #7324, #10097, #8471, #482 ) ) ;
#651 = CARTESIAN_POINT ( 'NONE',  ( 1.700000000000000622, 5.293955920339377119E-20, -2.172639509707280370E-16 ) ) ;
#652 = ORIENTED_EDGE ( 'NONE', *, *, #8758, .T. ) ;
#653 = CARTESIAN_POINT ( 'NONE',  ( 10.60000000000000142, 0.009999999999974168441, -0.2500000000000009437 ) ) ;
#654 = CARTESIAN_POINT ( 'NONE',  ( 6.512500047683999149, 2.389999999999999680, -7.165957462787830856 ) ) ;
#655 = VECTOR ( 'NONE', #6385, 1000.000000000000000 ) ;
#656 = PRESENTATION_STYLE_ASSIGNMENT (( #1625 ) ) ;
#657 = ORIENTED_EDGE ( 'NONE', *, *, #4251, .F. ) ;
#658 = DIRECTION ( 'NONE',  ( 0.0000000000000000000, 1.000000000000000000, 0.0000000000000000000 ) ) ;
#659 = EDGE_CURVE ( 'NONE', #2336, #6074, #8504, .T. ) ;
#660 = VERTEX_POINT ( 'NONE', #3092 ) ;
#661 = CARTESIAN_POINT ( 'NONE',  ( 11.20365553243000356, 2.389799999999999702, -6.987234079837999268 ) ) ;
#662 = LINE ( 'NONE', #8887, #9727 ) ;
#663 = DIRECTION ( 'NONE',  ( 0.0000000000000000000, 0.0000000000000000000, -1.000000000000000000 ) ) ;
#664 = AXIS2_PLACEMENT_3D ( 'NONE', #1341, #4968, #1522 ) ;
#665 = VERTEX_POINT ( 'NONE', #9516 ) ;
#666 = ORIENTED_EDGE ( 'NONE', *, *, #9127, .F. ) ;
#667 = VERTEX_POINT ( 'NONE', #6710 ) ;
#668 = DIRECTION ( 'NONE',  ( -0.0000000000000000000, 1.000000000000000000, -0.0000000000000000000 ) ) ;
#669 = ADVANCED_FACE ( 'NONE', ( #8619 ), #4104, .F. ) ;
#670 = AXIS2_PLACEMENT_3D ( 'NONE', #1662, #7235, #4554 ) ;
#671 =( NAMED_UNIT ( * ) SI_UNIT ( $, .STERADIAN. ) SOLID_ANGLE_UNIT ( ) );
#672 = VECTOR ( 'NONE', #2642, 1000.000000000000000 ) ;
#673 = DIRECTION ( 'NONE',  ( 0.5627909312335577230, -0.0000000000000000000, 0.8265992788051929052 ) ) ;
#674 = COLOUR_RGB ( '',0.9803921568627450567, 0.6274509803921568540, 0.0000000000000000000 ) ;
#675 = VERTEX_POINT ( 'NONE', #3917 ) ;
#676 = DIRECTION ( 'NONE',  ( 0.0000000000000000000, -4.336808689941998508E-16, -1.000000000000000000 ) ) ;
#677 = EDGE_CURVE ( 'NONE', #6204, #9388, #11107, .T. ) ;
#678 = VERTEX_POINT ( 'NONE', #7467 ) ;
#679 = EDGE_CURVE ( 'NONE', #152, #11476, #9133, .T. ) ;
#680 = LINE ( 'NONE', #7945, #80 ) ;
#681 = DIRECTION ( 'NONE',  ( 1.000000000000000000, 0.0000000000000000000, 0.0000000000000000000 ) ) ;
#682 = LINE ( 'NONE', #6709, #3107 ) ;
#683 = CARTESIAN_POINT ( 'NONE',  ( 9.312500048290230481, 2.399999999999999911, -7.642553191964203130 ) ) ;
#684 = MECHANICAL_DESIGN_GEOMETRIC_PRESENTATION_REPRESENTATION (  '', ( #10181 ), #8095 ) ;
#685 = DIRECTION ( 'NONE',  ( 0.0000000000000000000, -1.000000000000000000, 2.168404344971006896E-16 ) ) ;
#686 = ORIENTED_EDGE ( 'NONE', *, *, #11234, .T. ) ;
#687 = DIRECTION ( 'NONE',  ( -0.7700390963312097048, 0.0000000000000000000, -0.6379967007135803891 ) ) ;
#688 = DIRECTION ( 'NONE',  ( 0.0000000000000000000, 1.000000000000000000, 0.0000000000000000000 ) ) ;
#689 = DIRECTION ( 'NONE',  ( 0.6506286119000210810, 0.0000000000000000000, 0.7593960820132349410 ) ) ;
#690 = DIRECTION ( 'NONE',  ( 0.6996246023313046347, 0.0000000000000000000, -0.7145106128062506112 ) ) ;
#691 = EDGE_CURVE ( 'NONE', #10195, #8055, #5574, .T. ) ;
#692 = DIRECTION ( 'NONE',  ( -0.0000000000000000000, 1.000000000000000000, -0.0000000000000000000 ) ) ;
#693 = CARTESIAN_POINT ( 'NONE',  ( 5.000000000000000000, 0.01020000000000000073, -11.27551123755000262 ) ) ;
#694 = CARTESIAN_POINT ( 'NONE',  ( 11.93750004768231499, 2.399999999999999911, -7.999999999999925393 ) ) ;
#695 = LINE ( 'NONE', #5105, #2826 ) ;
#696 = ORIENTED_EDGE ( 'NONE', *, *, #2326, .F. ) ;
#697 = EDGE_CURVE ( 'NONE', #10731, #10681, #2055, .T. ) ;
#698 = DIRECTION ( 'NONE',  ( 0.0000000000000000000, -4.336808689942013792E-16, -1.000000000000000000 ) ) ;
#699 = ADVANCED_FACE ( 'NONE', ( #4614 ), #216, .T. ) ;
#700 = FACE_OUTER_BOUND ( 'NONE', #11012, .T. ) ;
#701 = VERTEX_POINT ( 'NONE', #10318 ) ;
#702 = PRESENTATION_STYLE_ASSIGNMENT (( #2446 ) ) ;
#703 = LINE ( 'NONE', #7972, #1216 ) ;
#704 = CARTESIAN_POINT ( 'NONE',  ( 8.000000000000000000, 0.009999999999999995004, -12.19999999999999929 ) ) ;
#705 = PRESENTATION_STYLE_ASSIGNMENT (( #4291 ) ) ;
#706 = CARTESIAN_POINT ( 'NONE',  ( 5.345833492278998733, 2.389999999999999680, -6.182978773117000060 ) ) ;
#707 = ORIENTED_EDGE ( 'NONE', *, *, #5756, .T. ) ;
#708 = ORIENTED_EDGE ( 'NONE', *, *, #7739, .T. ) ;
#709 = LINE ( 'NONE', #4178, #5654 ) ;
#710 = EDGE_LOOP ( 'NONE', ( #5072, #2107, #6652 ) ) ;
#711 = CARTESIAN_POINT ( 'NONE',  ( 6.220833158493181081, 2.394999999999999574, -6.391489386558369290 ) ) ;
#712 = CARTESIAN_POINT ( 'NONE',  ( 8.087500047683478854, 2.399999999999999911, -6.570212769508528616 ) ) ;
#713 = EDGE_CURVE ( 'NONE', #1461, #6723, #1166, .T. ) ;
#714 = DIRECTION ( 'NONE',  ( 0.0000000000000000000, -1.000000000000000000, 2.168404344970999500E-16 ) ) ;
#715 = AXIS2_PLACEMENT_3D ( 'NONE', #2801, #11002, #8326 ) ;
#716 = VERTEX_POINT ( 'NONE', #10096 ) ;
#717 = CARTESIAN_POINT ( 'NONE',  ( 1.400000000000000355, 0.009999999999999996739, -12.20000000000166196 ) ) ;
#718 = LINE ( 'NONE', #6194, #1249 ) ;
#719 =( GEOMETRIC_REPRESENTATION_CONTEXT ( 3 ) GLOBAL_UNCERTAINTY_ASSIGNED_CONTEXT ( ( #7537 ) ) GLOBAL_UNIT_ASSIGNED_CONTEXT ( ( #10253, #4622, #6801 ) ) REPRESENTATION_CONTEXT ( 'NONE', 'WORKASPACE' ) );
#720 = ORIENTED_EDGE ( 'NONE', *, *, #7646, .F. ) ;
#721 = DIRECTION ( 'NONE',  ( -0.0000000000000000000, -1.000000000000000000, -0.0000000000000000000 ) ) ;
#722 = DIRECTION ( 'NONE',  ( -0.0000000000000000000, 1.000000000000000000, -0.0000000000000000000 ) ) ;
#723 = LINE ( 'NONE', #785, #5528 ) ;
#724 = LINE ( 'NONE', #4365, #9095 ) ;
#725 = ORIENTED_EDGE ( 'NONE', *, *, #7953, .T. ) ;
#726 = EDGE_LOOP ( 'NONE', ( #8884, #5677, #10889, #5461 ) ) ;
#727 = ORIENTED_EDGE ( 'NONE', *, *, #2643, .F. ) ;
#728 = PRESENTATION_LAYER_ASSIGNMENT (  '', '', ( #4711 ) ) ;
#729 = DIRECTION ( 'NONE',  ( 1.000000000000000000, 0.0000000000000000000, 0.0000000000000000000 ) ) ;
#730 = ADVANCED_FACE ( 'NONE', ( #9194 ), #2118, .T. ) ;
#731 = STYLED_ITEM ( 'NONE', ( #4090 ), #8827 ) ;
#732 = LINE ( 'NONE', #10687, #1173 ) ;
#733 = ORIENTED_EDGE ( 'NONE', *, *, #9918, .T. ) ;
#734 = FACE_OUTER_BOUND ( 'NONE', #5121, .T. ) ;
#735 = ORIENTED_EDGE ( 'NONE', *, *, #5634, .F. ) ;
#736 = CARTESIAN_POINT ( 'NONE',  ( 12.09999999999999964, 0.009999999999999996739, -12.20000000000166196 ) ) ;
#737 = DIRECTION ( 'NONE',  ( 0.0000000000000000000, -1.000000000000000000, 2.168404344971006649E-16 ) ) ;
#738 = LINE ( 'NONE', #5390, #350 ) ;
#739 = ORIENTED_EDGE ( 'NONE', *, *, #11313, .F. ) ;
#740 = AXIS2_PLACEMENT_3D ( 'NONE', #11569, #9663, #3545 ) ;
#741 = LINE ( 'NONE', #4708, #3449 ) ;
#742 = ORIENTED_EDGE ( 'NONE', *, *, #5212, .T. ) ;
#743 = UNCERTAINTY_MEASURE_WITH_UNIT (LENGTH_MEASURE( 1.000000000000000082E-05 ), #10535, 'distance_accuracy_value', 'NONE');
#744 = EDGE_CURVE ( 'NONE', #5004, #11266, #11348, .T. ) ;
#745 = ADVANCED_FACE ( 'NONE', ( #6868 ), #3314, .F. ) ;
#746 = CARTESIAN_POINT ( 'NONE',  ( 13.03244725848999863, 2.389799999999999702, -7.663059571437998763 ) ) ;
#747 = PRESENTATION_LAYER_ASSIGNMENT (  '', '', ( #6442 ) ) ;
#748 = CARTESIAN_POINT ( 'NONE',  ( 0.7500000000000072164, 2.147643840391712189, -0.4000111032227626762 ) ) ;
#749 = VECTOR ( 'NONE', #4348, 1000.000000000000000 ) ;
#750 = FACE_OUTER_BOUND ( 'NONE', #4202, .T. ) ;
#751 = CARTESIAN_POINT ( 'NONE',  ( 1.400000000000000133, 0.009999999999999989800, 0.0000000000000000000 ) ) ;
#752 = EDGE_CURVE ( 'NONE', #4414, #7404, #1462, .T. ) ;
#753 = DIRECTION ( 'NONE',  ( 0.0000000000000000000, 0.0000000000000000000, -1.000000000000000000 ) ) ;
#754 = UNCERTAINTY_MEASURE_WITH_UNIT (LENGTH_MEASURE( 1.000000000000000082E-05 ), #2074, 'distance_accuracy_value', 'NONE');
#755 = ADVANCED_FACE ( 'NONE', ( #6807 ), #8717, .F. ) ;
#756 =( GEOMETRIC_REPRESENTATION_CONTEXT ( 3 ) GLOBAL_UNCERTAINTY_ASSIGNED_CONTEXT ( ( #11706 ) ) GLOBAL_UNIT_ASSIGNED_CONTEXT ( ( #11290, #9441, #3863 ) ) REPRESENTATION_CONTEXT ( 'NONE', 'WORKASPACE' ) );
#757 = EDGE_CURVE ( 'NONE', #10837, #2140, #7827, .T. ) ;
#758 = DIRECTION ( 'NONE',  ( 0.2473834390664076677, -0.0000000000000000000, 0.9689176611434415776 ) ) ;
#759 = DIRECTION ( 'NONE',  ( -0.9689177089683017607, 0.0000000000000000000, -0.2473832517524520158 ) ) ;
#760 = PRESENTATION_LAYER_ASSIGNMENT (  '', '', ( #4557 ) ) ;
#761 = ORIENTED_EDGE ( 'NONE', *, *, #11011, .T. ) ;
#762 =( NAMED_UNIT ( * ) PLANE_ANGLE_UNIT ( ) SI_UNIT ( $, .RADIAN. ) );
#763 = EDGE_CURVE ( 'NONE', #3673, #7866, #9496, .T. ) ;
#764 = DIRECTION ( 'NONE',  ( 0.0000000000000000000, 0.0000000000000000000, 1.000000000000000000 ) ) ;
#765 = ADVANCED_FACE ( 'NONE', ( #9675 ), #7763, .F. ) ;
#766 = CARTESIAN_POINT ( 'NONE',  ( 6.500000000000000888, 0.009999999999974222217, 1.756407519426642415E-16 ) ) ;
#767 = LINE ( 'NONE', #4174, #11410 ) ;
#768 = PRESENTATION_LAYER_ASSIGNMENT (  '', '', ( #10089 ) ) ;
#769 = VERTEX_POINT ( 'NONE', #5149 ) ;
#770 = EDGE_LOOP ( 'NONE', ( #2656, #272, #3757, #6195 ) ) ;
#771 = CARTESIAN_POINT ( 'NONE',  ( 13.39583337754166159, 2.399999999999999911, -7.642553192377813609 ) ) ;
#772 = ORIENTED_EDGE ( 'NONE', *, *, #1559, .T. ) ;
#773 = PLANE ( 'NONE',  #3277 ) ;
#774 = EDGE_LOOP ( 'NONE', ( #8353, #1183, #5210, #4574, #5330, #10230, #6187 ) ) ;
#775 =( NAMED_UNIT ( * ) SI_UNIT ( $, .STERADIAN. ) SOLID_ANGLE_UNIT ( ) );
#776 =( GEOMETRIC_REPRESENTATION_CONTEXT ( 3 ) GLOBAL_UNCERTAINTY_ASSIGNED_CONTEXT ( ( #743 ) ) GLOBAL_UNIT_ASSIGNED_CONTEXT ( ( #10535, #8810, #2510 ) ) REPRESENTATION_CONTEXT ( 'NONE', 'WORKASPACE' ) );
#777 = VECTOR ( 'NONE', #3219, 1000.000000000000227 ) ;
#778 = VECTOR ( 'NONE', #3742, 1000.000000000000114 ) ;
#779 = ORIENTED_EDGE ( 'NONE', *, *, #11492, .T. ) ;
#780 =( NAMED_UNIT ( * ) PLANE_ANGLE_UNIT ( ) SI_UNIT ( $, .RADIAN. ) );
#781 = VERTEX_POINT ( 'NONE', #4907 ) ;
#782 = SURFACE_STYLE_USAGE ( .BOTH. , #9000 ) ;
#783 = CARTESIAN_POINT ( 'NONE',  ( 7.200000000000345679, 0.004999999999999999237, -0.9000000000000000222 ) ) ;
#784 = VECTOR ( 'NONE', #764, 1000.000000000000000 ) ;
#785 = CARTESIAN_POINT ( 'NONE',  ( 8.000000000000000000, 0.0000000000000000000, 0.0000000000000000000 ) ) ;
#786 = LINE ( 'NONE', #8889, #9491 ) ;
#787 = ORIENTED_EDGE ( 'NONE', *, *, #2658, .T. ) ;
#788 = ORIENTED_EDGE ( 'NONE', *, *, #4351, .F. ) ;
#789 = ORIENTED_EDGE ( 'NONE', *, *, #5577, .F. ) ;
#790 = VECTOR ( 'NONE', #6095, 1000.000000000000000 ) ;
#791 = LINE ( 'NONE', #9609, #157 ) ;
#792 = CARTESIAN_POINT ( 'NONE',  ( 8.000000000000000000, 0.8199999999999999512, -12.19999999999999929 ) ) ;
#793 = VERTEX_POINT ( 'NONE', #4263 ) ;
#794 = SURFACE_STYLE_USAGE ( .BOTH. , #9066 ) ;
#795 = ORIENTED_EDGE ( 'NONE', *, *, #7952, .F. ) ;
#796 = VECTOR ( 'NONE', #2620, 1000.000000000000000 ) ;
#797 = FACE_OUTER_BOUND ( 'NONE', #1550, .T. ) ;
#798 = LINE ( 'NONE', #2422, #7451 ) ;
#799 = EDGE_CURVE ( 'NONE', #2117, #9908, #8601, .T. ) ;
#800 = LINE ( 'NONE', #1822, #633 ) ;
#801 = VERTEX_POINT ( 'NONE', #6984 ) ;
#802 = ORIENTED_EDGE ( 'NONE', *, *, #9050, .F. ) ;
#803 = VERTEX_POINT ( 'NONE', #10629 ) ;
#804 = VECTOR ( 'NONE', #8901, 1000.000000000000000 ) ;
#805 = LINE ( 'NONE', #11760, #4994 ) ;
#806 = CARTESIAN_POINT ( 'NONE',  ( 11.64583332538432892, 2.399999999999999911, -8.000000000000000000 ) ) ;
#807 = CARTESIAN_POINT ( 'NONE',  ( 2.837500047683585880, 2.394999999999999574, -6.093617081642001665 ) ) ;
#808 = CARTESIAN_POINT ( 'NONE',  ( 14.59999999999918252, 0.009999999999999998473, -11.29999999999833982 ) ) ;
#809 = DIRECTION ( 'NONE',  ( 0.0000000000000000000, 0.0000000000000000000, -1.000000000000000000 ) ) ;
#810 = EDGE_CURVE ( 'NONE', #7792, #1755, #5805, .T. ) ;
#811 = VECTOR ( 'NONE', #9974, 1000.000000000000000 ) ;
#812 = COLOUR_RGB ( '',0.9803921568627450567, 0.6274509803921568540, 0.0000000000000000000 ) ;
#813 = PRESENTATION_STYLE_ASSIGNMENT (( #1889 ) ) ;
#814 = DIRECTION ( 'NONE',  ( -0.7145103848024032533, 0.0000000000000000000, 0.6996248351863458836 ) ) ;
#815 = FILL_AREA_STYLE_COLOUR ( '', #4432 ) ;
#816 = PLANE ( 'NONE',  #10848 ) ;
#817 = VECTOR ( 'NONE', #8182, 999.9999999999998863 ) ;
#818 = ADVANCED_FACE ( 'NONE', ( #4086 ), #7705, .F. ) ;
#819 = ORIENTED_EDGE ( 'NONE', *, *, #10287, .T. ) ;
#820 = EDGE_CURVE ( 'NONE', #3608, #10130, #8659, .T. ) ;
#821 = ADVANCED_FACE ( 'NONE', ( #1588 ), #5209, .F. ) ;
#822 = FACE_OUTER_BOUND ( 'NONE', #942, .T. ) ;
#823 = CARTESIAN_POINT ( 'NONE',  ( 11.30000000000000071, 5.293955920339377119E-20, -2.172639509707280370E-16 ) ) ;
#824 = DIRECTION ( 'NONE',  ( -1.000000000000000000, 0.0000000000000000000, 0.0000000000000000000 ) ) ;
#825 = VECTOR ( 'NONE', #1808, 1000.000000000000000 ) ;
#826 = ORIENTED_EDGE ( 'NONE', *, *, #8377, .F. ) ;
#827 = ORIENTED_EDGE ( 'NONE', *, *, #9510, .F. ) ;
#828 = FILL_AREA_STYLE ('',( #2635 ) ) ;
#829 = ORIENTED_EDGE ( 'NONE', *, *, #7798, .T. ) ;
#830 = ORIENTED_EDGE ( 'NONE', *, *, #4791, .T. ) ;
#831 = DIRECTION ( 'NONE',  ( -1.000000000000000000, -0.0000000000000000000, -0.0000000000000000000 ) ) ;
#832 = CARTESIAN_POINT ( 'NONE',  ( 0.9999999999998000488, 0.009999999999999998473, -11.30000000000000249 ) ) ;
#833 = EDGE_CURVE ( 'NONE', #7299, #8951, #9795, .T. ) ;
#834 = PLANE ( 'NONE',  #6053 ) ;
#835 = AXIS2_PLACEMENT_3D ( 'NONE', #6425, #950, #3884 ) ;
#836 = ORIENTED_EDGE ( 'NONE', *, *, #11009, .T. ) ;
#837 = LINE ( 'NONE', #4478, #3554 ) ;
#838 = ADVANCED_FACE ( 'NONE', ( #734 ), #9906, .F. ) ;
#839 = CARTESIAN_POINT ( 'NONE',  ( 12.69583336710999788, 2.389999999999999680, -7.761702135205000630 ) ) ;
#840 = SURFACE_SIDE_STYLE ('',( #65 ) ) ;
#841 = ORIENTED_EDGE ( 'NONE', *, *, #9630, .T. ) ;
#842 = ORIENTED_EDGE ( 'NONE', *, *, #5126, .T. ) ;
#843 = COLOUR_RGB ( '',0.9803921568627450567, 0.6274509803921568540, 0.0000000000000000000 ) ;
#844 = VERTEX_POINT ( 'NONE', #7108 ) ;
#846 = VECTOR ( 'NONE', #9090, 1000.000000000000000 ) ;
#845 = FILL_AREA_STYLE ('',( #11745 ) ) ;
#847 = STYLED_ITEM ( 'NONE', ( #8339 ), #2295 ) ;
#848 = SURFACE_STYLE_USAGE ( .BOTH. , #9008 ) ;
#849 = CARTESIAN_POINT ( 'NONE',  ( 3.449999999999999734, 0.8200000000000149392, -3.256119351777732894E-30 ) ) ;
#850 = EDGE_LOOP ( 'NONE', ( #7117, #10907, #8343, #143 ) ) ;
#851 = CARTESIAN_POINT ( 'NONE',  ( 9.604166603088305720, 2.389999999999999680, -6.748936152458227866 ) ) ;
#852 = VERTEX_POINT ( 'NONE', #2541 ) ;
#853 = VECTOR ( 'NONE', #2234, 1000.000000000000000 ) ;
#854 = LINE ( 'NONE', #4491, #7881 ) ;
#855 = DIRECTION ( 'NONE',  ( 0.0000000000000000000, 0.0000000000000000000, -1.000000000000000000 ) ) ;
#856 =( NAMED_UNIT ( * ) SI_UNIT ( $, .STERADIAN. ) SOLID_ANGLE_UNIT ( ) );
#857 = LINE ( 'NONE', #5273, #7002 ) ;
#858 = ORIENTED_EDGE ( 'NONE', *, *, #8752, .F. ) ;
#859 = VERTEX_POINT ( 'NONE', #851 ) ;
#860 = ORIENTED_EDGE ( 'NONE', *, *, #5289, .F. ) ;
#861 =( GEOMETRIC_REPRESENTATION_CONTEXT ( 3 ) GLOBAL_UNCERTAINTY_ASSIGNED_CONTEXT ( ( #4803 ) ) GLOBAL_UNIT_ASSIGNED_CONTEXT ( ( #8316, #9267, #6999 ) ) REPRESENTATION_CONTEXT ( 'NONE', 'WORKASPACE' ) );
#862 = VECTOR ( 'NONE', #4304, 1000.000000000000000 ) ;
#863 = LINE ( 'NONE', #2614, #3610 ) ;
#864 = EDGE_CURVE ( 'NONE', #2745, #1795, #1645, .T. ) ;
#865 = DIRECTION ( 'NONE',  ( 0.0000000000000000000, 1.000000000000000000, 0.0000000000000000000 ) ) ;
#866 = DIRECTION ( 'NONE',  ( 0.0000000000000000000, -4.336808689942021680E-16, -1.000000000000000000 ) ) ;
#867 =( NAMED_UNIT ( * ) PLANE_ANGLE_UNIT ( ) SI_UNIT ( $, .RADIAN. ) );
#868 = CARTESIAN_POINT ( 'NONE',  ( 13.73300004768000093, 2.389999999999999680, -8.056000000000000938 ) ) ;
#869 = ORIENTED_EDGE ( 'NONE', *, *, #8995, .T. ) ;
#870 = CARTESIAN_POINT ( 'NONE',  ( 9.604166603088833298, 2.394999999999999574, -6.748936152458312243 ) ) ;
#871 = UNCERTAINTY_MEASURE_WITH_UNIT (LENGTH_MEASURE( 1.000000000000000082E-05 ), #1703, 'distance_accuracy_value', 'NONE');
#872 = DIRECTION ( 'NONE',  ( -1.000000000000000000, 0.0000000000000000000, 0.0000000000000000000 ) ) ;
#873 = EDGE_CURVE ( 'NONE', #2665, #801, #4473, .T. ) ;
#874 = FILL_AREA_STYLE_COLOUR ( '', #5900 ) ;
#875 = EDGE_LOOP ( 'NONE', ( #5918, #9731, #1945, #7489 ) ) ;
#876 = LINE ( 'NONE', #11495, #2364 ) ;
#877 = LINE ( 'NONE', #2629, #784 ) ;
#878 = DIRECTION ( 'NONE',  ( 0.0000000000000000000, 1.000000000000000000, 0.0000000000000000000 ) ) ;
#879 = DIRECTION ( 'NONE',  ( 0.7145117495505047822, 0.0000000000000000000, -0.6996234413984975253 ) ) ;
#880 = ORIENTED_EDGE ( 'NONE', *, *, #1118, .F. ) ;
#881 = ORIENTED_EDGE ( 'NONE', *, *, #7000, .T. ) ;
#882 =( NAMED_UNIT ( * ) PLANE_ANGLE_UNIT ( ) SI_UNIT ( $, .RADIAN. ) );
#883 = ORIENTED_EDGE ( 'NONE', *, *, #9051, .T. ) ;
#884 = ORIENTED_EDGE ( 'NONE', *, *, #4268, .T. ) ;
#885 = CARTESIAN_POINT ( 'NONE',  ( 6.900000000000000355, 0.0000000000000000000, -6.099999999999998757 ) ) ;
#886 = EDGE_CURVE ( 'NONE', #2217, #8816, #5385, .T. ) ;
#887 = EDGE_CURVE ( 'NONE', #502, #8186, #11325, .T. ) ;
#888 = LINE ( 'NONE', #4521, #8559 ) ;
#889 = FACE_OUTER_BOUND ( 'NONE', #5265, .T. ) ;
#890 = ORIENTED_EDGE ( 'NONE', *, *, #6213, .F. ) ;
#891 =( NAMED_UNIT ( * ) PLANE_ANGLE_UNIT ( ) SI_UNIT ( $, .RADIAN. ) );
#892 = AXIS2_PLACEMENT_3D ( 'NONE', #11654, #11480, #8668 ) ;
#893 = DIRECTION ( 'NONE',  ( -0.0000000000000000000, 1.000000000000000000, -0.0000000000000000000 ) ) ;
#894 = CARTESIAN_POINT ( 'NONE',  ( 5.520833158492998827, 2.389999999999999680, -7.702127653360199666 ) ) ;
#895 = DIRECTION ( 'NONE',  ( -1.000000000000000000, 0.0000000000000000000, 0.0000000000000000000 ) ) ;
#896 = VERTEX_POINT ( 'NONE', #8118 ) ;
#897 = EDGE_CURVE ( 'NONE', #4169, #4107, #906, .T. ) ;
#898 = VERTEX_POINT ( 'NONE', #6209 ) ;
#899 = EDGE_LOOP ( 'NONE', ( #7764, #2514, #2648, #5251 ) ) ;
#900 =( LENGTH_UNIT ( ) NAMED_UNIT ( * ) SI_UNIT ( .MILLI., .METRE. ) );
#901 = CARTESIAN_POINT ( 'NONE',  ( 15.25000000000000178, 0.4100000000000150191, 0.0000000000000000000 ) ) ;
#902 = PRESENTATION_LAYER_ASSIGNMENT (  '', '', ( #6044 ) ) ;
#903 = EDGE_CURVE ( 'NONE', #9057, #11695, #9847, .T. ) ;
#904 = SURFACE_STYLE_USAGE ( .BOTH. , #6323 ) ;
#905 = ORIENTED_EDGE ( 'NONE', *, *, #5412, .F. ) ;
#906 = LINE ( 'NONE', #2602, #10355 ) ;
#907 = ORIENTED_EDGE ( 'NONE', *, *, #3091, .T. ) ;
#908 = FACE_OUTER_BOUND ( 'NONE', #7458, .T. ) ;
#909 = DIRECTION ( 'NONE',  ( -7.523163845262640051E-31, -1.000000000000000000, 2.168404344971007142E-16 ) ) ;
#910 = AXIS2_PLACEMENT_3D ( 'NONE', #3211, #4106, #5171 ) ;
#911 = DIRECTION ( 'NONE',  ( 0.0000000000000000000, 0.0000000000000000000, 1.000000000000000000 ) ) ;
#912 = ORIENTED_EDGE ( 'NONE', *, *, #2426, .T. ) ;
#913 = ADVANCED_FACE ( 'NONE', ( #3609 ), #7215, .F. ) ;
#914 = ORIENTED_EDGE ( 'NONE', *, *, #5008, .F. ) ;
#915 = EDGE_CURVE ( 'NONE', #978, #4350, #3666, .T. ) ;
#916 = VECTOR ( 'NONE', #632, 1000.000000000000000 ) ;
#917 = VERTEX_POINT ( 'NONE', #6499 ) ;
#918 = VECTOR ( 'NONE', #5618, 1000.000000000000000 ) ;
#919 = DIRECTION ( 'NONE',  ( 0.5466221810899452027, -0.0000000000000000000, -0.8373793591559748339 ) ) ;
#920 = CARTESIAN_POINT ( 'NONE',  ( 1.424488762447000179, 0.01020000000000000073, -11.30000000000000071 ) ) ;
#921 = LINE ( 'NONE', #9026, #7056 ) ;
#922 = VECTOR ( 'NONE', #3948, 1000.000000000000114 ) ;
#923 = ORIENTED_EDGE ( 'NONE', *, *, #9552, .F. ) ;
#924 = DIRECTION ( 'NONE',  ( -0.0000000000000000000, -1.000000000000000000, -0.0000000000000000000 ) ) ;
#925 = DIRECTION ( 'NONE',  ( 1.000000000000000000, 0.0000000000000000000, -0.0000000000000000000 ) ) ;
#926 = AXIS2_PLACEMENT_3D ( 'NONE', #10841, #9957, #128 ) ;
#927 = EDGE_CURVE ( 'NONE', #8933, #5840, #3843, .T. ) ;
#928 = ORIENTED_EDGE ( 'NONE', *, *, #11627, .F. ) ;
#929 = LINE ( 'NONE', #8201, #10990 ) ;
#930 = VECTOR ( 'NONE', #11087, 1000.000000000000000 ) ;
#931 = CARTESIAN_POINT ( 'NONE',  ( 9.604166603088000187, 2.399999999999999911, -7.642553192377695481 ) ) ;
#932 = MECHANICAL_DESIGN_GEOMETRIC_PRESENTATION_REPRESENTATION (  '', ( #1134 ), #10828 ) ;
#933 = DIRECTION ( 'NONE',  ( 0.0000000000000000000, -1.000000000000000000, 2.168404344971021934E-16 ) ) ;
#934 = EDGE_LOOP ( 'NONE', ( #6047, #1562, #2603, #5955 ) ) ;
#935 = FACE_OUTER_BOUND ( 'NONE', #8249, .T. ) ;
#936 = CARTESIAN_POINT ( 'NONE',  ( 5.462500047683999327, 2.399999999999999911, -7.642553192377000038 ) ) ;
#937 = MECHANICAL_DESIGN_GEOMETRIC_PRESENTATION_REPRESENTATION (  '', ( #195 ), #11214 ) ;
#938 = CARTESIAN_POINT ( 'NONE',  ( 12.05416676998000014, 2.394999999999999574, -7.404255306721011287 ) ) ;
#939 = EDGE_LOOP ( 'NONE', ( #5391, #7168, #1959, #3074 ) ) ;
#940 = FACE_OUTER_BOUND ( 'NONE', #2935, .T. ) ;
#941 = ORIENTED_EDGE ( 'NONE', *, *, #1297, .F. ) ;
#942 = EDGE_LOOP ( 'NONE', ( #2627, #3125, #11748, #376 ) ) ;
#943 = AXIS2_PLACEMENT_3D ( 'NONE', #2292, #9670, #10498 ) ;
#944 = DIRECTION ( 'NONE',  ( 0.0000000000000000000, 1.000000000000000000, 0.0000000000000000000 ) ) ;
#945 = DIRECTION ( 'NONE',  ( -0.8906053585725005606, 0.0000000000000000000, 0.4547769731219334366 ) ) ;
#946 = AXIS2_PLACEMENT_3D ( 'NONE', #1055, #5750, #3079 ) ;
#947 = CARTESIAN_POINT ( 'NONE',  ( 5.287500047504771317, 2.399999999999999911, -6.689361692206635013 ) ) ;
#948 = VERTEX_POINT ( 'NONE', #9118 ) ;
#949 = PLANE ( 'NONE',  #6380 ) ;
#950 = DIRECTION ( 'NONE',  ( -0.0000000000000000000, -1.000000000000000000, -0.0000000000000000000 ) ) ;
#951 = VECTOR ( 'NONE', #7785, 1000.000000000000000 ) ;
#952 = CARTESIAN_POINT ( 'NONE',  ( 5.170833158492603943, 2.394999999999999574, -6.331914925574912978 ) ) ;
#953 = ADVANCED_FACE ( 'NONE', ( #2100 ), #5460, .F. ) ;
#954 = FILL_AREA_STYLE_COLOUR ( '', #3114 ) ;
#955 = DIRECTION ( 'NONE',  ( 1.000000000000000000, 0.0000000000000000000, 0.0000000000000000000 ) ) ;
#956 = ORIENTED_EDGE ( 'NONE', *, *, #5799, .F. ) ;
#957 = ORIENTED_EDGE ( 'NONE', *, *, #5212, .F. ) ;
#958 = VERTEX_POINT ( 'NONE', #1927 ) ;
#959 = PRESENTATION_LAYER_ASSIGNMENT (  '', '', ( #2114 ) ) ;
#960 = LINE ( 'NONE', #10965, #11424 ) ;
#961 = DIRECTION ( 'NONE',  ( 0.4547774575568826472, 0.0000000000000000000, -0.8906051112014223836 ) ) ;
#962 = STYLED_ITEM ( 'NONE', ( #705 ), #3520 ) ;
#963 = STYLED_ITEM ( 'NONE', ( #7838 ), #6137 ) ;
#964 = CARTESIAN_POINT ( 'NONE',  ( 5.345833492278998733, 2.389999999999999680, -7.910638300701998915 ) ) ;
#965 = ADVANCED_FACE ( 'NONE', ( #9362 ), #1206, .F. ) ;
#966 = VERTEX_POINT ( 'NONE', #5612 ) ;
#967 = CARTESIAN_POINT ( 'NONE',  ( 15.53118399432935703, 2.200679923596491783, -11.44557216271840261 ) ) ;
#968 = AXIS2_PLACEMENT_3D ( 'NONE', #6026, #1506, #5311 ) ;
#969 = VECTOR ( 'NONE', #1757, 999.9999999999998863 ) ;
#970 = ORIENTED_EDGE ( 'NONE', *, *, #7282, .F. ) ;
#971 = CARTESIAN_POINT ( 'NONE',  ( 8.000000047682000570, 2.389999999999999680, -6.093617081642000777 ) ) ;
#972 = STYLED_ITEM ( 'NONE', ( #656 ), #3607 ) ;
#973 = EDGE_CURVE ( 'NONE', #6685, #3709, #8469, .T. ) ;
#974 = LINE ( 'NONE', #8902, #5393 ) ;
#975 = EDGE_CURVE ( 'NONE', #10025, #898, #3727, .T. ) ;
#976 = DIRECTION ( 'NONE',  ( 0.6996234413984986356, 0.0000000000000000000, 0.7145117495505035610 ) ) ;
#977 = PRESENTATION_LAYER_ASSIGNMENT (  '', '', ( #4970 ) ) ;
#978 = VERTEX_POINT ( 'NONE', #10970 ) ;
#979 = ORIENTED_EDGE ( 'NONE', *, *, #7519, .F. ) ;
#980 = ORIENTED_EDGE ( 'NONE', *, *, #6422, .F. ) ;
#981 = LINE ( 'NONE', #2728, #811 ) ;
#982 = DIRECTION ( 'NONE',  ( -0.0000000000000000000, 1.000000000000000000, -0.0000000000000000000 ) ) ;
#983 =( NAMED_UNIT ( * ) SI_UNIT ( $, .STERADIAN. ) SOLID_ANGLE_UNIT ( ) );
#984 = VECTOR ( 'NONE', #2320, 1000.000000000000000 ) ;
#985 = EDGE_CURVE ( 'NONE', #3682, #8658, #3788, .T. ) ;
#986 = ORIENTED_EDGE ( 'NONE', *, *, #5661, .T. ) ;
#987 = DIRECTION ( 'NONE',  ( 0.0000000000000000000, 0.0000000000000000000, -1.000000000000000000 ) ) ;
#988 = VERTEX_POINT ( 'NONE', #10188 ) ;
#989 = CARTESIAN_POINT ( 'NONE',  ( 8.000000000000005329, 0.009999999999999995004, -12.19999999999999929 ) ) ;
#990 = DIRECTION ( 'NONE',  ( 0.3102822043093029780, 0.0000000000000000000, 0.9506444938508611386 ) ) ;
#991 = EDGE_CURVE ( 'NONE', #5075, #11199, #2883, .T. ) ;
#992 = FILL_AREA_STYLE_COLOUR ( '', #1333 ) ;
#993 = STYLED_ITEM ( 'NONE', ( #8859 ), #7509 ) ;
#994 = ORIENTED_EDGE ( 'NONE', *, *, #7155, .T. ) ;
#995 = CARTESIAN_POINT ( 'NONE',  ( 6.337500048383594375, 2.399999999999999911, -7.582978730321986660 ) ) ;
#996 = CARTESIAN_POINT ( 'NONE',  ( 11.70000000000000284, 0.8200000000000300382, 0.0000000000000000000 ) ) ;
#997 = FACE_OUTER_BOUND ( 'NONE', #10996, .T. ) ;
#998 = CARTESIAN_POINT ( 'NONE',  ( 5.054166936874542770, 2.399999999999999911, -7.582978731393645866 ) ) ;
#999 = EDGE_CURVE ( 'NONE', #9826, #9466, #1981, .T. ) ;
#1000 = STYLED_ITEM ( 'NONE', ( #10023 ), #7910 ) ;
#1001 = CARTESIAN_POINT ( 'NONE',  ( 9.079166603088026477, 2.394999999999999574, -8.000000000000266454 ) ) ;
#1002 = ORIENTED_EDGE ( 'NONE', *, *, #4855, .F. ) ;
#1003 =( LENGTH_UNIT ( ) NAMED_UNIT ( * ) SI_UNIT ( .MILLI., .METRE. ) );
#1004 = CARTESIAN_POINT ( 'NONE',  ( 11.45000000000000107, 0.4100000000000150191, -12.19999999999999929 ) ) ;
#1005 = CARTESIAN_POINT ( 'NONE',  ( 13.90000000000000213, 0.009999999999974222217, -12.19999999999999929 ) ) ;
#1006 = DIRECTION ( 'NONE',  ( 0.0000000000000000000, 0.0000000000000000000, -1.000000000000000000 ) ) ;
#1007 = CARTESIAN_POINT ( 'NONE',  ( 5.404166936873895821, 2.399999999999999911, -7.940425533801406921 ) ) ;
#1008 = ORIENTED_EDGE ( 'NONE', *, *, #10849, .F. ) ;
#1009 = ORIENTED_EDGE ( 'NONE', *, *, #6064, .F. ) ;
#1010 = VECTOR ( 'NONE', #4660, 1000.000000000000000 ) ;
#1011 = CARTESIAN_POINT ( 'NONE',  ( 9.079166603088186349, 2.399999999999999467, -6.391489386558963481 ) ) ;
#1012 = LINE ( 'NONE', #2862, #1530 ) ;
#1013 = EDGE_CURVE ( 'NONE', #6540, #8225, #5014, .T. ) ;
#1014 = VERTEX_POINT ( 'NONE', #5966 ) ;
#1015 = CARTESIAN_POINT ( 'NONE',  ( 9.604166603088380327, 2.399999999999999911, -6.451063847541814056 ) ) ;
#1016 = VECTOR ( 'NONE', #7933, 1000.000000000000000 ) ;
#1017 = DIRECTION ( 'NONE',  ( 0.0000000000000000000, 0.0000000000000000000, -1.000000000000000000 ) ) ;
#1018 = CARTESIAN_POINT ( 'NONE',  ( 6.687500047683669457, 2.389999999999999680, -7.582978731394119265 ) ) ;
#1019 = CARTESIAN_POINT ( 'NONE',  ( 6.924488762446999068, 0.01000000000000000021, -11.27551123755000262 ) ) ;
#1020 = FILL_AREA_STYLE ('',( #10127 ) ) ;
#1021 = ORIENTED_EDGE ( 'NONE', *, *, #6367, .T. ) ;
#1022 = ORIENTED_EDGE ( 'NONE', *, *, #11599, .T. ) ;
#1023 = CARTESIAN_POINT ( 'NONE',  ( 9.487500047684001458, 2.389999999999999680, -7.821276601404001383 ) ) ;
#1024 =( NAMED_UNIT ( * ) SI_UNIT ( $, .STERADIAN. ) SOLID_ANGLE_UNIT ( ) );
#1025 = CARTESIAN_POINT ( 'NONE',  ( 12.39999999999752056, 0.0000000000000000000, -0.9000000000000000222 ) ) ;
#1026 = MANIFOLD_SOLID_BREP ( 'Imported1', #7692 ) ;
#1027 = VECTOR ( 'NONE', #5134, 1000.000000000000000 ) ;
#1028 = EDGE_CURVE ( 'NONE', #3302, #4575, #1266, .T. ) ;
#1029 = DIRECTION ( 'NONE',  ( 0.5466232329609326257, 0.0000000000000000000, 0.8373786725176000090 ) ) ;
#1030 = VERTEX_POINT ( 'NONE', #11206 ) ;
#1031 =( LENGTH_UNIT ( ) NAMED_UNIT ( * ) SI_UNIT ( .MILLI., .METRE. ) );
#1032 = EDGE_LOOP ( 'NONE', ( #884, #11697, #10739, #1983 ) ) ;
#1033 = FILL_AREA_STYLE ('',( #10306 ) ) ;
#1034 = SURFACE_STYLE_USAGE ( .BOTH. , #79 ) ;
#1035 = VECTOR ( 'NONE', #10153, 1000.000000000000000 ) ;
#1036 = DIRECTION ( 'NONE',  ( -1.000000000000000000, 0.0000000000000000000, 0.0000000000000000000 ) ) ;
#1037 = CARTESIAN_POINT ( 'NONE',  ( 12.55000000000000071, 0.009999999999987104274, -12.19999999999999929 ) ) ;
#1038 = ORIENTED_EDGE ( 'NONE', *, *, #11186, .F. ) ;
#1039 = VERTEX_POINT ( 'NONE', #2159 ) ;
#1040 = CIRCLE ( 'NONE', #6729, 0.2500000000000019429 ) ;
#1041 = ORIENTED_EDGE ( 'NONE', *, *, #5305, .F. ) ;
#1042 = EDGE_CURVE ( 'NONE', #11072, #4112, #8765, .T. ) ;
#1043 = CARTESIAN_POINT ( 'NONE',  ( 14.30000000000000071, 0.0000000000000000000, -6.099999999999999645 ) ) ;
#1044 = EDGE_CURVE ( 'NONE', #9070, #6808, #6847, .T. ) ;
#1045 = CARTESIAN_POINT ( 'NONE',  ( 9.895833492279001220, 2.389999999999999680, -8.000000000000000000 ) ) ;
#1046 = EDGE_CURVE ( 'NONE', #6016, #9834, #2342, .T. ) ;
#1047 = LINE ( 'NONE', #1102, #11435 ) ;
#1048 = AXIS2_PLACEMENT_3D ( 'NONE', #5529, #9272, #7486 ) ;
#1049 =( GEOMETRIC_REPRESENTATION_CONTEXT ( 3 ) GLOBAL_UNCERTAINTY_ASSIGNED_CONTEXT ( ( #638 ) ) GLOBAL_UNIT_ASSIGNED_CONTEXT ( ( #3523, #762, #4344 ) ) REPRESENTATION_CONTEXT ( 'NONE', 'WORKASPACE' ) );
#1050 = ORIENTED_EDGE ( 'NONE', *, *, #9279, .T. ) ;
#1051 = ORIENTED_EDGE ( 'NONE', *, *, #903, .F. ) ;
#1052 = DIRECTION ( 'NONE',  ( 0.0000000000000000000, 0.0000000000000000000, -1.000000000000000000 ) ) ;
#1053 = CARTESIAN_POINT ( 'NONE',  ( 15.40000000000000036, 0.01020000000000000073, -12.22448876245000093 ) ) ;
#1054 =( GEOMETRIC_REPRESENTATION_CONTEXT ( 3 ) GLOBAL_UNCERTAINTY_ASSIGNED_CONTEXT ( ( #8864 ) ) GLOBAL_UNIT_ASSIGNED_CONTEXT ( ( #5668, #6675, #6789 ) ) REPRESENTATION_CONTEXT ( 'NONE', 'WORKASPACE' ) );
#1055 = CARTESIAN_POINT ( 'NONE',  ( 0.7500000000000111022, 2.149999999999999911, -0.6500000000000001332 ) ) ;
#1056 = EDGE_LOOP ( 'NONE', ( #1569, #7308, #10568, #4950 ) ) ;
#1057 = ADVANCED_FACE ( 'NONE', ( #7630 ), #6790, .F. ) ;
#1058 = LINE ( 'NONE', #11053, #9667 ) ;
#1059 = CARTESIAN_POINT ( 'NONE',  ( 9.412033640014000113, 2.389799999999999702, -6.195268544864999782 ) ) ;
#1060 = EDGE_CURVE ( 'NONE', #948, #7866, #4667, .T. ) ;
#1061 = VECTOR ( 'NONE', #8133, 1000.000000000000000 ) ;
#1062 = PRESENTATION_LAYER_ASSIGNMENT (  '', '', ( #11335 ) ) ;
#1063 = PLANE ( 'NONE',  #10365 ) ;
#1064 = DIRECTION ( 'NONE',  ( -0.0000000000000000000, 1.000000000000000000, -0.0000000000000000000 ) ) ;
#1065 = PLANE ( 'NONE',  #3886 ) ;
#1066 = DIRECTION ( 'NONE',  ( 0.0000000000000000000, -1.000000000000000000, 2.168404344970999747E-16 ) ) ;
#1067 = SURFACE_STYLE_FILL_AREA ( #10113 ) ;
#1068 = PRESENTATION_STYLE_ASSIGNMENT (( #1963 ) ) ;
#1069 = ADVANCED_FACE ( 'NONE', ( #1447 ), #5074, .T. ) ;
#1070 = LINE ( 'NONE', #1902, #4337 ) ;
#1071 = ORIENTED_EDGE ( 'NONE', *, *, #6011, .T. ) ;
#1072 = EDGE_CURVE ( 'NONE', #5403, #10021, #11564, .T. ) ;
#1073 = VERTEX_POINT ( 'NONE', #9778 ) ;
#1074 = DIRECTION ( 'NONE',  ( 0.0000000000000000000, 1.000000000000000000, 0.0000000000000000000 ) ) ;
#1075 = LINE ( 'NONE', #8331, #10651 ) ;
#1076 = DIRECTION ( 'NONE',  ( 0.0000000000000000000, 0.0000000000000000000, 1.000000000000000000 ) ) ;
#1077 = ORIENTED_EDGE ( 'NONE', *, *, #3841, .T. ) ;
#1078 =( LENGTH_UNIT ( ) NAMED_UNIT ( * ) SI_UNIT ( .MILLI., .METRE. ) );
#1079 = VECTOR ( 'NONE', #6592, 1000.000000000000000 ) ;
#1080 = DIRECTION ( 'NONE',  ( -0.8265992788003326819, 0.0000000000000000000, -0.5627909312406960129 ) ) ;
#1081 = CARTESIAN_POINT ( 'NONE',  ( 11.17916676998000014, 2.389799999999999702, -6.664872929027998438 ) ) ;
#1082 = DIRECTION ( 'NONE',  ( 0.0000000000000000000, 0.0000000000000000000, -1.000000000000000000 ) ) ;
#1083 = DIRECTION ( 'NONE',  ( 0.0000000000000000000, 1.000000000000000000, 0.0000000000000000000 ) ) ;
#1084 = ORIENTED_EDGE ( 'NONE', *, *, #6784, .T. ) ;
#1085 = ORIENTED_EDGE ( 'NONE', *, *, #4675, .T. ) ;
#1086 = VERTEX_POINT ( 'NONE', #7864 ) ;
#1087 = EDGE_CURVE ( 'NONE', #9831, #10975, #2525, .T. ) ;
#1088 = DIRECTION ( 'NONE',  ( -0.0000000000000000000, -1.000000000000000000, -0.0000000000000000000 ) ) ;
#1089 = LINE ( 'NONE', #6673, #9345 ) ;
#1090 = VECTOR ( 'NONE', #10030, 1000.000000000000000 ) ;
#1091 = ORIENTED_EDGE ( 'NONE', *, *, #7966, .F. ) ;
#1092 = ORIENTED_EDGE ( 'NONE', *, *, #6503, .F. ) ;
#1093 = DIRECTION ( 'NONE',  ( -0.2377704967233383315, 0.0000000000000000000, -0.9713213633437375316 ) ) ;
#1094 = DIRECTION ( 'NONE',  ( 0.0000000000000000000, 0.0000000000000000000, -1.000000000000000000 ) ) ;
#1095 = LINE ( 'NONE', #1874, #8144 ) ;
#1096 = ORIENTED_EDGE ( 'NONE', *, *, #1737, .F. ) ;
#1097 = ORIENTED_EDGE ( 'NONE', *, *, #6080, .F. ) ;
#1098 = AXIS2_PLACEMENT_3D ( 'NONE', #9534, #5894, #3047 ) ;
#1099 = ORIENTED_EDGE ( 'NONE', *, *, #4142, .T. ) ;
#1100 = CARTESIAN_POINT ( 'NONE',  ( 5.799999999999999822, 0.004999999999999999237, -0.9000000000000298872 ) ) ;
#1101 = DIRECTION ( 'NONE',  ( -0.0000000000000000000, 1.000000000000000000, -0.0000000000000000000 ) ) ;
#1102 = CARTESIAN_POINT ( 'NONE',  ( 1.399999999999999911, 0.009999999999999998473, -0.4500000000000149436 ) ) ;
#1103 = APPLICATION_CONTEXT ( 'automotive_design' ) ;
#1104 = ORIENTED_EDGE ( 'NONE', *, *, #10057, .T. ) ;
#1105 = ORIENTED_EDGE ( 'NONE', *, *, #3033, .T. ) ;
#1106 = PRESENTATION_LAYER_ASSIGNMENT (  '', '', ( #1873 ) ) ;
#1107 = LINE ( 'NONE', #7532, #10332 ) ;
#1108 = CARTESIAN_POINT ( 'NONE',  ( 12.22916668653101979, 2.399999999999999911, -7.880851067602705484 ) ) ;
#1109 =( GEOMETRIC_REPRESENTATION_CONTEXT ( 3 ) GLOBAL_UNCERTAINTY_ASSIGNED_CONTEXT ( ( #5160 ) ) GLOBAL_UNIT_ASSIGNED_CONTEXT ( ( #5250, #2704, #5368 ) ) REPRESENTATION_CONTEXT ( 'NONE', 'WORKASPACE' ) );
#1110 = EDGE_CURVE ( 'NONE', #1509, #4001, #6970, .T. ) ;
#1111 = EDGE_CURVE ( 'NONE', #10103, #10851, #6190, .T. ) ;
#1112 = EDGE_LOOP ( 'NONE', ( #318, #6246, #2349, #7628 ) ) ;
#1113 = CYLINDRICAL_SURFACE ( 'NONE', #5720, 0.2500000000000002220 ) ;
#1114 = UNCERTAINTY_MEASURE_WITH_UNIT (LENGTH_MEASURE( 1.000000000000000082E-05 ), #2192, 'distance_accuracy_value', 'NONE');
#1115 = FILL_AREA_STYLE ('',( #8555 ) ) ;
#1116 =( GEOMETRIC_REPRESENTATION_CONTEXT ( 3 ) GLOBAL_UNCERTAINTY_ASSIGNED_CONTEXT ( ( #7060 ) ) GLOBAL_UNIT_ASSIGNED_CONTEXT ( ( #2664, #8009, #11701 ) ) REPRESENTATION_CONTEXT ( 'NONE', 'WORKASPACE' ) );
#1117 = DIRECTION ( 'NONE',  ( 0.0000000000000000000, 0.0000000000000000000, -1.000000000000000000 ) ) ;
#1118 = EDGE_CURVE ( 'NONE', #7535, #3409, #5192, .T. ) ;
#1119 = ORIENTED_EDGE ( 'NONE', *, *, #306, .F. ) ;
#1120 = CARTESIAN_POINT ( 'NONE',  ( 6.924488762446999068, 0.01000000000000000021, 0.02448876244737000288 ) ) ;
#1121 = DIRECTION ( 'NONE',  ( 0.0000000000000000000, -2.168404344971006896E-16, -1.000000000000000000 ) ) ;
#1122 = EDGE_CURVE ( 'NONE', #7109, #191, #4629, .T. ) ;
#1123 = CARTESIAN_POINT ( 'NONE',  ( 6.570833158493021742, 2.399999999999999911, -7.761702135205486464 ) ) ;
#1124 = EDGE_CURVE ( 'NONE', #7475, #3037, #7515, .T. ) ;
#1125 = DIRECTION ( 'NONE',  ( -1.000000000000000000, 0.0000000000000000000, 0.0000000000000000000 ) ) ;
#1126 = FILL_AREA_STYLE_COLOUR ( '', #5664 ) ;
#1127 = ORIENTED_EDGE ( 'NONE', *, *, #7029, .F. ) ;
#1128 = ORIENTED_EDGE ( 'NONE', *, *, #7726, .F. ) ;
#1129 = PRESENTATION_STYLE_ASSIGNMENT (( #7608 ) ) ;
#1130 = FACE_OUTER_BOUND ( 'NONE', #7695, .T. ) ;
#1131 = CARTESIAN_POINT ( 'NONE',  ( 12.57916668653492565, 2.399999999999999911, -8.000000000000000000 ) ) ;
#1132 = EDGE_CURVE ( 'NONE', #3946, #10589, #9990, .T. ) ;
#1133 = ORIENTED_EDGE ( 'NONE', *, *, #3597, .T. ) ;
#1134 = STYLED_ITEM ( 'NONE', ( #1068 ), #9804 ) ;
#1135 = DIRECTION ( 'NONE',  ( -0.0000000000000000000, -0.0000000000000000000, 1.000000000000000000 ) ) ;
#1136 = LINE ( 'NONE', #3043, #9326 ) ;
#1137 = DIRECTION ( 'NONE',  ( 0.7700387702406508161, 0.0000000000000000000, -0.6379970942929648059 ) ) ;
#1138 = ORIENTED_EDGE ( 'NONE', *, *, #5411, .T. ) ;
#1139 = DIRECTION ( 'NONE',  ( 0.0000000000000000000, 0.0000000000000000000, -1.000000000000000000 ) ) ;
#1140 = ORIENTED_EDGE ( 'NONE', *, *, #4566, .F. ) ;
#1141 = DIRECTION ( 'NONE',  ( 0.0000000000000000000, 0.0000000000000000000, 1.000000000000000000 ) ) ;
#1142 = CARTESIAN_POINT ( 'NONE',  ( 10.60000000000000142, 0.8200000000000299272, -0.2500000000000011102 ) ) ;
#1143 = MECHANICAL_DESIGN_GEOMETRIC_PRESENTATION_REPRESENTATION (  '', ( #2288 ), #6647 ) ;
#1144 = LINE ( 'NONE', #7565, #4030 ) ;
#1145 = EDGE_CURVE ( 'NONE', #1607, #5004, #8938, .T. ) ;
#1146 = ORIENTED_EDGE ( 'NONE', *, *, #10017, .T. ) ;
#1147 = DIRECTION ( 'NONE',  ( -0.0000000000000000000, -1.000000000000000000, -0.0000000000000000000 ) ) ;
#1148 =( NAMED_UNIT ( * ) SI_UNIT ( $, .STERADIAN. ) SOLID_ANGLE_UNIT ( ) );
#1149 = ADVANCED_FACE ( 'NONE', ( #7032 ), #7929, .F. ) ;
#1150 = ORIENTED_EDGE ( 'NONE', *, *, #8243, .T. ) ;
#1151 = DIRECTION ( 'NONE',  ( 1.000000000000000000, 0.0000000000000000000, 0.0000000000000000000 ) ) ;
#1152 = DIRECTION ( 'NONE',  ( -1.000000000000000000, -0.0000000000000000000, -0.0000000000000000000 ) ) ;
#1153 = AXIS2_PLACEMENT_3D ( 'NONE', #8310, #4857, #8493 ) ;
#1154 = CARTESIAN_POINT ( 'NONE',  ( 8.000000000000000000, 0.0000000000000000000, -11.30000000000000071 ) ) ;
#1155 = CARTESIAN_POINT ( 'NONE',  ( 6.220833158493142889, 2.389999999999999680, -7.702127653360006043 ) ) ;
#1156 = ORIENTED_EDGE ( 'NONE', *, *, #6730, .T. ) ;
#1157 = ORIENTED_EDGE ( 'NONE', *, *, #2124, .T. ) ;
#1158 = MECHANICAL_DESIGN_GEOMETRIC_PRESENTATION_REPRESENTATION (  '', ( #11045 ), #2689 ) ;
#1159 = AXIS2_PLACEMENT_3D ( 'NONE', #10992, #2848, #6465 ) ;
#1160 = ORIENTED_EDGE ( 'NONE', *, *, #1354, .T. ) ;
#1161 = LINE ( 'NONE', #7463, #6756 ) ;
#1162 = VECTOR ( 'NONE', #10290, 1000.000000000000227 ) ;
#1163 = CARTESIAN_POINT ( 'NONE',  ( 8.029166603088000898, 2.399999999999999911, -6.808510613442504855 ) ) ;
#1164 = DIRECTION ( 'NONE',  ( 0.0000000000000000000, 1.000000000000000000, 0.0000000000000000000 ) ) ;
#1165 = VERTEX_POINT ( 'NONE', #9147 ) ;
#1166 = LINE ( 'NONE', #1998, #9400 ) ;
#1167 = ORIENTED_EDGE ( 'NONE', *, *, #2587, .T. ) ;
#1168 = AXIS2_PLACEMENT_3D ( 'NONE', #4670, #2898, #149 ) ;
#1169 = CARTESIAN_POINT ( 'NONE',  ( 4.988234731300000391, 2.389799999999999702, -6.712641798657000614 ) ) ;
#1170 = DIRECTION ( 'NONE',  ( 1.000000000000000000, 0.0000000000000000000, 0.0000000000000000000 ) ) ;
#1171 = VERTEX_POINT ( 'NONE', #4564 ) ;
#1172 = DIRECTION ( 'NONE',  ( 0.0000000000000000000, -1.000000000000000000, 2.168404344970991858E-16 ) ) ;
#1173 = VECTOR ( 'NONE', #2538, 1000.000000000000000 ) ;
#1174 = FACE_OUTER_BOUND ( 'NONE', #303, .T. ) ;
#1175 = LINE ( 'NONE', #10387, #2866 ) ;
#1176 = DIRECTION ( 'NONE',  ( -1.000000000000000000, -0.0000000000000000000, -0.0000000000000000000 ) ) ;
#1177 = CARTESIAN_POINT ( 'NONE',  ( 3.899999999999999911, 0.009999999999999998473, -11.75000000000000178 ) ) ;
#1178 = CARTESIAN_POINT ( 'NONE',  ( 9.535065486069997931, 2.389799999999999702, -6.309920618846999396 ) ) ;
#1179 = AXIS2_PLACEMENT_3D ( 'NONE', #8879, #1679, #2398 ) ;
#1180 = CARTESIAN_POINT ( 'NONE',  ( 0.4599999999999999645, 2.399999999999999911, -11.50000000000000178 ) ) ;
#1181 = CARTESIAN_POINT ( 'NONE',  ( 1.700000000000188694, 1.588186776101813136E-19, -11.29999999999937899 ) ) ;
#1182 = VERTEX_POINT ( 'NONE', #8259 ) ;
#1183 = ORIENTED_EDGE ( 'NONE', *, *, #3020, .T. ) ;
#1184 = EDGE_CURVE ( 'NONE', #11570, #6243, #2465, .T. ) ;
#1185 = DIRECTION ( 'NONE',  ( 0.4547764255316615323, -0.0000000000000000000, 0.8906056381927105470 ) ) ;
#1186 = CARTESIAN_POINT ( 'NONE',  ( 8.000000000000000000, 0.8199999999999999512, -12.19999999999999929 ) ) ;
#1187 = CIRCLE ( 'NONE', #9555, 0.2500000000000000000 ) ;
#1188 = EDGE_CURVE ( 'NONE', #5443, #3925, #9724, .T. ) ;
#1189 = EDGE_CURVE ( 'NONE', #1756, #3622, #4246, .T. ) ;
#1190 = PLANE ( 'NONE',  #10575 ) ;
#1191 = VECTOR ( 'NONE', #396, 1000.000000000000000 ) ;
#1192 = DIRECTION ( 'NONE',  ( 0.0000000000000000000, 1.000000000000000000, 0.0000000000000000000 ) ) ;
#1193 = LINE ( 'NONE', #7499, #10268 ) ;
#1194 = DIRECTION ( 'NONE',  ( -0.6379970942929648059, 0.0000000000000000000, -0.7700387702406508161 ) ) ;
#1195 = ORIENTED_EDGE ( 'NONE', *, *, #8610, .T. ) ;
#1196 = CARTESIAN_POINT ( 'NONE',  ( 2.487500047683556925, 2.389999999999999680, -8.000000000000122569 ) ) ;
#1197 = ORIENTED_EDGE ( 'NONE', *, *, #4886, .F. ) ;
#1198 = CARTESIAN_POINT ( 'NONE',  ( 8.000000000000000000, 0.009999999999999995004, 0.0000000000000000000 ) ) ;
#1199 = EDGE_CURVE ( 'NONE', #3833, #7638, #718, .T. ) ;
#1200 = DIRECTION ( 'NONE',  ( 0.0000000000000000000, 1.000000000000000000, 0.0000000000000000000 ) ) ;
#1201 = SURFACE_STYLE_FILL_AREA ( #256 ) ;
#1202 = EDGE_CURVE ( 'NONE', #5015, #3108, #4360, .T. ) ;
#1203 = VECTOR ( 'NONE', #403, 1000.000000000000114 ) ;
#1204 = ORIENTED_EDGE ( 'NONE', *, *, #9397, .F. ) ;
#1205 = PLANE ( 'NONE',  #10758 ) ;
#1206 = PLANE ( 'NONE',  #6365 ) ;
#1207 = ORIENTED_EDGE ( 'NONE', *, *, #3885, .F. ) ;
#1208 = FILL_AREA_STYLE_COLOUR ( '', #9794 ) ;
#1209 = DIRECTION ( 'NONE',  ( -0.0000000000000000000, 1.000000000000000000, -0.0000000000000000000 ) ) ;
#1210 = DIRECTION ( 'NONE',  ( 1.000000000000000000, -0.0000000000000000000, 0.0000000000000000000 ) ) ;
#1211 = SURFACE_STYLE_USAGE ( .BOTH. , #11274 ) ;
#1212 = EDGE_LOOP ( 'NONE', ( #1245, #8738, #423, #232 ) ) ;
#1213 = ORIENTED_EDGE ( 'NONE', *, *, #6278, .T. ) ;
#1214 = ORIENTED_EDGE ( 'NONE', *, *, #864, .F. ) ;
#1215 = EDGE_CURVE ( 'NONE', #4514, #1916, #7298, .T. ) ;
#1216 = VECTOR ( 'NONE', #11610, 1000.000000000000000 ) ;
#1217 = LINE ( 'NONE', #4139, #10037 ) ;
#1218 = LINE ( 'NONE', #1100, #7321 ) ;
#1219 = DIRECTION ( 'NONE',  ( -0.2473834390631658442, 0.0000000000000000000, -0.9689176611442692488 ) ) ;
#1220 = CARTESIAN_POINT ( 'NONE',  ( 6.324113922278998601, 2.389799999999999702, -7.603485099498999311 ) ) ;
#1221 = EDGE_LOOP ( 'NONE', ( #9608, #2242, #4367, #3274 ) ) ;
#1222 = SURFACE_STYLE_USAGE ( .BOTH. , #2174 ) ;
#1223 = ORIENTED_EDGE ( 'NONE', *, *, #9407, .T. ) ;
#1224 =( LENGTH_UNIT ( ) NAMED_UNIT ( * ) SI_UNIT ( .MILLI., .METRE. ) );
#1225 = AXIS2_PLACEMENT_3D ( 'NONE', #9481, #11336, #431 ) ;
#1226 = CARTESIAN_POINT ( 'NONE',  ( 8.000000000000000000, 0.009999999999999995004, 0.0000000000000000000 ) ) ;
#1227 = PLANE ( 'NONE',  #1153 ) ;
#1228 = EDGE_LOOP ( 'NONE', ( #4435, #36, #1303, #3178 ) ) ;
#1229 =( NAMED_UNIT ( * ) SI_UNIT ( $, .STERADIAN. ) SOLID_ANGLE_UNIT ( ) );
#1230 = UNCERTAINTY_MEASURE_WITH_UNIT (LENGTH_MEASURE( 1.000000000000000082E-05 ), #8621, 'distance_accuracy_value', 'NONE');
#1231 = AXIS2_PLACEMENT_3D ( 'NONE', #6269, #9015, #3559 ) ;
#1232 = EDGE_CURVE ( 'NONE', #478, #5698, #1958, .T. ) ;
#1233 = MECHANICAL_DESIGN_GEOMETRIC_PRESENTATION_REPRESENTATION (  '', ( #6352 ), #1820 ) ;
#1234 = CARTESIAN_POINT ( 'NONE',  ( 8.379166769981500451, 2.399999999999999467, -7.374468097090501217 ) ) ;
#1235 = VECTOR ( 'NONE', #523, 1000.000000000000000 ) ;
#1236 = CARTESIAN_POINT ( 'NONE',  ( 0.5999999999999742206, 0.0000000000000000000, -0.9000000000000001332 ) ) ;
#1237 = LINE ( 'NONE', #8500, #6375 ) ;
#1238 = CARTESIAN_POINT ( 'NONE',  ( 14.59999999999999964, 0.004999999999999999237, -11.29999999999750848 ) ) ;
#1239 = DIRECTION ( 'NONE',  ( -1.000000000000000000, -0.0000000000000000000, -0.0000000000000000000 ) ) ;
#1240 = PLANE ( 'NONE',  #2549 ) ;
#1241 = VECTOR ( 'NONE', #6383, 1000.000000000000000 ) ;
#1242 = PRESENTATION_STYLE_ASSIGNMENT (( #405 ) ) ;
#1243 = CARTESIAN_POINT ( 'NONE',  ( 15.25000000000000178, 0.4100000000000150746, -12.19999999999999929 ) ) ;
#1244 = DIRECTION ( 'NONE',  ( -1.000000000000000000, -0.0000000000000000000, -0.0000000000000000000 ) ) ;
#1245 = ORIENTED_EDGE ( 'NONE', *, *, #833, .F. ) ;
#1246 = ADVANCED_FACE ( 'NONE', ( #11510 ), #1571, .F. ) ;
#1247 = LINE ( 'NONE', #3823, #10590 ) ;
#1248 = CARTESIAN_POINT ( 'NONE',  ( 12.10000000000000142, 0.4100000000000150191, 0.0000000000000000000 ) ) ;
#1249 = VECTOR ( 'NONE', #3755, 1000.000000000000000 ) ;
#1250 = FACE_BOUND ( 'NONE', #8168, .T. ) ;
#1251 = LINE ( 'NONE', #1431, #8452 ) ;
#1252 = CARTESIAN_POINT ( 'NONE',  ( 0.6249943963138665515, 2.325095010875292800, -11.37266054730113396 ) ) ;
#1253 = CARTESIAN_POINT ( 'NONE',  ( 8.729166603088186704, 2.399999999999999467, -6.391489386558887098 ) ) ;
#1254 = CARTESIAN_POINT ( 'NONE',  ( 6.512500047683499993, 2.389999999999999680, -7.821276601403999607 ) ) ;
#1255 = VERTEX_POINT ( 'NONE', #3027 ) ;
#1256 = ORIENTED_EDGE ( 'NONE', *, *, #8091, .F. ) ;
#1257 = DIRECTION ( 'NONE',  ( 0.8265992787991173207, 0.0000000000000000000, 0.5627909312424810295 ) ) ;
#1258 = ORIENTED_EDGE ( 'NONE', *, *, #8854, .F. ) ;
#1259 = EDGE_CURVE ( 'NONE', #9668, #1875, #2248, .T. ) ;
#1260 = FILL_AREA_STYLE_COLOUR ( '', #3639 ) ;
#1261 = EDGE_CURVE ( 'NONE', #3052, #9226, #10271, .T. ) ;
#1262 = DIRECTION ( 'NONE',  ( -0.0000000000000000000, -0.0000000000000000000, 1.000000000000000000 ) ) ;
#1263 = LINE ( 'NONE', #9174, #4223 ) ;
#1264 = ORIENTED_EDGE ( 'NONE', *, *, #1326, .F. ) ;
#1265 = CARTESIAN_POINT ( 'NONE',  ( 8.729166603087556098, 2.399999999999999911, -8.000000000000000000 ) ) ;
#1266 = LINE ( 'NONE', #7746, #10941 ) ;
#1267 = VERTEX_POINT ( 'NONE', #11239 ) ;
#1268 = CARTESIAN_POINT ( 'NONE',  ( 2.895833492279000332, 2.389999999999999680, -6.570212811231998629 ) ) ;
#1269 = EDGE_CURVE ( 'NONE', #5789, #1975, #6584, .T. ) ;
#1270 = DIRECTION ( 'NONE',  ( 0.0000000000000000000, 0.0000000000000000000, -1.000000000000000000 ) ) ;
#1271 = FACE_OUTER_BOUND ( 'NONE', #3395, .T. ) ;
#1272 = DIRECTION ( 'NONE',  ( 0.0000000000000000000, 1.000000000000000000, 0.0000000000000000000 ) ) ;
#1273 = ORIENTED_EDGE ( 'NONE', *, *, #7498, .F. ) ;
#1274 = ORIENTED_EDGE ( 'NONE', *, *, #11159, .F. ) ;
#1275 = EDGE_CURVE ( 'NONE', #361, #7873, #1293, .T. ) ;
#1276 = ORIENTED_EDGE ( 'NONE', *, *, #4045, .F. ) ;
#1277 = DIRECTION ( 'NONE',  ( 0.0000000000000000000, 0.0000000000000000000, -1.000000000000000000 ) ) ;
#1278 =( NAMED_UNIT ( * ) PLANE_ANGLE_UNIT ( ) SI_UNIT ( $, .RADIAN. ) );
#1279 = FACE_OUTER_BOUND ( 'NONE', #5823, .T. ) ;
#1280 = LINE ( 'NONE', #9313, #8762 ) ;
#1281 = ORIENTED_EDGE ( 'NONE', *, *, #6011, .F. ) ;
#1282 =( LENGTH_UNIT ( ) NAMED_UNIT ( * ) SI_UNIT ( .MILLI., .METRE. ) );
#1283 = ORIENTED_EDGE ( 'NONE', *, *, #8266, .F. ) ;
#1284 = ADVANCED_FACE ( 'NONE', ( #2913 ), #1063, .F. ) ;
#1285 = LINE ( 'NONE', #9380, #3677 ) ;
#1286 = PRESENTATION_LAYER_ASSIGNMENT (  '', '', ( #6401 ) ) ;
#1287 = FILL_AREA_STYLE ('',( #2061 ) ) ;
#1288 = VERTEX_POINT ( 'NONE', #4923 ) ;
#1289 = LINE ( 'NONE', #334, #7765 ) ;
#1290 = FACE_OUTER_BOUND ( 'NONE', #7771, .T. ) ;
#1291 = VECTOR ( 'NONE', #116, 1000.000000000000000 ) ;
#1292 = VECTOR ( 'NONE', #3538, 1000.000000000000000 ) ;
#1293 = LINE ( 'NONE', #339, #8861 ) ;
#1294 = EDGE_CURVE ( 'NONE', #3578, #7792, #8560, .T. ) ;
#1295 = EDGE_LOOP ( 'NONE', ( #657, #836, #6976, #9616 ) ) ;
#1296 = LINE ( 'NONE', #8562, #2720 ) ;
#1297 = EDGE_CURVE ( 'NONE', #649, #4779, #7541, .T. ) ;
#1298 = FACE_OUTER_BOUND ( 'NONE', #8102, .T. ) ;
#1299 =( NAMED_UNIT ( * ) PLANE_ANGLE_UNIT ( ) SI_UNIT ( $, .RADIAN. ) );
#1300 = VECTOR ( 'NONE', #5822, 1000.000000000000000 ) ;
#1301 = PLANE ( 'NONE',  #3993 ) ;
#1302 = SURFACE_STYLE_FILL_AREA ( #8385 ) ;
#1303 = ORIENTED_EDGE ( 'NONE', *, *, #5269, .F. ) ;
#1304 = COLOUR_RGB ( '',0.9803921568627450567, 0.6274509803921568540, 0.0000000000000000000 ) ;
#1305 = LINE ( 'NONE', #8389, #3380 ) ;
#1306 = CIRCLE ( 'NONE', #9868, 0.2500000000000002220 ) ;
#1307 = CARTESIAN_POINT ( 'NONE',  ( 12.10000000000000142, 0.0000000000000000000, -6.099999999999999645 ) ) ;
#1308 = CARTESIAN_POINT ( 'NONE',  ( 7.350000000000000533, 0.4100000000000150191, -12.19999999999999929 ) ) ;
#1309 = SURFACE_SIDE_STYLE ('',( #4998 ) ) ;
#1310 = CARTESIAN_POINT ( 'NONE',  ( 8.000000047682000570, 2.390000000000000124, -7.761702135205000630 ) ) ;
#1311 = VECTOR ( 'NONE', #7039, 1000.000000000000000 ) ;
#1312 = FACE_OUTER_BOUND ( 'NONE', #9148, .T. ) ;
#1313 = DIRECTION ( 'NONE',  ( 0.0000000000000000000, 1.000000000000000000, 0.0000000000000000000 ) ) ;
#1314 = VERTEX_POINT ( 'NONE', #5757 ) ;
#1315 = ORIENTED_EDGE ( 'NONE', *, *, #2439, .T. ) ;
#1316 = CARTESIAN_POINT ( 'NONE',  ( 11.30000000000000071, 0.0000000000000000000, -6.099999999999999645 ) ) ;
#1317 = AXIS2_PLACEMENT_3D ( 'NONE', #9625, #9749, #3262 ) ;
#1318 = ORIENTED_EDGE ( 'NONE', *, *, #4744, .F. ) ;
#1319 = FACE_OUTER_BOUND ( 'NONE', #9006, .T. ) ;
#1320 = FACE_OUTER_BOUND ( 'NONE', #6141, .T. ) ;
#1321 = VECTOR ( 'NONE', #11376, 1000.000000000000114 ) ;
#1322 = CARTESIAN_POINT ( 'NONE',  ( 8.000000000000000000, 0.004999999999999999237, -0.9000000000000298872 ) ) ;
#1323 = ORIENTED_EDGE ( 'NONE', *, *, #10724, .T. ) ;
#1324 = PLANE ( 'NONE',  #2964 ) ;
#1325 = CARTESIAN_POINT ( 'NONE',  ( 0.7500000000000000000, 2.149999999999998579, -0.6500000000000001332 ) ) ;
#1326 = EDGE_CURVE ( 'NONE', #11005, #4018, #1237, .T. ) ;
#1327 = VERTEX_POINT ( 'NONE', #6526 ) ;
#1328 = LINE ( 'NONE', #7632, #2752 ) ;
#1329 = LINE ( 'NONE', #2103, #10704 ) ;
#1330 = DIRECTION ( 'NONE',  ( 0.0000000000000000000, 0.0000000000000000000, -1.000000000000000000 ) ) ;
#1331 = ORIENTED_EDGE ( 'NONE', *, *, #10442, .T. ) ;
#1332 = EDGE_LOOP ( 'NONE', ( #7338, #9244, #696, #6589 ) ) ;
#1333 = COLOUR_RGB ( '',0.0000000000000000000, 0.0000000000000000000, 0.0000000000000000000 ) ;
#1334 = ORIENTED_EDGE ( 'NONE', *, *, #757, .T. ) ;
#1335 = DIRECTION ( 'NONE',  ( -1.000000000000000000, -0.0000000000000000000, -0.0000000000000000000 ) ) ;
#1336 = ADVANCED_FACE ( 'NONE', ( #9329 ), #2012, .F. ) ;
#1337 = CARTESIAN_POINT ( 'NONE',  ( 5.520833158493317683, 2.394999999999999574, -6.391489386558840913 ) ) ;
#1338 = CARTESIAN_POINT ( 'NONE',  ( 3.463543186229999904, 2.389799999999999702, -6.886942378103000806 ) ) ;
#1339 = CARTESIAN_POINT ( 'NONE',  ( 14.59999999999999787, 0.0000000000000000000, -6.099999999999999645 ) ) ;
#1340 = EDGE_LOOP ( 'NONE', ( #1274, #5182, #1610, #9648 ) ) ;
#1341 = CARTESIAN_POINT ( 'NONE',  ( 6.361227641991001214, 2.389799999999999702, -7.934367419031000068 ) ) ;
#1342 = EDGE_CURVE ( 'NONE', #11266, #8011, #10567, .T. ) ;
#1343 = ORIENTED_EDGE ( 'NONE', *, *, #8741, .T. ) ;
#1344 = EDGE_CURVE ( 'NONE', #3574, #6551, #3984, .T. ) ;
#1345 = CARTESIAN_POINT ( 'NONE',  ( 6.104166936875387250, 2.399999999999999911, -8.000000000000211386 ) ) ;
#1346 = CARTESIAN_POINT ( 'NONE',  ( 0.0000000000000000000, 0.0000000000000000000, 4.404571325722361763E-16 ) ) ;
#1347 =( NAMED_UNIT ( * ) PLANE_ANGLE_UNIT ( ) SI_UNIT ( $, .RADIAN. ) );
#1348 = VECTOR ( 'NONE', #6007, 1000.000000000000000 ) ;
#1349 = DIRECTION ( 'NONE',  ( 0.8373787017225969853, -0.0000000000000000000, 0.5466231882214457327 ) ) ;
#1350 = EDGE_LOOP ( 'NONE', ( #4504, #10, #1395, #787 ) ) ;
#1351 = SURFACE_SIDE_STYLE ('',( #3603 ) ) ;
#1352 = UNCERTAINTY_MEASURE_WITH_UNIT (LENGTH_MEASURE( 1.000000000000000082E-05 ), #1786, 'distance_accuracy_value', 'NONE');
#1353 = MECHANICAL_DESIGN_GEOMETRIC_PRESENTATION_REPRESENTATION (  '', ( #4396 ), #3458 ) ;
#1354 = EDGE_CURVE ( 'NONE', #2224, #8946, #6704, .T. ) ;
#1355 = CARTESIAN_POINT ( 'NONE',  ( 5.150000000000000355, 0.8200000000000149392, -3.256119351777722384E-30 ) ) ;
#1356 = COLOUR_RGB ( '',0.8313725490196077761, 0.8509803921568627194, 0.8313725490196077761 ) ;
#1357 = FACE_OUTER_BOUND ( 'NONE', #4495, .T. ) ;
#1358 = ADVANCED_FACE ( 'NONE', ( #7597 ), #3085, .T. ) ;
#1359 = CARTESIAN_POINT ( 'NONE',  ( 5.425976766386998662, 2.389799999999999702, -7.951562446426001074 ) ) ;
#1360 = DIRECTION ( 'NONE',  ( 0.2473831068374609532, -0.0000000000000000000, 0.9689177459678636195 ) ) ;
#1361 = VECTOR ( 'NONE', #3526, 1000.000000000000000 ) ;
#1362 = LINE ( 'NONE', #7487, #6826 ) ;
#1363 =( GEOMETRIC_REPRESENTATION_CONTEXT ( 3 ) GLOBAL_UNCERTAINTY_ASSIGNED_CONTEXT ( ( #7651 ) ) GLOBAL_UNIT_ASSIGNED_CONTEXT ( ( #4832, #3898, #10243 ) ) REPRESENTATION_CONTEXT ( 'NONE', 'WORKASPACE' ) );
#1364 = CARTESIAN_POINT ( 'NONE',  ( 4.062500047683500703, 2.389999999999999680, -6.570212811231998629 ) ) ;
#1365 = VERTEX_POINT ( 'NONE', #7840 ) ;
#1366 = ADVANCED_FACE ( 'NONE', ( #11421 ), #11486, .F. ) ;
#1367 = CARTESIAN_POINT ( 'NONE',  ( 4.120833158493043769, 2.399999999999999911, -6.093617081641970579 ) ) ;
#1368 = DIRECTION ( 'NONE',  ( -0.0000000000000000000, -0.0000000000000000000, 1.000000000000000000 ) ) ;
#1369 = AXIS2_PLACEMENT_3D ( 'NONE', #7960, #3516, #3392 ) ;
#1370 = ORIENTED_EDGE ( 'NONE', *, *, #8241, .F. ) ;
#1371 = LINE ( 'NONE', #1308, #8483 ) ;
#1372 = DIRECTION ( 'NONE',  ( 0.0000000000000000000, 0.0000000000000000000, -1.000000000000000000 ) ) ;
#1373 = CARTESIAN_POINT ( 'NONE',  ( 9.895833492279001220, 2.394999999999999574, -8.000000000000001776 ) ) ;
#1374 = CARTESIAN_POINT ( 'NONE',  ( 11.76250004768137103, 2.399999999999999911, -7.642553192382809613 ) ) ;
#1375 = CARTESIAN_POINT ( 'NONE',  ( 12.10000000000165343, 0.009999999999999998473, -11.29999999999918003 ) ) ;
#1376 = VERTEX_POINT ( 'NONE', #10646 ) ;
#1377 = ORIENTED_EDGE ( 'NONE', *, *, #10198, .F. ) ;
#1378 = PLANE ( 'NONE',  #5283 ) ;
#1379 = ORIENTED_EDGE ( 'NONE', *, *, #8091, .T. ) ;
#1380 =( LENGTH_UNIT ( ) NAMED_UNIT ( * ) SI_UNIT ( .MILLI., .METRE. ) );
#1381 = COLOUR_RGB ( '',0.9803921568627450567, 0.6274509803921568540, 0.0000000000000000000 ) ;
#1382 = CARTESIAN_POINT ( 'NONE',  ( 8.087500047683400695, 2.389999999999999680, -7.523404270410603445 ) ) ;
#1383 = DIRECTION ( 'NONE',  ( 0.0000000000000000000, -2.168404344971006896E-16, -1.000000000000000000 ) ) ;
#1384 = ORIENTED_EDGE ( 'NONE', *, *, #9988, .T. ) ;
#1385 = CARTESIAN_POINT ( 'NONE',  ( 9.604166603088273746, 2.394999999999999574, -8.000000000000000000 ) ) ;
#1386 =( NAMED_UNIT ( * ) PLANE_ANGLE_UNIT ( ) SI_UNIT ( $, .RADIAN. ) );
#1387 = ORIENTED_EDGE ( 'NONE', *, *, #4527, .F. ) ;
#1388 = VECTOR ( 'NONE', #7119, 1000.000000000000000 ) ;
#1389 = VECTOR ( 'NONE', #4072, 1000.000000000000000 ) ;
#1390 = CARTESIAN_POINT ( 'NONE',  ( 14.15000000000000036, 0.4100000000000150191, -12.19999999999999929 ) ) ;
#1391 = DIRECTION ( 'NONE',  ( 1.000000000000000000, -0.0000000000000000000, -0.0000000000000000000 ) ) ;
#1392 = LINE ( 'NONE', #8704, #1972 ) ;
#1393 = DIRECTION ( 'NONE',  ( 0.3102800983933967083, 0.0000000000000000000, 0.9506451812011588176 ) ) ;
#1394 = EDGE_LOOP ( 'NONE', ( #1910, #11143, #8654, #8832, #459, #10264, #9437, #1542 ) ) ;
#1395 = ORIENTED_EDGE ( 'NONE', *, *, #2050, .T. ) ;
#1396 = VERTEX_POINT ( 'NONE', #5167 ) ;
#1397 = CARTESIAN_POINT ( 'NONE',  ( 14.59999999999999964, 0.009999999999999998473, -11.75000000000000178 ) ) ;
#1398 = EDGE_CURVE ( 'NONE', #10885, #4468, #8857, .T. ) ;
#1399 = VECTOR ( 'NONE', #3906, 1000.000000000000000 ) ;
#1400 = DIRECTION ( 'NONE',  ( -0.0000000000000000000, -1.000000000000000000, -0.0000000000000000000 ) ) ;
#1401 = LINE ( 'NONE', #7760, #5459 ) ;
#1402 = DIRECTION ( 'NONE',  ( 0.6996247722112800549, 0.0000000000000000000, 0.7145104464654904453 ) ) ;
#1403 = ORIENTED_EDGE ( 'NONE', *, *, #10337, .F. ) ;
#1404 = DIRECTION ( 'NONE',  ( 0.0000000000000000000, 0.0000000000000000000, -1.000000000000000000 ) ) ;
#1405 = VERTEX_POINT ( 'NONE', #7903 ) ;
#1406 = DIRECTION ( 'NONE',  ( -0.0000000000000000000, -1.000000000000000000, -0.0000000000000000000 ) ) ;
#1407 = CARTESIAN_POINT ( 'NONE',  ( 0.7500000000000056621, 2.399999999999999911, -0.6500000000001723288 ) ) ;
#1408 = VECTOR ( 'NONE', #8943, 1000.000000000000000 ) ;
#1409 = EDGE_CURVE ( 'NONE', #3183, #1456, #10523, .T. ) ;
#1410 = DIRECTION ( 'NONE',  ( -0.0000000000000000000, -1.000000000000000000, -0.0000000000000000000 ) ) ;
#1411 = ORIENTED_EDGE ( 'NONE', *, *, #2240, .F. ) ;
#1412 = CARTESIAN_POINT ( 'NONE',  ( 1.000000000000000000, 0.8200000000000300382, -5.097894115623855187E-48 ) ) ;
#1413 = ADVANCED_FACE ( 'NONE', ( #11542 ), #2496, .F. ) ;
#1414 = EDGE_CURVE ( 'NONE', #6534, #5593, #572, .T. ) ;
#1415 = PLANE ( 'NONE',  #6625 ) ;
#1416 = LINE ( 'NONE', #1598, #3826 ) ;
#1417 = VECTOR ( 'NONE', #3656, 1000.000000000000000 ) ;
#1418 = CARTESIAN_POINT ( 'NONE',  ( 12.05416676997933045, 2.399999999999999911, -7.702127653360654413 ) ) ;
#1419 = LINE ( 'NONE', #8671, #9221 ) ;
#1420 = CARTESIAN_POINT ( 'NONE',  ( 8.000000000000000000, 0.0000000000000000000, -0.9000000000000002442 ) ) ;
#1421 = EDGE_CURVE ( 'NONE', #11570, #2033, #2558, .T. ) ;
#1422 = VECTOR ( 'NONE', #5270, 1000.000000000000114 ) ;
#1423 = FILL_AREA_STYLE_COLOUR ( '', #8522 ) ;
#1424 = ORIENTED_EDGE ( 'NONE', *, *, #3626, .T. ) ;
#1425 = EDGE_CURVE ( 'NONE', #5593, #8253, #1475, .T. ) ;
#1426 = CARTESIAN_POINT ( 'NONE',  ( 3.600000000000000089, 1.058791184067875424E-19, -1.490354470693941447E-14 ) ) ;
#1427 = CARTESIAN_POINT ( 'NONE',  ( 4.700000000000000178, 0.009999999999999998473, -11.75000000000000178 ) ) ;
#1428 =( GEOMETRIC_REPRESENTATION_CONTEXT ( 3 ) GLOBAL_UNCERTAINTY_ASSIGNED_CONTEXT ( ( #2680 ) ) GLOBAL_UNIT_ASSIGNED_CONTEXT ( ( #2407, #4071, #4013 ) ) REPRESENTATION_CONTEXT ( 'NONE', 'WORKASPACE' ) );
#1429 = AXIS2_PLACEMENT_3D ( 'NONE', #7049, #2480, #8003 ) ;
#1430 = VERTEX_POINT ( 'NONE', #4332 ) ;
#1431 = CARTESIAN_POINT ( 'NONE',  ( 6.454166936874210947, 2.394999999999999574, -7.404255306721012175 ) ) ;
#1432 = EDGE_CURVE ( 'NONE', #10495, #7618, #8734, .T. ) ;
#1433 = DIRECTION ( 'NONE',  ( 0.0000000000000000000, -1.000000000000000000, 2.168404344971006649E-16 ) ) ;
#1434 = EDGE_CURVE ( 'NONE', #9466, #8275, #11596, .T. ) ;
#1435 = CARTESIAN_POINT ( 'NONE',  ( 0.7500000000000006661, 1.485000000000000098, -11.75000000000000000 ) ) ;
#1436 = CARTESIAN_POINT ( 'NONE',  ( 3.637833612442000319, 2.389799999999999702, -7.027744711636999320 ) ) ;
#1437 = ORIENTED_EDGE ( 'NONE', *, *, #9871, .F. ) ;
#1438 = ORIENTED_EDGE ( 'NONE', *, *, #4992, .T. ) ;
#1439 = CARTESIAN_POINT ( 'NONE',  ( 8.000000000000000000, 0.0000000000000000000, -12.19999999999999929 ) ) ;
#1440 = VECTOR ( 'NONE', #924, 1000.000000000000000 ) ;
#1441 = ORIENTED_EDGE ( 'NONE', *, *, #3464, .T. ) ;
#1442 = VECTOR ( 'NONE', #5787, 1000.000000000000000 ) ;
#1443 = DIRECTION ( 'NONE',  ( 0.0000000000000000000, 1.000000000000000000, -0.0000000000000000000 ) ) ;
#1444 = CARTESIAN_POINT ( 'NONE',  ( 3.800000047683500082, 2.389999999999999680, -7.612765961885500587 ) ) ;
#1445 = ORIENTED_EDGE ( 'NONE', *, *, #6450, .T. ) ;
#1446 = CARTESIAN_POINT ( 'NONE',  ( 6.099999999999999645, -1.058791184067875424E-19, -12.20000000000123386 ) ) ;
#1447 = FACE_OUTER_BOUND ( 'NONE', #7845, .T. ) ;
#1448 = PRESENTATION_LAYER_ASSIGNMENT (  '', '', ( #10181 ) ) ;
#1449 = VERTEX_POINT ( 'NONE', #10703 ) ;
#1450 = CARTESIAN_POINT ( 'NONE',  ( 4.937500047683850646, 2.399999999999999911, -7.165957462788390409 ) ) ;
#1451 = EDGE_CURVE ( 'NONE', #4205, #9945, #1419, .T. ) ;
#1452 = CARTESIAN_POINT ( 'NONE',  ( 12.40000000000000213, 0.01020000000000000073, -11.27551123755000262 ) ) ;
#1453 = CARTESIAN_POINT ( 'NONE',  ( 5.000000000000000000, 0.009999999999999998473, -0.4500000000000149436 ) ) ;
#1454 = ORIENTED_EDGE ( 'NONE', *, *, #8773, .T. ) ;
#1455 = EDGE_LOOP ( 'NONE', ( #2453, #1022, #883, #2286 ) ) ;
#1456 = VERTEX_POINT ( 'NONE', #11764 ) ;
#1457 = ORIENTED_EDGE ( 'NONE', *, *, #451, .T. ) ;
#1458 = CARTESIAN_POINT ( 'NONE',  ( 2.799999999999999822, 0.01020000000000000073, 0.02448876244737000288 ) ) ;
#1459 = PRESENTATION_STYLE_ASSIGNMENT (( #11280 ) ) ;
#1460 = CARTESIAN_POINT ( 'NONE',  ( 14.32448876245000058, 0.01020000000000000073, -11.30000000000000071 ) ) ;
#1461 = VERTEX_POINT ( 'NONE', #3570 ) ;
#1462 = LINE ( 'NONE', #5088, #853 ) ;
#1463 = ORIENTED_EDGE ( 'NONE', *, *, #1583, .T. ) ;
#1464 = FILL_AREA_STYLE ('',( #5924 ) ) ;
#1465 = LINE ( 'NONE', #8551, #1586 ) ;
#1466 = STYLED_ITEM ( 'NONE', ( #1129 ), #4680 ) ;
#1467 = DIRECTION ( 'NONE',  ( 0.0000000000000000000, -4.336808689941998508E-16, -1.000000000000000000 ) ) ;
#1468 = PLANE ( 'NONE',  #5520 ) ;
#1469 = ORIENTED_EDGE ( 'NONE', *, *, #7033, .F. ) ;
#1470 = DIRECTION ( 'NONE',  ( 0.0000000000000000000, 0.0000000000000000000, 1.000000000000000000 ) ) ;
#1471 = CARTESIAN_POINT ( 'NONE',  ( 2.950000000000000622, 0.4100000000000150746, -12.19999999999999929 ) ) ;
#1472 = LINE ( 'NONE', #6880, #9644 ) ;
#1473 = DIRECTION ( 'NONE',  ( 0.0000000000000000000, 0.0000000000000000000, -1.000000000000000000 ) ) ;
#1474 = LINE ( 'NONE', #7778, #3595 ) ;
#1475 = LINE ( 'NONE', #10453, #6552 ) ;
#1476 = DIRECTION ( 'NONE',  ( 1.000000000000000000, 0.0000000000000000000, 0.0000000000000000000 ) ) ;
#1477 = EDGE_CURVE ( 'NONE', #3961, #4824, #10932, .T. ) ;
#1478 = DIRECTION ( 'NONE',  ( 0.0000000000000000000, 0.0000000000000000000, -1.000000000000000000 ) ) ;
#1479 = FACE_OUTER_BOUND ( 'NONE', #2828, .T. ) ;
#1480 = ORIENTED_EDGE ( 'NONE', *, *, #3969, .T. ) ;
#1481 = FILL_AREA_STYLE_COLOUR ( '', #5069 ) ;
#1482 = FACE_OUTER_BOUND ( 'NONE', #11458, .T. ) ;
#1483 = ADVANCED_FACE ( 'NONE', ( #9979 ), #8019, .F. ) ;
#1484 = ORIENTED_EDGE ( 'NONE', *, *, #5372, .F. ) ;
#1485 = EDGE_CURVE ( 'NONE', #3231, #11688, #1717, .T. ) ;
#1486 = EDGE_CURVE ( 'NONE', #3795, #1086, #11656, .T. ) ;
#1487 = CARTESIAN_POINT ( 'NONE',  ( 3.654166936874759575, 2.399999999999999911, -7.046808540820962641 ) ) ;
#1488 = CARTESIAN_POINT ( 'NONE',  ( 5.184219231284000529, 2.389799999999999702, -7.782208537654999425 ) ) ;
#1489 = STYLED_ITEM ( 'NONE', ( #321 ), #3895 ) ;
#1490 = CARTESIAN_POINT ( 'NONE',  ( 11.00000000000000355, 0.4100000000000150191, 0.0000000000000000000 ) ) ;
#1491 = FACE_OUTER_BOUND ( 'NONE', #5956, .T. ) ;
#1492 = ORIENTED_EDGE ( 'NONE', *, *, #7428, .T. ) ;
#1493 = ORIENTED_EDGE ( 'NONE', *, *, #10708, .F. ) ;
#1494 = CARTESIAN_POINT ( 'NONE',  ( 8.000000000000000000, 0.0000000000000000000, 0.0000000000000000000 ) ) ;
#1495 = ORIENTED_EDGE ( 'NONE', *, *, #421, .F. ) ;
#1496 = LINE ( 'NONE', #3477, #5367 ) ;
#1497 = CARTESIAN_POINT ( 'NONE',  ( 12.09999999999999964, 0.004999999999999999237, -0.9000000000000298872 ) ) ;
#1498 = EDGE_CURVE ( 'NONE', #3715, #8892, #3921, .T. ) ;
#1499 = VECTOR ( 'NONE', #11730, 1000.000000000000227 ) ;
#1500 = LINE ( 'NONE', #4065, #7069 ) ;
#1501 = EDGE_LOOP ( 'NONE', ( #2352, #2474, #2366, #5594 ) ) ;
#1502 =( LENGTH_UNIT ( ) NAMED_UNIT ( * ) SI_UNIT ( .MILLI., .METRE. ) );
#1503 = CARTESIAN_POINT ( 'NONE',  ( 8.000000000000000000, 0.8199999999999999512, 0.0000000000000000000 ) ) ;
#1504 = ORIENTED_EDGE ( 'NONE', *, *, #2878, .T. ) ;
#1505 = CARTESIAN_POINT ( 'NONE',  ( 7.562500047683998972, 2.389999999999999680, -6.599999999999999645 ) ) ;
#1506 = DIRECTION ( 'NONE',  ( 0.5627909312424811406, -0.0000000000000000000, 0.8265992787991174318 ) ) ;
#1507 =( NAMED_UNIT ( * ) PLANE_ANGLE_UNIT ( ) SI_UNIT ( $, .RADIAN. ) );
#1508 = CARTESIAN_POINT ( 'NONE',  ( 6.500000000000000888, 0.009999999999974222217, -12.19999999999999929 ) ) ;
#1509 = VERTEX_POINT ( 'NONE', #6229 ) ;
#1510 = ORIENTED_EDGE ( 'NONE', *, *, #8916, .F. ) ;
#1511 = VECTOR ( 'NONE', #7383, 1000.000000000000000 ) ;
#1512 = EDGE_LOOP ( 'NONE', ( #7147, #11148, #5323, #6491, #2748, #1770 ) ) ;
#1513 = ORIENTED_EDGE ( 'NONE', *, *, #5254, .F. ) ;
#1514 = CARTESIAN_POINT ( 'NONE',  ( 11.00000000000000178, 1.058791184067875424E-19, -1.490354470693941447E-14 ) ) ;
#1515 = VECTOR ( 'NONE', #1313, 1000.000000000000000 ) ;
#1516 = CARTESIAN_POINT ( 'NONE',  ( 6.804166936873999205, 2.399999999999999911, -7.165957462788282051 ) ) ;
#1517 = EDGE_CURVE ( 'NONE', #4575, #5466, #2730, .T. ) ;
#1518 = EDGE_CURVE ( 'NONE', #11266, #10671, #1832, .T. ) ;
#1519 = FACE_OUTER_BOUND ( 'NONE', #6084, .T. ) ;
#1520 = DIRECTION ( 'NONE',  ( 0.0000000000000000000, 0.0000000000000000000, -1.000000000000000000 ) ) ;
#1521 = ORIENTED_EDGE ( 'NONE', *, *, #11188, .F. ) ;
#1522 = DIRECTION ( 'NONE',  ( -0.9689176559523872134, 0.0000000000000000000, -0.2473834593980192009 ) ) ;
#1523 = ORIENTED_EDGE ( 'NONE', *, *, #5622, .F. ) ;
#1524 = SURFACE_STYLE_USAGE ( .BOTH. , #11408 ) ;
#1525 = DIRECTION ( 'NONE',  ( -0.0000000000000000000, -1.000000000000000000, -0.0000000000000000000 ) ) ;
#1526 = VECTOR ( 'NONE', #10537, 1000.000000000000114 ) ;
#1527 = LINE ( 'NONE', #284, #10901 ) ;
#1528 = LINE ( 'NONE', #5155, #3413 ) ;
#1529 = LINE ( 'NONE', #4210, #1539 ) ;
#1530 = VECTOR ( 'NONE', #6309, 1000.000000000000000 ) ;
#1531 = ORIENTED_EDGE ( 'NONE', *, *, #1297, .T. ) ;
#1532 = LINE ( 'NONE', #5159, #4578 ) ;
#1533 = DIRECTION ( 'NONE',  ( 0.2694177785370548417, 0.0000000000000000000, 0.9630233956701977904 ) ) ;
#1534 = MECHANICAL_DESIGN_GEOMETRIC_PRESENTATION_REPRESENTATION (  '', ( #7027 ), #3635 ) ;
#1535 = CARTESIAN_POINT ( 'NONE',  ( 12.40000000000000213, 0.009999999999999998473, -0.4500000000000149436 ) ) ;
#1536 = DIRECTION ( 'NONE',  ( -0.2473831068374525155, 0.0000000000000000000, 0.9689177459678657289 ) ) ;
#1537 = VECTOR ( 'NONE', #10769, 1000.000000000000000 ) ;
#1538 = DIRECTION ( 'NONE',  ( 0.0000000000000000000, 0.0000000000000000000, -1.000000000000000000 ) ) ;
#1539 = VECTOR ( 'NONE', #7834, 1000.000000000000000 ) ;
#1540 = CARTESIAN_POINT ( 'NONE',  ( 9.312500047684004301, 2.389999999999999680, -7.642553192376999149 ) ) ;
#1541 = FILL_AREA_STYLE ('',( #1423 ) ) ;
#1542 = ORIENTED_EDGE ( 'NONE', *, *, #5144, .T. ) ;
#1543 = VECTOR ( 'NONE', #10348, 1000.000000000000000 ) ;
#1544 = STYLED_ITEM ( 'NONE', ( #7121 ), #6227 ) ;
#1545 = DIRECTION ( 'NONE',  ( -0.0000000000000000000, -1.000000000000000000, -0.0000000000000000000 ) ) ;
#1546 = ADVANCED_FACE ( 'NONE', ( #96 ), #5285, .F. ) ;
#1547 = CARTESIAN_POINT ( 'NONE',  ( 8.509219619875000973, 2.389799999999999702, -6.490131941850999731 ) ) ;
#1548 = VECTOR ( 'NONE', #4765, 1000.000000000000000 ) ;
#1549 = VECTOR ( 'NONE', #4534, 1000.000000000000000 ) ;
#1550 = EDGE_LOOP ( 'NONE', ( #28, #8002, #720, #1653 ) ) ;
#1551 = PLANE ( 'NONE',  #4109 ) ;
#1552 = VECTOR ( 'NONE', #10829, 1000.000000000000000 ) ;
#1553 = CARTESIAN_POINT ( 'NONE',  ( 13.22448876245000271, 0.01000000000000000021, -11.27551123755000262 ) ) ;
#1554 = AXIS2_PLACEMENT_3D ( 'NONE', #1868, #2764, #11694 ) ;
#1555 = SURFACE_STYLE_FILL_AREA ( #11436 ) ;
#1556 = CARTESIAN_POINT ( 'NONE',  ( 5.287500047683583837, 2.394999999999999574, -7.404255306720978425 ) ) ;
#1557 = CARTESIAN_POINT ( 'NONE',  ( 14.30000000000000071, 5.293955920339377119E-20, -12.20000000000062279 ) ) ;
#1558 = VERTEX_POINT ( 'NONE', #4450 ) ;
#1559 = EDGE_CURVE ( 'NONE', #8643, #10109, #4480, .T. ) ;
#1560 = VERTEX_POINT ( 'NONE', #808 ) ;
#1561 = LINE ( 'NONE', #8932, #6598 ) ;
#1562 = ORIENTED_EDGE ( 'NONE', *, *, #8569, .T. ) ;
#1563 = LINE ( 'NONE', #11503, #412 ) ;
#1564 = FACE_OUTER_BOUND ( 'NONE', #1587, .T. ) ;
#1565 = ADVANCED_FACE ( 'NONE', ( #11713 ), #9866, .F. ) ;
#1566 = EDGE_CURVE ( 'NONE', #3675, #9623, #5340, .T. ) ;
#1567 = VECTOR ( 'NONE', #1476, 1000.000000000000000 ) ;
#1568 = LINE ( 'NONE', #9719, #9927 ) ;
#1569 = ORIENTED_EDGE ( 'NONE', *, *, #8135, .T. ) ;
#1570 = DIRECTION ( 'NONE',  ( 0.0000000000000000000, -1.000000000000000000, 2.168404344971007142E-16 ) ) ;
#1571 = PLANE ( 'NONE',  #6948 ) ;
#1572 = VERTEX_POINT ( 'NONE', #8077 ) ;
#1573 = CARTESIAN_POINT ( 'NONE',  ( 13.39583337754270431, 2.399999999999999911, -7.642553192375685533 ) ) ;
#1574 = LINE ( 'NONE', #9601, #395 ) ;
#1575 = CARTESIAN_POINT ( 'NONE',  ( 11.29999999999752447, 0.0000000000000000000, -0.9000000000000000222 ) ) ;
#1576 = DIRECTION ( 'NONE',  ( 0.0000000000000000000, 1.000000000000000000, 0.0000000000000000000 ) ) ;
#1577 = VECTOR ( 'NONE', #4438, 1000.000000000000000 ) ;
#1578 = VERTEX_POINT ( 'NONE', #2675 ) ;
#1579 = EDGE_CURVE ( 'NONE', #4062, #9071, #38, .T. ) ;
#1580 = VERTEX_POINT ( 'NONE', #9924 ) ;
#1581 = ORIENTED_EDGE ( 'NONE', *, *, #3236, .T. ) ;
#1582 = LINE ( 'NONE', #11520, #4911 ) ;
#1583 = EDGE_CURVE ( 'NONE', #4009, #8622, #1777, .T. ) ;
#1584 = CARTESIAN_POINT ( 'NONE',  ( 7.999999999999810818, 1.588186776101813136E-19, -0.9000000000000077938 ) ) ;
#1585 = CARTESIAN_POINT ( 'NONE',  ( 9.579677840641000586, 2.389799999999999702, -5.200000000000001066 ) ) ;
#1586 = VECTOR ( 'NONE', #4853, 1000.000000000000000 ) ;
#1587 = EDGE_LOOP ( 'NONE', ( #8056, #3313, #7409, #7306 ) ) ;
#1588 = FACE_OUTER_BOUND ( 'NONE', #3502, .T. ) ;
#1589 = ORIENTED_EDGE ( 'NONE', *, *, #11752, .T. ) ;
#1590 = CARTESIAN_POINT ( 'NONE',  ( 8.000000000000000000, 0.009999999999999995004, -12.19999999999999929 ) ) ;
#1591 = DIRECTION ( 'NONE',  ( -1.000000000000000000, 0.0000000000000000000, 0.0000000000000000000 ) ) ;
#1592 = CARTESIAN_POINT ( 'NONE',  ( 8.000000000000000000, 0.009999999999999995004, -12.19999999999999929 ) ) ;
#1593 = CARTESIAN_POINT ( 'NONE',  ( 12.34583340883185087, 2.394999999999999574, -7.702127653360268056 ) ) ;
#1594 = LINE ( 'NONE', #4271, #4757 ) ;
#1595 = ORIENTED_EDGE ( 'NONE', *, *, #3699, .T. ) ;
#1596 = UNCERTAINTY_MEASURE_WITH_UNIT (LENGTH_MEASURE( 1.000000000000000082E-05 ), #5547, 'distance_accuracy_value', 'NONE');
#1597 = CARTESIAN_POINT ( 'NONE',  ( 5.170833158492753157, 2.389999999999999680, -6.331914925575058639 ) ) ;
#1598 = CARTESIAN_POINT ( 'NONE',  ( 13.20000000000000107, 0.004999999999999999237, -12.20000000000249507 ) ) ;
#1599 = CARTESIAN_POINT ( 'NONE',  ( 8.029166603088167875, 2.389999999999999680, -6.808510613441464798 ) ) ;
#1600 = CARTESIAN_POINT ( 'NONE',  ( 6.570833158492267678, 2.399999999999999911, -6.331914925574087860 ) ) ;
#1601 = MECHANICAL_DESIGN_GEOMETRIC_PRESENTATION_REPRESENTATION (  '', ( #2929 ), #4627 ) ;
#1602 = CARTESIAN_POINT ( 'NONE',  ( 4.995833492279000865, 2.389999999999999680, -7.374468097090999485 ) ) ;
#1603 =( NAMED_UNIT ( * ) SI_UNIT ( $, .STERADIAN. ) SOLID_ANGLE_UNIT ( ) );
#1604 = ADVANCED_FACE ( 'NONE', ( #750 ), #3684, .F. ) ;
#1605 = CARTESIAN_POINT ( 'NONE',  ( 0.7499999999999997780, 0.8200000000000149392, -12.19999999999999929 ) ) ;
#1606 = CARTESIAN_POINT ( 'NONE',  ( 10.60000000000000142, 0.009999999999999998473, -11.30000000000000249 ) ) ;
#1607 = VERTEX_POINT ( 'NONE', #989 ) ;
#1608 = MECHANICAL_DESIGN_GEOMETRIC_PRESENTATION_REPRESENTATION (  '', ( #1803 ), #2177 ) ;
#1609 = LINE ( 'NONE', #5235, #4563 ) ;
#1610 = ORIENTED_EDGE ( 'NONE', *, *, #6941, .T. ) ;
#1611 = CARTESIAN_POINT ( 'NONE',  ( 10.19999999999999929, 0.004999999999999999237, -3.388131789017201356E-18 ) ) ;
#1612 = VECTOR ( 'NONE', #5387, 1000.000000000000000 ) ;
#1613 = DIRECTION ( 'NONE',  ( -0.2473834593971934726, 0.0000000000000000000, -0.9689176559525980448 ) ) ;
#1614 = EDGE_CURVE ( 'NONE', #9908, #4647, #4617, .T. ) ;
#1615 = CARTESIAN_POINT ( 'NONE',  ( 8.087500047683551685, 2.394999999999999574, -6.570212769508230188 ) ) ;
#1616 = LINE ( 'NONE', #2571, #5884 ) ;
#1617 = ORIENTED_EDGE ( 'NONE', *, *, #235, .T. ) ;
#1618 = ORIENTED_EDGE ( 'NONE', *, *, #7188, .F. ) ;
#1619 = PRESENTATION_STYLE_ASSIGNMENT (( #2455 ) ) ;
#1620 = ORIENTED_EDGE ( 'NONE', *, *, #10221, .T. ) ;
#1621 = DIRECTION ( 'NONE',  ( 0.9689176611434414665, 0.0000000000000000000, -0.2473834390664076399 ) ) ;
#1622 = CARTESIAN_POINT ( 'NONE',  ( 8.029166603088397025, 2.399999999999999911, -7.285106384753903264 ) ) ;
#1623 = PRESENTATION_LAYER_ASSIGNMENT (  '', '', ( #10929 ) ) ;
#1624 = MECHANICAL_DESIGN_GEOMETRIC_PRESENTATION_REPRESENTATION (  '', ( #11311 ), #1049 ) ;
#1625 = SURFACE_STYLE_USAGE ( .BOTH. , #7261 ) ;
#1626 = ORIENTED_EDGE ( 'NONE', *, *, #5920, .T. ) ;
#1627 = CARTESIAN_POINT ( 'NONE',  ( 3.899999999999999911, 0.0000000000000000000, -6.100000000000000533 ) ) ;
#1628 = ORIENTED_EDGE ( 'NONE', *, *, #3969, .F. ) ;
#1629 = DIRECTION ( 'NONE',  ( 0.7145117189351820608, -0.0000000000000000000, 0.6996234726653268732 ) ) ;
#1630 = CARTESIAN_POINT ( 'NONE',  ( -0.3200000000000000622, -0.02448876244737000288, 0.0000000000000000000 ) ) ;
#1631 = ADVANCED_FACE ( 'NONE', ( #10985 ), #219, .T. ) ;
#1632 =( LENGTH_UNIT ( ) NAMED_UNIT ( * ) SI_UNIT ( .MILLI., .METRE. ) );
#1633 = EDGE_CURVE ( 'NONE', #3889, #1708, #1107, .T. ) ;
#1634 = LINE ( 'NONE', #6146, #3983 ) ;
#1635 = AXIS2_PLACEMENT_3D ( 'NONE', #5858, #386, #4203 ) ;
#1636 = ORIENTED_EDGE ( 'NONE', *, *, #3553, .T. ) ;
#1637 = ORIENTED_EDGE ( 'NONE', *, *, #7517, .F. ) ;
#1638 = ORIENTED_EDGE ( 'NONE', *, *, #6295, .T. ) ;
#1639 = DIRECTION ( 'NONE',  ( -1.000000000000000000, 0.0000000000000000000, 0.0000000000000000000 ) ) ;
#1640 = MECHANICAL_DESIGN_GEOMETRIC_PRESENTATION_REPRESENTATION (  '', ( #5244 ), #11117 ) ;
#1641 = PLANE ( 'NONE',  #1554 ) ;
#1642 = VECTOR ( 'NONE', #1176, 1000.000000000000000 ) ;
#1643 = ADVANCED_FACE ( 'NONE', ( #7469 ), #11109, .F. ) ;
#1644 = ORIENTED_EDGE ( 'NONE', *, *, #9632, .F. ) ;
#1645 = LINE ( 'NONE', #1762, #7313 ) ;
#1646 = ORIENTED_EDGE ( 'NONE', *, *, #2643, .T. ) ;
#1647 = PRESENTATION_STYLE_ASSIGNMENT (( #3439 ) ) ;
#1648 = CARTESIAN_POINT ( 'NONE',  ( 8.000000000000000000, 0.0000000000000000000, -0.9000000000000002442 ) ) ;
#1649 = EDGE_CURVE ( 'NONE', #4530, #4859, #328, .T. ) ;
#1650 = SURFACE_STYLE_FILL_AREA ( #8235 ) ;
#1651 = EDGE_CURVE ( 'NONE', #660, #10424, #6574, .T. ) ;
#1652 = DIRECTION ( 'NONE',  ( -0.0000000000000000000, -0.0000000000000000000, 1.000000000000000000 ) ) ;
#1653 = ORIENTED_EDGE ( 'NONE', *, *, #6509, .F. ) ;
#1654 = CARTESIAN_POINT ( 'NONE',  ( 5.987500047683817606, 2.389999999999999680, -6.331914925574999131 ) ) ;
#1655 = ORIENTED_EDGE ( 'NONE', *, *, #2861, .F. ) ;
#1656 = DIRECTION ( 'NONE',  ( 1.000000000000000000, 0.0000000000000000000, 0.0000000000000000000 ) ) ;
#1657 = FACE_OUTER_BOUND ( 'NONE', #4121, .T. ) ;
#1658 = DIRECTION ( 'NONE',  ( 1.000000000000000000, 0.0000000000000000000, 0.0000000000000000000 ) ) ;
#1659 = ADVANCED_FACE ( 'NONE', ( #9317 ), #2961, .F. ) ;
#1660 = EDGE_CURVE ( 'NONE', #497, #11511, #2002, .T. ) ;
#1661 = VECTOR ( 'NONE', #4520, 1000.000000000000000 ) ;
#1662 = CARTESIAN_POINT ( 'NONE',  ( 2.775511237553000221, 0.01020000000000000073, -0.9000000000000001332 ) ) ;
#1663 = LINE ( 'NONE', #8799, #4978 ) ;
#1664 = CARTESIAN_POINT ( 'NONE',  ( 11.00000000000000000, 0.009999999999999998473, -11.75000000000000178 ) ) ;
#1666 = PLANE ( 'NONE',  #427 ) ;
#1665 = CIRCLE ( 'NONE', #11358, 0.2499999999999997780 ) ;
#1667 = VECTOR ( 'NONE', #10255, 1000.000000000000000 ) ;
#1668 = DIRECTION ( 'NONE',  ( 0.8373786433114664973, 0.0000000000000000000, -0.5466232777021554634 ) ) ;
#1669 = ADVANCED_FACE ( 'NONE', ( #7585 ), #5686, .F. ) ;
#1670 =( NAMED_UNIT ( * ) PLANE_ANGLE_UNIT ( ) SI_UNIT ( $, .RADIAN. ) );
#1671 = CARTESIAN_POINT ( 'NONE',  ( 6.395833492278998555, 2.399999999999999911, -6.599999999999999645 ) ) ;
#1672 = SURFACE_STYLE_USAGE ( .BOTH. , #6181 ) ;
#1673 = CARTESIAN_POINT ( 'NONE',  ( 12.80000000000000249, 0.009999999999999998473, -0.9000000000000001332 ) ) ;
#1674 =( GEOMETRIC_REPRESENTATION_CONTEXT ( 3 ) GLOBAL_UNCERTAINTY_ASSIGNED_CONTEXT ( ( #9917 ) ) GLOBAL_UNIT_ASSIGNED_CONTEXT ( ( #8877, #8038, #9714 ) ) REPRESENTATION_CONTEXT ( 'NONE', 'WORKASPACE' ) );
#1675 = CARTESIAN_POINT ( 'NONE',  ( 5.637500047684249616, 2.394999999999999574, -6.093617081641697020 ) ) ;
#1676 = VERTEX_POINT ( 'NONE', #8661 ) ;
#1677 = ORIENTED_EDGE ( 'NONE', *, *, #991, .F. ) ;
#1678 = VERTEX_POINT ( 'NONE', #7829 ) ;
#1679 = DIRECTION ( 'NONE',  ( 0.7593963447902758457, 0.0000000000000000000, -0.6506283051936555539 ) ) ;
#1680 = CARTESIAN_POINT ( 'NONE',  ( 0.5000000000000000000, 2.149999999999999023, -11.49999999999999645 ) ) ;
#1681 = LINE ( 'NONE', #8101, #3975 ) ;
#1682 = VECTOR ( 'NONE', #9929, 1000.000000000000000 ) ;
#1683 = ORIENTED_EDGE ( 'NONE', *, *, #2674, .T. ) ;
#1684 = FILL_AREA_STYLE_COLOUR ( '', #9222 ) ;
#1685 = DIRECTION ( 'NONE',  ( -0.0000000000000000000, 1.000000000000000000, -0.0000000000000000000 ) ) ;
#1686 = VECTOR ( 'NONE', #6621, 1000.000000000000000 ) ;
#1687 = ORIENTED_EDGE ( 'NONE', *, *, #11775, .F. ) ;
#1688 = DIRECTION ( 'NONE',  ( 0.0000000000000000000, 0.0000000000000000000, -1.000000000000000000 ) ) ;
#1689 = CARTESIAN_POINT ( 'NONE',  ( 11.95000000000000284, 0.8200000000000149392, -3.256119351777711174E-30 ) ) ;
#1690 = PLANE ( 'NONE',  #11621 ) ;
#1691 = VERTEX_POINT ( 'NONE', #1345 ) ;
#1692 = ORIENTED_EDGE ( 'NONE', *, *, #1188, .F. ) ;
#1693 = ORIENTED_EDGE ( 'NONE', *, *, #8779, .F. ) ;
#1694 = EDGE_CURVE ( 'NONE', #8665, #11098, #11285, .T. ) ;
#1695 = VECTOR ( 'NONE', #8356, 1000.000000000000114 ) ;
#1696 = DIRECTION ( 'NONE',  ( -0.8265992444188491328, 0.0000000000000000000, 0.5627909817385026159 ) ) ;
#1697 = EDGE_LOOP ( 'NONE', ( #9108, #9308, #5262, #9360 ) ) ;
#1698 = CARTESIAN_POINT ( 'NONE',  ( 15.40000000000000036, 0.009999999999999998473, -11.75000000000000178 ) ) ;
#1699 = ORIENTED_EDGE ( 'NONE', *, *, #5661, .F. ) ;
#1700 = DIRECTION ( 'NONE',  ( 0.0000000000000000000, -1.000000000000000000, 2.168404344970999747E-16 ) ) ;
#1701 = AXIS2_PLACEMENT_3D ( 'NONE', #6136, #7861, #2401 ) ;
#1702 = DIRECTION ( 'NONE',  ( -0.9713213633449249151, 0.0000000000000000000, 0.2377704967184877394 ) ) ;
#1703 =( LENGTH_UNIT ( ) NAMED_UNIT ( * ) SI_UNIT ( .MILLI., .METRE. ) );
#1704 = LINE ( 'NONE', #9912, #5865 ) ;
#1705 = ORIENTED_EDGE ( 'NONE', *, *, #4102, .F. ) ;
#1706 = ORIENTED_EDGE ( 'NONE', *, *, #10386, .T. ) ;
#1707 = VECTOR ( 'NONE', #3301, 1000.000000000000000 ) ;
#1708 = VERTEX_POINT ( 'NONE', #3195 ) ;
#1709 = EDGE_CURVE ( 'NONE', #4189, #8225, #2173, .T. ) ;
#1710 = UNCERTAINTY_MEASURE_WITH_UNIT (LENGTH_MEASURE( 1.000000000000000082E-05 ), #10714, 'distance_accuracy_value', 'NONE');
#1711 = VECTOR ( 'NONE', #9567, 1000.000000000000000 ) ;
#1712 = CARTESIAN_POINT ( 'NONE',  ( 5.150000000000001243, 0.4100000000000149636, -12.19999999999999929 ) ) ;
#1713 = ADVANCED_FACE ( 'NONE', ( #2421 ), #10571, .T. ) ;
#1714 = CARTESIAN_POINT ( 'NONE',  ( 4.299999999999999822, 0.009999999999974168441, -0.2500000000000000555 ) ) ;
#1715 = EDGE_CURVE ( 'NONE', #8535, #1876, #10381, .T. ) ;
#1716 = CIRCLE ( 'NONE', #4738, 0.2500000000000002220 ) ;
#1717 = LINE ( 'NONE', #10762, #6177 ) ;
#1718 = LINE ( 'NONE', #8078, #10298 ) ;
#1719 = FILL_AREA_STYLE ('',( #4452 ) ) ;
#1720 = APPLICATION_CONTEXT ( 'automotive_design' ) ;
#1721 = ADVANCED_FACE ( 'NONE', ( #2300 ), #6100, .T. ) ;
#1722 = DIRECTION ( 'NONE',  ( 0.0000000000000000000, 0.0000000000000000000, -1.000000000000000000 ) ) ;
#1723 = UNCERTAINTY_MEASURE_WITH_UNIT (LENGTH_MEASURE( 1.000000000000000082E-05 ), #3119, 'distance_accuracy_value', 'NONE');
#1724 = LINE ( 'NONE', #10768, #5944 ) ;
#1725 = EDGE_CURVE ( 'NONE', #361, #917, #3377, .T. ) ;
#1726 = FACE_OUTER_BOUND ( 'NONE', #7786, .T. ) ;
#1727 =( GEOMETRIC_REPRESENTATION_CONTEXT ( 3 ) GLOBAL_UNCERTAINTY_ASSIGNED_CONTEXT ( ( #2308 ) ) GLOBAL_UNIT_ASSIGNED_CONTEXT ( ( #8780, #553, #9492 ) ) REPRESENTATION_CONTEXT ( 'NONE', 'WORKASPACE' ) );
#1728 = ORIENTED_EDGE ( 'NONE', *, *, #6591, .T. ) ;
#1729 = VECTOR ( 'NONE', #9562, 1000.000000000000000 ) ;
#1730 = CARTESIAN_POINT ( 'NONE',  ( 1.500000000000000000, 2.399999999999999911, -0.9000000000000000222 ) ) ;
#1731 = LINE ( 'NONE', #7303, #6481 ) ;
#1732 = CARTESIAN_POINT ( 'NONE',  ( 1.500000000000000000, 2.389999999999999236, -1.399999999999999911 ) ) ;
#1733 = DIRECTION ( 'NONE',  ( 0.0000000000000000000, 1.000000000000000000, 0.0000000000000000000 ) ) ;
#1734 = COLOUR_RGB ( '',0.0000000000000000000, 0.0000000000000000000, 0.0000000000000000000 ) ;
#1735 = ORIENTED_EDGE ( 'NONE', *, *, #5644, .F. ) ;
#1736 = ORIENTED_EDGE ( 'NONE', *, *, #8435, .F. ) ;
#1737 = EDGE_CURVE ( 'NONE', #4883, #175, #2483, .T. ) ;
#1738 = CARTESIAN_POINT ( 'NONE',  ( 8.320833492279239962, 2.399999999999999911, -7.821276596188647012 ) ) ;
#1739 = ORIENTED_EDGE ( 'NONE', *, *, #5556, .T. ) ;
#1740 = VERTEX_POINT ( 'NONE', #9678 ) ;
#1741 = DIRECTION ( 'NONE',  ( 1.000000000000000000, 0.0000000000000000000, -0.0000000000000000000 ) ) ;
#1742 = VECTOR ( 'NONE', #3425, 1000.000000000000000 ) ;
#1743 =( GEOMETRIC_REPRESENTATION_CONTEXT ( 3 ) GLOBAL_UNCERTAINTY_ASSIGNED_CONTEXT ( ( #8726 ) ) GLOBAL_UNIT_ASSIGNED_CONTEXT ( ( #900, #10072, #1024 ) ) REPRESENTATION_CONTEXT ( 'NONE', 'WORKASPACE' ) );
#1744 = CARTESIAN_POINT ( 'NONE',  ( 1.500000000000000000, 2.399999999999999911, -1.399999999999999911 ) ) ;
#1745 = PRESENTATION_STYLE_ASSIGNMENT (( #9890 ) ) ;
#1746 = MECHANICAL_DESIGN_GEOMETRIC_PRESENTATION_REPRESENTATION (  '', ( #1544 ), #4401 ) ;
#1747 = VERTEX_POINT ( 'NONE', #3254 ) ;
#1748 = CARTESIAN_POINT ( 'NONE',  ( -0.3200000000000000622, -0.02448876244737000288, 0.0000000000000000000 ) ) ;
#1749 = VECTOR ( 'NONE', #210, 1000.000000000000000 ) ;
#1750 = CARTESIAN_POINT ( 'NONE',  ( 6.512500047683945859, 2.399999999999999911, -6.927659535408095870 ) ) ;
#1751 = FACE_OUTER_BOUND ( 'NONE', #9020, .T. ) ;
#1752 = DIRECTION ( 'NONE',  ( -0.0000000000000000000, -1.000000000000000000, -0.0000000000000000000 ) ) ;
#1753 = PRESENTATION_STYLE_ASSIGNMENT (( #11687 ) ) ;
#1754 = EDGE_LOOP ( 'NONE', ( #4059, #10294, #6918, #6993 ) ) ;
#1755 = VERTEX_POINT ( 'NONE', #6871 ) ;
#1756 = VERTEX_POINT ( 'NONE', #10507 ) ;
#1757 = DIRECTION ( 'NONE',  ( -0.8906051112024652161, 0.0000000000000000000, 0.4547774575548404474 ) ) ;
#1758 = AXIS2_PLACEMENT_3D ( 'NONE', #7212, #10796, #10912 ) ;
#1759 = DIRECTION ( 'NONE',  ( 0.0000000000000000000, -4.336808689942013792E-16, -1.000000000000000000 ) ) ;
#1760 = DIRECTION ( 'NONE',  ( 1.000000000000000000, 0.0000000000000000000, 0.0000000000000000000 ) ) ;
#1761 = VERTEX_POINT ( 'NONE', #620 ) ;
#1762 = CARTESIAN_POINT ( 'NONE',  ( 5.287500047684006610, 2.394999999999999574, -7.880851067602796078 ) ) ;
#1763 = ORIENTED_EDGE ( 'NONE', *, *, #9576, .T. ) ;
#1764 = VECTOR ( 'NONE', #9539, 1000.000000000000227 ) ;
#1765 = CARTESIAN_POINT ( 'NONE',  ( 4.995833158492877679, 2.399999999999999911, -6.689361691474969618 ) ) ;
#1766 = LINE ( 'NONE', #5325, #8978 ) ;
#1767 = CARTESIAN_POINT ( 'NONE',  ( 6.557447030896999429, 2.389799999999999702, -6.311408558900999388 ) ) ;
#1768 = LINE ( 'NONE', #7055, #7376 ) ;
#1769 = ORIENTED_EDGE ( 'NONE', *, *, #2970, .T. ) ;
#1770 = ORIENTED_EDGE ( 'NONE', *, *, #10386, .F. ) ;
#1771 = ADVANCED_FACE ( 'NONE', ( #5985 ), #4265, .F. ) ;
#1772 = ORIENTED_EDGE ( 'NONE', *, *, #10163, .T. ) ;
#1773 = VECTOR ( 'NONE', #4733, 1000.000000000000000 ) ;
#1774 = CARTESIAN_POINT ( 'NONE',  ( 13.65000000000000213, 0.8200000000000149392, 0.0000000000000000000 ) ) ;
#1775 = LINE ( 'NONE', #5448, #5275 ) ;
#1776 = DIRECTION ( 'NONE',  ( 0.9689176983636935692, 0.0000000000000000000, -0.2473832932871627699 ) ) ;
#1777 = LINE ( 'NONE', #5398, #1061 ) ;
#1778 = VECTOR ( 'NONE', #335, 1000.000000000000114 ) ;
#1779 = SURFACE_STYLE_FILL_AREA ( #11543 ) ;
#1780 = VECTOR ( 'NONE', #6678, 1000.000000000000000 ) ;
#1781 = EDGE_CURVE ( 'NONE', #8581, #8268, #6986, .T. ) ;
#1782 = EDGE_CURVE ( 'NONE', #7583, #5443, #680, .T. ) ;
#1783 = ORIENTED_EDGE ( 'NONE', *, *, #8060, .F. ) ;
#1784 = DIRECTION ( 'NONE',  ( -0.4397120806645832269, 0.0000000000000000000, -0.8981387900083277476 ) ) ;
#1785 = PLANE ( 'NONE',  #5381 ) ;
#1786 =( LENGTH_UNIT ( ) NAMED_UNIT ( * ) SI_UNIT ( .MILLI., .METRE. ) );
#1787 = VECTOR ( 'NONE', #7570, 1000.000000000000000 ) ;
#1788 = EDGE_CURVE ( 'NONE', #11155, #175, #9909, .T. ) ;
#1789 = EDGE_LOOP ( 'NONE', ( #2767, #9369, #5245, #6546 ) ) ;
#1790 = DIRECTION ( 'NONE',  ( 1.000000000000000000, 0.0000000000000000000, -0.0000000000000000000 ) ) ;
#1791 = CARTESIAN_POINT ( 'NONE',  ( 13.90000000000000213, 0.009999999999999998473, -0.9000000000000001332 ) ) ;
#1792 = DIRECTION ( 'NONE',  ( 0.0000000000000000000, 1.000000000000000000, 0.0000000000000000000 ) ) ;
#1793 = EDGE_CURVE ( 'NONE', #6261, #8567, #8006, .T. ) ;
#1794 = ORIENTED_EDGE ( 'NONE', *, *, #8180, .T. ) ;
#1795 = VERTEX_POINT ( 'NONE', #6211 ) ;
#1796 = DIRECTION ( 'NONE',  ( -1.000000000000000000, 0.0000000000000000000, 0.0000000000000000000 ) ) ;
#1797 = ORIENTED_EDGE ( 'NONE', *, *, #4392, .T. ) ;
#1798 = ORIENTED_EDGE ( 'NONE', *, *, #11287, .T. ) ;
#1799 = FACE_OUTER_BOUND ( 'NONE', #7257, .T. ) ;
#1800 = DIRECTION ( 'NONE',  ( 0.0000000000000000000, -1.000000000000000000, 0.0000000000000000000 ) ) ;
#1801 = SURFACE_STYLE_FILL_AREA ( #10898 ) ;
#1802 = ADVANCED_FACE ( 'NONE', ( #8120 ), #11582, .F. ) ;
#1803 = STYLED_ITEM ( 'NONE', ( #10902 ), #2230 ) ;
#1804 = VERTEX_POINT ( 'NONE', #4376 ) ;
#1805 = EDGE_CURVE ( 'NONE', #5443, #8807, #854, .T. ) ;
#1806 = CARTESIAN_POINT ( 'NONE',  ( 5.387034023849999187, 2.389799999999999702, -7.565481223642999353 ) ) ;
#1807 = DIRECTION ( 'NONE',  ( -1.000000000000000000, 0.0000000000000000000, 0.0000000000000000000 ) ) ;
#1808 = DIRECTION ( 'NONE',  ( 0.0000000000000000000, 1.000000000000000000, 0.0000000000000000000 ) ) ;
#1809 = CARTESIAN_POINT ( 'NONE',  ( 3.200000000000000178, 0.8200000000000300382, 0.0000000000000000000 ) ) ;
#1810 = VERTEX_POINT ( 'NONE', #3612 ) ;
#1811 = ORIENTED_EDGE ( 'NONE', *, *, #2240, .T. ) ;
#1812 = PRESENTATION_LAYER_ASSIGNMENT (  '', '', ( #4640 ) ) ;
#1813 = ORIENTED_EDGE ( 'NONE', *, *, #5356, .T. ) ;
#1814 = CARTESIAN_POINT ( 'NONE',  ( 5.650000000000000355, 0.8200000000000149392, -12.19999999999999929 ) ) ;
#1815 = PLANE ( 'NONE',  #2322 ) ;
#1816 = ORIENTED_EDGE ( 'NONE', *, *, #1342, .T. ) ;
#1817 = CIRCLE ( 'NONE', #7895, 0.2500000000000019429 ) ;
#1818 = ADVANCED_FACE ( 'NONE', ( #9851 ), #7110, .F. ) ;
#1819 = ORIENTED_EDGE ( 'NONE', *, *, #8623, .F. ) ;
#1820 =( GEOMETRIC_REPRESENTATION_CONTEXT ( 3 ) GLOBAL_UNCERTAINTY_ASSIGNED_CONTEXT ( ( #6579 ) ) GLOBAL_UNIT_ASSIGNED_CONTEXT ( ( #9253, #94, #3803 ) ) REPRESENTATION_CONTEXT ( 'NONE', 'WORKASPACE' ) );
#1821 = SURFACE_STYLE_FILL_AREA ( #7219 ) ;
#1822 = CARTESIAN_POINT ( 'NONE',  ( 6.220833492279000509, 2.389999999999999680, -7.970212766901000556 ) ) ;
#1823 = DIRECTION ( 'NONE',  ( -1.000000000000000000, -0.0000000000000000000, -0.0000000000000000000 ) ) ;
#1824 = ORIENTED_EDGE ( 'NONE', *, *, #5915, .F. ) ;
#1825 = VERTEX_POINT ( 'NONE', #5440 ) ;
#1826 = ORIENTED_EDGE ( 'NONE', *, *, #8030, .F. ) ;
#1827 = PRESENTATION_LAYER_ASSIGNMENT (  '', '', ( #4666 ) ) ;
#1828 = VECTOR ( 'NONE', #3692, 1000.000000000000000 ) ;
#1829 = LINE ( 'NONE', #3448, #7461 ) ;
#1830 = CARTESIAN_POINT ( 'NONE',  ( 4.937500047683760052, 2.399999999999999911, -7.165957462788066223 ) ) ;
#1831 = ORIENTED_EDGE ( 'NONE', *, *, #3919, .F. ) ;
#1832 = LINE ( 'NONE', #6170, #2197 ) ;
#1833 = CARTESIAN_POINT ( 'NONE',  ( 8.000000000000000000, 0.009999999999999998473, -11.75000000000000178 ) ) ;
#1834 = VECTOR ( 'NONE', #11191, 1000.000000000000000 ) ;
#1835 = SURFACE_STYLE_FILL_AREA ( #5402 ) ;
#1836 = ORIENTED_EDGE ( 'NONE', *, *, #9164, .F. ) ;
#1837 = DIRECTION ( 'NONE',  ( 0.4397141723545565095, 0.0000000000000000000, 0.8981377659527225443 ) ) ;
#1838 = DIRECTION ( 'NONE',  ( -0.9689176611434411335, 0.0000000000000000000, -0.2473834390664090277 ) ) ;
#1839 = ADVANCED_FACE ( 'NONE', ( #908 ), #4539, .F. ) ;
#1840 = VERTEX_POINT ( 'NONE', #3669 ) ;
#1841 = CARTESIAN_POINT ( 'NONE',  ( 12.22916668653119920, 2.394999999999999574, -7.880851067602891113 ) ) ;
#1842 = DIRECTION ( 'NONE',  ( 0.0000000000000000000, -1.000000000000000000, 2.168404344971021934E-16 ) ) ;
#1843 = AXIS2_PLACEMENT_3D ( 'NONE', #7368, #11007, #2859 ) ;
#1844 = PLANE ( 'NONE',  #3627 ) ;
#1845 = ORIENTED_EDGE ( 'NONE', *, *, #7830, .T. ) ;
#1846 = EDGE_LOOP ( 'NONE', ( #4960, #5208, #7181, #1772 ) ) ;
#1847 = ORIENTED_EDGE ( 'NONE', *, *, #5279, .F. ) ;
#1848 = EDGE_CURVE ( 'NONE', #4664, #1678, #10916, .T. ) ;
#1849 = LINE ( 'NONE', #5535, #11763 ) ;
#1850 = SURFACE_SIDE_STYLE ('',( #6364 ) ) ;
#1851 = EDGE_CURVE ( 'NONE', #6977, #2575, #2604, .T. ) ;
#1852 = FACE_OUTER_BOUND ( 'NONE', #6751, .T. ) ;
#1853 = ADVANCED_FACE ( 'NONE', ( #797 ), #4437, .F. ) ;
#1854 = ORIENTED_EDGE ( 'NONE', *, *, #11758, .T. ) ;
#1855 = DIRECTION ( 'NONE',  ( 0.3102789952927825778, 0.0000000000000000000, -0.9506455412403201910 ) ) ;
#1856 = COLOUR_RGB ( '',0.9803921568627450567, 0.6274509803921568540, 0.0000000000000000000 ) ;
#1857 = PLANE ( 'NONE',  #9972 ) ;
#1858 = DIRECTION ( 'NONE',  ( -0.0000000000000000000, 1.000000000000000000, -0.0000000000000000000 ) ) ;
#1859 = ORIENTED_EDGE ( 'NONE', *, *, #1864, .T. ) ;
#1860 = EDGE_LOOP ( 'NONE', ( #233, #4768, #10088, #4255, #10364, #1965 ) ) ;
#1861 = VERTEX_POINT ( 'NONE', #9120 ) ;
#1862 = DIRECTION ( 'NONE',  ( -0.0000000000000000000, -1.000000000000000000, -0.0000000000000000000 ) ) ;
#1863 = SHAPE_DEFINITION_REPRESENTATION ( #9145, #3311 ) ;
#1864 = EDGE_CURVE ( 'NONE', #3967, #3819, #7503, .T. ) ;
#1865 = DIRECTION ( 'NONE',  ( 0.0000000000000000000, -1.000000000000000000, 2.168404344970999747E-16 ) ) ;
#1866 = AXIS2_PLACEMENT_3D ( 'NONE', #10407, #2269, #3891 ) ;
#1867 = VECTOR ( 'NONE', #2167, 999.9999999999998863 ) ;
#1868 = CARTESIAN_POINT ( 'NONE',  ( 4.724488762446999779, 0.01000000000000000021, -11.27551123755000262 ) ) ;
#1869 = ORIENTED_EDGE ( 'NONE', *, *, #3317, .F. ) ;
#1870 = ORIENTED_EDGE ( 'NONE', *, *, #3078, .F. ) ;
#1871 =( LENGTH_UNIT ( ) NAMED_UNIT ( * ) SI_UNIT ( .MILLI., .METRE. ) );
#1872 = DIRECTION ( 'NONE',  ( -1.000000000000000000, -0.0000000000000000000, -0.0000000000000000000 ) ) ;
#1873 = STYLED_ITEM ( 'NONE', ( #4990 ), #11378 ) ;
#1874 = CARTESIAN_POINT ( 'NONE',  ( 8.000000000000000000, 0.0000000000000000000, -12.19999999999999929 ) ) ;
#1875 = VERTEX_POINT ( 'NONE', #9181 ) ;
#1876 = VERTEX_POINT ( 'NONE', #8293 ) ;
#1877 = ORIENTED_EDGE ( 'NONE', *, *, #6278, .F. ) ;
#1878 = EDGE_CURVE ( 'NONE', #5859, #11310, #1817, .T. ) ;
#1879 = VECTOR ( 'NONE', #8847, 1000.000000000000000 ) ;
#1880 = LINE ( 'NONE', #9130, #4219 ) ;
#1881 =( LENGTH_UNIT ( ) NAMED_UNIT ( * ) SI_UNIT ( .MILLI., .METRE. ) );
#1882 = LINE ( 'NONE', #5507, #3654 ) ;
#1883 = CIRCLE ( 'NONE', #1701, 0.2499999999999993616 ) ;
#1884 = ORIENTED_EDGE ( 'NONE', *, *, #8391, .F. ) ;
#1885 = EDGE_LOOP ( 'NONE', ( #2392, #9856, #6423, #6683 ) ) ;
#1886 = DIRECTION ( 'NONE',  ( -0.7145097177354883256, 0.0000000000000000000, 0.6996255164454431297 ) ) ;
#1887 = CARTESIAN_POINT ( 'NONE',  ( 9.604166603088293286, 2.399999999999999911, -6.451063847541633756 ) ) ;
#1888 = VECTOR ( 'NONE', #1272, 1000.000000000000000 ) ;
#1889 = SURFACE_STYLE_USAGE ( .BOTH. , #3686 ) ;
#1890 = ORIENTED_EDGE ( 'NONE', *, *, #3244, .F. ) ;
#1891 = FACE_OUTER_BOUND ( 'NONE', #1501, .T. ) ;
#1892 = CIRCLE ( 'NONE', #4927, 0.2500000000000002220 ) ;
#1893 = CARTESIAN_POINT ( 'NONE',  ( 14.29999999999999893, 0.009999999999999998473, -0.9000000000000200062 ) ) ;
#1894 = AXIS2_PLACEMENT_3D ( 'NONE', #5359, #6242, #824 ) ;
#1895 =( NAMED_UNIT ( * ) SI_UNIT ( $, .STERADIAN. ) SOLID_ANGLE_UNIT ( ) );
#1896 = CARTESIAN_POINT ( 'NONE',  ( 2.100000000000000089, 0.009999999999974222217, 1.756407519426636498E-16 ) ) ;
#1897 = ORIENTED_EDGE ( 'NONE', *, *, #4566, .T. ) ;
#1898 = DIRECTION ( 'NONE',  ( -1.000000000000000000, 0.0000000000000000000, 0.0000000000000000000 ) ) ;
#1899 = DIRECTION ( 'NONE',  ( 0.0000000000000000000, 0.0000000000000000000, -1.000000000000000000 ) ) ;
#1900 = DIRECTION ( 'NONE',  ( 0.0000000000000000000, 1.000000000000000000, 0.0000000000000000000 ) ) ;
#1901 = CARTESIAN_POINT ( 'NONE',  ( 5.153700195419000707, 2.389799999999999702, -6.349412384319000680 ) ) ;
#1902 = CARTESIAN_POINT ( 'NONE',  ( 8.000000000000000000, 0.0000000000000000000, 0.0000000000000000000 ) ) ;
#1903 = VERTEX_POINT ( 'NONE', #4782 ) ;
#1904 = ADVANCED_FACE ( 'NONE', ( #11208 ), #202, .T. ) ;
#1905 = VERTEX_POINT ( 'NONE', #10972 ) ;
#1906 = PRESENTATION_LAYER_ASSIGNMENT (  '', '', ( #8941 ) ) ;
#1907 = CARTESIAN_POINT ( 'NONE',  ( 6.337500047683581883, 2.394999999999999574, -7.582978731394020677 ) ) ;
#1908 = CARTESIAN_POINT ( 'NONE',  ( 13.49999999999752376, 0.004999999999999999237, -0.9000000000000000222 ) ) ;
#1909 = CARTESIAN_POINT ( 'NONE',  ( 16.32000000000000028, -0.02448876244737000288, -12.19999999999999929 ) ) ;
#1910 = ORIENTED_EDGE ( 'NONE', *, *, #1660, .T. ) ;
#1911 = DIRECTION ( 'NONE',  ( 0.0000000000000000000, 0.0000000000000000000, 1.000000000000000000 ) ) ;
#1912 = LINE ( 'NONE', #6599, #11111 ) ;
#1913 = VECTOR ( 'NONE', #10709, 1000.000000000000000 ) ;
#1914 = EDGE_CURVE ( 'NONE', #11466, #8939, #9302, .T. ) ;
#1915 = PRESENTATION_STYLE_ASSIGNMENT (( #6543 ) ) ;
#1916 = VERTEX_POINT ( 'NONE', #4602 ) ;
#1917 = EDGE_LOOP ( 'NONE', ( #4029, #1276, #9777, #10394 ) ) ;
#1918 = EDGE_CURVE ( 'NONE', #1825, #4779, #3056, .T. ) ;
#1919 = VECTOR ( 'NONE', #4999, 1000.000000000000000 ) ;
#1920 = DIRECTION ( 'NONE',  ( -0.2377717410622981475, 0.0000000000000000000, 0.9713210587402104634 ) ) ;
#1921 = AXIS2_PLACEMENT_3D ( 'NONE', #1412, #9685, #3201 ) ;
#1922 = EDGE_CURVE ( 'NONE', #1405, #3130, #3341, .T. ) ;
#1923 = CARTESIAN_POINT ( 'NONE',  ( 0.4599999999999999645, 2.399999999999999911, -5.200000000000001066 ) ) ;
#1924 = VECTOR ( 'NONE', #11655, 1000.000000000000000 ) ;
#1925 = FACE_OUTER_BOUND ( 'NONE', #7146, .T. ) ;
#1926 = ORIENTED_EDGE ( 'NONE', *, *, #7348, .F. ) ;
#1927 = CARTESIAN_POINT ( 'NONE',  ( 16.00000000000000000, 0.0000000000000000000, -2.168404344971008868E-16 ) ) ;
#1928 = VECTOR ( 'NONE', #1962, 1000.000000000000114 ) ;
#1929 = ORIENTED_EDGE ( 'NONE', *, *, #10342, .F. ) ;
#1930 = CARTESIAN_POINT ( 'NONE',  ( 3.654166936874768457, 2.389999999999999680, -7.046808540820942213 ) ) ;
#1931 = AXIS2_PLACEMENT_3D ( 'NONE', #4420, #10004, #3417 ) ;
#1932 = CARTESIAN_POINT ( 'NONE',  ( 1.250000000000000222, 0.009999999999987104274, 0.0000000000000000000 ) ) ;
#1933 = LINE ( 'NONE', #142, #6426 ) ;
#1934 = MECHANICAL_DESIGN_GEOMETRIC_PRESENTATION_REPRESENTATION (  '', ( #4970 ), #5170 ) ;
#1935 = EDGE_LOOP ( 'NONE', ( #11571, #9739, #1890, #53 ) ) ;
#1936 = ORIENTED_EDGE ( 'NONE', *, *, #10221, .F. ) ;
#1937 = ADVANCED_FACE ( 'NONE', ( #7452 ), #1985, .F. ) ;
#1938 = VERTEX_POINT ( 'NONE', #7333 ) ;
#1939 = CARTESIAN_POINT ( 'NONE',  ( 14.29999999999999893, 0.004999999999999999237, -0.9000000000000298872 ) ) ;
#1940 =( NAMED_UNIT ( * ) SI_UNIT ( $, .STERADIAN. ) SOLID_ANGLE_UNIT ( ) );
#1941 = DIRECTION ( 'NONE',  ( -0.8265992756280685638, 0.0000000000000000000, -0.5627909358999594325 ) ) ;
#1942 = VECTOR ( 'NONE', #10482, 1000.000000000000000 ) ;
#1943 = ORIENTED_EDGE ( 'NONE', *, *, #3597, .F. ) ;
#1944 = FILL_AREA_STYLE_COLOUR ( '', #8262 ) ;
#1945 = ORIENTED_EDGE ( 'NONE', *, *, #7202, .F. ) ;
#1946 = FILL_AREA_STYLE_COLOUR ( '', #108 ) ;
#1947 = EDGE_CURVE ( 'NONE', #1876, #4319, #5616, .T. ) ;
#1948 = DIRECTION ( 'NONE',  ( 0.0000000000000000000, 0.0000000000000000000, -1.000000000000000000 ) ) ;
#1949 = CARTESIAN_POINT ( 'NONE',  ( 9.487500047683745663, 2.389999999999999680, -7.523404270410990691 ) ) ;
#1950 = VECTOR ( 'NONE', #5749, 1000.000000000000000 ) ;
#1951 = ORIENTED_EDGE ( 'NONE', *, *, #11094, .F. ) ;
#1952 = FACE_OUTER_BOUND ( 'NONE', #3779, .T. ) ;
#1953 = UNCERTAINTY_MEASURE_WITH_UNIT (LENGTH_MEASURE( 1.000000000000000082E-05 ), #6180, 'distance_accuracy_value', 'NONE');
#1954 = CARTESIAN_POINT ( 'NONE',  ( 9.604166603088000187, 2.389999999999999680, -7.821276596188497798 ) ) ;
#1955 = CARTESIAN_POINT ( 'NONE',  ( 5.000000000000000888, 0.0000000000000000000, -6.099999999999998757 ) ) ;
#1956 = VECTOR ( 'NONE', #10106, 1000.000000000000000 ) ;
#1957 = MECHANICAL_DESIGN_GEOMETRIC_PRESENTATION_REPRESENTATION (  '', ( #4049 ), #7848 ) ;
#1958 = LINE ( 'NONE', #9207, #293 ) ;
#1959 = ORIENTED_EDGE ( 'NONE', *, *, #2795, .T. ) ;
#1960 = EDGE_CURVE ( 'NONE', #6666, #7856, #5732, .T. ) ;
#1961 = DIRECTION ( 'NONE',  ( 0.4397121427652892489, 0.0000000000000000000, -0.8981387596049720257 ) ) ;
#1962 = DIRECTION ( 'NONE',  ( 0.5466231882188017366, 0.0000000000000000000, -0.8373787017243228270 ) ) ;
#1963 = SURFACE_STYLE_USAGE ( .BOTH. , #6474 ) ;
#1964 = LINE ( 'NONE', #5362, #5850 ) ;
#1965 = ORIENTED_EDGE ( 'NONE', *, *, #11084, .F. ) ;
#1966 = ORIENTED_EDGE ( 'NONE', *, *, #98, .F. ) ;
#1967 = VECTOR ( 'NONE', #7947, 1000.000000000000000 ) ;
#1968 = DIRECTION ( 'NONE',  ( 0.0000000000000000000, 1.000000000000000000, 0.0000000000000000000 ) ) ;
#1969 = DIRECTION ( 'NONE',  ( -1.000000000000000000, 0.0000000000000000000, 0.0000000000000000000 ) ) ;
#1970 = EDGE_LOOP ( 'NONE', ( #3556, #6563, #5243, #9353 ) ) ;
#1971 = FACE_OUTER_BOUND ( 'NONE', #5321, .T. ) ;
#1972 = VECTOR ( 'NONE', #8770, 1000.000000000000000 ) ;
#1973 = DIRECTION ( 'NONE',  ( -0.0000000000000000000, -1.000000000000000000, -0.0000000000000000000 ) ) ;
#1974 = SURFACE_STYLE_FILL_AREA ( #1020 ) ;
#1975 = VERTEX_POINT ( 'NONE', #3730 ) ;
#1976 = ORIENTED_EDGE ( 'NONE', *, *, #4734, .T. ) ;
#1977 = FILL_AREA_STYLE ('',( #9060 ) ) ;
#1978 = CARTESIAN_POINT ( 'NONE',  ( 2.350000000000000089, 0.8200000000000149392, -12.19999999999999929 ) ) ;
#1979 = CARTESIAN_POINT ( 'NONE',  ( 6.687500047683877291, 2.399999999999999911, -6.510638308525077633 ) ) ;
#1980 = VERTEX_POINT ( 'NONE', #1930 ) ;
#1981 = LINE ( 'NONE', #9300, #7896 ) ;
#1982 = ADVANCED_FACE ( 'NONE', ( #9365 ), #6502, .F. ) ;
#1983 = ORIENTED_EDGE ( 'NONE', *, *, #4197, .F. ) ;
#1984 = EDGE_CURVE ( 'NONE', #7109, #4311, #5016, .T. ) ;
#1985 = CYLINDRICAL_SURFACE ( 'NONE', #5230, 0.2500000000000002220 ) ;
#1986 =( NAMED_UNIT ( * ) SI_UNIT ( $, .STERADIAN. ) SOLID_ANGLE_UNIT ( ) );
#1987 = CYLINDRICAL_SURFACE ( 'NONE', #6152, 0.2500000000000002220 ) ;
#1988 = CARTESIAN_POINT ( 'NONE',  ( 15.40000000000000036, 0.4100000000000150191, 0.0000000000000000000 ) ) ;
#1989 = ORIENTED_EDGE ( 'NONE', *, *, #37, .F. ) ;
#1990 = ORIENTED_EDGE ( 'NONE', *, *, #2522, .F. ) ;
#1991 = VERTEX_POINT ( 'NONE', #7748 ) ;
#1992 = EDGE_CURVE ( 'NONE', #5300, #3715, #3179, .T. ) ;
#1993 = SURFACE_STYLE_FILL_AREA ( #3854 ) ;
#1994 = DIRECTION ( 'NONE',  ( 0.0000000000000000000, 0.0000000000000000000, -1.000000000000000000 ) ) ;
#1995 = LINE ( 'NONE', #11220, #4959 ) ;
#1996 = STYLED_ITEM ( 'NONE', ( #6408 ), #536 ) ;
#1997 = ORIENTED_EDGE ( 'NONE', *, *, #11328, .T. ) ;
#1998 = CARTESIAN_POINT ( 'NONE',  ( 0.4599999999999999645, 2.399999999999999911, -6.093617081642001665 ) ) ;
#1999 = ADVANCED_FACE ( 'NONE', ( #5076 ), #9600, .F. ) ;
#2000 = VERTEX_POINT ( 'NONE', #6849 ) ;
#2001 = ADVANCED_FACE ( 'NONE', ( #11391 ), #11270, .F. ) ;
#2002 = LINE ( 'NONE', #10207, #5782 ) ;
#2003 = PLANE ( 'NONE',  #8027 ) ;
#2004 = STYLED_ITEM ( 'NONE', ( #7780 ), #1366 ) ;
#2005 = CARTESIAN_POINT ( 'NONE',  ( 12.25833340883000133, 2.389999999999999680, -7.642553192376999149 ) ) ;
#2006 =( GEOMETRIC_REPRESENTATION_CONTEXT ( 3 ) GLOBAL_UNCERTAINTY_ASSIGNED_CONTEXT ( ( #3518 ) ) GLOBAL_UNIT_ASSIGNED_CONTEXT ( ( #1282, #7882, #11406 ) ) REPRESENTATION_CONTEXT ( 'NONE', 'WORKASPACE' ) );
#2007 = EDGE_LOOP ( 'NONE', ( #2019, #3750, #11780, #733 ) ) ;
#2008 = EDGE_CURVE ( 'NONE', #7573, #8890, #6792, .T. ) ;
#2009 = DIRECTION ( 'NONE',  ( 0.0000000000000000000, 1.000000000000000000, 0.0000000000000000000 ) ) ;
#2010 = FILL_AREA_STYLE ('',( #10216 ) ) ;
#2011 = COLOUR_RGB ( '',0.0000000000000000000, 0.0000000000000000000, 0.0000000000000000000 ) ;
#2012 = PLANE ( 'NONE',  #7906 ) ;
#2013 = ORIENTED_EDGE ( 'NONE', *, *, #8480, .T. ) ;
#2014 = DIRECTION ( 'NONE',  ( -0.8373794175686863905, 0.0000000000000000000, 0.5466220916065573920 ) ) ;
#2015 = DIRECTION ( 'NONE',  ( 0.0000000000000000000, 0.0000000000000000000, -1.000000000000000000 ) ) ;
#2016 = PLANE ( 'NONE',  #9797 ) ;
#2017 = DIRECTION ( 'NONE',  ( -1.000000000000000000, 0.0000000000000000000, 0.0000000000000000000 ) ) ;
#2018 = CARTESIAN_POINT ( 'NONE',  ( 13.16250004768017412, 2.399999999999999911, -7.463829767704109663 ) ) ;
#2019 = ORIENTED_EDGE ( 'NONE', *, *, #9501, .F. ) ;
#2020 = EDGE_LOOP ( 'NONE', ( #10194, #10182, #1331, #246, #1589, #7884, #6928, #2397 ) ) ;
#2021 = EDGE_CURVE ( 'NONE', #9316, #4467, #2345, .T. ) ;
#2022 = FILL_AREA_STYLE ('',( #11068 ) ) ;
#2023 = CARTESIAN_POINT ( 'NONE',  ( 1.250000000000001332, 0.8200000000000149392, -12.19999999999999929 ) ) ;
#2024 = LINE ( 'NONE', #8332, #3784 ) ;
#2025 = ORIENTED_EDGE ( 'NONE', *, *, #1922, .F. ) ;
#2026 =( LENGTH_UNIT ( ) NAMED_UNIT ( * ) SI_UNIT ( .MILLI., .METRE. ) );
#2027 = AXIS2_PLACEMENT_3D ( 'NONE', #5706, #1185, #4816 ) ;
#2028 = SURFACE_STYLE_FILL_AREA ( #7374 ) ;
#2029 = CARTESIAN_POINT ( 'NONE',  ( 10.36250004768486832, 2.389999999999999680, -6.689361691475117944 ) ) ;
#2030 = PRESENTATION_STYLE_ASSIGNMENT (( #2088 ) ) ;
#2031 =( NAMED_UNIT ( * ) SI_UNIT ( $, .STERADIAN. ) SOLID_ANGLE_UNIT ( ) );
#2032 = EDGE_LOOP ( 'NONE', ( #7415, #9793, #11092, #9928 ) ) ;
#2033 = VERTEX_POINT ( 'NONE', #2281 ) ;
#2034 = FACE_OUTER_BOUND ( 'NONE', #7138, .T. ) ;
#2035 = ORIENTED_EDGE ( 'NONE', *, *, #9781, .T. ) ;
#2036 =( NAMED_UNIT ( * ) PLANE_ANGLE_UNIT ( ) SI_UNIT ( $, .RADIAN. ) );
#2037 = CARTESIAN_POINT ( 'NONE',  ( 5.799999999999999822, 0.009999999999999998473, -11.75000000000000178 ) ) ;
#2038 = AXIS2_PLACEMENT_3D ( 'NONE', #6338, #8244, #9076 ) ;
#2039 = ORIENTED_EDGE ( 'NONE', *, *, #8972, .F. ) ;
#2040 = DIRECTION ( 'NONE',  ( 0.6996255164454470155, 0.0000000000000000000, 0.7145097177354843287 ) ) ;
#2041 = ORIENTED_EDGE ( 'NONE', *, *, #10428, .F. ) ;
#2042 = DIRECTION ( 'NONE',  ( 0.0000000000000000000, -4.336808689941984209E-16, -1.000000000000000000 ) ) ;
#2043 = LINE ( 'NONE', #8648, #10512 ) ;
#2044 = LINE ( 'NONE', #3001, #2156 ) ;
#2045 = CARTESIAN_POINT ( 'NONE',  ( 15.40000000000000213, 0.009999999999999996739, -12.20000000000166196 ) ) ;
#2046 = EDGE_LOOP ( 'NONE', ( #9882, #5587, #8479, #2822 ) ) ;
#2047 = VERTEX_POINT ( 'NONE', #3235 ) ;
#2048 = VECTOR ( 'NONE', #11380, 1000.000000000000000 ) ;
#2049 = ORIENTED_EDGE ( 'NONE', *, *, #2315, .T. ) ;
#2050 = EDGE_CURVE ( 'NONE', #8951, #7330, #1328, .T. ) ;
#2051 = CARTESIAN_POINT ( 'NONE',  ( 14.30000000000000071, 0.0000000000000000000, -6.099999999999999645 ) ) ;
#2052 = CARTESIAN_POINT ( 'NONE',  ( 9.604166603088000187, 2.399999999999999911, -0.4330000000000000515 ) ) ;
#2053 = CARTESIAN_POINT ( 'NONE',  ( 15.40000000000081748, 0.009999999999999998473, -0.9000000000000200062 ) ) ;
#2054 = ORIENTED_EDGE ( 'NONE', *, *, #98, .T. ) ;
#2055 = LINE ( 'NONE', #4730, #8641 ) ;
#2056 = VERTEX_POINT ( 'NONE', #5968 ) ;
#2057 = STYLED_ITEM ( 'NONE', ( #3633 ), #11623 ) ;
#2058 = DIRECTION ( 'NONE',  ( 1.000000000000000000, 0.0000000000000000000, 0.0000000000000000000 ) ) ;
#2059 = DIRECTION ( 'NONE',  ( 0.0000000000000000000, 0.0000000000000000000, 1.000000000000000000 ) ) ;
#2060 = EDGE_CURVE ( 'NONE', #11277, #137, #5905, .T. ) ;
#2061 = FILL_AREA_STYLE_COLOUR ( '', #9507 ) ;
#2062 = ORIENTED_EDGE ( 'NONE', *, *, #4142, .F. ) ;
#2063 = DIRECTION ( 'NONE',  ( -0.6506286119004004442, 0.0000000000000000000, 0.7593960820129098677 ) ) ;
#2064 = UNCERTAINTY_MEASURE_WITH_UNIT (LENGTH_MEASURE( 1.000000000000000082E-05 ), #3437, 'distance_accuracy_value', 'NONE');
#2065 = EDGE_CURVE ( 'NONE', #3992, #7299, #7808, .T. ) ;
#2066 = EDGE_CURVE ( 'NONE', #5698, #678, #7867, .T. ) ;
#2067 = CARTESIAN_POINT ( 'NONE',  ( 2.100000000000000089, 0.8200000000000300382, -0.2500000000000002220 ) ) ;
#2068 = AXIS2_PLACEMENT_3D ( 'NONE', #316, #9368, #1393 ) ;
#2069 = DIRECTION ( 'NONE',  ( -1.000000000000000000, 0.0000000000000000000, 0.0000000000000000000 ) ) ;
#2070 = DIRECTION ( 'NONE',  ( 0.0000000000000000000, 0.0000000000000000000, 1.000000000000000000 ) ) ;
#2071 = DIRECTION ( 'NONE',  ( 0.8981387596049721367, -0.0000000000000000000, 0.4397121427652893044 ) ) ;
#2072 = EDGE_CURVE ( 'NONE', #7618, #1861, #7671, .T. ) ;
#2073 = AXIS2_PLACEMENT_3D ( 'NONE', #5960, #10667, #10480 ) ;
#2074 =( LENGTH_UNIT ( ) NAMED_UNIT ( * ) SI_UNIT ( .MILLI., .METRE. ) );
#2075 = CARTESIAN_POINT ( 'NONE',  ( 2.800000000000000266, 0.009999999999999989800, -12.19999999999999751 ) ) ;
#2076 = LINE ( 'NONE', #3094, #515 ) ;
#2077 = ORIENTED_EDGE ( 'NONE', *, *, #5279, .T. ) ;
#2078 = STYLED_ITEM ( 'NONE', ( #11016 ), #9334 ) ;
#2079 = ORIENTED_EDGE ( 'NONE', *, *, #3920, .T. ) ;
#2080 = ADVANCED_FACE ( 'NONE', ( #6912 ), #8767, .F. ) ;
#2081 = DIRECTION ( 'NONE',  ( -0.0000000000000000000, -1.000000000000000000, -0.0000000000000000000 ) ) ;
#2082 = DIRECTION ( 'NONE',  ( -0.0000000000000000000, -1.000000000000000000, -0.0000000000000000000 ) ) ;
#2083 = DIRECTION ( 'NONE',  ( 0.8906051112024655492, 0.0000000000000000000, -0.4547774575548397813 ) ) ;
#2084 = CARTESIAN_POINT ( 'NONE',  ( 0.4599999999999999645, 2.399999999999999911, -0.4330000000000000515 ) ) ;
#2085 = AXIS2_PLACEMENT_3D ( 'NONE', #8985, #3697, #1006 ) ;
#2086 = EDGE_CURVE ( 'NONE', #3533, #11649, #6972, .T. ) ;
#2087 = LINE ( 'NONE', #704, #10092 ) ;
#2088 = SURFACE_STYLE_USAGE ( .BOTH. , #4821 ) ;
#2089 = DIRECTION ( 'NONE',  ( 0.9689177459682193350, 0.0000000000000000000, 0.2473831068360674568 ) ) ;
#2090 = VECTOR ( 'NONE', #11343, 1000.000000000000000 ) ;
#2091 = ORIENTED_EDGE ( 'NONE', *, *, #9930, .F. ) ;
#2092 = CARTESIAN_POINT ( 'NONE',  ( 1.700000000000000178, 0.009999999999999998473, -11.29999999999833982 ) ) ;
#2093 = ORIENTED_EDGE ( 'NONE', *, *, #315, .T. ) ;
#2094 = CARTESIAN_POINT ( 'NONE',  ( 0.5739310375670511055, 2.348075480010912042, -0.7042695763748173521 ) ) ;
#2095 = LINE ( 'NONE', #4773, #9870 ) ;
#2096 = CYLINDRICAL_SURFACE ( 'NONE', #8018, 0.2500000000000002220 ) ;
#2097 = COLOUR_RGB ( '',0.9803921568627450567, 0.6274509803921568540, 0.0000000000000000000 ) ;
#2098 = VERTEX_POINT ( 'NONE', #6085 ) ;
#2099 = SURFACE_STYLE_FILL_AREA ( #308 ) ;
#2100 = FACE_OUTER_BOUND ( 'NONE', #2542, .T. ) ;
#2101 = VERTEX_POINT ( 'NONE', #4363 ) ;
#2102 = CARTESIAN_POINT ( 'NONE',  ( 13.50000000000000000, 0.009999999999999998473, -0.4500000000000149436 ) ) ;
#2103 = CARTESIAN_POINT ( 'NONE',  ( 7.599999999999998757, 0.009999999999999998473, -0.9000000000000001332 ) ) ;
#2104 = VECTOR ( 'NONE', #424, 1000.000000000000000 ) ;
#2105 = CARTESIAN_POINT ( 'NONE',  ( 5.040780862987999988, 2.389799999999999702, -6.531144710260001318 ) ) ;
#2106 = VERTEX_POINT ( 'NONE', #8051 ) ;
#2107 = ORIENTED_EDGE ( 'NONE', *, *, #11254, .T. ) ;
#2108 = VECTOR ( 'NONE', #9530, 1000.000000000000000 ) ;
#2109 = CIRCLE ( 'NONE', #7413, 0.2500000000000011102 ) ;
#2110 = EDGE_LOOP ( 'NONE', ( #2839, #8269, #2960 ) ) ;
#2111 = VECTOR ( 'NONE', #6513, 1000.000000000000227 ) ;
#2112 = LINE ( 'NONE', #4080, #8328 ) ;
#2113 = DIRECTION ( 'NONE',  ( -0.0000000000000000000, -0.0000000000000000000, 1.000000000000000000 ) ) ;
#2114 = STYLED_ITEM ( 'NONE', ( #9584 ), #8474 ) ;
#2115 = CARTESIAN_POINT ( 'NONE',  ( 3.600000000000000533, 0.004999999999999999237, -12.20000000000249507 ) ) ;
#2116 = LINE ( 'NONE', #5803, #7820 ) ;
#2117 = VERTEX_POINT ( 'NONE', #10732 ) ;
#2118 = PLANE ( 'NONE',  #8464 ) ;
#2119 = AXIS2_PLACEMENT_3D ( 'NONE', #8088, #6354, #5180 ) ;
#2120 = ORIENTED_EDGE ( 'NONE', *, *, #8984, .T. ) ;
#2121 = PRESENTATION_LAYER_ASSIGNMENT (  '', '', ( #1544 ) ) ;
#2122 = PRESENTATION_STYLE_ASSIGNMENT (( #6693 ) ) ;
#2123 = CARTESIAN_POINT ( 'NONE',  ( 4.700000000000000178, 0.009999999999999998473, -0.4500000000000149436 ) ) ;
#2124 = EDGE_CURVE ( 'NONE', #7154, #7442, #6143, .T. ) ;
#2125 = CARTESIAN_POINT ( 'NONE',  ( 0.4599999999999999645, 2.399999999999999911, -8.000000000000000000 ) ) ;
#2126 = VERTEX_POINT ( 'NONE', #7035 ) ;
#2127 = SURFACE_STYLE_USAGE ( .BOTH. , #6636 ) ;
#2128 = AXIS2_PLACEMENT_3D ( 'NONE', #3499, #11747, #1696 ) ;
#2129 = DIRECTION ( 'NONE',  ( -1.000000000000000000, -0.0000000000000000000, -0.0000000000000000000 ) ) ;
#2130 = DIRECTION ( 'NONE',  ( 0.0000000000000000000, -1.000000000000000000, 2.168404344970999747E-16 ) ) ;
#2131 = DIRECTION ( 'NONE',  ( -0.0000000000000000000, -1.000000000000000000, -0.0000000000000000000 ) ) ;
#2132 = CARTESIAN_POINT ( 'NONE',  ( 12.05416676997957559, 2.389999999999999680, -7.702127653359900350 ) ) ;
#2133 = FACE_OUTER_BOUND ( 'NONE', #117, .T. ) ;
#2134 = EDGE_CURVE ( 'NONE', #7114, #2209, #5023, .T. ) ;
#2135 = EDGE_CURVE ( 'NONE', #6547, #2909, #9893, .T. ) ;
#2136 = LINE ( 'NONE', #5760, #56 ) ;
#2137 = AXIS2_PLACEMENT_3D ( 'NONE', #453, #9631, #3270 ) ;
#2138 = LINE ( 'NONE', #3990, #10645 ) ;
#2139 = DIRECTION ( 'NONE',  ( 0.0000000000000000000, 1.000000000000000000, 0.0000000000000000000 ) ) ;
#2140 = VERTEX_POINT ( 'NONE', #5 ) ;
#2141 = LINE ( 'NONE', #291, #1079 ) ;
#2142 = VECTOR ( 'NONE', #3974, 1000.000000000000000 ) ;
#2143 = EDGE_CURVE ( 'NONE', #8137, #9899, #6314, .T. ) ;
#2144 = CARTESIAN_POINT ( 'NONE',  ( 14.30000000000247873, 0.0000000000000000000, -11.30000000000000071 ) ) ;
#2145 = EDGE_CURVE ( 'NONE', #2722, #11466, #7931, .T. ) ;
#2146 = CARTESIAN_POINT ( 'NONE',  ( 5.258333492279000154, 2.399999999999999911, -7.285106384754500120 ) ) ;
#2147 = CARTESIAN_POINT ( 'NONE',  ( 0.6037179404092566370, 2.315954671971543810, -11.75138982046974334 ) ) ;
#2148 = LINE ( 'NONE', #244, #1515 ) ;
#2149 = ORIENTED_EDGE ( 'NONE', *, *, #10647, .T. ) ;
#2150 = VERTEX_POINT ( 'NONE', #9054 ) ;
#2151 = CARTESIAN_POINT ( 'NONE',  ( 9.292257654306002479, 2.389799999999999702, -7.656335245799999356 ) ) ;
#2152 = EDGE_LOOP ( 'NONE', ( #10791, #9135, #4302, #2713, #6460, #8602, #2593, #8175, #11224, #4846, #327, #4225, #2403, #9247, #5020, #2343, #4352, #3562, #7944, #10211, #8005, #1769, #5030, #8395, #3493, #11579 ) ) ;
#2153 =( NAMED_UNIT ( * ) PLANE_ANGLE_UNIT ( ) SI_UNIT ( $, .RADIAN. ) );
#2154 = EDGE_CURVE ( 'NONE', #8892, #781, #7094, .T. ) ;
#2155 = FACE_OUTER_BOUND ( 'NONE', #1885, .T. ) ;
#2156 = VECTOR ( 'NONE', #6505, 1000.000000000000000 ) ;
#2157 = VERTEX_POINT ( 'NONE', #8825 ) ;
#2158 = CARTESIAN_POINT ( 'NONE',  ( 2.799999999999999822, 0.0000000000000000000, -6.099999999999999645 ) ) ;
#2159 = CARTESIAN_POINT ( 'NONE',  ( 5.000000000000232703, 0.009999999999999998473, -0.9000000000000001332 ) ) ;
#2160 = ORIENTED_EDGE ( 'NONE', *, *, #1028, .T. ) ;
#2161 = PLANE ( 'NONE',  #4807 ) ;
#2162 = DIRECTION ( 'NONE',  ( 0.0000000000000000000, -2.168404344971006896E-16, -1.000000000000000000 ) ) ;
#2163 = CARTESIAN_POINT ( 'NONE',  ( 6.512500047683999149, 2.389999999999999680, -6.927659535407999947 ) ) ;
#2164 = ORIENTED_EDGE ( 'NONE', *, *, #6565, .F. ) ;
#2165 = ORIENTED_EDGE ( 'NONE', *, *, #2439, .F. ) ;
#2166 = VERTEX_POINT ( 'NONE', #3487 ) ;
#2167 = DIRECTION ( 'NONE',  ( 0.6506286119004004442, 0.0000000000000000000, -0.7593960820129098677 ) ) ;
#2168 = DIRECTION ( 'NONE',  ( -0.6379971350542962272, 0.0000000000000000000, 0.7700387364688284775 ) ) ;
#2169 = ADVANCED_FACE ( 'NONE', ( #2586 ), #6255, .F. ) ;
#2170 = CARTESIAN_POINT ( 'NONE',  ( 6.483333492279000687, 2.399999999999999911, -6.808510613441499437 ) ) ;
#2171 = CARTESIAN_POINT ( 'NONE',  ( 3.599999999999652811, 0.0000000000000000000, -11.30000000000000071 ) ) ;
#2172 = ORIENTED_EDGE ( 'NONE', *, *, #4734, .F. ) ;
#2173 = CIRCLE ( 'NONE', #5792, 0.2500000000000019429 ) ;
#2174 = SURFACE_SIDE_STYLE ('',( #9378 ) ) ;
#2175 = VECTOR ( 'NONE', #9542, 1000.000000000000000 ) ;
#2176 = EDGE_LOOP ( 'NONE', ( #7545, #3166, #5648, #2829 ) ) ;
#2177 =( GEOMETRIC_REPRESENTATION_CONTEXT ( 3 ) GLOBAL_UNCERTAINTY_ASSIGNED_CONTEXT ( ( #5405 ) ) GLOBAL_UNIT_ASSIGNED_CONTEXT ( ( #11684, #125, #64 ) ) REPRESENTATION_CONTEXT ( 'NONE', 'WORKASPACE' ) );
#2178 = LINE ( 'NONE', #2123, #2142 ) ;
#2179 = CARTESIAN_POINT ( 'NONE',  ( 6.220833158492999893, 2.389999999999999680, -7.702127653359999826 ) ) ;
#2180 = ORIENTED_EDGE ( 'NONE', *, *, #6943, .T. ) ;
#2181 = CARTESIAN_POINT ( 'NONE',  ( 5.799999999999999822, 0.0000000000000000000, -6.099999999999999645 ) ) ;
#2182 = UNCERTAINTY_MEASURE_WITH_UNIT (LENGTH_MEASURE( 1.000000000000000082E-05 ), #2709, 'distance_accuracy_value', 'NONE');
#2183 =( GEOMETRIC_REPRESENTATION_CONTEXT ( 3 ) GLOBAL_UNCERTAINTY_ASSIGNED_CONTEXT ( ( #3634 ) ) GLOBAL_UNIT_ASSIGNED_CONTEXT ( ( #138, #11093, #6613 ) ) REPRESENTATION_CONTEXT ( 'NONE', 'WORKASPACE' ) );
#2184 = AXIS2_PLACEMENT_3D ( 'NONE', #5238, #5114, #4230 ) ;
#2185 = CARTESIAN_POINT ( 'NONE',  ( 5.170833158492884607, 2.389999999999999680, -7.761702135205518438 ) ) ;
#2186 = SURFACE_SIDE_STYLE ('',( #10325 ) ) ;
#2187 = FILL_AREA_STYLE_COLOUR ( '', #674 ) ;
#2188 = VERTEX_POINT ( 'NONE', #1573 ) ;
#2189 = DIRECTION ( 'NONE',  ( -0.0000000000000000000, -1.000000000000000000, -0.0000000000000000000 ) ) ;
#2190 = DIRECTION ( 'NONE',  ( -0.9689177459676557858, -0.0000000000000000000, 0.2473831068382746912 ) ) ;
#2191 = COLOUR_RGB ( '',0.9803921568627450567, 0.6274509803921568540, 0.0000000000000000000 ) ;
#2192 =( LENGTH_UNIT ( ) NAMED_UNIT ( * ) SI_UNIT ( .MILLI., .METRE. ) );
#2193 = LINE ( 'NONE', #9452, #11014 ) ;
#2194 = CARTESIAN_POINT ( 'NONE',  ( 0.7500000000000000000, 2.149999999999998579, -11.50000000000000178 ) ) ;
#2195 = EDGE_LOOP ( 'NONE', ( #5901, #9525, #5958, #7115 ) ) ;
#2196 = DIRECTION ( 'NONE',  ( 0.2473833542810854602, -0.0000000000000000000, 0.9689176827907719503 ) ) ;
#2197 = VECTOR ( 'NONE', #5452, 1000.000000000000000 ) ;
#2198 = EDGE_CURVE ( 'NONE', #9233, #3578, #5427, .T. ) ;
#2199 = VECTOR ( 'NONE', #6253, 1000.000000000000000 ) ;
#2200 = CARTESIAN_POINT ( 'NONE',  ( 11.44999999999999929, 0.8200000000000149392, 0.0000000000000000000 ) ) ;
#2201 = VECTOR ( 'NONE', #3233, 1000.000000000000000 ) ;
#2202 = CARTESIAN_POINT ( 'NONE',  ( 3.654166936874420291, 2.399999999999999911, -7.046808540821357880 ) ) ;
#2203 = FACE_OUTER_BOUND ( 'NONE', #5261, .T. ) ;
#2204 = DIRECTION ( 'NONE',  ( 1.000000000000000000, 0.0000000000000000000, 0.0000000000000000000 ) ) ;
#2205 = FACE_OUTER_BOUND ( 'NONE', #3004, .T. ) ;
#2206 = LINE ( 'NONE', #6722, #2466 ) ;
#2207 = ORIENTED_EDGE ( 'NONE', *, *, #10591, .T. ) ;
#2208 = ADVANCED_FACE ( 'NONE', ( #2644 ), #8104, .F. ) ;
#2209 = VERTEX_POINT ( 'NONE', #10785 ) ;
#2210 = LINE ( 'NONE', #3167, #3197 ) ;
#2211 = ORIENTED_EDGE ( 'NONE', *, *, #3326, .T. ) ;
#2212 = DIRECTION ( 'NONE',  ( 0.0000000000000000000, 0.0000000000000000000, 1.000000000000000000 ) ) ;
#2213 = CARTESIAN_POINT ( 'NONE',  ( 13.49999999999835154, 0.009999999999999998473, -0.9000000000000001332 ) ) ;
#2214 = EDGE_CURVE ( 'NONE', #1916, #4468, #7203, .T. ) ;
#2215 = EDGE_CURVE ( 'NONE', #8807, #9779, #10838, .T. ) ;
#2216 = CARTESIAN_POINT ( 'NONE',  ( 5.229166936874052318, 2.399999999999999911, -7.165957462787903687 ) ) ;
#2217 = VERTEX_POINT ( 'NONE', #2708 ) ;
#2218 = DIRECTION ( 'NONE',  ( 0.0000000000000000000, 0.0000000000000000000, 1.000000000000000000 ) ) ;
#2219 = ORIENTED_EDGE ( 'NONE', *, *, #8910, .T. ) ;
#2220 = DIRECTION ( 'NONE',  ( 1.000000000000000000, 0.0000000000000000000, 0.0000000000000000000 ) ) ;
#2221 = DIRECTION ( 'NONE',  ( -0.0000000000000000000, -1.000000000000000000, -0.0000000000000000000 ) ) ;
#2222 = CARTESIAN_POINT ( 'NONE',  ( 15.40000000000000036, 0.009999999999999998473, -0.4500000000000149436 ) ) ;
#2223 = SURFACE_STYLE_FILL_AREA ( #5971 ) ;
#2224 = VERTEX_POINT ( 'NONE', #1750 ) ;
#2225 = EDGE_CURVE ( 'NONE', #8206, #3815, #7148, .T. ) ;
#2226 = EDGE_LOOP ( 'NONE', ( #7621, #385, #10189, #10406, #7504, #4690, #9004, #11518 ) ) ;
#2227 = ORIENTED_EDGE ( 'NONE', *, *, #3910, .T. ) ;
#2228 = FILL_AREA_STYLE_COLOUR ( '', #11374 ) ;
#2229 =( GEOMETRIC_REPRESENTATION_CONTEXT ( 3 ) GLOBAL_UNCERTAINTY_ASSIGNED_CONTEXT ( ( #7772 ) ) GLOBAL_UNIT_ASSIGNED_CONTEXT ( ( #7046, #492, #671 ) ) REPRESENTATION_CONTEXT ( 'NONE', 'WORKASPACE' ) );
#2230 = ADVANCED_FACE ( 'NONE', ( #5371 ), #4526, .T. ) ;
#2231 = DIRECTION ( 'NONE',  ( 1.000000000000000000, 0.0000000000000000000, 0.0000000000000000000 ) ) ;
#2232 = CARTESIAN_POINT ( 'NONE',  ( 8.000000000000000000, 0.0000000000000000000, -11.30000000000000071 ) ) ;
#2233 = ORIENTED_EDGE ( 'NONE', *, *, #1848, .F. ) ;
#2234 = DIRECTION ( 'NONE',  ( -0.0000000000000000000, -1.000000000000000000, -0.0000000000000000000 ) ) ;
#2235 = VERTEX_POINT ( 'NONE', #4643 ) ;
#2236 = CARTESIAN_POINT ( 'NONE',  ( 16.00000000000000000, -0.02448876244737000288, 0.2439999999999999947 ) ) ;
#2237 = FILL_AREA_STYLE_COLOUR ( '', #1381 ) ;
#2238 = VECTOR ( 'NONE', #7175, 1000.000000000000000 ) ;
#2239 = CARTESIAN_POINT ( 'NONE',  ( 0.7500000000002293721, 2.149999999999998579, -11.75000000000000000 ) ) ;
#2240 = EDGE_CURVE ( 'NONE', #2268, #6668, #1912, .T. ) ;
#2241 = CARTESIAN_POINT ( 'NONE',  ( 8.000000000000000000, 0.009999999999999995004, 0.0000000000000000000 ) ) ;
#2242 = ORIENTED_EDGE ( 'NONE', *, *, #691, .F. ) ;
#2243 = CARTESIAN_POINT ( 'NONE',  ( 12.40000000000000213, -1.058791184067875424E-19, -12.20000000000123386 ) ) ;
#2244 = DIRECTION ( 'NONE',  ( -0.0000000000000000000, -1.000000000000000000, -0.0000000000000000000 ) ) ;
#2245 = VECTOR ( 'NONE', #8580, 1000.000000000000000 ) ;
#2246 = CARTESIAN_POINT ( 'NONE',  ( 5.400000000000000355, 0.8200000000000300382, 0.0000000000000000000 ) ) ;
#2247 = AXIS2_PLACEMENT_3D ( 'NONE', #996, #7352, #437 ) ;
#2248 = LINE ( 'NONE', #11119, #9036 ) ;
#2249 = CARTESIAN_POINT ( 'NONE',  ( 8.029166603088000898, 2.394999999999999574, -6.808510613441423942 ) ) ;
#2250 = CARTESIAN_POINT ( 'NONE',  ( 11.76250004768274238, 2.394999999999999574, -7.642553192377209648 ) ) ;
#2251 = EDGE_CURVE ( 'NONE', #1804, #801, #11074, .T. ) ;
#2252 = FILL_AREA_STYLE_COLOUR ( '', #4282 ) ;
#2253 = VECTOR ( 'NONE', #6951, 1000.000000000000227 ) ;
#2254 = LINE ( 'NONE', #10282, #10795 ) ;
#2255 = ORIENTED_EDGE ( 'NONE', *, *, #5144, .F. ) ;
#2256 = CARTESIAN_POINT ( 'NONE',  ( 8.320833492279049892, 2.394999999999999574, -7.225531923770543763 ) ) ;
#2257 = AXIS2_PLACEMENT_3D ( 'NONE', #7833, #1066, #1467 ) ;
#2258 =( NAMED_UNIT ( * ) PLANE_ANGLE_UNIT ( ) SI_UNIT ( $, .RADIAN. ) );
#2259 = VERTEX_POINT ( 'NONE', #4585 ) ;
#2260 = PLANE ( 'NONE',  #11333 ) ;
#2261 = DIRECTION ( 'NONE',  ( -0.0000000000000000000, -1.000000000000000000, -0.0000000000000000000 ) ) ;
#2262 = CARTESIAN_POINT ( 'NONE',  ( 6.570833158493155857, 2.394999999999999574, -7.761702135205281294 ) ) ;
#2263 = EDGE_CURVE ( 'NONE', #4431, #3673, #9285, .T. ) ;
#2264 = AXIS2_PLACEMENT_3D ( 'NONE', #8533, #374, #4016 ) ;
#2265 = DIRECTION ( 'NONE',  ( 0.0000000000000000000, 0.0000000000000000000, -1.000000000000000000 ) ) ;
#2266 = LINE ( 'NONE', #5891, #6448 ) ;
#2267 = ORIENTED_EDGE ( 'NONE', *, *, #496, .F. ) ;
#2268 = VERTEX_POINT ( 'NONE', #186 ) ;
#2269 = DIRECTION ( 'NONE',  ( -0.0000000000000000000, 1.000000000000000000, -0.0000000000000000000 ) ) ;
#2270 = CIRCLE ( 'NONE', #1317, 0.2500000000000002220 ) ;
#2271 = ORIENTED_EDGE ( 'NONE', *, *, #6265, .T. ) ;
#2272 =( NAMED_UNIT ( * ) SI_UNIT ( $, .STERADIAN. ) SOLID_ANGLE_UNIT ( ) );
#2273 = DIRECTION ( 'NONE',  ( 0.0000000000000000000, 0.0000000000000000000, 1.000000000000000000 ) ) ;
#2274 = VECTOR ( 'NONE', #1125, 1000.000000000000000 ) ;
#2275 = LINE ( 'NONE', #7862, #6878 ) ;
#2276 = EDGE_CURVE ( 'NONE', #4257, #9226, #6541, .T. ) ;
#2277 = ORIENTED_EDGE ( 'NONE', *, *, #3467, .T. ) ;
#2278 = LINE ( 'NONE', #10303, #7130 ) ;
#2279 = PRESENTATION_STYLE_ASSIGNMENT (( #3294 ) ) ;
#2280 = ORIENTED_EDGE ( 'NONE', *, *, #7073, .T. ) ;
#2281 = CARTESIAN_POINT ( 'NONE',  ( 3.899999999999999467, 0.009999999999999998473, -11.29999999999833982 ) ) ;
#2282 = CARTESIAN_POINT ( 'NONE',  ( 13.30833338275500033, 2.389999999999999680, -7.731914894282500228 ) ) ;
#2283 = ADVANCED_FACE ( 'NONE', ( #10232 ), #5478, .F. ) ;
#2284 = CARTESIAN_POINT ( 'NONE',  ( 12.80000000000000071, 0.8200000000000300382, -12.19999999999999929 ) ) ;
#2285 = ADVANCED_FACE ( 'NONE', ( #7496 ), #1857, .F. ) ;
#2286 = ORIENTED_EDGE ( 'NONE', *, *, #8245, .F. ) ;
#2287 = VERTEX_POINT ( 'NONE', #2987 ) ;
#2288 = STYLED_ITEM ( 'NONE', ( #9982 ), #9993 ) ;
#2289 = ORIENTED_EDGE ( 'NONE', *, *, #3295, .F. ) ;
#2290 = DIRECTION ( 'NONE',  ( 1.000000000000000000, 0.0000000000000000000, 0.0000000000000000000 ) ) ;
#2291 = VECTOR ( 'NONE', #1400, 1000.000000000000000 ) ;
#2292 = CARTESIAN_POINT ( 'NONE',  ( 1.500000000000000000, 2.389999999999999236, -1.399999999999999911 ) ) ;
#2293 = LINE ( 'NONE', #9671, #3949 ) ;
#2294 = CARTESIAN_POINT ( 'NONE',  ( 5.987500047683731452, 2.399999999999999911, -7.761702135205170272 ) ) ;
#2295 = ADVANCED_FACE ( 'NONE', ( #4700 ), #4819, .T. ) ;
#2296 = VERTEX_POINT ( 'NONE', #3941 ) ;
#2297 = CARTESIAN_POINT ( 'NONE',  ( 2.799999999999999822, 0.0000000000000000000, -6.099999999999999645 ) ) ;
#2298 = STYLED_ITEM ( 'NONE', ( #4943 ), #10454 ) ;
#2299 = VERTEX_POINT ( 'NONE', #7553 ) ;
#2300 = FACE_OUTER_BOUND ( 'NONE', #10204, .T. ) ;
#2301 = CARTESIAN_POINT ( 'NONE',  ( 15.25000000000000000, 0.8200000000000420286, -0.6500000000000001332 ) ) ;
#2302 = EDGE_CURVE ( 'NONE', #3151, #1073, #9102, .T. ) ;
#2303 = LINE ( 'NONE', #3321, #11189 ) ;
#2304 = MECHANICAL_DESIGN_GEOMETRIC_PRESENTATION_REPRESENTATION (  '', ( #10661 ), #9328 ) ;
#2305 = CARTESIAN_POINT ( 'NONE',  ( 2.837500047683032101, 2.394999999999999574, -8.000000000000577316 ) ) ;
#2306 = ORIENTED_EDGE ( 'NONE', *, *, #9735, .F. ) ;
#2307 = LINE ( 'NONE', #5039, #7417 ) ;
#2308 = UNCERTAINTY_MEASURE_WITH_UNIT (LENGTH_MEASURE( 1.000000000000000082E-05 ), #8780, 'distance_accuracy_value', 'NONE');
#2309 = VECTOR ( 'NONE', #7730, 1000.000000000000000 ) ;
#2310 = COLOUR_RGB ( '',0.0000000000000000000, 0.5803921568627450345, 0.0000000000000000000 ) ;
#2311 = FACE_OUTER_BOUND ( 'NONE', #1754, .T. ) ;
#2312 = VECTOR ( 'NONE', #7789, 1000.000000000000000 ) ;
#2313 = CARTESIAN_POINT ( 'NONE',  ( 5.293322752895000427, 2.389799999999999702, -6.665575233347998285 ) ) ;
#2314 = VECTOR ( 'NONE', #865, 1000.000000000000000 ) ;
#2315 = EDGE_CURVE ( 'NONE', #4538, #545, #1251, .T. ) ;
#2316 = ADVANCED_FACE ( 'NONE', ( #6718 ), #9641, .F. ) ;
#2317 = CARTESIAN_POINT ( 'NONE',  ( 8.335934785824001381, 2.389799999999999702, -7.840554833126999412 ) ) ;
#2318 = VECTOR ( 'NONE', #919, 1000.000000000000227 ) ;
#2319 = DIRECTION ( 'NONE',  ( 0.0000000000000000000, 1.000000000000000000, 0.0000000000000000000 ) ) ;
#2320 = DIRECTION ( 'NONE',  ( 0.0000000000000000000, 1.000000000000000000, 0.0000000000000000000 ) ) ;
#2321 = PLANE ( 'NONE',  #7221 ) ;
#2322 = AXIS2_PLACEMENT_3D ( 'NONE', #3435, #3606, #6381 ) ;
#2323 = ORIENTED_EDGE ( 'NONE', *, *, #4351, .T. ) ;
#2324 = LINE ( 'NONE', #10707, #3940 ) ;
#2325 = DIRECTION ( 'NONE',  ( 1.000000000000000000, 0.0000000000000000000, 0.0000000000000000000 ) ) ;
#2326 = EDGE_CURVE ( 'NONE', #11476, #6983, #5772, .T. ) ;
#2327 = VECTOR ( 'NONE', #2461, 1000.000000000000000 ) ;
#2328 = VERTEX_POINT ( 'NONE', #9460 ) ;
#2329 =( LENGTH_UNIT ( ) NAMED_UNIT ( * ) SI_UNIT ( .MILLI., .METRE. ) );
#2330 = PLANE ( 'NONE',  #7416 ) ;
#2331 = CARTESIAN_POINT ( 'NONE',  ( 0.7500000000000000000, 1.485000000000000098, -0.3999999999999999667 ) ) ;
#2332 = FACE_OUTER_BOUND ( 'NONE', #8335, .T. ) ;
#2333 = ORIENTED_EDGE ( 'NONE', *, *, #9304, .F. ) ;
#2334 = ORIENTED_EDGE ( 'NONE', *, *, #6936, .T. ) ;
#2335 = CARTESIAN_POINT ( 'NONE',  ( 13.73300004768000093, 2.389999999999999680, -8.056000000000000938 ) ) ;
#2336 = VERTEX_POINT ( 'NONE', #9403 ) ;
#2337 = CARTESIAN_POINT ( 'NONE',  ( 11.64583332538856375, 2.389999999999999680, -8.000000000000000000 ) ) ;
#2338 = AXIS2_PLACEMENT_3D ( 'NONE', #7111, #2606, #681 ) ;
#2339 = DIRECTION ( 'NONE',  ( -0.6379967007135803891, 0.0000000000000000000, 0.7700390963312097048 ) ) ;
#2341 = VERTEX_POINT ( 'NONE', #415 ) ;
#2340 = VECTOR ( 'NONE', #10042, 1000.000000000000000 ) ;
#2342 = LINE ( 'NONE', #3054, #11709 ) ;
#2343 = ORIENTED_EDGE ( 'NONE', *, *, #4740, .T. ) ;
#2344 = VECTOR ( 'NONE', #1391, 1000.000000000000000 ) ;
#2345 = LINE ( 'NONE', #1268, #7874 ) ;
#2346 = CARTESIAN_POINT ( 'NONE',  ( 5.287500047684083881, 2.399999999999999911, -7.880851067602834270 ) ) ;
#2347 = CARTESIAN_POINT ( 'NONE',  ( 9.312500047683958115, 2.399999999999999911, -6.153191542625168431 ) ) ;
#2348 = LINE ( 'NONE', #1453, #3620 ) ;
#2349 = ORIENTED_EDGE ( 'NONE', *, *, #11025, .F. ) ;
#2350 = ORIENTED_EDGE ( 'NONE', *, *, #7533, .T. ) ;
#2351 = ORIENTED_EDGE ( 'NONE', *, *, #7399, .T. ) ;
#2352 = ORIENTED_EDGE ( 'NONE', *, *, #11384, .F. ) ;
#2353 = VECTOR ( 'NONE', #11031, 1000.000000000000000 ) ;
#2354 = CARTESIAN_POINT ( 'NONE',  ( 8.962500047683999327, 2.399999999999999911, -7.702127653359999826 ) ) ;
#2355 = ADVANCED_FACE ( 'NONE', ( #2203 ), #5888, .F. ) ;
#2356 = CARTESIAN_POINT ( 'NONE',  ( 15.49998889677723746, 2.147643840391711301, -0.6500000000000052403 ) ) ;
#2357 = ADVANCED_FACE ( 'NONE', ( #3041 ), #8629, .F. ) ;
#2358 = CARTESIAN_POINT ( 'NONE',  ( 8.495833492279007970, 2.389999999999999680, -6.153191542625214616 ) ) ;
#2359 = ORIENTED_EDGE ( 'NONE', *, *, #4022, .F. ) ;
#2360 = SURFACE_SIDE_STYLE ('',( #3131 ) ) ;
#2361 = VERTEX_POINT ( 'NONE', #3218 ) ;
#2362 = VECTOR ( 'NONE', #8650, 1000.000000000000000 ) ;
#2363 = DIRECTION ( 'NONE',  ( -1.000000000000000000, -0.0000000000000000000, -0.0000000000000000000 ) ) ;
#2364 = VECTOR ( 'NONE', #4509, 1000.000000000000000 ) ;
#2365 = DIRECTION ( 'NONE',  ( -0.0000000000000000000, -1.000000000000000000, -0.0000000000000000000 ) ) ;
#2366 = ORIENTED_EDGE ( 'NONE', *, *, #2611, .F. ) ;
#2367 = EDGE_CURVE ( 'NONE', #11565, #3574, #355, .T. ) ;
#2368 = FACE_OUTER_BOUND ( 'NONE', #4422, .T. ) ;
#2369 = EDGE_CURVE ( 'NONE', #1980, #2393, #5828, .T. ) ;
#2370 = PLANE ( 'NONE',  #892 ) ;
#2371 = ADVANCED_FACE ( 'NONE', ( #7729 ), #7670, .T. ) ;
#2372 = DIRECTION ( 'NONE',  ( -0.2377704967216991983, 0.0000000000000000000, -0.9713213633441388772 ) ) ;
#2373 = DIRECTION ( 'NONE',  ( 0.0000000000000000000, 0.0000000000000000000, 1.000000000000000000 ) ) ;
#2374 = CARTESIAN_POINT ( 'NONE',  ( 7.270833158493000603, 2.389799999999999702, -8.056000000000000938 ) ) ;
#2375 = LINE ( 'NONE', #7658, #1567 ) ;
#2376 = COLOUR_RGB ( '',0.9803921568627450567, 0.6274509803921568540, 0.0000000000000000000 ) ;
#2377 = LINE ( 'NONE', #5104, #3243 ) ;
#2378 = MECHANICAL_DESIGN_GEOMETRIC_PRESENTATION_REPRESENTATION (  '', ( #10929 ), #5607 ) ;
#2379 = EDGE_CURVE ( 'NONE', #5731, #4189, #1040, .T. ) ;
#2380 = CARTESIAN_POINT ( 'NONE',  ( 6.100000000000346034, 0.004999999999999999237, -0.9000000000000000222 ) ) ;
#2381 = ORIENTED_EDGE ( 'NONE', *, *, #3535, .T. ) ;
#2382 = DIRECTION ( 'NONE',  ( -0.0000000000000000000, -1.000000000000000000, -0.0000000000000000000 ) ) ;
#2383 = CARTESIAN_POINT ( 'NONE',  ( 11.95000000000000284, 0.8200000000000149392, -12.19999999999999929 ) ) ;
#2384 = VECTOR ( 'NONE', #1151, 1000.000000000000000 ) ;
#2385 = VECTOR ( 'NONE', #3375, 1000.000000000000000 ) ;
#2386 = VERTEX_POINT ( 'NONE', #6010 ) ;
#2387 = FACE_OUTER_BOUND ( 'NONE', #11634, .T. ) ;
#2388 =( LENGTH_UNIT ( ) NAMED_UNIT ( * ) SI_UNIT ( .MILLI., .METRE. ) );
#2389 = FACE_OUTER_BOUND ( 'NONE', #2585, .T. ) ;
#2390 = DIRECTION ( 'NONE',  ( -0.0000000000000000000, -1.000000000000000000, -0.0000000000000000000 ) ) ;
#2391 = DIRECTION ( 'NONE',  ( 0.2377717803398113616, 0.0000000000000000000, 0.9713210491253838619 ) ) ;
#2392 = ORIENTED_EDGE ( 'NONE', *, *, #5130, .T. ) ;
#2393 = VERTEX_POINT ( 'NONE', #1487 ) ;
#2394 = ADVANCED_FACE ( 'NONE', ( #5116 ), #8746, .T. ) ;
#2395 = DIRECTION ( 'NONE',  ( -0.0000000000000000000, -1.000000000000000000, 0.0000000000000000000 ) ) ;
#2396 = AXIS2_PLACEMENT_3D ( 'NONE', #9629, #6054, #9694 ) ;
#2397 = ORIENTED_EDGE ( 'NONE', *, *, #4963, .T. ) ;
#2398 = DIRECTION ( 'NONE',  ( -0.6506283051936555539, 0.0000000000000000000, -0.7593963447902758457 ) ) ;
#2399 = VECTOR ( 'NONE', #3871, 1000.000000000000114 ) ;
#2400 = VECTOR ( 'NONE', #10942, 1000.000000000000000 ) ;
#2401 = DIRECTION ( 'NONE',  ( 0.0000000000000000000, 0.0000000000000000000, -1.000000000000000000 ) ) ;
#2402 = CARTESIAN_POINT ( 'NONE',  ( 9.312500047684027393, 2.399999999999999911, -7.940425533801049873 ) ) ;
#2403 = ORIENTED_EDGE ( 'NONE', *, *, #991, .T. ) ;
#2404 = SURFACE_STYLE_USAGE ( .BOTH. , #6910 ) ;
#2405 =( GEOMETRIC_REPRESENTATION_CONTEXT ( 3 ) GLOBAL_UNCERTAINTY_ASSIGNED_CONTEXT ( ( #6462 ) ) GLOBAL_UNIT_ASSIGNED_CONTEXT ( ( #2026, #3996, #2928 ) ) REPRESENTATION_CONTEXT ( 'NONE', 'WORKASPACE' ) );
#2406 = ORIENTED_EDGE ( 'NONE', *, *, #5860, .T. ) ;
#2407 =( LENGTH_UNIT ( ) NAMED_UNIT ( * ) SI_UNIT ( .MILLI., .METRE. ) );
#2408 = PLANE ( 'NONE',  #4395 ) ;
#2409 = CARTESIAN_POINT ( 'NONE',  ( 9.079166603088175691, 2.399999999999999911, -7.702127653360037129 ) ) ;
#2410 = ORIENTED_EDGE ( 'NONE', *, *, #11110, .T. ) ;
#2411 = ORIENTED_EDGE ( 'NONE', *, *, #2653, .T. ) ;
#2412 = ORIENTED_EDGE ( 'NONE', *, *, #6622, .T. ) ;
#2413 = EDGE_LOOP ( 'NONE', ( #9169, #3124, #6618, #1845, #5470, #10834, #11394, #5082 ) ) ;
#2414 = LINE ( 'NONE', #10685, #9473 ) ;
#2415 = DIRECTION ( 'NONE',  ( 0.0000000000000000000, 0.0000000000000000000, -1.000000000000000000 ) ) ;
#2416 = LINE ( 'NONE', #6924, #9072 ) ;
#2417 = LINE ( 'NONE', #9738, #8968 ) ;
#2418 = VERTEX_POINT ( 'NONE', #10771 ) ;
#2419 = DIRECTION ( 'NONE',  ( 0.0000000000000000000, 1.000000000000000000, 0.0000000000000000000 ) ) ;
#2420 = ORIENTED_EDGE ( 'NONE', *, *, #7726, .T. ) ;
#2421 = FACE_OUTER_BOUND ( 'NONE', #4662, .T. ) ;
#2422 = CARTESIAN_POINT ( 'NONE',  ( 3.900000000000347633, 0.004999999999999999237, -0.9000000000000000222 ) ) ;
#2423 = LINE ( 'NONE', #11532, #10321 ) ;
#2424 =( GEOMETRIC_REPRESENTATION_CONTEXT ( 3 ) GLOBAL_UNCERTAINTY_ASSIGNED_CONTEXT ( ( #628 ) ) GLOBAL_UNIT_ASSIGNED_CONTEXT ( ( #4226, #4165, #3398 ) ) REPRESENTATION_CONTEXT ( 'NONE', 'WORKASPACE' ) );
#2425 = DIRECTION ( 'NONE',  ( -0.0000000000000000000, -1.000000000000000000, -0.0000000000000000000 ) ) ;
#2426 = EDGE_CURVE ( 'NONE', #4175, #123, #9038, .T. ) ;
#2427 = CARTESIAN_POINT ( 'NONE',  ( 6.099999999999999645, 0.01020000000000000073, 0.02448876244737000288 ) ) ;
#2428 = ORIENTED_EDGE ( 'NONE', *, *, #7925, .F. ) ;
#2429 = UNCERTAINTY_MEASURE_WITH_UNIT (LENGTH_MEASURE( 1.000000000000000082E-05 ), #10174, 'distance_accuracy_value', 'NONE');
#2430 = LINE ( 'NONE', #8851, #11768 ) ;
#2431 = DIRECTION ( 'NONE',  ( 0.7145117189351802844, -0.0000000000000000000, 0.6996234726653288716 ) ) ;
#2432 = FACE_OUTER_BOUND ( 'NONE', #2714, .T. ) ;
#2433 = DIRECTION ( 'NONE',  ( -0.0000000000000000000, -1.000000000000000000, -0.0000000000000000000 ) ) ;
#2434 = VECTOR ( 'NONE', #7064, 1000.000000000000000 ) ;
#2435 = FILL_AREA_STYLE ('',( #3268 ) ) ;
#2436 = EDGE_CURVE ( 'NONE', #8487, #333, #4407, .T. ) ;
#2437 = FACE_OUTER_BOUND ( 'NONE', #9842, .T. ) ;
#2438 = EDGE_CURVE ( 'NONE', #1014, #4482, #8031, .T. ) ;
#2439 = EDGE_CURVE ( 'NONE', #3239, #2217, #2448, .T. ) ;
#2440 = UNCERTAINTY_MEASURE_WITH_UNIT (LENGTH_MEASURE( 1.000000000000000082E-05 ), #510, 'distance_accuracy_value', 'NONE');
#2441 = ORIENTED_EDGE ( 'NONE', *, *, #3664, .F. ) ;
#2442 = AXIS2_PLACEMENT_3D ( 'NONE', #2335, #530, #3285 ) ;
#2443 = CARTESIAN_POINT ( 'NONE',  ( 11.02448876245000164, 0.01000000000000000021, -11.27551123755000262 ) ) ;
#2444 = DIRECTION ( 'NONE',  ( 0.9689176611434414665, 0.0000000000000000000, 0.2473834390664076399 ) ) ;
#2445 = ORIENTED_EDGE ( 'NONE', *, *, #9781, .F. ) ;
#2446 = SURFACE_STYLE_USAGE ( .BOTH. , #6956 ) ;
#2447 = VECTOR ( 'NONE', #288, 1000.000000000000000 ) ;
#2448 = LINE ( 'NONE', #10595, #11289 ) ;
#2449 = AXIS2_PLACEMENT_3D ( 'NONE', #1909, #238, #122 ) ;
#2450 = CARTESIAN_POINT ( 'NONE',  ( 15.00000000000000178, 0.009999999999999998473, -0.9000000000000001332 ) ) ;
#2451 = ADVANCED_FACE ( 'NONE', ( #822 ), #6069, .F. ) ;
#2452 = DIRECTION ( 'NONE',  ( 0.3102789952966041320, -0.0000000000000000000, 0.9506455412390729665 ) ) ;
#2453 = ORIENTED_EDGE ( 'NONE', *, *, #6355, .F. ) ;
#2454 = EDGE_LOOP ( 'NONE', ( #10531, #11440, #4653, #1531 ) ) ;
#2455 = SURFACE_STYLE_USAGE ( .BOTH. , #7023 ) ;
#2456 = ORIENTED_EDGE ( 'NONE', *, *, #3626, .F. ) ;
#2457 =( GEOMETRIC_REPRESENTATION_CONTEXT ( 3 ) GLOBAL_UNCERTAINTY_ASSIGNED_CONTEXT ( ( #5040 ) ) GLOBAL_UNIT_ASSIGNED_CONTEXT ( ( #10383, #1347, #560 ) ) REPRESENTATION_CONTEXT ( 'NONE', 'WORKASPACE' ) );
#2458 = LINE ( 'NONE', #711, #5176 ) ;
#2459 = LINE ( 'NONE', #3415, #7007 ) ;
#2460 = VECTOR ( 'NONE', #4300, 1000.000000000000114 ) ;
#2461 = DIRECTION ( 'NONE',  ( -0.6996255164478367705, 0.0000000000000000000, 0.7145097177331444227 ) ) ;
#2462 = ADVANCED_FACE ( 'NONE', ( #8809 ), #9765, .F. ) ;
#2463 = ORIENTED_EDGE ( 'NONE', *, *, #4036, .T. ) ;
#2464 = FACE_OUTER_BOUND ( 'NONE', #9785, .T. ) ;
#2465 = LINE ( 'NONE', #1627, #11527 ) ;
#2466 = VECTOR ( 'NONE', #3220, 1000.000000000000000 ) ;
#2467 = ORIENTED_EDGE ( 'NONE', *, *, #10686, .T. ) ;
#2468 = DIRECTION ( 'NONE',  ( -0.0000000000000000000, -1.000000000000000000, -0.0000000000000000000 ) ) ;
#2469 = PLANE ( 'NONE',  #968 ) ;
#2470 = PLANE ( 'NONE',  #4066 ) ;
#2471 = EDGE_LOOP ( 'NONE', ( #8899, #6430, #9408, #7735 ) ) ;
#2472 = VERTEX_POINT ( 'NONE', #1730 ) ;
#2473 = VECTOR ( 'NONE', #1088, 1000.000000000000000 ) ;
#2474 = ORIENTED_EDGE ( 'NONE', *, *, #3511, .T. ) ;
#2475 = FILL_AREA_STYLE ('',( #9843 ) ) ;
#2476 = AXIS2_PLACEMENT_3D ( 'NONE', #8577, #3999, #469 ) ;
#2477 = SURFACE_STYLE_USAGE ( .BOTH. , #6036 ) ;
#2478 = CARTESIAN_POINT ( 'NONE',  ( 9.545833492278667620, 2.394999999999999574, -7.761702135205648112 ) ) ;
#2479 = VERTEX_POINT ( 'NONE', #5354 ) ;
#2480 = DIRECTION ( 'NONE',  ( 1.000000000000000000, -0.0000000000000000000, 0.0000000000000000000 ) ) ;
#2481 = EDGE_CURVE ( 'NONE', #4311, #1740, #4461, .T. ) ;
#2482 = ORIENTED_EDGE ( 'NONE', *, *, #4474, .T. ) ;
#2483 = LINE ( 'NONE', #9617, #3332 ) ;
#2484 = FACE_OUTER_BOUND ( 'NONE', #1970, .T. ) ;
#2485 = DIRECTION ( 'NONE',  ( -0.4397141723545548442, 0.0000000000000000000, -0.8981377659527233215 ) ) ;
#2486 = PLANE ( 'NONE',  #2831 ) ;
#2487 = FACE_OUTER_BOUND ( 'NONE', #3240, .T. ) ;
#2488 = AXIS2_PLACEMENT_3D ( 'NONE', #7259, #6482, #945 ) ;
#2489 = EDGE_LOOP ( 'NONE', ( #4358, #5080, #359, #6089, #9769, #8111 ) ) ;
#2490 = PLANE ( 'NONE',  #5312 ) ;
#2491 = AXIS2_PLACEMENT_3D ( 'NONE', #5662, #71, #6493 ) ;
#2492 = LINE ( 'NONE', #1535, #134 ) ;
#2493 = LINE ( 'NONE', #6112, #3266 ) ;
#2494 = EDGE_CURVE ( 'NONE', #3967, #769, #703, .T. ) ;
#2495 = MECHANICAL_DESIGN_GEOMETRIC_PRESENTATION_REPRESENTATION (  '', ( #10089 ), #4008 ) ;
#2496 = PLANE ( 'NONE',  #4654 ) ;
#2497 = LINE ( 'NONE', #1540, #2853 ) ;
#2498 = DIRECTION ( 'NONE',  ( 0.0000000000000000000, 0.0000000000000000000, 1.000000000000000000 ) ) ;
#2499 = ORIENTED_EDGE ( 'NONE', *, *, #4233, .F. ) ;
#2500 = VECTOR ( 'NONE', #10291, 1000.000000000000000 ) ;
#2501 = CARTESIAN_POINT ( 'NONE',  ( 13.05000000000000071, 0.009999999999987104274, 2.792598419361491987E-30 ) ) ;
#2502 = DIRECTION ( 'NONE',  ( -1.000000000000000000, 0.0000000000000000000, 0.0000000000000000000 ) ) ;
#2503 = EDGE_CURVE ( 'NONE', #10021, #11499, #9821, .T. ) ;
#2504 = AXIS2_PLACEMENT_3D ( 'NONE', #5463, #8982, #9877 ) ;
#2505 = AXIS2_PLACEMENT_3D ( 'NONE', #6937, #4485, #6048 ) ;
#2506 = VERTEX_POINT ( 'NONE', #11719 ) ;
#2507 = FACE_OUTER_BOUND ( 'NONE', #2793, .T. ) ;
#2508 = DIRECTION ( 'NONE',  ( -0.0000000000000000000, -0.0000000000000000000, -1.000000000000000000 ) ) ;
#2509 = CIRCLE ( 'NONE', #9538, 0.2499999999999997780 ) ;
#2510 =( NAMED_UNIT ( * ) SI_UNIT ( $, .STERADIAN. ) SOLID_ANGLE_UNIT ( ) );
#2511 = DIRECTION ( 'NONE',  ( -0.0000000000000000000, -0.0000000000000000000, 1.000000000000000000 ) ) ;
#2512 = CARTESIAN_POINT ( 'NONE',  ( 5.987500047684000570, 2.389999999999999680, -7.761702135205000630 ) ) ;
#2513 = ORIENTED_EDGE ( 'NONE', *, *, #5050, .T. ) ;
#2514 = ORIENTED_EDGE ( 'NONE', *, *, #11536, .T. ) ;
#2515 = LINE ( 'NONE', #1494, #7363 ) ;
#2516 = ORIENTED_EDGE ( 'NONE', *, *, #9565, .F. ) ;
#2517 = DIRECTION ( 'NONE',  ( -0.0000000000000000000, -1.000000000000000000, -0.0000000000000000000 ) ) ;
#2518 = ADVANCED_FACE ( 'NONE', ( #3579 ), #7189, .F. ) ;
#2519 = CARTESIAN_POINT ( 'NONE',  ( 6.804166936874000093, 2.394999999999999574, -7.165957462787631016 ) ) ;
#2520 = VECTOR ( 'NONE', #9651, 1000.000000000000000 ) ;
#2521 =( NAMED_UNIT ( * ) PLANE_ANGLE_UNIT ( ) SI_UNIT ( $, .RADIAN. ) );
#2522 = EDGE_CURVE ( 'NONE', #8275, #7859, #876, .T. ) ;
#2523 = EDGE_LOOP ( 'NONE', ( #10538, #6800, #642, #5054, #8706, #10577, #11204, #7589, #1104, #2467, #1157, #881, #4373, #6030, #6128, #9704, #1384, #207, #6684, #31, #7140, #8194, #6749, #8579, #10893, #8963 ) ) ;
#2524 = DIRECTION ( 'NONE',  ( -1.000000000000000000, 0.0000000000000000000, 0.0000000000000000000 ) ) ;
#2525 = LINE ( 'NONE', #3360, #5430 ) ;
#2526 = ORIENTED_EDGE ( 'NONE', *, *, #4394, .T. ) ;
#2527 = SURFACE_STYLE_FILL_AREA ( #3423 ) ;
#2528 = CARTESIAN_POINT ( 'NONE',  ( 3.899999999999999911, 2.715799387134100462E-17, -4.235164736271501695E-19 ) ) ;
#2529 = LINE ( 'NONE', #9784, #6254 ) ;
#2530 = VECTOR ( 'NONE', #5861, 1000.000000000000000 ) ;
#2531 = ORIENTED_EDGE ( 'NONE', *, *, #8972, .T. ) ;
#2532 = EDGE_LOOP ( 'NONE', ( #10095, #8401, #3048, #8429 ) ) ;
#2533 = ORIENTED_EDGE ( 'NONE', *, *, #10789, .F. ) ;
#2534 = EDGE_CURVE ( 'NONE', #3844, #75, #3345, .T. ) ;
#2535 = CARTESIAN_POINT ( 'NONE',  ( 6.900000000000000355, 0.009999999999999998473, -0.9000000000000200062 ) ) ;
#2536 = ADVANCED_FACE ( 'NONE', ( #2851 ), #1065, .F. ) ;
#2537 = VECTOR ( 'NONE', #10991, 1000.000000000000000 ) ;
#2538 = DIRECTION ( 'NONE',  ( -1.000000000000000000, 0.0000000000000000000, 0.0000000000000000000 ) ) ;
#2539 = VECTOR ( 'NONE', #8417, 1000.000000000000000 ) ;
#2540 = ORIENTED_EDGE ( 'NONE', *, *, #5992, .T. ) ;
#2541 = CARTESIAN_POINT ( 'NONE',  ( 9.545833492278308796, 2.399999999999999911, -7.761702135206378195 ) ) ;
#2542 = EDGE_LOOP ( 'NONE', ( #8200, #11615, #4796 ) ) ;
#2543 = DIRECTION ( 'NONE',  ( -0.2377704967184871843, 0.0000000000000000000, -0.9713213633449251372 ) ) ;
#2544 = LINE ( 'NONE', #5271, #5751 ) ;
#2545 = LINE ( 'NONE', #4322, #1967 ) ;
#2546 = LINE ( 'NONE', #4380, #8341 ) ;
#2547 = VERTEX_POINT ( 'NONE', #9994 ) ;
#2548 = DIRECTION ( 'NONE',  ( -1.000000000000000000, -0.0000000000000000000, -0.0000000000000000000 ) ) ;
#2549 = AXIS2_PLACEMENT_3D ( 'NONE', #7600, #3988, #10692 ) ;
#2550 = ORIENTED_EDGE ( 'NONE', *, *, #11025, .T. ) ;
#2551 = EDGE_CURVE ( 'NONE', #4815, #11144, #8319, .T. ) ;
#2552 = UNCERTAINTY_MEASURE_WITH_UNIT (LENGTH_MEASURE( 1.000000000000000082E-05 ), #9003, 'distance_accuracy_value', 'NONE');
#2553 = CARTESIAN_POINT ( 'NONE',  ( 8.000000000000000000, 0.009999999999999995004, -12.19999999999999929 ) ) ;
#2554 = LINE ( 'NONE', #5097, #9257 ) ;
#2555 = CARTESIAN_POINT ( 'NONE',  ( 12.05416676998000192, 2.389999999999999680, -7.702127653359999826 ) ) ;
#2556 = DIRECTION ( 'NONE',  ( 1.000000000000000000, 0.0000000000000000000, -0.0000000000000000000 ) ) ;
#2557 = VECTOR ( 'NONE', #11568, 1000.000000000000000 ) ;
#2558 = LINE ( 'NONE', #5227, #7904 ) ;
#2559 = VECTOR ( 'NONE', #3404, 1000.000000000000227 ) ;
#2560 = DIRECTION ( 'NONE',  ( -1.000000000000000000, -0.0000000000000000000, -0.0000000000000000000 ) ) ;
#2561 = FILL_AREA_STYLE ('',( #8675 ) ) ;
#2562 =( NAMED_UNIT ( * ) PLANE_ANGLE_UNIT ( ) SI_UNIT ( $, .RADIAN. ) );
#2563 = UNCERTAINTY_MEASURE_WITH_UNIT (LENGTH_MEASURE( 1.000000000000000082E-05 ), #9723, 'distance_accuracy_value', 'NONE');
#2564 = PRESENTATION_STYLE_ASSIGNMENT (( #5943 ) ) ;
#2565 = DIRECTION ( 'NONE',  ( -0.9689177459678657289, -0.0000000000000000000, -0.2473831068374525433 ) ) ;
#2566 = LINE ( 'NONE', #10594, #7328 ) ;
#2567 = MECHANICAL_DESIGN_GEOMETRIC_PRESENTATION_REPRESENTATION (  '', ( #4640 ), #9593 ) ;
#2568 = PRESENTATION_STYLE_ASSIGNMENT (( #5295 ) ) ;
#2569 = CARTESIAN_POINT ( 'NONE',  ( 7.246344396046000114, 2.389799999999999702, -5.200000000000001066 ) ) ;
#2570 = DIRECTION ( 'NONE',  ( -0.0000000000000000000, 1.000000000000000000, -0.0000000000000000000 ) ) ;
#2571 = CARTESIAN_POINT ( 'NONE',  ( 8.000000000000000000, 0.009999999999999995004, -12.19999999999999929 ) ) ;
#2572 = ORIENTED_EDGE ( 'NONE', *, *, #6941, .F. ) ;
#2573 = ORIENTED_EDGE ( 'NONE', *, *, #6866, .F. ) ;
#2574 = CARTESIAN_POINT ( 'NONE',  ( 13.04583336710829222, 2.399999999999999911, -7.940425533802393687 ) ) ;
#2575 = VERTEX_POINT ( 'NONE', #9150 ) ;
#2576 = ADVANCED_FACE ( 'NONE', ( #4745 ), #7483, .T. ) ;
#2577 = FACE_OUTER_BOUND ( 'NONE', #850, .T. ) ;
#2578 = SURFACE_STYLE_USAGE ( .BOTH. , #5304 ) ;
#2579 = STYLED_ITEM ( 'NONE', ( #9240 ), #1982 ) ;
#2580 = VECTOR ( 'NONE', #2070, 1000.000000000000000 ) ;
#2581 = CARTESIAN_POINT ( 'NONE',  ( 13.51832277304999863, 2.389799999999999702, -7.261319931562001173 ) ) ;
#2582 = ORIENTED_EDGE ( 'NONE', *, *, #8603, .T. ) ;
#2583 = DIRECTION ( 'NONE',  ( -0.0000000000000000000, -1.000000000000000000, -0.0000000000000000000 ) ) ;
#2584 = CARTESIAN_POINT ( 'NONE',  ( 15.00000000000000000, 0.8200000000000300382, 1.215596970137852562E-45 ) ) ;
#2585 = EDGE_LOOP ( 'NONE', ( #2951, #11115, #10963, #6848 ) ) ;
#2586 = FACE_OUTER_BOUND ( 'NONE', #4137, .T. ) ;
#2587 = EDGE_CURVE ( 'NONE', #11733, #10951, #5462, .T. ) ;
#2588 = LINE ( 'NONE', #11567, #10895 ) ;
#2589 =( NAMED_UNIT ( * ) SI_UNIT ( $, .STERADIAN. ) SOLID_ANGLE_UNIT ( ) );
#2590 = AXIS2_PLACEMENT_3D ( 'NONE', #4010, #7629, #11331 ) ;
#2591 = LINE ( 'NONE', #11633, #10636 ) ;
#2592 = VECTOR ( 'NONE', #7331, 1000.000000000000000 ) ;
#2593 = ORIENTED_EDGE ( 'NONE', *, *, #7660, .T. ) ;
#2594 = ORIENTED_EDGE ( 'NONE', *, *, #6419, .F. ) ;
#2595 = EDGE_LOOP ( 'NONE', ( #8607, #436, #1989, #10135 ) ) ;
#2596 = ADVANCED_FACE ( 'NONE', ( #935 ), #3758, .F. ) ;
#2597 = ADVANCED_FACE ( 'NONE', ( #8380 ), #6406, .T. ) ;
#2598 = CARTESIAN_POINT ( 'NONE',  ( 8.000000047682000570, 2.389999999999999680, -6.391489386558999897 ) ) ;
#2599 = MECHANICAL_DESIGN_GEOMETRIC_PRESENTATION_REPRESENTATION (  '', ( #7710 ), #2405 ) ;
#2600 = AXIS2_PLACEMENT_3D ( 'NONE', #10673, #933, #6404 ) ;
#2601 = ORIENTED_EDGE ( 'NONE', *, *, #7296, .F. ) ;
#2602 = CARTESIAN_POINT ( 'NONE',  ( 8.612500047684001458, 2.389999999999999680, -7.642553192376999149 ) ) ;
#2603 = ORIENTED_EDGE ( 'NONE', *, *, #11327, .F. ) ;
#2604 = LINE ( 'NONE', #8900, #655 ) ;
#2605 = ADVANCED_FACE ( 'NONE', ( #1298 ), #1240, .F. ) ;
#2606 = DIRECTION ( 'NONE',  ( 0.0000000000000000000, 0.0000000000000000000, -1.000000000000000000 ) ) ;
#2607 = LINE ( 'NONE', #3615, #6900 ) ;
#2608 = LINE ( 'NONE', #6273, #11389 ) ;
#2609 = ORIENTED_EDGE ( 'NONE', *, *, #713, .T. ) ;
#2610 = EDGE_LOOP ( 'NONE', ( #4635, #7663, #7425, #6130 ) ) ;
#2611 = EDGE_CURVE ( 'NONE', #6202, #4413, #4867, .T. ) ;
#2612 = SURFACE_SIDE_STYLE ('',( #5551 ) ) ;
#2613 = ORIENTED_EDGE ( 'NONE', *, *, #873, .F. ) ;
#2614 = CARTESIAN_POINT ( 'NONE',  ( 8.729166603088252430, 2.394999999999999574, -6.093617081641697020 ) ) ;
#2615 = LINE ( 'NONE', #10642, #11735 ) ;
#2616 = FACE_OUTER_BOUND ( 'NONE', #11183, .T. ) ;
#2617 = AXIS2_PLACEMENT_3D ( 'NONE', #410, #9343, #11130 ) ;
#2618 = DIRECTION ( 'NONE',  ( -0.2473834593980199226, 0.0000000000000000000, -0.9689176559523869914 ) ) ;
#2619 = EDGE_CURVE ( 'NONE', #7696, #10046, #11470, .T. ) ;
#2620 = DIRECTION ( 'NONE',  ( 0.0000000000000000000, 0.0000000000000000000, -1.000000000000000000 ) ) ;
#2621 = CARTESIAN_POINT ( 'NONE',  ( 1.400000000000000133, 1.058791184067875424E-19, -1.490354470693941447E-14 ) ) ;
#2622 = CARTESIAN_POINT ( 'NONE',  ( 9.614934607777000153, 2.389799999999999702, -7.620558884904000685 ) ) ;
#2624 = PLANE ( 'NONE',  #10510 ) ;
#2623 = VECTOR ( 'NONE', #11218, 1000.000000000000000 ) ;
#2625 = VECTOR ( 'NONE', #4082, 1000.000000000000000 ) ;
#2626 = SURFACE_STYLE_USAGE ( .BOTH. , #5408 ) ;
#2627 = ORIENTED_EDGE ( 'NONE', *, *, #7578, .F. ) ;
#2628 = EDGE_CURVE ( 'NONE', #10721, #7052, #9680, .T. ) ;
#2629 = CARTESIAN_POINT ( 'NONE',  ( 6.900000000000001243, 0.009999999999999998473, -11.75000000000000178 ) ) ;
#2630 = CARTESIAN_POINT ( 'NONE',  ( 11.30000000000000071, -1.058791184067875424E-19, -12.20000000000123386 ) ) ;
#2631 = VECTOR ( 'NONE', #8636, 1000.000000000000000 ) ;
#2632 = PLANE ( 'NONE',  #1894 ) ;
#2633 = ORIENTED_EDGE ( 'NONE', *, *, #7656, .F. ) ;
#2634 = ORIENTED_EDGE ( 'NONE', *, *, #8435, .T. ) ;
#2635 = FILL_AREA_STYLE_COLOUR ( '', #3396 ) ;
#2636 = VERTEX_POINT ( 'NONE', #10331 ) ;
#2637 = ORIENTED_EDGE ( 'NONE', *, *, #3841, .F. ) ;
#2638 = CARTESIAN_POINT ( 'NONE',  ( 3.600000000000000533, 0.01020000000000000073, -12.22448876245000093 ) ) ;
#2639 = DIRECTION ( 'NONE',  ( -1.000000000000000000, 0.0000000000000000000, 0.0000000000000000000 ) ) ;
#2640 = VECTOR ( 'NONE', #8138, 1000.000000000000000 ) ;
#2641 = ORIENTED_EDGE ( 'NONE', *, *, #8334, .T. ) ;
#2642 = DIRECTION ( 'NONE',  ( 1.000000000000000000, 0.0000000000000000000, 0.0000000000000000000 ) ) ;
#2643 = EDGE_CURVE ( 'NONE', #7914, #2209, #11584, .T. ) ;
#2644 = FACE_OUTER_BOUND ( 'NONE', #7942, .T. ) ;
#2645 = CARTESIAN_POINT ( 'NONE',  ( 10.19999999999834728, 0.009999999999999998473, -0.9000000000000001332 ) ) ;
#2646 = SURFACE_STYLE_FILL_AREA ( #7038 ) ;
#2647 = LINE ( 'NONE', #10679, #552 ) ;
#2648 = ORIENTED_EDGE ( 'NONE', *, *, #1344, .F. ) ;
#2649 = ORIENTED_EDGE ( 'NONE', *, *, #6265, .F. ) ;
#2650 = ORIENTED_EDGE ( 'NONE', *, *, #5473, .T. ) ;
#2651 = AXIS2_PLACEMENT_3D ( 'NONE', #3021, #1172, #5635 ) ;
#2652 = CARTESIAN_POINT ( 'NONE',  ( 8.000000000000000000, 0.0000000000000000000, -0.9000000000000002442 ) ) ;
#2653 = EDGE_CURVE ( 'NONE', #701, #1014, #682, .T. ) ;
#2654 = CIRCLE ( 'NONE', #9288, 0.2500000000000019429 ) ;
#2655 = DIRECTION ( 'NONE',  ( 0.0000000000000000000, 0.0000000000000000000, -1.000000000000000000 ) ) ;
#2656 = ORIENTED_EDGE ( 'NONE', *, *, #3035, .F. ) ;
#2657 =( NAMED_UNIT ( * ) SI_UNIT ( $, .STERADIAN. ) SOLID_ANGLE_UNIT ( ) );
#2658 = EDGE_CURVE ( 'NONE', #7330, #3992, #5820, .T. ) ;
#2659 = ORIENTED_EDGE ( 'NONE', *, *, #1947, .T. ) ;
#2660 = EDGE_CURVE ( 'NONE', #7856, #2666, #7889, .T. ) ;
#2661 = SURFACE_SIDE_STYLE ('',( #1821 ) ) ;
#2662 = CARTESIAN_POINT ( 'NONE',  ( 9.079166603088097531, 2.394999999999999574, -7.702127653360151704 ) ) ;
#2663 = LINE ( 'NONE', #5441, #7471 ) ;
#2664 =( LENGTH_UNIT ( ) NAMED_UNIT ( * ) SI_UNIT ( .MILLI., .METRE. ) );
#2665 = VERTEX_POINT ( 'NONE', #4926 ) ;
#2666 = VERTEX_POINT ( 'NONE', #7054 ) ;
#2667 = STYLED_ITEM ( 'NONE', ( #1753 ), #9270 ) ;
#2668 = ORIENTED_EDGE ( 'NONE', *, *, #9203, .F. ) ;
#2669 = UNCERTAINTY_MEASURE_WITH_UNIT (LENGTH_MEASURE( 1.000000000000000082E-05 ), #1881, 'distance_accuracy_value', 'NONE');
#2670 = EDGE_CURVE ( 'NONE', #11640, #11156, #8845, .T. ) ;
#2671 = CARTESIAN_POINT ( 'NONE',  ( 14.75000000000000178, 0.4100000000000150191, -12.19999999999999929 ) ) ;
#2672 = CARTESIAN_POINT ( 'NONE',  ( 3.899999999999999911, -1.058791184067875424E-19, -12.20000000000123386 ) ) ;
#2673 = AXIS2_PLACEMENT_3D ( 'NONE', #2990, #358, #7616 ) ;
#2674 = EDGE_CURVE ( 'NONE', #4112, #11691, #4208, .T. ) ;
#2675 = CARTESIAN_POINT ( 'NONE',  ( 11.17916676998000014, 2.389999999999999680, -6.987234079837763900 ) ) ;
#2676 = PLANE ( 'NONE',  #8022 ) ;
#2677 =( NAMED_UNIT ( * ) PLANE_ANGLE_UNIT ( ) SI_UNIT ( $, .RADIAN. ) );
#2678 = EDGE_LOOP ( 'NONE', ( #4898, #10493, #8929, #10378 ) ) ;
#2679 = SURFACE_SIDE_STYLE ('',( #4505 ) ) ;
#2680 = UNCERTAINTY_MEASURE_WITH_UNIT (LENGTH_MEASURE( 1.000000000000000082E-05 ), #2407, 'distance_accuracy_value', 'NONE');
#2681 = FACE_OUTER_BOUND ( 'NONE', #5200, .T. ) ;
#2682 = EDGE_CURVE ( 'NONE', #10000, #11081, #8788, .T. ) ;
#2683 =( NAMED_UNIT ( * ) PLANE_ANGLE_UNIT ( ) SI_UNIT ( $, .RADIAN. ) );
#2684 = MECHANICAL_DESIGN_GEOMETRIC_PRESENTATION_REPRESENTATION (  '', ( #198 ), #9894 ) ;
#2685 = VERTEX_POINT ( 'NONE', #3320 ) ;
#2686 = AXIS2_PLACEMENT_3D ( 'NONE', #251, #1862, #9111 ) ;
#2687 = CARTESIAN_POINT ( 'NONE',  ( 5.799999999999999822, 0.01020000000000000073, -0.9244887624473999699 ) ) ;
#2688 = LINE ( 'NONE', #10772, #1928 ) ;
#2689 =( GEOMETRIC_REPRESENTATION_CONTEXT ( 3 ) GLOBAL_UNCERTAINTY_ASSIGNED_CONTEXT ( ( #11356 ) ) GLOBAL_UNIT_ASSIGNED_CONTEXT ( ( #298, #7555, #11015 ) ) REPRESENTATION_CONTEXT ( 'NONE', 'WORKASPACE' ) );
#2690 = LINE ( 'NONE', #1673, #11245 ) ;
#2691 = DIRECTION ( 'NONE',  ( 1.000000000000000000, 0.0000000000000000000, 0.0000000000000000000 ) ) ;
#2692 = VECTOR ( 'NONE', #1368, 1000.000000000000000 ) ;
#2693 = VERTEX_POINT ( 'NONE', #7543 ) ;
#2694 = VERTEX_POINT ( 'NONE', #8441 ) ;
#2695 = CARTESIAN_POINT ( 'NONE',  ( 8.320833492279012589, 2.399999999999999467, -7.225531923770808440 ) ) ;
#2696 = ORIENTED_EDGE ( 'NONE', *, *, #6419, .T. ) ;
#2697 = EDGE_LOOP ( 'NONE', ( #61, #556, #11017, #7201, #4789, #6911 ) ) ;
#2698 = LINE ( 'NONE', #5422, #5682 ) ;
#2699 = EDGE_CURVE ( 'NONE', #4871, #11330, #2423, .T. ) ;
#2700 = AXIS2_PLACEMENT_3D ( 'NONE', #1081, #9895, #11738 ) ;
#2701 = MECHANICAL_DESIGN_GEOMETRIC_PRESENTATION_REPRESENTATION (  '', ( #402 ), #6289 ) ;
#2702 = DIRECTION ( 'NONE',  ( 0.0000000000000000000, 0.0000000000000000000, -1.000000000000000000 ) ) ;
#2703 = VECTOR ( 'NONE', #5415, 1000.000000000000000 ) ;
#2704 =( NAMED_UNIT ( * ) PLANE_ANGLE_UNIT ( ) SI_UNIT ( $, .RADIAN. ) );
#2705 = EDGE_LOOP ( 'NONE', ( #6267, #4296, #6620, #11365 ) ) ;
#2706 = PLANE ( 'NONE',  #9421 ) ;
#2707 = VECTOR ( 'NONE', #10759, 1000.000000000000000 ) ;
#2708 = CARTESIAN_POINT ( 'NONE',  ( 9.604166603088046372, 2.399999999999999911, -7.344680845737187269 ) ) ;
#2709 =( LENGTH_UNIT ( ) NAMED_UNIT ( * ) SI_UNIT ( .MILLI., .METRE. ) );
#2710 = CARTESIAN_POINT ( 'NONE',  ( 5.000000000000348166, 0.004999999999999999237, -0.9000000000000000222 ) ) ;
#2711 = SURFACE_STYLE_USAGE ( .BOTH. , #4704 ) ;
#2712 = ORIENTED_EDGE ( 'NONE', *, *, #4314, .F. ) ;
#2713 = ORIENTED_EDGE ( 'NONE', *, *, #11411, .T. ) ;
#2714 = EDGE_LOOP ( 'NONE', ( #290, #4136, #11740, #5332, #429, #8875, #5417, #9941 ) ) ;
#2715 = DIRECTION ( 'NONE',  ( 0.0000000000000000000, 0.0000000000000000000, -1.000000000000000000 ) ) ;
#2716 = FILL_AREA_STYLE_COLOUR ( '', #4581 ) ;
#2717 = ORIENTED_EDGE ( 'NONE', *, *, #11314, .F. ) ;
#2718 = DIRECTION ( 'NONE',  ( 0.0000000000000000000, -1.000000000000000000, 2.168404344971006649E-16 ) ) ;
#2719 = EDGE_LOOP ( 'NONE', ( #10648, #9202, #112, #4003, #5087, #3034, #8110 ) ) ;
#2720 = VECTOR ( 'NONE', #11298, 1000.000000000000000 ) ;
#2721 = CARTESIAN_POINT ( 'NONE',  ( 2.524488762447000489, 0.01020000000000000073, -11.30000000000000071 ) ) ;
#2722 = VERTEX_POINT ( 'NONE', #6043 ) ;
#2723 = ORIENTED_EDGE ( 'NONE', *, *, #5411, .F. ) ;
#2724 = ORIENTED_EDGE ( 'NONE', *, *, #2494, .T. ) ;
#2725 = ORIENTED_EDGE ( 'NONE', *, *, #551, .T. ) ;
#2726 = EDGE_CURVE ( 'NONE', #11398, #10952, #1527, .T. ) ;
#2727 = STYLED_ITEM ( 'NONE', ( #3256 ), #7743 ) ;
#2728 = CARTESIAN_POINT ( 'NONE',  ( 3.200000000000000178, 0.8200000000000300382, -0.2500000000000002220 ) ) ;
#2729 = ORIENTED_EDGE ( 'NONE', *, *, #1342, .F. ) ;
#2730 = LINE ( 'NONE', #7178, #1440 ) ;
#2731 = FACE_OUTER_BOUND ( 'NONE', #3200, .T. ) ;
#2732 = VECTOR ( 'NONE', #7810, 1000.000000000000000 ) ;
#2733 = EDGE_CURVE ( 'NONE', #9037, #5173, #4267, .T. ) ;
#2734 =( NAMED_UNIT ( * ) SI_UNIT ( $, .STERADIAN. ) SOLID_ANGLE_UNIT ( ) );
#2735 = ORIENTED_EDGE ( 'NONE', *, *, #8393, .T. ) ;
#2736 = CARTESIAN_POINT ( 'NONE',  ( 6.745833158492454906, 2.399999999999999911, -6.689361691473652449 ) ) ;
#2737 = EDGE_CURVE ( 'NONE', #8478, #1267, #11180, .T. ) ;
#2738 = EDGE_CURVE ( 'NONE', #5567, #10721, #2545, .T. ) ;
#2739 = DIRECTION ( 'NONE',  ( -1.000000000000000000, 0.0000000000000000000, 0.0000000000000000000 ) ) ;
#2740 = PRESENTATION_LAYER_ASSIGNMENT (  '', '', ( #257 ) ) ;
#2741 = ORIENTED_EDGE ( 'NONE', *, *, #3563, .T. ) ;
#2742 = EDGE_CURVE ( 'NONE', #4824, #8137, #6159, .T. ) ;
#2743 = CARTESIAN_POINT ( 'NONE',  ( 13.04583336711396413, 2.394999999999999574, -7.642553192377369520 ) ) ;
#2744 = CARTESIAN_POINT ( 'NONE',  ( 3.200000000000000178, 0.8200000000000300382, 0.0000000000000000000 ) ) ;
#2745 = VERTEX_POINT ( 'NONE', #10275 ) ;
#2746 = ORIENTED_EDGE ( 'NONE', *, *, #10058, .T. ) ;
#2747 = CARTESIAN_POINT ( 'NONE',  ( 5.287500047683638904, 2.389999999999999680, -6.212766003608858334 ) ) ;
#2748 = ORIENTED_EDGE ( 'NONE', *, *, #8758, .F. ) ;
#2749 = ORIENTED_EDGE ( 'NONE', *, *, #6580, .F. ) ;
#2750 = CARTESIAN_POINT ( 'NONE',  ( 8.000000000000000000, 1.058791184067875424E-19, -1.490354470693941447E-14 ) ) ;
#2751 = FILL_AREA_STYLE ('',( #3651 ) ) ;
#2752 = VECTOR ( 'NONE', #10419, 1000.000000000000000 ) ;
#2753 = ORIENTED_EDGE ( 'NONE', *, *, #999, .F. ) ;
#2754 = CARTESIAN_POINT ( 'NONE',  ( 10.35000000000000142, 0.4100000000000150191, 0.0000000000000000000 ) ) ;
#2755 = CARTESIAN_POINT ( 'NONE',  ( 4.699999999999651124, 0.004999999999999999237, -11.30000000000000071 ) ) ;
#2756 = EDGE_CURVE ( 'NONE', #3447, #8988, #2136, .T. ) ;
#2757 = CARTESIAN_POINT ( 'NONE',  ( 0.5000111032227623209, 2.253340999771341835, -11.49764384039171183 ) ) ;
#2758 = DIRECTION ( 'NONE',  ( -1.000000000000000000, -0.0000000000000000000, -0.0000000000000000000 ) ) ;
#2759 = ORIENTED_EDGE ( 'NONE', *, *, #9451, .T. ) ;
#2760 = VERTEX_POINT ( 'NONE', #6214 ) ;
#2761 = ORIENTED_EDGE ( 'NONE', *, *, #3893, .F. ) ;
#2762 = CARTESIAN_POINT ( 'NONE',  ( 0.5999999999999592326, 0.004999999999999999237, -0.9000000000000000222 ) ) ;
#2763 = VECTOR ( 'NONE', #6660, 1000.000000000000114 ) ;
#2764 = DIRECTION ( 'NONE',  ( -0.0000000000000000000, -1.000000000000000000, -0.0000000000000000000 ) ) ;
#2765 = ORIENTED_EDGE ( 'NONE', *, *, #9639, .T. ) ;
#2766 = CARTESIAN_POINT ( 'NONE',  ( 15.53118399432909413, 2.095572162717912690, -11.55067992359743378 ) ) ;
#2767 = ORIENTED_EDGE ( 'NONE', *, *, #8352, .F. ) ;
#2768 = STYLED_ITEM ( 'NONE', ( #2279 ), #1026 ) ;
#2769 = CARTESIAN_POINT ( 'NONE',  ( 6.512500047684000037, 2.389999999999999680, -6.272340464592001119 ) ) ;
#2770 = CARTESIAN_POINT ( 'NONE',  ( 8.000000047682000570, 2.389999999999999680, -8.000000000000000000 ) ) ;
#2771 = DIRECTION ( 'NONE',  ( 0.0000000000000000000, 0.0000000000000000000, -1.000000000000000000 ) ) ;
#2772 = DIRECTION ( 'NONE',  ( 1.000000000000000000, 0.0000000000000000000, 0.0000000000000000000 ) ) ;
#2773 = ORIENTED_EDGE ( 'NONE', *, *, #10943, .F. ) ;
#2774 = ORIENTED_EDGE ( 'NONE', *, *, #1414, .F. ) ;
#2775 = VERTEX_POINT ( 'NONE', #8957 ) ;
#2776 = VECTOR ( 'NONE', #5101, 1000.000000000000000 ) ;
#2777 = AXIS2_PLACEMENT_3D ( 'NONE', #1748, #1911, #9892 ) ;
#2778 = VECTOR ( 'NONE', #5875, 1000.000000000000114 ) ;
#2779 = CARTESIAN_POINT ( 'NONE',  ( 2.500000000000000000, 0.01020000000000000073, -0.9244887624473999699 ) ) ;
#2780 = CYLINDRICAL_SURFACE ( 'NONE', #2038, 0.2500000000000002220 ) ;
#2781 = CARTESIAN_POINT ( 'NONE',  ( 11.30000000000000249, 0.009999999999999998473, -11.29999999999833982 ) ) ;
#2782 = ORIENTED_EDGE ( 'NONE', *, *, #4540, .F. ) ;
#2783 = ORIENTED_EDGE ( 'NONE', *, *, #4037, .T. ) ;
#2784 = CARTESIAN_POINT ( 'NONE',  ( 14.29999999999999893, 0.01020000000000000073, -12.22448876245000093 ) ) ;
#2785 = FACE_OUTER_BOUND ( 'NONE', #770, .T. ) ;
#2786 = EDGE_CURVE ( 'NONE', #769, #3780, #10710, .T. ) ;
#2787 = ORIENTED_EDGE ( 'NONE', *, *, #8164, .F. ) ;
#2788 = LINE ( 'NONE', #11771, #8323 ) ;
#2789 = CARTESIAN_POINT ( 'NONE',  ( 5.824488762446998535, 0.01000000000000000021, -11.27551123755000262 ) ) ;
#2790 = DIRECTION ( 'NONE',  ( -0.0000000000000000000, -1.000000000000000000, -0.0000000000000000000 ) ) ;
#2791 = EDGE_CURVE ( 'NONE', #716, #545, #974, .T. ) ;
#2792 = CARTESIAN_POINT ( 'NONE',  ( 8.000000000000000000, 0.009999999999999995004, -12.19999999999999929 ) ) ;
#2793 = EDGE_LOOP ( 'NONE', ( #8876, #10146, #7747, #8092, #5525, #11489, #11741, #2013, #3055, #5798, #3865, #9019 ) ) ;
#2794 = EDGE_CURVE ( 'NONE', #10351, #2328, #800, .T. ) ;
#2795 = EDGE_CURVE ( 'NONE', #7223, #10384, #11646, .T. ) ;
#2796 = CARTESIAN_POINT ( 'NONE',  ( 13.22083338796736740, 2.399999999999999911, -7.821276596189988162 ) ) ;
#2797 = DIRECTION ( 'NONE',  ( 0.0000000000000000000, -4.336808689942028583E-16, -1.000000000000000000 ) ) ;
#2798 = VECTOR ( 'NONE', #6005, 1000.000000000000000 ) ;
#2799 = DIRECTION ( 'NONE',  ( -0.7145097483508913161, 0.0000000000000000000, -0.6996254851787103712 ) ) ;
#2800 = ORIENTED_EDGE ( 'NONE', *, *, #6370, .T. ) ;
#2801 = CARTESIAN_POINT ( 'NONE',  ( 5.265690217775999216, 2.389799999999999702, -6.223902915460000074 ) ) ;
#2802 = ORIENTED_EDGE ( 'NONE', *, *, #6797, .T. ) ;
#2803 = ORIENTED_EDGE ( 'NONE', *, *, #7073, .F. ) ;
#2804 = LINE ( 'NONE', #6417, #8148 ) ;
#2805 = DIRECTION ( 'NONE',  ( 0.0000000000000000000, 0.0000000000000000000, 1.000000000000000000 ) ) ;
#2806 = DIRECTION ( 'NONE',  ( 0.0000000000000000000, 0.0000000000000000000, -1.000000000000000000 ) ) ;
#2807 = EDGE_LOOP ( 'NONE', ( #6032, #5301, #11755, #7107 ) ) ;
#2808 = VECTOR ( 'NONE', #11417, 1000.000000000000000 ) ;
#2809 = EDGE_CURVE ( 'NONE', #4272, #10601, #2663, .T. ) ;
#2810 =( NAMED_UNIT ( * ) PLANE_ANGLE_UNIT ( ) SI_UNIT ( $, .RADIAN. ) );
#2811 = SURFACE_STYLE_FILL_AREA ( #4879 ) ;
#2812 = ORIENTED_EDGE ( 'NONE', *, *, #4405, .T. ) ;
#2813 = ORIENTED_EDGE ( 'NONE', *, *, #9576, .F. ) ;
#2814 = ORIENTED_EDGE ( 'NONE', *, *, #2982, .T. ) ;
#2815 = LINE ( 'NONE', #7505, #4204 ) ;
#2816 = SURFACE_SIDE_STYLE ('',( #4709 ) ) ;
#2817 = LINE ( 'NONE', #10911, #10641 ) ;
#2818 = CIRCLE ( 'NONE', #1866, 0.2500000000000002220 ) ;
#2819 = ADVANCED_FACE ( 'NONE', ( #10857 ), #4439, .F. ) ;
#2820 = AXIS2_PLACEMENT_3D ( 'NONE', #5873, #2806, #10955 ) ;
#2821 = DIRECTION ( 'NONE',  ( -1.000000000000000000, -0.0000000000000000000, -0.0000000000000000000 ) ) ;
#2822 = ORIENTED_EDGE ( 'NONE', *, *, #3152, .F. ) ;
#2823 = ORIENTED_EDGE ( 'NONE', *, *, #11693, .T. ) ;
#2824 = CARTESIAN_POINT ( 'NONE',  ( 5.287500047683997728, 2.389999999999999680, -6.689361691475001592 ) ) ;
#2825 = SURFACE_STYLE_FILL_AREA ( #3440 ) ;
#2826 = VECTOR ( 'NONE', #6002, 1000.000000000000000 ) ;
#2827 = DIRECTION ( 'NONE',  ( -0.2473831068374553743, 0.0000000000000000000, -0.9689177459678650628 ) ) ;
#2828 = EDGE_LOOP ( 'NONE', ( #5138, #2735, #10854, #7426 ) ) ;
#2829 = ORIENTED_EDGE ( 'NONE', *, *, #7004, .F. ) ;
#2830 = ORIENTED_EDGE ( 'NONE', *, *, #1486, .T. ) ;
#2831 = AXIS2_PLACEMENT_3D ( 'NONE', #624, #5328, #6104 ) ;
#2832 = LINE ( 'NONE', #7525, #8281 ) ;
#2833 = ADVANCED_FACE ( 'NONE', ( #5497 ), #9123, .F. ) ;
#2834 = DIRECTION ( 'NONE',  ( -1.000000000000000000, 0.0000000000000000000, 0.0000000000000000000 ) ) ;
#2835 = CARTESIAN_POINT ( 'NONE',  ( 9.604166603088000187, 2.389999999999999680, -6.599999999999999645 ) ) ;
#2836 = VECTOR ( 'NONE', #9652, 1000.000000000000000 ) ;
#2837 = ORIENTED_EDGE ( 'NONE', *, *, #7294, .T. ) ;
#2838 = DIRECTION ( 'NONE',  ( 0.0000000000000000000, 0.0000000000000000000, -1.000000000000000000 ) ) ;
#2839 = ORIENTED_EDGE ( 'NONE', *, *, #10139, .T. ) ;
#2840 = CARTESIAN_POINT ( 'NONE',  ( 10.19999999999752127, 0.0000000000000000000, -0.9000000000000000222 ) ) ;
#2841 = VECTOR ( 'NONE', #4274, 1000.000000000000000 ) ;
#2842 = CARTESIAN_POINT ( 'NONE',  ( 5.170833158492483150, 2.399999999999999911, -7.761702135205506004 ) ) ;
#2843 = ORIENTED_EDGE ( 'NONE', *, *, #5514, .F. ) ;
#2844 = LINE ( 'NONE', #10104, #7754 ) ;
#2845 = CARTESIAN_POINT ( 'NONE',  ( 8.612500047683498750, 2.399999999999999911, -6.451063847541999685 ) ) ;
#2846 = EDGE_CURVE ( 'NONE', #3130, #2547, #3504, .T. ) ;
#2847 = AXIS2_PLACEMENT_3D ( 'NONE', #4880, #1137, #1194 ) ;
#2848 = DIRECTION ( 'NONE',  ( -1.000000000000000000, 0.0000000000000000000, 0.0000000000000000000 ) ) ;
#2849 = DIRECTION ( 'NONE',  ( 1.734723475976805517E-15, -2.168404344971006896E-16, -1.000000000000000000 ) ) ;
#2850 = ORIENTED_EDGE ( 'NONE', *, *, #4166, .T. ) ;
#2851 = FACE_OUTER_BOUND ( 'NONE', #8151, .T. ) ;
#2852 = CARTESIAN_POINT ( 'NONE',  ( 14.75000000000000000, 0.009999999999987104274, -12.19999999999999929 ) ) ;
#2853 = VECTOR ( 'NONE', #575, 1000.000000000000114 ) ;
#2854 = PLANE ( 'NONE',  #5694 ) ;
#2855 = DIRECTION ( 'NONE',  ( -1.000000000000000000, 0.0000000000000000000, 0.0000000000000000000 ) ) ;
#2856 = ORIENTED_EDGE ( 'NONE', *, *, #1111, .T. ) ;
#2857 = ORIENTED_EDGE ( 'NONE', *, *, #3035, .T. ) ;
#2858 = VECTOR ( 'NONE', #6536, 1000.000000000000000 ) ;
#2859 = DIRECTION ( 'NONE',  ( 0.8906052436377261960, 0.0000000000000000000, 0.4547771982025776705 ) ) ;
#2860 = ADVANCED_FACE ( 'NONE', ( #4379 ), #9911, .F. ) ;
#2861 = EDGE_CURVE ( 'NONE', #10026, #4194, #4542, .T. ) ;
#2862 = CARTESIAN_POINT ( 'NONE',  ( 11.30000000000000249, 0.009999999999999998473, -0.4500000000000149436 ) ) ;
#2863 = VECTOR ( 'NONE', #447, 1000.000000000000000 ) ;
#2864 = ORIENTED_EDGE ( 'NONE', *, *, #10993, .T. ) ;
#2865 = DIRECTION ( 'NONE',  ( -1.000000000000000000, 0.0000000000000000000, 0.0000000000000000000 ) ) ;
#2866 = VECTOR ( 'NONE', #5755, 1000.000000000000000 ) ;
#2867 = PRESENTATION_STYLE_ASSIGNMENT (( #7317 ) ) ;
#2868 = EDGE_LOOP ( 'NONE', ( #11519, #2410, #4415, #5378 ) ) ;
#2869 = EDGE_CURVE ( 'NONE', #391, #781, #11089, .T. ) ;
#2870 = ORIENTED_EDGE ( 'NONE', *, *, #11299, .T. ) ;
#2871 = EDGE_LOOP ( 'NONE', ( #10187, #9476, #5566, #547 ) ) ;
#2872 = VECTOR ( 'NONE', #8686, 1000.000000000000000 ) ;
#2873 = CARTESIAN_POINT ( 'NONE',  ( 6.337500047684025972, 2.389999999999999680, -7.940425533801274582 ) ) ;
#2874 = VECTOR ( 'NONE', #627, 1000.000000000000114 ) ;
#2875 =( LENGTH_UNIT ( ) NAMED_UNIT ( * ) SI_UNIT ( .MILLI., .METRE. ) );
#2876 = DIRECTION ( 'NONE',  ( -0.0000000000000000000, 1.000000000000000000, -0.0000000000000000000 ) ) ;
#2877 =( GEOMETRIC_REPRESENTATION_CONTEXT ( 3 ) GLOBAL_UNCERTAINTY_ASSIGNED_CONTEXT ( ( #6108 ) ) GLOBAL_UNIT_ASSIGNED_CONTEXT ( ( #1632, #6372, #2589 ) ) REPRESENTATION_CONTEXT ( 'NONE', 'WORKASPACE' ) );
#2878 = EDGE_CURVE ( 'NONE', #1975, #6685, #2607, .T. ) ;
#2879 = EDGE_CURVE ( 'NONE', #9469, #6237, #3671, .T. ) ;
#2880 = VECTOR ( 'NONE', #1473, 1000.000000000000000 ) ;
#2881 = PRESENTATION_STYLE_ASSIGNMENT (( #133 ) ) ;
#2882 = ORIENTED_EDGE ( 'NONE', *, *, #7809, .F. ) ;
#2883 = LINE ( 'NONE', #10136, #9224 ) ;
#2884 = MECHANICAL_DESIGN_GEOMETRIC_PRESENTATION_REPRESENTATION (  '', ( #4964 ), #2457 ) ;
#2885 = ORIENTED_EDGE ( 'NONE', *, *, #5942, .F. ) ;
#2886 = PRESENTATION_STYLE_ASSIGNMENT (( #3954 ) ) ;
#2887 = PRESENTATION_STYLE_ASSIGNMENT (( #1034 ) ) ;
#2888 = CARTESIAN_POINT ( 'NONE',  ( 1.500000000000000000, 2.389999999999999236, -1.899999999999999911 ) ) ;
#2889 = DIRECTION ( 'NONE',  ( -0.0000000000000000000, -1.000000000000000000, -0.0000000000000000000 ) ) ;
#2890 = AXIS2_PLACEMENT_3D ( 'NONE', #7329, #2821, #10076 ) ;
#2891 = ORIENTED_EDGE ( 'NONE', *, *, #1199, .T. ) ;
#2892 = EDGE_CURVE ( 'NONE', #375, #978, #10140, .T. ) ;
#2893 = EDGE_LOOP ( 'NONE', ( #3494, #7367, #2428, #11549 ) ) ;
#2894 = EDGE_CURVE ( 'NONE', #6204, #3780, #7518, .T. ) ;
#2895 = ORIENTED_EDGE ( 'NONE', *, *, #44, .F. ) ;
#2896 = LINE ( 'NONE', #7398, #2111 ) ;
#2897 = LINE ( 'NONE', #9861, #3577 ) ;
#2898 = DIRECTION ( 'NONE',  ( 0.0000000000000000000, -1.000000000000000000, 2.168404344971006896E-16 ) ) ;
#2899 = AXIS2_PLACEMENT_3D ( 'NONE', #693, #2560, #11766 ) ;
#2900 = ORIENTED_EDGE ( 'NONE', *, *, #5931, .F. ) ;
#2901 =( NAMED_UNIT ( * ) SI_UNIT ( $, .STERADIAN. ) SOLID_ANGLE_UNIT ( ) );
#2902 = ORIENTED_EDGE ( 'NONE', *, *, #4992, .F. ) ;
#2903 = SURFACE_SIDE_STYLE ('',( #154 ) ) ;
#2904 = CARTESIAN_POINT ( 'NONE',  ( 5.520833158959541187, 2.399999999999999911, -7.702127653479294622 ) ) ;
#2905 = EDGE_CURVE ( 'NONE', #6306, #3911, #10248, .T. ) ;
#2906 = EDGE_CURVE ( 'NONE', #2209, #9634, #6680, .T. ) ;
#2907 = SURFACE_SIDE_STYLE ('',( #5690 ) ) ;
#2908 =( GEOMETRIC_REPRESENTATION_CONTEXT ( 3 ) GLOBAL_UNCERTAINTY_ASSIGNED_CONTEXT ( ( #3384 ) ) GLOBAL_UNIT_ASSIGNED_CONTEXT ( ( #11286, #3135, #4089 ) ) REPRESENTATION_CONTEXT ( 'NONE', 'WORKASPACE' ) );
#2909 = VERTEX_POINT ( 'NONE', #11153 ) ;
#2910 = UNCERTAINTY_MEASURE_WITH_UNIT (LENGTH_MEASURE( 1.000000000000000082E-05 ), #2329, 'distance_accuracy_value', 'NONE');
#2911 = FACE_OUTER_BOUND ( 'NONE', #3728, .T. ) ;
#2912 = CARTESIAN_POINT ( 'NONE',  ( 5.404166936874207572, 2.399999999999999911, -6.153191542625407351 ) ) ;
#2913 = FACE_OUTER_BOUND ( 'NONE', #9065, .T. ) ;
#2914 = LINE ( 'NONE', #1238, #10745 ) ;
#2915 = CARTESIAN_POINT ( 'NONE',  ( 9.474113949134000734, 2.389799999999999702, -7.543910656045999197 ) ) ;
#2916 = DIRECTION ( 'NONE',  ( 0.5466232777021623468, -0.0000000000000000000, 0.8373786433114619454 ) ) ;
#2917 = EDGE_CURVE ( 'NONE', #10384, #3808, #10084, .T. ) ;
#2918 = CYLINDRICAL_SURFACE ( 'NONE', #10545, 0.2499999999999993616 ) ;
#2919 = CARTESIAN_POINT ( 'NONE',  ( 13.39583337754197245, 2.394999999999999574, -7.642553192377183890 ) ) ;
#2920 = DIRECTION ( 'NONE',  ( 0.0000000000000000000, 1.000000000000000000, 0.0000000000000000000 ) ) ;
#2921 = VERTEX_POINT ( 'NONE', #11210 ) ;
#2922 = ORIENTED_EDGE ( 'NONE', *, *, #1044, .T. ) ;
#2923 = AXIS2_PLACEMENT_3D ( 'NONE', #3792, #1210, #1094 ) ;
#2924 = DIRECTION ( 'NONE',  ( -0.0000000000000000000, -1.000000000000000000, -0.0000000000000000000 ) ) ;
#2925 = CARTESIAN_POINT ( 'NONE',  ( 5.112500047683499638, 2.389999999999999680, -6.421276617050000191 ) ) ;
#2926 = CARTESIAN_POINT ( 'NONE',  ( 12.40000000000000213, 0.009999999999999998473, -11.75000000000000178 ) ) ;
#2927 = VERTEX_POINT ( 'NONE', #1932 ) ;
#2928 =( NAMED_UNIT ( * ) SI_UNIT ( $, .STERADIAN. ) SOLID_ANGLE_UNIT ( ) );
#2929 = STYLED_ITEM ( 'NONE', ( #11273 ), #3007 ) ;
#2930 = VECTOR ( 'NONE', #8146, 1000.000000000000000 ) ;
#2931 = LINE ( 'NONE', #8575, #4213 ) ;
#2932 = ADVANCED_FACE ( 'NONE', ( #4015 ), #4894, .F. ) ;
#2933 = LINE ( 'NONE', #467, #5710 ) ;
#2934 = ORIENTED_EDGE ( 'NONE', *, *, #2214, .F. ) ;
#2935 = EDGE_LOOP ( 'NONE', ( #3611, #6038, #3072, #9588, #265, #11319, #3584 ) ) ;
#2936 = ORIENTED_EDGE ( 'NONE', *, *, #8673, .F. ) ;
#2937 = DIRECTION ( 'NONE',  ( 1.000000000000000000, 0.0000000000000000000, -0.0000000000000000000 ) ) ;
#2938 = DIRECTION ( 'NONE',  ( 0.0000000000000000000, 1.000000000000000000, 0.0000000000000000000 ) ) ;
#2939 = EDGE_CURVE ( 'NONE', #4467, #3851, #2044, .T. ) ;
#2940 = ORIENTED_EDGE ( 'NONE', *, *, #551, .F. ) ;
#2941 = CARTESIAN_POINT ( 'NONE',  ( 15.24999999999999112, 2.296282059590945224, -11.75138982046961189 ) ) ;
#2942 = ORIENTED_EDGE ( 'NONE', *, *, #2154, .F. ) ;
#2943 =( LENGTH_UNIT ( ) NAMED_UNIT ( * ) SI_UNIT ( .MILLI., .METRE. ) );
#2944 = AXIS2_PLACEMENT_3D ( 'NONE', #10631, #4971, #4206 ) ;
#2945 = EDGE_CURVE ( 'NONE', #7859, #8487, #6615, .T. ) ;
#2946 = DIRECTION ( 'NONE',  ( -0.0000000000000000000, 1.000000000000000000, -0.0000000000000000000 ) ) ;
#2947 = EDGE_CURVE ( 'NONE', #10039, #11277, #9424, .T. ) ;
#2948 = LINE ( 'NONE', #9243, #1695 ) ;
#2949 = VECTOR ( 'NONE', #11246, 1000.000000000000000 ) ;
#2950 = EDGE_LOOP ( 'NONE', ( #11759, #5738, #326, #8213, #2783, #3019, #3892, #7936 ) ) ;
#2951 = ORIENTED_EDGE ( 'NONE', *, *, #7660, .F. ) ;
#2952 = ORIENTED_EDGE ( 'NONE', *, *, #11752, .F. ) ;
#2953 = LINE ( 'NONE', #3006, #3186 ) ;
#2954 = DIRECTION ( 'NONE',  ( 1.000000000000000000, 0.0000000000000000000, 0.0000000000000000000 ) ) ;
#2955 = DIRECTION ( 'NONE',  ( 0.0000000000000000000, 0.0000000000000000000, -1.000000000000000000 ) ) ;
#2956 = STYLED_ITEM ( 'NONE', ( #495 ), #745 ) ;
#2957 = ADVANCED_FACE ( 'NONE', ( #3059 ), #5562, .F. ) ;
#2958 = ORIENTED_EDGE ( 'NONE', *, *, #8684, .T. ) ;
#2959 = DIRECTION ( 'NONE',  ( -0.4397120806645831714, 0.0000000000000000000, -0.8981387900083277476 ) ) ;
#2960 = ORIENTED_EDGE ( 'NONE', *, *, #1060, .T. ) ;
#2961 = PLANE ( 'NONE',  #5982 ) ;
#2962 = DIRECTION ( 'NONE',  ( 1.000000000000000000, 0.0000000000000000000, 0.0000000000000000000 ) ) ;
#2963 = ADVANCED_FACE ( 'NONE', ( #8355 ), #8418, .T. ) ;
#2964 = AXIS2_PLACEMENT_3D ( 'NONE', #7745, #11387, #5902 ) ;
#2965 = LINE ( 'NONE', #2241, #8556 ) ;
#2966 = ORIENTED_EDGE ( 'NONE', *, *, #11383, .T. ) ;
#2967 = FACE_OUTER_BOUND ( 'NONE', #4336, .T. ) ;
#2968 =( LENGTH_UNIT ( ) NAMED_UNIT ( * ) SI_UNIT ( .MILLI., .METRE. ) );
#2969 = LINE ( 'NONE', #4739, #8000 ) ;
#2970 = EDGE_CURVE ( 'NONE', #4956, #11276, #141, .T. ) ;
#2971 = AXIS2_PLACEMENT_3D ( 'NONE', #9764, #9640, #11608 ) ;
#2972 = CARTESIAN_POINT ( 'NONE',  ( 8.000000000000000000, 0.0000000000000000000, -12.19999999999999929 ) ) ;
#2973 = ORIENTED_EDGE ( 'NONE', *, *, #5347, .T. ) ;
#2974 = SURFACE_SIDE_STYLE ('',( #11123 ) ) ;
#2975 = CARTESIAN_POINT ( 'NONE',  ( 7.562500047683863080, 2.399999999999999911, -5.200000000000001066 ) ) ;
#2976 = LINE ( 'NONE', #11247, #11777 ) ;
#2977 = DIRECTION ( 'NONE',  ( -0.5466225028260355279, 0.0000000000000000000, -0.8373791491338918869 ) ) ;
#2978 = EDGE_LOOP ( 'NONE', ( #3703, #2445, #10172, #827 ) ) ;
#2979 = EDGE_LOOP ( 'NONE', ( #8223, #6395, #3175, #970 ) ) ;
#2980 = CARTESIAN_POINT ( 'NONE',  ( 2.463011285236000436, 2.389799999999999702, -6.093617081642001665 ) ) ;
#2981 = CARTESIAN_POINT ( 'NONE',  ( 5.054166936874330496, 2.399999999999999911, -7.582978731393319904 ) ) ;
#2982 = EDGE_CURVE ( 'NONE', #8487, #2685, #7392, .T. ) ;
#2983 = CARTESIAN_POINT ( 'NONE',  ( 6.250000000000000000, 0.8200000000000149392, -3.256119351777744805E-30 ) ) ;
#2984 = VERTEX_POINT ( 'NONE', #314 ) ;
#2985 = LINE ( 'NONE', #4997, #6189 ) ;
#2986 = MECHANICAL_DESIGN_GEOMETRIC_PRESENTATION_REPRESENTATION (  '', ( #8678 ), #2424 ) ;
#2987 = CARTESIAN_POINT ( 'NONE',  ( 10.19999999999999929, 0.009999999999999998473, -11.29999999999833982 ) ) ;
#2988 = DIRECTION ( 'NONE',  ( -0.5466223657671557268, 0.0000000000000000000, 0.8373792386028673373 ) ) ;
#2989 = LINE ( 'NONE', #4703, #10670 ) ;
#2990 = CARTESIAN_POINT ( 'NONE',  ( 12.06309762676999853, 2.389799999999999702, -7.679325476202000011 ) ) ;
#2991 = ORIENTED_EDGE ( 'NONE', *, *, #4114, .T. ) ;
#2992 = FACE_OUTER_BOUND ( 'NONE', #9031, .T. ) ;
#2993 = EDGE_LOOP ( 'NONE', ( #8755, #263, #979, #8841 ) ) ;
#2994 = EDGE_CURVE ( 'NONE', #9037, #7857, #3307, .T. ) ;
#2995 = VECTOR ( 'NONE', #8795, 1000.000000000000000 ) ;
#2996 = EDGE_LOOP ( 'NONE', ( #77, #4940, #10129, #6674, #7309, #7449, #3221 ) ) ;
#2997 = CARTESIAN_POINT ( 'NONE',  ( 16.00000000000000000, 0.8199999999999999512, -5.782411586589356653E-16 ) ) ;
#2998 = CARTESIAN_POINT ( 'NONE',  ( 15.41595467197157632, 2.296282059590948332, -11.75138982046961544 ) ) ;
#2999 = VERTEX_POINT ( 'NONE', #5793 ) ;
#3000 = CARTESIAN_POINT ( 'NONE',  ( 1.700000000000000178, 0.01020000000000000073, 0.02448876244737000288 ) ) ;
#3001 = CARTESIAN_POINT ( 'NONE',  ( 2.487500047683705251, 2.394999999999999574, -6.093617081642457300 ) ) ;
#3002 = DIRECTION ( 'NONE',  ( 0.0000000000000000000, 0.0000000000000000000, -1.000000000000000000 ) ) ;
#3003 = ORIENTED_EDGE ( 'NONE', *, *, #113, .F. ) ;
#3004 = EDGE_LOOP ( 'NONE', ( #93, #5611, #3601, #6985 ) ) ;
#3005 = VERTEX_POINT ( 'NONE', #2888 ) ;
#3006 = CARTESIAN_POINT ( 'NONE',  ( 12.54999999999999893, 0.4100000000000150191, 0.0000000000000000000 ) ) ;
#3007 = ADVANCED_FACE ( 'NONE', ( #1271 ), #1987, .T. ) ;
#3008 = CARTESIAN_POINT ( 'NONE',  ( 10.60000000000000142, 0.8200000000000300382, 1.215596970137861585E-45 ) ) ;
#3009 = EDGE_CURVE ( 'NONE', #3959, #1558, #11288, .T. ) ;
#3010 = LINE ( 'NONE', #6627, #9338 ) ;
#3011 = ORIENTED_EDGE ( 'NONE', *, *, #1984, .F. ) ;
#3012 = CARTESIAN_POINT ( 'NONE',  ( 0.6000000000000000888, 0.009999999999999998473, -0.4500000000000149436 ) ) ;
#3013 = ORIENTED_EDGE ( 'NONE', *, *, #4126, .T. ) ;
#3014 = AXIS2_PLACEMENT_3D ( 'NONE', #8373, #7650, #6578 ) ;
#3015 = FILL_AREA_STYLE ('',( #4797 ) ) ;
#3016 = DIRECTION ( 'NONE',  ( 0.0000000000000000000, 0.0000000000000000000, -1.000000000000000000 ) ) ;
#3017 = VECTOR ( 'NONE', #11010, 1000.000000000000000 ) ;
#3018 = VECTOR ( 'NONE', #8123, 1000.000000000000227 ) ;
#3019 = ORIENTED_EDGE ( 'NONE', *, *, #5638, .T. ) ;
#3020 = EDGE_CURVE ( 'NONE', #6498, #3428, #3181, .T. ) ;
#3021 = CARTESIAN_POINT ( 'NONE',  ( 11.70000000000000284, 0.8200000000000300382, 0.0000000000000000000 ) ) ;
#3022 = UNCERTAINTY_MEASURE_WITH_UNIT (LENGTH_MEASURE( 1.000000000000000082E-05 ), #3604, 'distance_accuracy_value', 'NONE');
#3023 = DIRECTION ( 'NONE',  ( 0.8906051112014222726, -0.0000000000000000000, 0.4547774575568825361 ) ) ;
#3024 = EDGE_CURVE ( 'NONE', #9233, #6237, #10553, .T. ) ;
#3025 = SURFACE_STYLE_USAGE ( .BOTH. , #2186 ) ;
#3026 = VECTOR ( 'NONE', #1083, 1000.000000000000000 ) ;
#3027 = CARTESIAN_POINT ( 'NONE',  ( 4.049999999999999822, 0.8200000000000149392, -3.256119351777732894E-30 ) ) ;
#3028 = ORIENTED_EDGE ( 'NONE', *, *, #392, .F. ) ;
#3029 = DIRECTION ( 'NONE',  ( 1.000000000000000000, 0.0000000000000000000, 0.0000000000000000000 ) ) ;
#3030 = AXIS2_PLACEMENT_3D ( 'NONE', #10966, #8227, #72 ) ;
#3031 = DIRECTION ( 'NONE',  ( -0.0000000000000000000, 1.000000000000000000, -0.0000000000000000000 ) ) ;
#3032 = DIRECTION ( 'NONE',  ( -1.000000000000000000, 0.0000000000000000000, 0.0000000000000000000 ) ) ;
#3033 = EDGE_CURVE ( 'NONE', #9340, #10619, #3300, .T. ) ;
#3034 = ORIENTED_EDGE ( 'NONE', *, *, #8407, .F. ) ;
#3035 = EDGE_CURVE ( 'NONE', #3052, #6577, #10422, .T. ) ;
#3036 = CIRCLE ( 'NONE', #5503, 0.2500000000000002220 ) ;
#3037 = VERTEX_POINT ( 'NONE', #6914 ) ;
#3038 = CARTESIAN_POINT ( 'NONE',  ( 6.454166936874197624, 2.389999999999999680, -6.212766003608523491 ) ) ;
#3039 = DIRECTION ( 'NONE',  ( -0.2694177785370547862, 0.0000000000000000000, -0.9630233956701977904 ) ) ;
#3040 = VECTOR ( 'NONE', #6634, 1000.000000000000000 ) ;
#3041 = FACE_OUTER_BOUND ( 'NONE', #6779, .T. ) ;
#3042 = LINE ( 'NONE', #5713, #11039 ) ;
#3043 = CARTESIAN_POINT ( 'NONE',  ( 8.000000000000000000, 0.009999999999999995004, 0.0000000000000000000 ) ) ;
#3044 = LINE ( 'NONE', #10404, #1321 ) ;
#3045 = VERTEX_POINT ( 'NONE', #2409 ) ;
#3046 = EDGE_LOOP ( 'NONE', ( #6382, #2934, #9746, #11604 ) ) ;
#3047 = DIRECTION ( 'NONE',  ( -0.6996247722112798328, 0.0000000000000000000, -0.7145104464654906673 ) ) ;
#3048 = ORIENTED_EDGE ( 'NONE', *, *, #10017, .F. ) ;
#3049 = CARTESIAN_POINT ( 'NONE',  ( 8.495833492279871280, 2.399999999999999911, -6.153191542625292776 ) ) ;
#3050 = VECTOR ( 'NONE', #158, 999.9999999999998863 ) ;
#3051 = CARTESIAN_POINT ( 'NONE',  ( 12.40000000000000213, 0.009999999999999989800, -12.19999999999999751 ) ) ;
#3052 = VERTEX_POINT ( 'NONE', #3238 ) ;
#3053 = LINE ( 'NONE', #479, #109 ) ;
#3054 = CARTESIAN_POINT ( 'NONE',  ( 0.6000000000000000888, 0.0000000000000000000, -6.099999999999998757 ) ) ;
#3055 = ORIENTED_EDGE ( 'NONE', *, *, #6013, .T. ) ;
#3056 = LINE ( 'NONE', #2824, #10552 ) ;
#3057 = CARTESIAN_POINT ( 'NONE',  ( 13.36666671782499805, 2.389999999999999680, -6.093617081642001665 ) ) ;
#3058 = VECTOR ( 'NONE', #8664, 1000.000000000000000 ) ;
#3059 = FACE_OUTER_BOUND ( 'NONE', #7639, .T. ) ;
#3060 = DIRECTION ( 'NONE',  ( 1.000000000000000000, 0.0000000000000000000, -0.0000000000000000000 ) ) ;
#3061 = ORIENTED_EDGE ( 'NONE', *, *, #3424, .T. ) ;
#3062 = VERTEX_POINT ( 'NONE', #1575 ) ;
#3063 = PRESENTATION_LAYER_ASSIGNMENT (  '', '', ( #11045 ) ) ;
#3064 = PRESENTATION_LAYER_ASSIGNMENT (  '', '', ( #963 ) ) ;
#3065 = ORIENTED_EDGE ( 'NONE', *, *, #6873, .F. ) ;
#3066 = LINE ( 'NONE', #5800, #4902 ) ;
#3067 = CARTESIAN_POINT ( 'NONE',  ( 7.999999999999651834, 0.004999999999999999237, -11.30000000000000071 ) ) ;
#3068 = VECTOR ( 'NONE', #1192, 1000.000000000000000 ) ;
#3069 = CARTESIAN_POINT ( 'NONE',  ( 8.000000000000000000, 0.0000000000000000000, -0.9000000000000002442 ) ) ;
#3070 = VECTOR ( 'NONE', #10447, 1000.000000000000000 ) ;
#3071 = LINE ( 'NONE', #9192, #6475 ) ;
#3072 = ORIENTED_EDGE ( 'NONE', *, *, #2251, .F. ) ;
#3073 =( LENGTH_UNIT ( ) NAMED_UNIT ( * ) SI_UNIT ( .MILLI., .METRE. ) );
#3074 = ORIENTED_EDGE ( 'NONE', *, *, #2917, .T. ) ;
#3075 = VECTOR ( 'NONE', #11024, 1000.000000000000000 ) ;
#3076 = CARTESIAN_POINT ( 'NONE',  ( 15.54000000000000092, 0.7934000000000001052, -11.75000000000000000 ) ) ;
#3077 = SURFACE_SIDE_STYLE ('',( #7586 ) ) ;
#3078 = EDGE_CURVE ( 'NONE', #9623, #478, #6027, .T. ) ;
#3079 = DIRECTION ( 'NONE',  ( 1.734723475976808672E-15, 1.000000000000000000, 2.066489340757373471E-12 ) ) ;
#3080 = ORIENTED_EDGE ( 'NONE', *, *, #8388, .T. ) ;
#3081 = PRESENTATION_STYLE_ASSIGNMENT (( #9443 ) ) ;
#3082 = VECTOR ( 'NONE', #11264, 1000.000000000000000 ) ;
#3083 = PLANE ( 'NONE',  #4047 ) ;
#3084 = FACE_OUTER_BOUND ( 'NONE', #7468, .T. ) ;
#3085 = PLANE ( 'NONE',  #11522 ) ;
#3086 = EDGE_CURVE ( 'NONE', #4191, #7696, #3365, .T. ) ;
#3087 = LINE ( 'NONE', #2249, #4298 ) ;
#3088 = LINE ( 'NONE', #7842, #8208 ) ;
#3089 = DIRECTION ( 'NONE',  ( -0.0000000000000000000, -0.0000000000000000000, 1.000000000000000000 ) ) ;
#3090 = VECTOR ( 'NONE', #1591, 1000.000000000000000 ) ;
#3091 = EDGE_CURVE ( 'NONE', #9096, #1578, #1392, .T. ) ;
#3092 = CARTESIAN_POINT ( 'NONE',  ( 11.00000000000247979, 0.0000000000000000000, -11.30000000000000071 ) ) ;
#3093 = EDGE_CURVE ( 'NONE', #5173, #3278, #7691, .T. ) ;
#3094 = CARTESIAN_POINT ( 'NONE',  ( 11.17916676998000014, 2.395000000000000018, -6.987234079837646661 ) ) ;
#3095 = EDGE_LOOP ( 'NONE', ( #591, #428, #860, #85 ) ) ;
#3096 = DIRECTION ( 'NONE',  ( -0.0000000000000000000, -1.000000000000000000, -0.0000000000000000000 ) ) ;
#3097 = MECHANICAL_DESIGN_GEOMETRIC_PRESENTATION_REPRESENTATION (  '', ( #7460 ), #9166 ) ;
#3098 = DIRECTION ( 'NONE',  ( 0.0000000000000000000, 0.0000000000000000000, 1.000000000000000000 ) ) ;
#3099 = AXIS2_PLACEMENT_3D ( 'NONE', #5733, #9482, #7569 ) ;
#3100 = EDGE_CURVE ( 'NONE', #5921, #1461, #10489, .T. ) ;
#3101 = CARTESIAN_POINT ( 'NONE',  ( 6.750000000000000888, 0.009999999999987104274, 0.0000000000000000000 ) ) ;
#3102 = CARTESIAN_POINT ( 'NONE',  ( 6.279166603088500054, 2.399999999999999911, -7.642553192376999149 ) ) ;
#3103 = CARTESIAN_POINT ( 'NONE',  ( 12.54999999999999893, 0.009999999999987104274, 2.792598419361491987E-30 ) ) ;
#3104 = PLANE ( 'NONE',  #10468 ) ;
#3105 = EDGE_CURVE ( 'NONE', #948, #4414, #9602, .T. ) ;
#3106 = CARTESIAN_POINT ( 'NONE',  ( 5.799999999999999822, 0.01020000000000000073, -12.22448876245000093 ) ) ;
#3107 = VECTOR ( 'NONE', #2190, 1000.000000000000114 ) ;
#3108 = VERTEX_POINT ( 'NONE', #5908 ) ;
#3109 = ORIENTED_EDGE ( 'NONE', *, *, #5342, .F. ) ;
#3110 = LINE ( 'NONE', #5834, #7948 ) ;
#3111 = ORIENTED_EDGE ( 'NONE', *, *, #1486, .F. ) ;
#3112 = CARTESIAN_POINT ( 'NONE',  ( 6.099999999999998757, 0.009999999999999998473, -11.29999999999833982 ) ) ;
#3113 = LINE ( 'NONE', #1322, #35 ) ;
#3114 = COLOUR_RGB ( '',0.0000000000000000000, 0.0000000000000000000, 0.0000000000000000000 ) ;
#3115 = ADVANCED_FACE ( 'NONE', ( #606 ), #2470, .F. ) ;
#3116 = AXIS2_PLACEMENT_3D ( 'NONE', #1120, #3816, #4631 ) ;
#3117 = ORIENTED_EDGE ( 'NONE', *, *, #3853, .T. ) ;
#3118 = CARTESIAN_POINT ( 'NONE',  ( 7.200000000000001066, 2.715799387134100462E-17, -4.235164736271501695E-19 ) ) ;
#3119 =( LENGTH_UNIT ( ) NAMED_UNIT ( * ) SI_UNIT ( .MILLI., .METRE. ) );
#3120 = EDGE_LOOP ( 'NONE', ( #611, #6065, #4648, #8600 ) ) ;
#3121 = CARTESIAN_POINT ( 'NONE',  ( 8.093322783366998507, 2.389799999999999702, -7.547190721077999598 ) ) ;
#3122 = CARTESIAN_POINT ( 'NONE',  ( 8.000000000000000000, 0.009999999999999995004, 0.0000000000000000000 ) ) ;
#3123 = PLANE ( 'NONE',  #10242 ) ;
#3124 = ORIENTED_EDGE ( 'NONE', *, *, #5021, .T. ) ;
#3125 = ORIENTED_EDGE ( 'NONE', *, *, #4693, .F. ) ;
#3126 = VERTEX_POINT ( 'NONE', #9545 ) ;
#3127 = LINE ( 'NONE', #5853, #4525 ) ;
#3128 = PLANE ( 'NONE',  #10209 ) ;
#3129 = DIRECTION ( 'NONE',  ( 0.0000000000000000000, 0.0000000000000000000, 1.000000000000000000 ) ) ;
#3130 = VERTEX_POINT ( 'NONE', #8828 ) ;
#3131 = SURFACE_STYLE_FILL_AREA ( #3251 ) ;
#3132 = EDGE_LOOP ( 'NONE', ( #3422, #8290, #4590, #470 ) ) ;
#3133 = CARTESIAN_POINT ( 'NONE',  ( 13.04583336710992292, 2.394999999999999574, -7.940425533801281688 ) ) ;
#3134 = MECHANICAL_DESIGN_GEOMETRIC_PRESENTATION_REPRESENTATION (  '', ( #847 ), #7683 ) ;
#3135 =( NAMED_UNIT ( * ) PLANE_ANGLE_UNIT ( ) SI_UNIT ( $, .RADIAN. ) );
#3136 = DIRECTION ( 'NONE',  ( 0.0000000000000000000, 0.0000000000000000000, -1.000000000000000000 ) ) ;
#3137 = ORIENTED_EDGE ( 'NONE', *, *, #8174, .T. ) ;
#3138 = VECTOR ( 'NONE', #6557, 1000.000000000000000 ) ;
#3139 = CARTESIAN_POINT ( 'NONE',  ( 8.087500047683793269, 2.399999999999999911, -7.523404270411161221 ) ) ;
#3140 = COLOUR_RGB ( '',0.9803921568627450567, 0.6274509803921568540, 0.0000000000000000000 ) ;
#3141 = DIRECTION ( 'NONE',  ( 0.0000000000000000000, -4.336808689942013792E-16, -1.000000000000000000 ) ) ;
#3142 = ADVANCED_FACE ( 'NONE', ( #8591 ), #10368, .F. ) ;
#3143 = PRESENTATION_STYLE_ASSIGNMENT (( #11296 ) ) ;
#3144 = CARTESIAN_POINT ( 'NONE',  ( 8.320833492278721266, 2.399999999999999911, -6.272340464591727560 ) ) ;
#3145 =( GEOMETRIC_REPRESENTATION_CONTEXT ( 3 ) GLOBAL_UNCERTAINTY_ASSIGNED_CONTEXT ( ( #2440 ) ) GLOBAL_UNIT_ASSIGNED_CONTEXT ( ( #510, #4098, #4279 ) ) REPRESENTATION_CONTEXT ( 'NONE', 'WORKASPACE' ) );
#3146 = LINE ( 'NONE', #6885, #10111 ) ;
#3147 = VECTOR ( 'NONE', #7943, 1000.000000000000000 ) ;
#3148 = DIRECTION ( 'NONE',  ( -1.000000000000000000, 0.0000000000000000000, 0.0000000000000000000 ) ) ;
#3149 = CARTESIAN_POINT ( 'NONE',  ( 0.6000000000000001998, 1.058791184067875424E-19, -12.20000000000123386 ) ) ;
#3150 = CARTESIAN_POINT ( 'NONE',  ( 12.09999999999999964, 0.009999999999999989800, 0.0000000000000000000 ) ) ;
#3151 = VERTEX_POINT ( 'NONE', #6315 ) ;
#3152 = EDGE_CURVE ( 'NONE', #7402, #7618, #7993, .T. ) ;
#3153 = DIRECTION ( 'NONE',  ( 0.0000000000000000000, 0.0000000000000000000, 1.000000000000000000 ) ) ;
#3154 = PRESENTATION_LAYER_ASSIGNMENT (  '', '', ( #8279 ) ) ;
#3155 = PLANE ( 'NONE',  #571 ) ;
#3156 = VECTOR ( 'NONE', #5817, 1000.000000000000000 ) ;
#3157 = EDGE_CURVE ( 'NONE', #6090, #4375, #3543, .T. ) ;
#3158 = EDGE_CURVE ( 'NONE', #9770, #2479, #5481, .T. ) ;
#3159 = ORIENTED_EDGE ( 'NONE', *, *, #6282, .F. ) ;
#3160 = CARTESIAN_POINT ( 'NONE',  ( 8.000000000000000000, 0.8199999999999999512, 0.0000000000000000000 ) ) ;
#3161 = CARTESIAN_POINT ( 'NONE',  ( 11.70000000000000284, 0.8200000000000300382, 1.215596970137845094E-45 ) ) ;
#3162 = LINE ( 'NONE', #11076, #1162 ) ;
#3163 = LINE ( 'NONE', #8687, #1543 ) ;
#3164 = DIRECTION ( 'NONE',  ( 0.0000000000000000000, 0.0000000000000000000, 1.000000000000000000 ) ) ;
#3165 = ORIENTED_EDGE ( 'NONE', *, *, #185, .T. ) ;
#3166 = ORIENTED_EDGE ( 'NONE', *, *, #1118, .T. ) ;
#3167 = CARTESIAN_POINT ( 'NONE',  ( 10.36250004768000288, 2.399999999999999911, -0.4330000000000000515 ) ) ;
#3168 = EDGE_LOOP ( 'NONE', ( #3674, #830, #7734, #11028 ) ) ;
#3169 =( NAMED_UNIT ( * ) SI_UNIT ( $, .STERADIAN. ) SOLID_ANGLE_UNIT ( ) );
#3170 = EDGE_CURVE ( 'NONE', #4084, #5499, #3514, .T. ) ;
#3171 = CARTESIAN_POINT ( 'NONE',  ( 6.395833492278999444, 2.389999999999999680, -7.910638300701998915 ) ) ;
#3172 = VECTOR ( 'NONE', #9521, 1000.000000000000000 ) ;
#3173 = DIRECTION ( 'NONE',  ( 0.0000000000000000000, 1.000000000000000000, 0.0000000000000000000 ) ) ;
#3174 = EDGE_CURVE ( 'NONE', #7232, #6685, #6199, .T. ) ;
#3175 = ORIENTED_EDGE ( 'NONE', *, *, #8127, .F. ) ;
#3176 = DIRECTION ( 'NONE',  ( -1.000000000000000000, -0.0000000000000000000, -0.0000000000000000000 ) ) ;
#3177 = SURFACE_STYLE_FILL_AREA ( #480 ) ;
#3178 = ORIENTED_EDGE ( 'NONE', *, *, #4176, .T. ) ;
#3179 = LINE ( 'NONE', #10366, #10922 ) ;
#3180 = DIRECTION ( 'NONE',  ( -0.6996246023313054119, 0.0000000000000000000, 0.7145106128062499451 ) ) ;
#3181 = LINE ( 'NONE', #2222, #2362 ) ;
#3182 = ORIENTED_EDGE ( 'NONE', *, *, #3496, .T. ) ;
#3183 = VERTEX_POINT ( 'NONE', #894 ) ;
#3184 = ORIENTED_EDGE ( 'NONE', *, *, #88, .T. ) ;
#3185 = EDGE_CURVE ( 'NONE', #11688, #6666, #9105, .T. ) ;
#3186 = VECTOR ( 'NONE', #322, 1000.000000000000000 ) ;
#3187 = DIRECTION ( 'NONE',  ( 0.6996254851787206963, 0.0000000000000000000, 0.7145097483508812131 ) ) ;
#3188 = EDGE_CURVE ( 'NONE', #3622, #3578, #9956, .T. ) ;
#3189 = VECTOR ( 'NONE', #3855, 1000.000000000000000 ) ;
#3190 = DIRECTION ( 'NONE',  ( -0.0000000000000000000, -1.000000000000000000, -0.0000000000000000000 ) ) ;
#3191 = CARTESIAN_POINT ( 'NONE',  ( 15.44807548001105424, 2.095730423625307814, -0.4739310375672353692 ) ) ;
#3192 = FACE_OUTER_BOUND ( 'NONE', #899, .T. ) ;
#3193 = ORIENTED_EDGE ( 'NONE', *, *, #10068, .F. ) ;
#3194 = ORIENTED_EDGE ( 'NONE', *, *, #11482, .T. ) ;
#3195 = CARTESIAN_POINT ( 'NONE',  ( 9.312500047682570781, 2.399999999999999911, -7.940425533801793279 ) ) ;
#3196 = CARTESIAN_POINT ( 'NONE',  ( 7.586988810130999461, 2.389799999999999702, -8.000000000000000000 ) ) ;
#3197 = VECTOR ( 'NONE', #9409, 1000.000000000000000 ) ;
#3198 = CARTESIAN_POINT ( 'NONE',  ( 15.25000000000000000, 2.149999999999998579, -11.50000000000000178 ) ) ;
#3199 = PLANE ( 'NONE',  #8189 ) ;
#3200 = EDGE_LOOP ( 'NONE', ( #8821, #6351, #5517, #6572 ) ) ;
#3201 = DIRECTION ( 'NONE',  ( 0.0000000000000000000, -4.336808689942018722E-16, -1.000000000000000000 ) ) ;
#3202 = EDGE_CURVE ( 'NONE', #10026, #11034, #9783, .T. ) ;
#3203 = LINE ( 'NONE', #8612, #2841 ) ;
#3204 = VECTOR ( 'NONE', #7241, 1000.000000000000000 ) ;
#3205 = DIRECTION ( 'NONE',  ( -0.0000000000000000000, -0.0000000000000000000, -1.000000000000000000 ) ) ;
#3206 = PRESENTATION_STYLE_ASSIGNMENT (( #11359 ) ) ;
#3207 = AXIS2_PLACEMENT_3D ( 'NONE', #10061, #5651, #1076 ) ;
#3208 = CARTESIAN_POINT ( 'NONE',  ( 5.520833158493000603, 2.389999999999999680, -7.702127653359999826 ) ) ;
#3209 = CARTESIAN_POINT ( 'NONE',  ( 12.34583340883190061, 2.389999999999999680, -7.702127653360071768 ) ) ;
#3210 = DIRECTION ( 'NONE',  ( -0.0000000000000000000, -0.0000000000000000000, 1.000000000000000000 ) ) ;
#3211 = CARTESIAN_POINT ( 'NONE',  ( -0.3200000000000000622, -0.02448876244737000288, 0.0000000000000000000 ) ) ;
#3212 = ORIENTED_EDGE ( 'NONE', *, *, #2619, .F. ) ;
#3213 = VECTOR ( 'NONE', #11097, 1000.000000000000000 ) ;
#3214 = DIRECTION ( 'NONE',  ( -1.000000000000000000, 0.0000000000000000000, 0.0000000000000000000 ) ) ;
#3215 = ORIENTED_EDGE ( 'NONE', *, *, #9205, .F. ) ;
#3216 = DIRECTION ( 'NONE',  ( 0.5466223657671567260, 0.0000000000000000000, -0.8373792386028667822 ) ) ;
#3217 = AXIS2_PLACEMENT_3D ( 'NONE', #9097, #7199, #4576 ) ;
#3218 = CARTESIAN_POINT ( 'NONE',  ( 4.470833158492202308, 2.389999999999999680, -7.999999999999932498 ) ) ;
#3219 = DIRECTION ( 'NONE',  ( -0.3102822043093040882, 0.0000000000000000000, -0.9506444938508606946 ) ) ;
#3220 = DIRECTION ( 'NONE',  ( -0.0000000000000000000, -1.000000000000000000, -0.0000000000000000000 ) ) ;
#3221 = ORIENTED_EDGE ( 'NONE', *, *, #5836, .F. ) ;
#3222 = VERTEX_POINT ( 'NONE', #9055 ) ;
#3223 = CARTESIAN_POINT ( 'NONE',  ( 8.320833492278609356, 2.399999999999999911, -7.821276596188218910 ) ) ;
#3224 = ORIENTED_EDGE ( 'NONE', *, *, #3903, .F. ) ;
#3225 = ADVANCED_FACE ( 'NONE', ( #10734, #3657 ), #1690, .T. ) ;
#3226 = FACE_OUTER_BOUND ( 'NONE', #1228, .T. ) ;
#3227 = EDGE_CURVE ( 'NONE', #11636, #958, #723, .T. ) ;
#3228 = DIRECTION ( 'NONE',  ( -1.000000000000000000, -0.0000000000000000000, -0.0000000000000000000 ) ) ;
#3229 = VECTOR ( 'NONE', #5590, 1000.000000000000000 ) ;
#3230 = DIRECTION ( 'NONE',  ( -0.0000000000000000000, 1.000000000000000000, -0.0000000000000000000 ) ) ;
#3231 = VERTEX_POINT ( 'NONE', #7265 ) ;
#3232 = LINE ( 'NONE', #6846, #3544 ) ;
#3233 = DIRECTION ( 'NONE',  ( 0.0000000000000000000, 0.0000000000000000000, -1.000000000000000000 ) ) ;
#3234 = ORIENTED_EDGE ( 'NONE', *, *, #3269, .T. ) ;
#3235 = CARTESIAN_POINT ( 'NONE',  ( 13.20000000000165485, 0.009999999999999998473, -11.29999999999918003 ) ) ;
#3236 = EDGE_CURVE ( 'NONE', #3608, #1039, #10840, .T. ) ;
#3237 = CARTESIAN_POINT ( 'NONE',  ( 4.549999999999999822, 0.8200000000000149392, -12.19999999999999929 ) ) ;
#3238 = CARTESIAN_POINT ( 'NONE',  ( 8.320833492278987720, 2.389999999999999680, -6.272340464591874998 ) ) ;
#3239 = VERTEX_POINT ( 'NONE', #8222 ) ;
#3240 = EDGE_LOOP ( 'NONE', ( #2412, #8039, #6268, #1877 ) ) ;
#3241 = ORIENTED_EDGE ( 'NONE', *, *, #7244, .T. ) ;
#3242 = ADVANCED_FACE ( 'NONE', ( #7150 ), #10788, .T. ) ;
#3243 = VECTOR ( 'NONE', #11601, 1000.000000000000000 ) ;
#3244 = EDGE_CURVE ( 'NONE', #11268, #7529, #1193, .T. ) ;
#3245 = ORIENTED_EDGE ( 'NONE', *, *, #11737, .T. ) ;
#3246 = CARTESIAN_POINT ( 'NONE',  ( 8.000000000000000000, 0.0000000000000000000, -11.30000000000000071 ) ) ;
#3247 = DIRECTION ( 'NONE',  ( 0.0000000000000000000, 0.0000000000000000000, -1.000000000000000000 ) ) ;
#3248 = DIRECTION ( 'NONE',  ( 0.0000000000000000000, -2.168404344971014291E-16, -1.000000000000000000 ) ) ;
#3249 = DIRECTION ( 'NONE',  ( 1.000000000000000000, 0.0000000000000000000, 0.0000000000000000000 ) ) ;
#3250 = EDGE_LOOP ( 'NONE', ( #7995, #9905, #9504, #11672, #9665, #8327, #1071, #10218 ) ) ;
#3251 = FILL_AREA_STYLE ('',( #6750 ) ) ;
#3252 = VECTOR ( 'NONE', #9683, 1000.000000000000000 ) ;
#3253 = ORIENTED_EDGE ( 'NONE', *, *, #7067, .F. ) ;
#3254 = CARTESIAN_POINT ( 'NONE',  ( 7.200000000000345679, 0.0000000000000000000, -0.9000000000000000222 ) ) ;
#3255 = EDGE_CURVE ( 'NONE', #5972, #1171, #9349, .T. ) ;
#3256 = PRESENTATION_STYLE_ASSIGNMENT (( #4031 ) ) ;
#3257 = VECTOR ( 'NONE', #4626, 1000.000000000000227 ) ;
#3258 = DIRECTION ( 'NONE',  ( 0.0000000000000000000, 1.000000000000000000, 0.0000000000000000000 ) ) ;
#3259 = ORIENTED_EDGE ( 'NONE', *, *, #2143, .F. ) ;
#3260 = UNCERTAINTY_MEASURE_WITH_UNIT (LENGTH_MEASURE( 1.000000000000000082E-05 ), #7713, 'distance_accuracy_value', 'NONE');
#3261 = CIRCLE ( 'NONE', #212, 0.2500000000000002220 ) ;
#3262 = DIRECTION ( 'NONE',  ( 0.0000000000000000000, 0.0000000000000000000, -1.000000000000000000 ) ) ;
#3263 = VECTOR ( 'NONE', #7673, 1000.000000000000000 ) ;
#3264 = DIRECTION ( 'NONE',  ( -0.0000000000000000000, 1.000000000000000000, -0.0000000000000000000 ) ) ;
#3265 = CARTESIAN_POINT ( 'NONE',  ( 16.32000000000000028, -0.02448876244737000288, -12.19999999999999929 ) ) ;
#3266 = VECTOR ( 'NONE', #8853, 1000.000000000000000 ) ;
#3267 = CARTESIAN_POINT ( 'NONE',  ( 1.250000000000000222, 0.8200000000000149392, -3.256119351777738499E-30 ) ) ;
#3268 = FILL_AREA_STYLE_COLOUR ( '', #3726 ) ;
#3269 = EDGE_CURVE ( 'NONE', #793, #5028, #1136, .T. ) ;
#3270 = DIRECTION ( 'NONE',  ( 0.0000000000000000000, -2.168404344971006896E-16, -1.000000000000000000 ) ) ;
#3271 =( NAMED_UNIT ( * ) PLANE_ANGLE_UNIT ( ) SI_UNIT ( $, .RADIAN. ) );
#3272 = AXIS2_PLACEMENT_3D ( 'NONE', #7159, #2655, #6266 ) ;
#3273 = LINE ( 'NONE', #7782, #9084 ) ;
#3274 = ORIENTED_EDGE ( 'NONE', *, *, #3680, .F. ) ;
#3275 = CARTESIAN_POINT ( 'NONE',  ( 4.049999999999999822, 0.009999999999987104274, 2.792598419361491987E-30 ) ) ;
#3276 = CARTESIAN_POINT ( 'NONE',  ( 8.000000000000000000, 0.009999999999999995004, 0.0000000000000000000 ) ) ;
#3277 = AXIS2_PLACEMENT_3D ( 'NONE', #5125, #4240, #4416 ) ;
#3278 = VERTEX_POINT ( 'NONE', #9405 ) ;
#3279 = LINE ( 'NONE', #6895, #11141 ) ;
#3280 = LINE ( 'NONE', #11611, #9524 ) ;
#3281 = DIRECTION ( 'NONE',  ( -1.000000000000000000, -0.0000000000000000000, -0.0000000000000000000 ) ) ;
#3282 = PLANE ( 'NONE',  #6264 ) ;
#3283 = ORIENTED_EDGE ( 'NONE', *, *, #2994, .F. ) ;
#3284 = ORIENTED_EDGE ( 'NONE', *, *, #1651, .F. ) ;
#3285 = DIRECTION ( 'NONE',  ( -1.000000000000000000, 0.0000000000000000000, 0.0000000000000000000 ) ) ;
#3286 = VERTEX_POINT ( 'NONE', #10961 ) ;
#3287 = LINE ( 'NONE', #10722, #5930 ) ;
#3288 = AXIS2_PLACEMENT_3D ( 'NONE', #3196, #3016, #6694 ) ;
#3289 = LINE ( 'NONE', #534, #2460 ) ;
#3290 = LINE ( 'NONE', #6022, #10286 ) ;
#3292 = ORIENTED_EDGE ( 'NONE', *, *, #7086, .T. ) ;
#3291 = VECTOR ( 'NONE', #11235, 1000.000000000000000 ) ;
#3293 = SURFACE_STYLE_FILL_AREA ( #7031 ) ;
#3294 = SURFACE_STYLE_USAGE ( .BOTH. , #8645 ) ;
#3295 = EDGE_CURVE ( 'NONE', #6983, #649, #11140, .T. ) ;
#3296 = EDGE_LOOP ( 'NONE', ( #54, #8036, #3529, #5394 ) ) ;
#3297 = VECTOR ( 'NONE', #5906, 1000.000000000000114 ) ;
#3298 = DIRECTION ( 'NONE',  ( 0.0000000000000000000, 0.0000000000000000000, -1.000000000000000000 ) ) ;
#3299 = FACE_OUTER_BOUND ( 'NONE', #8518, .T. ) ;
#3300 = LINE ( 'NONE', #485, #445 ) ;
#3301 = DIRECTION ( 'NONE',  ( -0.0000000000000000000, -0.0000000000000000000, 1.000000000000000000 ) ) ;
#3302 = VERTEX_POINT ( 'NONE', #1253 ) ;
#3303 = ORIENTED_EDGE ( 'NONE', *, *, #5112, .T. ) ;
#3304 = ORIENTED_EDGE ( 'NONE', *, *, #88, .F. ) ;
#3305 = EDGE_LOOP ( 'NONE', ( #10831, #1836, #9664, #310 ) ) ;
#3306 = SURFACE_STYLE_FILL_AREA ( #2475 ) ;
#3307 = CIRCLE ( 'NONE', #11671, 0.2500000000000002220 ) ;
#3308 = EDGE_CURVE ( 'NONE', #5593, #4883, #2989, .T. ) ;
#3309 = CARTESIAN_POINT ( 'NONE',  ( 5.404166936174435776, 2.399999999999999467, -6.510638309597168494 ) ) ;
#3310 = FILL_AREA_STYLE_COLOUR ( '', #8508 ) ;
#3311 = ADVANCED_BREP_SHAPE_REPRESENTATION ( '2087FD5E-30B6-4EF6-B1D4-242A8EED0A38', ( #1026, #6854 ), #11041 ) ;
#3312 = LINE ( 'NONE', #9673, #7626 ) ;
#3313 = ORIENTED_EDGE ( 'NONE', *, *, #5609, .T. ) ;
#3314 = CYLINDRICAL_SURFACE ( 'NONE', #3729, 0.2500000000000019429 ) ;
#3315 = ADVANCED_FACE ( 'NONE', ( #8456 ), #4645, .T. ) ;
#3316 = ORIENTED_EDGE ( 'NONE', *, *, #408, .F. ) ;
#3317 = EDGE_CURVE ( 'NONE', #5486, #9826, #3831, .T. ) ;
#3318 = DIRECTION ( 'NONE',  ( 0.0000000000000000000, -4.336808689941984209E-16, -1.000000000000000000 ) ) ;
#3319 = CYLINDRICAL_SURFACE ( 'NONE', #7462, 0.2500000000000002220 ) ;
#3320 = CARTESIAN_POINT ( 'NONE',  ( 6.337500047683898075, 2.389999999999999680, -6.510638308524995033 ) ) ;
#3321 = CARTESIAN_POINT ( 'NONE',  ( 5.870833492278999977, 2.389999999999999680, -8.000000000000000000 ) ) ;
#3322 = PRESENTATION_LAYER_ASSIGNMENT (  '', '', ( #10529 ) ) ;
#3323 = CARTESIAN_POINT ( 'NONE',  ( 16.32000000000000028, -0.02448876244737000288, -12.19999999999999929 ) ) ;
#3324 = ORIENTED_EDGE ( 'NONE', *, *, #7244, .F. ) ;
#3325 = PLANE ( 'NONE',  #2505 ) ;
#3326 = EDGE_CURVE ( 'NONE', #9959, #6119, #2933, .T. ) ;
#3327 = FACE_OUTER_BOUND ( 'NONE', #7645, .T. ) ;
#3328 = AXIS2_PLACEMENT_3D ( 'NONE', #9165, #8219, #8397 ) ;
#3329 = CARTESIAN_POINT ( 'NONE',  ( 6.500000000000000888, 0.8200000000000300382, -12.19999999999999929 ) ) ;
#3330 = EDGE_CURVE ( 'NONE', #11083, #11155, #6898, .T. ) ;
#3331 = PLANE ( 'NONE',  #3668 ) ;
#3332 = VECTOR ( 'NONE', #7766, 1000.000000000000000 ) ;
#3333 = CYLINDRICAL_SURFACE ( 'NONE', #5509, 0.2500000000000002220 ) ;
#3334 =( GEOMETRIC_REPRESENTATION_CONTEXT ( 3 ) GLOBAL_UNCERTAINTY_ASSIGNED_CONTEXT ( ( #11116 ) ) GLOBAL_UNIT_ASSIGNED_CONTEXT ( ( #3073, #11164, #2901 ) ) REPRESENTATION_CONTEXT ( 'NONE', 'WORKASPACE' ) );
#3335 = AXIS2_PLACEMENT_3D ( 'NONE', #4876, #10289, #4116 ) ;
#3336 = CARTESIAN_POINT ( 'NONE',  ( 8.116666769981499385, 2.389999999999999680, -6.510638308524999474 ) ) ;
#3337 = ORIENTED_EDGE ( 'NONE', *, *, #6963, .T. ) ;
#3338 = EDGE_CURVE ( 'NONE', #3474, #5083, #3163, .T. ) ;
#3339 = DIRECTION ( 'NONE',  ( 0.0000000000000000000, 1.000000000000000000, 0.0000000000000000000 ) ) ;
#3340 = DIRECTION ( 'NONE',  ( 0.0000000000000000000, -1.000000000000000000, 2.168404344971021934E-16 ) ) ;
#3341 = CIRCLE ( 'NONE', #7311, 0.2499999999999993616 ) ;
#3342 = VECTOR ( 'NONE', #2419, 1000.000000000000000 ) ;
#3343 = ORIENTED_EDGE ( 'NONE', *, *, #4623, .T. ) ;
#3344 = SURFACE_STYLE_FILL_AREA ( #643 ) ;
#3345 = LINE ( 'NONE', #6957, #9010 ) ;
#3346 = FACE_OUTER_BOUND ( 'NONE', #9005, .T. ) ;
#3347 = CARTESIAN_POINT ( 'NONE',  ( 5.229166603088000187, 2.389999999999999680, -7.821276601404001383 ) ) ;
#3348 = LINE ( 'NONE', #6073, #7396 ) ;
#3349 = ORIENTED_EDGE ( 'NONE', *, *, #3188, .T. ) ;
#3350 = ORIENTED_EDGE ( 'NONE', *, *, #10943, .T. ) ;
#3351 = LINE ( 'NONE', #771, #10395 ) ;
#3352 = ORIENTED_EDGE ( 'NONE', *, *, #927, .F. ) ;
#3353 = DIRECTION ( 'NONE',  ( -0.0000000000000000000, 1.000000000000000000, -0.0000000000000000000 ) ) ;
#3354 = COLOUR_RGB ( '',0.8313725490196077761, 0.8509803921568627194, 0.8313725490196077761 ) ;
#3355 = AXIS2_PLACEMENT_3D ( 'NONE', #9598, #5788, #4889 ) ;
#3356 = EDGE_CURVE ( 'NONE', #2745, #5015, #7731, .T. ) ;
#3357 = LINE ( 'NONE', #9653, #1942 ) ;
#3358 = ORIENTED_EDGE ( 'NONE', *, *, #5860, .F. ) ;
#3359 = PLANE ( 'NONE',  #5613 ) ;
#3360 = CARTESIAN_POINT ( 'NONE',  ( 1.700000000000000178, 0.004999999999999999237, -11.29999999999750848 ) ) ;
#3361 = VECTOR ( 'NONE', #7435, 1000.000000000000000 ) ;
#3362 = ORIENTED_EDGE ( 'NONE', *, *, #10993, .F. ) ;
#3363 = DIRECTION ( 'NONE',  ( -1.000000000000000000, 0.0000000000000000000, 0.0000000000000000000 ) ) ;
#3364 = FACE_OUTER_BOUND ( 'NONE', #9418, .T. ) ;
#3365 = LINE ( 'NONE', #5846, #9187 ) ;
#3366 = ORIENTED_EDGE ( 'NONE', *, *, #697, .T. ) ;
#3367 = ORIENTED_EDGE ( 'NONE', *, *, #1060, .F. ) ;
#3368 = ORIENTED_EDGE ( 'NONE', *, *, #8869, .T. ) ;
#3369 = CARTESIAN_POINT ( 'NONE',  ( 7.200000000000001066, 0.004999999999999999237, -3.388131789017201356E-18 ) ) ;
#3370 = EDGE_CURVE ( 'NONE', #7402, #8784, #11438, .T. ) ;
#3371 = PLANE ( 'NONE',  #7407 ) ;
#3372 = FILL_AREA_STYLE ('',( #3310 ) ) ;
#3373 = CARTESIAN_POINT ( 'NONE',  ( 6.099999999999999645, 0.0000000000000000000, -6.099999999999998757 ) ) ;
#3374 = ORIENTED_EDGE ( 'NONE', *, *, #3535, .F. ) ;
#3375 = DIRECTION ( 'NONE',  ( 0.0000000000000000000, 0.0000000000000000000, -1.000000000000000000 ) ) ;
#3376 = ORIENTED_EDGE ( 'NONE', *, *, #10616, .T. ) ;
#3377 = LINE ( 'NONE', #4147, #454 ) ;
#3378 = DIRECTION ( 'NONE',  ( -0.6996255164454503461, 0.0000000000000000000, -0.7145097177354809981 ) ) ;
#3379 = CARTESIAN_POINT ( 'NONE',  ( 13.65000000000000213, 0.4100000000000150746, 0.0000000000000000000 ) ) ;
#3380 = VECTOR ( 'NONE', #3096, 1000.000000000000000 ) ;
#3381 = DIRECTION ( 'NONE',  ( 0.0000000000000000000, 1.000000000000000000, 0.0000000000000000000 ) ) ;
#3382 = DIRECTION ( 'NONE',  ( 0.0000000000000000000, 0.0000000000000000000, -1.000000000000000000 ) ) ;
#3383 = ORIENTED_EDGE ( 'NONE', *, *, #4791, .F. ) ;
#3384 = UNCERTAINTY_MEASURE_WITH_UNIT (LENGTH_MEASURE( 1.000000000000000082E-05 ), #11286, 'distance_accuracy_value', 'NONE');
#3385 = EDGE_CURVE ( 'NONE', #9899, #4714, #10403, .T. ) ;
#3386 = ADVANCED_FACE ( 'NONE', ( #2205 ), #4056, .F. ) ;
#3387 = CARTESIAN_POINT ( 'NONE',  ( 7.200000000000001066, 0.0000000000000000000, -6.100000000000000533 ) ) ;
#3388 = CARTESIAN_POINT ( 'NONE',  ( 11.00000000000000000, 0.004999999999999999237, -0.9000000000000298872 ) ) ;
#3389 = CARTESIAN_POINT ( 'NONE',  ( 0.7500000000000000000, 2.149999999999999911, -11.49999999999998934 ) ) ;
#3390 = DIRECTION ( 'NONE',  ( 0.0000000000000000000, 0.0000000000000000000, 1.000000000000000000 ) ) ;
#3391 = DIRECTION ( 'NONE',  ( -0.0000000000000000000, -1.000000000000000000, -0.0000000000000000000 ) ) ;
#3392 = DIRECTION ( 'NONE',  ( -1.000000000000000000, 0.0000000000000000000, 0.0000000000000000000 ) ) ;
#3393 = EDGE_CURVE ( 'NONE', #7866, #10197, #9643, .T. ) ;
#3394 = FACE_OUTER_BOUND ( 'NONE', #8637, .T. ) ;
#3395 = EDGE_LOOP ( 'NONE', ( #4697, #6203, #8960, #3902 ) ) ;
#3396 = COLOUR_RGB ( '',0.9803921568627450567, 0.6274509803921568540, 0.0000000000000000000 ) ;
#3397 = EDGE_CURVE ( 'NONE', #9634, #4009, #3998, .T. ) ;
#3398 =( NAMED_UNIT ( * ) SI_UNIT ( $, .STERADIAN. ) SOLID_ANGLE_UNIT ( ) );
#3399 = COLOUR_RGB ( '',0.8313725490196077761, 0.8509803921568627194, 0.8313725490196077761 ) ;
#3400 = DIRECTION ( 'NONE',  ( 0.0000000000000000000, 0.0000000000000000000, -1.000000000000000000 ) ) ;
#3401 = ORIENTED_EDGE ( 'NONE', *, *, #7086, .F. ) ;
#3402 = CARTESIAN_POINT ( 'NONE',  ( 2.500000000000000444, 1.058791184067875424E-19, -1.490354470693941447E-14 ) ) ;
#3403 = VECTOR ( 'NONE', #5288, 1000.000000000000000 ) ;
#3404 = DIRECTION ( 'NONE',  ( 0.5466232777021646783, -0.0000000000000000000, -0.8373786433114603911 ) ) ;
#3405 = ADVANCED_FACE ( 'NONE', ( #1312 ), #3104, .F. ) ;
#3406 = CARTESIAN_POINT ( 'NONE',  ( 8.000000000000000000, 0.8199999999999999512, -12.19999999999999929 ) ) ;
#3407 = VECTOR ( 'NONE', #11462, 1000.000000000000000 ) ;
#3408 = CARTESIAN_POINT ( 'NONE',  ( 8.058333325386000112, 2.389999999999999680, -6.689361691474999816 ) ) ;
#3409 = VERTEX_POINT ( 'NONE', #10598 ) ;
#3410 = ORIENTED_EDGE ( 'NONE', *, *, #3885, .T. ) ;
#3411 = CARTESIAN_POINT ( 'NONE',  ( 8.000000000000000000, 0.009999999999999995004, -12.19999999999999929 ) ) ;
#3412 = EDGE_LOOP ( 'NONE', ( #9599, #7160, #1510, #11146 ) ) ;
#3413 = VECTOR ( 'NONE', #3381, 1000.000000000000000 ) ;
#3414 = CARTESIAN_POINT ( 'NONE',  ( 8.729166603088000187, 2.389999999999999680, -6.391489386558999897 ) ) ;
#3415 = CARTESIAN_POINT ( 'NONE',  ( 8.000000000000000000, 0.8199999999999999512, 0.0000000000000000000 ) ) ;
#3416 = VECTOR ( 'NONE', #5663, 1000.000000000000000 ) ;
#3417 = DIRECTION ( 'NONE',  ( 0.0000000000000000000, -4.336808689942013792E-16, -1.000000000000000000 ) ) ;
#3418 = ORIENTED_EDGE ( 'NONE', *, *, #5730, .F. ) ;
#3419 = CARTESIAN_POINT ( 'NONE',  ( 1.000000000000000000, 0.8200000000000300382, -12.19999999999999929 ) ) ;
#3420 = CARTESIAN_POINT ( 'NONE',  ( 3.304166936873910831, 2.399999999999999911, -7.046808540820924449 ) ) ;
#3421 = VECTOR ( 'NONE', #4119, 1000.000000000000114 ) ;
#3422 = ORIENTED_EDGE ( 'NONE', *, *, #3091, .F. ) ;
#3423 = FILL_AREA_STYLE ('',( #7264 ) ) ;
#3424 = EDGE_CURVE ( 'NONE', #5840, #8011, #6833, .T. ) ;
#3425 = DIRECTION ( 'NONE',  ( -1.000000000000000000, 0.0000000000000000000, 0.0000000000000000000 ) ) ;
#3426 = CARTESIAN_POINT ( 'NONE',  ( 8.000000000000000000, 0.8199999999999999512, -11.75000000000000000 ) ) ;
#3427 = CARTESIAN_POINT ( 'NONE',  ( 4.700000000000001066, 0.4100000000000150746, 0.0000000000000000000 ) ) ;
#3428 = VERTEX_POINT ( 'NONE', #9709 ) ;
#3429 = ORIENTED_EDGE ( 'NONE', *, *, #8349, .T. ) ;
#3430 = AXIS2_PLACEMENT_3D ( 'NONE', #3897, #9356, #5009 ) ;
#3431 = VERTEX_POINT ( 'NONE', #9585 ) ;
#3432 =( LENGTH_UNIT ( ) NAMED_UNIT ( * ) SI_UNIT ( .MILLI., .METRE. ) );
#3433 = VECTOR ( 'NONE', #5881, 1000.000000000000000 ) ;
#3434 = CARTESIAN_POINT ( 'NONE',  ( 15.49998889677723923, 2.147643840391713521, -0.5466590002291075168 ) ) ;
#3435 = CARTESIAN_POINT ( 'NONE',  ( 1.675511237553000132, 0.01020000000000000073, -0.9000000000000001332 ) ) ;
#3436 = EDGE_LOOP ( 'NONE', ( #2267, #2725, #10756, #739 ) ) ;
#3437 =( LENGTH_UNIT ( ) NAMED_UNIT ( * ) SI_UNIT ( .MILLI., .METRE. ) );
#3438 = VERTEX_POINT ( 'NONE', #1374 ) ;
#3439 = SURFACE_STYLE_USAGE ( .BOTH. , #2661 ) ;
#3440 = FILL_AREA_STYLE ('',( #11583 ) ) ;
#3441 = AXIS2_PLACEMENT_3D ( 'NONE', #6521, #4914, #3136 ) ;
#3442 = DIRECTION ( 'NONE',  ( 0.0000000000000000000, 0.0000000000000000000, 1.000000000000000000 ) ) ;
#3443 = CARTESIAN_POINT ( 'NONE',  ( 7.270833158493000603, 2.399999999999999911, -0.4330000000000000515 ) ) ;
#3444 = ORIENTED_EDGE ( 'NONE', *, *, #10741, .F. ) ;
#3445 = DIRECTION ( 'NONE',  ( 0.0000000000000000000, 0.0000000000000000000, -1.000000000000000000 ) ) ;
#3446 = VECTOR ( 'NONE', #2168, 1000.000000000000114 ) ;
#3447 = VERTEX_POINT ( 'NONE', #4118 ) ;
#3448 = CARTESIAN_POINT ( 'NONE',  ( 0.4599999999999999645, 2.399999999999999911, -8.000000000000000000 ) ) ;
#3449 = VECTOR ( 'NONE', #3720, 1000.000000000000000 ) ;
#3450 = CARTESIAN_POINT ( 'NONE',  ( 12.22916668653000016, 2.389999999999999680, -7.880851067602999471 ) ) ;
#3451 = DIRECTION ( 'NONE',  ( 1.000000000000000000, 0.0000000000000000000, 0.0000000000000000000 ) ) ;
#3452 = DIRECTION ( 'NONE',  ( 0.9689177459678657289, 0.0000000000000000000, 0.2473831068374525155 ) ) ;
#3453 = AXIS2_PLACEMENT_3D ( 'NONE', #10883, #2790, #9206 ) ;
#3454 = CARTESIAN_POINT ( 'NONE',  ( 5.870833492278999088, 2.399999999999999911, -6.331914925574999131 ) ) ;
#3455 = FILL_AREA_STYLE_COLOUR ( '', #46 ) ;
#3456 = EDGE_CURVE ( 'NONE', #1572, #948, #10473, .T. ) ;
#3457 = AXIS2_PLACEMENT_3D ( 'NONE', #6371, #8277, #1807 ) ;
#3458 =( GEOMETRIC_REPRESENTATION_CONTEXT ( 3 ) GLOBAL_UNCERTAINTY_ASSIGNED_CONTEXT ( ( #3260 ) ) GLOBAL_UNIT_ASSIGNED_CONTEXT ( ( #7713, #9961, #5552 ) ) REPRESENTATION_CONTEXT ( 'NONE', 'WORKASPACE' ) );
#3459 = DIRECTION ( 'NONE',  ( 0.0000000000000000000, 0.0000000000000000000, -1.000000000000000000 ) ) ;
#3460 = COLOUR_RGB ( '',0.9803921568627450567, 0.6274509803921568540, 0.0000000000000000000 ) ;
#3461 = AXIS2_PLACEMENT_3D ( 'NONE', #269, #3914, #11162 ) ;
#3462 = DIRECTION ( 'NONE',  ( 1.000000000000000000, 0.0000000000000000000, 0.0000000000000000000 ) ) ;
#3463 = DIRECTION ( 'NONE',  ( 1.000000000000000000, 0.0000000000000000000, 0.0000000000000000000 ) ) ;
#3464 = EDGE_CURVE ( 'NONE', #8824, #966, #5000, .T. ) ;
#3465 = CIRCLE ( 'NONE', #7429, 0.2500000000000002220 ) ;
#3466 = ORIENTED_EDGE ( 'NONE', *, *, #8973, .F. ) ;
#3467 = EDGE_CURVE ( 'NONE', #10052, #10039, #5830, .T. ) ;
#3468 = EDGE_CURVE ( 'NONE', #8268, #3675, #526, .T. ) ;
#3469 = DIRECTION ( 'NONE',  ( 1.000000000000000000, 0.0000000000000000000, 0.0000000000000000000 ) ) ;
#3470 = FACE_OUTER_BOUND ( 'NONE', #6510, .T. ) ;
#3471 = FILL_AREA_STYLE_COLOUR ( '', #6102 ) ;
#3472 = DIRECTION ( 'NONE',  ( 0.6506283051932760797, 0.0000000000000000000, -0.7593963447906009190 ) ) ;
#3473 = ORIENTED_EDGE ( 'NONE', *, *, #594, .F. ) ;
#3474 = VERTEX_POINT ( 'NONE', #4234 ) ;
#3475 = CARTESIAN_POINT ( 'NONE',  ( 11.69834404977000020, 2.389799999999999702, -7.904637522058999721 ) ) ;
#3476 = VERTEX_POINT ( 'NONE', #7853 ) ;
#3477 = CARTESIAN_POINT ( 'NONE',  ( 8.000000000000000000, 0.009999999999999995004, 0.0000000000000000000 ) ) ;
#3478 = PLANE ( 'NONE',  #8346 ) ;
#3479 = AXIS2_PLACEMENT_3D ( 'NONE', #11422, #3986, #4925 ) ;
#3480 = EDGE_CURVE ( 'NONE', #3808, #6498, #11497, .T. ) ;
#3481 = DIRECTION ( 'NONE',  ( 0.9713211618433942318, 0.0000000000000000000, -0.2377713198752085255 ) ) ;
#3482 = VERTEX_POINT ( 'NONE', #8576 ) ;
#3483 = FILL_AREA_STYLE_COLOUR ( '', #3354 ) ;
#3484 = DIRECTION ( 'NONE',  ( 0.0000000000000000000, 0.0000000000000000000, 1.000000000000000000 ) ) ;
#3485 = ORIENTED_EDGE ( 'NONE', *, *, #4100, .F. ) ;
#3486 = EDGE_CURVE ( 'NONE', #11476, #665, #417, .T. ) ;
#3487 = CARTESIAN_POINT ( 'NONE',  ( -5.421010862427522170E-17, 0.0000000000000000000, -12.19999999999999929 ) ) ;
#3488 = PLANE ( 'NONE',  #10128 ) ;
#3489 = CARTESIAN_POINT ( 'NONE',  ( 8.000000000000000000, 0.0000000000000000000, -12.19999999999999929 ) ) ;
#3490 = DIRECTION ( 'NONE',  ( 1.000000000000000000, -0.0000000000000000000, -0.0000000000000000000 ) ) ;
#3491 = VECTOR ( 'NONE', #11409, 1000.000000000000000 ) ;
#3492 = EDGE_LOOP ( 'NONE', ( #9999, #9533, #923, #1521 ) ) ;
#3493 = ORIENTED_EDGE ( 'NONE', *, *, #11728, .T. ) ;
#3494 = ORIENTED_EDGE ( 'NONE', *, *, #11627, .T. ) ;
#3495 = CARTESIAN_POINT ( 'NONE',  ( 6.454166936873999560, 2.389999999999999680, -7.404255306720999741 ) ) ;
#3496 = EDGE_CURVE ( 'NONE', #3482, #11083, #8515, .T. ) ;
#3497 = VECTOR ( 'NONE', #2009, 1000.000000000000000 ) ;
#3498 = VECTOR ( 'NONE', #8130, 1000.000000000000000 ) ;
#3499 = CARTESIAN_POINT ( 'NONE',  ( 8.516075884814998886, 2.389799999999999702, -7.954207588461000178 ) ) ;
#3500 =( GEOMETRIC_REPRESENTATION_CONTEXT ( 3 ) GLOBAL_UNCERTAINTY_ASSIGNED_CONTEXT ( ( #4093 ) ) GLOBAL_UNIT_ASSIGNED_CONTEXT ( ( #2943, #23, #4716 ) ) REPRESENTATION_CONTEXT ( 'NONE', 'WORKASPACE' ) );
#3501 = ORIENTED_EDGE ( 'NONE', *, *, #4498, .T. ) ;
#3502 = EDGE_LOOP ( 'NONE', ( #3646, #9898, #7542, #4969 ) ) ;
#3503 = PLANE ( 'NONE',  #2338 ) ;
#3504 = LINE ( 'NONE', #6272, #10133 ) ;
#3505 = CARTESIAN_POINT ( 'NONE',  ( 15.40000000000000036, 0.0000000000000000000, -0.9000000000000298872 ) ) ;
#3506 = ORIENTED_EDGE ( 'NONE', *, *, #7033, .T. ) ;
#3507 = ORIENTED_EDGE ( 'NONE', *, *, #9357, .F. ) ;
#3508 = EDGE_LOOP ( 'NONE', ( #6965, #1646, #7224, #11381, #1463, #8048, #5657, #11407 ) ) ;
#3509 = UNCERTAINTY_MEASURE_WITH_UNIT (LENGTH_MEASURE( 1.000000000000000082E-05 ), #10939, 'distance_accuracy_value', 'NONE');
#3510 = DIRECTION ( 'NONE',  ( -0.2377713198752085810, 0.0000000000000000000, -0.9713211618433943428 ) ) ;
#3511 = EDGE_CURVE ( 'NONE', #2418, #4413, #7251, .T. ) ;
#3512 = CARTESIAN_POINT ( 'NONE',  ( 0.4688160056707237899, 2.095572162718317255, -0.5993200764031458849 ) ) ;
#3513 = DIRECTION ( 'NONE',  ( 0.0000000000000000000, 0.0000000000000000000, 1.000000000000000000 ) ) ;
#3514 = CIRCLE ( 'NONE', #5011, 0.2500000000000002220 ) ;
#3515 = DIRECTION ( 'NONE',  ( -0.0000000000000000000, 1.000000000000000000, -2.168404344970999747E-16 ) ) ;
#3516 = DIRECTION ( 'NONE',  ( 0.0000000000000000000, 0.0000000000000000000, -1.000000000000000000 ) ) ;
#3517 = CARTESIAN_POINT ( 'NONE',  ( 3.900000000000189093, 1.588186776101813136E-19, -11.29999999999937899 ) ) ;
#3518 = UNCERTAINTY_MEASURE_WITH_UNIT (LENGTH_MEASURE( 1.000000000000000082E-05 ), #1282, 'distance_accuracy_value', 'NONE');
#3519 = FILL_AREA_STYLE ('',( #815 ) ) ;
#3520 = ADVANCED_FACE ( 'NONE', ( #9879 ), #7077, .F. ) ;
#3521 = DIRECTION ( 'NONE',  ( 0.0000000000000000000, 0.0000000000000000000, -1.000000000000000000 ) ) ;
#3522 = ORIENTED_EDGE ( 'NONE', *, *, #4032, .F. ) ;
#3523 =( LENGTH_UNIT ( ) NAMED_UNIT ( * ) SI_UNIT ( .MILLI., .METRE. ) );
#3524 = VECTOR ( 'NONE', #2838, 1000.000000000000000 ) ;
#3525 = AXIS2_PLACEMENT_3D ( 'NONE', #8276, #8454, #295 ) ;
#3526 = DIRECTION ( 'NONE',  ( 1.000000000000000000, 0.0000000000000000000, 0.0000000000000000000 ) ) ;
#3527 = DIRECTION ( 'NONE',  ( 0.0000000000000000000, 0.0000000000000000000, 1.000000000000000000 ) ) ;
#3528 = CARTESIAN_POINT ( 'NONE',  ( 1.850000000000001421, 0.009999999999987104274, -12.19999999999999929 ) ) ;
#3529 = ORIENTED_EDGE ( 'NONE', *, *, #397, .F. ) ;
#3530 = EDGE_CURVE ( 'NONE', #781, #5300, #4579, .T. ) ;
#3531 = EDGE_LOOP ( 'NONE', ( #6917, #1140, #617, #2049 ) ) ;
#3532 = ORIENTED_EDGE ( 'NONE', *, *, #8908, .T. ) ;
#3533 = VERTEX_POINT ( 'NONE', #3581 ) ;
#3534 = PLANE ( 'NONE',  #10241 ) ;
#3535 = EDGE_CURVE ( 'NONE', #4647, #5614, #9767, .T. ) ;
#3536 = ADVANCED_FACE ( 'NONE', ( #9823 ), #4410, .F. ) ;
#3537 = VECTOR ( 'NONE', #6039, 1000.000000000000000 ) ;
#3538 = DIRECTION ( 'NONE',  ( -0.0000000000000000000, -1.000000000000000000, -0.0000000000000000000 ) ) ;
#3539 = ORIENTED_EDGE ( 'NONE', *, *, #5071, .F. ) ;
#3540 = ORIENTED_EDGE ( 'NONE', *, *, #7164, .F. ) ;
#3541 = CARTESIAN_POINT ( 'NONE',  ( 0.4599999999999999645, 2.399999999999999911, -6.093617081642001665 ) ) ;
#3542 = FACE_OUTER_BOUND ( 'NONE', #2993, .T. ) ;
#3543 = LINE ( 'NONE', #5429, #6525 ) ;
#3544 = VECTOR ( 'NONE', #9419, 1000.000000000000000 ) ;
#3545 = DIRECTION ( 'NONE',  ( 0.0000000000000000000, 0.0000000000000000000, 1.000000000000000000 ) ) ;
#3546 = COLOUR_RGB ( '',0.0000000000000000000, 0.5803921568627450345, 0.0000000000000000000 ) ;
#3547 = ORIENTED_EDGE ( 'NONE', *, *, #5638, .F. ) ;
#3548 = EDGE_CURVE ( 'NONE', #11691, #10250, #2690, .T. ) ;
#3549 = ORIENTED_EDGE ( 'NONE', *, *, #5202, .T. ) ;
#3550 = ORIENTED_EDGE ( 'NONE', *, *, #6001, .F. ) ;
#3551 = CARTESIAN_POINT ( 'NONE',  ( -0.3200000000000000622, 0.0000000000000000000, 0.2439999999999999947 ) ) ;
#3552 = DIRECTION ( 'NONE',  ( 0.0000000000000000000, 0.0000000000000000000, -1.000000000000000000 ) ) ;
#3553 = EDGE_CURVE ( 'NONE', #3833, #5974, #11669, .T. ) ;
#3554 = VECTOR ( 'NONE', #6424, 1000.000000000000000 ) ;
#3555 = LINE ( 'NONE', #5489, #10481 ) ;
#3556 = ORIENTED_EDGE ( 'NONE', *, *, #6593, .F. ) ;
#3557 = DIRECTION ( 'NONE',  ( 0.0000000000000000000, 1.000000000000000000, 0.0000000000000000000 ) ) ;
#3558 = EDGE_LOOP ( 'NONE', ( #4312, #6149, #6919, #5983 ) ) ;
#3559 = DIRECTION ( 'NONE',  ( 0.0000000000000000000, 0.0000000000000000000, 1.000000000000000000 ) ) ;
#3560 = CARTESIAN_POINT ( 'NONE',  ( 5.287500047683801441, 2.399999999999999911, -6.212766003608805931 ) ) ;
#3561 = DIRECTION ( 'NONE',  ( 0.0000000000000000000, 0.0000000000000000000, -1.000000000000000000 ) ) ;
#3562 = ORIENTED_EDGE ( 'NONE', *, *, #9440, .T. ) ;
#3563 = EDGE_CURVE ( 'NONE', #8831, #11636, #10659, .T. ) ;
#3564 = ORIENTED_EDGE ( 'NONE', *, *, #11037, .F. ) ;
#3565 = EDGE_CURVE ( 'NONE', #9668, #9858, #6300, .T. ) ;
#3566 = ORIENTED_EDGE ( 'NONE', *, *, #5130, .F. ) ;
#3567 = LINE ( 'NONE', #1712, #4433 ) ;
#3568 = DIRECTION ( 'NONE',  ( 0.0000000000000000000, 0.0000000000000000000, 1.000000000000000000 ) ) ;
#3569 = CARTESIAN_POINT ( 'NONE',  ( 2.499999999999811262, 1.588186776101813136E-19, -0.9000000000000077938 ) ) ;
#3570 = CARTESIAN_POINT ( 'NONE',  ( 9.079166603088651755, 2.399999999999999911, -6.093617081642002553 ) ) ;
#3571 = CARTESIAN_POINT ( 'NONE',  ( 14.75000000000000000, 0.8200000000000149392, 0.0000000000000000000 ) ) ;
#3572 = EDGE_CURVE ( 'NONE', #6551, #10890, #10773, .T. ) ;
#3573 = SURFACE_STYLE_FILL_AREA ( #1719 ) ;
#3574 = VERTEX_POINT ( 'NONE', #7135 ) ;
#3575 = DIRECTION ( 'NONE',  ( 0.8981387900083277476, 0.0000000000000000000, -0.4397120806645832269 ) ) ;
#3576 = DIRECTION ( 'NONE',  ( -0.0000000000000000000, -1.000000000000000000, -0.0000000000000000000 ) ) ;
#3577 = VECTOR ( 'NONE', #5337, 1000.000000000000000 ) ;
#3578 = VERTEX_POINT ( 'NONE', #2630 ) ;
#3579 = FACE_OUTER_BOUND ( 'NONE', #2893, .T. ) ;
#3580 = LINE ( 'NONE', #10886, #8582 ) ;
#3581 = CARTESIAN_POINT ( 'NONE',  ( 6.900000000000000355, 0.009999999999999989800, 0.0000000000000000000 ) ) ;
#3582 = VECTOR ( 'NONE', #4689, 1000.000000000000000 ) ;
#3583 = CARTESIAN_POINT ( 'NONE',  ( 14.59999999999999964, 0.004999999999999999237, -3.388131789017201356E-18 ) ) ;
#3584 = ORIENTED_EDGE ( 'NONE', *, *, #3269, .F. ) ;
#3585 = ORIENTED_EDGE ( 'NONE', *, *, #2653, .F. ) ;
#3586 = DIRECTION ( 'NONE',  ( -1.000000000000000000, 0.0000000000000000000, 0.0000000000000000000 ) ) ;
#3587 = ORIENTED_EDGE ( 'NONE', *, *, #5799, .T. ) ;
#3588 = ORIENTED_EDGE ( 'NONE', *, *, #10358, .F. ) ;
#3589 = DIRECTION ( 'NONE',  ( -0.0000000000000000000, 1.000000000000000000, -0.0000000000000000000 ) ) ;
#3590 = CARTESIAN_POINT ( 'NONE',  ( 13.20000000000000107, 1.058791184067875424E-19, -1.490354470693941447E-14 ) ) ;
#3591 = LINE ( 'NONE', #8936, #1292 ) ;
#3592 = MECHANICAL_DESIGN_GEOMETRIC_PRESENTATION_REPRESENTATION (  '', ( #2057 ), #6606 ) ;
#3593 = VERTEX_POINT ( 'NONE', #9040 ) ;
#3594 = LINE ( 'NONE', #183, #10363 ) ;
#3595 = VECTOR ( 'NONE', #5166, 1000.000000000000000 ) ;
#3596 = CARTESIAN_POINT ( 'NONE',  ( 5.000000000000000000, 0.4100000000000150191, -12.19999999999999929 ) ) ;
#3597 = EDGE_CURVE ( 'NONE', #4018, #3533, #3642, .T. ) ;
#3598 = EDGE_CURVE ( 'NONE', #8329, #3005, #10276, .T. ) ;
#3599 = FACE_OUTER_BOUND ( 'NONE', #1860, .T. ) ;
#3600 = ORIENTED_EDGE ( 'NONE', *, *, #6637, .F. ) ;
#3601 = ORIENTED_EDGE ( 'NONE', *, *, #6004, .F. ) ;
#3602 = EDGE_LOOP ( 'NONE', ( #11163, #5064, #2753, #11090 ) ) ;
#3603 = SURFACE_STYLE_FILL_AREA ( #845 ) ;
#3604 =( LENGTH_UNIT ( ) NAMED_UNIT ( * ) SI_UNIT ( .MILLI., .METRE. ) );
#3605 = COLOUR_RGB ( '',0.9803921568627450567, 0.6274509803921568540, 0.0000000000000000000 ) ;
#3606 = DIRECTION ( 'NONE',  ( 0.0000000000000000000, 0.0000000000000000000, -1.000000000000000000 ) ) ;
#3607 = ADVANCED_FACE ( 'NONE', ( #6241 ), #10726, .F. ) ;
#3608 = VERTEX_POINT ( 'NONE', #7028 ) ;
#3609 = FACE_OUTER_BOUND ( 'NONE', #1935, .T. ) ;
#3610 = VECTOR ( 'NONE', #6223, 1000.000000000000000 ) ;
#3611 = ORIENTED_EDGE ( 'NONE', *, *, #9319, .T. ) ;
#3612 = CARTESIAN_POINT ( 'NONE',  ( 9.487500047683759874, 2.389999999999999680, -6.570212769508017026 ) ) ;
#3613 = LINE ( 'NONE', #8234, #2539 ) ;
#3614 = ADVANCED_FACE ( 'NONE', ( #9776 ), #8881, .F. ) ;
#3615 = CARTESIAN_POINT ( 'NONE',  ( 13.51250004768000501, 2.399999999999999911, -0.4330000000000000515 ) ) ;
#3616 = ADVANCED_FACE ( 'NONE', ( #889 ), #834, .F. ) ;
#3617 = LINE ( 'NONE', #7222, #1879 ) ;
#3618 = ORIENTED_EDGE ( 'NONE', *, *, #2145, .F. ) ;
#3619 = ORIENTED_EDGE ( 'NONE', *, *, #1451, .T. ) ;
#3620 = VECTOR ( 'NONE', #5079, 1000.000000000000000 ) ;
#3621 = EDGE_LOOP ( 'NONE', ( #1377, #6440, #10924, #6447 ) ) ;
#3622 = VERTEX_POINT ( 'NONE', #7984 ) ;
#3623 = CARTESIAN_POINT ( 'NONE',  ( 6.687500047684092230, 2.394999999999999574, -6.510638308525407147 ) ) ;
#3624 = CARTESIAN_POINT ( 'NONE',  ( 6.804166936874267435, 2.394999999999999574, -6.927659535407751257 ) ) ;
#3625 =( LENGTH_UNIT ( ) NAMED_UNIT ( * ) SI_UNIT ( .MILLI., .METRE. ) );
#3626 = EDGE_CURVE ( 'NONE', #6608, #5789, #1681, .T. ) ;
#3627 = AXIS2_PLACEMENT_3D ( 'NONE', #115, #879, #10948 ) ;
#3628 = CARTESIAN_POINT ( 'NONE',  ( 6.500000000000000888, 0.8200000000000300382, 0.0000000000000000000 ) ) ;
#3629 = DIRECTION ( 'NONE',  ( -0.9506444938508611386, 0.0000000000000000000, 0.3102822043093029780 ) ) ;
#3630 = VECTOR ( 'NONE', #6922, 1000.000000000000000 ) ;
#3631 = DIRECTION ( 'NONE',  ( -0.8906056220672361468, 0.0000000000000000000, -0.4547764571107780207 ) ) ;
#3632 = VERTEX_POINT ( 'NONE', #11732 ) ;
#3633 = PRESENTATION_STYLE_ASSIGNMENT (( #10766 ) ) ;
#3634 = UNCERTAINTY_MEASURE_WITH_UNIT (LENGTH_MEASURE( 1.000000000000000082E-05 ), #138, 'distance_accuracy_value', 'NONE');
#3635 =( GEOMETRIC_REPRESENTATION_CONTEXT ( 3 ) GLOBAL_UNCERTAINTY_ASSIGNED_CONTEXT ( ( #8014 ) ) GLOBAL_UNIT_ASSIGNED_CONTEXT ( ( #10875, #2677, #2734 ) ) REPRESENTATION_CONTEXT ( 'NONE', 'WORKASPACE' ) );
#3636 = PRESENTATION_LAYER_ASSIGNMENT (  '', '', ( #8750 ) ) ;
#3637 = EDGE_CURVE ( 'NONE', #11502, #4572, #6311, .T. ) ;
#3638 = EDGE_LOOP ( 'NONE', ( #6302, #11250, #10877, #1008 ) ) ;
#3639 = COLOUR_RGB ( '',0.8313725490196077761, 0.8509803921568627194, 0.8313725490196077761 ) ;
#3640 =( LENGTH_UNIT ( ) NAMED_UNIT ( * ) SI_UNIT ( .MILLI., .METRE. ) );
#3641 = DIRECTION ( 'NONE',  ( 0.0000000000000000000, 0.0000000000000000000, -1.000000000000000000 ) ) ;
#3642 = LINE ( 'NONE', #647, #7816 ) ;
#3643 = FILL_AREA_STYLE ('',( #11779 ) ) ;
#3644 =( GEOMETRIC_REPRESENTATION_CONTEXT ( 3 ) GLOBAL_UNCERTAINTY_ASSIGNED_CONTEXT ( ( #6700 ) ) GLOBAL_UNIT_ASSIGNED_CONTEXT ( ( #9690, #8669, #5224 ) ) REPRESENTATION_CONTEXT ( 'NONE', 'WORKASPACE' ) );
#3645 = ORIENTED_EDGE ( 'NONE', *, *, #2786, .T. ) ;
#3646 = ORIENTED_EDGE ( 'NONE', *, *, #2065, .F. ) ;
#3647 = DIRECTION ( 'NONE',  ( -0.0000000000000000000, -1.000000000000000000, -0.0000000000000000000 ) ) ;
#3648 = ORIENTED_EDGE ( 'NONE', *, *, #10686, .F. ) ;
#3649 = EDGE_LOOP ( 'NONE', ( #11781, #9238, #3834, #2227, #488, #1133, #8126 ) ) ;
#3650 = LINE ( 'NONE', #8097, #11397 ) ;
#3651 = FILL_AREA_STYLE_COLOUR ( '', #10077 ) ;
#3652 = VECTOR ( 'NONE', #2511, 1000.000000000000000 ) ;
#3653 = DIRECTION ( 'NONE',  ( 0.0000000000000000000, 1.000000000000000000, 0.0000000000000000000 ) ) ;
#3654 = VECTOR ( 'NONE', #6453, 1000.000000000000000 ) ;
#3655 = ORIENTED_EDGE ( 'NONE', *, *, #10068, .T. ) ;
#3656 = DIRECTION ( 'NONE',  ( -0.0000000000000000000, 1.000000000000000000, -0.0000000000000000000 ) ) ;
#3657 = FACE_OUTER_BOUND ( 'NONE', #2152, .T. ) ;
#3658 = DIRECTION ( 'NONE',  ( 0.0000000000000000000, -1.000000000000000000, 2.168404344971006649E-16 ) ) ;
#3659 = ORIENTED_EDGE ( 'NONE', *, *, #7953, .F. ) ;
#3660 = ORIENTED_EDGE ( 'NONE', *, *, #11075, .T. ) ;
#3661 = VERTEX_POINT ( 'NONE', #5190 ) ;
#3662 = AXIS2_PLACEMENT_3D ( 'NONE', #8761, #426, #10546 ) ;
#3663 = PLANE ( 'NONE',  #7014 ) ;
#3664 = EDGE_CURVE ( 'NONE', #5124, #9605, #3591, .T. ) ;
#3665 = VERTEX_POINT ( 'NONE', #7145 ) ;
#3666 = LINE ( 'NONE', #7274, #10555 ) ;
#3667 = EDGE_LOOP ( 'NONE', ( #4294, #10418, #5811, #11624, #9141, #2973, #11673, #3683 ) ) ;
#3668 = AXIS2_PLACEMENT_3D ( 'NONE', #5819, #4451, #9695 ) ;
#3669 = CARTESIAN_POINT ( 'NONE',  ( 6.750000000000000888, 0.8200000000000149392, -3.256119351777744805E-30 ) ) ;
#3670 = LINE ( 'NONE', #7276, #245 ) ;
#3671 = LINE ( 'NONE', #11096, #1787 ) ;
#3672 = CARTESIAN_POINT ( 'NONE',  ( 6.512500047683944970, 2.389999999999999680, -6.927659535407992841 ) ) ;
#3673 = VERTEX_POINT ( 'NONE', #11135 ) ;
#3674 = ORIENTED_EDGE ( 'NONE', *, *, #9258, .F. ) ;
#3675 = VERTEX_POINT ( 'NONE', #6420 ) ;
#3676 = ADVANCED_FACE ( 'NONE', ( #1852 ), #7432, .F. ) ;
#3677 = VECTOR ( 'NONE', #10382, 1000.000000000000000 ) ;
#3678 = LINE ( 'NONE', #2671, #2707 ) ;
#3679 = ADVANCED_FACE ( 'NONE', ( #11071 ), #6538, .T. ) ;
#3680 = EDGE_CURVE ( 'NONE', #3126, #8996, #3769, .T. ) ;
#3681 = LINE ( 'NONE', #2835, #10270 ) ;
#3682 = VERTEX_POINT ( 'NONE', #9225 ) ;
#3683 = ORIENTED_EDGE ( 'NONE', *, *, #5435, .T. ) ;
#3684 = PLANE ( 'NONE',  #10361 ) ;
#3685 = DIRECTION ( 'NONE',  ( 0.0000000000000000000, 1.000000000000000000, 0.0000000000000000000 ) ) ;
#3686 = SURFACE_SIDE_STYLE ('',( #1835 ) ) ;
#3687 = ORIENTED_EDGE ( 'NONE', *, *, #3227, .F. ) ;
#3688 = EDGE_CURVE ( 'NONE', #2775, #6808, #5475, .T. ) ;
#3689 = DIRECTION ( 'NONE',  ( -0.8981377659527225443, 0.0000000000000000000, 0.4397141723545565095 ) ) ;
#3690 = DIRECTION ( 'NONE',  ( 0.0000000000000000000, 0.0000000000000000000, -1.000000000000000000 ) ) ;
#3691 = ADVANCED_FACE ( 'NONE', ( #8392 ), #9099, .F. ) ;
#3692 = DIRECTION ( 'NONE',  ( 0.0000000000000000000, 0.0000000000000000000, -1.000000000000000000 ) ) ;
#3693 = EDGE_LOOP ( 'NONE', ( #1636, #5549, #514, #7980 ) ) ;
#3694 =( NAMED_UNIT ( * ) SI_UNIT ( $, .STERADIAN. ) SOLID_ANGLE_UNIT ( ) );
#3695 = CARTESIAN_POINT ( 'NONE',  ( 4.299999999999999822, 0.009999999999999998473, -11.30000000000000249 ) ) ;
#3696 =( NAMED_UNIT ( * ) SI_UNIT ( $, .STERADIAN. ) SOLID_ANGLE_UNIT ( ) );
#3697 = DIRECTION ( 'NONE',  ( 1.000000000000000000, -0.0000000000000000000, 0.0000000000000000000 ) ) ;
#3698 = ORIENTED_EDGE ( 'NONE', *, *, #7716, .T. ) ;
#3699 = EDGE_CURVE ( 'NONE', #10983, #10021, #2024, .T. ) ;
#3700 =( GEOMETRIC_REPRESENTATION_CONTEXT ( 3 ) GLOBAL_UNCERTAINTY_ASSIGNED_CONTEXT ( ( #6347 ) ) GLOBAL_UNIT_ASSIGNED_CONTEXT ( ( #1003, #10110, #49 ) ) REPRESENTATION_CONTEXT ( 'NONE', 'WORKASPACE' ) );
#3701 = LINE ( 'NONE', #5467, #6409 ) ;
#3702 = ORIENTED_EDGE ( 'NONE', *, *, #7485, .T. ) ;
#3703 = ORIENTED_EDGE ( 'NONE', *, *, #11555, .T. ) ;
#3704 = LINE ( 'NONE', #10118, #1499 ) ;
#3705 = DIRECTION ( 'NONE',  ( -0.0000000000000000000, -0.0000000000000000000, 1.000000000000000000 ) ) ;
#3706 = AXIS2_PLACEMENT_3D ( 'NONE', #9198, #7405, #1052 ) ;
#3707 =( GEOMETRIC_REPRESENTATION_CONTEXT ( 3 ) GLOBAL_UNCERTAINTY_ASSIGNED_CONTEXT ( ( #1723 ) ) GLOBAL_UNIT_ASSIGNED_CONTEXT ( ( #3119, #9478, #4069 ) ) REPRESENTATION_CONTEXT ( 'NONE', 'WORKASPACE' ) );
#3708 = CARTESIAN_POINT ( 'NONE',  ( 4.050000000000000711, 0.4100000000000149636, -12.19999999999999929 ) ) ;
#3709 = VERTEX_POINT ( 'NONE', #8274 ) ;
#3710 = DIRECTION ( 'NONE',  ( -0.0000000000000000000, 1.000000000000000000, 0.0000000000000000000 ) ) ;
#3711 = CARTESIAN_POINT ( 'NONE',  ( 2.799999999999999822, 0.01020000000000000073, -11.27551123755000262 ) ) ;
#3712 = PRESENTATION_STYLE_ASSIGNMENT (( #9229 ) ) ;
#3713 = DIRECTION ( 'NONE',  ( -0.0000000000000000000, -1.000000000000000000, -0.0000000000000000000 ) ) ;
#3714 = DIRECTION ( 'NONE',  ( -0.9713213633441392103, 0.0000000000000000000, 0.2377704967216977550 ) ) ;
#3715 = VERTEX_POINT ( 'NONE', #2983 ) ;
#3716 = VERTEX_POINT ( 'NONE', #947 ) ;
#3717 = STYLED_ITEM ( 'NONE', ( #2886 ), #1937 ) ;
#3718 = VERTEX_POINT ( 'NONE', #10121 ) ;
#3719 = EDGE_CURVE ( 'NONE', #6577, #4257, #4580, .T. ) ;
#3720 = DIRECTION ( 'NONE',  ( 1.000000000000000000, 0.0000000000000000000, 0.0000000000000000000 ) ) ;
#3721 = AXIS2_PLACEMENT_3D ( 'NONE', #7719, #10278, #3859 ) ;
#3722 = AXIS2_PLACEMENT_3D ( 'NONE', #9527, #8512, #584 ) ;
#3723 = DIRECTION ( 'NONE',  ( 0.0000000000000000000, 0.0000000000000000000, 1.000000000000000000 ) ) ;
#3724 = DIRECTION ( 'NONE',  ( 1.000000000000000000, 0.0000000000000000000, 0.0000000000000000000 ) ) ;
#3725 = VERTEX_POINT ( 'NONE', #9282 ) ;
#3726 = COLOUR_RGB ( '',0.9803921568627450567, 0.6274509803921568540, 0.0000000000000000000 ) ;
#3727 = LINE ( 'NONE', #6553, #2592 ) ;
#3728 = EDGE_LOOP ( 'NONE', ( #248, #9763, #1966, #4906 ) ) ;
#3729 = AXIS2_PLACEMENT_3D ( 'NONE', #6927, #10379, #10503 ) ;
#3730 = CARTESIAN_POINT ( 'NONE',  ( 13.51250004768000501, 2.399999999999999911, -7.285106384756314668 ) ) ;
#3731 =( NAMED_UNIT ( * ) PLANE_ANGLE_UNIT ( ) SI_UNIT ( $, .RADIAN. ) );
#3732 = CARTESIAN_POINT ( 'NONE',  ( 4.049999999999999822, 0.009999999999987104274, -12.19999999999999929 ) ) ;
#3733 = ORIENTED_EDGE ( 'NONE', *, *, #6422, .T. ) ;
#3734 = VERTEX_POINT ( 'NONE', #1131 ) ;
#3735 = ADVANCED_FACE ( 'NONE', ( #7493 ), #4758, .T. ) ;
#3736 = EDGE_LOOP ( 'NONE', ( #10988, #1315, #9881, #6208, #1626, #9958, #2411, #10602, #5148, #3587, #6916, #4484, #4050, #2160, #4939, #9234 ) ) ;
#3737 = VECTOR ( 'NONE', #7123, 1000.000000000000000 ) ;
#3738 = VECTOR ( 'NONE', #9950, 1000.000000000000000 ) ;
#3739 = VECTOR ( 'NONE', #3484, 1000.000000000000000 ) ;
#3740 = DIRECTION ( 'NONE',  ( -0.0000000000000000000, -0.0000000000000000000, 1.000000000000000000 ) ) ;
#3741 = CARTESIAN_POINT ( 'NONE',  ( 10.35000000000000142, 0.8200000000000149392, -12.19999999999999929 ) ) ;
#3742 = DIRECTION ( 'NONE',  ( 0.2694177785370525102, 0.0000000000000000000, -0.9630233956701985676 ) ) ;
#3743 = EDGE_LOOP ( 'NONE', ( #7965, #1156, #3916, #10259, #3316, #10957 ) ) ;
#3744 = ORIENTED_EDGE ( 'NONE', *, *, #4411, .F. ) ;
#3745 = CARTESIAN_POINT ( 'NONE',  ( 8.000000000000000000, 0.0000000000000000000, -12.19999999999999929 ) ) ;
#3746 = LINE ( 'NONE', #5631, #10501 ) ;
#3747 = EDGE_CURVE ( 'NONE', #3151, #11268, #3880, .T. ) ;
#3748 = EDGE_CURVE ( 'NONE', #1030, #3851, #9161, .T. ) ;
#3749 = DIRECTION ( 'NONE',  ( 0.4547764571107780207, 0.0000000000000000000, -0.8906056220672361468 ) ) ;
#3750 = ORIENTED_EDGE ( 'NONE', *, *, #7841, .F. ) ;
#3751 = CARTESIAN_POINT ( 'NONE',  ( 12.80000000000000071, 0.8200000000000300382, -0.2500000000000019429 ) ) ;
#3752 = CYLINDRICAL_SURFACE ( 'NONE', #2247, 0.2500000000000019429 ) ;
#3753 = LINE ( 'NONE', #9932, #2537 ) ;
#3754 = FACE_OUTER_BOUND ( 'NONE', #2195, .T. ) ;
#3755 = DIRECTION ( 'NONE',  ( -0.0000000000000000000, -1.000000000000000000, -0.0000000000000000000 ) ) ;
#3756 = ADVANCED_FACE ( 'NONE', ( #1357 ), #4983, .T. ) ;
#3757 = ORIENTED_EDGE ( 'NONE', *, *, #2276, .F. ) ;
#3758 = PLANE ( 'NONE',  #8438 ) ;
#3759 = LINE ( 'NONE', #936, #11050 ) ;
#3760 = CARTESIAN_POINT ( 'NONE',  ( 15.00000000000000000, 0.8200000000000300382, 0.0000000000000000000 ) ) ;
#3761 = ADVANCED_FACE ( 'NONE', ( #9692 ), #4159, .F. ) ;
#3762 = CARTESIAN_POINT ( 'NONE',  ( 6.100000000000063594, 0.009999999999999996739, -1.129377263005733721E-18 ) ) ;
#3763 = LINE ( 'NONE', #9883, #8314 ) ;
#3764 = ORIENTED_EDGE ( 'NONE', *, *, #8540, .T. ) ;
#3765 = ORIENTED_EDGE ( 'NONE', *, *, #3789, .F. ) ;
#3766 = AXIS2_PLACEMENT_3D ( 'NONE', #11281, #1219, #3913 ) ;
#3767 = PLANE ( 'NONE',  #1843 ) ;
#3768 = FACE_OUTER_BOUND ( 'NONE', #7080, .T. ) ;
#3769 = LINE ( 'NONE', #3708, #11184 ) ;
#3770 = EDGE_CURVE ( 'NONE', #3716, #1825, #5998, .T. ) ;
#3771 = ORIENTED_EDGE ( 'NONE', *, *, #7885, .T. ) ;
#3772 = CARTESIAN_POINT ( 'NONE',  ( 6.454166936462296000, 2.400000000000000355, -6.689361690844030761 ) ) ;
#3773 = ADVANCED_FACE ( 'NONE', ( #508 ), #8797, .F. ) ;
#3774 = AXIS2_PLACEMENT_3D ( 'NONE', #2151, #10238, #1257 ) ;
#3775 = FILL_AREA_STYLE_COLOUR ( '', #5598 ) ;
#3776 = SURFACE_SIDE_STYLE ('',( #8340 ) ) ;
#3777 = FILL_AREA_STYLE ('',( #3832 ) ) ;
#3778 = ORIENTED_EDGE ( 'NONE', *, *, #3563, .F. ) ;
#3779 = EDGE_LOOP ( 'NONE', ( #9129, #11128, #3473, #11347 ) ) ;
#3780 = VERTEX_POINT ( 'NONE', #7839 ) ;
#3781 = CARTESIAN_POINT ( 'NONE',  ( 15.40000000000154934, 0.0000000000000000000, -11.30000000000000071 ) ) ;
#3782 = CARTESIAN_POINT ( 'NONE',  ( 5.400000000000000355, 0.8200000000000300382, -12.19999999999999929 ) ) ;
#3783 = VECTOR ( 'NONE', #4634, 1000.000000000000000 ) ;
#3784 = VECTOR ( 'NONE', #3827, 1000.000000000000000 ) ;
#3785 = DIRECTION ( 'NONE',  ( 0.0000000000000000000, -1.000000000000000000, 2.168404344971006649E-16 ) ) ;
#3786 = EDGE_CURVE ( 'NONE', #3005, #10570, #1474, .T. ) ;
#3787 = ORIENTED_EDGE ( 'NONE', *, *, #10754, .T. ) ;
#3788 = LINE ( 'NONE', #11027, #1241 ) ;
#3789 = EDGE_CURVE ( 'NONE', #5857, #4175, #4218, .T. ) ;
#3790 = ORIENTED_EDGE ( 'NONE', *, *, #6637, .T. ) ;
#3791 = CARTESIAN_POINT ( 'NONE',  ( 4.299999999999999822, 0.8200000000000300382, -12.19999999999999929 ) ) ;
#3792 = CARTESIAN_POINT ( 'NONE',  ( 9.895833492279001220, 2.389799999999999702, -5.143999999999999240 ) ) ;
#3793 =( GEOMETRIC_REPRESENTATION_CONTEXT ( 3 ) GLOBAL_UNCERTAINTY_ASSIGNED_CONTEXT ( ( #394 ) ) GLOBAL_UNIT_ASSIGNED_CONTEXT ( ( #7721, #2562, #11545 ) ) REPRESENTATION_CONTEXT ( 'NONE', 'WORKASPACE' ) );
#3794 = LINE ( 'NONE', #83, #918 ) ;
#3795 = VERTEX_POINT ( 'NONE', #1600 ) ;
#3796 = EDGE_LOOP ( 'NONE', ( #7217, #7389, #7762, #5019 ) ) ;
#3797 = ORIENTED_EDGE ( 'NONE', *, *, #7756, .F. ) ;
#3798 = PRESENTATION_LAYER_ASSIGNMENT (  '', '', ( #731 ) ) ;
#3799 = LINE ( 'NONE', #10199, #1749 ) ;
#3800 = LINE ( 'NONE', #7400, #8307 ) ;
#3801 = PLANE ( 'NONE',  #3461 ) ;
#3802 = ORIENTED_EDGE ( 'NONE', *, *, #11455, .F. ) ;
#3803 =( NAMED_UNIT ( * ) SI_UNIT ( $, .STERADIAN. ) SOLID_ANGLE_UNIT ( ) );
#3804 = ORIENTED_EDGE ( 'NONE', *, *, #5584, .F. ) ;
#3805 = DIRECTION ( 'NONE',  ( 0.0000000000000000000, 1.000000000000000000, 0.0000000000000000000 ) ) ;
#3806 = LINE ( 'NONE', #10874, #8215 ) ;
#3807 = DIRECTION ( 'NONE',  ( 1.000000000000000000, 0.0000000000000000000, 0.0000000000000000000 ) ) ;
#3808 = VERTEX_POINT ( 'NONE', #11484 ) ;
#3809 = CARTESIAN_POINT ( 'NONE',  ( 12.57916668653699865, 2.389999999999999680, -8.000000000000344613 ) ) ;
#3810 = CARTESIAN_POINT ( 'NONE',  ( 6.250000000000000000, 0.4100000000000150191, -12.19999999999999929 ) ) ;
#3811 = AXIS2_PLACEMENT_3D ( 'NONE', #3106, #10349, #3164 ) ;
#3812 = DIRECTION ( 'NONE',  ( 1.000000000000000000, 0.0000000000000000000, 0.0000000000000000000 ) ) ;
#3813 = EDGE_CURVE ( 'NONE', #10039, #10026, #9571, .T. ) ;
#3814 = DIRECTION ( 'NONE',  ( 0.3102800983933966528, 0.0000000000000000000, 0.9506451812011588176 ) ) ;
#3815 = VERTEX_POINT ( 'NONE', #10644 ) ;
#3816 = DIRECTION ( 'NONE',  ( -0.0000000000000000000, -1.000000000000000000, -0.0000000000000000000 ) ) ;
#3817 = PLANE ( 'NONE',  #10417 ) ;
#3818 = VECTOR ( 'NONE', #6459, 1000.000000000000000 ) ;
#3819 = VERTEX_POINT ( 'NONE', #3267 ) ;
#3820 = ORIENTED_EDGE ( 'NONE', *, *, #10442, .F. ) ;
#3821 = VECTOR ( 'NONE', #1969, 1000.000000000000000 ) ;
#3822 = EDGE_CURVE ( 'NONE', #5840, #9071, #525, .T. ) ;
#3823 = CARTESIAN_POINT ( 'NONE',  ( 8.000000000000000000, 0.0000000000000000000, -0.9000000000000002442 ) ) ;
#3824 = CARTESIAN_POINT ( 'NONE',  ( 0.7500000000000000000, 0.8200000000000420286, -11.50000000000000178 ) ) ;
#3825 = EDGE_CURVE ( 'NONE', #5614, #3632, #7068, .T. ) ;
#3826 = VECTOR ( 'NONE', #3264, 1000.000000000000000 ) ;
#3827 = DIRECTION ( 'NONE',  ( 0.0000000000000000000, 1.000000000000000000, 0.0000000000000000000 ) ) ;
#3828 = EDGE_CURVE ( 'NONE', #5621, #3661, #5226, .T. ) ;
#3829 = EDGE_LOOP ( 'NONE', ( #10062, #6024, #2054, #5444, #6901, #3253 ) ) ;
#3830 = CARTESIAN_POINT ( 'NONE',  ( 8.000000000000000000, 0.009999999999999995004, 0.0000000000000000000 ) ) ;
#3831 = LINE ( 'NONE', #7438, #8760 ) ;
#3832 = FILL_AREA_STYLE_COLOUR ( '', #9682 ) ;
#3833 = VERTEX_POINT ( 'NONE', #7901 ) ;
#3834 = ORIENTED_EDGE ( 'NONE', *, *, #7723, .F. ) ;
#3835 = SURFACE_STYLE_USAGE ( .BOTH. , #2816 ) ;
#3836 = ADVANCED_FACE ( 'NONE', ( #11541 ), #8732, .F. ) ;
#3837 = DIRECTION ( 'NONE',  ( -0.0000000000000000000, -1.000000000000000000, -0.0000000000000000000 ) ) ;
#3838 = STYLED_ITEM ( 'NONE', ( #1915 ), #3242 ) ;
#3839 = LINE ( 'NONE', #11088, #597 ) ;
#3840 = VECTOR ( 'NONE', #9190, 1000.000000000000000 ) ;
#3841 = EDGE_CURVE ( 'NONE', #6119, #7531, #8856, .T. ) ;
#3842 = VERTEX_POINT ( 'NONE', #4331 ) ;
#3843 = LINE ( 'NONE', #5558, #5236 ) ;
#3844 = VERTEX_POINT ( 'NONE', #7958 ) ;
#3845 = CARTESIAN_POINT ( 'NONE',  ( 12.09999999999999964, 0.004999999999999999237, -12.20000000000249507 ) ) ;
#3846 = FACE_OUTER_BOUND ( 'NONE', #3638, .T. ) ;
#3847 = CARTESIAN_POINT ( 'NONE',  ( 6.775000047683501059, 2.389999999999999680, -6.808510613441499437 ) ) ;
#3848 = DIRECTION ( 'NONE',  ( -0.9689177459678649518, 0.0000000000000000000, 0.2473831068374553466 ) ) ;
#3849 = VECTOR ( 'NONE', #5571, 1000.000000000000000 ) ;
#3850 = ORIENTED_EDGE ( 'NONE', *, *, #5862, .F. ) ;
#3851 = VERTEX_POINT ( 'NONE', #8670 ) ;
#3852 = ORIENTED_EDGE ( 'NONE', *, *, #4981, .T. ) ;
#3853 = EDGE_CURVE ( 'NONE', #6345, #4362, #8482, .T. ) ;
#3854 = FILL_AREA_STYLE ('',( #9432 ) ) ;
#3855 = DIRECTION ( 'NONE',  ( 0.0000000000000000000, 0.0000000000000000000, -1.000000000000000000 ) ) ;
#3856 = DIRECTION ( 'NONE',  ( -0.5466231882214479532, -0.0000000000000000000, -0.8373787017225954310 ) ) ;
#3857 = CIRCLE ( 'NONE', #608, 0.2500000000000011102 ) ;
#3858 = ORIENTED_EDGE ( 'NONE', *, *, #10741, .T. ) ;
#3859 = DIRECTION ( 'NONE',  ( 1.000000000000000000, 0.0000000000000000000, 0.0000000000000000000 ) ) ;
#3860 = ORIENTED_EDGE ( 'NONE', *, *, #3637, .T. ) ;
#3861 = DIRECTION ( 'NONE',  ( -1.000000000000000000, 0.0000000000000000000, 0.0000000000000000000 ) ) ;
#3862 = DIRECTION ( 'NONE',  ( 1.000000000000000000, 0.0000000000000000000, 0.0000000000000000000 ) ) ;
#3863 =( NAMED_UNIT ( * ) SI_UNIT ( $, .STERADIAN. ) SOLID_ANGLE_UNIT ( ) );
#3864 = VECTOR ( 'NONE', #3685, 1000.000000000000000 ) ;
#3865 = ORIENTED_EDGE ( 'NONE', *, *, #2021, .T. ) ;
#3866 = FILL_AREA_STYLE_COLOUR ( '', #9283 ) ;
#3867 = EDGE_CURVE ( 'NONE', #9316, #5403, #378, .T. ) ;
#3868 = CARTESIAN_POINT ( 'NONE',  ( 5.223344231662999881, 2.389799999999999702, -7.142171004660999856 ) ) ;
#3869 = PRESENTATION_LAYER_ASSIGNMENT (  '', '', ( #7460 ) ) ;
#3870 = VECTOR ( 'NONE', #9366, 1000.000000000000000 ) ;
#3871 = DIRECTION ( 'NONE',  ( 0.2377704967233366939, 0.0000000000000000000, -0.9713213633437378647 ) ) ;
#3872 = FILL_AREA_STYLE_COLOUR ( '', #4628 ) ;
#3873 = CARTESIAN_POINT ( 'NONE',  ( 6.924488762446999068, 0.01020000000000000073, -11.30000000000000071 ) ) ;
#3874 = LINE ( 'NONE', #457, #559 ) ;
#3875 = SURFACE_STYLE_USAGE ( .BOTH. , #8566 ) ;
#3876 = EDGE_LOOP ( 'NONE', ( #1097, #6390, #6123, #8057 ) ) ;
#3877 = EDGE_CURVE ( 'NONE', #2694, #9233, #2112, .T. ) ;
#3878 = ORIENTED_EDGE ( 'NONE', *, *, #331, .F. ) ;
#3879 = LINE ( 'NONE', #6594, #2858 ) ;
#3880 = LINE ( 'NONE', #7717, #9277 ) ;
#3881 = EDGE_LOOP ( 'NONE', ( #1195, #1084, #5090, #7434, #11018, #9307 ) ) ;
#3882 = PRESENTATION_STYLE_ASSIGNMENT (( #9526 ) ) ;
#3883 = PRESENTATION_LAYER_ASSIGNMENT (  '', '', ( #9009 ) ) ;
#3884 = DIRECTION ( 'NONE',  ( -1.000000000000000000, 0.0000000000000000000, 0.0000000000000000000 ) ) ;
#3885 = EDGE_CURVE ( 'NONE', #6455, #852, #9143, .T. ) ;
#3886 = AXIS2_PLACEMENT_3D ( 'NONE', #1178, #2071, #1961 ) ;
#3887 = CARTESIAN_POINT ( 'NONE',  ( 12.17083340883465326, 2.399999999999999911, -7.582978731390960903 ) ) ;
#3888 = FACE_OUTER_BOUND ( 'NONE', #7930, .T. ) ;
#3889 = VERTEX_POINT ( 'NONE', #5914 ) ;
#3890 = ORIENTED_EDGE ( 'NONE', *, *, #11599, .F. ) ;
#3891 = DIRECTION ( 'NONE',  ( 0.0000000000000000000, 0.0000000000000000000, -1.000000000000000000 ) ) ;
#3892 = ORIENTED_EDGE ( 'NONE', *, *, #3152, .T. ) ;
#3893 = EDGE_CURVE ( 'NONE', #5392, #8298, #3127, .T. ) ;
#3894 = FILL_AREA_STYLE_COLOUR ( '', #9718 ) ;
#3895 = ADVANCED_FACE ( 'NONE', ( #4021 ), #3752, .F. ) ;
#3896 = PRESENTATION_STYLE_ASSIGNMENT (( #3835 ) ) ;
#3897 = CARTESIAN_POINT ( 'NONE',  ( 12.80000000000000071, 0.8200000000000300382, 0.0000000000000000000 ) ) ;
#3898 =( NAMED_UNIT ( * ) PLANE_ANGLE_UNIT ( ) SI_UNIT ( $, .RADIAN. ) );
#3899 = ORIENTED_EDGE ( 'NONE', *, *, #8480, .F. ) ;
#3900 = LINE ( 'NONE', #5841, #11132 ) ;
#3901 = PRESENTATION_STYLE_ASSIGNMENT (( #309 ) ) ;
#3902 = ORIENTED_EDGE ( 'NONE', *, *, #7659, .F. ) ;
#3903 = EDGE_CURVE ( 'NONE', #3851, #5403, #3962, .T. ) ;
#3904 = CARTESIAN_POINT ( 'NONE',  ( 7.350000000000000533, 0.8200000000000149392, -12.19999999999999929 ) ) ;
#3905 = VECTOR ( 'NONE', #8786, 1000.000000000000000 ) ;
#3906 = DIRECTION ( 'NONE',  ( -1.000000000000000000, -0.0000000000000000000, -0.0000000000000000000 ) ) ;
#3907 = CARTESIAN_POINT ( 'NONE',  ( 3.479166936873939520, 2.399999999999999911, -7.225531923771193910 ) ) ;
#3908 = ORIENTED_EDGE ( 'NONE', *, *, #1087, .T. ) ;
#3909 = ORIENTED_EDGE ( 'NONE', *, *, #1725, .F. ) ;
#3910 = EDGE_CURVE ( 'NONE', #9786, #4317, #7640, .T. ) ;
#3911 = VERTEX_POINT ( 'NONE', #5740 ) ;
#3912 = DIRECTION ( 'NONE',  ( 1.000000000000000000, 0.0000000000000000000, 0.0000000000000000000 ) ) ;
#3913 = DIRECTION ( 'NONE',  ( -0.9689176611442692488, 0.0000000000000000000, 0.2473834390631658442 ) ) ;
#3914 = DIRECTION ( 'NONE',  ( -1.000000000000000000, 0.0000000000000000000, 0.0000000000000000000 ) ) ;
#3915 = AXIS2_PLACEMENT_3D ( 'NONE', #9965, #8176, #16 ) ;
#3916 = ORIENTED_EDGE ( 'NONE', *, *, #331, .T. ) ;
#3917 = CARTESIAN_POINT ( 'NONE',  ( 4.120833158493153903, 2.389999999999999680, -6.093617081641960809 ) ) ;
#3918 = ORIENTED_EDGE ( 'NONE', *, *, #4340, .T. ) ;
#3919 = EDGE_CURVE ( 'NONE', #10319, #11323, #10374, .T. ) ;
#3920 = EDGE_CURVE ( 'NONE', #9945, #8824, #1217, .T. ) ;
#3921 = CIRCLE ( 'NONE', #7318, 0.2499999999999997780 ) ;
#3922 = VECTOR ( 'NONE', #7986, 1000.000000000000000 ) ;
#3923 = FACE_OUTER_BOUND ( 'NONE', #11727, .T. ) ;
#3924 = VECTOR ( 'NONE', #47, 1000.000000000000000 ) ;
#3925 = VERTEX_POINT ( 'NONE', #4961 ) ;
#3926 = CARTESIAN_POINT ( 'NONE',  ( 2.799999999999999822, 0.004999999999999999237, -11.29999999999750848 ) ) ;
#3927 =( NAMED_UNIT ( * ) PLANE_ANGLE_UNIT ( ) SI_UNIT ( $, .RADIAN. ) );
#3928 = PRESENTATION_LAYER_ASSIGNMENT (  '', '', ( #7710 ) ) ;
#3929 = CARTESIAN_POINT ( 'NONE',  ( 6.104166603088001075, 2.399999999999999911, -7.731914894282999384 ) ) ;
#3930 = PLANE ( 'NONE',  #4656 ) ;
#3931 = EDGE_CURVE ( 'NONE', #8988, #6277, #3066, .T. ) ;
#3932 = DIRECTION ( 'NONE',  ( 0.2377711090635835356, 0.0000000000000000000, 0.9713212134482976934 ) ) ;
#3933 = CARTESIAN_POINT ( 'NONE',  ( 8.000000000000000000, 0.009999999999999995004, -12.19999999999999929 ) ) ;
#3934 =( NAMED_UNIT ( * ) SI_UNIT ( $, .STERADIAN. ) SOLID_ANGLE_UNIT ( ) );
#3935 = ORIENTED_EDGE ( 'NONE', *, *, #2628, .T. ) ;
#3936 = ORIENTED_EDGE ( 'NONE', *, *, #2436, .T. ) ;
#3937 = DIRECTION ( 'NONE',  ( 0.9689176827907719503, 0.0000000000000000000, -0.2473833542810854602 ) ) ;
#3938 = CARTESIAN_POINT ( 'NONE',  ( 10.35000000000000142, 0.4100000000000150191, -12.19999999999999929 ) ) ;
#3939 = LINE ( 'NONE', #7551, #7142 ) ;
#3940 = VECTOR ( 'NONE', #3462, 1000.000000000000000 ) ;
#3941 = CARTESIAN_POINT ( 'NONE',  ( 5.987500047683806947, 2.389999999999999680, -7.761702135205000630 ) ) ;
#3942 = CARTESIAN_POINT ( 'NONE',  ( 7.270833158493000603, 2.394999999999999574, -8.000000000000000000 ) ) ;
#3943 = DIRECTION ( 'NONE',  ( 0.0000000000000000000, 0.0000000000000000000, -1.000000000000000000 ) ) ;
#3944 = EDGE_LOOP ( 'NONE', ( #7048, #3540, #10019, #8791, #1480, #4369, #10556 ) ) ;
#3945 = DIRECTION ( 'NONE',  ( 0.0000000000000000000, 1.000000000000000000, 0.0000000000000000000 ) ) ;
#3946 = VERTEX_POINT ( 'NONE', #10430 ) ;
#3947 = SURFACE_STYLE_USAGE ( .BOTH. , #6782 ) ;
#3948 = DIRECTION ( 'NONE',  ( -0.6996255164454555642, 0.0000000000000000000, 0.7145097177354758911 ) ) ;
#3949 = VECTOR ( 'NONE', #5916, 1000.000000000000227 ) ;
#3950 = EDGE_LOOP ( 'NONE', ( #11729, #9796, #4759, #4582 ) ) ;
#3951 = SURFACE_STYLE_USAGE ( .BOTH. , #6733 ) ;
#3952 = EDGE_CURVE ( 'NONE', #1560, #8268, #9430, .T. ) ;
#3953 = EDGE_LOOP ( 'NONE', ( #11442, #10251, #462, #2870 ) ) ;
#3954 = SURFACE_STYLE_USAGE ( .BOTH. , #8416 ) ;
#3955 = LINE ( 'NONE', #3057, #1780 ) ;
#3956 = CARTESIAN_POINT ( 'NONE',  ( 2.500000000000000000, 0.004999999999999999237, -0.9000000000000298872 ) ) ;
#3957 = CARTESIAN_POINT ( 'NONE',  ( 14.29999999999999893, 0.01020000000000000073, -0.9244887624473999699 ) ) ;
#3958 = ORIENTED_EDGE ( 'NONE', *, *, #7355, .F. ) ;
#3959 = VERTEX_POINT ( 'NONE', #490 ) ;
#3960 = VECTOR ( 'NONE', #9998, 1000.000000000000000 ) ;
#3961 = VERTEX_POINT ( 'NONE', #10496 ) ;
#3962 = LINE ( 'NONE', #10313, #1867 ) ;
#3963 = ADVANCED_FACE ( 'NONE', ( #4901 ), #8538, .F. ) ;
#3964 = CARTESIAN_POINT ( 'NONE',  ( 12.05416676998191150, 2.389999999999999680, -6.093617081642001665 ) ) ;
#3965 = CARTESIAN_POINT ( 'NONE',  ( -0.3200000000000000622, -0.02448876244737000288, 0.0000000000000000000 ) ) ;
#3966 = DIRECTION ( 'NONE',  ( 0.0000000000000000000, 0.0000000000000000000, -1.000000000000000000 ) ) ;
#3967 = VERTEX_POINT ( 'NONE', #11574 ) ;
#3968 = CARTESIAN_POINT ( 'NONE',  ( 5.345833492278999621, 2.399999999999999911, -7.493617019057499995 ) ) ;
#3969 = EDGE_CURVE ( 'NONE', #10665, #9634, #791, .T. ) ;
#3970 = VERTEX_POINT ( 'NONE', #9669 ) ;
#3971 = VECTOR ( 'NONE', #5882, 1000.000000000000000 ) ;
#3972 = EDGE_CURVE ( 'NONE', #545, #4375, #6150, .T. ) ;
#3973 =( NAMED_UNIT ( * ) SI_UNIT ( $, .STERADIAN. ) SOLID_ANGLE_UNIT ( ) );
#3974 = DIRECTION ( 'NONE',  ( 0.0000000000000000000, 0.0000000000000000000, 1.000000000000000000 ) ) ;
#3975 = VECTOR ( 'NONE', #3653, 1000.000000000000000 ) ;
#3976 = MECHANICAL_DESIGN_GEOMETRIC_PRESENTATION_REPRESENTATION (  '', ( #731 ), #1116 ) ;
#3977 = FACE_OUTER_BOUND ( 'NONE', #3120, .T. ) ;
#3978 = ORIENTED_EDGE ( 'NONE', *, *, #8910, .F. ) ;
#3979 = UNCERTAINTY_MEASURE_WITH_UNIT (LENGTH_MEASURE( 1.000000000000000082E-05 ), #6699, 'distance_accuracy_value', 'NONE');
#3980 = EDGE_CURVE ( 'NONE', #150, #4272, #4370, .T. ) ;
#3981 = DIRECTION ( 'NONE',  ( 0.6996255164454532327, 0.0000000000000000000, -0.7145097177354783335 ) ) ;
#3982 = CARTESIAN_POINT ( 'NONE',  ( 4.470833158492245829, 2.399999999999999911, -7.999999999999950262 ) ) ;
#3983 = VECTOR ( 'NONE', #607, 1000.000000000000000 ) ;
#3984 = LINE ( 'NONE', #3929, #2778 ) ;
#3985 = LINE ( 'NONE', #8561, #4101 ) ;
#3986 = DIRECTION ( 'NONE',  ( 0.0000000000000000000, -1.000000000000000000, 2.168404344970991858E-16 ) ) ;
#3987 = AXIS2_PLACEMENT_3D ( 'NONE', #4154, #6049, #10517 ) ;
#3988 = DIRECTION ( 'NONE',  ( 0.0000000000000000000, 0.0000000000000000000, 1.000000000000000000 ) ) ;
#3989 = VECTOR ( 'NONE', #2876, 1000.000000000000000 ) ;
#3990 = CARTESIAN_POINT ( 'NONE',  ( 4.120833158493351966, 2.394999999999999574, -8.000000000000000000 ) ) ;
#3991 = DIRECTION ( 'NONE',  ( -0.6506283051936554429, 0.0000000000000000000, -0.7593963447902758457 ) ) ;
#3992 = VERTEX_POINT ( 'NONE', #5263 ) ;
#3993 = AXIS2_PLACEMENT_3D ( 'NONE', #4812, #10392, #7661 ) ;
#3994 = ADVANCED_FACE ( 'NONE', ( #8711 ), #10740, .F. ) ;
#3995 = LINE ( 'NONE', #1248, #11420 ) ;
#3996 =( NAMED_UNIT ( * ) PLANE_ANGLE_UNIT ( ) SI_UNIT ( $, .RADIAN. ) );
#3997 = CARTESIAN_POINT ( 'NONE',  ( 8.000000000000000000, 0.009999999999999995004, 0.0000000000000000000 ) ) ;
#3998 = LINE ( 'NONE', #1490, #4019 ) ;
#3999 = DIRECTION ( 'NONE',  ( 0.0000000000000000000, 0.0000000000000000000, 1.000000000000000000 ) ) ;
#4000 = CIRCLE ( 'NONE', #8743, 0.2499999999999997780 ) ;
#4001 = VERTEX_POINT ( 'NONE', #9791 ) ;
#4002 = CARTESIAN_POINT ( 'NONE',  ( 11.17916676998138570, 2.399999999999999911, -6.689361691475000704 ) ) ;
#4003 = ORIENTED_EDGE ( 'NONE', *, *, #8045, .T. ) ;
#4004 = FILL_AREA_STYLE ('',( #7680 ) ) ;
#4005 = DIRECTION ( 'NONE',  ( -0.8906056220672361468, 0.0000000000000000000, -0.4547764571107780207 ) ) ;
#4006 = STYLED_ITEM ( 'NONE', ( #11147 ), #10409 ) ;
#4007 = DIRECTION ( 'NONE',  ( -0.3102789952938154738, 0.0000000000000000000, -0.9506455412399831273 ) ) ;
#4008 =( GEOMETRIC_REPRESENTATION_CONTEXT ( 3 ) GLOBAL_UNCERTAINTY_ASSIGNED_CONTEXT ( ( #3509 ) ) GLOBAL_UNIT_ASSIGNED_CONTEXT ( ( #10939, #2683, #1895 ) ) REPRESENTATION_CONTEXT ( 'NONE', 'WORKASPACE' ) );
#4009 = VERTEX_POINT ( 'NONE', #1514 ) ;
#4010 = CARTESIAN_POINT ( 'NONE',  ( 9.103655365535999522, 2.389799999999999702, -8.000000000000000000 ) ) ;
#4011 =( LENGTH_UNIT ( ) NAMED_UNIT ( * ) SI_UNIT ( .MILLI., .METRE. ) );
#4012 = ORIENTED_EDGE ( 'NONE', *, *, #5730, .T. ) ;
#4013 =( NAMED_UNIT ( * ) SI_UNIT ( $, .STERADIAN. ) SOLID_ANGLE_UNIT ( ) );
#4014 = PLANE ( 'NONE',  #3099 ) ;
#4015 = FACE_OUTER_BOUND ( 'NONE', #4852, .T. ) ;
#4016 = DIRECTION ( 'NONE',  ( 4.163336342344362270E-14, 0.0000000000000000000, -1.000000000000000000 ) ) ;
#4017 = ORIENTED_EDGE ( 'NONE', *, *, #7373, .F. ) ;
#4018 = VERTEX_POINT ( 'NONE', #2535 ) ;
#4019 = VECTOR ( 'NONE', #10536, 1000.000000000000000 ) ;
#4020 = ORIENTED_EDGE ( 'NONE', *, *, #7883, .T. ) ;
#4021 = FACE_OUTER_BOUND ( 'NONE', #4342, .T. ) ;
#4022 = EDGE_CURVE ( 'NONE', #5466, #2636, #7999, .T. ) ;
#4023 = AXIS2_PLACEMENT_3D ( 'NONE', #8087, #8209, #7250 ) ;
#4024 = FACE_OUTER_BOUND ( 'NONE', #11150, .T. ) ;
#4025 = DIRECTION ( 'NONE',  ( 0.0000000000000000000, 0.0000000000000000000, 1.000000000000000000 ) ) ;
#4026 = ORIENTED_EDGE ( 'NONE', *, *, #8596, .F. ) ;
#4027 = DIRECTION ( 'NONE',  ( -0.0000000000000000000, -1.000000000000000000, -0.0000000000000000000 ) ) ;
#4028 =( GEOMETRIC_REPRESENTATION_CONTEXT ( 3 ) GLOBAL_UNCERTAINTY_ASSIGNED_CONTEXT ( ( #1710 ) ) GLOBAL_UNIT_ASSIGNED_CONTEXT ( ( #10714, #5358, #4347 ) ) REPRESENTATION_CONTEXT ( 'NONE', 'WORKASPACE' ) );
#4029 = ORIENTED_EDGE ( 'NONE', *, *, #10586, .T. ) ;
#4030 = VECTOR ( 'NONE', #2938, 1000.000000000000000 ) ;
#4031 = SURFACE_STYLE_USAGE ( .BOTH. , #3077 ) ;
#4032 = EDGE_CURVE ( 'NONE', #2666, #5859, #7938, .T. ) ;
#4033 = LINE ( 'NONE', #2005, #3050 ) ;
#4034 = EDGE_LOOP ( 'NONE', ( #9188, #11259 ) ) ;
#4035 = CARTESIAN_POINT ( 'NONE',  ( 3.320500274657999906, 2.389799999999999702, -7.065872370004998793 ) ) ;
#4036 = EDGE_CURVE ( 'NONE', #300, #95, #2414, .T. ) ;
#4037 = EDGE_CURVE ( 'NONE', #1572, #7404, #1582, .T. ) ;
#4038 = CIRCLE ( 'NONE', #9151, 0.2500000000000002220 ) ;
#4039 = CARTESIAN_POINT ( 'NONE',  ( 3.899999999999999911, 0.01020000000000000073, -11.27551123755000262 ) ) ;
#4040 = SURFACE_STYLE_FILL_AREA ( #11178 ) ;
#4041 = VERTEX_POINT ( 'NONE', #4258 ) ;
#4042 = CARTESIAN_POINT ( 'NONE',  ( 14.59999999999999787, 0.0000000000000000000, -8.690558038829121479E-16 ) ) ;
#4043 = CARTESIAN_POINT ( 'NONE',  ( 7.849999999999999645, 0.8200000000000149392, -12.19999999999999929 ) ) ;
#4044 = ORIENTED_EDGE ( 'NONE', *, *, #9407, .F. ) ;
#4045 = EDGE_CURVE ( 'NONE', #11108, #5633, #6033, .T. ) ;
#4046 = FACE_OUTER_BOUND ( 'NONE', #10913, .T. ) ;
#4047 = AXIS2_PLACEMENT_3D ( 'NONE', #4039, #2129, #5582 ) ;
#4048 = DIRECTION ( 'NONE',  ( 0.9630233956701979015, 0.0000000000000000000, -0.2694177785370548417 ) ) ;
#4049 = STYLED_ITEM ( 'NONE', ( #2887 ), #7897 ) ;
#4050 = ORIENTED_EDGE ( 'NONE', *, *, #4934, .T. ) ;
#4051 = SURFACE_STYLE_FILL_AREA ( #8396 ) ;
#4052 = CARTESIAN_POINT ( 'NONE',  ( 8.320833492279000154, 2.389799999999999702, -6.843596311976999580 ) ) ;
#4053 = ADVANCED_FACE ( 'NONE', ( #8893 ), #7875, .F. ) ;
#4054 = CARTESIAN_POINT ( 'NONE',  ( 0.8044278372822459833, 2.431183994329047859, -11.55067992359760609 ) ) ;
#4055 = ADVANCED_FACE ( 'NONE', ( #4313 ), #7822, .F. ) ;
#4056 = PLANE ( 'NONE',  #6472 ) ;
#4057 = CARTESIAN_POINT ( 'NONE',  ( 6.395833492278999444, 2.389999999999999680, -6.182978773117000060 ) ) ;
#4058 = AXIS2_PLACEMENT_3D ( 'NONE', #10047, #7360, #4810 ) ;
#4059 = ORIENTED_EDGE ( 'NONE', *, *, #2124, .F. ) ;
#4060 = ORIENTED_EDGE ( 'NONE', *, *, #9137, .T. ) ;
#4061 = DIRECTION ( 'NONE',  ( -1.000000000000000000, 0.0000000000000000000, 0.0000000000000000000 ) ) ;
#4062 = VERTEX_POINT ( 'NONE', #1814 ) ;
#4063 = CARTESIAN_POINT ( 'NONE',  ( 0.7500000000000072164, 2.399988896777236036, -0.6523561596084602732 ) ) ;
#4064 = LINE ( 'NONE', #2037, #930 ) ;
#4065 = CARTESIAN_POINT ( 'NONE',  ( 8.729166603088412302, 2.394999999999999574, -8.000000000000000000 ) ) ;
#4066 = AXIS2_PLACEMENT_3D ( 'NONE', #1452, #9728, #5197 ) ;
#4067 = ORIENTED_EDGE ( 'NONE', *, *, #1633, .F. ) ;
#4068 = DIRECTION ( 'NONE',  ( 0.0000000000000000000, 1.000000000000000000, 0.0000000000000000000 ) ) ;
#4069 =( NAMED_UNIT ( * ) SI_UNIT ( $, .STERADIAN. ) SOLID_ANGLE_UNIT ( ) );
#4070 = ORIENTED_EDGE ( 'NONE', *, *, #4115, .F. ) ;
#4071 =( NAMED_UNIT ( * ) PLANE_ANGLE_UNIT ( ) SI_UNIT ( $, .RADIAN. ) );
#4072 = DIRECTION ( 'NONE',  ( 0.6506286119000210810, 0.0000000000000000000, 0.7593960820132349410 ) ) ;
#4073 = EDGE_CURVE ( 'NONE', #10570, #2472, #10060, .T. ) ;
#4074 = DIRECTION ( 'NONE',  ( -0.0000000000000000000, -0.0000000000000000000, -1.000000000000000000 ) ) ;
#4075 = DIRECTION ( 'NONE',  ( 0.0000000000000000000, -4.336808689941984209E-16, -1.000000000000000000 ) ) ;
#4076 = VERTEX_POINT ( 'NONE', #10847 ) ;
#4077 = ORIENTED_EDGE ( 'NONE', *, *, #17, .F. ) ;
#4078 = ORIENTED_EDGE ( 'NONE', *, *, #8243, .F. ) ;
#4079 = AXIS2_PLACEMENT_3D ( 'NONE', #4479, #8940, #11566 ) ;
#4080 = CARTESIAN_POINT ( 'NONE',  ( 8.000000000000000000, 0.0000000000000000000, -11.30000000000000071 ) ) ;
#4081 = FILL_AREA_STYLE ('',( #8541 ) ) ;
#4082 = DIRECTION ( 'NONE',  ( -0.8906050950769349717, 0.0000000000000000000, -0.4547774891339759207 ) ) ;
#4083 = DIRECTION ( 'NONE',  ( 0.0000000000000000000, 0.0000000000000000000, -1.000000000000000000 ) ) ;
#4084 = VERTEX_POINT ( 'NONE', #5554 ) ;
#4085 = VECTOR ( 'NONE', #11530, 1000.000000000000000 ) ;
#4086 = FACE_OUTER_BOUND ( 'NONE', #1846, .T. ) ;
#4087 = ORIENTED_EDGE ( 'NONE', *, *, #10647, .F. ) ;
#4088 = CARTESIAN_POINT ( 'NONE',  ( 1.424488762447000179, 0.01000000000000000021, -11.27551123755000262 ) ) ;
#4089 =( NAMED_UNIT ( * ) SI_UNIT ( $, .STERADIAN. ) SOLID_ANGLE_UNIT ( ) );
#4090 = PRESENTATION_STYLE_ASSIGNMENT (( #170 ) ) ;
#4091 = CARTESIAN_POINT ( 'NONE',  ( 13.20000000000000107, 0.009999999999999998473, -0.9000000000000200062 ) ) ;
#4092 = ORIENTED_EDGE ( 'NONE', *, *, #126, .T. ) ;
#4093 = UNCERTAINTY_MEASURE_WITH_UNIT (LENGTH_MEASURE( 1.000000000000000082E-05 ), #2943, 'distance_accuracy_value', 'NONE');
#4094 = PRESENTATION_LAYER_ASSIGNMENT (  '', '', ( #1996 ) ) ;
#4095 = LINE ( 'NONE', #3387, #10433 ) ;
#4096 = AXIS2_PLACEMENT_3D ( 'NONE', #1553, #10826, #7133 ) ;
#4097 = SURFACE_STYLE_FILL_AREA ( #450 ) ;
#4098 =( NAMED_UNIT ( * ) PLANE_ANGLE_UNIT ( ) SI_UNIT ( $, .RADIAN. ) );
#4099 = CARTESIAN_POINT ( 'NONE',  ( 13.10416670739499878, 2.389999999999999680, -7.553191480040500672 ) ) ;
#4100 = EDGE_CURVE ( 'NONE', #1255, #6692, #2817, .T. ) ;
#4101 = VECTOR ( 'NONE', #11297, 1000.000000000000000 ) ;
#4102 = EDGE_CURVE ( 'NONE', #6428, #2235, #4651, .T. ) ;
#4103 = PRESENTATION_LAYER_ASSIGNMENT (  '', '', ( #2956 ) ) ;
#4104 = PLANE ( 'NONE',  #3721 ) ;
#4105 = DIRECTION ( 'NONE',  ( 1.000000000000000000, 0.0000000000000000000, 0.0000000000000000000 ) ) ;
#4106 = DIRECTION ( 'NONE',  ( 0.0000000000000000000, 0.0000000000000000000, 1.000000000000000000 ) ) ;
#4107 = VERTEX_POINT ( 'NONE', #4595 ) ;
#4108 = LINE ( 'NONE', #7724, #3172 ) ;
#4109 = AXIS2_PLACEMENT_3D ( 'NONE', #9705, #10654, #8808 ) ;
#4110 = DIRECTION ( 'NONE',  ( 1.000000000000000000, 0.0000000000000000000, 0.0000000000000000000 ) ) ;
#4111 = ADVANCED_FACE ( 'NONE', ( #6433 ), #3663, .F. ) ;
#4112 = VERTEX_POINT ( 'NONE', #1025 ) ;
#4113 = DIRECTION ( 'NONE',  ( 0.0000000000000000000, -2.168404344971014291E-16, -1.000000000000000000 ) ) ;
#4114 = EDGE_CURVE ( 'NONE', #1747, #10885, #5434, .T. ) ;
#4115 = EDGE_CURVE ( 'NONE', #602, #489, #9062, .T. ) ;
#4116 = DIRECTION ( 'NONE',  ( 0.0000000000000000000, 0.0000000000000000000, -1.000000000000000000 ) ) ;
#4117 = CARTESIAN_POINT ( 'NONE',  ( 13.50000000000000178, 5.293955920339377119E-20, -2.172639509707280370E-16 ) ) ;
#4118 = CARTESIAN_POINT ( 'NONE',  ( 3.479166936873899107, 2.389999999999999680, -7.225531923771086440 ) ) ;
#4119 = DIRECTION ( 'NONE',  ( 0.6379967414744545096, 0.0000000000000000000, 0.7700390625598015903 ) ) ;
#4120 = VERTEX_POINT ( 'NONE', #5380 ) ;
#4121 = EDGE_LOOP ( 'NONE', ( #9578, #1926, #7510, #7057 ) ) ;
#4122 = LINE ( 'NONE', #4825, #7552 ) ;
#4123 = ORIENTED_EDGE ( 'NONE', *, *, #2809, .T. ) ;
#4124 = DIRECTION ( 'NONE',  ( -1.000000000000000000, 0.0000000000000000000, 0.0000000000000000000 ) ) ;
#4125 = CARTESIAN_POINT ( 'NONE',  ( 15.40000000000000036, 0.01020000000000000073, -0.9244887624473999699 ) ) ;
#4126 = EDGE_CURVE ( 'NONE', #8478, #9340, #8288, .T. ) ;
#4127 = COLOUR_RGB ( '',0.9803921568627450567, 0.6274509803921568540, 0.0000000000000000000 ) ;
#4128 = CARTESIAN_POINT ( 'NONE',  ( 13.20000000000248086, 0.0000000000000000000, -11.30000000000000071 ) ) ;
#4129 = ORIENTED_EDGE ( 'NONE', *, *, #7245, .F. ) ;
#4130 = CARTESIAN_POINT ( 'NONE',  ( 2.950000000000000178, 0.8200000000000149392, -12.19999999999999929 ) ) ;
#4131 =( NAMED_UNIT ( * ) SI_UNIT ( $, .STERADIAN. ) SOLID_ANGLE_UNIT ( ) );
#4132 = ORIENTED_EDGE ( 'NONE', *, *, #8973, .T. ) ;
#4133 = DIRECTION ( 'NONE',  ( 0.0000000000000000000, -1.000000000000000000, 0.0000000000000000000 ) ) ;
#4134 = CARTESIAN_POINT ( 'NONE',  ( 15.42448876245000200, 0.01020000000000000073, -11.30000000000000071 ) ) ;
#4135 = DIRECTION ( 'NONE',  ( -0.2377704967233416622, 0.0000000000000000000, 0.9713213633437366434 ) ) ;
#4136 = ORIENTED_EDGE ( 'NONE', *, *, #3078, .T. ) ;
#4137 = EDGE_LOOP ( 'NONE', ( #3304, #6218, #177, #8775 ) ) ;
#4138 = ORIENTED_EDGE ( 'NONE', *, *, #4743, .T. ) ;
#4139 = CARTESIAN_POINT ( 'NONE',  ( 8.000000000000000000, 0.0000000000000000000, -12.19999999999999929 ) ) ;
#4140 = VECTOR ( 'NONE', #1994, 1000.000000000000000 ) ;
#4141 = FACE_OUTER_BOUND ( 'NONE', #1056, .T. ) ;
#4142 = EDGE_CURVE ( 'NONE', #10046, #3673, #7971, .T. ) ;
#4143 = CARTESIAN_POINT ( 'NONE',  ( 5.754166936874159255, 2.399999999999999467, -7.761702135205104547 ) ) ;
#4144 = CARTESIAN_POINT ( 'NONE',  ( 6.500000000000000888, 0.8200000000000300382, 0.0000000000000000000 ) ) ;
#4145 = ORIENTED_EDGE ( 'NONE', *, *, #10058, .F. ) ;
#4146 = ORIENTED_EDGE ( 'NONE', *, *, #5447, .F. ) ;
#4147 = CARTESIAN_POINT ( 'NONE',  ( 9.400000047683501947, 2.399999999999999911, -6.510638308524999474 ) ) ;
#4148 = CARTESIAN_POINT ( 'NONE',  ( 5.400000000000000355, 0.8200000000000299272, -0.2500000000000011102 ) ) ;
#4149 = VECTOR ( 'NONE', #4061, 1000.000000000000000 ) ;
#4150 = DIRECTION ( 'NONE',  ( -1.000000000000000000, 0.0000000000000000000, 0.0000000000000000000 ) ) ;
#4151 = PLANE ( 'NONE',  #9122 ) ;
#4152 = ORIENTED_EDGE ( 'NONE', *, *, #11693, .F. ) ;
#4153 = CARTESIAN_POINT ( 'NONE',  ( 9.429166603088269483, 2.399999999999999911, -6.212766003608480858 ) ) ;
#4154 = CARTESIAN_POINT ( 'NONE',  ( 14.32448876245000058, 0.01000000000000000021, 0.02448876244737000288 ) ) ;
#4155 = ADVANCED_FACE ( 'NONE', ( #10015 ), #8170, .F. ) ;
#4156 = LINE ( 'NONE', #3388, #2808 ) ;
#4157 = AXIS2_PLACEMENT_3D ( 'NONE', #8676, #3459, #10706 ) ;
#4158 = DIRECTION ( 'NONE',  ( 0.0000000000000000000, 0.0000000000000000000, -1.000000000000000000 ) ) ;
#4159 = PLANE ( 'NONE',  #9463 ) ;
#4160 = SURFACE_STYLE_FILL_AREA ( #2435 ) ;
#4161 = LINE ( 'NONE', #7781, #10876 ) ;
#4162 = SURFACE_STYLE_FILL_AREA ( #2561 ) ;
#4163 = ORIENTED_EDGE ( 'NONE', *, *, #2438, .F. ) ;
#4164 =( GEOMETRIC_REPRESENTATION_CONTEXT ( 3 ) GLOBAL_UNCERTAINTY_ASSIGNED_CONTEXT ( ( #6938 ) ) GLOBAL_UNIT_ASSIGNED_CONTEXT ( ( #3432, #5318, #8058 ) ) REPRESENTATION_CONTEXT ( 'NONE', 'WORKASPACE' ) );
#4165 =( NAMED_UNIT ( * ) PLANE_ANGLE_UNIT ( ) SI_UNIT ( $, .RADIAN. ) );
#4166 = EDGE_CURVE ( 'NONE', #4062, #2259, #1892, .T. ) ;
#4167 = VECTOR ( 'NONE', #5564, 1000.000000000000000 ) ;
#4168 = CARTESIAN_POINT ( 'NONE',  ( 9.750000047683501592, 2.389999999999999680, -8.000000000000000000 ) ) ;
#4169 = VERTEX_POINT ( 'NONE', #8345 ) ;
#4170 = FACE_OUTER_BOUND ( 'NONE', #1394, .T. ) ;
#4171 = VECTOR ( 'NONE', #1443, 1000.000000000000000 ) ;
#4172 = CARTESIAN_POINT ( 'NONE',  ( 14.32448876245000058, 0.01000000000000000021, -11.27551123755000262 ) ) ;
#4173 = CARTESIAN_POINT ( 'NONE',  ( 14.59999999999999964, 0.4100000000000150191, -12.19999999999999929 ) ) ;
#4174 = CARTESIAN_POINT ( 'NONE',  ( 8.350000047684000393, 2.399999999999999911, -6.778723382949999099 ) ) ;
#4175 = VERTEX_POINT ( 'NONE', #1978 ) ;
#4176 = EDGE_CURVE ( 'NONE', #9117, #11643, #9236, .T. ) ;
#4177 = ORIENTED_EDGE ( 'NONE', *, *, #10754, .F. ) ;
#4178 = CARTESIAN_POINT ( 'NONE',  ( 3.479166936874782845, 2.394999999999999574, -6.868085074424619130 ) ) ;
#4179 = VERTEX_POINT ( 'NONE', #6263 ) ;
#4180 =( LENGTH_UNIT ( ) NAMED_UNIT ( * ) SI_UNIT ( .MILLI., .METRE. ) );
#4181 = LINE ( 'NONE', #2519, #2836 ) ;
#4182 = EDGE_CURVE ( 'NONE', #1396, #10851, #194, .T. ) ;
#4183 = ADVANCED_FACE ( 'NONE', ( #7445 ), #6322, .F. ) ;
#4184 = PRESENTATION_LAYER_ASSIGNMENT (  '', '', ( #1134 ) ) ;
#4185 = CARTESIAN_POINT ( 'NONE',  ( 9.604166603088136966, 2.399999999999999911, -8.000000000000000000 ) ) ;
#4186 = ORIENTED_EDGE ( 'NONE', *, *, #8334, .F. ) ;
#4187 = CARTESIAN_POINT ( 'NONE',  ( 16.32000000000000028, -0.02448876244737000288, -12.19999999999999929 ) ) ;
#4188 = CARTESIAN_POINT ( 'NONE',  ( 12.40000000000000213, 0.0000000000000000000, -6.100000000000000533 ) ) ;
#4189 = VERTEX_POINT ( 'NONE', #6670 ) ;
#4190 = LINE ( 'NONE', #783, #11269 ) ;
#4191 = VERTEX_POINT ( 'NONE', #5897 ) ;
#4192 = EDGE_CURVE ( 'NONE', #1165, #3476, #4064, .T. ) ;
#4193 = ORIENTED_EDGE ( 'NONE', *, *, #1583, .F. ) ;
#4194 = VERTEX_POINT ( 'NONE', #1382 ) ;
#4195 = VERTEX_POINT ( 'NONE', #10299 ) ;
#4196 = DIRECTION ( 'NONE',  ( 0.0000000000000000000, 0.0000000000000000000, -1.000000000000000000 ) ) ;
#4197 = EDGE_CURVE ( 'NONE', #2101, #10865, #305, .T. ) ;
#4198 = VECTOR ( 'NONE', #351, 1000.000000000000000 ) ;
#4199 = CARTESIAN_POINT ( 'NONE',  ( 12.80000000000000071, 0.8200000000000299272, -0.2500000000000019429 ) ) ;
#4200 = CARTESIAN_POINT ( 'NONE',  ( 15.12266054730102738, 2.275005603686246936, -0.4749049891248670052 ) ) ;
#4201 = LINE ( 'NONE', #2232, #5165 ) ;
#4202 = EDGE_LOOP ( 'NONE', ( #4145, #10157, #11770, #1897 ) ) ;
#4203 = DIRECTION ( 'NONE',  ( 0.0000000000000000000, 0.0000000000000000000, 1.000000000000000000 ) ) ;
#4204 = VECTOR ( 'NONE', #6164, 1000.000000000000000 ) ;
#4205 = VERTEX_POINT ( 'NONE', #6605 ) ;
#4206 = DIRECTION ( 'NONE',  ( 0.0000000000000000000, -4.336808689942021680E-16, -1.000000000000000000 ) ) ;
#4207 = DIRECTION ( 'NONE',  ( 1.000000000000000000, 0.0000000000000000000, 0.0000000000000000000 ) ) ;
#4208 = LINE ( 'NONE', #10573, #9175 ) ;
#4209 = DIRECTION ( 'NONE',  ( 1.000000000000000000, 0.0000000000000000000, 0.0000000000000000000 ) ) ;
#4210 = CARTESIAN_POINT ( 'NONE',  ( 13.04583336711010766, 2.399999999999999911, -7.940425533801155566 ) ) ;
#4211 = ORIENTED_EDGE ( 'NONE', *, *, #8916, .T. ) ;
#4212 =( NAMED_UNIT ( * ) SI_UNIT ( $, .STERADIAN. ) SOLID_ANGLE_UNIT ( ) );
#4213 = VECTOR ( 'NONE', #2204, 1000.000000000000000 ) ;
#4214 = AXIS2_PLACEMENT_3D ( 'NONE', #193, #7326, #4593 ) ;
#4215 = CARTESIAN_POINT ( 'NONE',  ( 0.5739310375668130737, 2.095730423625318029, -0.4519245199891899212 ) ) ;
#4216 = DIRECTION ( 'NONE',  ( -1.000000000000000000, 0.0000000000000000000, 0.0000000000000000000 ) ) ;
#4217 = VECTOR ( 'NONE', #7642, 1000.000000000000000 ) ;
#4218 = LINE ( 'NONE', #11419, #916 ) ;
#4219 = VECTOR ( 'NONE', #10698, 1000.000000000000000 ) ;
#4220 = DIRECTION ( 'NONE',  ( -0.0000000000000000000, -0.0000000000000000000, 1.000000000000000000 ) ) ;
#4221 = DIRECTION ( 'NONE',  ( -1.000000000000000000, -0.0000000000000000000, -0.0000000000000000000 ) ) ;
#4222 = PRESENTATION_STYLE_ASSIGNMENT (( #4281 ) ) ;
#4223 = VECTOR ( 'NONE', #1029, 999.9999999999998863 ) ;
#4224 = CARTESIAN_POINT ( 'NONE',  ( 5.799999999999999822, 0.009999999999999998473, -0.9000000000000200062 ) ) ;
#4225 = ORIENTED_EDGE ( 'NONE', *, *, #5644, .T. ) ;
#4226 =( LENGTH_UNIT ( ) NAMED_UNIT ( * ) SI_UNIT ( .MILLI., .METRE. ) );
#4227 = CARTESIAN_POINT ( 'NONE',  ( 9.103655365535999522, 2.389799999999999702, -6.391489386558999897 ) ) ;
#4228 = AXIS2_PLACEMENT_3D ( 'NONE', #8672, #1360, #511 ) ;
#4229 = ORIENTED_EDGE ( 'NONE', *, *, #8931, .F. ) ;
#4230 = DIRECTION ( 'NONE',  ( 0.9689176611434413555, 0.0000000000000000000, 0.2473834390664083616 ) ) ;
#4231 = FILL_AREA_STYLE_COLOUR ( '', #3140 ) ;
#4232 = CARTESIAN_POINT ( 'NONE',  ( 6.900000000000000355, 0.01020000000000000073, -0.9244887624473999699 ) ) ;
#4233 = EDGE_CURVE ( 'NONE', #10495, #4084, #8729, .T. ) ;
#4234 = CARTESIAN_POINT ( 'NONE',  ( 1.399999999999999911, 0.0000000000000000000, -12.20000000000156071 ) ) ;
#4235 = CARTESIAN_POINT ( 'NONE',  ( 3.899999999999999911, 0.0000000000000000000, -6.100000000000000533 ) ) ;
#4236 = EDGE_LOOP ( 'NONE', ( #7466, #10621, #4613, #5676 ) ) ;
#4237 = ORIENTED_EDGE ( 'NONE', *, *, #9859, .F. ) ;
#4238 = CARTESIAN_POINT ( 'NONE',  ( 1.500000000000000000, 2.389999999999999236, -1.399999999999999911 ) ) ;
#4239 = ORIENTED_EDGE ( 'NONE', *, *, #11217, .F. ) ;
#4240 = DIRECTION ( 'NONE',  ( -0.9713213633441395434, 0.0000000000000000000, -0.2377704967216963949 ) ) ;
#4241 = AXIS2_PLACEMENT_3D ( 'NONE', #6397, #5687, #4618 ) ;
#4242 = DIRECTION ( 'NONE',  ( -0.0000000000000000000, 1.000000000000000000, -0.0000000000000000000 ) ) ;
#4243 = LINE ( 'NONE', #5129, #11061 ) ;
#4244 = EDGE_LOOP ( 'NONE', ( #1021, #4691, #420, #10717, #2823, #7804, #11386, #4548, #9666, #3368, #1454, #9966, #10964, #5981, #609, #9788, #3936, #1323, #11517, #1492 ) ) ;
#4245 = DIRECTION ( 'NONE',  ( 1.000000000000000000, 0.0000000000000000000, -0.0000000000000000000 ) ) ;
#4246 = LINE ( 'NONE', #2792, #6757 ) ;
#4247 = VERTEX_POINT ( 'NONE', #1142 ) ;
#4248 = AXIS2_PLACEMENT_3D ( 'NONE', #3000, #1152, #8531 ) ;
#4249 = DIRECTION ( 'NONE',  ( 0.0000000000000000000, 0.0000000000000000000, 1.000000000000000000 ) ) ;
#4250 = CARTESIAN_POINT ( 'NONE',  ( 1.849999999999999645, 0.4100000000000150191, 0.0000000000000000000 ) ) ;
#4251 = EDGE_CURVE ( 'NONE', #5580, #10351, #4944, .T. ) ;
#4252 = DIRECTION ( 'NONE',  ( 0.0000000000000000000, -4.336808689941984209E-16, -1.000000000000000000 ) ) ;
#4253 = EDGE_CURVE ( 'NONE', #7792, #660, #9296, .T. ) ;
#4254 = SURFACE_SIDE_STYLE ('',( #11515 ) ) ;
#4255 = ORIENTED_EDGE ( 'NONE', *, *, #1781, .F. ) ;
#4256 = ORIENTED_EDGE ( 'NONE', *, *, #6950, .F. ) ;
#4257 = VERTEX_POINT ( 'NONE', #3049 ) ;
#4258 = CARTESIAN_POINT ( 'NONE',  ( 10.20000000000000107, -1.058791184067875424E-19, -12.20000000000123386 ) ) ;
#4259 = VECTOR ( 'NONE', #6988, 1000.000000000000000 ) ;
#4260 = FACE_OUTER_BOUND ( 'NONE', #875, .T. ) ;
#4261 = EDGE_CURVE ( 'NONE', #11340, #11083, #7507, .T. ) ;
#4262 = ORIENTED_EDGE ( 'NONE', *, *, #3105, .T. ) ;
#4263 = CARTESIAN_POINT ( 'NONE',  ( 3.449999999999999734, 0.009999999999987104274, 2.792598419361491987E-30 ) ) ;
#4264 = ORIENTED_EDGE ( 'NONE', *, *, #613, .F. ) ;
#4265 = PLANE ( 'NONE',  #11505 ) ;
#4266 = DIRECTION ( 'NONE',  ( 0.0000000000000000000, -1.000000000000000000, 2.168404344971006896E-16 ) ) ;
#4267 = LINE ( 'NONE', #3379, #4259 ) ;
#4268 = EDGE_CURVE ( 'NONE', #2101, #8206, #2095, .T. ) ;
#4269 = LINE ( 'NONE', #7113, #10994 ) ;
#4270 = COLOUR_RGB ( '',0.9803921568627450567, 0.6274509803921568540, 0.0000000000000000000 ) ;
#4271 = CARTESIAN_POINT ( 'NONE',  ( 10.19999999999999929, 0.009999999999999998473, -11.75000000000000178 ) ) ;
#4272 = VERTEX_POINT ( 'NONE', #7625 ) ;
#4273 = DIRECTION ( 'NONE',  ( 1.000000000000000000, 0.0000000000000000000, 0.0000000000000000000 ) ) ;
#4274 = DIRECTION ( 'NONE',  ( -0.0000000000000000000, -0.0000000000000000000, -1.000000000000000000 ) ) ;
#4275 = CARTESIAN_POINT ( 'NONE',  ( 0.4672519428910181238, 2.212914624889573911, -0.4819776142318147882 ) ) ;
#4276 = CARTESIAN_POINT ( 'NONE',  ( 2.471166709899999869, 2.389799999999999702, -8.019063829184000625 ) ) ;
#4277 = ADVANCED_FACE ( 'NONE', ( #1320 ), #8639, .F. ) ;
#4278 = CARTESIAN_POINT ( 'NONE',  ( 9.055439006576003536, 2.389799999999999702, -7.708185759496998912 ) ) ;
#4279 =( NAMED_UNIT ( * ) SI_UNIT ( $, .STERADIAN. ) SOLID_ANGLE_UNIT ( ) );
#4280 = AXIS2_PLACEMENT_3D ( 'NONE', #2236, #6810, #10439 ) ;
#4281 = SURFACE_STYLE_USAGE ( .BOTH. , #10458 ) ;
#4282 = COLOUR_RGB ( '',0.8313725490196077761, 0.8509803921568627194, 0.8313725490196077761 ) ;
#4283 = MECHANICAL_DESIGN_GEOMETRIC_PRESENTATION_REPRESENTATION (  '', ( #5033 ), #9594 ) ;
#4284 = VERTEX_POINT ( 'NONE', #8408 ) ;
#4285 = DIRECTION ( 'NONE',  ( -0.6506283051932760797, 0.0000000000000000000, 0.7593963447906008080 ) ) ;
#4286 = CARTESIAN_POINT ( 'NONE',  ( 6.454166936874201177, 2.394999999999999574, -6.689361691474525529 ) ) ;
#4287 = PRESENTATION_LAYER_ASSIGNMENT (  '', '', ( #2768 ) ) ;
#4288 = ORIENTED_EDGE ( 'NONE', *, *, #11471, .F. ) ;
#4289 = CARTESIAN_POINT ( 'NONE',  ( 14.29999999999999893, 0.009999999999999996739, -12.20000000000166196 ) ) ;
#4290 = DIRECTION ( 'NONE',  ( -0.8265992787991174318, -0.0000000000000000000, 0.5627909312424809185 ) ) ;
#4291 = SURFACE_STYLE_USAGE ( .BOTH. , #7917 ) ;
#4292 = LINE ( 'NONE', #10114, #6071 ) ;
#4293 = ORIENTED_EDGE ( 'NONE', *, *, #3397, .F. ) ;
#4294 = ORIENTED_EDGE ( 'NONE', *, *, #1013, .T. ) ;
#4295 = CARTESIAN_POINT ( 'NONE',  ( 5.054166936873737193, 2.399999999999999911, -6.510638308525690476 ) ) ;
#4296 = ORIENTED_EDGE ( 'NONE', *, *, #10240, .T. ) ;
#4297 = DIRECTION ( 'NONE',  ( 0.0000000000000000000, -2.168404344971006896E-16, -1.000000000000000000 ) ) ;
#4298 = VECTOR ( 'NONE', #167, 1000.000000000000000 ) ;
#4299 = VECTOR ( 'NONE', #2131, 1000.000000000000000 ) ;
#4300 = DIRECTION ( 'NONE',  ( 0.9689177407770339645, 0.0000000000000000000, 0.2473831271682211952 ) ) ;
#4301 =( LENGTH_UNIT ( ) NAMED_UNIT ( * ) SI_UNIT ( .MILLI., .METRE. ) );
#4302 = ORIENTED_EDGE ( 'NONE', *, *, #8789, .T. ) ;
#4303 = CYLINDRICAL_SURFACE ( 'NONE', #5808, 0.2500000000000002220 ) ;
#4304 = DIRECTION ( 'NONE',  ( 0.0000000000000000000, 1.000000000000000000, 0.0000000000000000000 ) ) ;
#4305 = AXIS2_PLACEMENT_3D ( 'NONE', #9227, #8103, #8336 ) ;
#4306 = ORIENTED_EDGE ( 'NONE', *, *, #5050, .F. ) ;
#4307 = DIRECTION ( 'NONE',  ( -0.0000000000000000000, -1.000000000000000000, -0.0000000000000000000 ) ) ;
#4308 = DIRECTION ( 'NONE',  ( -0.2377730639615918407, 0.0000000000000000000, 0.9713207349039331140 ) ) ;
#4309 = CARTESIAN_POINT ( 'NONE',  ( 9.604166603088000187, 2.389799999999999702, -7.369169608184999554 ) ) ;
#4310 = ORIENTED_EDGE ( 'NONE', *, *, #6556, .T. ) ;
#4311 = VERTEX_POINT ( 'NONE', #3112 ) ;
#4312 = ORIENTED_EDGE ( 'NONE', *, *, #11411, .F. ) ;
#4313 = FACE_OUTER_BOUND ( 'NONE', #2678, .T. ) ;
#4314 = EDGE_CURVE ( 'NONE', #4482, #6555, #10412, .T. ) ;
#4315 = CARTESIAN_POINT ( 'NONE',  ( 15.39628205959074947, 2.401389820469746805, -0.4840453280282768223 ) ) ;
#4316 = CARTESIAN_POINT ( 'NONE',  ( 8.437500047683823112, 2.389999999999999680, -7.523404270410865458 ) ) ;
#4317 = VERTEX_POINT ( 'NONE', #5721 ) ;
#4318 = PRESENTATION_STYLE_ASSIGNMENT (( #794 ) ) ;
#4319 = VERTEX_POINT ( 'NONE', #2213 ) ;
#4320 = CARTESIAN_POINT ( 'NONE',  ( 9.562966454588002208, 2.389799999999999702, -7.744204675711999997 ) ) ;
#4321 = FACE_OUTER_BOUND ( 'NONE', #11033, .T. ) ;
#4322 = CARTESIAN_POINT ( 'NONE',  ( 8.000000000000000000, 0.0000000000000000000, -12.19999999999999929 ) ) ;
#4323 = CARTESIAN_POINT ( 'NONE',  ( 3.600000000000000533, 0.009999999999999998473, -0.9000000000000200062 ) ) ;
#4324 = DIRECTION ( 'NONE',  ( 0.0000000000000000000, -2.168404344971006896E-16, -1.000000000000000000 ) ) ;
#4325 = ORIENTED_EDGE ( 'NONE', *, *, #8673, .T. ) ;
#4326 = EDGE_CURVE ( 'NONE', #5007, #11703, #4828, .T. ) ;
#4327 = CARTESIAN_POINT ( 'NONE',  ( 2.500000000000000000, 0.4100000000000150191, 0.0000000000000000000 ) ) ;
#4328 = ADVANCED_FACE ( 'NONE', ( #7562 ), #11200, .F. ) ;
#4329 = LINE ( 'NONE', #8017, #6590 ) ;
#4330 = ADVANCED_FACE ( 'NONE', ( #9537 ), #475, .F. ) ;
#4331 = CARTESIAN_POINT ( 'NONE',  ( 7.849999999999999645, 0.009999999999987104274, 2.792598419361491987E-30 ) ) ;
#4332 = CARTESIAN_POINT ( 'NONE',  ( 8.320833492279053445, 2.399999999999999467, -6.868085074424842063 ) ) ;
#4333 = FILL_AREA_STYLE_COLOUR ( '', #9114 ) ;
#4334 = ADVANCED_FACE ( 'NONE', ( #1564 ), #7740, .F. ) ;
#4335 = LINE ( 'NONE', #11602, #3403 ) ;
#4336 = EDGE_LOOP ( 'NONE', ( #11212, #6376, #3224, #7273 ) ) ;
#4337 = VECTOR ( 'NONE', #7255, 1000.000000000000000 ) ;
#4338 = DIRECTION ( 'NONE',  ( 0.0000000000000000000, -2.168404344970992105E-16, -1.000000000000000000 ) ) ;
#4339 = VECTOR ( 'NONE', #6114, 1000.000000000000114 ) ;
#4340 = EDGE_CURVE ( 'NONE', #8055, #3126, #7775, .T. ) ;
#4341 = DIRECTION ( 'NONE',  ( -0.2473834390664076677, 0.0000000000000000000, 0.9689176611434415776 ) ) ;
#4342 = EDGE_LOOP ( 'NONE', ( #9088, #8145, #4553, #8945 ) ) ;
#4343 = AXIS2_PLACEMENT_3D ( 'NONE', #2622, #3575, #1784 ) ;
#4344 =( NAMED_UNIT ( * ) SI_UNIT ( $, .STERADIAN. ) SOLID_ANGLE_UNIT ( ) );
#4345 = CARTESIAN_POINT ( 'NONE',  ( 10.60000000000000142, 0.8200000000000300382, 0.0000000000000000000 ) ) ;
#4346 = VECTOR ( 'NONE', #1639, 1000.000000000000000 ) ;
#4347 =( NAMED_UNIT ( * ) SI_UNIT ( $, .STERADIAN. ) SOLID_ANGLE_UNIT ( ) );
#4348 = DIRECTION ( 'NONE',  ( -0.0000000000000000000, -1.000000000000000000, -0.0000000000000000000 ) ) ;
#4349 = EDGE_LOOP ( 'NONE', ( #8525, #8358, #7977, #10833 ) ) ;
#4350 = VERTEX_POINT ( 'NONE', #11444 ) ;
#4351 = EDGE_CURVE ( 'NONE', #5083, #2157, #7924, .T. ) ;
#4352 = ORIENTED_EDGE ( 'NONE', *, *, #7149, .T. ) ;
#4353 = AXIS2_PLACEMENT_3D ( 'NONE', #9681, #6045, #11647 ) ;
#4354 = DIRECTION ( 'NONE',  ( -0.8265992756280685638, 0.0000000000000000000, -0.5627909358999596545 ) ) ;
#4355 = DIRECTION ( 'NONE',  ( 0.0000000000000000000, -1.000000000000000000, 2.168404344971006649E-16 ) ) ;
#4356 = VECTOR ( 'NONE', #10606, 1000.000000000000000 ) ;
#4357 = DIRECTION ( 'NONE',  ( 0.0000000000000000000, -4.336808689941984209E-16, -1.000000000000000000 ) ) ;
#4358 = ORIENTED_EDGE ( 'NONE', *, *, #5502, .T. ) ;
#4359 = LINE ( 'NONE', #7805, #9613 ) ;
#4360 = LINE ( 'NONE', #7356, #82 ) ;
#4361 = VECTOR ( 'NONE', #9465, 1000.000000000000114 ) ;
#4362 = VERTEX_POINT ( 'NONE', #8820 ) ;
#4363 = CARTESIAN_POINT ( 'NONE',  ( 4.700000000000001066, 5.293955920339377119E-20, -12.20000000000062279 ) ) ;
#4364 = CARTESIAN_POINT ( 'NONE',  ( 14.30000000000000071, 1.058791184067875424E-19, -1.490354470693941447E-14 ) ) ;
#4365 = CARTESIAN_POINT ( 'NONE',  ( 13.22083338797000174, 2.389999999999999680, -6.689361733198500026 ) ) ;
#4366 = ORIENTED_EDGE ( 'NONE', *, *, #9859, .T. ) ;
#4367 = ORIENTED_EDGE ( 'NONE', *, *, #456, .T. ) ;
#4368 = AXIS2_PLACEMENT_3D ( 'NONE', #5608, #132, #2715 ) ;
#4369 = ORIENTED_EDGE ( 'NONE', *, *, #2906, .F. ) ;
#4370 = LINE ( 'NONE', #3369, #9864 ) ;
#4371 = VECTOR ( 'NONE', #6015, 1000.000000000000000 ) ;
#4372 = FACE_OUTER_BOUND ( 'NONE', #2413, .T. ) ;
#4373 = ORIENTED_EDGE ( 'NONE', *, *, #7302, .T. ) ;
#4374 = DIRECTION ( 'NONE',  ( -0.5466220916065573920, -0.0000000000000000000, -0.8373794175686863905 ) ) ;
#4375 = VERTEX_POINT ( 'NONE', #654 ) ;
#4376 = CARTESIAN_POINT ( 'NONE',  ( 2.800000000000065103, 0.009999999999999996739, -1.129377263005733721E-18 ) ) ;
#4377 = FACE_OUTER_BOUND ( 'NONE', #10800, .T. ) ;
#4378 = AXIS2_PLACEMENT_3D ( 'NONE', #4398, #9140, #6232 ) ;
#4379 = FACE_OUTER_BOUND ( 'NONE', #6161, .T. ) ;
#4380 = CARTESIAN_POINT ( 'NONE',  ( 4.470833158492637516, 2.394999999999999574, -6.093617081642573652 ) ) ;
#4381 = EDGE_LOOP ( 'NONE', ( #9185, #1150, #8763, #11447 ) ) ;
#4382 = EDGE_CURVE ( 'NONE', #3409, #1708, #3289, .T. ) ;
#4383 = LINE ( 'NONE', #8012, #5336 ) ;
#4384 = COLOUR_RGB ( '',0.0000000000000000000, 0.0000000000000000000, 0.0000000000000000000 ) ;
#4385 = VERTEX_POINT ( 'NONE', #7799 ) ;
#4386 = LINE ( 'NONE', #8016, #1388 ) ;
#4387 = VECTOR ( 'NONE', #8287, 1000.000000000000000 ) ;
#4388 = DIRECTION ( 'NONE',  ( 0.0000000000000000000, 0.0000000000000000000, -1.000000000000000000 ) ) ;
#4389 = CARTESIAN_POINT ( 'NONE',  ( 1.500000000000000000, 2.389999999999999236, -1.399999999999999911 ) ) ;
#4390 = AXIS2_PLACEMENT_3D ( 'NONE', #9701, #4341, #2444 ) ;
#4391 = DIRECTION ( 'NONE',  ( -0.0000000000000000000, -0.0000000000000000000, 1.000000000000000000 ) ) ;
#4392 = EDGE_CURVE ( 'NONE', #11499, #8988, #596, .T. ) ;
#4393 = DIRECTION ( 'NONE',  ( 0.0000000000000000000, -2.168404344971006896E-16, -1.000000000000000000 ) ) ;
#4394 = EDGE_CURVE ( 'NONE', #2140, #5501, #11560, .T. ) ;
#4395 = AXIS2_PLACEMENT_3D ( 'NONE', #1630, #6973, #6197 ) ;
#4396 = STYLED_ITEM ( 'NONE', ( #8608 ), #11765 ) ;
#4397 = EDGE_CURVE ( 'NONE', #7951, #3833, #2459, .T. ) ;
#4398 = CARTESIAN_POINT ( 'NONE',  ( 7.599999999999998757, 0.8200000000000300382, 0.0000000000000000000 ) ) ;
#4399 = DIRECTION ( 'NONE',  ( 0.4397120806645887225, 0.0000000000000000000, 0.8981387900083250830 ) ) ;
#4400 = MECHANICAL_DESIGN_GEOMETRIC_PRESENTATION_REPRESENTATION (  '', ( #3838 ), #6284 ) ;
#4401 =( GEOMETRIC_REPRESENTATION_CONTEXT ( 3 ) GLOBAL_UNCERTAINTY_ASSIGNED_CONTEXT ( ( #10385 ) ) GLOBAL_UNIT_ASSIGNED_CONTEXT ( ( #3625, #10870, #983 ) ) REPRESENTATION_CONTEXT ( 'NONE', 'WORKASPACE' ) );
#4402 = DIRECTION ( 'NONE',  ( 0.0000000000000000000, 0.0000000000000000000, 1.000000000000000000 ) ) ;
#4403 = LINE ( 'NONE', #8025, #8568 ) ;
#4404 = VECTOR ( 'NONE', #5414, 1000.000000000000000 ) ;
#4405 = EDGE_CURVE ( 'NONE', #5392, #5534, #4181, .T. ) ;
#4406 = EDGE_LOOP ( 'NONE', ( #529, #11052, #7225, #6857 ) ) ;
#4407 = LINE ( 'NONE', #1671, #2559 ) ;
#4408 = VECTOR ( 'NONE', #10500, 1000.000000000000000 ) ;
#4409 = DIRECTION ( 'NONE',  ( -0.0000000000000000000, -1.000000000000000000, -0.0000000000000000000 ) ) ;
#4410 = PLANE ( 'NONE',  #2119 ) ;
#4411 = EDGE_CURVE ( 'NONE', #8329, #2472, #8880, .T. ) ;
#4412 = CARTESIAN_POINT ( 'NONE',  ( 11.29999999999752447, 0.004999999999999999237, -0.9000000000000000222 ) ) ;
#4413 = VERTEX_POINT ( 'NONE', #712 ) ;
#4414 = VERTEX_POINT ( 'NONE', #1680 ) ;
#4415 = ORIENTED_EDGE ( 'NONE', *, *, #4411, .T. ) ;
#4416 = DIRECTION ( 'NONE',  ( -0.2377704967216963949, 0.0000000000000000000, 0.9713213633441395434 ) ) ;
#4417 = ORIENTED_EDGE ( 'NONE', *, *, #11587, .F. ) ;
#4418 = CARTESIAN_POINT ( 'NONE',  ( 11.76250004768000501, 2.394999999999999574, -6.093617081642004329 ) ) ;
#4419 = AXIS2_PLACEMENT_3D ( 'NONE', #11598, #7180, #4393 ) ;
#4420 = CARTESIAN_POINT ( 'NONE',  ( 13.90000000000000213, 0.8200000000000300382, 0.0000000000000000000 ) ) ;
#4421 = EDGE_CURVE ( 'NONE', #8013, #4871, #7982, .T. ) ;
#4422 = EDGE_LOOP ( 'NONE', ( #10728, #11725, #6604, #8716 ) ) ;
#4423 = SURFACE_SIDE_STYLE ('',( #3293 ) ) ;
#4424 = ORIENTED_EDGE ( 'NONE', *, *, #3664, .T. ) ;
#4425 = CARTESIAN_POINT ( 'NONE',  ( 6.454166936873650506, 2.399999999999999911, -7.880851067602778315 ) ) ;
#4426 = CARTESIAN_POINT ( 'NONE',  ( 13.51250004768242441, 2.394999999999999574, -6.093617081642001665 ) ) ;
#4427 = DIRECTION ( 'NONE',  ( 0.5466223657671567260, 0.0000000000000000000, -0.8373792386028665602 ) ) ;
#4428 = AXIS2_PLACEMENT_3D ( 'NONE', #558, #10691, #6158 ) ;
#4429 = ORIENTED_EDGE ( 'NONE', *, *, #9814, .F. ) ;
#4430 = ORIENTED_EDGE ( 'NONE', *, *, #10263, .T. ) ;
#4431 = VERTEX_POINT ( 'NONE', #8694 ) ;
#4432 = COLOUR_RGB ( '',0.9803921568627450567, 0.6274509803921568540, 0.0000000000000000000 ) ;
#4433 = VECTOR ( 'NONE', #5505, 1000.000000000000000 ) ;
#4434 = PRESENTATION_STYLE_ASSIGNMENT (( #904 ) ) ;
#4435 = ORIENTED_EDGE ( 'NONE', *, *, #8789, .F. ) ;
#4436 = ORIENTED_EDGE ( 'NONE', *, *, #7809, .T. ) ;
#4437 = PLANE ( 'NONE',  #6363 ) ;
#4438 = DIRECTION ( 'NONE',  ( -0.0000000000000000000, -0.0000000000000000000, 1.000000000000000000 ) ) ;
#4439 = PLANE ( 'NONE',  #6142 ) ;
#4440 = CARTESIAN_POINT ( 'NONE',  ( 10.19999999999877538, 1.588186776101813136E-19, -11.29999999999937899 ) ) ;
#4441 = VERTEX_POINT ( 'NONE', #11382 ) ;
#4442 = ORIENTED_EDGE ( 'NONE', *, *, #604, .T. ) ;
#4443 = VECTOR ( 'NONE', #8476, 1000.000000000000114 ) ;
#4444 = ORIENTED_EDGE ( 'NONE', *, *, #6556, .F. ) ;
#4445 = UNCERTAINTY_MEASURE_WITH_UNIT (LENGTH_MEASURE( 1.000000000000000082E-05 ), #6374, 'distance_accuracy_value', 'NONE');
#4446 = CARTESIAN_POINT ( 'NONE',  ( 9.195833325386002954, 2.389999999999999680, -7.970212766901000556 ) ) ;
#4447 = LINE ( 'NONE', #8966, #4692 ) ;
#4448 = CARTESIAN_POINT ( 'NONE',  ( 13.22083338796999996, 2.389999999999999680, -6.093617081642007882 ) ) ;
#4449 = AXIS2_PLACEMENT_3D ( 'NONE', #2284, #5970, #4252 ) ;
#4450 = CARTESIAN_POINT ( 'NONE',  ( 12.55000000000000071, 0.8200000000000149392, -12.19999999999999929 ) ) ;
#4451 = DIRECTION ( 'NONE',  ( 0.7145117189351761766, 0.0000000000000000000, -0.6996234726653329794 ) ) ;
#4452 = FILL_AREA_STYLE_COLOUR ( '', #567 ) ;
#4453 = CARTESIAN_POINT ( 'NONE',  ( 2.837500047683271909, 2.399999999999999911, -8.000000000000287770 ) ) ;
#4454 = UNCERTAINTY_MEASURE_WITH_UNIT (LENGTH_MEASURE( 1.000000000000000082E-05 ), #5032, 'distance_accuracy_value', 'NONE');
#4455 = LINE ( 'NONE', #8082, #2340 ) ;
#4456 = VECTOR ( 'NONE', #5843, 1000.000000000000114 ) ;
#4457 = SURFACE_STYLE_FILL_AREA ( #4507 ) ;
#4458 = EDGE_CURVE ( 'NONE', #3130, #3725, #1883, .T. ) ;
#4459 = ADVANCED_FACE ( 'NONE', ( #11619 ), #3478, .T. ) ;
#4460 = ORIENTED_EDGE ( 'NONE', *, *, #9061, .F. ) ;
#4461 = LINE ( 'NONE', #5240, #7480 ) ;
#4462 = STYLED_ITEM ( 'NONE', ( #702 ), #519 ) ;
#4463 = CARTESIAN_POINT ( 'NONE',  ( 8.000000000000000000, 0.009999999999999995004, -12.19999999999999929 ) ) ;
#4464 = FILL_AREA_STYLE ('',( #3471 ) ) ;
#4465 = PLANE ( 'NONE',  #2085 ) ;
#4466 = EDGE_LOOP ( 'NONE', ( #10398, #7835, #9058, #1273 ) ) ;
#4467 = VERTEX_POINT ( 'NONE', #4638 ) ;
#4468 = VERTEX_POINT ( 'NONE', #2750 ) ;
#4469 = ORIENTED_EDGE ( 'NONE', *, *, #3157, .F. ) ;
#4470 = ADVANCED_FACE ( 'NONE', ( #1799 ), #10835, .F. ) ;
#4471 = CARTESIAN_POINT ( 'NONE',  ( 8.437500048050033286, 2.399999999999999467, -7.523404270660085658 ) ) ;
#4472 = DIRECTION ( 'NONE',  ( 0.5466210844725842843, 0.0000000000000000000, 0.8373800750017974526 ) ) ;
#4473 = CIRCLE ( 'NONE', #11124, 0.2500000000000002220 ) ;
#4474 = EDGE_CURVE ( 'NONE', #7583, #9779, #8992, .T. ) ;
#4475 = DIRECTION ( 'NONE',  ( -0.2377713198752085255, 0.0000000000000000000, -0.9713211618433942318 ) ) ;
#4476 = ADVANCED_FACE ( 'NONE', ( #6480 ), #3534, .F. ) ;
#4477 = ORIENTED_EDGE ( 'NONE', *, *, #6832, .T. ) ;
#4478 = CARTESIAN_POINT ( 'NONE',  ( 5.000000000000000000, 0.009999999999999998473, -11.75000000000000178 ) ) ;
#4479 = CARTESIAN_POINT ( 'NONE',  ( 10.60000000000000142, 0.009999999999974222217, 1.756407519426636498E-16 ) ) ;
#4480 = CIRCLE ( 'NONE', #5999, 0.2500000000000011102 ) ;
#4481 = STYLED_ITEM ( 'NONE', ( #10549 ), #1069 ) ;
#4482 = VERTEX_POINT ( 'NONE', #4471 ) ;
#4483 = ORIENTED_EDGE ( 'NONE', *, *, #4963, .F. ) ;
#4484 = ORIENTED_EDGE ( 'NONE', *, *, #4756, .T. ) ;
#4485 = DIRECTION ( 'NONE',  ( 1.000000000000000000, 0.0000000000000000000, -0.0000000000000000000 ) ) ;
#4486 = PRESENTATION_STYLE_ASSIGNMENT (( #848 ) ) ;
#4487 = PLANE ( 'NONE',  #2128 ) ;
#4488 = ORIENTED_EDGE ( 'NONE', *, *, #8838, .T. ) ;
#4489 = CARTESIAN_POINT ( 'NONE',  ( 9.545833325385999046, 2.399999999999999911, -7.434042558073998386 ) ) ;
#4490 = VERTEX_POINT ( 'NONE', #6362 ) ;
#4491 = CARTESIAN_POINT ( 'NONE',  ( 12.05416676998286896, 2.394999999999999574, -6.093617081642001665 ) ) ;
#4492 = CARTESIAN_POINT ( 'NONE',  ( 10.85000000000000142, 0.8200000000000149392, -3.256119351777732894E-30 ) ) ;
#4493 = DIRECTION ( 'NONE',  ( 1.000000000000000000, 0.0000000000000000000, 0.0000000000000000000 ) ) ;
#4494 = DIRECTION ( 'NONE',  ( -0.0000000000000000000, -1.000000000000000000, -0.0000000000000000000 ) ) ;
#4495 = EDGE_LOOP ( 'NONE', ( #6517, #3367, #11349, #1197 ) ) ;
#4496 = ORIENTED_EDGE ( 'NONE', *, *, #5609, .F. ) ;
#4497 = ORIENTED_EDGE ( 'NONE', *, *, #8868, .T. ) ;
#4498 = EDGE_CURVE ( 'NONE', #8211, #8567, #3704, .T. ) ;
#4499 = CARTESIAN_POINT ( 'NONE',  ( 10.60000000000000142, 0.8200000000000300382, -12.19999999999999929 ) ) ;
#4500 = FILL_AREA_STYLE_COLOUR ( '', #7613 ) ;
#4501 = VECTOR ( 'NONE', #1074, 1000.000000000000000 ) ;
#4502 = DIRECTION ( 'NONE',  ( 1.000000000000000000, -0.0000000000000000000, -0.0000000000000000000 ) ) ;
#4503 = DIRECTION ( 'NONE',  ( -1.000000000000000000, 0.0000000000000000000, 0.0000000000000000000 ) ) ;
#4504 = ORIENTED_EDGE ( 'NONE', *, *, #2065, .T. ) ;
#4505 = SURFACE_STYLE_FILL_AREA ( #7127 ) ;
#4506 = PRESENTATION_LAYER_ASSIGNMENT (  '', '', ( #509 ) ) ;
#4507 = FILL_AREA_STYLE ('',( #874 ) ) ;
#4508 = ORIENTED_EDGE ( 'NONE', *, *, #2738, .F. ) ;
#4509 = DIRECTION ( 'NONE',  ( 0.9689176611442692488, -0.0000000000000000000, -0.2473834390631658442 ) ) ;
#4510 = DIRECTION ( 'NONE',  ( -0.9630233956701983455, 0.0000000000000000000, -0.2694177785370531764 ) ) ;
#4511 = DIRECTION ( 'NONE',  ( -0.0000000000000000000, 1.000000000000000000, -2.168404344971014291E-16 ) ) ;
#4512 = VECTOR ( 'NONE', #5778, 1000.000000000000000 ) ;
#4513 = PLANE ( 'NONE',  #8926 ) ;
#4514 = VERTEX_POINT ( 'NONE', #8270 ) ;
#4515 = ORIENTED_EDGE ( 'NONE', *, *, #3308, .F. ) ;
#4516 = PLANE ( 'NONE',  #8903 ) ;
#4517 = ORIENTED_EDGE ( 'NONE', *, *, #4777, .F. ) ;
#4518 = EDGE_CURVE ( 'NONE', #6666, #2694, #2698, .T. ) ;
#4519 = ORIENTED_EDGE ( 'NONE', *, *, #8083, .F. ) ;
#4520 = DIRECTION ( 'NONE',  ( -0.0000000000000000000, -1.000000000000000000, -0.0000000000000000000 ) ) ;
#4521 = CARTESIAN_POINT ( 'NONE',  ( 13.51250004768000501, 2.394999999999999574, -7.285106384754987729 ) ) ;
#4522 = AXIS2_PLACEMENT_3D ( 'NONE', #4035, #9384, #2063 ) ;
#4523 = ORIENTED_EDGE ( 'NONE', *, *, #10797, .T. ) ;
#4524 = SURFACE_STYLE_USAGE ( .BOTH. , #6369 ) ;
#4525 = VECTOR ( 'NONE', #4847, 1000.000000000000114 ) ;
#4526 = PLANE ( 'NONE',  #835 ) ;
#4527 = EDGE_CURVE ( 'NONE', #4664, #1086, #3650, .T. ) ;
#4528 = PRESENTATION_LAYER_ASSIGNMENT (  '', '', ( #10234 ) ) ;
#4529 = DIRECTION ( 'NONE',  ( 0.0000000000000000000, 0.0000000000000000000, -1.000000000000000000 ) ) ;
#4530 = VERTEX_POINT ( 'NONE', #9158 ) ;
#4531 = VERTEX_POINT ( 'NONE', #10001 ) ;
#4532 = ORIENTED_EDGE ( 'NONE', *, *, #4182, .F. ) ;
#4533 = EDGE_CURVE ( 'NONE', #8824, #3665, #58, .T. ) ;
#4534 = DIRECTION ( 'NONE',  ( -0.0000000000000000000, 1.000000000000000000, -0.0000000000000000000 ) ) ;
#4535 = DIRECTION ( 'NONE',  ( -0.8906051112014223836, 0.0000000000000000000, -0.4547774575568826472 ) ) ;
#4536 = AXIS2_PLACEMENT_3D ( 'NONE', #11154, #8705, #3002 ) ;
#4537 = ORIENTED_EDGE ( 'NONE', *, *, #6198, .F. ) ;
#4538 = VERTEX_POINT ( 'NONE', #10953 ) ;
#4539 = PLANE ( 'NONE',  #11301 ) ;
#4540 = EDGE_CURVE ( 'NONE', #7546, #7872, #1849, .T. ) ;
#4541 = CARTESIAN_POINT ( 'NONE',  ( 6.500000000000000888, 0.8200000000000300382, 0.0000000000000000000 ) ) ;
#4542 = LINE ( 'NONE', #5389, #817 ) ;
#4543 = CARTESIAN_POINT ( 'NONE',  ( 5.650000000000000355, 0.8200000000000149392, -3.256119351777722384E-30 ) ) ;
#4544 = VERTEX_POINT ( 'NONE', #7310 ) ;
#4545 = ORIENTED_EDGE ( 'NONE', *, *, #10869, .F. ) ;
#4546 = VECTOR ( 'NONE', #5063, 1000.000000000000000 ) ;
#4547 = EDGE_CURVE ( 'NONE', #6107, #10250, #2804, .T. ) ;
#4548 = ORIENTED_EDGE ( 'NONE', *, *, #2326, .T. ) ;
#4549 = DIRECTION ( 'NONE',  ( 1.000000000000000000, 0.0000000000000000000, 0.0000000000000000000 ) ) ;
#4550 = CARTESIAN_POINT ( 'NONE',  ( 8.145833492279326293, 2.389999999999999680, -6.451063847541547602 ) ) ;
#4551 = LINE ( 'NONE', #8191, #1924 ) ;
#4552 = STYLED_ITEM ( 'NONE', ( #7647 ), #10087 ) ;
#4553 = ORIENTED_EDGE ( 'NONE', *, *, #5836, .T. ) ;
#4554 = DIRECTION ( 'NONE',  ( 1.000000000000000000, 0.0000000000000000000, 0.0000000000000000000 ) ) ;
#4555 = EDGE_CURVE ( 'NONE', #3819, #2927, #10055, .T. ) ;
#4556 = DIRECTION ( 'NONE',  ( -0.5627909312406957909, 0.0000000000000000000, 0.8265992788003330149 ) ) ;
#4557 = STYLED_ITEM ( 'NONE', ( #10091 ), #5484 ) ;
#4558 = EDGE_LOOP ( 'NONE', ( #11399, #5727, #6516, #5485, #9587, #9314, #10317, #3349 ) ) ;
#4559 = LINE ( 'NONE', #8023, #1682 ) ;
#4560 =( GEOMETRIC_REPRESENTATION_CONTEXT ( 3 ) GLOBAL_UNCERTAINTY_ASSIGNED_CONTEXT ( ( #7173 ) ) GLOBAL_UNIT_ASSIGNED_CONTEXT ( ( #4180, #6669, #3169 ) ) REPRESENTATION_CONTEXT ( 'NONE', 'WORKASPACE' ) );
#4561 = CARTESIAN_POINT ( 'NONE',  ( 16.32000000000000028, -0.02448876244737000288, -12.19999999999999929 ) ) ;
#4562 = CARTESIAN_POINT ( 'NONE',  ( 13.73300004768000093, 2.389999999999999680, -8.056000000000000938 ) ) ;
#4563 = VECTOR ( 'NONE', #759, 1000.000000000000227 ) ;
#4564 = CARTESIAN_POINT ( 'NONE',  ( 3.450000000000000622, 0.009999999999987104274, -12.19999999999999929 ) ) ;
#4565 = ORIENTED_EDGE ( 'NONE', *, *, #7074, .F. ) ;
#4566 = EDGE_CURVE ( 'NONE', #11565, #716, #6249, .T. ) ;
#4567 = PRESENTATION_LAYER_ASSIGNMENT (  '', '', ( #4006 ) ) ;
#4568 = LINE ( 'NONE', #2743, #11631 ) ;
#4569 = CARTESIAN_POINT ( 'NONE',  ( 5.799999999999650768, 0.0000000000000000000, -11.30000000000000071 ) ) ;
#4570 =( NAMED_UNIT ( * ) SI_UNIT ( $, .STERADIAN. ) SOLID_ANGLE_UNIT ( ) );
#4571 = AXIS2_PLACEMENT_3D ( 'NONE', #2313, #5933, #2372 ) ;
#4572 = VERTEX_POINT ( 'NONE', #8156 ) ;
#4573 = SURFACE_STYLE_USAGE ( .BOTH. , #9943 ) ;
#4574 = ORIENTED_EDGE ( 'NONE', *, *, #1111, .F. ) ;
#4575 = VERTEX_POINT ( 'NONE', #1011 ) ;
#4576 = DIRECTION ( 'NONE',  ( -1.000000000000000000, 0.0000000000000000000, 0.0000000000000000000 ) ) ;
#4577 = AXIS2_PLACEMENT_3D ( 'NONE', #9954, #8221, #7375 ) ;
#4578 = VECTOR ( 'NONE', #7209, 1000.000000000000000 ) ;
#4579 = CIRCLE ( 'NONE', #9732, 0.2499999999999997780 ) ;
#4580 = LINE ( 'NONE', #8216, #8905 ) ;
#4581 = COLOUR_RGB ( '',0.9803921568627450567, 0.6274509803921568540, 0.0000000000000000000 ) ;
#4582 = ORIENTED_EDGE ( 'NONE', *, *, #11775, .T. ) ;
#4583 = DIRECTION ( 'NONE',  ( 0.9506455412403203020, -0.0000000000000000000, 0.3102789952927826334 ) ) ;
#4584 = ADVANCED_FACE ( 'NONE', ( #120 ), #3767, .F. ) ;
#4585 = CARTESIAN_POINT ( 'NONE',  ( 5.150000000000000355, 0.8200000000000149392, -12.19999999999999929 ) ) ;
#4586 = FILL_AREA_STYLE_COLOUR ( '', #8379 ) ;
#4587 = CARTESIAN_POINT ( 'NONE',  ( 13.73300004768000093, 2.389999999999999680, -8.056000000000000938 ) ) ;
#4588 = LINE ( 'NONE', #8400, #6623 ) ;
#4589 = ORIENTED_EDGE ( 'NONE', *, *, #5561, .T. ) ;
#4590 = ORIENTED_EDGE ( 'NONE', *, *, #2587, .F. ) ;
#4591 = ORIENTED_EDGE ( 'NONE', *, *, #10561, .F. ) ;
#4592 = PLANE ( 'NONE',  #2686 ) ;
#4593 = DIRECTION ( 'NONE',  ( -1.000000000000000000, 0.0000000000000000000, 0.0000000000000000000 ) ) ;
#4594 = VECTOR ( 'NONE', #4007, 1000.000000000000000 ) ;
#4595 = CARTESIAN_POINT ( 'NONE',  ( 8.845833492279181698, 2.389999999999999680, -7.702127653359998938 ) ) ;
#4596 = ORIENTED_EDGE ( 'NONE', *, *, #6355, .T. ) ;
#4597 = CARTESIAN_POINT ( 'NONE',  ( 15.35334099977090005, 2.147643840391713521, -11.74998889677724101 ) ) ;
#4598 = EDGE_CURVE ( 'NONE', #10460, #10619, #7144, .T. ) ;
#4599 = EDGE_LOOP ( 'NONE', ( #2900, #7270, #2856, #4532 ) ) ;
#4600 = ADVANCED_FACE ( 'NONE', ( #9220 ), #10781, .F. ) ;
#4601 = VECTOR ( 'NONE', #11169, 1000.000000000000114 ) ;
#4602 = CARTESIAN_POINT ( 'NONE',  ( 8.000000000000000000, 0.009999999999999989800, 0.0000000000000000000 ) ) ;
#4603 = DIRECTION ( 'NONE',  ( 1.000000000000000000, -0.0000000000000000000, -0.0000000000000000000 ) ) ;
#4604 = DIRECTION ( 'NONE',  ( 0.0000000000000000000, 0.0000000000000000000, -1.000000000000000000 ) ) ;
#4605 = CARTESIAN_POINT ( 'NONE',  ( 5.613011285236000347, 2.389799999999999702, -6.093617081642001665 ) ) ;
#4606 = ORIENTED_EDGE ( 'NONE', *, *, #1518, .F. ) ;
#4607 = EDGE_LOOP ( 'NONE', ( #6479, #7162, #10143, #11106 ) ) ;
#4608 = EDGE_LOOP ( 'NONE', ( #3935, #7679, #5806, #5151 ) ) ;
#4609 = PRESENTATION_LAYER_ASSIGNMENT (  '', '', ( #9754 ) ) ;
#4610 = ADVANCED_FACE ( 'NONE', ( #10284 ), #10338, .F. ) ;
#4611 = CARTESIAN_POINT ( 'NONE',  ( 9.079166603088308918, 2.389999999999999680, -6.391489386558999897 ) ) ;
#4612 = FACE_OUTER_BOUND ( 'NONE', #3693, .T. ) ;
#4613 = ORIENTED_EDGE ( 'NONE', *, *, #10150, .F. ) ;
#4614 = FACE_OUTER_BOUND ( 'NONE', #6734, .T. ) ;
#4615 = ORIENTED_EDGE ( 'NONE', *, *, #11084, .T. ) ;
#4616 = EDGE_CURVE ( 'NONE', #8357, #7395, #10173, .T. ) ;
#4617 = LINE ( 'NONE', #3745, #11332 ) ;
#4618 = DIRECTION ( 'NONE',  ( 0.0000000000000000000, -4.336808689942018722E-16, -1.000000000000000000 ) ) ;
#4619 = VECTOR ( 'NONE', #9390, 1000.000000000000000 ) ;
#4620 = EDGE_LOOP ( 'NONE', ( #8, #6154, #5483, #4146 ) ) ;
#4621 = CARTESIAN_POINT ( 'NONE',  ( 8.000000000000000000, 0.009999999999999995004, 0.0000000000000000000 ) ) ;
#4622 =( NAMED_UNIT ( * ) PLANE_ANGLE_UNIT ( ) SI_UNIT ( $, .RADIAN. ) );
#4623 = EDGE_CURVE ( 'NONE', #10731, #4833, #6535, .T. ) ;
#4624 = CARTESIAN_POINT ( 'NONE',  ( 11.63506527023000103, 2.389799999999999702, -8.021994282768000417 ) ) ;
#4625 = EDGE_CURVE ( 'NONE', #2909, #2101, #11187, .T. ) ;
#4626 = DIRECTION ( 'NONE',  ( 0.5466210397348524319, 0.0000000000000000000, -0.8373801042054850319 ) ) ;
#4627 =( GEOMETRIC_REPRESENTATION_CONTEXT ( 3 ) GLOBAL_UNCERTAINTY_ASSIGNED_CONTEXT ( ( #10880 ) ) GLOBAL_UNIT_ASSIGNED_CONTEXT ( ( #11454, #1507, #5078 ) ) REPRESENTATION_CONTEXT ( 'NONE', 'WORKASPACE' ) );
#4628 = COLOUR_RGB ( '',0.9803921568627450567, 0.6274509803921568540, 0.0000000000000000000 ) ;
#4629 = LINE ( 'NONE', #8823, #1828 ) ;
#4630 = ORIENTED_EDGE ( 'NONE', *, *, #446, .F. ) ;
#4631 = DIRECTION ( 'NONE',  ( -1.000000000000000000, 0.0000000000000000000, 0.0000000000000000000 ) ) ;
#4632 = FACE_OUTER_BOUND ( 'NONE', #3412, .T. ) ;
#4633 = DIRECTION ( 'NONE',  ( -0.7145097177354823303, 0.0000000000000000000, 0.6996255164454491249 ) ) ;
#4634 = DIRECTION ( 'NONE',  ( 0.9689176559523863252, 0.0000000000000000000, -0.2473834593980227536 ) ) ;
#4635 = ORIENTED_EDGE ( 'NONE', *, *, #4740, .F. ) ;
#4636 = ORIENTED_EDGE ( 'NONE', *, *, #10272, .T. ) ;
#4637 = EDGE_CURVE ( 'NONE', #2760, #11340, #9280, .T. ) ;
#4638 = CARTESIAN_POINT ( 'NONE',  ( 2.487500047683705695, 2.389999999999999680, -6.093617081642305422 ) ) ;
#4639 = CARTESIAN_POINT ( 'NONE',  ( 1.700000000000000178, 0.009999999999999998473, -11.75000000000000178 ) ) ;
#4640 = STYLED_ITEM ( 'NONE', ( #2122 ), #1669 ) ;
#4641 = ORIENTED_EDGE ( 'NONE', *, *, #10878, .F. ) ;
#4642 = LINE ( 'NONE', #5477, #672 ) ;
#4643 = CARTESIAN_POINT ( 'NONE',  ( 3.599999999999768718, 0.009999999999999998473, -11.29999999999918003 ) ) ;
#4644 = PLANE ( 'NONE',  #3457 ) ;
#4645 = PLANE ( 'NONE',  #7801 ) ;
#4646 = PLANE ( 'NONE',  #10053 ) ;
#4647 = VERTEX_POINT ( 'NONE', #6655 ) ;
#4648 = ORIENTED_EDGE ( 'NONE', *, *, #1132, .F. ) ;
#4649 = LINE ( 'NONE', #7443, #5898 ) ;
#4650 = MECHANICAL_DESIGN_GEOMETRIC_PRESENTATION_REPRESENTATION (  '', ( #1996 ), #6173 ) ;
#4651 = LINE ( 'NONE', #8113, #3989 ) ;
#4652 = LINE ( 'NONE', #4713, #3075 ) ;
#4653 = ORIENTED_EDGE ( 'NONE', *, *, #8869, .F. ) ;
#4654 = AXIS2_PLACEMENT_3D ( 'NONE', #2374, #9753, #6115 ) ;
#4655 = DIRECTION ( 'NONE',  ( -1.000000000000000000, -0.0000000000000000000, -0.0000000000000000000 ) ) ;
#4656 = AXIS2_PLACEMENT_3D ( 'NONE', #1359, #8616, #4985 ) ;
#4657 = ORIENTED_EDGE ( 'NONE', *, *, #820, .T. ) ;
#4658 = MECHANICAL_DESIGN_GEOMETRIC_PRESENTATION_REPRESENTATION (  '', ( #5615 ), #8080 ) ;
#4659 = DIRECTION ( 'NONE',  ( 0.0000000000000000000, 0.0000000000000000000, 1.000000000000000000 ) ) ;
#4660 = DIRECTION ( 'NONE',  ( -0.0000000000000000000, 1.000000000000000000, -0.0000000000000000000 ) ) ;
#4661 = CARTESIAN_POINT ( 'NONE',  ( 4.299999999999999822, 0.8200000000000300382, 0.0000000000000000000 ) ) ;
#4662 = EDGE_LOOP ( 'NONE', ( #2634, #10977, #10944, #3418 ) ) ;
#4663 = EDGE_LOOP ( 'NONE', ( #9012, #1683, #10184, #6339 ) ) ;
#4664 = VERTEX_POINT ( 'NONE', #3038 ) ;
#4665 = EDGE_CURVE ( 'NONE', #4189, #1288, #2141, .T. ) ;
#4666 = STYLED_ITEM ( 'NONE', ( #11563 ), #211 ) ;
#4667 = CIRCLE ( 'NONE', #11134, 0.2500000000000000000 ) ;
#4668 = LINE ( 'NONE', #1043, #5725 ) ;
#4669 = CARTESIAN_POINT ( 'NONE',  ( 9.507742441060999639, 2.389799999999999702, -6.583994822930999469 ) ) ;
#4670 = CARTESIAN_POINT ( 'NONE',  ( 13.90000000000000213, 0.8200000000000300382, 1.215596970137853495E-45 ) ) ;
#4671 = EDGE_LOOP ( 'NONE', ( #5183, #7631, #6023, #6522 ) ) ;
#4672 = ORIENTED_EDGE ( 'NONE', *, *, #8695, .F. ) ;
#4673 = DIRECTION ( 'NONE',  ( -0.0000000000000000000, 1.000000000000000000, -0.0000000000000000000 ) ) ;
#4674 = DIRECTION ( 'NONE',  ( 0.0000000000000000000, 0.0000000000000000000, 1.000000000000000000 ) ) ;
#4675 = EDGE_CURVE ( 'NONE', #4544, #8119, #1247, .T. ) ;
#4676 = SURFACE_STYLE_USAGE ( .BOTH. , #2907 ) ;
#4677 = ORIENTED_EDGE ( 'NONE', *, *, #2276, .T. ) ;
#4678 = CARTESIAN_POINT ( 'NONE',  ( 15.40000000000000036, 1.058791184067875424E-19, -1.490354470693941447E-14 ) ) ;
#4679 = EDGE_CURVE ( 'NONE', #10311, #6243, #1305, .T. ) ;
#4680 = ADVANCED_FACE ( 'NONE', ( #178 ), #7665, .F. ) ;
#4681 = LINE ( 'NONE', #4861, #4806 ) ;
#4682 = DIRECTION ( 'NONE',  ( 0.0000000000000000000, 1.000000000000000000, -0.0000000000000000000 ) ) ;
#4683 = DIRECTION ( 'NONE',  ( 0.0000000000000000000, 0.0000000000000000000, 1.000000000000000000 ) ) ;
#4684 = LINE ( 'NONE', #3144, #9989 ) ;
#4685 = PRESENTATION_STYLE_ASSIGNMENT (( #6470 ) ) ;
#4686 = ADVANCED_FACE ( 'NONE', ( #4046 ), #11306, .F. ) ;
#4687 = CYLINDRICAL_SURFACE ( 'NONE', #5795, 0.2499999999999993616 ) ;
#4688 = FACE_OUTER_BOUND ( 'NONE', #7152, .T. ) ;
#4689 = DIRECTION ( 'NONE',  ( -0.0000000000000000000, -1.000000000000000000, -0.0000000000000000000 ) ) ;
#4690 = ORIENTED_EDGE ( 'NONE', *, *, #236, .T. ) ;
#4691 = ORIENTED_EDGE ( 'NONE', *, *, #2367, .T. ) ;
#4692 = VECTOR ( 'NONE', #5396, 1000.000000000000000 ) ;
#4693 = EDGE_CURVE ( 'NONE', #11179, #11783, #10396, .T. ) ;
#4694 = FACE_OUTER_BOUND ( 'NONE', #5667, .T. ) ;
#4695 = DIRECTION ( 'NONE',  ( -0.0000000000000000000, -1.000000000000000000, -0.0000000000000000000 ) ) ;
#4696 =( NAMED_UNIT ( * ) SI_UNIT ( $, .STERADIAN. ) SOLID_ANGLE_UNIT ( ) );
#4697 = ORIENTED_EDGE ( 'NONE', *, *, #2726, .F. ) ;
#4698 = DIRECTION ( 'NONE',  ( -0.5466232776987988151, 0.0000000000000000000, -0.8373786433136576335 ) ) ;
#4699 = VECTOR ( 'NONE', #422, 1000.000000000000000 ) ;
#4700 = FACE_OUTER_BOUND ( 'NONE', #3736, .T. ) ;
#4701 = ADVANCED_FACE ( 'NONE', ( #4694 ), #8330, .F. ) ;
#4702 =( NAMED_UNIT ( * ) SI_UNIT ( $, .STERADIAN. ) SOLID_ANGLE_UNIT ( ) );
#4703 = CARTESIAN_POINT ( 'NONE',  ( 4.937500047683999860, 2.389999999999999680, -7.046808499098000667 ) ) ;
#4704 = SURFACE_SIDE_STYLE ('',( #1974 ) ) ;
#4705 = ORIENTED_EDGE ( 'NONE', *, *, #6080, .T. ) ;
#4706 = ORIENTED_EDGE ( 'NONE', *, *, #6334, .F. ) ;
#4707 = VERTEX_POINT ( 'NONE', #2501 ) ;
#4708 = CARTESIAN_POINT ( 'NONE',  ( 8.000000000000000000, 0.0000000000000000000, 0.0000000000000000000 ) ) ;
#4709 = SURFACE_STYLE_FILL_AREA ( #1977 ) ;
#4710 = DIRECTION ( 'NONE',  ( -0.0000000000000000000, -1.000000000000000000, 0.0000000000000000000 ) ) ;
#4711 = STYLED_ITEM ( 'NONE', ( #10588 ), #11423 ) ;
#4712 = AXIS2_PLACEMENT_3D ( 'NONE', #6998, #2433, #10583 ) ;
#4713 = CARTESIAN_POINT ( 'NONE',  ( 8.000000000000000000, 0.009999999999999995004, 0.0000000000000000000 ) ) ;
#4714 = VERTEX_POINT ( 'NONE', #3275 ) ;
#4715 = ORIENTED_EDGE ( 'NONE', *, *, #2660, .T. ) ;
#4716 =( NAMED_UNIT ( * ) SI_UNIT ( $, .STERADIAN. ) SOLID_ANGLE_UNIT ( ) );
#4717 = EDGE_CURVE ( 'NONE', #9070, #75, #5451, .T. ) ;
#4718 = CARTESIAN_POINT ( 'NONE',  ( 8.000000000000000000, 0.009999999999999995004, 0.0000000000000000000 ) ) ;
#4719 =( GEOMETRIC_REPRESENTATION_CONTEXT ( 3 ) GLOBAL_UNCERTAINTY_ASSIGNED_CONTEXT ( ( #3979 ) ) GLOBAL_UNIT_ASSIGNED_CONTEXT ( ( #6699, #11292, #4802 ) ) REPRESENTATION_CONTEXT ( 'NONE', 'WORKASPACE' ) );
#4720 = CARTESIAN_POINT ( 'NONE',  ( 2.500000000000000000, 0.0000000000000000000, -6.099999999999999645 ) ) ;
#4721 = ORIENTED_EDGE ( 'NONE', *, *, #1485, .T. ) ;
#4722 = ORIENTED_EDGE ( 'NONE', *, *, #8393, .F. ) ;
#4723 = ORIENTED_EDGE ( 'NONE', *, *, #9248, .F. ) ;
#4724 = AXIS2_PLACEMENT_3D ( 'NONE', #5498, #205, #6560 ) ;
#4725 = CYLINDRICAL_SURFACE ( 'NONE', #943, 0.5000000000000000000 ) ;
#4726 = LINE ( 'NONE', #10148, #6034 ) ;
#4727 = LINE ( 'NONE', #10316, #6293 ) ;
#4728 = VECTOR ( 'NONE', #9946, 1000.000000000000000 ) ;
#4729 = EDGE_LOOP ( 'NONE', ( #9293, #6816, #6904, #4442 ) ) ;
#4730 = CARTESIAN_POINT ( 'NONE',  ( 9.575000047683499105, 2.389999999999999680, -7.702127663791500822 ) ) ;
#4731 = ORIENTED_EDGE ( 'NONE', *, *, #4920, .F. ) ;
#4732 = CARTESIAN_POINT ( 'NONE',  ( 7.200000000000001066, 0.01020000000000000073, -11.27551123755000262 ) ) ;
#4733 = DIRECTION ( 'NONE',  ( 0.0000000000000000000, 0.0000000000000000000, -1.000000000000000000 ) ) ;
#4734 = EDGE_CURVE ( 'NONE', #6060, #2393, #8625, .T. ) ;
#4735 = MECHANICAL_DESIGN_GEOMETRIC_PRESENTATION_REPRESENTATION (  '', ( #10431 ), #5118 ) ;
#4736 = ORIENTED_EDGE ( 'NONE', *, *, #5472, .T. ) ;
#4737 = SURFACE_SIDE_STYLE ('',( #11056 ) ) ;
#4738 = AXIS2_PLACEMENT_3D ( 'NONE', #5776, #9350, #3943 ) ;
#4739 = CARTESIAN_POINT ( 'NONE',  ( 5.404166936874202243, 2.394999999999999574, -6.510638308525474649 ) ) ;
#4740 = EDGE_CURVE ( 'NONE', #667, #20, #2324, .T. ) ;
#4741 = CARTESIAN_POINT ( 'NONE',  ( 5.229166936873999916, 2.394999999999999574, -6.927659535408339231 ) ) ;
#4742 = ORIENTED_EDGE ( 'NONE', *, *, #1878, .T. ) ;
#4743 = EDGE_CURVE ( 'NONE', #6183, #11005, #4108, .T. ) ;
#4744 = EDGE_CURVE ( 'NONE', #3992, #602, #11490, .T. ) ;
#4745 = FACE_OUTER_BOUND ( 'NONE', #3649, .T. ) ;
#4746 = DIRECTION ( 'NONE',  ( 1.000000000000000000, 0.0000000000000000000, 0.0000000000000000000 ) ) ;
#4747 =( GEOMETRIC_REPRESENTATION_CONTEXT ( 3 ) GLOBAL_UNCERTAINTY_ASSIGNED_CONTEXT ( ( #10265 ) ) GLOBAL_UNIT_ASSIGNED_CONTEXT ( ( #10705, #3271, #5287 ) ) REPRESENTATION_CONTEXT ( 'NONE', 'WORKASPACE' ) );
#4748 = SURFACE_STYLE_USAGE ( .BOTH. , #11000 ) ;
#4749 = CARTESIAN_POINT ( 'NONE',  ( 9.429166603088683374, 2.389999999999999680, -7.880851067602402615 ) ) ;
#4750 = LINE ( 'NONE', #4870, #3971 ) ;
#4751 = ORIENTED_EDGE ( 'NONE', *, *, #3370, .F. ) ;
#4752 = EDGE_LOOP ( 'NONE', ( #6781, #7098, #9970, #4262 ) ) ;
#4753 = AXIS2_PLACEMENT_3D ( 'NONE', #10339, #6770, #7725 ) ;
#4754 = DIRECTION ( 'NONE',  ( 0.3102822043093029225, 0.0000000000000000000, 0.9506444938508611386 ) ) ;
#4755 = CARTESIAN_POINT ( 'NONE',  ( 11.27551123755000262, 0.01020000000000000073, -0.9000000000000001332 ) ) ;
#4756 = EDGE_CURVE ( 'NONE', #5620, #5158, #5234, .T. ) ;
#4757 = VECTOR ( 'NONE', #3382, 1000.000000000000000 ) ;
#4758 = PLANE ( 'NONE',  #2449 ) ;
#4759 = ORIENTED_EDGE ( 'NONE', *, *, #659, .T. ) ;
#4760 = DIRECTION ( 'NONE',  ( 0.6506283051936554429, 0.0000000000000000000, 0.7593963447902758457 ) ) ;
#4761 = PRESENTATION_LAYER_ASSIGNMENT (  '', '', ( #3838 ) ) ;
#4762 = EDGE_CURVE ( 'NONE', #10890, #1456, #6889, .T. ) ;
#4763 = CARTESIAN_POINT ( 'NONE',  ( 8.000000000000000000, 0.009999999999999995004, 0.0000000000000000000 ) ) ;
#4764 = AXIS2_PLACEMENT_3D ( 'NONE', #4227, #3400, #11430 ) ;
#4765 = DIRECTION ( 'NONE',  ( 1.000000000000000000, 0.0000000000000000000, 0.0000000000000000000 ) ) ;
#4766 = SURFACE_STYLE_FILL_AREA ( #9896 ) ;
#4767 = CARTESIAN_POINT ( 'NONE',  ( 3.800000047683500082, 2.389999999999999680, -6.480851078033500912 ) ) ;
#4768 = ORIENTED_EDGE ( 'NONE', *, *, #7818, .T. ) ;
#4769 = CARTESIAN_POINT ( 'NONE',  ( 1.000000000000000000, 0.009999999999974222217, -12.19999999999999929 ) ) ;
#4770 = ORIENTED_EDGE ( 'NONE', *, *, #2611, .T. ) ;
#4771 = MECHANICAL_DESIGN_GEOMETRIC_PRESENTATION_REPRESENTATION (  '', ( #9907 ), #5907 ) ;
#4772 = PLANE ( 'NONE',  #10457 ) ;
#4773 = CARTESIAN_POINT ( 'NONE',  ( 4.700000000000001066, 0.0000000000000000000, -6.099999999999999645 ) ) ;
#4774 = PRESENTATION_LAYER_ASSIGNMENT (  '', '', ( #8586 ) ) ;
#4775 = AXIS2_PLACEMENT_3D ( 'NONE', #10094, #7581, #3966 ) ;
#4776 = EDGE_CURVE ( 'NONE', #20, #4887, #7846, .T. ) ;
#4777 = EDGE_CURVE ( 'NONE', #1905, #8420, #7009, .T. ) ;
#4778 = FACE_OUTER_BOUND ( 'NONE', #2979, .T. ) ;
#4779 = VERTEX_POINT ( 'NONE', #4993 ) ;
#4780 = CARTESIAN_POINT ( 'NONE',  ( 15.53274805710909945, 2.318022385768086391, -11.56291462488950117 ) ) ;
#4781 = ORIENTED_EDGE ( 'NONE', *, *, #9189, .T. ) ;
#4782 = CARTESIAN_POINT ( 'NONE',  ( 8.495833492279011523, 2.389999999999999680, -6.510638308525178886 ) ) ;
#4783 = LINE ( 'NONE', #9544, #3870 ) ;
#4784 = DIRECTION ( 'NONE',  ( 0.6996255164454510123, -0.0000000000000000000, -0.7145097177354803319 ) ) ;
#4785 = CARTESIAN_POINT ( 'NONE',  ( 13.65000000000000213, 0.009999999999987130295, 2.792598419361491987E-30 ) ) ;
#4786 = VECTOR ( 'NONE', #6982, 1000.000000000000000 ) ;
#4787 = ORIENTED_EDGE ( 'NONE', *, *, #4934, .F. ) ;
#4788 = ORIENTED_EDGE ( 'NONE', *, *, #1326, .T. ) ;
#4789 = ORIENTED_EDGE ( 'NONE', *, *, #7050, .T. ) ;
#4790 = DIRECTION ( 'NONE',  ( 0.0000000000000000000, 0.0000000000000000000, 1.000000000000000000 ) ) ;
#4791 = EDGE_CURVE ( 'NONE', #1875, #5752, #7071, .T. ) ;
#4792 = CARTESIAN_POINT ( 'NONE',  ( 6.804166936874133320, 2.399999999999999911, -6.927659535407200586 ) ) ;
#4793 = CARTESIAN_POINT ( 'NONE',  ( 13.90000000000000213, 0.8200000000000299272, -0.2500000000000002220 ) ) ;
#4794 = VECTOR ( 'NONE', #2517, 1000.000000000000000 ) ;
#4795 = VERTEX_POINT ( 'NONE', #9636 ) ;
#4796 = ORIENTED_EDGE ( 'NONE', *, *, #3170, .T. ) ;
#4797 = FILL_AREA_STYLE_COLOUR ( '', #843 ) ;
#4798 = DIRECTION ( 'NONE',  ( 0.8265992788003329039, 0.0000000000000000000, 0.5627909312406956799 ) ) ;
#4799 = CARTESIAN_POINT ( 'NONE',  ( 5.400000000000000355, 0.009999999999974168441, -0.2500000000000009437 ) ) ;
#4800 = VECTOR ( 'NONE', #6946, 1000.000000000000000 ) ;
#4801 = EDGE_LOOP ( 'NONE', ( #5274, #10798, #841, #2746, #10239, #7247, #8445, #9276, #10742, #3506, #11207, #6644, #9949, #2966, #2093, #5490, #6726, #7262, #9232, #3184 ) ) ;
#4802 =( NAMED_UNIT ( * ) SI_UNIT ( $, .STERADIAN. ) SOLID_ANGLE_UNIT ( ) );
#4803 = UNCERTAINTY_MEASURE_WITH_UNIT (LENGTH_MEASURE( 1.000000000000000082E-05 ), #8316, 'distance_accuracy_value', 'NONE');
#4804 = CARTESIAN_POINT ( 'NONE',  ( 7.270833158493000603, 2.394999999999999574, -5.199999999999998401 ) ) ;
#4805 = DIRECTION ( 'NONE',  ( 0.0000000000000000000, -4.336808689941998508E-16, -1.000000000000000000 ) ) ;
#4806 = VECTOR ( 'NONE', #162, 1000.000000000000000 ) ;
#4807 = AXIS2_PLACEMENT_3D ( 'NONE', #5791, #9423, #1270 ) ;
#4808 = CARTESIAN_POINT ( 'NONE',  ( 6.700886174184000232, 2.389799999999999702, -7.562472364003999914 ) ) ;
#4809 = LINE ( 'NONE', #11120, #8084 ) ;
#4810 = DIRECTION ( 'NONE',  ( -1.000000000000000000, 0.0000000000000000000, 0.0000000000000000000 ) ) ;
#4811 = LINE ( 'NONE', #8442, #11506 ) ;
#4812 = CARTESIAN_POINT ( 'NONE',  ( -0.3200000000000000622, 0.8199999999999999512, 0.2439999999999999947 ) ) ;
#4813 = CARTESIAN_POINT ( 'NONE',  ( 11.45000000000000107, 0.8200000000000149392, -12.19999999999999929 ) ) ;
#4814 = ORIENTED_EDGE ( 'NONE', *, *, #10655, .F. ) ;
#4815 = VERTEX_POINT ( 'NONE', #1367 ) ;
#4816 = DIRECTION ( 'NONE',  ( 0.8906056381927105470, 0.0000000000000000000, -0.4547764255316615323 ) ) ;
#4817 = ADVANCED_FACE ( 'NONE', ( #11367 ), #8866, .T. ) ;
#4818 = FACE_BOUND ( 'NONE', #7572, .T. ) ;
#4819 = PLANE ( 'NONE',  #3525 ) ;
#4820 = CARTESIAN_POINT ( 'NONE',  ( 8.386764951697001536, 2.389799999999999702, -6.666081558643998761 ) ) ;
#4821 = SURFACE_SIDE_STYLE ('',( #2811 ) ) ;
#4822 = LINE ( 'NONE', #4767, #3421 ) ;
#4823 = EDGE_CURVE ( 'NONE', #678, #11370, #11657, .T. ) ;
#4824 = VERTEX_POINT ( 'NONE', #1426 ) ;
#4825 = CARTESIAN_POINT ( 'NONE',  ( 8.145833492278999444, 2.389999999999999680, -6.451063847541999685 ) ) ;
#4826 = ORIENTED_EDGE ( 'NONE', *, *, #421, .T. ) ;
#4827 = CARTESIAN_POINT ( 'NONE',  ( 8.320833492279001931, 2.395000000000000018, -6.868085074424377545 ) ) ;
#4828 = LINE ( 'NONE', #8465, #922 ) ;
#4829 = ADVANCED_FACE ( 'NONE', ( #7967 ), #9580, .T. ) ;
#4830 = ADVANCED_FACE ( 'NONE', ( #9033 ), #6348, .T. ) ;
#4831 = AXIS2_PLACEMENT_3D ( 'NONE', #1806, #1629, #11736 ) ;
#4832 =( LENGTH_UNIT ( ) NAMED_UNIT ( * ) SI_UNIT ( .MILLI., .METRE. ) );
#4833 = VERTEX_POINT ( 'NONE', #931 ) ;
#4834 = CARTESIAN_POINT ( 'NONE',  ( 13.22448876245000271, 0.01020000000000000073, -11.30000000000000071 ) ) ;
#4835 = SURFACE_SIDE_STYLE ('',( #8351 ) ) ;
#4836 = ORIENTED_EDGE ( 'NONE', *, *, #4114, .F. ) ;
#4837 = FILL_AREA_STYLE ('',( #1208 ) ) ;
#4838 = FACE_OUTER_BOUND ( 'NONE', #4406, .T. ) ;
#4839 = MECHANICAL_DESIGN_GEOMETRIC_PRESENTATION_REPRESENTATION (  '', ( #9024 ), #8450 ) ;
#4840 = DIRECTION ( 'NONE',  ( 1.000000000000000000, 0.0000000000000000000, 0.0000000000000000000 ) ) ;
#4841 = CARTESIAN_POINT ( 'NONE',  ( 3.450000000000000622, 0.8200000000000149392, -12.19999999999999929 ) ) ;
#4842 = COLOUR_RGB ( '',0.9803921568627450567, 0.6274509803921568540, 0.0000000000000000000 ) ;
#4843 = ORIENTED_EDGE ( 'NONE', *, *, #8045, .F. ) ;
#4844 = EDGE_CURVE ( 'NONE', #966, #8933, #4455, .T. ) ;
#4845 = ORIENTED_EDGE ( 'NONE', *, *, #3385, .F. ) ;
#4846 = ORIENTED_EDGE ( 'NONE', *, *, #6593, .T. ) ;
#4847 = DIRECTION ( 'NONE',  ( -0.2694177785370548417, 0.0000000000000000000, -0.9630233956701977904 ) ) ;
#4848 = LINE ( 'NONE', #147, #588 ) ;
#4849 = DIRECTION ( 'NONE',  ( -0.0000000000000000000, -1.000000000000000000, -0.0000000000000000000 ) ) ;
#4850 = PLANE ( 'NONE',  #585 ) ;
#4851 = VERTEX_POINT ( 'NONE', #1893 ) ;
#4852 = EDGE_LOOP ( 'NONE', ( #1735, #11320, #8169, #7206 ) ) ;
#4853 = DIRECTION ( 'NONE',  ( -0.0000000000000000000, -1.000000000000000000, -0.0000000000000000000 ) ) ;
#4854 = ADVANCED_FACE ( 'NONE', ( #2681 ), #7128, .F. ) ;
#4855 = EDGE_CURVE ( 'NONE', #6723, #4257, #1724, .T. ) ;
#4856 = PRESENTATION_LAYER_ASSIGNMENT (  '', '', ( #11708 ) ) ;
#4857 = DIRECTION ( 'NONE',  ( 0.0000000000000000000, 0.0000000000000000000, -1.000000000000000000 ) ) ;
#4858 = VECTOR ( 'NONE', #9447, 999.9999999999998863 ) ;
#4859 = VERTEX_POINT ( 'NONE', #8203 ) ;
#4860 = CARTESIAN_POINT ( 'NONE',  ( 6.900000000000000355, 1.058791184067875424E-19, -1.490354470693941447E-14 ) ) ;
#4861 = CARTESIAN_POINT ( 'NONE',  ( 8.000000000000000000, 0.8199999999999999512, -12.19999999999999929 ) ) ;
#4862 = CARTESIAN_POINT ( 'NONE',  ( 0.6000000000000000888, 0.0000000000000000000, -11.29999999999750848 ) ) ;
#4863 =( GEOMETRIC_REPRESENTATION_CONTEXT ( 3 ) GLOBAL_UNCERTAINTY_ASSIGNED_CONTEXT ( ( #5519 ) ) GLOBAL_UNIT_ASSIGNED_CONTEXT ( ( #1078, #891, #10063 ) ) REPRESENTATION_CONTEXT ( 'NONE', 'WORKASPACE' ) );
#4864 = CARTESIAN_POINT ( 'NONE',  ( 7.599999999999998757, 0.8200000000000300382, -12.19999999999999929 ) ) ;
#4865 = ORIENTED_EDGE ( 'NONE', *, *, #1145, .T. ) ;
#4866 = CARTESIAN_POINT ( 'NONE',  ( -0.3200000000000000622, -0.02448876244737000288, 0.0000000000000000000 ) ) ;
#4867 = LINE ( 'NONE', #8503, #9951 ) ;
#4868 = SURFACE_STYLE_FILL_AREA ( #4987 ) ;
#4869 = FACE_OUTER_BOUND ( 'NONE', #3508, .T. ) ;
#4870 = CARTESIAN_POINT ( 'NONE',  ( 13.22083338797000174, 2.394999999999999574, -6.093617081642011435 ) ) ;
#4871 = VERTEX_POINT ( 'NONE', #8256 ) ;
#4872 = SURFACE_SIDE_STYLE ('',( #234 ) ) ;
#4873 = LINE ( 'NONE', #11307, #2692 ) ;
#4874 = FACE_BOUND ( 'NONE', #8070, .T. ) ;
#4875 = VECTOR ( 'NONE', #3339, 1000.000000000000000 ) ;
#4876 = CARTESIAN_POINT ( 'NONE',  ( 5.000000000000000000, 0.01020000000000000073, 0.02448876244737000288 ) ) ;
#4877 = CARTESIAN_POINT ( 'NONE',  ( 2.500000000000000444, 0.009999999999999989800, 0.0000000000000000000 ) ) ;
#4878 = ADVANCED_FACE ( 'NONE', ( #9986 ), #1666, .T. ) ;
#4879 = FILL_AREA_STYLE ('',( #8278 ) ) ;
#4880 = CARTESIAN_POINT ( 'NONE',  ( 3.494790696158999843, 2.389799999999999702, -7.206674627251000054 ) ) ;
#4881 = VERTEX_POINT ( 'NONE', #5521 ) ;
#4882 = LINE ( 'NONE', #11145, #4512 ) ;
#4883 = VERTEX_POINT ( 'NONE', #6294 ) ;
#4884 = PLANE ( 'NONE',  #2890 ) ;
#4885 = AXIS2_PLACEMENT_3D ( 'NONE', #920, #3568, #2834 ) ;
#4886 = EDGE_CURVE ( 'NONE', #10197, #1572, #5568, .T. ) ;
#4887 = VERTEX_POINT ( 'NONE', #9144 ) ;
#4888 = CARTESIAN_POINT ( 'NONE',  ( 8.029166603088565779, 2.394999999999999574, -7.285106384754586273 ) ) ;
#4889 = DIRECTION ( 'NONE',  ( 0.0000000000000000000, 0.0000000000000000000, 1.000000000000000000 ) ) ;
#4890 = ORIENTED_EDGE ( 'NONE', *, *, #3972, .F. ) ;
#4891 = DIRECTION ( 'NONE',  ( -0.0000000000000000000, 1.000000000000000000, -0.0000000000000000000 ) ) ;
#4892 = CARTESIAN_POINT ( 'NONE',  ( 4.699999999999811884, 1.588186776101813136E-19, -0.9000000000000077938 ) ) ;
#4893 = ADVANCED_FACE ( 'NONE', ( #997 ), #2624, .F. ) ;
#4894 = PLANE ( 'NONE',  #7654 ) ;
#4895 = EDGE_CURVE ( 'NONE', #1691, #5410, #3753, .T. ) ;
#4896 = PLANE ( 'NONE',  #4536 ) ;
#4897 = ORIENTED_EDGE ( 'NONE', *, *, #9034, .F. ) ;
#4898 = ORIENTED_EDGE ( 'NONE', *, *, #4458, .F. ) ;
#4899 = AXIS2_PLACEMENT_3D ( 'NONE', #8093, #3647, #1796 ) ;
#4900 = EDGE_LOOP ( 'NONE', ( #6307, #6008, #7667, #3383 ) ) ;
#4901 = FACE_OUTER_BOUND ( 'NONE', #4466, .T. ) ;
#4902 = VECTOR ( 'NONE', #6862, 1000.000000000000114 ) ;
#4903 = SURFACE_STYLE_FILL_AREA ( #4081 ) ;
#4904 = PLANE ( 'NONE',  #8885 ) ;
#4905 = FACE_OUTER_BOUND ( 'NONE', #3531, .T. ) ;
#4906 = ORIENTED_EDGE ( 'NONE', *, *, #1421, .F. ) ;
#4907 = CARTESIAN_POINT ( 'NONE',  ( 6.500000000000000888, 0.009999999999974168441, -0.2499999999999996392 ) ) ;
#4908 = ORIENTED_EDGE ( 'NONE', *, *, #11254, .F. ) ;
#4909 = VECTOR ( 'NONE', #4399, 999.9999999999998863 ) ;
#4910 = LINE ( 'NONE', #6631, #8599 ) ;
#4911 = VECTOR ( 'NONE', #3552, 1000.000000000000000 ) ;
#4912 = ADVANCED_FACE ( 'NONE', ( #5350 ), #1785, .F. ) ;
#4913 = VECTOR ( 'NONE', #6387, 1000.000000000000000 ) ;
#4914 = DIRECTION ( 'NONE',  ( 0.0000000000000000000, -1.000000000000000000, 2.168404344971006649E-16 ) ) ;
#4915 = ORIENTED_EDGE ( 'NONE', *, *, #2658, .F. ) ;
#4916 = DIRECTION ( 'NONE',  ( -0.0000000000000000000, 1.000000000000000000, -0.0000000000000000000 ) ) ;
#4917 = UNCERTAINTY_MEASURE_WITH_UNIT (LENGTH_MEASURE( 1.000000000000000082E-05 ), #5400, 'distance_accuracy_value', 'NONE');
#4918 = PLANE ( 'NONE',  #3987 ) ;
#4919 =( NAMED_UNIT ( * ) SI_UNIT ( $, .STERADIAN. ) SOLID_ANGLE_UNIT ( ) );
#4920 = EDGE_CURVE ( 'NONE', #2341, #11783, #6581, .T. ) ;
#4921 = ADVANCED_FACE ( 'NONE', ( #2911 ), #3083, .F. ) ;
#4922 = CIRCLE ( 'NONE', #2264, 0.2499999999999985012 ) ;
#4923 = CARTESIAN_POINT ( 'NONE',  ( 11.70000000000000284, 0.009999999999974168441, -0.2500000000000017764 ) ) ;
#4924 = ORIENTED_EDGE ( 'NONE', *, *, #10959, .T. ) ;
#4925 = DIRECTION ( 'NONE',  ( 0.0000000000000000000, -2.168404344970992105E-16, -1.000000000000000000 ) ) ;
#4926 = CARTESIAN_POINT ( 'NONE',  ( 3.200000000000000178, 0.009999999999974168441, -0.2500000000000000555 ) ) ;
#4927 = AXIS2_PLACEMENT_3D ( 'NONE', #3782, #1865, #1759 ) ;
#4928 = DIRECTION ( 'NONE',  ( 0.0000000000000000000, 0.0000000000000000000, -1.000000000000000000 ) ) ;
#4929 = LINE ( 'NONE', #3933, #2274 ) ;
#4930 = DIRECTION ( 'NONE',  ( 0.0000000000000000000, 0.0000000000000000000, 1.000000000000000000 ) ) ;
#4931 = EDGE_LOOP ( 'NONE', ( #6971, #29, #8467, #1699 ) ) ;
#4932 = VECTOR ( 'NONE', #9517, 1000.000000000000000 ) ;
#4933 = CARTESIAN_POINT ( 'NONE',  ( 3.200000000000000178, 0.8200000000000300382, -12.19999999999999929 ) ) ;
#4934 = EDGE_CURVE ( 'NONE', #5158, #3302, #8436, .T. ) ;
#4935 = FACE_BOUND ( 'NONE', #11581, .T. ) ;
#4936 = LINE ( 'NONE', #10347, #9332 ) ;
#4937 = CARTESIAN_POINT ( 'NONE',  ( 8.000000000000000000, 0.009999999999999995004, 0.0000000000000000000 ) ) ;
#4938 = PLANE ( 'NONE',  #2476 ) ;
#4939 = ORIENTED_EDGE ( 'NONE', *, *, #8979, .T. ) ;
#4940 = ORIENTED_EDGE ( 'NONE', *, *, #6716, .F. ) ;
#4941 = CARTESIAN_POINT ( 'NONE',  ( 6.454166936874024429, 2.394999999999999574, -7.880851067602397286 ) ) ;
#4942 = ORIENTED_EDGE ( 'NONE', *, *, #7865, .T. ) ;
#4943 = PRESENTATION_STYLE_ASSIGNMENT (( #9536 ) ) ;
#4944 = LINE ( 'NONE', #3171, #11192 ) ;
#4945 = EDGE_CURVE ( 'NONE', #2117, #10832, #281, .T. ) ;
#4946 = LINE ( 'NONE', #9595, #7249 ) ;
#4947 = VECTOR ( 'NONE', #3812, 1000.000000000000000 ) ;
#4948 = VERTEX_POINT ( 'NONE', #7538 ) ;
#4949 = LINE ( 'NONE', #4888, #7701 ) ;
#4950 = ORIENTED_EDGE ( 'NONE', *, *, #915, .F. ) ;
#4951 = DIRECTION ( 'NONE',  ( 0.0000000000000000000, 1.000000000000000000, 0.0000000000000000000 ) ) ;
#4952 = LINE ( 'NONE', #8590, #1389 ) ;
#4953 = AXIS2_PLACEMENT_3D ( 'NONE', #4345, #1433, #5060 ) ;
#4954 = DIRECTION ( 'NONE',  ( -0.4397141413118854647, 0.0000000000000000000, -0.8981377811507269548 ) ) ;
#4955 = DIRECTION ( 'NONE',  ( 0.0000000000000000000, 0.0000000000000000000, 1.000000000000000000 ) ) ;
#4956 = VERTEX_POINT ( 'NONE', #5693 ) ;
#4957 = ORIENTED_EDGE ( 'NONE', *, *, #7706, .T. ) ;
#4958 = COLOUR_RGB ( '',0.9803921568627450567, 0.6274509803921568540, 0.0000000000000000000 ) ;
#4959 = VECTOR ( 'NONE', #3856, 1000.000000000000000 ) ;
#4960 = ORIENTED_EDGE ( 'NONE', *, *, #3480, .F. ) ;
#4961 = CARTESIAN_POINT ( 'NONE',  ( 12.05416676998093983, 2.389999999999999680, -7.404255306720397556 ) ) ;
#4962 = CARTESIAN_POINT ( 'NONE',  ( 5.404166936874680971, 2.394999999999999574, -7.582978731393841265 ) ) ;
#4963 = EDGE_CURVE ( 'NONE', #7459, #10000, #8497, .T. ) ;
#4964 = STYLED_ITEM ( 'NONE', ( #10444 ), #8714 ) ;
#4965 = DIRECTION ( 'NONE',  ( 0.0000000000000000000, 1.000000000000000000, 0.0000000000000000000 ) ) ;
#4966 = CARTESIAN_POINT ( 'NONE',  ( 4.966666603088500942, 2.389999999999999680, -6.808510613441499437 ) ) ;
#4967 = EDGE_LOOP ( 'NONE', ( #3532, #434, #1943, #1264 ) ) ;
#4968 = DIRECTION ( 'NONE',  ( 0.2473834593980192009, 0.0000000000000000000, -0.9689176559523872134 ) ) ;
#4969 = ORIENTED_EDGE ( 'NONE', *, *, #10504, .F. ) ;
#4970 = STYLED_ITEM ( 'NONE', ( #4434 ), #6708 ) ;
#4971 = DIRECTION ( 'NONE',  ( 0.0000000000000000000, -1.000000000000000000, 2.168404344971014291E-16 ) ) ;
#4972 = FILL_AREA_STYLE ('',( #2237 ) ) ;
#4973 = FILL_AREA_STYLE ('',( #9619 ) ) ;
#4974 = LINE ( 'NONE', #561, #7800 ) ;
#4975 = ORIENTED_EDGE ( 'NONE', *, *, #9655, .T. ) ;
#4976 = ADVANCED_FACE ( 'NONE', ( #1174 ), #6701, .F. ) ;
#4977 = SURFACE_STYLE_USAGE ( .BOTH. , #1351 ) ;
#4978 = VECTOR ( 'NONE', #11714, 1000.000000000000000 ) ;
#4979 =( NAMED_UNIT ( * ) SI_UNIT ( $, .STERADIAN. ) SOLID_ANGLE_UNIT ( ) );
#4980 = EDGE_CURVE ( 'NONE', #502, #10589, #6639, .T. ) ;
#4981 = EDGE_CURVE ( 'NONE', #7330, #489, #6523, .T. ) ;
#4982 = FACE_OUTER_BOUND ( 'NONE', #2868, .T. ) ;
#4983 = CYLINDRICAL_SURFACE ( 'NONE', #4712, 0.2500000000000000000 ) ;
#4984 = DIRECTION ( 'NONE',  ( -1.000000000000000000, 0.0000000000000000000, 0.0000000000000000000 ) ) ;
#4985 = DIRECTION ( 'NONE',  ( -0.8906056220672361468, 0.0000000000000000000, 0.4547764571107780207 ) ) ;
#4986 = LINE ( 'NONE', #10274, #6310 ) ;
#4987 = FILL_AREA_STYLE ('',( #2252 ) ) ;
#4988 = DIRECTION ( 'NONE',  ( -1.000000000000000000, -0.0000000000000000000, -0.0000000000000000000 ) ) ;
#4989 = EDGE_CURVE ( 'NONE', #5131, #4076, #7477, .T. ) ;
#4990 = PRESENTATION_STYLE_ASSIGNMENT (( #3875 ) ) ;
#4991 = ORIENTED_EDGE ( 'NONE', *, *, #5473, .F. ) ;
#4992 = EDGE_CURVE ( 'NONE', #6791, #10731, #10267, .T. ) ;
#4993 = CARTESIAN_POINT ( 'NONE',  ( 5.229166936874000804, 2.389999999999999680, -6.927659535408166924 ) ) ;
#4994 = VECTOR ( 'NONE', #3510, 999.9999999999998863 ) ;
#4995 = DIRECTION ( 'NONE',  ( 0.0000000000000000000, 0.0000000000000000000, -1.000000000000000000 ) ) ;
#4996 = ORIENTED_EDGE ( 'NONE', *, *, #10428, .T. ) ;
#4997 = CARTESIAN_POINT ( 'NONE',  ( 6.512500047683999149, 2.399999999999999911, -7.046808499098000667 ) ) ;
#4998 = SURFACE_STYLE_FILL_AREA ( #10533 ) ;
#4999 = DIRECTION ( 'NONE',  ( 0.0000000000000000000, 1.000000000000000000, 0.0000000000000000000 ) ) ;
#5000 = LINE ( 'NONE', #8632, #217 ) ;
#5001 = CARTESIAN_POINT ( 'NONE',  ( 11.30000000000000071, 0.004999999999999999237, -3.388131789017201356E-18 ) ) ;
#5002 = AXIS2_PLACEMENT_3D ( 'NONE', #1767, #9968, #6444 ) ;
#5003 = ORIENTED_EDGE ( 'NONE', *, *, #6580, .T. ) ;
#5004 = VERTEX_POINT ( 'NONE', #5636 ) ;
#5005 = EDGE_CURVE ( 'NONE', #4482, #11179, #9385, .T. ) ;
#5006 = LINE ( 'NONE', #360, #2631 ) ;
#5007 = VERTEX_POINT ( 'NONE', #9204 ) ;
#5008 = EDGE_CURVE ( 'NONE', #678, #8534, #4681, .T. ) ;
#5009 = DIRECTION ( 'NONE',  ( 0.0000000000000000000, 0.0000000000000000000, -1.000000000000000000 ) ) ;
#5010 = LINE ( 'NONE', #366, #4594 ) ;
#5011 = AXIS2_PLACEMENT_3D ( 'NONE', #9838, #4529, #5258 ) ;
#5012 = EDGE_LOOP ( 'NONE', ( #5468, #7558, #8691, #4657 ) ) ;
#5013 = DIRECTION ( 'NONE',  ( 0.0000000000000000000, 1.000000000000000000, 0.0000000000000000000 ) ) ;
#5014 = LINE ( 'NONE', #1503, #474 ) ;
#5015 = VERTEX_POINT ( 'NONE', #2185 ) ;
#5016 = LINE ( 'NONE', #6735, #5225 ) ;
#5017 = CARTESIAN_POINT ( 'NONE',  ( 8.000000000000000000, 0.004999999999999999237, -12.20000000000249507 ) ) ;
#5018 = CARTESIAN_POINT ( 'NONE',  ( 8.000000000000000000, 0.009999999999999995004, 0.0000000000000000000 ) ) ;
#5019 = ORIENTED_EDGE ( 'NONE', *, *, #3464, .F. ) ;
#5020 = ORIENTED_EDGE ( 'NONE', *, *, #8752, .T. ) ;
#5021 = EDGE_CURVE ( 'NONE', #9071, #4120, #10160, .T. ) ;
#5022 = EDGE_LOOP ( 'NONE', ( #1677, #10438, #9973, #2306 ) ) ;
#5023 = CIRCLE ( 'NONE', #4079, 0.2500000000000011102 ) ;
#5024 = FILL_AREA_STYLE ('',( #2228 ) ) ;
#5025 = LINE ( 'NONE', #491, #6086 ) ;
#5026 = CARTESIAN_POINT ( 'NONE',  ( 15.24764384039148624, 2.399988896777237368, -0.5466590002287567973 ) ) ;
#5027 = DIRECTION ( 'NONE',  ( -1.000000000000000000, -0.0000000000000000000, -0.0000000000000000000 ) ) ;
#5028 = VERTEX_POINT ( 'NONE', #10324 ) ;
#5029 = DIRECTION ( 'NONE',  ( 1.000000000000000000, 0.0000000000000000000, 0.0000000000000000000 ) ) ;
#5030 = ORIENTED_EDGE ( 'NONE', *, *, #9061, .T. ) ;
#5031 = CIRCLE ( 'NONE', #10159, 0.2500000000000002220 ) ;
#5032 =( LENGTH_UNIT ( ) NAMED_UNIT ( * ) SI_UNIT ( .MILLI., .METRE. ) );
#5033 = STYLED_ITEM ( 'NONE', ( #10470 ), #2371 ) ;
#5034 = LINE ( 'NONE', #1226, #3491 ) ;
#5035 = DIRECTION ( 'NONE',  ( 0.0000000000000000000, -1.000000000000000000, 0.0000000000000000000 ) ) ;
#5036 = EDGE_CURVE ( 'NONE', #10252, #4350, #9445, .T. ) ;
#5037 = FACE_OUTER_BOUND ( 'NONE', #10223, .T. ) ;
#5038 = ORIENTED_EDGE ( 'NONE', *, *, #196, .F. ) ;
#5039 = CARTESIAN_POINT ( 'NONE',  ( 8.000000000000000000, 0.8199999999999999512, 0.0000000000000000000 ) ) ;
#5040 = UNCERTAINTY_MEASURE_WITH_UNIT (LENGTH_MEASURE( 1.000000000000000082E-05 ), #10383, 'distance_accuracy_value', 'NONE');
#5041 = PRESENTATION_LAYER_ASSIGNMENT (  '', '', ( #5615 ) ) ;
#5042 = CARTESIAN_POINT ( 'NONE',  ( 9.429166603088001253, 2.389999999999999680, -6.212766003609000443 ) ) ;
#5043 = CARTESIAN_POINT ( 'NONE',  ( 2.950000000000000178, 0.009999999999987104274, -12.19999999999999929 ) ) ;
#5044 = SURFACE_STYLE_USAGE ( .BOTH. , #11481 ) ;
#5045 = CARTESIAN_POINT ( 'NONE',  ( 8.408333492278998733, 2.389999999999999680, -7.880851064995000321 ) ) ;
#5046 = ADVANCED_FACE ( 'NONE', ( #1290 ), #4918, .T. ) ;
#5047 = PLANE ( 'NONE',  #4228 ) ;
#5048 = AXIS2_PLACEMENT_3D ( 'NONE', #600, #4245, #10610 ) ;
#5049 = MECHANICAL_DESIGN_GEOMETRIC_PRESENTATION_REPRESENTATION (  '', ( #2768 ), #8085 ) ;
#5050 = EDGE_CURVE ( 'NONE', #441, #1991, #629, .T. ) ;
#5051 = EDGE_CURVE ( 'NONE', #4779, #2098, #3203, .T. ) ;
#5052 = CARTESIAN_POINT ( 'NONE',  ( 13.51250004768000501, 2.389999999999999680, -6.689361733198500026 ) ) ;
#5053 = PLANE ( 'NONE',  #4157 ) ;
#5054 = ORIENTED_EDGE ( 'NONE', *, *, #2737, .T. ) ;
#5055 = VECTOR ( 'NONE', #4760, 1000.000000000000000 ) ;
#5056 = CARTESIAN_POINT ( 'NONE',  ( 9.195833325386001178, 2.399999999999999911, -7.672340422868500376 ) ) ;
#5057 = ORIENTED_EDGE ( 'NONE', *, *, #2786, .F. ) ;
#5058 = EDGE_CURVE ( 'NONE', #10372, #8129, #505, .T. ) ;
#5059 =( NAMED_UNIT ( * ) SI_UNIT ( $, .STERADIAN. ) SOLID_ANGLE_UNIT ( ) );
#5060 = DIRECTION ( 'NONE',  ( 0.0000000000000000000, -4.336808689941998508E-16, -1.000000000000000000 ) ) ;
#5061 = DIRECTION ( 'NONE',  ( -0.9689176559525980448, 0.0000000000000000000, 0.2473834593971934726 ) ) ;
#5062 = ADVANCED_FACE ( 'NONE', ( #6940 ), #1415, .F. ) ;
#5063 = DIRECTION ( 'NONE',  ( 0.0000000000000000000, 1.000000000000000000, 0.0000000000000000000 ) ) ;
#5064 = ORIENTED_EDGE ( 'NONE', *, *, #8829, .F. ) ;
#5065 = EDGE_LOOP ( 'NONE', ( #2765, #4942, #8677, #3259 ) ) ;
#5066 = SURFACE_STYLE_FILL_AREA ( #10603 ) ;
#5067 = ORIENTED_EDGE ( 'NONE', *, *, #6334, .T. ) ;
#5068 = PRESENTATION_STYLE_ASSIGNMENT (( #3947 ) ) ;
#5069 = COLOUR_RGB ( '',0.9803921568627450567, 0.6274509803921568540, 0.0000000000000000000 ) ;
#5070 = PLANE ( 'NONE',  #3662 ) ;
#5071 = EDGE_CURVE ( 'NONE', #5501, #11034, #10448, .T. ) ;
#5072 = ORIENTED_EDGE ( 'NONE', *, *, #6163, .T. ) ;
#5073 = FACE_OUTER_BOUND ( 'NONE', #2471, .T. ) ;
#5074 = CYLINDRICAL_SURFACE ( 'NONE', #5248, 0.2499999999999997780 ) ;
#5075 = VERTEX_POINT ( 'NONE', #1597 ) ;
#5076 = FACE_OUTER_BOUND ( 'NONE', #3046, .T. ) ;
#5077 = DIRECTION ( 'NONE',  ( 0.8906056220672309287, 0.0000000000000000000, -0.4547764571107882903 ) ) ;
#5078 =( NAMED_UNIT ( * ) SI_UNIT ( $, .STERADIAN. ) SOLID_ANGLE_UNIT ( ) );
#5079 = DIRECTION ( 'NONE',  ( 0.0000000000000000000, 0.0000000000000000000, -1.000000000000000000 ) ) ;
#5080 = ORIENTED_EDGE ( 'NONE', *, *, #11167, .T. ) ;
#5081 = ORIENTED_EDGE ( 'NONE', *, *, #9981, .F. ) ;
#5082 = ORIENTED_EDGE ( 'NONE', *, *, #6503, .T. ) ;
#5083 = VERTEX_POINT ( 'NONE', #7898 ) ;
#5084 = DIRECTION ( 'NONE',  ( 0.9713207349039331140, -0.0000000000000000000, 0.2377730639615922847 ) ) ;
#5085 = AXIS2_PLACEMENT_3D ( 'NONE', #1338, #7700, #382 ) ;
#5086 = LINE ( 'NONE', #554, #4786 ) ;
#5087 = ORIENTED_EDGE ( 'NONE', *, *, #1215, .T. ) ;
#5088 = CARTESIAN_POINT ( 'NONE',  ( 0.5000000000000000000, 1.485000000000000098, -11.49999999999999822 ) ) ;
#5089 = EDGE_CURVE ( 'NONE', #9543, #6692, #2270, .T. ) ;
#5090 = ORIENTED_EDGE ( 'NONE', *, *, #2481, .T. ) ;
#5091 = CARTESIAN_POINT ( 'NONE',  ( 13.50000000000000000, 0.004999999999999999237, -3.388131789017201356E-18 ) ) ;
#5092 = AXIS2_PLACEMENT_3D ( 'NONE', #174, #7139, #4930 ) ;
#5093 = CARTESIAN_POINT ( 'NONE',  ( 2.499999999999652722, 0.0000000000000000000, -11.30000000000000071 ) ) ;
#5094 = CARTESIAN_POINT ( 'NONE',  ( 3.900000000000000799, 0.009999999999999989800, -12.19999999999999751 ) ) ;
#5095 = EDGE_LOOP ( 'NONE', ( #2885, #5704, #7728, #5242 ) ) ;
#5096 = CARTESIAN_POINT ( 'NONE',  ( 10.36250004768482391, 2.389999999999999680, -6.987234079837891798 ) ) ;
#5097 = CARTESIAN_POINT ( 'NONE',  ( 8.000000000000000000, 0.009999999999999995004, -12.19999999999999929 ) ) ;
#5098 = LINE ( 'NONE', #11594, #5531 ) ;
#5099 = EDGE_CURVE ( 'NONE', #123, #10513, #5162, .T. ) ;
#5100 = CARTESIAN_POINT ( 'NONE',  ( 8.000000000000000000, 0.0000000000000000000, -11.30000000000000071 ) ) ;
#5101 = DIRECTION ( 'NONE',  ( -0.0000000000000000000, -1.000000000000000000, -0.0000000000000000000 ) ) ;
#5102 = LINE ( 'NONE', #4099, #8793 ) ;
#5103 = AXIS2_PLACEMENT_3D ( 'NONE', #3198, #5035, #2015 ) ;
#5104 = CARTESIAN_POINT ( 'NONE',  ( 3.600000000000000089, 0.0000000000000000000, -6.099999999999999645 ) ) ;
#5105 = CARTESIAN_POINT ( 'NONE',  ( 5.520833492278999444, 2.389999999999999680, -7.970212766901000556 ) ) ;
#5106 = ORIENTED_EDGE ( 'NONE', *, *, #9871, .T. ) ;
#5107 = DIRECTION ( 'NONE',  ( 0.0000000000000000000, 1.000000000000000000, 0.0000000000000000000 ) ) ;
#5108 = MECHANICAL_DESIGN_GEOMETRIC_PRESENTATION_REPRESENTATION (  '', ( #10234 ), #11195 ) ;
#5109 = CARTESIAN_POINT ( 'NONE',  ( 6.337500047684204496, 2.389999999999999680, -6.153191542625392252 ) ) ;
#5110 =( GEOMETRIC_REPRESENTATION_CONTEXT ( 3 ) GLOBAL_UNCERTAINTY_ASSIGNED_CONTEXT ( ( #11478 ) ) GLOBAL_UNIT_ASSIGNED_CONTEXT ( ( #2968, #6879, #4979 ) ) REPRESENTATION_CONTEXT ( 'NONE', 'WORKASPACE' ) );
#5111 = ADVANCED_FACE ( 'NONE', ( #2311 ), #5870, .F. ) ;
#5112 = EDGE_CURVE ( 'NONE', #9900, #5534, #5220, .T. ) ;
#5113 = VERTEX_POINT ( 'NONE', #5096 ) ;
#5114 = DIRECTION ( 'NONE',  ( -0.2473834390664083616, 0.0000000000000000000, 0.9689176611434413555 ) ) ;
#5115 = VECTOR ( 'NONE', #5595, 1000.000000000000000 ) ;
#5116 = FACE_OUTER_BOUND ( 'NONE', #2489, .T. ) ;
#5117 = CARTESIAN_POINT ( 'NONE',  ( 8.000000000000000000, 0.009999999999999995004, 0.0000000000000000000 ) ) ;
#5118 =( GEOMETRIC_REPRESENTATION_CONTEXT ( 3 ) GLOBAL_UNCERTAINTY_ASSIGNED_CONTEXT ( ( #4445 ) ) GLOBAL_UNIT_ASSIGNED_CONTEXT ( ( #6374, #10066, #9056 ) ) REPRESENTATION_CONTEXT ( 'NONE', 'WORKASPACE' ) );
#5119 = DIRECTION ( 'NONE',  ( -0.0000000000000000000, 1.000000000000000000, -0.0000000000000000000 ) ) ;
#5120 = LINE ( 'NONE', #2512, #1526 ) ;
#5121 = EDGE_LOOP ( 'NONE', ( #2039, #5848, #10976, #2802 ) ) ;
#5122 = VERTEX_POINT ( 'NONE', #11415 ) ;
#5123 = DIRECTION ( 'NONE',  ( 0.2377711090850601894, 0.0000000000000000000, 0.9713212134430402322 ) ) ;
#5124 = VERTEX_POINT ( 'NONE', #8728 ) ;
#5125 = CARTESIAN_POINT ( 'NONE',  ( 6.518322752895000072, 2.389799999999999702, -6.951445993535000589 ) ) ;
#5126 = EDGE_CURVE ( 'NONE', #4468, #988, #2430, .T. ) ;
#5127 = DIRECTION ( 'NONE',  ( 0.0000000000000000000, 0.0000000000000000000, 1.000000000000000000 ) ) ;
#5128 = VECTOR ( 'NONE', #10474, 1000.000000000000000 ) ;
#5129 = CARTESIAN_POINT ( 'NONE',  ( 5.229166936874210414, 2.394999999999999574, -7.165957462787988064 ) ) ;
#5130 = EDGE_CURVE ( 'NONE', #150, #1747, #4095, .T. ) ;
#5131 = VERTEX_POINT ( 'NONE', #1355 ) ;
#5132 =( NAMED_UNIT ( * ) SI_UNIT ( $, .STERADIAN. ) SOLID_ANGLE_UNIT ( ) );
#5133 = ORIENTED_EDGE ( 'NONE', *, *, #8183, .F. ) ;
#5134 = DIRECTION ( 'NONE',  ( 0.0000000000000000000, 1.000000000000000000, 0.0000000000000000000 ) ) ;
#5135 = COLOUR_RGB ( '',0.9803921568627450567, 0.6274509803921568540, 0.0000000000000000000 ) ;
#5136 = LINE ( 'NONE', #11452, #6135 ) ;
#5137 = CARTESIAN_POINT ( 'NONE',  ( 5.799999999999999822, 0.0000000000000000000, -6.099999999999999645 ) ) ;
#5138 = ORIENTED_EDGE ( 'NONE', *, *, #5961, .F. ) ;
#5139 = ORIENTED_EDGE ( 'NONE', *, *, #297, .F. ) ;
#5140 = ORIENTED_EDGE ( 'NONE', *, *, #886, .F. ) ;
#5141 = VERTEX_POINT ( 'NONE', #449 ) ;
#5142 = ADVANCED_FACE ( 'NONE', ( #10640 ), #2490, .F. ) ;
#5143 = CARTESIAN_POINT ( 'NONE',  ( 13.20000000000000107, 0.4100000000000150191, 0.0000000000000000000 ) ) ;
#5144 = EDGE_CURVE ( 'NONE', #8344, #497, #7714, .T. ) ;
#5145 = VECTOR ( 'NONE', #2325, 1000.000000000000000 ) ;
#5146 = PRESENTATION_STYLE_ASSIGNMENT (( #2477 ) ) ;
#5147 = LINE ( 'NONE', #4966, #11055 ) ;
#5148 = ORIENTED_EDGE ( 'NONE', *, *, #5005, .T. ) ;
#5149 = CARTESIAN_POINT ( 'NONE',  ( 1.000000000000000000, 0.009999999999974168441, -0.2499999999999997780 ) ) ;
#5150 = CIRCLE ( 'NONE', #10083, 0.2500000000000011102 ) ;
#5151 = ORIENTED_EDGE ( 'NONE', *, *, #10485, .F. ) ;
#5152 = CARTESIAN_POINT ( 'NONE',  ( 11.00000000000000000, 5.293955920339377119E-20, -12.20000000000062279 ) ) ;
#5153 = AXIS2_PLACEMENT_3D ( 'NONE', #1019, #3713, #66 ) ;
#5154 = DIRECTION ( 'NONE',  ( -0.0000000000000000000, -1.000000000000000000, -0.0000000000000000000 ) ) ;
#5155 = CARTESIAN_POINT ( 'NONE',  ( 3.450000000000001954, 0.4100000000000150191, -12.19999999999999929 ) ) ;
#5156 =( GEOMETRIC_REPRESENTATION_CONTEXT ( 3 ) GLOBAL_UNCERTAINTY_ASSIGNED_CONTEXT ( ( #8609 ) ) GLOBAL_UNIT_ASSIGNED_CONTEXT ( ( #8437, #3927, #4919 ) ) REPRESENTATION_CONTEXT ( 'NONE', 'WORKASPACE' ) );
#5157 = CARTESIAN_POINT ( 'NONE',  ( 5.799999999999999822, 0.4100000000000150746, 0.0000000000000000000 ) ) ;
#5158 = VERTEX_POINT ( 'NONE', #9920 ) ;
#5159 = CARTESIAN_POINT ( 'NONE',  ( 6.629166603088499699, 2.389999999999999680, -7.672340433299500440 ) ) ;
#5160 = UNCERTAINTY_MEASURE_WITH_UNIT (LENGTH_MEASURE( 1.000000000000000082E-05 ), #5250, 'distance_accuracy_value', 'NONE');
#5161 = VECTOR ( 'NONE', #586, 1000.000000000000000 ) ;
#5162 = LINE ( 'NONE', #1471, #5492 ) ;
#5163 = LINE ( 'NONE', #6111, #1090 ) ;
#5164 = CARTESIAN_POINT ( 'NONE',  ( 15.50000000000000000, 0.7934000000000001052, -0.4330000000000000515 ) ) ;
#5165 = VECTOR ( 'NONE', #5027, 1000.000000000000000 ) ;
#5166 = DIRECTION ( 'NONE',  ( 0.0000000000000000000, 1.000000000000000000, -0.0000000000000000000 ) ) ;
#5167 = CARTESIAN_POINT ( 'NONE',  ( 15.25000000000000000, 0.8200000000000149392, -3.256119351777756015E-30 ) ) ;
#5168 = LINE ( 'NONE', #6171, #4800 ) ;
#5169 = CARTESIAN_POINT ( 'NONE',  ( 7.200000000000000178, -1.058791184067875424E-19, -12.20000000000123386 ) ) ;
#5170 =( GEOMETRIC_REPRESENTATION_CONTEXT ( 3 ) GLOBAL_UNCERTAINTY_ASSIGNED_CONTEXT ( ( #7894 ) ) GLOBAL_UNIT_ASSIGNED_CONTEXT ( ( #8172, #6153, #7272 ) ) REPRESENTATION_CONTEXT ( 'NONE', 'WORKASPACE' ) );
#5171 = DIRECTION ( 'NONE',  ( 1.000000000000000000, 0.0000000000000000000, 0.0000000000000000000 ) ) ;
#5172 = UNCERTAINTY_MEASURE_WITH_UNIT (LENGTH_MEASURE( 1.000000000000000082E-05 ), #2388, 'distance_accuracy_value', 'NONE');
#5173 = VERTEX_POINT ( 'NONE', #1774 ) ;
#5174 = DIRECTION ( 'NONE',  ( -1.000000000000000000, 0.0000000000000000000, 0.0000000000000000000 ) ) ;
#5175 = CARTESIAN_POINT ( 'NONE',  ( 15.00000000000000000, 0.8200000000000300382, 1.215596970137852562E-45 ) ) ;
#5176 = VECTOR ( 'NONE', #5303, 1000.000000000000000 ) ;
#5177 = ORIENTED_EDGE ( 'NONE', *, *, #10240, .F. ) ;
#5178 = CARTESIAN_POINT ( 'NONE',  ( 7.270833158493000603, 2.399999999999999911, -5.200000000000000178 ) ) ;
#5179 = DIRECTION ( 'NONE',  ( 1.000000000000000000, -0.0000000000000000000, -0.0000000000000000000 ) ) ;
#5180 = DIRECTION ( 'NONE',  ( 0.0000000000000000000, 0.0000000000000000000, -1.000000000000000000 ) ) ;
#5181 = CARTESIAN_POINT ( 'NONE',  ( 11.00000000000000178, 0.009999999999999989800, 0.0000000000000000000 ) ) ;
#5182 = ORIENTED_EDGE ( 'NONE', *, *, #9850, .T. ) ;
#5183 = ORIENTED_EDGE ( 'NONE', *, *, #10803, .F. ) ;
#5184 = CARTESIAN_POINT ( 'NONE',  ( 13.20000000000000107, 0.009999999999999989800, 0.0000000000000000000 ) ) ;
#5185 = ORIENTED_EDGE ( 'NONE', *, *, #8492, .T. ) ;
#5186 = EDGE_CURVE ( 'NONE', #11082, #6723, #863, .T. ) ;
#5187 = CARTESIAN_POINT ( 'NONE',  ( 8.000000000000000000, 0.8199999999999999512, -12.19999999999999929 ) ) ;
#5188 = AXIS2_PLACEMENT_3D ( 'NONE', #10036, #4674, #3862 ) ;
#5189 = DIRECTION ( 'NONE',  ( 0.0000000000000000000, 0.0000000000000000000, -1.000000000000000000 ) ) ;
#5190 = CARTESIAN_POINT ( 'NONE',  ( 7.200000000000095213, 1.588186776101813136E-19, -11.29999999999875548 ) ) ;
#5191 = VERTEX_POINT ( 'NONE', #9023 ) ;
#5192 = LINE ( 'NONE', #1001, #8834 ) ;
#5193 = ORIENTED_EDGE ( 'NONE', *, *, #11680, .T. ) ;
#5194 = VECTOR ( 'NONE', #3029, 1000.000000000000000 ) ;
#5195 = EDGE_CURVE ( 'NONE', #5122, #9959, #4386, .T. ) ;
#5196 = LINE ( 'NONE', #6144, #9373 ) ;
#5197 = DIRECTION ( 'NONE',  ( 0.0000000000000000000, 0.0000000000000000000, -1.000000000000000000 ) ) ;
#5198 = CARTESIAN_POINT ( 'NONE',  ( 3.200000000000000178, 0.8200000000000300382, -12.19999999999999929 ) ) ;
#5199 = VERTEX_POINT ( 'NONE', #5395 ) ;
#5200 = EDGE_LOOP ( 'NONE', ( #1692, #5542, #2882, #2940 ) ) ;
#5201 = ORIENTED_EDGE ( 'NONE', *, *, #973, .F. ) ;
#5202 = EDGE_CURVE ( 'NONE', #10671, #448, #11659, .T. ) ;
#5203 = EDGE_CURVE ( 'NONE', #300, #8534, #6511, .T. ) ;
#5204 = VECTOR ( 'NONE', #9450, 1000.000000000000000 ) ;
#5205 = AXIS2_PLACEMENT_3D ( 'NONE', #6239, #1613, #9876 ) ;
#5206 = DIRECTION ( 'NONE',  ( 0.6379971350542962272, 0.0000000000000000000, -0.7700387364688285885 ) ) ;
#5207 = PLANE ( 'NONE',  #5541 ) ;
#5208 = ORIENTED_EDGE ( 'NONE', *, *, #2917, .F. ) ;
#5209 = PLANE ( 'NONE',  #1429 ) ;
#5210 = ORIENTED_EDGE ( 'NONE', *, *, #8540, .F. ) ;
#5211 = DIRECTION ( 'NONE',  ( 0.7145097483508874303, 0.0000000000000000000, -0.6996254851787145901 ) ) ;
#5212 = EDGE_CURVE ( 'NONE', #2259, #4284, #3567, .T. ) ;
#5213 = DIRECTION ( 'NONE',  ( 0.2377704967184877394, 0.0000000000000000000, 0.9713213633449249151 ) ) ;
#5214 = CARTESIAN_POINT ( 'NONE',  ( 7.416666603088500231, 2.389999999999999680, -5.200000000000000178 ) ) ;
#5215 = DIRECTION ( 'NONE',  ( 0.0000000000000000000, 1.000000000000000000, 0.0000000000000000000 ) ) ;
#5216 = VECTOR ( 'NONE', #893, 1000.000000000000000 ) ;
#5217 = EDGE_CURVE ( 'NONE', #4795, #11733, #5335, .T. ) ;
#5218 = LINE ( 'NONE', #2305, #1729 ) ;
#5219 = ORIENTED_EDGE ( 'NONE', *, *, #2551, .F. ) ;
#5220 = LINE ( 'NONE', #9506, #8923 ) ;
#5221 = VECTOR ( 'NONE', #8842, 1000.000000000000000 ) ;
#5222 = CARTESIAN_POINT ( 'NONE',  ( 15.24999999999999645, 2.149999999999999911, -11.75000000000000000 ) ) ;
#5223 = AXIS2_PLACEMENT_3D ( 'NONE', #10995, #6140, #5524 ) ;
#5224 =( NAMED_UNIT ( * ) SI_UNIT ( $, .STERADIAN. ) SOLID_ANGLE_UNIT ( ) );
#5225 = VECTOR ( 'NONE', #4891, 1000.000000000000000 ) ;
#5226 = LINE ( 'NONE', #5100, #9857 ) ;
#5227 = CARTESIAN_POINT ( 'NONE',  ( 3.899999999999999911, 0.004999999999999999237, -11.29999999999750848 ) ) ;
#5228 = EDGE_CURVE ( 'NONE', #4120, #1740, #7174, .T. ) ;
#5229 = CARTESIAN_POINT ( 'NONE',  ( 14.59999999999999964, 0.009999999999999998473, -0.4500000000000149436 ) ) ;
#5230 = AXIS2_PLACEMENT_3D ( 'NONE', #3791, #7390, #8233 ) ;
#5231 = FILL_AREA_STYLE ('',( #4333 ) ) ;
#5232 = PLANE ( 'NONE',  #161 ) ;
#5233 = ORIENTED_EDGE ( 'NONE', *, *, #7155, .F. ) ;
#5234 = LINE ( 'NONE', #7784, #499 ) ;
#5235 = CARTESIAN_POINT ( 'NONE',  ( 12.92916670739999851, 2.389999999999999680, -7.970212766901000556 ) ) ;
#5236 = VECTOR ( 'NONE', #9177, 1000.000000000000000 ) ;
#5237 = ORIENTED_EDGE ( 'NONE', *, *, #7758, .F. ) ;
#5238 = CARTESIAN_POINT ( 'NONE',  ( 8.472105897844002698, 2.389799999999999702, -6.159249656897999969 ) ) ;
#5239 = EDGE_CURVE ( 'NONE', #1580, #4815, #11592, .T. ) ;
#5240 = CARTESIAN_POINT ( 'NONE',  ( 6.099999999999999645, 0.009999999999999998473, -11.75000000000000178 ) ) ;
#5241 = LINE ( 'NONE', #8874, #749 ) ;
#5242 = ORIENTED_EDGE ( 'NONE', *, *, #9848, .F. ) ;
#5243 = ORIENTED_EDGE ( 'NONE', *, *, #1788, .F. ) ;
#5244 = STYLED_ITEM ( 'NONE', ( #8430 ), #1631 ) ;
#5245 = ORIENTED_EDGE ( 'NONE', *, *, #3572, .F. ) ;
#5246 = CARTESIAN_POINT ( 'NONE',  ( 12.09999999999999964, 1.058791184067875424E-19, -1.490354470693941447E-14 ) ) ;
#5247 = COLOUR_RGB ( '',0.8313725490196077761, 0.8509803921568627194, 0.8313725490196077761 ) ;
#5248 = AXIS2_PLACEMENT_3D ( 'NONE', #10045, #6083, #9832 ) ;
#5249 = CARTESIAN_POINT ( 'NONE',  ( 1.399999999999640643, 0.004999999999999999237, -11.30000000000000071 ) ) ;
#5250 =( LENGTH_UNIT ( ) NAMED_UNIT ( * ) SI_UNIT ( .MILLI., .METRE. ) );
#5251 = ORIENTED_EDGE ( 'NONE', *, *, #7727, .T. ) ;
#5252 = DIRECTION ( 'NONE',  ( 0.0000000000000000000, 0.0000000000000000000, -1.000000000000000000 ) ) ;
#5253 = CARTESIAN_POINT ( 'NONE',  ( 8.000000000000000000, 0.009999999999999995004, -12.19999999999999929 ) ) ;
#5254 = EDGE_CURVE ( 'NONE', #10547, #6608, #805, .T. ) ;
#5255 = ORIENTED_EDGE ( 'NONE', *, *, #8410, .T. ) ;
#5256 = CARTESIAN_POINT ( 'NONE',  ( 8.000000000000000000, 0.4100000000000150191, 0.0000000000000000000 ) ) ;
#5257 = CARTESIAN_POINT ( 'NONE',  ( 3.200000000000000178, 0.009999999999974222217, -12.19999999999999929 ) ) ;
#5258 = DIRECTION ( 'NONE',  ( -1.000000000000000000, 0.0000000000000000000, 0.0000000000000000000 ) ) ;
#5259 = DIRECTION ( 'NONE',  ( 0.8373792386028666712, -0.0000000000000000000, 0.5466223657671568370 ) ) ;
#5260 = ORIENTED_EDGE ( 'NONE', *, *, #5472, .F. ) ;
#5261 = EDGE_LOOP ( 'NONE', ( #1847, #7744, #7281, #880 ) ) ;
#5262 = ORIENTED_EDGE ( 'NONE', *, *, #11465, .F. ) ;
#5263 = CARTESIAN_POINT ( 'NONE',  ( 7.562500047683817783, 2.389999999999999680, -5.200000000000000178 ) ) ;
#5264 = EDGE_CURVE ( 'NONE', #5835, #2150, #10866, .T. ) ;
#5265 = EDGE_LOOP ( 'NONE', ( #1513, #986, #9351, #2456 ) ) ;
#5266 = CARTESIAN_POINT ( 'NONE',  ( 3.200000000000000178, 0.009999999999974222217, 1.756407519426636498E-16 ) ) ;
#5267 = EDGE_CURVE ( 'NONE', #9543, #2665, #981, .T. ) ;
#5268 = ORIENTED_EDGE ( 'NONE', *, *, #7384, .F. ) ;
#5269 = EDGE_CURVE ( 'NONE', #9117, #1691, #1829, .T. ) ;
#5270 = DIRECTION ( 'NONE',  ( 0.6996234726653288716, 0.0000000000000000000, -0.7145117189351800624 ) ) ;
#5271 = CARTESIAN_POINT ( 'NONE',  ( 13.90000000000000213, 0.8200000000000299272, -0.2500000000000002220 ) ) ;
#5272 = CARTESIAN_POINT ( 'NONE',  ( 14.59999999999999787, 0.0000000000000000000, -6.099999999999999645 ) ) ;
#5273 = CARTESIAN_POINT ( 'NONE',  ( 8.845833492279362886, 2.394999999999999574, -7.702127653359998938 ) ) ;
#5274 = ORIENTED_EDGE ( 'NONE', *, *, #1409, .T. ) ;
#5275 = VECTOR ( 'NONE', #982, 1000.000000000000000 ) ;
#5276 = DIRECTION ( 'NONE',  ( 0.2473828559371080704, -0.0000000000000000000, 0.9689178100274553618 ) ) ;
#5277 = ORIENTED_EDGE ( 'NONE', *, *, #4598, .F. ) ;
#5278 = UNCERTAINTY_MEASURE_WITH_UNIT (LENGTH_MEASURE( 1.000000000000000082E-05 ), #5604, 'distance_accuracy_value', 'NONE');
#5279 = EDGE_CURVE ( 'NONE', #3889, #7535, #8188, .T. ) ;
#5280 = FACE_OUTER_BOUND ( 'NONE', #934, .T. ) ;
#5281 = LINE ( 'NONE', #11593, #2434 ) ;
#5282 = LINE ( 'NONE', #9976, #8384 ) ;
#5283 = AXIS2_PLACEMENT_3D ( 'NONE', #6780, #8519, #11198 ) ;
#5284 = EDGE_CURVE ( 'NONE', #8534, #8581, #3678, .T. ) ;
#5285 = PLANE ( 'NONE',  #8858 ) ;
#5286 = CARTESIAN_POINT ( 'NONE',  ( 11.29999999999834870, 0.009999999999999998473, -0.9000000000000001332 ) ) ;
#5287 =( NAMED_UNIT ( * ) SI_UNIT ( $, .STERADIAN. ) SOLID_ANGLE_UNIT ( ) );
#5288 = DIRECTION ( 'NONE',  ( -1.000000000000000000, 0.0000000000000000000, 0.0000000000000000000 ) ) ;
#5289 = EDGE_CURVE ( 'NONE', #917, #3239, #10029, .T. ) ;
#5290 = CARTESIAN_POINT ( 'NONE',  ( -0.3200000000000000622, -0.02448876244737000288, 0.0000000000000000000 ) ) ;
#5291 = ADVANCED_FACE ( 'NONE', ( #33 ), #7283, .F. ) ;
#5292 = AXIS2_PLACEMENT_3D ( 'NONE', #1458, #5977, #4196 ) ;
#5293 = PLANE ( 'NONE',  #4764 ) ;
#5294 = AXIS2_PLACEMENT_3D ( 'NONE', #8254, #814, #10937 ) ;
#5295 = SURFACE_STYLE_USAGE ( .BOTH. , #8981 ) ;
#5296 = DIRECTION ( 'NONE',  ( 0.0000000000000000000, 0.0000000000000000000, 1.000000000000000000 ) ) ;
#5297 = DIRECTION ( 'NONE',  ( 1.000000000000000000, 0.0000000000000000000, 0.0000000000000000000 ) ) ;
#5298 = LINE ( 'NONE', #4235, #10443 ) ;
#5299 = ORIENTED_EDGE ( 'NONE', *, *, #4518, .F. ) ;
#5300 = VERTEX_POINT ( 'NONE', #11710 ) ;
#5301 = ORIENTED_EDGE ( 'NONE', *, *, #9848, .T. ) ;
#5302 = VECTOR ( 'NONE', #3561, 1000.000000000000000 ) ;
#5303 = DIRECTION ( 'NONE',  ( -0.0000000000000000000, -1.000000000000000000, -0.0000000000000000000 ) ) ;
#5304 = SURFACE_SIDE_STYLE ('',( #10543 ) ) ;
#5305 = EDGE_CURVE ( 'NONE', #2722, #3961, #10812, .T. ) ;
#5306 = VECTOR ( 'NONE', #9414, 1000.000000000000000 ) ;
#5307 = ORIENTED_EDGE ( 'NONE', *, *, #5701, .F. ) ;
#5308 = DIRECTION ( 'NONE',  ( 0.0000000000000000000, -1.000000000000000000, 2.168404344971021934E-16 ) ) ;
#5309 = ORIENTED_EDGE ( 'NONE', *, *, #11037, .T. ) ;
#5310 = DIRECTION ( 'NONE',  ( 1.000000000000000000, 0.0000000000000000000, 0.0000000000000000000 ) ) ;
#5311 = DIRECTION ( 'NONE',  ( 0.8265992787991173207, 0.0000000000000000000, -0.5627909312424810295 ) ) ;
#5312 = AXIS2_PLACEMENT_3D ( 'NONE', #6109, #687, #5932 ) ;
#5313 = DIRECTION ( 'NONE',  ( -1.000000000000000000, 0.0000000000000000000, 0.0000000000000000000 ) ) ;
#5314 = CARTESIAN_POINT ( 'NONE',  ( 11.29999999999877680, 1.588186776101813136E-19, -11.29999999999937899 ) ) ;
#5315 = ORIENTED_EDGE ( 'NONE', *, *, #6851, .T. ) ;
#5316 = ORIENTED_EDGE ( 'NONE', *, *, #5903, .T. ) ;
#5317 = ORIENTED_EDGE ( 'NONE', *, *, #10789, .T. ) ;
#5318 =( NAMED_UNIT ( * ) PLANE_ANGLE_UNIT ( ) SI_UNIT ( $, .RADIAN. ) );
#5319 = AXIS2_PLACEMENT_3D ( 'NONE', #6711, #5762, #4105 ) ;
#5320 = LINE ( 'NONE', #8896, #5355 ) ;
#5321 = EDGE_LOOP ( 'NONE', ( #7337, #4469, #3028, #1160 ) ) ;
#5322 = DIRECTION ( 'NONE',  ( 0.0000000000000000000, 0.0000000000000000000, 1.000000000000000000 ) ) ;
#5323 = ORIENTED_EDGE ( 'NONE', *, *, #5624, .T. ) ;
#5324 = FILL_AREA_STYLE_COLOUR ( '', #7293 ) ;
#5325 = CARTESIAN_POINT ( 'NONE',  ( 8.000000000000000000, 0.0000000000000000000, -0.9000000000000002442 ) ) ;
#5326 = VECTOR ( 'NONE', #10587, 1000.000000000000000 ) ;
#5327 = DIRECTION ( 'NONE',  ( 0.0000000000000000000, 1.000000000000000000, 0.0000000000000000000 ) ) ;
#5328 = DIRECTION ( 'NONE',  ( 0.0000000000000000000, 0.0000000000000000000, 1.000000000000000000 ) ) ;
#5329 = ORIENTED_EDGE ( 'NONE', *, *, #10864, .F. ) ;
#5330 = ORIENTED_EDGE ( 'NONE', *, *, #10882, .F. ) ;
#5331 = VECTOR ( 'NONE', #10897, 1000.000000000000000 ) ;
#5332 = ORIENTED_EDGE ( 'NONE', *, *, #2066, .T. ) ;
#5333 = EDGE_CURVE ( 'NONE', #5633, #8535, #1880, .T. ) ;
#5334 = ADVANCED_FACE ( 'NONE', ( #5280 ), #8909, .F. ) ;
#5335 = LINE ( 'NONE', #8965, #11078 ) ;
#5336 = VECTOR ( 'NONE', #11085, 1000.000000000000000 ) ;
#5337 = DIRECTION ( 'NONE',  ( -0.0000000000000000000, 1.000000000000000000, -0.0000000000000000000 ) ) ;
#5338 = CARTESIAN_POINT ( 'NONE',  ( 5.404166936874156058, 2.389999999999999680, -6.153191542625440213 ) ) ;
#5339 = VECTOR ( 'NONE', #2502, 1000.000000000000000 ) ;
#5340 = LINE ( 'NONE', #8969, #3737 ) ;
#5341 = LINE ( 'NONE', #10585, #796 ) ;
#5342 = EDGE_CURVE ( 'NONE', #7584, #3183, #4848, .T. ) ;
#5343 = VECTOR ( 'NONE', #5601, 1000.000000000000000 ) ;
#5344 = PRESENTATION_LAYER_ASSIGNMENT (  '', '', ( #10465 ) ) ;
#5345 = LINE ( 'NONE', #4621, #9472 ) ;
#5346 = VECTOR ( 'NONE', #8748, 1000.000000000000000 ) ;
#5347 = EDGE_CURVE ( 'NONE', #11072, #5199, #3799, .T. ) ;
#5348 = EDGE_CURVE ( 'NONE', #4272, #10719, #8425, .T. ) ;
#5349 = CIRCLE ( 'NONE', #9913, 0.2500000000000019429 ) ;
#5350 = FACE_OUTER_BOUND ( 'NONE', #6952, .T. ) ;
#5351 = VECTOR ( 'NONE', #3740, 1000.000000000000000 ) ;
#5352 =( NAMED_UNIT ( * ) PLANE_ANGLE_UNIT ( ) SI_UNIT ( $, .RADIAN. ) );
#5353 = ORIENTED_EDGE ( 'NONE', *, *, #6068, .T. ) ;
#5354 = CARTESIAN_POINT ( 'NONE',  ( 5.404166936874720051, 2.399999999999999911, -7.940425533801618307 ) ) ;
#5355 = VECTOR ( 'NONE', #8229, 1000.000000000000000 ) ;
#5356 = EDGE_CURVE ( 'NONE', #9623, #375, #7340, .T. ) ;
#5357 = LINE ( 'NONE', #11720, #401 ) ;
#5358 =( NAMED_UNIT ( * ) PLANE_ANGLE_UNIT ( ) SI_UNIT ( $, .RADIAN. ) );
#5359 = CARTESIAN_POINT ( 'NONE',  ( 11.02448876245000164, 0.01020000000000000073, -11.30000000000000071 ) ) ;
#5360 = ORIENTED_EDGE ( 'NONE', *, *, #1517, .T. ) ;
#5361 = EDGE_LOOP ( 'NONE', ( #11258, #6869, #6861, #5277 ) ) ;
#5362 = CARTESIAN_POINT ( 'NONE',  ( 9.895833492278727661, 2.394999999999999574, -5.200000000000001066 ) ) ;
#5363 = ORIENTED_EDGE ( 'NONE', *, *, #2994, .T. ) ;
#5364 = ORIENTED_EDGE ( 'NONE', *, *, #9937, .F. ) ;
#5365 = DIRECTION ( 'NONE',  ( 0.0000000000000000000, 0.0000000000000000000, 1.000000000000000000 ) ) ;
#5366 = CARTESIAN_POINT ( 'NONE',  ( 16.00000000000000000, 0.4100000000000149636, 0.0000000000000000000 ) ) ;
#5367 = VECTOR ( 'NONE', #7923, 1000.000000000000000 ) ;
#5368 =( NAMED_UNIT ( * ) SI_UNIT ( $, .STERADIAN. ) SOLID_ANGLE_UNIT ( ) );
#5369 = ORIENTED_EDGE ( 'NONE', *, *, #897, .F. ) ;
#5370 = LINE ( 'NONE', #5425, #2199 ) ;
#5371 = FACE_OUTER_BOUND ( 'NONE', #774, .T. ) ;
#5372 = EDGE_CURVE ( 'NONE', #1449, #8224, #4668, .T. ) ;
#5373 = FACE_OUTER_BOUND ( 'NONE', #710, .T. ) ;
#5374 = CARTESIAN_POINT ( 'NONE',  ( 11.30000000000000071, 0.4100000000000150746, -12.19999999999999929 ) ) ;
#5375 = VECTOR ( 'NONE', #8431, 1000.000000000000000 ) ;
#5376 = ORIENTED_EDGE ( 'NONE', *, *, #6554, .F. ) ;
#5377 = ORIENTED_EDGE ( 'NONE', *, *, #11086, .T. ) ;
#5378 = ORIENTED_EDGE ( 'NONE', *, *, #4073, .F. ) ;
#5379 = CARTESIAN_POINT ( 'NONE',  ( 11.17916676998000014, 2.399999999999999911, -6.987234079837823408 ) ) ;
#5380 = CARTESIAN_POINT ( 'NONE',  ( 6.250000000000000000, 0.009999999999987104274, -12.19999999999999929 ) ) ;
#5381 = AXIS2_PLACEMENT_3D ( 'NONE', #5406, #758, #9264 ) ;
#5382 = CARTESIAN_POINT ( 'NONE',  ( 9.400000047683501947, 2.399999999999999911, -7.582978731394000249 ) ) ;
#5383 = AXIS2_PLACEMENT_3D ( 'NONE', #4134, #6850, #8475 ) ;
#5384 = ORIENTED_EDGE ( 'NONE', *, *, #2263, .T. ) ;
#5385 = LINE ( 'NONE', #4489, #7506 ) ;
#5386 = VERTEX_POINT ( 'NONE', #6566 ) ;
#5387 = DIRECTION ( 'NONE',  ( 0.0000000000000000000, 1.000000000000000000, 0.0000000000000000000 ) ) ;
#5388 = FILL_AREA_STYLE ('',( #8179 ) ) ;
#5389 = CARTESIAN_POINT ( 'NONE',  ( 8.204166769980998808, 2.389999999999999680, -7.672340433299498663 ) ) ;
#5390 = CARTESIAN_POINT ( 'NONE',  ( 6.900000000000000355, 0.0000000000000000000, -6.099999999999998757 ) ) ;
#5391 = ORIENTED_EDGE ( 'NONE', *, *, #7446, .F. ) ;
#5392 = VERTEX_POINT ( 'NONE', #5679 ) ;
#5393 = VECTOR ( 'NONE', #8122, 1000.000000000000114 ) ;
#5394 = ORIENTED_EDGE ( 'NONE', *, *, #2369, .F. ) ;
#5395 = CARTESIAN_POINT ( 'NONE',  ( 12.40000000000000213, 0.009999999999999998473, -1.129377263005733721E-18 ) ) ;
#5396 = DIRECTION ( 'NONE',  ( 0.0000000000000000000, 1.000000000000000000, 0.0000000000000000000 ) ) ;
#5397 = SURFACE_STYLE_USAGE ( .BOTH. , #11762 ) ;
#5398 = CARTESIAN_POINT ( 'NONE',  ( 8.000000000000000000, 0.0000000000000000000, 0.0000000000000000000 ) ) ;
#5399 = VECTOR ( 'NONE', #4290, 1000.000000000000000 ) ;
#5400 =( LENGTH_UNIT ( ) NAMED_UNIT ( * ) SI_UNIT ( .MILLI., .METRE. ) );
#5401 = ADVANCED_FACE ( 'NONE', ( #9249 ), #10978, .F. ) ;
#5402 = FILL_AREA_STYLE ('',( #992 ) ) ;
#5403 = VERTEX_POINT ( 'NONE', #8484 ) ;
#5404 = CARTESIAN_POINT ( 'NONE',  ( 5.987500047683607107, 2.394999999999999574, -7.761702135205000630 ) ) ;
#5405 = UNCERTAINTY_MEASURE_WITH_UNIT (LENGTH_MEASURE( 1.000000000000000082E-05 ), #11684, 'distance_accuracy_value', 'NONE');
#5406 = CARTESIAN_POINT ( 'NONE',  ( 6.080439342440000061, 2.389799999999999702, -6.087558967368998708 ) ) ;
#5407 = VECTOR ( 'NONE', #5310, 1000.000000000000000 ) ;
#5408 = SURFACE_SIDE_STYLE ('',( #9146 ) ) ;
#5409 = EDGE_CURVE ( 'NONE', #10130, #11441, #1218, .T. ) ;
#5410 = VERTEX_POINT ( 'NONE', #10254 ) ;
#5411 = EDGE_CURVE ( 'NONE', #6808, #11688, #1161, .T. ) ;
#5412 = EDGE_CURVE ( 'NONE', #7696, #948, #1665, .T. ) ;
#5413 = DIRECTION ( 'NONE',  ( 0.0000000000000000000, 0.0000000000000000000, 1.000000000000000000 ) ) ;
#5414 = DIRECTION ( 'NONE',  ( 1.000000000000000000, 0.0000000000000000000, 0.0000000000000000000 ) ) ;
#5415 = DIRECTION ( 'NONE',  ( -1.000000000000000000, -0.0000000000000000000, -0.0000000000000000000 ) ) ;
#5416 = CARTESIAN_POINT ( 'NONE',  ( 12.17083340883540998, 2.389999999999999680, -7.582978731394813821 ) ) ;
#5417 = ORIENTED_EDGE ( 'NONE', *, *, #1781, .T. ) ;
#5418 = ORIENTED_EDGE ( 'NONE', *, *, #2198, .F. ) ;
#5419 = PLANE ( 'NONE',  #715 ) ;
#5420 = ORIENTED_EDGE ( 'NONE', *, *, #5769, .F. ) ;
#5421 = ORIENTED_EDGE ( 'NONE', *, *, #196, .T. ) ;
#5422 = CARTESIAN_POINT ( 'NONE',  ( 12.10000000000000142, 0.0000000000000000000, -6.099999999999999645 ) ) ;
#5423 = LINE ( 'NONE', #5366, #5695 ) ;
#5424 = ORIENTED_EDGE ( 'NONE', *, *, #11009, .F. ) ;
#5425 = CARTESIAN_POINT ( 'NONE',  ( 6.337500047684249793, 2.394999999999999574, -6.153191542625302546 ) ) ;
#5426 = EDGE_CURVE ( 'NONE', #1678, #5835, #2832, .T. ) ;
#5427 = LINE ( 'NONE', #6196, #6719 ) ;
#5428 = PLANE ( 'NONE',  #2700 ) ;
#5429 = CARTESIAN_POINT ( 'NONE',  ( 6.512500047683999149, 2.394999999999999574, -7.165957462787661214 ) ) ;
#5430 = VECTOR ( 'NONE', #1685, 1000.000000000000000 ) ;
#5431 = ORIENTED_EDGE ( 'NONE', *, *, #9790, .T. ) ;
#5432 = ORIENTED_EDGE ( 'NONE', *, *, #8684, .F. ) ;
#5433 = EDGE_LOOP ( 'NONE', ( #8150, #5804, #789, #3744 ) ) ;
#5434 = LINE ( 'NONE', #2652, #9688 ) ;
#5435 = EDGE_CURVE ( 'NONE', #8386, #6540, #2953, .T. ) ;
#5436 = SURFACE_STYLE_FILL_AREA ( #9115 ) ;
#5437 = EDGE_LOOP ( 'NONE', ( #8185, #3797, #4751, #3547 ) ) ;
#5438 = DIRECTION ( 'NONE',  ( -0.0000000000000000000, 1.000000000000000000, -2.168404344971006649E-16 ) ) ;
#5439 = ORIENTED_EDGE ( 'NONE', *, *, #10277, .T. ) ;
#5440 = CARTESIAN_POINT ( 'NONE',  ( 5.287500047683932003, 2.389999999999999680, -6.689361691475019356 ) ) ;
#5441 = CARTESIAN_POINT ( 'NONE',  ( 8.000000000000000000, 0.009999999999999995004, 0.0000000000000000000 ) ) ;
#5442 = CARTESIAN_POINT ( 'NONE',  ( 0.6000000000000005329, 0.4100000000000150191, -12.19999999999999929 ) ) ;
#5443 = VERTEX_POINT ( 'NONE', #3964 ) ;
#5444 = ORIENTED_EDGE ( 'NONE', *, *, #9645, .F. ) ;
#5445 = ORIENTED_EDGE ( 'NONE', *, *, #10134, .F. ) ;
#5446 = DIRECTION ( 'NONE',  ( 1.000000000000000000, 0.0000000000000000000, 0.0000000000000000000 ) ) ;
#5447 = EDGE_CURVE ( 'NONE', #1449, #4851, #7577, .T. ) ;
#5448 = CARTESIAN_POINT ( 'NONE',  ( 1.399999999999999911, 0.004999999999999999237, -12.20000000000249507 ) ) ;
#5449 = CARTESIAN_POINT ( 'NONE',  ( 4.120833158493286241, 2.399999999999999911, -8.000000000000000000 ) ) ;
#5450 = ORIENTED_EDGE ( 'NONE', *, *, #1275, .T. ) ;
#5451 = CIRCLE ( 'NONE', #9246, 0.2500000000000019429 ) ;
#5452 = DIRECTION ( 'NONE',  ( 1.000000000000000000, -0.0000000000000000000, -0.0000000000000000000 ) ) ;
#5453 = CARTESIAN_POINT ( 'NONE',  ( 3.200000000000000178, 0.8200000000000300382, 0.0000000000000000000 ) ) ;
#5454 =( LENGTH_UNIT ( ) NAMED_UNIT ( * ) SI_UNIT ( .MILLI., .METRE. ) );
#5455 = ORIENTED_EDGE ( 'NONE', *, *, #1232, .F. ) ;
#5456 = CARTESIAN_POINT ( 'NONE',  ( 10.35000000000000142, 0.009999999999987104274, -12.19999999999999929 ) ) ;
#5457 = CARTESIAN_POINT ( 'NONE',  ( 0.7500000000000000000, 0.8200000000000420286, -0.6500000000000001332 ) ) ;
#5458 = EDGE_CURVE ( 'NONE', #5410, #8232, #2896, .T. ) ;
#5459 = VECTOR ( 'NONE', #11524, 1000.000000000000000 ) ;
#5460 =( BOUNDED_SURFACE ( )  B_SPLINE_SURFACE ( 3, 3, ( 
 ( #11091, #7388, #10020, #8231 ),
 ( #10914, #8413, #4780, #967 ),
 ( #2941, #2998, #5491, #2766 ),
 ( #6610, #4597, #5729, #10245 ) ),
 .UNSPECIFIED., .F., .F., .F. ) 
 B_SPLINE_SURFACE_WITH_KNOTS ( ( 4, 4 ),
 ( 4, 4 ),
 ( 0.0000000000000000000, 1.000000000000000000 ),
 ( 0.0000000000000000000, 1.000000000000000000 ),
 .UNSPECIFIED. ) 
 GEOMETRIC_REPRESENTATION_ITEM ( )  RATIONAL_B_SPLINE_SURFACE ( (
 ( 1.000000000000000000, 0.8025111867384190356, 0.8025111867384190356, 1.000000000000000000),
 ( 0.8002741005223683590, 0.6422289181262267332, 0.6422289181262267332, 0.8002741005223683590),
 ( 0.8002741005223683590, 0.6422289181262267332, 0.6422289181262267332, 0.8002741005223683590),
 ( 1.000000000000000000, 0.8025111867384190356, 0.8025111867384190356, 1.000000000000000000) ) ) 
 REPRESENTATION_ITEM ( '' )  SURFACE ( )  );
#5461 = ORIENTED_EDGE ( 'NONE', *, *, #11272, .F. ) ;
#5462 = LINE ( 'NONE', #7418, #2930 ) ;
#5463 = CARTESIAN_POINT ( 'NONE',  ( 5.417553064469999846, 2.389799999999999702, -6.490131941850999731 ) ) ;
#5464 = FACE_OUTER_BOUND ( 'NONE', #3602, .T. ) ;
#5465 =( NAMED_UNIT ( * ) PLANE_ANGLE_UNIT ( ) SI_UNIT ( $, .RADIAN. ) );
#5466 = VERTEX_POINT ( 'NONE', #4611 ) ;
#5467 = CARTESIAN_POINT ( 'NONE',  ( 12.80000000000000249, 0.009999999999999998473, -11.30000000000000249 ) ) ;
#5468 = ORIENTED_EDGE ( 'NONE', *, *, #5409, .T. ) ;
#5469 = AXIS2_PLACEMENT_3D ( 'NONE', #6945, #2556, #3390 ) ;
#5470 = ORIENTED_EDGE ( 'NONE', *, *, #9034, .T. ) ;
#5471 = CARTESIAN_POINT ( 'NONE',  ( 13.73300004768000093, 2.389999999999999680, -8.056000000000000938 ) ) ;
#5472 = EDGE_CURVE ( 'NONE', #5621, #8447, #10147, .T. ) ;
#5473 = EDGE_CURVE ( 'NONE', #11144, #1030, #6686, .T. ) ;
#5474 = SURFACE_STYLE_USAGE ( .BOTH. , #1850 ) ;
#5475 = LINE ( 'NONE', #2926, #3017 ) ;
#5476 = ORIENTED_EDGE ( 'NONE', *, *, #3326, .F. ) ;
#5477 = CARTESIAN_POINT ( 'NONE',  ( 8.000000000000000000, 0.0000000000000000000, -0.9000000000000002442 ) ) ;
#5478 = PLANE ( 'NONE',  #3328 ) ;
#5479 =( LENGTH_UNIT ( ) NAMED_UNIT ( * ) SI_UNIT ( .MILLI., .METRE. ) );
#5480 = VECTOR ( 'NONE', #6216, 1000.000000000000000 ) ;
#5481 = LINE ( 'NONE', #11632, #8059 ) ;
#5482 = LINE ( 'NONE', #9106, #6632 ) ;
#5483 = ORIENTED_EDGE ( 'NONE', *, *, #10215, .F. ) ;
#5484 = ADVANCED_FACE ( 'NONE', ( #5801 ), #4725, .F. ) ;
#5485 = ORIENTED_EDGE ( 'NONE', *, *, #613, .T. ) ;
#5486 = VERTEX_POINT ( 'NONE', #3309 ) ;
#5487 = DIRECTION ( 'NONE',  ( 0.0000000000000000000, 1.000000000000000000, 0.0000000000000000000 ) ) ;
#5488 = EDGE_CURVE ( 'NONE', #9826, #1182, #6864, .T. ) ;
#5489 = CARTESIAN_POINT ( 'NONE',  ( 8.000000000000000000, 0.009999999999999995004, 0.0000000000000000000 ) ) ;
#5490 = ORIENTED_EDGE ( 'NONE', *, *, #1918, .T. ) ;
#5491 = CARTESIAN_POINT ( 'NONE',  ( 15.53274805710883477, 2.212914624889398052, -11.66802238576842043 ) ) ;
#5492 = VECTOR ( 'NONE', #2244, 1000.000000000000000 ) ;
#5493 = VERTEX_POINT ( 'NONE', #4199 ) ;
#5494 = DIRECTION ( 'NONE',  ( 1.000000000000000000, 0.0000000000000000000, -0.0000000000000000000 ) ) ;
#5495 = AXIS2_PLACEMENT_3D ( 'NONE', #6497, #11022, #12 ) ;
#5496 = LINE ( 'NONE', #11753, #11475 ) ;
#5497 = FACE_OUTER_BOUND ( 'NONE', #6327, .T. ) ;
#5498 = CARTESIAN_POINT ( 'NONE',  ( 12.12448876245000129, 0.01020000000000000073, -11.30000000000000071 ) ) ;
#5499 = VERTEX_POINT ( 'NONE', #10375 ) ;
#5500 = EDGE_CURVE ( 'NONE', #3045, #701, #9610, .T. ) ;
#5501 = VERTEX_POINT ( 'NONE', #8713 ) ;
#5502 = EDGE_CURVE ( 'NONE', #3844, #2047, #7823, .T. ) ;
#5503 = AXIS2_PLACEMENT_3D ( 'NONE', #11439, #7918, #11552 ) ;
#5504 = ORIENTED_EDGE ( 'NONE', *, *, #2503, .T. ) ;
#5505 = DIRECTION ( 'NONE',  ( -0.0000000000000000000, -1.000000000000000000, -0.0000000000000000000 ) ) ;
#5506 = CARTESIAN_POINT ( 'NONE',  ( 11.30000000000000249, 0.009999999999999998473, -1.129377263005733721E-18 ) ) ;
#5507 = CARTESIAN_POINT ( 'NONE',  ( 5.054166936874787019, 2.394999999999999574, -7.582978731394018901 ) ) ;
#5508 = ORIENTED_EDGE ( 'NONE', *, *, #8410, .F. ) ;
#5509 = AXIS2_PLACEMENT_3D ( 'NONE', #6117, #6949, #9575 ) ;
#5510 = ORIENTED_EDGE ( 'NONE', *, *, #9918, .F. ) ;
#5511 = CARTESIAN_POINT ( 'NONE',  ( 5.400000000000000355, 0.009999999999974222217, 1.756407519426630582E-16 ) ) ;
#5512 = DIRECTION ( 'NONE',  ( 0.0000000000000000000, 0.0000000000000000000, 1.000000000000000000 ) ) ;
#5513 = VECTOR ( 'NONE', #4472, 1000.000000000000000 ) ;
#5514 = EDGE_CURVE ( 'NONE', #11081, #135, #7877, .T. ) ;
#5515 = ADVANCED_FACE ( 'NONE', ( #4141 ), #6035, .F. ) ;
#5516 = DIRECTION ( 'NONE',  ( -0.0000000000000000000, -1.000000000000000000, -0.0000000000000000000 ) ) ;
#5517 = ORIENTED_EDGE ( 'NONE', *, *, #3330, .F. ) ;
#5518 = PLANE ( 'NONE',  #4343 ) ;
#5519 = UNCERTAINTY_MEASURE_WITH_UNIT (LENGTH_MEASURE( 1.000000000000000082E-05 ), #1078, 'distance_accuracy_value', 'NONE');
#5520 = AXIS2_PLACEMENT_3D ( 'NONE', #8606, #1349, #5927 ) ;
#5521 = CARTESIAN_POINT ( 'NONE',  ( 5.000000000000189182, -5.293955920339377119E-20, -11.29999999999937899 ) ) ;
#5522 = LINE ( 'NONE', #998, #3257 ) ;
#5523 = CIRCLE ( 'NONE', #7803, 0.2500000000000002220 ) ;
#5524 = DIRECTION ( 'NONE',  ( -0.9689177089683018718, 0.0000000000000000000, -0.2473832517524520158 ) ) ;
#5525 = ORIENTED_EDGE ( 'NONE', *, *, #6436, .T. ) ;
#5526 = AXIS2_PLACEMENT_3D ( 'NONE', #4820, #11255, #296 ) ;
#5527 = CARTESIAN_POINT ( 'NONE',  ( 4.299999999999999822, 0.8200000000000300382, 0.0000000000000000000 ) ) ;
#5528 = VECTOR ( 'NONE', #11686, 1000.000000000000000 ) ;
#5529 = CARTESIAN_POINT ( 'NONE',  ( 4.299999999999999822, 0.009999999999974222217, 1.756407519426636498E-16 ) ) ;
#5530 = DIRECTION ( 'NONE',  ( 0.6996255164454491249, 0.0000000000000000000, 0.7145097177354823303 ) ) ;
#5531 = VECTOR ( 'NONE', #3451, 1000.000000000000000 ) ;
#5532 = DIRECTION ( 'NONE',  ( 1.000000000000000000, 0.0000000000000000000, -0.0000000000000000000 ) ) ;
#5533 = EDGE_LOOP ( 'NONE', ( #9370, #7970, #2165, #6449 ) ) ;
#5534 = VERTEX_POINT ( 'NONE', #1516 ) ;
#5535 = CARTESIAN_POINT ( 'NONE',  ( 13.04583336711097097, 2.399999999999999911, -7.642553192378897187 ) ) ;
#5536 = CIRCLE ( 'NONE', #4023, 0.2500000000000002220 ) ;
#5537 = COLOUR_RGB ( '',0.9803921568627450567, 0.6274509803921568540, 0.0000000000000000000 ) ;
#5538 = CARTESIAN_POINT ( 'NONE',  ( 8.379166602789851481, 2.399999999999999911, -6.689361692389593550 ) ) ;
#5539 = PRESENTATION_LAYER_ASSIGNMENT (  '', '', ( #972 ) ) ;
#5540 = DIRECTION ( 'NONE',  ( -0.0000000000000000000, -1.000000000000000000, -0.0000000000000000000 ) ) ;
#5541 = AXIS2_PLACEMENT_3D ( 'NONE', #8837, #673, #7702 ) ;
#5542 = ORIENTED_EDGE ( 'NONE', *, *, #1805, .T. ) ;
#5543 = PRESENTATION_STYLE_ASSIGNMENT (( #4524 ) ) ;
#5544 = DIRECTION ( 'NONE',  ( 1.000000000000000000, 0.0000000000000000000, 0.0000000000000000000 ) ) ;
#5545 = LINE ( 'NONE', #10786, #11431 ) ;
#5546 = ADVANCED_FACE ( 'NONE', ( #438 ), #3371, .T. ) ;
#5547 =( LENGTH_UNIT ( ) NAMED_UNIT ( * ) SI_UNIT ( .MILLI., .METRE. ) );
#5548 = DIRECTION ( 'NONE',  ( -0.0000000000000000000, -1.000000000000000000, -0.0000000000000000000 ) ) ;
#5549 = ORIENTED_EDGE ( 'NONE', *, *, #9357, .T. ) ;
#5550 = ORIENTED_EDGE ( 'NONE', *, *, #3467, .F. ) ;
#5551 = SURFACE_STYLE_FILL_AREA ( #11650 ) ;
#5552 =( NAMED_UNIT ( * ) SI_UNIT ( $, .STERADIAN. ) SOLID_ANGLE_UNIT ( ) );
#5553 = AXIS2_PLACEMENT_3D ( 'NONE', #8756, #6020, #4354 ) ;
#5554 = CARTESIAN_POINT ( 'NONE',  ( 15.24999999999999467, 2.399999999999999911, -11.49999999999982592 ) ) ;
#5555 = PLANE ( 'NONE',  #10871 ) ;
#5556 = EDGE_CURVE ( 'NONE', #152, #5386, #6250, .T. ) ;
#5557 = ORIENTED_EDGE ( 'NONE', *, *, #4166, .F. ) ;
#5558 = CARTESIAN_POINT ( 'NONE',  ( 6.750000000000000888, 0.4100000000000150191, -12.19999999999999929 ) ) ;
#5559 = ORIENTED_EDGE ( 'NONE', *, *, #3931, .T. ) ;
#5560 = SURFACE_SIDE_STYLE ('',( #8473 ) ) ;
#5561 = EDGE_CURVE ( 'NONE', #9779, #3438, #5025, .T. ) ;
#5562 = PLANE ( 'NONE',  #2923 ) ;
#5563 = EDGE_CURVE ( 'NONE', #10662, #7450, #1012, .T. ) ;
#5564 = DIRECTION ( 'NONE',  ( 0.0000000000000000000, 0.0000000000000000000, -1.000000000000000000 ) ) ;
#5565 = EDGE_LOOP ( 'NONE', ( #4545, #1638, #4991, #8421 ) ) ;
#5566 = ORIENTED_EDGE ( 'NONE', *, *, #4192, .F. ) ;
#5567 = VERTEX_POINT ( 'NONE', #7200 ) ;
#5568 = CIRCLE ( 'NONE', #7081, 0.2500000000000000000 ) ;
#5569 = VECTOR ( 'NONE', #1209, 1000.000000000000000 ) ;
#5570 = LINE ( 'NONE', #9191, #8688 ) ;
#5571 = DIRECTION ( 'NONE',  ( -0.0000000000000000000, 1.000000000000000000, -0.0000000000000000000 ) ) ;
#5572 = EDGE_CURVE ( 'NONE', #11398, #10046, #4000, .T. ) ;
#5573 = ORIENTED_EDGE ( 'NONE', *, *, #10527, .F. ) ;
#5574 = LINE ( 'NONE', #151, #9027 ) ;
#5575 = ORIENTED_EDGE ( 'NONE', *, *, #7202, .T. ) ;
#5576 = PLANE ( 'NONE',  #7843 ) ;
#5577 = EDGE_CURVE ( 'NONE', #2472, #10570, #7213, .T. ) ;
#5578 = AXIS2_PLACEMENT_3D ( 'NONE', #8008, #10918, #10804 ) ;
#5579 = CARTESIAN_POINT ( 'NONE',  ( 8.320833492278786991, 2.389999999999999680, -7.821276596188404540 ) ) ;
#5580 = VERTEX_POINT ( 'NONE', #11731 ) ;
#5581 = FACE_OUTER_BOUND ( 'NONE', #6569, .T. ) ;
#5582 = DIRECTION ( 'NONE',  ( 0.0000000000000000000, 0.0000000000000000000, -1.000000000000000000 ) ) ;
#5583 = DIRECTION ( 'NONE',  ( -1.000000000000000000, 0.0000000000000000000, 0.0000000000000000000 ) ) ;
#5584 = EDGE_CURVE ( 'NONE', #146, #958, #5423, .T. ) ;
#5585 = AXIS2_PLACEMENT_3D ( 'NONE', #2687, #1790, #5413 ) ;
#5586 = DIRECTION ( 'NONE',  ( -0.6506286119000210810, 0.0000000000000000000, -0.7593960820132349410 ) ) ;
#5587 = ORIENTED_EDGE ( 'NONE', *, *, #9263, .T. ) ;
#5588 = SURFACE_STYLE_FILL_AREA ( #10166 ) ;
#5589 = DIRECTION ( 'NONE',  ( -0.0000000000000000000, 1.000000000000000000, -2.168404344971006896E-16 ) ) ;
#5590 = DIRECTION ( 'NONE',  ( -0.0000000000000000000, -1.000000000000000000, -0.0000000000000000000 ) ) ;
#5591 = VECTOR ( 'NONE', #721, 1000.000000000000000 ) ;
#5592 = LINE ( 'NONE', #9216, #3582 ) ;
#5593 = VERTEX_POINT ( 'NONE', #11008 ) ;
#5594 = ORIENTED_EDGE ( 'NONE', *, *, #11612, .T. ) ;
#5595 = DIRECTION ( 'NONE',  ( -0.0000000000000000000, -0.0000000000000000000, 1.000000000000000000 ) ) ;
#5596 = CARTESIAN_POINT ( 'NONE',  ( 12.09999999999999964, 0.01020000000000000073, -12.22448876245000093 ) ) ;
#5597 = ADVANCED_FACE ( 'NONE', ( #10059 ), #7369, .F. ) ;
#5598 = COLOUR_RGB ( '',0.8313725490196077761, 0.8509803921568627194, 0.8313725490196077761 ) ;
#5599 = ORIENTED_EDGE ( 'NONE', *, *, #2795, .F. ) ;
#5600 = PLANE ( 'NONE',  #4305 ) ;
#5601 = DIRECTION ( 'NONE',  ( 0.0000000000000000000, 1.000000000000000000, 0.0000000000000000000 ) ) ;
#5602 = ORIENTED_EDGE ( 'NONE', *, *, #6056, .F. ) ;
#5603 = ORIENTED_EDGE ( 'NONE', *, *, #7962, .T. ) ;
#5604 =( LENGTH_UNIT ( ) NAMED_UNIT ( * ) SI_UNIT ( .MILLI., .METRE. ) );
#5605 = VECTOR ( 'NONE', #226, 1000.000000000000000 ) ;
#5607 =( GEOMETRIC_REPRESENTATION_CONTEXT ( 3 ) GLOBAL_UNCERTAINTY_ASSIGNED_CONTEXT ( ( #1114 ) ) GLOBAL_UNIT_ASSIGNED_CONTEXT ( ( #2192, #1299, #7602 ) ) REPRESENTATION_CONTEXT ( 'NONE', 'WORKASPACE' ) );
#5606 =( NAMED_UNIT ( * ) PLANE_ANGLE_UNIT ( ) SI_UNIT ( $, .RADIAN. ) );
#5608 = CARTESIAN_POINT ( 'NONE',  ( 15.24999999999954525, 2.149999999999999911, -0.6500000000000001332 ) ) ;
#5609 = EDGE_CURVE ( 'NONE', #5737, #4319, #10119, .T. ) ;
#5610 = CARTESIAN_POINT ( 'NONE',  ( 8.821344729831999132, 2.389799999999999702, -7.702127653359999826 ) ) ;
#5611 = ORIENTED_EDGE ( 'NONE', *, *, #6518, .T. ) ;
#5612 = CARTESIAN_POINT ( 'NONE',  ( 6.900000000000002132, 0.009999999999999996739, -12.20000000000166196 ) ) ;
#5613 = AXIS2_PLACEMENT_3D ( 'NONE', #4187, #7928, #2524 ) ;
#5614 = VERTEX_POINT ( 'NONE', #9888 ) ;
#5615 = STYLED_ITEM ( 'NONE', ( #4318 ), #838 ) ;
#5616 = LINE ( 'NONE', #2102, #6737 ) ;
#5617 = CARTESIAN_POINT ( 'NONE',  ( 6.337500047683697346, 2.394999999999999574, -6.510638308525086515 ) ) ;
#5618 = DIRECTION ( 'NONE',  ( 0.0000000000000000000, -1.000000000000000000, 0.0000000000000000000 ) ) ;
#5619 = ORIENTED_EDGE ( 'NONE', *, *, #9195, .T. ) ;
#5620 = VERTEX_POINT ( 'NONE', #5538 ) ;
#5621 = VERTEX_POINT ( 'NONE', #9049 ) ;
#5622 = EDGE_CURVE ( 'NONE', #2157, #896, #9159, .T. ) ;
#5623 = DIRECTION ( 'NONE',  ( 0.5466225028260337515, 0.0000000000000000000, 0.8373791491338931081 ) ) ;
#5624 = EDGE_CURVE ( 'NONE', #10975, #2506, #121, .T. ) ;
#5625 = CARTESIAN_POINT ( 'NONE',  ( 15.25000000000000000, 2.399999999999999911, -0.4330000000000000515 ) ) ;
#5626 = ADVANCED_FACE ( 'NONE', ( #3768 ), #8993, .F. ) ;
#5627 = DIRECTION ( 'NONE',  ( -0.8373787017225954310, 0.0000000000000000000, 0.5466231882214479532 ) ) ;
#5628 = EDGE_LOOP ( 'NONE', ( #10336, #5316, #5685, #7207, #10486, #7909 ) ) ;
#5629 = ORIENTED_EDGE ( 'NONE', *, *, #3100, .F. ) ;
#5630 = DIRECTION ( 'NONE',  ( 0.0000000000000000000, 0.0000000000000000000, -1.000000000000000000 ) ) ;
#5631 = CARTESIAN_POINT ( 'NONE',  ( 13.50000000000000000, 0.009999999999999998473, -11.75000000000000178 ) ) ;
#5632 = CARTESIAN_POINT ( 'NONE',  ( 15.24999999999977263, 2.400000000000000355, -0.6500000000000043521 ) ) ;
#5633 = VERTEX_POINT ( 'NONE', #3590 ) ;
#5634 = EDGE_CURVE ( 'NONE', #4413, #10837, #1075, .T. ) ;
#5635 = DIRECTION ( 'NONE',  ( 0.0000000000000000000, -4.336808689941984209E-16, -1.000000000000000000 ) ) ;
#5636 = CARTESIAN_POINT ( 'NONE',  ( 7.849999999999999645, 0.009999999999987104274, -12.19999999999999929 ) ) ;
#5637 = MECHANICAL_DESIGN_GEOMETRIC_PRESENTATION_REPRESENTATION (  '', ( #1466 ), #8114 ) ;
#5638 = EDGE_CURVE ( 'NONE', #7404, #7402, #9116, .T. ) ;
#5639 = DIRECTION ( 'NONE',  ( -1.000000000000000000, 0.0000000000000000000, 0.0000000000000000000 ) ) ;
#5640 = ORIENTED_EDGE ( 'NONE', *, *, #1851, .T. ) ;
#5641 = DIRECTION ( 'NONE',  ( 0.0000000000000000000, -1.000000000000000000, 2.168404344971006649E-16 ) ) ;
#5642 = LINE ( 'NONE', #6473, #5984 ) ;
#5643 = PLANE ( 'NONE',  #11595 ) ;
#5644 = EDGE_CURVE ( 'NONE', #11340, #5075, #11069, .T. ) ;
#5645 = CARTESIAN_POINT ( 'NONE',  ( 12.17083340883630704, 2.394999999999999574, -7.582978731393493987 ) ) ;
#5646 = ORIENTED_EDGE ( 'NONE', *, *, #10411, .F. ) ;
#5647 = EDGE_CURVE ( 'NONE', #1678, #3795, #8100, .T. ) ;
#5648 = ORIENTED_EDGE ( 'NONE', *, *, #6215, .F. ) ;
#5649 = VECTOR ( 'NONE', #4388, 1000.000000000000000 ) ;
#5650 = FACE_OUTER_BOUND ( 'NONE', #277, .T. ) ;
#5651 = DIRECTION ( 'NONE',  ( -1.000000000000000000, 0.0000000000000000000, 0.0000000000000000000 ) ) ;
#5652 = ORIENTED_EDGE ( 'NONE', *, *, #4474, .F. ) ;
#5653 = FILL_AREA_STYLE_COLOUR ( '', #6006 ) ;
#5654 = VECTOR ( 'NONE', #10720, 1000.000000000000000 ) ;
#5655 = SURFACE_STYLE_USAGE ( .BOTH. , #11138 ) ;
#5656 = DIRECTION ( 'NONE',  ( -1.000000000000000000, -0.0000000000000000000, -0.0000000000000000000 ) ) ;
#5657 = ORIENTED_EDGE ( 'NONE', *, *, #6716, .T. ) ;
#5658 = EDGE_LOOP ( 'NONE', ( #3212, #6319, #6588, #2062 ) ) ;
#5659 = CARTESIAN_POINT ( 'NONE',  ( 3.900000000000231726, 0.009999999999999998473, -0.9000000000000001332 ) ) ;
#5660 = ORIENTED_EDGE ( 'NONE', *, *, #3598, .F. ) ;
#5661 = EDGE_CURVE ( 'NONE', #10547, #1975, #888, .T. ) ;
#5662 = CARTESIAN_POINT ( 'NONE',  ( 5.824488762446998535, 0.01020000000000000073, -11.30000000000000071 ) ) ;
#5663 = DIRECTION ( 'NONE',  ( -0.0000000000000000000, 1.000000000000000000, -0.0000000000000000000 ) ) ;
#5664 = COLOUR_RGB ( '',0.8313725490196077761, 0.8509803921568627194, 0.8313725490196077761 ) ;
#5665 = MECHANICAL_DESIGN_GEOMETRIC_PRESENTATION_REPRESENTATION (  '', ( #6802 ), #7949 ) ;
#5666 = CARTESIAN_POINT ( 'NONE',  ( 9.604166603088183152, 2.389999999999999680, -8.000000000000000000 ) ) ;
#5667 = EDGE_LOOP ( 'NONE', ( #10872, #7041, #4429, #1387 ) ) ;
#5668 =( LENGTH_UNIT ( ) NAMED_UNIT ( * ) SI_UNIT ( .MILLI., .METRE. ) );
#5669 = DIRECTION ( 'NONE',  ( 0.0000000000000000000, 0.0000000000000000000, -1.000000000000000000 ) ) ;
#5670 = ORIENTED_EDGE ( 'NONE', *, *, #169, .F. ) ;
#5671 = DIRECTION ( 'NONE',  ( 1.000000000000000000, 0.0000000000000000000, 0.0000000000000000000 ) ) ;
#5672 = CARTESIAN_POINT ( 'NONE',  ( 8.000000000000000000, 0.8199999999999999512, -12.19999999999999929 ) ) ;
#5673 = CARTESIAN_POINT ( 'NONE',  ( 6.279166603088500054, 2.399999999999999911, -6.451063847541997909 ) ) ;
#5674 = LINE ( 'NONE', #10142, #4167 ) ;
#5675 = ORIENTED_EDGE ( 'NONE', *, *, #11100, .F. ) ;
#5676 = ORIENTED_EDGE ( 'NONE', *, *, #7227, .T. ) ;
#5677 = ORIENTED_EDGE ( 'NONE', *, *, #5264, .T. ) ;
#5678 = AXIS2_PLACEMENT_3D ( 'NONE', #2721, #911, #5909 ) ;
#5679 = CARTESIAN_POINT ( 'NONE',  ( 6.804166936874112892, 2.389999999999999680, -7.165957462787662102 ) ) ;
#5680 = CARTESIAN_POINT ( 'NONE',  ( 15.00000000000000000, 0.8200000000000299272, -0.2499999999999993616 ) ) ;
#5681 = DIRECTION ( 'NONE',  ( -0.5466221810869305031, 0.0000000000000000000, 0.8373793591579428153 ) ) ;
#5682 = VECTOR ( 'NONE', #9048, 1000.000000000000000 ) ;
#5683 = ORIENTED_EDGE ( 'NONE', *, *, #9475, .F. ) ;
#5684 = SURFACE_STYLE_FILL_AREA ( #7530 ) ;
#5685 = ORIENTED_EDGE ( 'NONE', *, *, #11308, .T. ) ;
#5686 = CYLINDRICAL_SURFACE ( 'NONE', #2944, 0.2499999999999997780 ) ;
#5687 = DIRECTION ( 'NONE',  ( -9.403954806578308822E-32, -1.000000000000000000, 2.168404344971010101E-16 ) ) ;
#5688 = AXIS2_PLACEMENT_3D ( 'NONE', #10490, #9603, #6795 ) ;
#5689 = ADVANCED_FACE ( 'NONE', ( #10002 ), #11785, .F. ) ;
#5690 = SURFACE_STYLE_FILL_AREA ( #1287 ) ;
#5691 = VERTEX_POINT ( 'NONE', #2981 ) ;
#5692 = FILL_AREA_STYLE_COLOUR ( '', #8333 ) ;
#5693 = CARTESIAN_POINT ( 'NONE',  ( 6.745833158492823500, 2.389999999999999680, -6.689361691475014027 ) ) ;
#5694 = AXIS2_PLACEMENT_3D ( 'NONE', #287, #8565, #2017 ) ;
#5695 = VECTOR ( 'NONE', #4695, 1000.000000000000000 ) ;
#5696 = DIRECTION ( 'NONE',  ( -0.0000000000000000000, -1.000000000000000000, -0.0000000000000000000 ) ) ;
#5697 = EDGE_CURVE ( 'NONE', #11221, #1165, #3879, .T. ) ;
#5698 = VERTEX_POINT ( 'NONE', #10228 ) ;
#5699 = EDGE_CURVE ( 'NONE', #11330, #7153, #3995, .T. ) ;
#5700 = STYLED_ITEM ( 'NONE', ( #7963 ), #9992 ) ;
#5701 = EDGE_CURVE ( 'NONE', #9156, #3126, #5768, .T. ) ;
#5702 = DIRECTION ( 'NONE',  ( -0.0000000000000000000, 1.000000000000000000, -2.168404344970999747E-16 ) ) ;
#5703 = ORIENTED_EDGE ( 'NONE', *, *, #7216, .F. ) ;
#5704 = ORIENTED_EDGE ( 'NONE', *, *, #6882, .T. ) ;
#5705 = VECTOR ( 'NONE', #9522, 1000.000000000000000 ) ;
#5706 = CARTESIAN_POINT ( 'NONE',  ( 6.315690217775999038, 2.389799999999999702, -6.142054630773999158 ) ) ;
#5707 = AXIS2_PLACEMENT_3D ( 'NONE', #6875, #8790, #625 ) ;
#5708 = EDGE_CURVE ( 'NONE', #8013, #7153, #461, .T. ) ;
#5709 = DIRECTION ( 'NONE',  ( 0.0000000000000000000, -1.000000000000000000, 2.168404344970999747E-16 ) ) ;
#5710 = VECTOR ( 'NONE', #6072, 999.9999999999998863 ) ;
#5711 =( NAMED_UNIT ( * ) PLANE_ANGLE_UNIT ( ) SI_UNIT ( $, .RADIAN. ) );
#5712 = VECTOR ( 'NONE', #9386, 1000.000000000000000 ) ;
#5713 = CARTESIAN_POINT ( 'NONE',  ( 8.000000000000000000, 0.8199999999999999512, 0.0000000000000000000 ) ) ;
#5714 = FACE_OUTER_BOUND ( 'NONE', #6676, .T. ) ;
#5715 = ORIENTED_EDGE ( 'NONE', *, *, #7430, .F. ) ;
#5716 = DIRECTION ( 'NONE',  ( -0.0000000000000000000, 1.000000000000000000, -0.0000000000000000000 ) ) ;
#5717 = ORIENTED_EDGE ( 'NONE', *, *, #6215, .T. ) ;
#5718 = VECTOR ( 'NONE', #1135, 1000.000000000000000 ) ;
#5719 = CARTESIAN_POINT ( 'NONE',  ( 0.5749049891252629996, 2.275005603686854894, -0.7773394526989207964 ) ) ;
#5720 = AXIS2_PLACEMENT_3D ( 'NONE', #8725, #11414, #7893 ) ;
#5721 = CARTESIAN_POINT ( 'NONE',  ( 6.100000000000230571, 0.009999999999999998473, -0.9000000000000001332 ) ) ;
#5722 = VECTOR ( 'NONE', #1792, 1000.000000000000000 ) ;
#5723 = VECTOR ( 'NONE', #8427, 1000.000000000000000 ) ;
#5724 = DIRECTION ( 'NONE',  ( 0.0000000000000000000, 0.0000000000000000000, -1.000000000000000000 ) ) ;
#5725 = VECTOR ( 'NONE', #2113, 1000.000000000000000 ) ;
#5726 = ADVANCED_FACE ( 'NONE', ( #8449 ), #8626, .F. ) ;
#5727 = ORIENTED_EDGE ( 'NONE', *, *, #810, .T. ) ;
#5728 = FACE_OUTER_BOUND ( 'NONE', #3953, .T. ) ;
#5729 = CARTESIAN_POINT ( 'NONE',  ( 15.42606896243277070, 2.095730423625304706, -11.69807548001105246 ) ) ;
#5730 = EDGE_CURVE ( 'NONE', #95, #10005, #9281, .T. ) ;
#5731 = VERTEX_POINT ( 'NONE', #2200 ) ;
#5732 = LINE ( 'NONE', #3845, #3138 ) ;
#5733 = CARTESIAN_POINT ( 'NONE',  ( 12.60289428188000116, 2.389799999999999702, -8.006058110702999997 ) ) ;
#5734 = CARTESIAN_POINT ( 'NONE',  ( 8.495833492278650922, 2.394999999999999574, -7.940425533801576563 ) ) ;
#5735 = CYLINDRICAL_SURFACE ( 'NONE', #8154, 0.2500000000000019429 ) ;
#5736 = VECTOR ( 'NONE', #197, 1000.000000000000114 ) ;
#5737 = VERTEX_POINT ( 'NONE', #5826 ) ;
#5738 = ORIENTED_EDGE ( 'NONE', *, *, #7659, .T. ) ;
#5739 = ORIENTED_EDGE ( 'NONE', *, *, #9691, .F. ) ;
#5740 = CARTESIAN_POINT ( 'NONE',  ( 2.500000000000000000, 0.009999999999999998473, -0.9000000000000200062 ) ) ;
#5741 = DIRECTION ( 'NONE',  ( -0.0000000000000000000, 1.000000000000000000, -0.0000000000000000000 ) ) ;
#5742 = CARTESIAN_POINT ( 'NONE',  ( 6.750000000000000888, 0.4100000000000150191, 0.0000000000000000000 ) ) ;
#5743 = CARTESIAN_POINT ( 'NONE',  ( 8.000000000000000000, 0.8199999999999999512, 0.0000000000000000000 ) ) ;
#5744 = AXIS2_PLACEMENT_3D ( 'NONE', #6786, #7627, #5962 ) ;
#5745 = ORIENTED_EDGE ( 'NONE', *, *, #8970, .F. ) ;
#5746 = FILL_AREA_STYLE ('',( #11222 ) ) ;
#5747 = VERTEX_POINT ( 'NONE', #2023 ) ;
#5748 =( LENGTH_UNIT ( ) NAMED_UNIT ( * ) SI_UNIT ( .MILLI., .METRE. ) );
#5749 = DIRECTION ( 'NONE',  ( -0.0000000000000000000, 1.000000000000000000, -0.0000000000000000000 ) ) ;
#5750 = DIRECTION ( 'NONE',  ( -1.000000000000000000, -0.0000000000000000000, -0.0000000000000000000 ) ) ;
#5751 = VECTOR ( 'NONE', #4266, 1000.000000000000000 ) ;
#5752 = VERTEX_POINT ( 'NONE', #411 ) ;
#5753 = UNCERTAINTY_MEASURE_WITH_UNIT (LENGTH_MEASURE( 1.000000000000000082E-05 ), #5454, 'distance_accuracy_value', 'NONE');
#5754 = DIRECTION ( 'NONE',  ( 0.0000000000000000000, 0.0000000000000000000, 1.000000000000000000 ) ) ;
#5755 = DIRECTION ( 'NONE',  ( 0.0000000000000000000, 1.000000000000000000, 0.0000000000000000000 ) ) ;
#5756 = EDGE_CURVE ( 'NONE', #10671, #11502, #9398, .T. ) ;
#5757 = CARTESIAN_POINT ( 'NONE',  ( 9.079166603088291154, 2.389999999999999680, -6.093617081642000777 ) ) ;
#5758 = ORIENTED_EDGE ( 'NONE', *, *, #11587, .T. ) ;
#5759 = DIRECTION ( 'NONE',  ( 0.5466225028260337515, 0.0000000000000000000, 0.8373791491338931081 ) ) ;
#5760 = CARTESIAN_POINT ( 'NONE',  ( 3.479166936873745009, 2.394999999999999574, -7.225531923770958542 ) ) ;
#5761 = CARTESIAN_POINT ( 'NONE',  ( 5.229166936874054095, 2.399999999999999911, -6.927659535408079883 ) ) ;
#5762 = DIRECTION ( 'NONE',  ( 0.0000000000000000000, 0.0000000000000000000, 1.000000000000000000 ) ) ;
#5763 = CARTESIAN_POINT ( 'NONE',  ( 3.200000000000000622, 0.009999999999999998473, -11.30000000000000249 ) ) ;
#5764 = ORIENTED_EDGE ( 'NONE', *, *, #1518, .T. ) ;
#5765 = MECHANICAL_DESIGN_GEOMETRIC_PRESENTATION_REPRESENTATION (  '', ( #257 ), #8615 ) ;
#5766 = ADVANCED_FACE ( 'NONE', ( #5650 ), #3155, .F. ) ;
#5767 = CARTESIAN_POINT ( 'NONE',  ( 14.14999999999999858, 0.4100000000000150191, 0.0000000000000000000 ) ) ;
#5768 = LINE ( 'NONE', #1186, #6276 ) ;
#5769 = EDGE_CURVE ( 'NONE', #7873, #5466, #10397, .T. ) ;
#5770 = EDGE_CURVE ( 'NONE', #9156, #123, #11227, .T. ) ;
#5771 = CARTESIAN_POINT ( 'NONE',  ( 5.400000000000000355, 0.009999999999974222217, -12.19999999999999929 ) ) ;
#5772 = LINE ( 'NONE', #2146, #7122 ) ;
#5773 = MECHANICAL_DESIGN_GEOMETRIC_PRESENTATION_REPRESENTATION (  '', ( #10529 ), #3700 ) ;
#5774 = CARTESIAN_POINT ( 'NONE',  ( 0.6993200764036489048, 2.431183994329429776, -11.44557216271856070 ) ) ;
#5775 = DIRECTION ( 'NONE',  ( 1.000000000000000000, 0.0000000000000000000, 0.0000000000000000000 ) ) ;
#5776 = CARTESIAN_POINT ( 'NONE',  ( 2.100000000000000089, 0.8200000000000300382, 0.0000000000000000000 ) ) ;
#5777 = EDGE_LOOP ( 'NONE', ( #6446, #1824, #5384, #8537 ) ) ;
#5778 = DIRECTION ( 'NONE',  ( -0.0000000000000000000, 1.000000000000000000, -0.0000000000000000000 ) ) ;
#5779 = ORIENTED_EDGE ( 'NONE', *, *, #10358, .T. ) ;
#5780 = EDGE_CURVE ( 'NONE', #2575, #2000, #4873, .T. ) ;
#5781 =( NAMED_UNIT ( * ) SI_UNIT ( $, .STERADIAN. ) SOLID_ANGLE_UNIT ( ) );
#5782 = VECTOR ( 'NONE', #2058, 1000.000000000000000 ) ;
#5783 = PRESENTATION_LAYER_ASSIGNMENT (  '', '', ( #4481 ) ) ;
#5784 = DIRECTION ( 'NONE',  ( 0.4547774891339759762, 0.0000000000000000000, -0.8906050950769349717 ) ) ;
#5785 = ADVANCED_FACE ( 'NONE', ( #1130 ), #7492, .F. ) ;
#5786 = ORIENTED_EDGE ( 'NONE', *, *, #9051, .F. ) ;
#5787 = DIRECTION ( 'NONE',  ( 0.0000000000000000000, 0.0000000000000000000, -1.000000000000000000 ) ) ;
#5788 = DIRECTION ( 'NONE',  ( 1.000000000000000000, 0.0000000000000000000, -0.0000000000000000000 ) ) ;
#5789 = VERTEX_POINT ( 'NONE', #11369 ) ;
#5790 = CARTESIAN_POINT ( 'NONE',  ( 7.599999999999998757, 0.8200000000000300382, 1.174813817212862872E-45 ) ) ;
#5791 = CARTESIAN_POINT ( 'NONE',  ( 3.899999999999999911, 0.01020000000000000073, 0.02448876244737000288 ) ) ;
#5792 = AXIS2_PLACEMENT_3D ( 'NONE', #6752, #7708, #3318 ) ;
#5793 = CARTESIAN_POINT ( 'NONE',  ( 14.59999999999999964, 0.009999999999999998473, -1.129377263005733721E-18 ) ) ;
#5794 =( NAMED_UNIT ( * ) SI_UNIT ( $, .STERADIAN. ) SOLID_ANGLE_UNIT ( ) );
#5795 = AXIS2_PLACEMENT_3D ( 'NONE', #3760, #1842, #2797 ) ;
#5796 = EDGE_LOOP ( 'NONE', ( #10415, #3522, #4237, #4672 ) ) ;
#5797 = ORIENTED_EDGE ( 'NONE', *, *, #9510, .T. ) ;
#5798 = ORIENTED_EDGE ( 'NONE', *, *, #8049, .T. ) ;
#5799 = EDGE_CURVE ( 'NONE', #11179, #1430, #8390, .T. ) ;
#5800 = CARTESIAN_POINT ( 'NONE',  ( 3.479166936873868021, 2.399999999999999911, -7.225531923771106868 ) ) ;
#5801 = FACE_OUTER_BOUND ( 'NONE', #5433, .T. ) ;
#5802 = DIRECTION ( 'NONE',  ( 0.2377704967216935916, -0.0000000000000000000, -0.9713213633441400985 ) ) ;
#5803 = CARTESIAN_POINT ( 'NONE',  ( 10.36250004768000288, 2.389999999999999680, -6.838297885656499986 ) ) ;
#5804 = ORIENTED_EDGE ( 'NONE', *, *, #3786, .T. ) ;
#5805 = LINE ( 'NONE', #5919, #9983 ) ;
#5806 = ORIENTED_EDGE ( 'NONE', *, *, #5502, .F. ) ;
#5807 = DIRECTION ( 'NONE',  ( 0.0000000000000000000, -1.000000000000000000, 0.0000000000000000000 ) ) ;
#5808 = AXIS2_PLACEMENT_3D ( 'NONE', #3419, #1570, #5252 ) ;
#5809 = PLANE ( 'NONE',  #1 ) ;
#5810 = MECHANICAL_DESIGN_GEOMETRIC_PRESENTATION_REPRESENTATION (  '', ( #4481 ), #3707 ) ;
#5811 = ORIENTED_EDGE ( 'NONE', *, *, #9833, .T. ) ;
#5812 = SURFACE_STYLE_FILL_AREA ( #222 ) ;
#5813 = EDGE_CURVE ( 'NONE', #8420, #9096, #6891, .T. ) ;
#5814 = DIRECTION ( 'NONE',  ( 0.7145097177354783335, -0.0000000000000000000, 0.6996255164454532327 ) ) ;
#5815 = PLANE ( 'NONE',  #8949 ) ;
#5816 = AXIS2_PLACEMENT_3D ( 'NONE', #10399, #5886, #11073 ) ;
#5817 = DIRECTION ( 'NONE',  ( 0.0000000000000000000, 1.000000000000000000, 0.0000000000000000000 ) ) ;
#5818 = ORIENTED_EDGE ( 'NONE', *, *, #8446, .T. ) ;
#5819 = CARTESIAN_POINT ( 'NONE',  ( 5.537966071518000355, 2.389799999999999702, -6.373991878807999001 ) ) ;
#5820 = LINE ( 'NONE', #5214, #5204 ) ;
#5821 = CARTESIAN_POINT ( 'NONE',  ( 6.687500047683749393, 2.399999999999999911, -7.582978731393965610 ) ) ;
#5822 = DIRECTION ( 'NONE',  ( 0.0000000000000000000, 1.000000000000000000, 0.0000000000000000000 ) ) ;
#5823 = EDGE_LOOP ( 'NONE', ( #11774, #639, #11334, #708, #5779, #5431, #779, #10620 ) ) ;
#5824 = EDGE_CURVE ( 'NONE', #1365, #4887, #8806, .T. ) ;
#5825 = CARTESIAN_POINT ( 'NONE',  ( 8.000000000000000000, 0.0000000000000000000, -12.19999999999999929 ) ) ;
#5826 = CARTESIAN_POINT ( 'NONE',  ( 13.49999999999752376, 0.0000000000000000000, -0.9000000000000000222 ) ) ;
#5827 = DIRECTION ( 'NONE',  ( -1.000000000000000000, 0.0000000000000000000, 0.0000000000000000000 ) ) ;
#5828 = LINE ( 'NONE', #465, #86 ) ;
#5829 = CARTESIAN_POINT ( 'NONE',  ( 0.7523561596085168723, 2.149999999999999023, -11.74998889677723746 ) ) ;
#5830 = LINE ( 'NONE', #587, #6858 ) ;
#5831 = LINE ( 'NONE', #7733, #11004 ) ;
#5832 = EDGE_LOOP ( 'NONE', ( #2633, #11681, #7752, #10494 ) ) ;
#5833 = ORIENTED_EDGE ( 'NONE', *, *, #6138, .T. ) ;
#5834 = CARTESIAN_POINT ( 'NONE',  ( 11.70000000000000284, 0.009999999999999998473, -0.9000000000000001332 ) ) ;
#5835 = VERTEX_POINT ( 'NONE', #641 ) ;
#5836 = EDGE_CURVE ( 'NONE', #1288, #8041, #6285, .T. ) ;
#5837 = EDGE_CURVE ( 'NONE', #7395, #3222, #9761, .T. ) ;
#5838 = DIRECTION ( 'NONE',  ( 0.0000000000000000000, 1.000000000000000000, -2.102484852883892218E-12 ) ) ;
#5839 = DIRECTION ( 'NONE',  ( 0.0000000000000000000, -4.336808689941998508E-16, -1.000000000000000000 ) ) ;
#5840 = VERTEX_POINT ( 'NONE', #8922 ) ;
#5841 = CARTESIAN_POINT ( 'NONE',  ( 8.000000000000000000, 0.0000000000000000000, -11.30000000000000071 ) ) ;
#5842 = EDGE_LOOP ( 'NONE', ( #1403, #4310, #1207, #11500 ) ) ;
#5843 = DIRECTION ( 'NONE',  ( 0.9689176559525977117, 0.0000000000000000000, -0.2473834593971949991 ) ) ;
#5844 = EDGE_CURVE ( 'NONE', #10865, #3815, #9581, .T. ) ;
#5845 = CARTESIAN_POINT ( 'NONE',  ( 11.95000000000000284, 0.009999999999987104274, 2.792598419361491987E-30 ) ) ;
#5846 = CARTESIAN_POINT ( 'NONE',  ( 0.7500000000000000000, 2.399999999999999911, -0.4330000000000000515 ) ) ;
#5847 =( NAMED_UNIT ( * ) PLANE_ANGLE_UNIT ( ) SI_UNIT ( $, .RADIAN. ) );
#5848 = ORIENTED_EDGE ( 'NONE', *, *, #6990, .F. ) ;
#5849 = ORIENTED_EDGE ( 'NONE', *, *, #5071, .T. ) ;
#5850 = VECTOR ( 'NONE', #10892, 1000.000000000000000 ) ;
#5851 = ADVANCED_FACE ( 'NONE', ( #700 ), #6827, .F. ) ;
#5852 = ORIENTED_EDGE ( 'NONE', *, *, #7218, .T. ) ;
#5853 = CARTESIAN_POINT ( 'NONE',  ( 6.745833492278999088, 2.389999999999999680, -7.374468097090999485 ) ) ;
#5854 = VECTOR ( 'NONE', #11278, 1000.000000000000000 ) ;
#5855 = PLANE ( 'NONE',  #3766 ) ;
#5856 = LINE ( 'NONE', #5917, #8394 ) ;
#5857 = VERTEX_POINT ( 'NONE', #580 ) ;
#5858 = CARTESIAN_POINT ( 'NONE',  ( 6.900000000000000355, 0.01020000000000000073, -12.22448876245000093 ) ) ;
#5859 = VERTEX_POINT ( 'NONE', #2383 ) ;
#5860 = EDGE_CURVE ( 'NONE', #333, #9193, #10592, .T. ) ;
#5861 = DIRECTION ( 'NONE',  ( 0.0000000000000000000, -1.000000000000000000, 2.168404344970999747E-16 ) ) ;
#5862 = EDGE_CURVE ( 'NONE', #8581, #4385, #5523, .T. ) ;
#5863 = MECHANICAL_DESIGN_GEOMETRIC_PRESENTATION_REPRESENTATION (  '', ( #11575 ), #4164 ) ;
#5864 = FACE_OUTER_BOUND ( 'NONE', #3621, .T. ) ;
#5865 = VECTOR ( 'NONE', #9018, 1000.000000000000000 ) ;
#5866 = DIRECTION ( 'NONE',  ( 1.000000000000000000, 0.0000000000000000000, 0.0000000000000000000 ) ) ;
#5867 = ORIENTED_EDGE ( 'NONE', *, *, #8759, .T. ) ;
#5868 = DIRECTION ( 'NONE',  ( 1.000000000000000000, 0.0000000000000000000, 0.0000000000000000000 ) ) ;
#5869 = UNCERTAINTY_MEASURE_WITH_UNIT (LENGTH_MEASURE( 1.000000000000000082E-05 ), #380, 'distance_accuracy_value', 'NONE');
#5870 = PLANE ( 'NONE',  #10056 ) ;
#5871 = COLOUR_RGB ( '',0.0000000000000000000, 0.0000000000000000000, 0.0000000000000000000 ) ;
#5872 = FACE_OUTER_BOUND ( 'NONE', #6955, .T. ) ;
#5873 = CARTESIAN_POINT ( 'NONE',  ( 16.32000000000000028, -0.02448876244737000288, -12.19999999999999929 ) ) ;
#5874 = PRESENTATION_LAYER_ASSIGNMENT (  '', '', ( #2078 ) ) ;
#5875 = DIRECTION ( 'NONE',  ( -0.9689176403790238368, -0.0000000000000000000, -0.2473835203936279870 ) ) ;
#5876 = ADVANCED_FACE ( 'NONE', ( #1482 ), #5293, .F. ) ;
#5877 = CARTESIAN_POINT ( 'NONE',  ( 6.467553064469999669, 2.389799999999999702, -6.709868058149000447 ) ) ;
#5878 = LINE ( 'NONE', #10330, #7636 ) ;
#5879 = COLOUR_RGB ( '',0.9803921568627450567, 0.6274509803921568540, 0.0000000000000000000 ) ;
#5880 = DIRECTION ( 'NONE',  ( -0.0000000000000000000, -0.0000000000000000000, 1.000000000000000000 ) ) ;
#5881 = DIRECTION ( 'NONE',  ( 0.0000000000000000000, 1.000000000000000000, 0.0000000000000000000 ) ) ;
#5882 = DIRECTION ( 'NONE',  ( 0.0000000000000000000, 1.000000000000000000, 0.0000000000000000000 ) ) ;
#5883 = ORIENTED_EDGE ( 'NONE', *, *, #1269, .T. ) ;
#5884 = VECTOR ( 'NONE', #8034, 1000.000000000000000 ) ;
#5885 = ORIENTED_EDGE ( 'NONE', *, *, #2086, .T. ) ;
#5886 = DIRECTION ( 'NONE',  ( 0.0000000000000000000, -1.000000000000000000, 2.168404344971006649E-16 ) ) ;
#5887 = MECHANICAL_DESIGN_GEOMETRIC_PRESENTATION_REPRESENTATION (  '', ( #4552 ), #756 ) ;
#5888 = PLANE ( 'NONE',  #3722 ) ;
#5889 = DIRECTION ( 'NONE',  ( 0.0000000000000000000, 0.0000000000000000000, 1.000000000000000000 ) ) ;
#5890 = CARTESIAN_POINT ( 'NONE',  ( 5.054166936873966343, 2.399999999999999911, -6.510638308524988815 ) ) ;
#5891 = CARTESIAN_POINT ( 'NONE',  ( 6.716666603088500054, 2.389999999999999680, -6.600000000000000533 ) ) ;
#5892 = ORIENTED_EDGE ( 'NONE', *, *, #1649, .T. ) ;
#5893 = ORIENTED_EDGE ( 'NONE', *, *, #4182, .T. ) ;
#5894 = DIRECTION ( 'NONE',  ( 0.7145104464654906673, 0.0000000000000000000, -0.6996247722112798328 ) ) ;
#5895 = EDGE_LOOP ( 'NONE', ( #9647, #8635, #10225, #7686 ) ) ;
#5896 = DIRECTION ( 'NONE',  ( -1.000000000000000000, 0.0000000000000000000, 0.0000000000000000000 ) ) ;
#5897 = CARTESIAN_POINT ( 'NONE',  ( 0.7500000000002293721, 2.399999999999999911, -11.49999999999999645 ) ) ;
#5898 = VECTOR ( 'NONE', #1920, 1000.000000000000227 ) ;
#5899 = FACE_OUTER_BOUND ( 'NONE', #10842, .T. ) ;
#5900 = COLOUR_RGB ( '',0.9803921568627450567, 0.6274509803921568540, 0.0000000000000000000 ) ;
#5901 = ORIENTED_EDGE ( 'NONE', *, *, #6432, .F. ) ;
#5902 = DIRECTION ( 'NONE',  ( 1.000000000000000000, 0.0000000000000000000, 0.0000000000000000000 ) ) ;
#5903 = EDGE_CURVE ( 'NONE', #8447, #555, #10463, .T. ) ;
#5904 = EDGE_LOOP ( 'NONE', ( #4890, #11284, #7996, #8507 ) ) ;
#5905 = LINE ( 'NONE', #541, #4456 ) ;
#5906 = DIRECTION ( 'NONE',  ( -0.6996247722112797218, 0.0000000000000000000, -0.7145104464654906673 ) ) ;
#5907 =( GEOMETRIC_REPRESENTATION_CONTEXT ( 3 ) GLOBAL_UNCERTAINTY_ASSIGNED_CONTEXT ( ( #9444 ) ) GLOBAL_UNIT_ASSIGNED_CONTEXT ( ( #5479, #2810, #4702 ) ) REPRESENTATION_CONTEXT ( 'NONE', 'WORKASPACE' ) );
#5908 = CARTESIAN_POINT ( 'NONE',  ( 5.170833158494177795, 2.399999999999999911, -7.761702135207237063 ) ) ;
#5909 = DIRECTION ( 'NONE',  ( -1.000000000000000000, 0.0000000000000000000, 0.0000000000000000000 ) ) ;
#5910 = ORIENTED_EDGE ( 'NONE', *, *, #4625, .T. ) ;
#5911 = ORIENTED_EDGE ( 'NONE', *, *, #5824, .F. ) ;
#5912 = AXIS2_PLACEMENT_3D ( 'NONE', #3389, #3205, #11418 ) ;
#5913 = VERTEX_POINT ( 'NONE', #5109 ) ;
#5914 = CARTESIAN_POINT ( 'NONE',  ( 9.312500047683794691, 2.389999999999999680, -7.940425533801381164 ) ) ;
#5915 = EDGE_CURVE ( 'NONE', #4431, #10197, #7847, .T. ) ;
#5916 = DIRECTION ( 'NONE',  ( 0.8906053585725041133, 0.0000000000000000000, -0.4547769731219262201 ) ) ;
#5917 = CARTESIAN_POINT ( 'NONE',  ( 10.19999999999752127, 0.004999999999999999237, -0.9000000000000000222 ) ) ;
#5918 = ORIENTED_EDGE ( 'NONE', *, *, #915, .T. ) ;
#5919 = CARTESIAN_POINT ( 'NONE',  ( 11.00000000000000000, 0.004999999999999999237, -12.20000000000249507 ) ) ;
#5920 = EDGE_CURVE ( 'NONE', #8937, #3045, #7913, .T. ) ;
#5921 = VERTEX_POINT ( 'NONE', #6176 ) ;
#5922 = ADVANCED_FACE ( 'NONE', ( #11491 ), #9820, .F. ) ;
#5923 = VECTOR ( 'NONE', #8781, 1000.000000000000000 ) ;
#5924 = FILL_AREA_STYLE_COLOUR ( '', #2376 ) ;
#5925 = LINE ( 'NONE', #4148, #2530 ) ;
#5926 = DIRECTION ( 'NONE',  ( -1.000000000000000000, 0.0000000000000000000, 0.0000000000000000000 ) ) ;
#5927 = DIRECTION ( 'NONE',  ( 0.5466231882214457327, 0.0000000000000000000, -0.8373787017225969853 ) ) ;
#5928 = ORIENTED_EDGE ( 'NONE', *, *, #5756, .F. ) ;
#5929 =( LENGTH_UNIT ( ) NAMED_UNIT ( * ) SI_UNIT ( .MILLI., .METRE. ) );
#5930 = VECTOR ( 'NONE', #7981, 1000.000000000000000 ) ;
#5931 = EDGE_CURVE ( 'NONE', #3037, #1396, #9903, .T. ) ;
#5932 = DIRECTION ( 'NONE',  ( -0.6379967007135803891, 0.0000000000000000000, 0.7700390963312097048 ) ) ;
#5933 = DIRECTION ( 'NONE',  ( 0.9713213633441388772, 0.0000000000000000000, -0.2377704967216991983 ) ) ;
#5934 = DIRECTION ( 'NONE',  ( -0.0000000000000000000, -1.000000000000000000, -0.0000000000000000000 ) ) ;
#5935 = EDGE_CURVE ( 'NONE', #8665, #1509, #1609, .T. ) ;
#5936 = SURFACE_SIDE_STYLE ('',( #4160 ) ) ;
#5937 = DIRECTION ( 'NONE',  ( 0.0000000000000000000, 0.0000000000000000000, 1.000000000000000000 ) ) ;
#5938 = VECTOR ( 'NONE', #6212, 1000.000000000000000 ) ;
#5939 =( NAMED_UNIT ( * ) SI_UNIT ( $, .STERADIAN. ) SOLID_ANGLE_UNIT ( ) );
#5940 = DIRECTION ( 'NONE',  ( 0.4397141412696984886, 0.0000000000000000000, 0.8981377811713812109 ) ) ;
#5941 = EDGE_LOOP ( 'NONE', ( #6368, #3660, #5219, #7378 ) ) ;
#5942 = EDGE_CURVE ( 'NONE', #2361, #11240, #4403, .T. ) ;
#5943 = SURFACE_STYLE_USAGE ( .BOTH. , #640 ) ;
#5944 = VECTOR ( 'NONE', #1838, 1000.000000000000227 ) ;
#5945 = VECTOR ( 'NONE', #7228, 1000.000000000000000 ) ;
#5946 = CARTESIAN_POINT ( 'NONE',  ( 6.337500047683941595, 2.399999999999999911, -6.153191542625224386 ) ) ;
#5947 = MECHANICAL_DESIGN_GEOMETRIC_PRESENTATION_REPRESENTATION (  '', ( #1000 ), #3500 ) ;
#5948 = EDGE_LOOP ( 'NONE', ( #1523, #788, #5185, #11450 ) ) ;
#5949 = CARTESIAN_POINT ( 'NONE',  ( 2.100000000000000089, 0.8200000000000299272, -0.2500000000000002220 ) ) ;
#5950 = DIRECTION ( 'NONE',  ( -1.000000000000000000, 0.0000000000000000000, 0.0000000000000000000 ) ) ;
#5951 = DIRECTION ( 'NONE',  ( 0.0000000000000000000, 0.0000000000000000000, 1.000000000000000000 ) ) ;
#5952 = CARTESIAN_POINT ( 'NONE',  ( 8.000000000000000000, 0.8199999999999999512, -12.19999999999999929 ) ) ;
#5953 = DIRECTION ( 'NONE',  ( 0.0000000000000000000, 0.0000000000000000000, -1.000000000000000000 ) ) ;
#5954 = VECTOR ( 'NONE', #2771, 1000.000000000000000 ) ;
#5955 = ORIENTED_EDGE ( 'NONE', *, *, #3565, .F. ) ;
#5956 = EDGE_LOOP ( 'NONE', ( #10237, #5233, #11136, #1085 ) ) ;
#5957 = CARTESIAN_POINT ( 'NONE',  ( 8.729166603088140519, 2.389999999999999680, -6.093617081641903965 ) ) ;
#5958 = ORIENTED_EDGE ( 'NONE', *, *, #10909, .F. ) ;
#5959 = SURFACE_STYLE_FILL_AREA ( #11324 ) ;
#5960 = CARTESIAN_POINT ( 'NONE',  ( 13.50000000000000000, 0.01020000000000000073, 0.02448876244737000288 ) ) ;
#5961 = EDGE_CURVE ( 'NONE', #10663, #6791, #517, .T. ) ;
#5962 = DIRECTION ( 'NONE',  ( 0.0000000000000000000, 0.0000000000000000000, -1.000000000000000000 ) ) ;
#5963 = VECTOR ( 'NONE', #8888, 1000.000000000000000 ) ;
#5964 = EDGE_LOOP ( 'NONE', ( #10244, #1687, #2958, #10446 ) ) ;
#5965 = FACE_OUTER_BOUND ( 'NONE', #8303, .T. ) ;
#5966 = CARTESIAN_POINT ( 'NONE',  ( 8.612500048394576169, 2.399999999999999911, -7.642553192558493969 ) ) ;
#5967 = ORIENTED_EDGE ( 'NONE', *, *, #2894, .T. ) ;
#5968 = CARTESIAN_POINT ( 'NONE',  ( 14.75000000000000000, 0.009999999999987104274, 2.792598419361491987E-30 ) ) ;
#5969 = DIRECTION ( 'NONE',  ( 0.0000000000000000000, 0.0000000000000000000, 1.000000000000000000 ) ) ;
#5970 = DIRECTION ( 'NONE',  ( 0.0000000000000000000, -1.000000000000000000, 2.168404344970999500E-16 ) ) ;
#5971 = FILL_AREA_STYLE ('',( #10369 ) ) ;
#5972 = VERTEX_POINT ( 'NONE', #9933 ) ;
#5973 = ORIENTED_EDGE ( 'NONE', *, *, #1294, .F. ) ;
#5974 = VERTEX_POINT ( 'NONE', #107 ) ;
#5975 = ORIENTED_EDGE ( 'NONE', *, *, #10215, .T. ) ;
#5976 = VECTOR ( 'NONE', #5544, 1000.000000000000000 ) ;
#5977 = DIRECTION ( 'NONE',  ( -1.000000000000000000, -0.0000000000000000000, -0.0000000000000000000 ) ) ;
#5978 = ADVANCED_FACE ( 'NONE', ( #1726 ), #9086, .T. ) ;
#5979 = CARTESIAN_POINT ( 'NONE',  ( 3.158333492279000065, 2.389999999999999680, -6.480851078032999979 ) ) ;
#5980 = DIRECTION ( 'NONE',  ( -1.000000000000000000, 0.0000000000000000000, 0.0000000000000000000 ) ) ;
#5981 = ORIENTED_EDGE ( 'NONE', *, *, #1434, .T. ) ;
#5982 = AXIS2_PLACEMENT_3D ( 'NONE', #4732, #11168, #5630 ) ;
#5983 = ORIENTED_EDGE ( 'NONE', *, *, #3158, .F. ) ;
#5984 = VECTOR ( 'NONE', #3031, 1000.000000000000000 ) ;
#5985 = FACE_OUTER_BOUND ( 'NONE', #5842, .T. ) ;
#5986 = CYLINDRICAL_SURFACE ( 'NONE', #4353, 0.2500000000000002220 ) ;
#5987 = ADVANCED_FACE ( 'NONE', ( #6349 ), #816, .T. ) ;
#5988 = DIRECTION ( 'NONE',  ( 1.000000000000000000, 0.0000000000000000000, -0.0000000000000000000 ) ) ;
#5989 = ORIENTED_EDGE ( 'NONE', *, *, #8241, .T. ) ;
#5990 = CARTESIAN_POINT ( 'NONE',  ( 9.429166603087953291, 2.399999999999999911, -6.212766003608320098 ) ) ;
#5991 = PRODUCT_DEFINITION_CONTEXT ( 'detailed design', #1720, 'design' ) ;
#5992 = EDGE_CURVE ( 'NONE', #5691, #3108, #5522, .T. ) ;
#5993 = ADVANCED_FACE ( 'NONE', ( #3754 ), #7354, .F. ) ;
#5994 = VECTOR ( 'NONE', #10569, 1000.000000000000000 ) ;
#5995 = DIRECTION ( 'NONE',  ( -1.000000000000000000, 0.0000000000000000000, 0.0000000000000000000 ) ) ;
#5996 = CARTESIAN_POINT ( 'NONE',  ( 7.350000000000000533, 0.4100000000000150191, 0.0000000000000000000 ) ) ;
#5997 = LINE ( 'NONE', #7957, #2880 ) ;
#5998 = LINE ( 'NONE', #9628, #9085 ) ;
#5999 = AXIS2_PLACEMENT_3D ( 'NONE', #5511, #3515, #8196 ) ;
#6000 = DIRECTION ( 'NONE',  ( 0.0000000000000000000, 1.000000000000000000, 0.0000000000000000000 ) ) ;
#6001 = EDGE_CURVE ( 'NONE', #11065, #3608, #10107, .T. ) ;
#6002 = DIRECTION ( 'NONE',  ( -0.9689176559523869914, 0.0000000000000000000, 0.2473834593980199226 ) ) ;
#6003 = ORIENTED_EDGE ( 'NONE', *, *, #5356, .F. ) ;
#6004 = EDGE_CURVE ( 'NONE', #11782, #8292, #7129, .T. ) ;
#6005 = DIRECTION ( 'NONE',  ( 0.0000000000000000000, 1.000000000000000000, 0.0000000000000000000 ) ) ;
#6006 = COLOUR_RGB ( '',0.8313725490196077761, 0.8509803921568627194, 0.8313725490196077761 ) ;
#6007 = DIRECTION ( 'NONE',  ( -0.0000000000000000000, -1.000000000000000000, -0.0000000000000000000 ) ) ;
#6008 = ORIENTED_EDGE ( 'NONE', *, *, #3565, .T. ) ;
#6009 = PLANE ( 'NONE',  #2184 ) ;
#6010 = CARTESIAN_POINT ( 'NONE',  ( 4.700000000000000178, 0.009999999999999998473, -0.9000000000000200062 ) ) ;
#6011 = EDGE_CURVE ( 'NONE', #1876, #9037, #6235, .T. ) ;
#6012 = DIRECTION ( 'NONE',  ( -1.000000000000000000, -0.0000000000000000000, -0.0000000000000000000 ) ) ;
#6013 = EDGE_CURVE ( 'NONE', #1376, #10983, #9446, .T. ) ;
#6014 = DIRECTION ( 'NONE',  ( -1.000000000000000000, -0.0000000000000000000, -0.0000000000000000000 ) ) ;
#6015 = DIRECTION ( 'NONE',  ( -0.0000000000000000000, 1.000000000000000000, -0.0000000000000000000 ) ) ;
#6016 = VERTEX_POINT ( 'NONE', #4862 ) ;
#6017 = ORIENTED_EDGE ( 'NONE', *, *, #1960, .T. ) ;
#6018 = CARTESIAN_POINT ( 'NONE',  ( 4.995833158492615667, 2.399999999999999911, -6.689361691476038985 ) ) ;
#6019 = ORIENTED_EDGE ( 'NONE', *, *, #3385, .T. ) ;
#6020 = DIRECTION ( 'NONE',  ( 0.5627909358999596545, 0.0000000000000000000, -0.8265992756280685638 ) ) ;
#6021 = VECTOR ( 'NONE', #4285, 1000.000000000000227 ) ;
#6022 = CARTESIAN_POINT ( 'NONE',  ( 9.429166603088646070, 2.394999999999999574, -7.880851067602328008 ) ) ;
#6023 = ORIENTED_EDGE ( 'NONE', *, *, #313, .F. ) ;
#6024 = ORIENTED_EDGE ( 'NONE', *, *, #8649, .T. ) ;
#6025 = DIRECTION ( 'NONE',  ( -9.403954806578308822E-32, -1.000000000000000000, 2.168404344971010101E-16 ) ) ;
#6026 = CARTESIAN_POINT ( 'NONE',  ( 8.417257654306000703, 2.389799999999999702, -7.509622216988000254 ) ) ;
#6027 = LINE ( 'NONE', #6853, #2557 ) ;
#6028 = DIRECTION ( 'NONE',  ( 0.0000000000000000000, -2.168404344971006896E-16, -1.000000000000000000 ) ) ;
#6029 = EDGE_LOOP ( 'NONE', ( #8402, #3109, #4152, #10350 ) ) ;
#6030 = ORIENTED_EDGE ( 'NONE', *, *, #1259, .T. ) ;
#6031 = VERTEX_POINT ( 'NONE', #7412 ) ;
#6032 = ORIENTED_EDGE ( 'NONE', *, *, #6923, .F. ) ;
#6033 = LINE ( 'NONE', #5143, #8338 ) ;
#6034 = VECTOR ( 'NONE', #4965, 1000.000000000000000 ) ;
#6035 = PLANE ( 'NONE',  #9512 ) ;
#6036 = SURFACE_SIDE_STYLE ('',( #9612 ) ) ;
#6037 = DIRECTION ( 'NONE',  ( 0.2377704967184877116, 0.0000000000000000000, 0.9713213633449249151 ) ) ;
#6038 = ORIENTED_EDGE ( 'NONE', *, *, #873, .T. ) ;
#6039 = DIRECTION ( 'NONE',  ( -1.000000000000000000, -0.0000000000000000000, -0.0000000000000000000 ) ) ;
#6040 = ORIENTED_EDGE ( 'NONE', *, *, #4100, .T. ) ;
#6041 = DIRECTION ( 'NONE',  ( 0.8265992787991189861, -0.0000000000000000000, -0.5627909312424786981 ) ) ;
#6042 = DIRECTION ( 'NONE',  ( -0.0000000000000000000, 1.000000000000000000, -0.0000000000000000000 ) ) ;
#6043 = CARTESIAN_POINT ( 'NONE',  ( 2.800000000000347988, 0.0000000000000000000, -0.9000000000000000222 ) ) ;
#6044 = STYLED_ITEM ( 'NONE', ( #1619 ), #11122 ) ;
#6045 = DIRECTION ( 'NONE',  ( 0.0000000000000000000, -1.000000000000000000, 2.168404344971006649E-16 ) ) ;
#6046 = LINE ( 'NONE', #6815, #3252 ) ;
#6047 = ORIENTED_EDGE ( 'NONE', *, *, #7302, .F. ) ;
#6048 = DIRECTION ( 'NONE',  ( 0.0000000000000000000, 0.0000000000000000000, 1.000000000000000000 ) ) ;
#6049 = DIRECTION ( 'NONE',  ( -0.0000000000000000000, -1.000000000000000000, -0.0000000000000000000 ) ) ;
#6050 = LINE ( 'NONE', #5996, #2995 ) ;
#6051 = MECHANICAL_DESIGN_GEOMETRIC_PRESENTATION_REPRESENTATION (  '', ( #4711 ), #3793 ) ;
#6052 = DIRECTION ( 'NONE',  ( -0.0000000000000000000, 1.000000000000000000, -0.0000000000000000000 ) ) ;
#6053 = AXIS2_PLACEMENT_3D ( 'NONE', #2581, #3481, #4475 ) ;
#6054 = DIRECTION ( 'NONE',  ( 0.0000000000000000000, -1.000000000000000000, 2.168404344970999747E-16 ) ) ;
#6055 = CARTESIAN_POINT ( 'NONE',  ( 10.19999999999999929, 0.01020000000000000073, -11.27551123755000262 ) ) ;
#6056 = EDGE_CURVE ( 'NONE', #8535, #5737, #10162, .T. ) ;
#6057 = DIRECTION ( 'NONE',  ( -1.000000000000000000, 0.0000000000000000000, 0.0000000000000000000 ) ) ;
#6058 = LINE ( 'NONE', #3336, #2253 ) ;
#6059 = AXIS2_PLACEMENT_3D ( 'NONE', #8585, #425, #11263 ) ;
#6060 = VERTEX_POINT ( 'NONE', #3982 ) ;
#6061 = CARTESIAN_POINT ( 'NONE',  ( 7.562500047683726301, 2.394999999999999574, -5.200000000000001066 ) ) ;
#6062 = PRESENTATION_LAYER_ASSIGNMENT (  '', '', ( #10431 ) ) ;
#6063 = CARTESIAN_POINT ( 'NONE',  ( 7.599999999999998757, 0.009999999999999998473, -11.30000000000000249 ) ) ;
#6064 = EDGE_CURVE ( 'NONE', #5486, #3970, #2969, .T. ) ;
#6065 = ORIENTED_EDGE ( 'NONE', *, *, #4980, .T. ) ;
#6066 = DIRECTION ( 'NONE',  ( -0.0000000000000000000, 1.000000000000000000, -0.0000000000000000000 ) ) ;
#6067 = EDGE_CURVE ( 'NONE', #4362, #5131, #1175, .T. ) ;
#6068 = EDGE_CURVE ( 'NONE', #8567, #2126, #8376, .T. ) ;
#6069 = PLANE ( 'NONE',  #6908 ) ;
#6070 = FACE_OUTER_BOUND ( 'NONE', #7040, .T. ) ;
#6071 = VECTOR ( 'NONE', #2691, 1000.000000000000000 ) ;
#6072 = DIRECTION ( 'NONE',  ( 0.3646920423842153758, 0.0000000000000000000, 0.9311281943006719519 ) ) ;
#6073 = CARTESIAN_POINT ( 'NONE',  ( 8.000000000000000000, 0.8199999999999999512, 0.0000000000000000000 ) ) ;
#6074 = VERTEX_POINT ( 'NONE', #1236 ) ;
#6075 = ORIENTED_EDGE ( 'NONE', *, *, #8838, .F. ) ;
#6076 = CARTESIAN_POINT ( 'NONE',  ( 1.000000000000000000, 0.009999999999974222217, 1.756407519426639210E-16 ) ) ;
#6077 = ORIENTED_EDGE ( 'NONE', *, *, #57, .T. ) ;
#6078 = CARTESIAN_POINT ( 'NONE',  ( 6.220833492279500554, 2.389999999999999680, -6.123404312133499339 ) ) ;
#6079 = DIRECTION ( 'NONE',  ( 0.6379970942929646949, 0.0000000000000000000, 0.7700387702406509272 ) ) ;
#6080 = EDGE_CURVE ( 'NONE', #10405, #8987, #2109, .T. ) ;
#6081 = DIRECTION ( 'NONE',  ( -0.0000000000000000000, 1.000000000000000000, -2.168404344971006649E-16 ) ) ;
#6082 = ORIENTED_EDGE ( 'NONE', *, *, #3468, .F. ) ;
#6083 = DIRECTION ( 'NONE',  ( 0.0000000000000000000, 0.0000000000000000000, 1.000000000000000000 ) ) ;
#6084 = EDGE_LOOP ( 'NONE', ( #9442, #1099, #4924 ) ) ;
#6085 = CARTESIAN_POINT ( 'NONE',  ( 5.229166936874054983, 2.389999999999999680, -7.165957462788010268 ) ) ;
#6086 = VECTOR ( 'NONE', #2702, 1000.000000000000000 ) ;
#6087 = LINE ( 'NONE', #10551, #6852 ) ;
#6088 = ORIENTED_EDGE ( 'NONE', *, *, #8921, .F. ) ;
#6089 = ORIENTED_EDGE ( 'NONE', *, *, #1044, .F. ) ;
#6090 = VERTEX_POINT ( 'NONE', #6524 ) ;
#6091 = VECTOR ( 'NONE', #1410, 1000.000000000000000 ) ;
#6092 = VECTOR ( 'NONE', #8680, 1000.000000000000000 ) ;
#6093 = ADVANCED_FACE ( 'NONE', ( #11237 ), #5815, .F. ) ;
#6094 = CARTESIAN_POINT ( 'NONE',  ( 15.19573042362512361, 2.348075480010655358, -0.4739310375666363484 ) ) ;
#6095 = DIRECTION ( 'NONE',  ( -0.0000000000000000000, -1.000000000000000000, -0.0000000000000000000 ) ) ;
#6096 = ORIENTED_EDGE ( 'NONE', *, *, #9509, .T. ) ;
#6097 = DIRECTION ( 'NONE',  ( -0.0000000000000000000, 1.000000000000000000, -0.0000000000000000000 ) ) ;
#6098 = PRESENTATION_LAYER_ASSIGNMENT (  '', '', ( #9907 ) ) ;
#6099 = ORIENTED_EDGE ( 'NONE', *, *, #10737, .T. ) ;
#6100 = PLANE ( 'NONE',  #11690 ) ;
#6101 = PLANE ( 'NONE',  #4428 ) ;
#6102 = COLOUR_RGB ( '',0.9803921568627450567, 0.6274509803921568540, 0.0000000000000000000 ) ;
#6103 = CARTESIAN_POINT ( 'NONE',  ( 10.84999999999999964, 0.4100000000000149636, 0.0000000000000000000 ) ) ;
#6104 = DIRECTION ( 'NONE',  ( 1.000000000000000000, 0.0000000000000000000, 0.0000000000000000000 ) ) ;
#6105 = VECTOR ( 'NONE', #9812, 1000.000000000000227 ) ;
#6106 = CARTESIAN_POINT ( 'NONE',  ( 6.899999999999651301, 0.004999999999999999237, -11.30000000000000071 ) ) ;
#6107 = VERTEX_POINT ( 'NONE', #6583 ) ;
#6108 = UNCERTAINTY_MEASURE_WITH_UNIT (LENGTH_MEASURE( 1.000000000000000082E-05 ), #1632, 'distance_accuracy_value', 'NONE');
#6109 = CARTESIAN_POINT ( 'NONE',  ( 4.136456908139000355, 2.389799999999999702, -8.018857304504999561 ) ) ;
#6110 = AXIS2_PLACEMENT_3D ( 'NONE', #1732, #8927, #3527 ) ;
#6111 = CARTESIAN_POINT ( 'NONE',  ( 4.995833158492866133, 2.394999999999999574, -6.689361691475014915 ) ) ;
#6112 = CARTESIAN_POINT ( 'NONE',  ( 0.7500000000000001110, 0.4100000000000150746, 0.0000000000000000000 ) ) ;
#6113 = MECHANICAL_DESIGN_GEOMETRIC_PRESENTATION_REPRESENTATION (  '', ( #10684 ), #1363 ) ;
#6114 = DIRECTION ( 'NONE',  ( -0.8265992444188491328, 0.0000000000000000000, 0.5627909817385026159 ) ) ;
#6115 = DIRECTION ( 'NONE',  ( 0.0000000000000000000, 0.0000000000000000000, 1.000000000000000000 ) ) ;
#6116 = DIRECTION ( 'NONE',  ( -1.000000000000000000, -0.0000000000000000000, -0.0000000000000000000 ) ) ;
#6117 = CARTESIAN_POINT ( 'NONE',  ( 15.24999999999998934, 2.149999999999999911, -11.50000000000000178 ) ) ;
#6118 = VECTOR ( 'NONE', #400, 1000.000000000000000 ) ;
#6119 = VERTEX_POINT ( 'NONE', #7595 ) ;
#6120 = ADVANCED_FACE ( 'NONE', ( #3084 ), #6702, .T. ) ;
#6121 = CARTESIAN_POINT ( 'NONE',  ( 8.000000000000000000, 0.8199999999999998401, -0.4000000000000000777 ) ) ;
#6122 =( GEOMETRIC_REPRESENTATION_CONTEXT ( 3 ) GLOBAL_UNCERTAINTY_ASSIGNED_CONTEXT ( ( #4917 ) ) GLOBAL_UNIT_ASSIGNED_CONTEXT ( ( #5400, #867, #1603 ) ) REPRESENTATION_CONTEXT ( 'NONE', 'WORKASPACE' ) );
#6123 = ORIENTED_EDGE ( 'NONE', *, *, #1559, .F. ) ;
#6124 = DIRECTION ( 'NONE',  ( 0.9311283714528381106, -0.0000000000000000000, 0.3646915900806947386 ) ) ;
#6125 = FACE_OUTER_BOUND ( 'NONE', #4967, .T. ) ;
#6126 = CARTESIAN_POINT ( 'NONE',  ( 13.16250004768006399, 2.394999999999999574, -7.463829767704276641 ) ) ;
#6127 = CARTESIAN_POINT ( 'NONE',  ( 0.4599999999999999645, 2.399999999999999911, -5.200000000000001066 ) ) ;
#6128 = ORIENTED_EDGE ( 'NONE', *, *, #9258, .T. ) ;
#6129 = ADVANCED_FACE ( 'NONE', ( #5872 ), #6641, .F. ) ;
#6130 = ORIENTED_EDGE ( 'NONE', *, *, #4776, .F. ) ;
#6131 = COLOUR_RGB ( '',0.9803921568627450567, 0.6274509803921568540, 0.0000000000000000000 ) ;
#6132 = LINE ( 'NONE', #1439, #145 ) ;
#6133 = ORIENTED_EDGE ( 'NONE', *, *, #11300, .T. ) ;
#6134 = DIRECTION ( 'NONE',  ( 1.504632769052528010E-30, 1.000000000000000000, -2.168404344971007142E-16 ) ) ;
#6135 = VECTOR ( 'NONE', #4308, 1000.000000000000000 ) ;
#6136 = CARTESIAN_POINT ( 'NONE',  ( 7.599999999999998757, 0.8200000000000300382, 1.174813817212862872E-45 ) ) ;
#6137 = ADVANCED_FACE ( 'NONE', ( #11177 ), #10269, .T. ) ;
#6138 = EDGE_CURVE ( 'NONE', #6577, #11082, #8796, .T. ) ;
#6139 = ORIENTED_EDGE ( 'NONE', *, *, #634, .T. ) ;
#6140 = DIRECTION ( 'NONE',  ( 0.2473832517524520158, 0.0000000000000000000, -0.9689177089683018718 ) ) ;
#6141 = EDGE_LOOP ( 'NONE', ( #4460, #6405, #5081, #7089 ) ) ;
#6142 = AXIS2_PLACEMENT_3D ( 'NONE', #6330, #11754, #8067 ) ;
#6143 = LINE ( 'NONE', #839, #5407 ) ;
#6144 = CARTESIAN_POINT ( 'NONE',  ( 0.4599999999999999645, 2.399999999999999911, -6.689361691475000704 ) ) ;
#6145 = DIRECTION ( 'NONE',  ( 0.0000000000000000000, 1.000000000000000000, -0.0000000000000000000 ) ) ;
#6146 = CARTESIAN_POINT ( 'NONE',  ( 8.000000000000000000, 0.0000000000000000000, -12.19999999999999929 ) ) ;
#6147 = ORIENTED_EDGE ( 'NONE', *, *, #6280, .T. ) ;
#6148 = ORIENTED_EDGE ( 'NONE', *, *, #6236, .T. ) ;
#6149 = ORIENTED_EDGE ( 'NONE', *, *, #4176, .F. ) ;
#6150 = LINE ( 'NONE', #3495, #163 ) ;
#6151 = ADVANCED_FACE ( 'NONE', ( #631 ), #7777, .F. ) ;
#6152 = AXIS2_PLACEMENT_3D ( 'NONE', #7812, #11514, #1330 ) ;
#6153 =( NAMED_UNIT ( * ) PLANE_ANGLE_UNIT ( ) SI_UNIT ( $, .RADIAN. ) );
#6154 = ORIENTED_EDGE ( 'NONE', *, *, #7739, .F. ) ;
#6155 = CARTESIAN_POINT ( 'NONE',  ( 7.416666603088500231, 2.389999999999999680, -8.000000000000000000 ) ) ;
#6156 = ORIENTED_EDGE ( 'NONE', *, *, #9632, .T. ) ;
#6157 = CARTESIAN_POINT ( 'NONE',  ( 5.400000000000000355, 0.8200000000000300382, 0.0000000000000000000 ) ) ;
#6158 = DIRECTION ( 'NONE',  ( 1.000000000000000000, 0.0000000000000000000, 0.0000000000000000000 ) ) ;
#6159 = LINE ( 'NONE', #9801, #5194 ) ;
#6160 = ADVANCED_FACE ( 'NONE', ( #7900 ), #10701, .F. ) ;
#6161 = EDGE_LOOP ( 'NONE', ( #7322, #9846, #2573, #7712 ) ) ;
#6162 = AXIS2_PLACEMENT_3D ( 'NONE', #9660, #3363, #371 ) ;
#6163 = EDGE_CURVE ( 'NONE', #4414, #4191, #6661, .T. ) ;
#6164 = DIRECTION ( 'NONE',  ( 0.0000000000000000000, 0.0000000000000000000, -1.000000000000000000 ) ) ;
#6165 = ORIENTED_EDGE ( 'NONE', *, *, #1992, .F. ) ;
#6166 = DIRECTION ( 'NONE',  ( 1.000000000000000000, 0.0000000000000000000, -0.0000000000000000000 ) ) ;
#6167 = AXIS2_PLACEMENT_3D ( 'NONE', #6157, #1700, #8955 ) ;
#6168 = CARTESIAN_POINT ( 'NONE',  ( 0.4688160056708222112, 2.200679923597153032, -0.7044278372819136047 ) ) ;
#6169 = FACE_OUTER_BOUND ( 'NONE', #2454, .T. ) ;
#6170 = CARTESIAN_POINT ( 'NONE',  ( 8.000000000000000000, 0.8199999999999999512, -12.19999999999999929 ) ) ;
#6171 = CARTESIAN_POINT ( 'NONE',  ( 2.799999999999999822, 0.004999999999999999237, -3.388131789017201356E-18 ) ) ;
#6172 = ADVANCED_FACE ( 'NONE', ( #2432 ), #8613, .T. ) ;
#6173 =( GEOMETRIC_REPRESENTATION_CONTEXT ( 3 ) GLOBAL_UNCERTAINTY_ASSIGNED_CONTEXT ( ( #754 ) ) GLOBAL_UNIT_ASSIGNED_CONTEXT ( ( #2074, #9153, #3696 ) ) REPRESENTATION_CONTEXT ( 'NONE', 'WORKASPACE' ) );
#6174 = DIRECTION ( 'NONE',  ( -0.6996234726673935533, 0.0000000000000000000, -0.7145117189331583463 ) ) ;
#6175 = PRESENTATION_STYLE_ASSIGNMENT (( #11772 ) ) ;
#6176 = CARTESIAN_POINT ( 'NONE',  ( 9.312500047683000659, 2.399999999999999911, -6.153191542624924182 ) ) ;
#6177 = VECTOR ( 'NONE', #10873, 1000.000000000000000 ) ;
#6178 = VECTOR ( 'NONE', #8440, 1000.000000000000000 ) ;
#6179 = AXIS2_PLACEMENT_3D ( 'NONE', #6326, #8840, #676 ) ;
#6180 =( LENGTH_UNIT ( ) NAMED_UNIT ( * ) SI_UNIT ( .MILLI., .METRE. ) );
#6181 = SURFACE_SIDE_STYLE ('',( #1555 ) ) ;
#6182 = PLANE ( 'NONE',  #7587 ) ;
#6183 = VERTEX_POINT ( 'NONE', #10450 ) ;
#6184 = ORIENTED_EDGE ( 'NONE', *, *, #5186, .F. ) ;
#6185 = PLANE ( 'NONE',  #10984 ) ;
#6186 = VECTOR ( 'NONE', #4502, 1000.000000000000000 ) ;
#6187 = ORIENTED_EDGE ( 'NONE', *, *, #7446, .T. ) ;
#6188 = CARTESIAN_POINT ( 'NONE',  ( 12.57916668653531289, 2.389999999999999680, -7.761702135205422515 ) ) ;
#6189 = VECTOR ( 'NONE', #6597, 1000.000000000000000 ) ;
#6190 = CIRCLE ( 'NONE', #2600, 0.2499999999999993616 ) ;
#6191 = FILL_AREA_STYLE_COLOUR ( '', #404 ) ;
#6192 = ORIENTED_EDGE ( 'NONE', *, *, #8868, .F. ) ;
#6193 = PRESENTATION_STYLE_ASSIGNMENT (( #8764 ) ) ;
#6194 = CARTESIAN_POINT ( 'NONE',  ( 0.0000000000000000000, 0.4100000000000149636, 0.0000000000000000000 ) ) ;
#6195 = ORIENTED_EDGE ( 'NONE', *, *, #3719, .F. ) ;
#6196 = CARTESIAN_POINT ( 'NONE',  ( 11.30000000000000071, 0.0000000000000000000, -6.099999999999999645 ) ) ;
#6197 = DIRECTION ( 'NONE',  ( 1.000000000000000000, 0.0000000000000000000, 0.0000000000000000000 ) ) ;
#6198 = EDGE_CURVE ( 'NONE', #8804, #3632, #9627, .T. ) ;
#6199 = LINE ( 'NONE', #4426, #7479 ) ;
#6200 = EDGE_CURVE ( 'NONE', #3780, #7951, #2493, .T. ) ;
#6201 = CYLINDRICAL_SURFACE ( 'NONE', #8347, 0.2500000000000002220 ) ;
#6202 = VERTEX_POINT ( 'NONE', #10519 ) ;
#6203 = ORIENTED_EDGE ( 'NONE', *, *, #10959, .F. ) ;
#6204 = VERTEX_POINT ( 'NONE', #9751 ) ;
#6205 = DIRECTION ( 'NONE',  ( -0.0000000000000000000, -1.000000000000000000, -0.0000000000000000000 ) ) ;
#6206 = PRESENTATION_LAYER_ASSIGNMENT (  '', '', ( #1466 ) ) ;
#6207 = ADVANCED_FACE ( 'NONE', ( #6169 ), #8731, .F. ) ;
#6208 = ORIENTED_EDGE ( 'NONE', *, *, #6769, .T. ) ;
#6209 = CARTESIAN_POINT ( 'NONE',  ( 9.604166603088000187, 2.389999999999999680, -7.344680845737313390 ) ) ;
#6210 = VERTEX_POINT ( 'NONE', #1599 ) ;
#6211 = CARTESIAN_POINT ( 'NONE',  ( 5.287500047683812099, 2.399999999999999911, -7.880851067602695714 ) ) ;
#6212 = DIRECTION ( 'NONE',  ( -0.0000000000000000000, -1.000000000000000000, -0.0000000000000000000 ) ) ;
#6213 = EDGE_CURVE ( 'NONE', #803, #3431, #5997, .T. ) ;
#6214 = CARTESIAN_POINT ( 'NONE',  ( 4.995833158492917647, 2.389999999999999680, -6.689361691475030902 ) ) ;
#6215 = EDGE_CURVE ( 'NONE', #137, #3409, #5098, .T. ) ;
#6216 = DIRECTION ( 'NONE',  ( 0.4397121427626626278, 0.0000000000000000000, -0.8981387596062581080 ) ) ;
#6217 = ORIENTED_EDGE ( 'NONE', *, *, #1451, .F. ) ;
#6218 = ORIENTED_EDGE ( 'NONE', *, *, #5556, .F. ) ;
#6219 = VECTOR ( 'NONE', #8542, 1000.000000000000000 ) ;
#6220 =( NAMED_UNIT ( * ) SI_UNIT ( $, .STERADIAN. ) SOLID_ANGLE_UNIT ( ) );
#6221 = ORIENTED_EDGE ( 'NONE', *, *, #691, .T. ) ;
#6222 = UNCERTAINTY_MEASURE_WITH_UNIT (LENGTH_MEASURE( 1.000000000000000082E-05 ), #8862, 'distance_accuracy_value', 'NONE');
#6223 = DIRECTION ( 'NONE',  ( 0.0000000000000000000, 1.000000000000000000, 0.0000000000000000000 ) ) ;
#6224 = DIRECTION ( 'NONE',  ( 0.0000000000000000000, 0.0000000000000000000, -1.000000000000000000 ) ) ;
#6225 = DIRECTION ( 'NONE',  ( 0.0000000000000000000, 1.000000000000000000, -0.0000000000000000000 ) ) ;
#6226 = EDGE_CURVE ( 'NONE', #9, #5122, #7065, .T. ) ;
#6227 = ADVANCED_FACE ( 'NONE', ( #4982 ), #7342, .F. ) ;
#6228 = CIRCLE ( 'NONE', #5092, 0.2500000000000002220 ) ;
#6229 = CARTESIAN_POINT ( 'NONE',  ( 12.81250004768610395, 2.389999999999999680, -8.000000000000229150 ) ) ;
#6230 = CARTESIAN_POINT ( 'NONE',  ( 0.5000000000000000000, 0.8200000000000210454, -11.50000000000000000 ) ) ;
#6231 =( BOUNDED_SURFACE ( )  B_SPLINE_SURFACE ( 3, 3, ( 
 ( #11403, #5026, #6094, #4200 ),
 ( #11463, #4315, #7878, #8655 ),
 ( #10499, #8836, #9737, #11576 ),
 ( #2356, #3434, #3191, #6804 ) ),
 .UNSPECIFIED., .F., .F., .F. ) 
 B_SPLINE_SURFACE_WITH_KNOTS ( ( 4, 4 ),
 ( 4, 4 ),
 ( 0.0000000000000000000, 1.000000000000000000 ),
 ( 0.0000000000000000000, 1.000000000000000000 ),
 .UNSPECIFIED. ) 
 GEOMETRIC_REPRESENTATION_ITEM ( )  RATIONAL_B_SPLINE_SURFACE ( (
 ( 1.000000000000000000, 0.8025111867384343567, 0.8025111867384343567, 1.000000000000000000),
 ( 0.8002741005223162896, 0.6422289181261972013, 0.6422289181261972013, 0.8002741005223162896),
 ( 0.8002741005223162896, 0.6422289181261972013, 0.6422289181261972013, 0.8002741005223162896),
 ( 1.000000000000000000, 0.8025111867384343567, 0.8025111867384343567, 1.000000000000000000) ) ) 
 REPRESENTATION_ITEM ( '' )  SURFACE ( )  );
#6232 = DIRECTION ( 'NONE',  ( 0.0000000000000000000, 0.0000000000000000000, -1.000000000000000000 ) ) ;
#6233 = VECTOR ( 'NONE', #8081, 1000.000000000000000 ) ;
#6234 = SURFACE_STYLE_FILL_AREA ( #3519 ) ;
#6235 = LINE ( 'NONE', #9874, #4947 ) ;
#6236 = EDGE_CURVE ( 'NONE', #5752, #9858, #5282, .T. ) ;
#6237 = VERTEX_POINT ( 'NONE', #2781 ) ;
#6238 = MECHANICAL_DESIGN_GEOMETRIC_PRESENTATION_REPRESENTATION (  '', ( #9862 ), #4719 ) ;
#6239 = CARTESIAN_POINT ( 'NONE',  ( 8.752894197396001275, 2.389799999999999702, -8.006058114770999268 ) ) ;
#6240 = PLANE ( 'NONE',  #2504 ) ;
#6241 = FACE_OUTER_BOUND ( 'NONE', #9740, .T. ) ;
#6242 = DIRECTION ( 'NONE',  ( 0.0000000000000000000, 0.0000000000000000000, 1.000000000000000000 ) ) ;
#6243 = VERTEX_POINT ( 'NONE', #2672 ) ;
#6244 = ORIENTED_EDGE ( 'NONE', *, *, #44, .T. ) ;
#6245 = FACE_OUTER_BOUND ( 'NONE', #2032, .T. ) ;
#6246 = ORIENTED_EDGE ( 'NONE', *, *, #2879, .F. ) ;
#6247 = AXIS2_PLACEMENT_3D ( 'NONE', #9124, #2827, #3848 ) ;
#6248 = ORIENTED_EDGE ( 'NONE', *, *, #5284, .F. ) ;
#6249 = LINE ( 'NONE', #1907, #1661 ) ;
#6250 = LINE ( 'NONE', #4962, #2291 ) ;
#6251 = SURFACE_STYLE_FILL_AREA ( #8046 ) ;
#6252 = ORIENTED_EDGE ( 'NONE', *, *, #1485, .F. ) ;
#6253 = DIRECTION ( 'NONE',  ( 0.0000000000000000000, 1.000000000000000000, 0.0000000000000000000 ) ) ;
#6254 = VECTOR ( 'NONE', #8054, 1000.000000000000000 ) ;
#6255 = PLANE ( 'NONE',  #4831 ) ;
#6256 = FACE_OUTER_BOUND ( 'NONE', #3132, .T. ) ;
#6257 = FILL_AREA_STYLE_COLOUR ( '', #3460 ) ;
#6258 = DIRECTION ( 'NONE',  ( -0.0000000000000000000, -0.0000000000000000000, 1.000000000000000000 ) ) ;
#6259 = EDGE_LOOP ( 'NONE', ( #10466, #9022, #7892, #1794, #2800, #2641, #9615, #9828, #6398, #3292, #2280, #10609, #10936, #725, #6926, #4497 ) ) ;
#6260 = ORIENTED_EDGE ( 'NONE', *, *, #6728, .F. ) ;
#6261 = VERTEX_POINT ( 'NONE', #5338 ) ;
#6262 = FACE_OUTER_BOUND ( 'NONE', #4608, .T. ) ;
#6263 = CARTESIAN_POINT ( 'NONE',  ( 12.22916668652973371, 2.389999999999999680, -7.880851067602004711 ) ) ;
#6264 = AXIS2_PLACEMENT_3D ( 'NONE', #1436, #648, #3472 ) ;
#6265 = EDGE_CURVE ( 'NONE', #8253, #5691, #6393, .T. ) ;
#6266 = DIRECTION ( 'NONE',  ( -1.000000000000000000, 0.0000000000000000000, 0.0000000000000000000 ) ) ;
#6267 = ORIENTED_EDGE ( 'NONE', *, *, #6013, .F. ) ;
#6268 = ORIENTED_EDGE ( 'NONE', *, *, #3910, .F. ) ;
#6269 = CARTESIAN_POINT ( 'NONE',  ( 13.22083338797000174, 2.389799999999999702, -7.309595147201999765 ) ) ;
#6270 = CARTESIAN_POINT ( 'NONE',  ( 13.90000000000000213, 0.009999999999974168441, -0.2500000000000000555 ) ) ;
#6271 = VECTOR ( 'NONE', #3210, 1000.000000000000000 ) ;
#6272 = CARTESIAN_POINT ( 'NONE',  ( 7.599999999999998757, 0.8200000000000300382, -0.2499999999999993616 ) ) ;
#6273 = CARTESIAN_POINT ( 'NONE',  ( 9.895833492279001220, 2.389999999999999680, -6.599999999999999645 ) ) ;
#6274 = ORIENTED_EDGE ( 'NONE', *, *, #2060, .T. ) ;
#6275 = ORIENTED_EDGE ( 'NONE', *, *, #3822, .F. ) ;
#6276 = VECTOR ( 'NONE', #11252, 1000.000000000000000 ) ;
#6277 = VERTEX_POINT ( 'NONE', #5449 ) ;
#6278 = EDGE_CURVE ( 'NONE', #2921, #9786, #921, .T. ) ;
#6279 = CARTESIAN_POINT ( 'NONE',  ( 8.000000000000000000, 0.0000000000000000000, -0.9000000000000002442 ) ) ;
#6280 = EDGE_CURVE ( 'NONE', #9388, #6429, #10761, .T. ) ;
#6281 = VECTOR ( 'NONE', #8906, 1000.000000000000000 ) ;
#6282 = EDGE_CURVE ( 'NONE', #8386, #190, #5349, .T. ) ;
#6283 = LINE ( 'NONE', #807, #2314 ) ;
#6284 =( GEOMETRIC_REPRESENTATION_CONTEXT ( 3 ) GLOBAL_UNCERTAINTY_ASSIGNED_CONTEXT ( ( #1596 ) ) GLOBAL_UNIT_ASSIGNED_CONTEXT ( ( #5547, #8399, #243 ) ) REPRESENTATION_CONTEXT ( 'NONE', 'WORKASPACE' ) );
#6285 = CIRCLE ( 'NONE', #7045, 0.2500000000000019429 ) ;
#6286 = CARTESIAN_POINT ( 'NONE',  ( 8.000000000000000000, 0.8199999999999999512, -12.19999999999999929 ) ) ;
#6287 = FACE_OUTER_BOUND ( 'NONE', #7021, .T. ) ;
#6288 = MECHANICAL_DESIGN_GEOMETRIC_PRESENTATION_REPRESENTATION (  '', ( #10464 ), #10668 ) ;
#6289 =( GEOMETRIC_REPRESENTATION_CONTEXT ( 3 ) GLOBAL_UNCERTAINTY_ASSIGNED_CONTEXT ( ( #11231 ) ) GLOBAL_UNIT_ASSIGNED_CONTEXT ( ( #5929, #10794, #4212 ) ) REPRESENTATION_CONTEXT ( 'NONE', 'WORKASPACE' ) );
#6290 = ORIENTED_EDGE ( 'NONE', *, *, #5269, .T. ) ;
#6291 = EDGE_CURVE ( 'NONE', #8247, #8530, #4551, .T. ) ;
#6292 = FACE_OUTER_BOUND ( 'NONE', #11390, .T. ) ;
#6293 = VECTOR ( 'NONE', #6688, 1000.000000000000000 ) ;
#6294 = CARTESIAN_POINT ( 'NONE',  ( 4.937500047684013182, 2.389999999999999680, -6.927659535408372982 ) ) ;
#6295 = EDGE_CURVE ( 'NONE', #4441, #1030, #6283, .T. ) ;
#6296 = VERTEX_POINT ( 'NONE', #4448 ) ;
#6297 = CARTESIAN_POINT ( 'NONE',  ( 8.000000000000000000, 0.8199999999999999512, -12.19999999999999929 ) ) ;
#6298 = AXIS2_PLACEMENT_3D ( 'NONE', #6550, #3785, #7508 ) ;
#6299 = LINE ( 'NONE', #1841, #10101 ) ;
#6300 = LINE ( 'NONE', #6126, #5722 ) ;
#6301 = CARTESIAN_POINT ( 'NONE',  ( 10.20000000000000107, 0.4100000000000150746, -12.19999999999999929 ) ) ;
#6302 = ORIENTED_EDGE ( 'NONE', *, *, #6638, .F. ) ;
#6303 = ORIENTED_EDGE ( 'NONE', *, *, #6633, .T. ) ;
#6304 = ADVANCED_FACE ( 'NONE', ( #2616 ), #10980, .F. ) ;
#6305 = DIRECTION ( 'NONE',  ( 0.0000000000000000000, 1.000000000000000000, 0.0000000000000000000 ) ) ;
#6306 = VERTEX_POINT ( 'NONE', #3569 ) ;
#6307 = ORIENTED_EDGE ( 'NONE', *, *, #1259, .F. ) ;
#6308 = DIRECTION ( 'NONE',  ( -0.0000000000000000000, -1.000000000000000000, -0.0000000000000000000 ) ) ;
#6309 = DIRECTION ( 'NONE',  ( 0.0000000000000000000, 0.0000000000000000000, -1.000000000000000000 ) ) ;
#6310 = VECTOR ( 'NONE', #5937, 1000.000000000000000 ) ;
#6311 = LINE ( 'NONE', #7087, #10810 ) ;
#6312 = ORIENTED_EDGE ( 'NONE', *, *, #799, .T. ) ;
#6313 = LINE ( 'NONE', #2754, #6564 ) ;
#6314 = LINE ( 'NONE', #7989, #273 ) ;
#6315 = CARTESIAN_POINT ( 'NONE',  ( 9.604166603088000187, 2.389999999999999680, -5.200000000000001066 ) ) ;
#6316 = CARTESIAN_POINT ( 'NONE',  ( 4.050000000000000711, 0.4100000000000149636, 0.0000000000000000000 ) ) ;
#6317 = AXIS2_PLACEMENT_3D ( 'NONE', #5453, #8197, #39 ) ;
#6318 = ORIENTED_EDGE ( 'NONE', *, *, #455, .F. ) ;
#6319 = ORIENTED_EDGE ( 'NONE', *, *, #10139, .F. ) ;
#6320 = ORIENTED_EDGE ( 'NONE', *, *, #2494, .F. ) ;
#6321 = EDGE_CURVE ( 'NONE', #6617, #3151, #3681, .T. ) ;
#6322 = CYLINDRICAL_SURFACE ( 'NONE', #3430, 0.2500000000000019429 ) ;
#6323 = SURFACE_SIDE_STYLE ('',( #5436 ) ) ;
#6324 = VECTOR ( 'NONE', #7868, 1000.000000000000000 ) ;
#6325 = ORIENTED_EDGE ( 'NONE', *, *, #5099, .T. ) ;
#6326 = CARTESIAN_POINT ( 'NONE',  ( 10.60000000000000142, 0.8200000000000300382, 0.0000000000000000000 ) ) ;
#6327 = EDGE_LOOP ( 'NONE', ( #2516, #3765, #652, #2441 ) ) ;
#6328 =( NAMED_UNIT ( * ) PLANE_ANGLE_UNIT ( ) SI_UNIT ( $, .RADIAN. ) );
#6329 = CARTESIAN_POINT ( 'NONE',  ( 0.7500000000000000000, 0.8200000000000149392, 0.0000000000000000000 ) ) ;
#6330 = CARTESIAN_POINT ( 'NONE',  ( 8.000000000000000000, 0.01020000000000000073, -12.22448876245000093 ) ) ;
#6331 = DIRECTION ( 'NONE',  ( 0.0000000000000000000, -1.000000000000000000, 2.168404344971006649E-16 ) ) ;
#6332 = ORIENTED_EDGE ( 'NONE', *, *, #306, .T. ) ;
#6333 = ORIENTED_EDGE ( 'NONE', *, *, #11066, .T. ) ;
#6334 = EDGE_CURVE ( 'NONE', #9759, #3734, #10814, .T. ) ;
#6335 = ORIENTED_EDGE ( 'NONE', *, *, #10652, .F. ) ;
#6336 = ORIENTED_EDGE ( 'NONE', *, *, #6573, .T. ) ;
#6337 = DIRECTION ( 'NONE',  ( 0.0000000000000000000, -1.000000000000000000, 2.168404344971021934E-16 ) ) ;
#6338 = CARTESIAN_POINT ( 'NONE',  ( 4.299999999999999822, 0.8200000000000300382, 0.0000000000000000000 ) ) ;
#6339 = ORIENTED_EDGE ( 'NONE', *, *, #5347, .F. ) ;
#6340 = DIRECTION ( 'NONE',  ( -0.0000000000000000000, -1.000000000000000000, -0.0000000000000000000 ) ) ;
#6341 = DIRECTION ( 'NONE',  ( 0.0000000000000000000, 0.0000000000000000000, 1.000000000000000000 ) ) ;
#6342 = EDGE_CURVE ( 'NONE', #6534, #5691, #1882, .T. ) ;
#6343 = ADVANCED_FACE ( 'NONE', ( #4612 ), #3801, .T. ) ;
#6344 = SURFACE_SIDE_STYLE ('',( #3573 ) ) ;
#6345 = VERTEX_POINT ( 'NONE', #11042 ) ;
#6346 = PLANE ( 'NONE',  #153 ) ;
#6347 = UNCERTAINTY_MEASURE_WITH_UNIT (LENGTH_MEASURE( 1.000000000000000082E-05 ), #1003, 'distance_accuracy_value', 'NONE');
#6348 = PLANE ( 'NONE',  #9561 ) ;
#6349 = FACE_OUTER_BOUND ( 'NONE', #6477, .T. ) ;
#6350 = EDGE_CURVE ( 'NONE', #10250, #11108, #7401, .T. ) ;
#6351 = ORIENTED_EDGE ( 'NONE', *, *, #10597, .T. ) ;
#6352 = STYLED_ITEM ( 'NONE', ( #8248 ), #730 ) ;
#6353 = CARTESIAN_POINT ( 'NONE',  ( 5.060764644852000060, 2.389799999999999702, -7.606561982562000779 ) ) ;
#6354 = DIRECTION ( 'NONE',  ( 1.000000000000000000, -0.0000000000000000000, 0.0000000000000000000 ) ) ;
#6355 = EDGE_CURVE ( 'NONE', #5493, #3278, #10098, .T. ) ;
#6356 = LINE ( 'NONE', #3583, #6640 ) ;
#6357 = ORIENTED_EDGE ( 'NONE', *, *, #3202, .T. ) ;
#6358 = ORIENTED_EDGE ( 'NONE', *, *, #9919, .T. ) ;
#6359 = LINE ( 'NONE', #1738, #1291 ) ;
#6360 = ORIENTED_EDGE ( 'NONE', *, *, #4756, .F. ) ;
#6361 = VERTEX_POINT ( 'NONE', #8486 ) ;
#6362 = CARTESIAN_POINT ( 'NONE',  ( 10.35000000000000142, 0.009999999999987104274, 2.792598419361491987E-30 ) ) ;
#6363 = AXIS2_PLACEMENT_3D ( 'NONE', #8065, #5494, #10748 ) ;
#6364 = SURFACE_STYLE_FILL_AREA ( #2751 ) ;
#6365 = AXIS2_PLACEMENT_3D ( 'NONE', #76, #4655, #5669 ) ;
#6366 = DIRECTION ( 'NONE',  ( -1.000000000000000000, 0.0000000000000000000, 0.0000000000000000000 ) ) ;
#6367 = EDGE_CURVE ( 'NONE', #4538, #11565, #1995, .T. ) ;
#6368 = ORIENTED_EDGE ( 'NONE', *, *, #9358, .F. ) ;
#6369 = SURFACE_SIDE_STYLE ('',( #7263 ) ) ;
#6370 = EDGE_CURVE ( 'NONE', #859, #1810, #9251, .T. ) ;
#6371 = CARTESIAN_POINT ( 'NONE',  ( 11.96198881013000204, 2.389799999999999702, -8.000000000000000000 ) ) ;
#6372 =( NAMED_UNIT ( * ) PLANE_ANGLE_UNIT ( ) SI_UNIT ( $, .RADIAN. ) );
#6373 = MECHANICAL_DESIGN_GEOMETRIC_PRESENTATION_REPRESENTATION (  '', ( #10565 ), #7905 ) ;
#6374 =( LENGTH_UNIT ( ) NAMED_UNIT ( * ) SI_UNIT ( .MILLI., .METRE. ) );
#6375 = VECTOR ( 'NONE', #9387, 1000.000000000000000 ) ;
#6376 = ORIENTED_EDGE ( 'NONE', *, *, #3867, .T. ) ;
#6377 = ORIENTED_EDGE ( 'NONE', *, *, #7019, .T. ) ;
#6378 = ORIENTED_EDGE ( 'NONE', *, *, #5961, .T. ) ;
#6379 = LINE ( 'NONE', #2762, #1549 ) ;
#6380 = AXIS2_PLACEMENT_3D ( 'NONE', #11013, #2865, #10123 ) ;
#6381 = DIRECTION ( 'NONE',  ( 1.000000000000000000, 0.0000000000000000000, 0.0000000000000000000 ) ) ;
#6382 = ORIENTED_EDGE ( 'NONE', *, *, #1398, .T. ) ;
#6383 = DIRECTION ( 'NONE',  ( 0.0000000000000000000, 1.000000000000000000, 0.0000000000000000000 ) ) ;
#6384 = ORIENTED_EDGE ( 'NONE', *, *, #3033, .F. ) ;
#6385 = DIRECTION ( 'NONE',  ( 1.000000000000000000, 0.0000000000000000000, 0.0000000000000000000 ) ) ;
#6386 = PRESENTATION_STYLE_ASSIGNMENT (( #7112 ) ) ;
#6387 = DIRECTION ( 'NONE',  ( -0.0000000000000000000, -0.0000000000000000000, 1.000000000000000000 ) ) ;
#6388 = ORIENTED_EDGE ( 'NONE', *, *, #3825, .F. ) ;
#6389 = ORIENTED_EDGE ( 'NONE', *, *, #2905, .T. ) ;
#6390 = ORIENTED_EDGE ( 'NONE', *, *, #7656, .T. ) ;
#6391 = DIRECTION ( 'NONE',  ( 0.0000000000000000000, 0.0000000000000000000, 1.000000000000000000 ) ) ;
#6392 = PRESENTATION_STYLE_ASSIGNMENT (( #11711 ) ) ;
#6393 = LINE ( 'NONE', #1830, #778 ) ;
#6394 = ORIENTED_EDGE ( 'NONE', *, *, #9850, .F. ) ;
#6395 = ORIENTED_EDGE ( 'NONE', *, *, #9509, .F. ) ;
#6396 = DIRECTION ( 'NONE',  ( 1.000000000000000000, 0.0000000000000000000, -0.0000000000000000000 ) ) ;
#6397 = CARTESIAN_POINT ( 'NONE',  ( 1.000000000000000000, 0.8200000000000300382, 0.0000000000000000000 ) ) ;
#6398 = ORIENTED_EDGE ( 'NONE', *, *, #7103, .T. ) ;
#6399 = CARTESIAN_POINT ( 'NONE',  ( 2.799999999999999822, 5.293955920339377119E-20, -2.172639509707280370E-16 ) ) ;
#6400 =( NAMED_UNIT ( * ) PLANE_ANGLE_UNIT ( ) SI_UNIT ( $, .RADIAN. ) );
#6401 = STYLED_ITEM ( 'NONE', ( #5146 ), #10891 ) ;
#6402 = SURFACE_SIDE_STYLE ('',( #4457 ) ) ;
#6403 = EDGE_CURVE ( 'NONE', #3682, #8665, #3071, .T. ) ;
#6404 = DIRECTION ( 'NONE',  ( 0.0000000000000000000, -2.168404344971014291E-16, -1.000000000000000000 ) ) ;
#6405 = ORIENTED_EDGE ( 'NONE', *, *, #10655, .T. ) ;
#6406 = PLANE ( 'NONE',  #4058 ) ;
#6407 = DIRECTION ( 'NONE',  ( -1.000000000000000000, 0.0000000000000000000, 0.0000000000000000000 ) ) ;
#6408 = PRESENTATION_STYLE_ASSIGNMENT (( #4748 ) ) ;
#6409 = VECTOR ( 'NONE', #3586, 1000.000000000000000 ) ;
#6410 = CARTESIAN_POINT ( 'NONE',  ( 0.4599999999999999645, 2.399999999999999911, -8.000000000000000000 ) ) ;
#6411 = EDGE_LOOP ( 'NONE', ( #10921, #10177, #7617, #129 ) ) ;
#6412 = FACE_OUTER_BOUND ( 'NONE', #1032, .T. ) ;
#6413 = ORIENTED_EDGE ( 'NONE', *, *, #7103, .F. ) ;
#6414 = AXIS2_PLACEMENT_3D ( 'NONE', #4278, #1536, #3452 ) ;
#6415 = ORIENTED_EDGE ( 'NONE', *, *, #7282, .T. ) ;
#6416 = EDGE_CURVE ( 'NONE', #10779, #3725, #4727, .T. ) ;
#6417 = CARTESIAN_POINT ( 'NONE',  ( 13.20000000000000107, 0.004999999999999999237, -0.9000000000000298872 ) ) ;
#6418 = CARTESIAN_POINT ( 'NONE',  ( 15.25000000000000000, 2.149999999999999911, -0.6500000000000082379 ) ) ;
#6419 = EDGE_CURVE ( 'NONE', #6429, #7459, #1047, .T. ) ;
#6420 = CARTESIAN_POINT ( 'NONE',  ( 14.59999999999999787, 1.058791184067875424E-19, -12.20000000000123386 ) ) ;
#6421 = VECTOR ( 'NONE', #2977, 1000.000000000000227 ) ;
#6422 = EDGE_CURVE ( 'NONE', #6507, #8357, #7243, .T. ) ;
#6423 = ORIENTED_EDGE ( 'NONE', *, *, #5348, .F. ) ;
#6424 = DIRECTION ( 'NONE',  ( 0.0000000000000000000, 0.0000000000000000000, -1.000000000000000000 ) ) ;
#6425 = CARTESIAN_POINT ( 'NONE',  ( 15.42448876245000200, 0.01000000000000000021, 0.02448876244737000288 ) ) ;
#6426 = VECTOR ( 'NONE', #6331, 1000.000000000000000 ) ;
#6427 = CARTESIAN_POINT ( 'NONE',  ( 15.42448876245000200, 0.01000000000000000021, -11.27551123755000262 ) ) ;
#6428 = VERTEX_POINT ( 'NONE', #2171 ) ;
#6429 = VERTEX_POINT ( 'NONE', #8301 ) ;
#6430 = ORIENTED_EDGE ( 'NONE', *, *, #10787, .F. ) ;
#6431 = LINE ( 'NONE', #4827, #10845 ) ;
#6432 = EDGE_CURVE ( 'NONE', #5113, #8420, #2116, .T. ) ;
#6433 = FACE_OUTER_BOUND ( 'NONE', #10863, .T. ) ;
#6434 = MECHANICAL_DESIGN_GEOMETRIC_PRESENTATION_REPRESENTATION (  '', ( #2667 ), #11400 ) ;
#6435 = CARTESIAN_POINT ( 'NONE',  ( 9.450976419696001329, 2.389799999999999702, -7.869714129704997951 ) ) ;
#6436 = EDGE_CURVE ( 'NONE', #1980, #2361, #3010, .T. ) ;
#6437 = ORIENTED_EDGE ( 'NONE', *, *, #8461, .T. ) ;
#6438 = FILL_AREA_STYLE_COLOUR ( '', #100 ) ;
#6439 = VECTOR ( 'NONE', #5995, 1000.000000000000000 ) ;
#6440 = ORIENTED_EDGE ( 'NONE', *, *, #7966, .T. ) ;
#6441 = CARTESIAN_POINT ( 'NONE',  ( 11.70000000000000284, 0.8200000000000300382, -12.19999999999999929 ) ) ;
#6442 = STYLED_ITEM ( 'NONE', ( #4486 ), #4183 ) ;
#6443 =( LENGTH_UNIT ( ) NAMED_UNIT ( * ) SI_UNIT ( .MILLI., .METRE. ) );
#6444 = DIRECTION ( 'NONE',  ( 0.5466232777030902712, 0.0000000000000000000, -0.8373786433108563187 ) ) ;
#6445 = LINE ( 'NONE', #5442, #9672 ) ;
#6446 = ORIENTED_EDGE ( 'NONE', *, *, #3393, .T. ) ;
#6447 = ORIENTED_EDGE ( 'NONE', *, *, #6784, .F. ) ;
#6448 = VECTOR ( 'NONE', #9531, 1000.000000000000114 ) ;
#6449 = ORIENTED_EDGE ( 'NONE', *, *, #11597, .T. ) ;
#6450 = EDGE_CURVE ( 'NONE', #146, #1396, #10256, .T. ) ;
#6451 = SURFACE_SIDE_STYLE ('',( #1993 ) ) ;
#6452 = FILL_AREA_STYLE ('',( #10868 ) ) ;
#6453 = DIRECTION ( 'NONE',  ( 0.0000000000000000000, 1.000000000000000000, 0.0000000000000000000 ) ) ;
#6454 = VERTEX_POINT ( 'NONE', #9376 ) ;
#6455 = VERTEX_POINT ( 'NONE', #8363 ) ;
#6456 = SURFACE_STYLE_USAGE ( .BOTH. , #2903 ) ;
#6457 = PLANE ( 'NONE',  #10305 ) ;
#6458 = VECTOR ( 'NONE', #8272, 1000.000000000000000 ) ;
#6459 = DIRECTION ( 'NONE',  ( 0.6996254851787101492, 0.0000000000000000000, -0.7145097483508915381 ) ) ;
#6460 = ORIENTED_EDGE ( 'NONE', *, *, #6695, .T. ) ;
#6461 = CARTESIAN_POINT ( 'NONE',  ( 8.145833492279143329, 2.394999999999999574, -6.451063847541413487 ) ) ;
#6462 = UNCERTAINTY_MEASURE_WITH_UNIT (LENGTH_MEASURE( 1.000000000000000082E-05 ), #2026, 'distance_accuracy_value', 'NONE');
#6463 = CIRCLE ( 'NONE', #9515, 0.2500000000000002220 ) ;
#6464 = DIRECTION ( 'NONE',  ( -0.0000000000000000000, -0.0000000000000000000, -1.000000000000000000 ) ) ;
#6465 = DIRECTION ( 'NONE',  ( 0.0000000000000000000, 0.0000000000000000000, 1.000000000000000000 ) ) ;
#6466 = VECTOR ( 'NONE', #9327, 1000.000000000000000 ) ;
#6467 = DIRECTION ( 'NONE',  ( 0.0000000000000000000, 0.0000000000000000000, -1.000000000000000000 ) ) ;
#6468 = ORIENTED_EDGE ( 'NONE', *, *, #275, .T. ) ;
#6469 = PRODUCT_DEFINITION_FORMATION_WITH_SPECIFIED_SOURCE ( 'ANY', '', #30, .NOT_KNOWN. ) ;
#6470 = SURFACE_STYLE_USAGE ( .BOTH. , #9210 ) ;
#6471 = DIRECTION ( 'NONE',  ( -0.0000000000000000000, -1.000000000000000000, -0.0000000000000000000 ) ) ;
#6472 = AXIS2_PLACEMENT_3D ( 'NONE', #11375, #6014, #2265 ) ;
#6473 = CARTESIAN_POINT ( 'NONE',  ( 1.700000000000000178, 0.004999999999999999237, -3.388131789017201356E-18 ) ) ;
#6474 = SURFACE_SIDE_STYLE ('',( #7252 ) ) ;
#6475 = VECTOR ( 'NONE', #1941, 1000.000000000000114 ) ;
#6476 = PRESENTATION_STYLE_ASSIGNMENT (( #4573 ) ) ;
#6477 = EDGE_LOOP ( 'NONE', ( #907, #8545, #10908, #8652 ) ) ;
#6478 = ADVANCED_FACE ( 'NONE', ( #4905 ), #11105, .F. ) ;
#6479 = ORIENTED_EDGE ( 'NONE', *, *, #10824, .F. ) ;
#6480 = FACE_OUTER_BOUND ( 'NONE', #9991, .T. ) ;
#6481 = VECTOR ( 'NONE', #3641, 1000.000000000000000 ) ;
#6482 = DIRECTION ( 'NONE',  ( -0.4547769731219334366, 0.0000000000000000000, -0.8906053585725005606 ) ) ;
#6483 =( NAMED_UNIT ( * ) PLANE_ANGLE_UNIT ( ) SI_UNIT ( $, .RADIAN. ) );
#6484 = ORIENTED_EDGE ( 'NONE', *, *, #8407, .T. ) ;
#6485 = LINE ( 'NONE', #9053, #3738 ) ;
#6486 =( NAMED_UNIT ( * ) SI_UNIT ( $, .STERADIAN. ) SOLID_ANGLE_UNIT ( ) );
#6487 = ADVANCED_FACE ( 'NONE', ( #9434 ), #4850, .F. ) ;
#6488 = FILL_AREA_STYLE ('',( #4586 ) ) ;
#6489 = CARTESIAN_POINT ( 'NONE',  ( 3.624488762447001022, 0.01000000000000000021, -11.27551123755000262 ) ) ;
#6490 =( LENGTH_UNIT ( ) NAMED_UNIT ( * ) SI_UNIT ( .MILLI., .METRE. ) );
#6491 = ORIENTED_EDGE ( 'NONE', *, *, #8461, .F. ) ;
#6492 = EDGE_LOOP ( 'NONE', ( #4044, #10736, #8980, #2601, #9964, #5973, #5418, #9454, #5299, #11562, #6252, #10502, #10777, #4508, #387, #7523, #6003, #8701, #377, #1831, #2668, #8589, #8646, #3687, #3778, #10478, #5599, #3588, #1484, #8155, #5602, #11197, #206, #10930, #7637, #10969, #7365, #11750, #289, #4193, #1618, #6651, #4630, #10296, #8698, #4836, #3566, #1038, #6508, #101, #11704, #1951, #928, #10353, #3550, #9170, #4256, #9935, #10371, #11283, #10557, #1041, #10811, #9656, #3193, #370, #2843, #7922, #1128, #5432, #307, #9291, #10475, #5268, #7275, #8751, #9803, #3215, #10638, #9806, #5745, #9162, #11535, #2749, #5364, #795, #7566, #3003, #8458, #6545, #5715, #6394, #6741, #4897, #9733, #1091, #8878, #8302, #1936, #7372 ) ) ;
#6493 = DIRECTION ( 'NONE',  ( -1.000000000000000000, 0.0000000000000000000, 0.0000000000000000000 ) ) ;
#6494 = EDGE_CURVE ( 'NONE', #1861, #10952, #6568, .T. ) ;
#6495 = CARTESIAN_POINT ( 'NONE',  ( 10.20000000000000107, 0.009999999999999998473, -1.129377263005733721E-18 ) ) ;
#6496 = VECTOR ( 'NONE', #8587, 1000.000000000000000 ) ;
#6497 = CARTESIAN_POINT ( 'NONE',  ( 1.399999999999999911, 0.01020000000000000073, -0.9244887624473999699 ) ) ;
#6498 = VERTEX_POINT ( 'NONE', #2053 ) ;
#6499 = CARTESIAN_POINT ( 'NONE',  ( 9.487500047146477655, 2.399999999999999911, -6.570212769142345977 ) ) ;
#6500 = ORIENTED_EDGE ( 'NONE', *, *, #8921, .T. ) ;
#6501 = VECTOR ( 'NONE', #444, 1000.000000000000000 ) ;
#6502 = CYLINDRICAL_SURFACE ( 'NONE', #10534, 0.2499999999999999445 ) ;
#6503 = EDGE_CURVE ( 'NONE', #7688, #4062, #1280, .T. ) ;
#6504 =( NAMED_UNIT ( * ) PLANE_ANGLE_UNIT ( ) SI_UNIT ( $, .RADIAN. ) );
#6505 = DIRECTION ( 'NONE',  ( 0.0000000000000000000, 1.000000000000000000, 0.0000000000000000000 ) ) ;
#6506 = FACE_OUTER_BOUND ( 'NONE', #2610, .T. ) ;
#6507 = VERTEX_POINT ( 'NONE', #4793 ) ;
#6508 = ORIENTED_EDGE ( 'NONE', *, *, #8908, .F. ) ;
#6509 = EDGE_CURVE ( 'NONE', #8119, #2386, #8543, .T. ) ;
#6510 = EDGE_LOOP ( 'NONE', ( #4177, #2531, #9119, #727 ) ) ;
#6511 = CIRCLE ( 'NONE', #8042, 0.2500000000000002220 ) ;
#6512 = VECTOR ( 'NONE', #7453, 1000.000000000000000 ) ;
#6513 = DIRECTION ( 'NONE',  ( 0.8906056220672322610, 0.0000000000000000000, 0.4547764571107855702 ) ) ;
#6514 = FACE_OUTER_BOUND ( 'NONE', #939, .T. ) ;
#6515 = DIRECTION ( 'NONE',  ( 0.6506283051932759687, 0.0000000000000000000, -0.7593963447906009190 ) ) ;
#6516 = ORIENTED_EDGE ( 'NONE', *, *, #516, .T. ) ;
#6517 = ORIENTED_EDGE ( 'NONE', *, *, #3393, .F. ) ;
#6518 = EDGE_CURVE ( 'NONE', #7573, #8292, #5856, .T. ) ;
#6519 = LINE ( 'NONE', #10154, #5375 ) ;
#6520 = COLOUR_RGB ( '',0.9803921568627450567, 0.6274509803921568540, 0.0000000000000000000 ) ;
#6521 = CARTESIAN_POINT ( 'NONE',  ( 2.100000000000000089, 0.8200000000000300382, 0.0000000000000000000 ) ) ;
#6522 = ORIENTED_EDGE ( 'NONE', *, *, #3170, .F. ) ;
#6523 = LINE ( 'NONE', #4804, #3497 ) ;
#6524 = CARTESIAN_POINT ( 'NONE',  ( 6.512500047683944970, 2.399999999999999911, -7.165957462787919674 ) ) ;
#6525 = VECTOR ( 'NONE', #1752, 1000.000000000000000 ) ;
#6526 = CARTESIAN_POINT ( 'NONE',  ( 1.700000000000000622, -1.058791184067875424E-19, -12.20000000000123386 ) ) ;
#6527 = DIRECTION ( 'NONE',  ( 0.6996234726673963289, 0.0000000000000000000, -0.7145117189331556817 ) ) ;
#6528 = ADVANCED_FACE ( 'NONE', ( #11578 ), #9554, .F. ) ;
#6529 = CARTESIAN_POINT ( 'NONE',  ( 9.487500048039166245, 2.399999999999999911, -7.523404269866486693 ) ) ;
#6530 = FILL_AREA_STYLE_COLOUR ( '', #6539 ) ;
#6531 = DIRECTION ( 'NONE',  ( 0.0000000000000000000, 1.000000000000000000, 0.0000000000000000000 ) ) ;
#6532 = DIRECTION ( 'NONE',  ( 0.0000000000000000000, 1.000000000000000000, 0.0000000000000000000 ) ) ;
#6533 = ORIENTED_EDGE ( 'NONE', *, *, #6200, .F. ) ;
#6534 = VERTEX_POINT ( 'NONE', #493 ) ;
#6535 = LINE ( 'NONE', #9396, #4501 ) ;
#6536 = DIRECTION ( 'NONE',  ( -0.0000000000000000000, 1.000000000000000000, -0.0000000000000000000 ) ) ;
#6537 = PRESENTATION_LAYER_ASSIGNMENT (  '', '', ( #9024 ) ) ;
#6538 = PLANE ( 'NONE',  #2820 ) ;
#6539 = COLOUR_RGB ( '',0.9803921568627450567, 0.6274509803921568540, 0.0000000000000000000 ) ;
#6540 = VERTEX_POINT ( 'NONE', #7879 ) ;
#6541 = LINE ( 'NONE', #9228, #8444 ) ;
#6542 = LINE ( 'NONE', #7554, #7051 ) ;
#6543 = SURFACE_STYLE_USAGE ( .BOTH. , #6664 ) ;
#6544 =( NAMED_UNIT ( * ) PLANE_ANGLE_UNIT ( ) SI_UNIT ( $, .RADIAN. ) );
#6545 = ORIENTED_EDGE ( 'NONE', *, *, #4625, .F. ) ;
#6546 = ORIENTED_EDGE ( 'NONE', *, *, #11536, .F. ) ;
#6547 = VERTEX_POINT ( 'NONE', #7761 ) ;
#6548 = FACE_OUTER_BOUND ( 'NONE', #5628, .T. ) ;
#6549 = CARTESIAN_POINT ( 'NONE',  ( 5.054166936874000982, 2.394999999999999574, -6.510638308524883122 ) ) ;
#6550 = CARTESIAN_POINT ( 'NONE',  ( 10.60000000000000142, 0.009999999999974222217, 1.756407519426636498E-16 ) ) ;
#6551 = VERTEX_POINT ( 'NONE', #2294 ) ;
#6552 = VECTOR ( 'NONE', #2319, 1000.000000000000000 ) ;
#6553 = CARTESIAN_POINT ( 'NONE',  ( 9.487500047684003235, 2.389999999999999680, -7.523404270410998684 ) ) ;
#6554 = EDGE_CURVE ( 'NONE', #2328, #1691, #5086, .T. ) ;
#6555 = VERTEX_POINT ( 'NONE', #4316 ) ;
#6556 = EDGE_CURVE ( 'NONE', #10681, #852, #11464, .T. ) ;
#6557 = DIRECTION ( 'NONE',  ( -0.0000000000000000000, 1.000000000000000000, -0.0000000000000000000 ) ) ;
#6558 = DIRECTION ( 'NONE',  ( -1.000000000000000000, 0.0000000000000000000, 0.0000000000000000000 ) ) ;
#6559 = DIRECTION ( 'NONE',  ( -0.8373800750017974526, 0.0000000000000000000, 0.5466210844725841733 ) ) ;
#6560 = DIRECTION ( 'NONE',  ( -1.000000000000000000, 0.0000000000000000000, 0.0000000000000000000 ) ) ;
#6561 = ORIENTED_EDGE ( 'NONE', *, *, #313, .T. ) ;
#6562 = ORIENTED_EDGE ( 'NONE', *, *, #4555, .F. ) ;
#6563 = ORIENTED_EDGE ( 'NONE', *, *, #1737, .T. ) ;
#6564 = VECTOR ( 'NONE', #9402, 1000.000000000000000 ) ;
#6565 = EDGE_CURVE ( 'NONE', #8658, #2188, #2417, .T. ) ;
#6566 = CARTESIAN_POINT ( 'NONE',  ( 5.404166936874233329, 2.389999999999999680, -7.582978731394025118 ) ) ;
#6567 = DIRECTION ( 'NONE',  ( 0.0000000000000000000, 0.0000000000000000000, -1.000000000000000000 ) ) ;
#6568 = LINE ( 'NONE', #10203, #5723 ) ;
#6569 = EDGE_LOOP ( 'NONE', ( #3549, #4264, #10899, #5928 ) ) ;
#6570 = DIRECTION ( 'NONE',  ( 0.0000000000000000000, 1.000000000000000000, 0.0000000000000000000 ) ) ;
#6571 = ADVANCED_FACE ( 'NONE', ( #4260 ), #10377, .F. ) ;
#6572 = ORIENTED_EDGE ( 'NONE', *, *, #4261, .F. ) ;
#6573 = EDGE_CURVE ( 'NONE', #10832, #9825, #9614, .T. ) ;
#6574 = LINE ( 'NONE', #8304, #10926 ) ;
#6575 = DIRECTION ( 'NONE',  ( -1.000000000000000000, 0.0000000000000000000, 0.0000000000000000000 ) ) ;
#6576 = CARTESIAN_POINT ( 'NONE',  ( 2.500000000000000000, 0.0000000000000000000, -6.099999999999999645 ) ) ;
#6577 = VERTEX_POINT ( 'NONE', #2358 ) ;
#6578 = DIRECTION ( 'NONE',  ( 0.0000000000000000000, -4.336808689942013792E-16, -1.000000000000000000 ) ) ;
#6579 = UNCERTAINTY_MEASURE_WITH_UNIT (LENGTH_MEASURE( 1.000000000000000082E-05 ), #9253, 'distance_accuracy_value', 'NONE');
#6580 = EDGE_CURVE ( 'NONE', #6428, #2117, #4201, .T. ) ;
#6581 = LINE ( 'NONE', #8313, #8220 ) ;
#6582 = PRESENTATION_LAYER_ASSIGNMENT (  '', '', ( #8678 ) ) ;
#6583 = CARTESIAN_POINT ( 'NONE',  ( 13.20000000000122853, 1.588186776101813136E-19, -0.9000000000000077938 ) ) ;
#6584 = LINE ( 'NONE', #7481, #4858 ) ;
#6585 = ORIENTED_EDGE ( 'NONE', *, *, #7003, .T. ) ;
#6586 = SURFACE_STYLE_USAGE ( .BOTH. , #2974 ) ;
#6587 = LINE ( 'NONE', #10169, #4932 ) ;
#6588 = ORIENTED_EDGE ( 'NONE', *, *, #763, .F. ) ;
#6589 = ORIENTED_EDGE ( 'NONE', *, *, #3486, .T. ) ;
#6590 = VECTOR ( 'NONE', #7776, 1000.000000000000000 ) ;
#6591 = EDGE_CURVE ( 'NONE', #11323, #3675, #6865, .T. ) ;
#6592 = DIRECTION ( 'NONE',  ( 0.0000000000000000000, -1.000000000000000000, 2.168404344970991858E-16 ) ) ;
#6593 = EDGE_CURVE ( 'NONE', #4883, #2760, #5147, .T. ) ;
#6594 = CARTESIAN_POINT ( 'NONE',  ( 5.799999999999999822, 0.004999999999999999237, -12.20000000000249507 ) ) ;
#6595 = DIRECTION ( 'NONE',  ( 0.0000000000000000000, 1.000000000000000000, 0.0000000000000000000 ) ) ;
#6596 = ORIENTED_EDGE ( 'NONE', *, *, #11021, .T. ) ;
#6597 = DIRECTION ( 'NONE',  ( -0.0000000000000000000, -0.0000000000000000000, -1.000000000000000000 ) ) ;
#6598 = VECTOR ( 'NONE', #7794, 1000.000000000000000 ) ;
#6599 = CARTESIAN_POINT ( 'NONE',  ( 12.34583340883045999, 2.399999999999999911, -7.702127653359320369 ) ) ;
#6600 = CARTESIAN_POINT ( 'NONE',  ( 16.00000000000000000, 0.8199999999999999512, -6.099999999999999645 ) ) ;
#6601 = LINE ( 'NONE', #10236, #8552 ) ;
#6602 = ORIENTED_EDGE ( 'NONE', *, *, #8611, .F. ) ;
#6603 = PLANE ( 'NONE',  #3774 ) ;
#6604 = ORIENTED_EDGE ( 'NONE', *, *, #713, .F. ) ;
#6605 = CARTESIAN_POINT ( 'NONE',  ( 7.200000000000001066, 0.009999999999999989800, -12.19999999999999751 ) ) ;
#6606 =( GEOMETRIC_REPRESENTATION_CONTEXT ( 3 ) GLOBAL_UNCERTAINTY_ASSIGNED_CONTEXT ( ( #8496 ) ) GLOBAL_UNIT_ASSIGNED_CONTEXT ( ( #8312, #278, #1229 ) ) REPRESENTATION_CONTEXT ( 'NONE', 'WORKASPACE' ) );
#6607 = VECTOR ( 'NONE', #3187, 1000.000000000000114 ) ;
#6608 = VERTEX_POINT ( 'NONE', #7941 ) ;
#6609 = CARTESIAN_POINT ( 'NONE',  ( 5.404166937769931067, 2.400000000000000355, -7.582978732308681025 ) ) ;
#6610 = CARTESIAN_POINT ( 'NONE',  ( 15.24999999999999645, 2.147643840391712189, -11.74998889677723923 ) ) ;
#6611 = VECTOR ( 'NONE', #2916, 1000.000000000000227 ) ;
#6612 = ORIENTED_EDGE ( 'NONE', *, *, #9814, .T. ) ;
#6613 =( NAMED_UNIT ( * ) SI_UNIT ( $, .STERADIAN. ) SOLID_ANGLE_UNIT ( ) );
#6614 = LINE ( 'NONE', #10367, #7085 ) ;
#6615 = LINE ( 'NONE', #5673, #8814 ) ;
#6616 = PLANE ( 'NONE',  #2068 ) ;
#6617 = VERTEX_POINT ( 'NONE', #10435 ) ;
#6618 = ORIENTED_EDGE ( 'NONE', *, *, #5228, .T. ) ;
#6619 = AXIS2_PLACEMENT_3D ( 'NONE', #4125, #2937, #5127 ) ;
#6620 = ORIENTED_EDGE ( 'NONE', *, *, #2503, .F. ) ;
#6621 = DIRECTION ( 'NONE',  ( 0.0000000000000000000, 0.0000000000000000000, -1.000000000000000000 ) ) ;
#6622 = EDGE_CURVE ( 'NONE', #2921, #6183, #8598, .T. ) ;
#6623 = VECTOR ( 'NONE', #8516, 1000.000000000000000 ) ;
#6624 = DIRECTION ( 'NONE',  ( -0.0000000000000000000, -1.000000000000000000, -0.0000000000000000000 ) ) ;
#6625 = AXIS2_PLACEMENT_3D ( 'NONE', #7774, #6818, #10581 ) ;
#6626 = CARTESIAN_POINT ( 'NONE',  ( 10.35000000000000142, 0.8200000000000149392, 0.0000000000000000000 ) ) ;
#6627 = CARTESIAN_POINT ( 'NONE',  ( 4.062500047683500703, 2.389999999999999680, -7.523404270410500416 ) ) ;
#6628 = ORIENTED_EDGE ( 'NONE', *, *, #4392, .F. ) ;
#6629 = CARTESIAN_POINT ( 'NONE',  ( 2.025914875918000124, 2.389999999999999680, -0.8755112375526002966 ) ) ;
#6630 = ORIENTED_EDGE ( 'NONE', *, *, #9304, .T. ) ;
#6631 = CARTESIAN_POINT ( 'NONE',  ( 1.399999999999999911, 0.0000000000000000000, -6.100000000000000533 ) ) ;
#6632 = VECTOR ( 'NONE', #955, 1000.000000000000000 ) ;
#6633 = EDGE_CURVE ( 'NONE', #6540, #5493, #7066, .T. ) ;
#6634 = DIRECTION ( 'NONE',  ( -0.0000000000000000000, -0.0000000000000000000, 1.000000000000000000 ) ) ;
#6635 = VERTEX_POINT ( 'NONE', #440 ) ;
#6636 = SURFACE_SIDE_STYLE ('',( #7536 ) ) ;
#6637 = EDGE_CURVE ( 'NONE', #1405, #1840, #3312, .T. ) ;
#6638 = EDGE_CURVE ( 'NONE', #8892, #1840, #2509, .T. ) ;
#6639 = LINE ( 'NONE', #2067, #3291 ) ;
#6640 = VECTOR ( 'NONE', #7192, 1000.000000000000000 ) ;
#6641 = CYLINDRICAL_SURFACE ( 'NONE', #10471, 0.2500000000000002220 ) ;
#6642 = MECHANICAL_DESIGN_GEOMETRIC_PRESENTATION_REPRESENTATION (  '', ( #8941 ), #1727 ) ;
#6643 = CARTESIAN_POINT ( 'NONE',  ( 4.495321920940000382, 2.389799999999999702, -8.000000000000000000 ) ) ;
#6644 = ORIENTED_EDGE ( 'NONE', *, *, #5058, .T. ) ;
#6645 = CARTESIAN_POINT ( 'NONE',  ( 0.4599999999999999645, 2.399999999999999911, -0.6500000000000001332 ) ) ;
#6646 = EDGE_CURVE ( 'NONE', #9284, #5567, #10627, .T. ) ;
#6647 =( GEOMETRIC_REPRESENTATION_CONTEXT ( 3 ) GLOBAL_UNCERTAINTY_ASSIGNED_CONTEXT ( ( #5753 ) ) GLOBAL_UNIT_ASSIGNED_CONTEXT ( ( #5454, #8079, #10987 ) ) REPRESENTATION_CONTEXT ( 'NONE', 'WORKASPACE' ) );
#6648 = DIRECTION ( 'NONE',  ( -0.9689178307909460663, 0.0000000000000000000, -0.2473827746132857552 ) ) ;
#6649 = DIRECTION ( 'NONE',  ( -1.000000000000000000, -0.0000000000000000000, -0.0000000000000000000 ) ) ;
#6650 = CYLINDRICAL_SURFACE ( 'NONE', #7184, 0.2500000000000002220 ) ;
#6651 = ORIENTED_EDGE ( 'NONE', *, *, #2008, .F. ) ;
#6652 = ORIENTED_EDGE ( 'NONE', *, *, #7756, .T. ) ;
#6653 = ADVANCED_FACE ( 'NONE', ( #6747 ), #5207, .F. ) ;
#6654 = PRESENTATION_LAYER_ASSIGNMENT (  '', '', ( #10661 ) ) ;
#6655 = CARTESIAN_POINT ( 'NONE',  ( 2.500000000000000000, 5.293955920339377119E-20, -12.20000000000062279 ) ) ;
#6656 = CARTESIAN_POINT ( 'NONE',  ( 9.312500047684004301, 2.389999999999999680, -6.451063847541999685 ) ) ;
#6657 = PRESENTATION_LAYER_ASSIGNMENT (  '', '', ( #10266 ) ) ;
#6658 = CARTESIAN_POINT ( 'NONE',  ( 10.85000000000000142, 0.8200000000000149392, -12.19999999999999929 ) ) ;
#6659 = VECTOR ( 'NONE', #9464, 1000.000000000000000 ) ;
#6660 = DIRECTION ( 'NONE',  ( -0.6996255164454430187, -0.0000000000000000000, -0.7145097177354883256 ) ) ;
#6661 = CIRCLE ( 'NONE', #5912, 0.2499999999999997780 ) ;
#6662 = ADVANCED_FACE ( 'NONE', ( #3192 ), #11639, .F. ) ;
#6663 = DIRECTION ( 'NONE',  ( 1.000000000000000000, -0.0000000000000000000, -0.0000000000000000000 ) ) ;
#6664 = SURFACE_SIDE_STYLE ('',( #4766 ) ) ;
#6665 = DIRECTION ( 'NONE',  ( -0.0000000000000000000, 1.000000000000000000, -0.0000000000000000000 ) ) ;
#6666 = VERTEX_POINT ( 'NONE', #9011 ) ;
#6667 = LINE ( 'NONE', #7502, #4149 ) ;
#6668 = VERTEX_POINT ( 'NONE', #8116 ) ;
#6669 =( NAMED_UNIT ( * ) PLANE_ANGLE_UNIT ( ) SI_UNIT ( $, .RADIAN. ) );
#6670 = CARTESIAN_POINT ( 'NONE',  ( 11.70000000000000284, 0.8200000000000299272, -0.2500000000000019429 ) ) ;
#6671 = MECHANICAL_DESIGN_GEOMETRIC_PRESENTATION_REPRESENTATION (  '', ( #962 ), #4028 ) ;
#6672 = VECTOR ( 'NONE', #9494, 1000.000000000000000 ) ;
#6673 = CARTESIAN_POINT ( 'NONE',  ( 9.079166603088586029, 2.394999999999999574, -6.093617081642001665 ) ) ;
#6674 = ORIENTED_EDGE ( 'NONE', *, *, #10968, .T. ) ;
#6675 =( NAMED_UNIT ( * ) PLANE_ANGLE_UNIT ( ) SI_UNIT ( $, .RADIAN. ) );
#6676 = EDGE_LOOP ( 'NONE', ( #8364, #5255, #5476, #8815 ) ) ;
#6677 = DIRECTION ( 'NONE',  ( -7.523163845262640051E-31, -1.000000000000000000, 2.168404344971007142E-16 ) ) ;
#6678 = DIRECTION ( 'NONE',  ( 1.000000000000000000, 0.0000000000000000000, 0.0000000000000000000 ) ) ;
#6679 = ADVANCED_FACE ( 'NONE', ( #10018 ), #1815, .F. ) ;
#6680 = LINE ( 'NONE', #4718, #8432 ) ;
#6681 = CARTESIAN_POINT ( 'NONE',  ( 11.70000000000000284, 0.8200000000000300382, -12.19999999999999929 ) ) ;
#6682 = CIRCLE ( 'NONE', #7260, 0.2500000000000002220 ) ;
#6683 = ORIENTED_EDGE ( 'NONE', *, *, #3980, .F. ) ;
#6684 = ORIENTED_EDGE ( 'NONE', *, *, #7233, .T. ) ;
#6685 = VERTEX_POINT ( 'NONE', #9963 ) ;
#6686 = LINE ( 'NONE', #10314, #3446 ) ;
#6687 = LINE ( 'NONE', #2170, #9835 ) ;
#6688 = DIRECTION ( 'NONE',  ( -1.000000000000000000, -0.0000000000000000000, -0.0000000000000000000 ) ) ;
#6689 = VECTOR ( 'NONE', #8819, 1000.000000000000000 ) ;
#6690 = EDGE_LOOP ( 'NONE', ( #4026, #10429, #10032, #1739 ) ) ;
#6691 = DIRECTION ( 'NONE',  ( 0.0000000000000000000, 1.000000000000000000, 0.0000000000000000000 ) ) ;
#6692 = VERTEX_POINT ( 'NONE', #849 ) ;
#6693 = SURFACE_STYLE_USAGE ( .BOTH. , #8489 ) ;
#6694 = DIRECTION ( 'NONE',  ( -1.000000000000000000, 0.0000000000000000000, 0.0000000000000000000 ) ) ;
#6695 = EDGE_CURVE ( 'NONE', #9770, #2745, #8001, .T. ) ;
#6696 = AXIS2_PLACEMENT_3D ( 'NONE', #10462, #8805, #698 ) ;
#6697 = DIRECTION ( 'NONE',  ( 0.0000000000000000000, 0.0000000000000000000, 1.000000000000000000 ) ) ;
#6698 = ORIENTED_EDGE ( 'NONE', *, *, #10521, .F. ) ;
#6699 =( LENGTH_UNIT ( ) NAMED_UNIT ( * ) SI_UNIT ( .MILLI., .METRE. ) );
#6700 = UNCERTAINTY_MEASURE_WITH_UNIT (LENGTH_MEASURE( 1.000000000000000082E-05 ), #9690, 'distance_accuracy_value', 'NONE');
#6701 = PLANE ( 'NONE',  #8037 ) ;
#6702 = PLANE ( 'NONE',  #7234 ) ;
#6703 = VECTOR ( 'NONE', #9743, 1000.000000000000000 ) ;
#6704 = LINE ( 'NONE', #398, #4299 ) ;
#6705 = ORIENTED_EDGE ( 'NONE', *, *, #6450, .F. ) ;
#6706 = FACE_OUTER_BOUND ( 'NONE', #10688, .T. ) ;
#6707 = ADVANCED_FACE ( 'NONE', ( #9064 ), #4487, .F. ) ;
#6708 = ADVANCED_FACE ( 'NONE', ( #10850 ), #1641, .T. ) ;
#6709 = CARTESIAN_POINT ( 'NONE',  ( 8.729166769981498319, 2.399999999999999911, -7.672340422868500376 ) ) ;
#6710 = CARTESIAN_POINT ( 'NONE',  ( 5.637500047684249616, 2.389999999999999680, -6.093617081641797384 ) ) ;
#6711 = CARTESIAN_POINT ( 'NONE',  ( -0.3200000000000000622, -0.02448876244737000288, 0.0000000000000000000 ) ) ;
#6712 = CARTESIAN_POINT ( 'NONE',  ( 7.200000000000001066, 0.009999999999999998473, -11.75000000000000178 ) ) ;
#6713 = ORIENTED_EDGE ( 'NONE', *, *, #5708, .T. ) ;
#6714 = VECTOR ( 'NONE', #7248, 999.9999999999998863 ) ;
#6715 = CARTESIAN_POINT ( 'NONE',  ( 16.00000000000000000, 0.4100000000000149636, -12.19999999999999929 ) ) ;
#6716 = EDGE_CURVE ( 'NONE', #10662, #6361, #3555, .T. ) ;
#6717 = EDGE_CURVE ( 'NONE', #11156, #9759, #5320, .T. ) ;
#6718 = FACE_OUTER_BOUND ( 'NONE', #8177, .T. ) ;
#6719 = VECTOR ( 'NONE', #8886, 1000.000000000000000 ) ;
#6720 = CARTESIAN_POINT ( 'NONE',  ( 14.15000000000000036, 0.8200000000000149392, -3.256119351777733594E-30 ) ) ;
#6721 = CARTESIAN_POINT ( 'NONE',  ( 0.5000000000000000000, 1.485000000000000098, -0.6499999999999992450 ) ) ;
#6722 = CARTESIAN_POINT ( 'NONE',  ( 0.0000000000000000000, 0.4100000000000149636, -12.19999999999999751 ) ) ;
#6723 = VERTEX_POINT ( 'NONE', #8950 ) ;
#6724 = EDGE_LOOP ( 'NONE', ( #5369, #1826, #3585, #2219 ) ) ;
#6725 = LINE ( 'NONE', #6838, #2245 ) ;
#6726 = ORIENTED_EDGE ( 'NONE', *, *, #5051, .T. ) ;
#6727 = MECHANICAL_DESIGN_GEOMETRIC_PRESENTATION_REPRESENTATION (  '', ( #644 ), #9399 ) ;
#6728 = EDGE_CURVE ( 'NONE', #8055, #2259, #7047, .T. ) ;
#6729 = AXIS2_PLACEMENT_3D ( 'NONE', #3161, #6772, #6896 ) ;
#6730 = EDGE_CURVE ( 'NONE', #3476, #2693, #732, .T. ) ;
#6731 = LINE ( 'NONE', #6967, #2327 ) ;
#6732 = ORIENTED_EDGE ( 'NONE', *, *, #6866, .T. ) ;
#6733 = SURFACE_SIDE_STYLE ('',( #2099 ) ) ;
#6734 = EDGE_LOOP ( 'NONE', ( #5660, #11305 ) ) ;
#6735 = CARTESIAN_POINT ( 'NONE',  ( 6.099999999999999645, 0.004999999999999999237, -11.29999999999750848 ) ) ;
#6736 = DIRECTION ( 'NONE',  ( -0.2377717410622981475, 0.0000000000000000000, 0.9713210587402104634 ) ) ;
#6737 = VECTOR ( 'NONE', #11029, 1000.000000000000000 ) ;
#6738 = DIRECTION ( 'NONE',  ( -0.0000000000000000000, -0.0000000000000000000, 1.000000000000000000 ) ) ;
#6739 =( LENGTH_UNIT ( ) NAMED_UNIT ( * ) SI_UNIT ( .MILLI., .METRE. ) );
#6740 = CIRCLE ( 'NONE', #1048, 0.2500000000000002220 ) ;
#6741 = ORIENTED_EDGE ( 'NONE', *, *, #9197, .F. ) ;
#6742 = ORIENTED_EDGE ( 'NONE', *, *, #2050, .F. ) ;
#6743 = EDGE_LOOP ( 'NONE', ( #5377, #10425, #4865, #6962, #5764, #707, #3860, #2035 ) ) ;
#6744 = CARTESIAN_POINT ( 'NONE',  ( 8.000000000000000000, 0.009999999999999995004, 0.0000000000000000000 ) ) ;
#6745 = ADVANCED_FACE ( 'NONE', ( #4372 ), #8062, .T. ) ;
#6746 = DIRECTION ( 'NONE',  ( -1.000000000000000000, -0.0000000000000000000, -0.0000000000000000000 ) ) ;
#6747 = FACE_OUTER_BOUND ( 'NONE', #7268, .T. ) ;
#6748 = COLOUR_RGB ( '',0.9803921568627450567, 0.6274509803921568540, 0.0000000000000000000 ) ;
#6749 = ORIENTED_EDGE ( 'NONE', *, *, #8321, .T. ) ;
#6750 = FILL_AREA_STYLE_COLOUR ( '', #6748 ) ;
#6751 = EDGE_LOOP ( 'NONE', ( #10906, #6798, #84, #7194 ) ) ;
#6752 = CARTESIAN_POINT ( 'NONE',  ( 11.70000000000000284, 0.8200000000000300382, 1.215596970137845094E-45 ) ) ;
#6753 = CARTESIAN_POINT ( 'NONE',  ( 2.100000000000000089, 0.009999999999974222217, -12.19999999999999929 ) ) ;
#6754 = PRESENTATION_LAYER_ASSIGNMENT (  '', '', ( #5244 ) ) ;
#6755 = DIRECTION ( 'NONE',  ( 0.0000000000000000000, 0.0000000000000000000, 1.000000000000000000 ) ) ;
#6756 = VECTOR ( 'NONE', #11103, 1000.000000000000000 ) ;
#6757 = VECTOR ( 'NONE', #111, 1000.000000000000000 ) ;
#6758 = ORIENTED_EDGE ( 'NONE', *, *, #6638, .T. ) ;
#6759 = CYLINDRICAL_SURFACE ( 'NONE', #2651, 0.2500000000000019429 ) ;
#6760 = FILL_AREA_STYLE_COLOUR ( '', #1356 ) ;
#6761 = CARTESIAN_POINT ( 'NONE',  ( 14.75000000000000000, 0.4100000000000150191, 0.0000000000000000000 ) ) ;
#6762 = PLANE ( 'NONE',  #11253 ) ;
#6763 = LINE ( 'NONE', #10391, #10747 ) ;
#6764 = DIRECTION ( 'NONE',  ( -0.8906056381927124344, 0.0000000000000000000, 0.4547764255316577020 ) ) ;
#6765 = CARTESIAN_POINT ( 'NONE',  ( 8.000000000000000000, 0.0000000000000000000, -11.30000000000000071 ) ) ;
#6766 = EDGE_LOOP ( 'NONE', ( #4915, #3852, #4070, #1318 ) ) ;
#6767 = VECTOR ( 'NONE', #6308, 1000.000000000000000 ) ;
#6768 = DIRECTION ( 'NONE',  ( 1.000000000000000000, 0.0000000000000000000, 0.0000000000000000000 ) ) ;
#6769 = EDGE_CURVE ( 'NONE', #8816, #8937, #9904, .T. ) ;
#6770 = DIRECTION ( 'NONE',  ( 0.0000000000000000000, -1.000000000000000000, 2.168404344971021934E-16 ) ) ;
#6771 = EDGE_LOOP ( 'NONE', ( #6320, #10653, #6533, #5057 ) ) ;
#6772 = DIRECTION ( 'NONE',  ( 0.0000000000000000000, -1.000000000000000000, 2.168404344970991858E-16 ) ) ;
#6773 = LINE ( 'NONE', #2262, #3068 ) ;
#6774 = DIRECTION ( 'NONE',  ( -0.6996254851787123696, 0.0000000000000000000, 0.7145097483508894287 ) ) ;
#6775 = VECTOR ( 'NONE', #2231, 1000.000000000000000 ) ;
#6776 = CARTESIAN_POINT ( 'NONE',  ( 6.220833158492999004, 2.389999999999999680, -6.391489386558999897 ) ) ;
#6777 = ORIENTED_EDGE ( 'NONE', *, *, #10202, .T. ) ;
#6778 = ADVANCED_FACE ( 'NONE', ( #1925 ), #74, .F. ) ;
#6779 = EDGE_LOOP ( 'NONE', ( #4731, #2041, #956, #7034 ) ) ;
#6780 = CARTESIAN_POINT ( 'NONE',  ( -0.3200000000000000622, -0.02448876244737000288, 0.0000000000000000000 ) ) ;
#6781 = ORIENTED_EDGE ( 'NONE', *, *, #752, .T. ) ;
#6782 = SURFACE_SIDE_STYLE ('',( #5959 ) ) ;
#6783 = DIRECTION ( 'NONE',  ( 1.000000000000000000, 0.0000000000000000000, -0.0000000000000000000 ) ) ;
#6784 = EDGE_CURVE ( 'NONE', #3593, #4311, #9359, .T. ) ;
#6785 = EDGE_CURVE ( 'NONE', #675, #4815, #1144, .T. ) ;
#6786 = CARTESIAN_POINT ( 'NONE',  ( 1.000000000000000000, 0.8200000000000300382, -12.19999999999999929 ) ) ;
#6787 = VECTOR ( 'NONE', #1139, 1000.000000000000000 ) ;
#6788 = ORIENTED_EDGE ( 'NONE', *, *, #1122, .T. ) ;
#6789 =( NAMED_UNIT ( * ) SI_UNIT ( $, .STERADIAN. ) SOLID_ANGLE_UNIT ( ) );
#6790 = PLANE ( 'NONE',  #3355 ) ;
#6791 = VERTEX_POINT ( 'NONE', #5666 ) ;
#6792 = LINE ( 'NONE', #10487, #9021 ) ;
#6793 = LINE ( 'NONE', #2282, #3297 ) ;
#6794 = DIRECTION ( 'NONE',  ( -1.000000000000000000, -0.0000000000000000000, -0.0000000000000000000 ) ) ;
#6795 = DIRECTION ( 'NONE',  ( 1.000000000000000000, 0.0000000000000000000, 0.0000000000000000000 ) ) ;
#6796 = ORIENTED_EDGE ( 'NONE', *, *, #4394, .F. ) ;
#6797 = EDGE_CURVE ( 'NONE', #4490, #7114, #11445, .T. ) ;
#6798 = ORIENTED_EDGE ( 'NONE', *, *, #7517, .T. ) ;
#6799 = VECTOR ( 'NONE', #7182, 1000.000000000000000 ) ;
#6800 = ORIENTED_EDGE ( 'NONE', *, *, #7902, .T. ) ;
#6801 =( NAMED_UNIT ( * ) SI_UNIT ( $, .STERADIAN. ) SOLID_ANGLE_UNIT ( ) );
#6802 = STYLED_ITEM ( 'NONE', ( #3206 ), #3756 ) ;
#6803 = ADVANCED_FACE ( 'NONE', ( #4778 ), #2096, .F. ) ;
#6804 = CARTESIAN_POINT ( 'NONE',  ( 15.37500560368720492, 2.022660547301148082, -0.4749049891254620293 ) ) ;
#6805 = DIRECTION ( 'NONE',  ( -0.0000000000000000000, 1.000000000000000000, -0.0000000000000000000 ) ) ;
#6806 = ORIENTED_EDGE ( 'NONE', *, *, #11483, .T. ) ;
#6807 = FACE_OUTER_BOUND ( 'NONE', #3796, .T. ) ;
#6808 = VERTEX_POINT ( 'NONE', #3051 ) ;
#6809 = PRESENTATION_LAYER_ASSIGNMENT (  '', '', ( #9862 ) ) ;
#6810 = DIRECTION ( 'NONE',  ( 1.000000000000000000, -0.0000000000000000000, 0.0000000000000000000 ) ) ;
#6811 = FACE_OUTER_BOUND ( 'NONE', #1212, .T. ) ;
#6812 = LINE ( 'NONE', #6874, #6611 ) ;
#6813 = ADVANCED_FACE ( 'NONE', ( #2155 ), #4884, .F. ) ;
#6814 = VECTOR ( 'NONE', #11472, 1000.000000000000114 ) ;
#6815 = CARTESIAN_POINT ( 'NONE',  ( 7.200000000000001066, 0.0000000000000000000, -6.100000000000000533 ) ) ;
#6816 = ORIENTED_EDGE ( 'NONE', *, *, #2619, .T. ) ;
#6817 = UNCERTAINTY_MEASURE_WITH_UNIT (LENGTH_MEASURE( 1.000000000000000082E-05 ), #4301, 'distance_accuracy_value', 'NONE');
#6818 = DIRECTION ( 'NONE',  ( -1.000000000000000000, -0.0000000000000000000, -0.0000000000000000000 ) ) ;
#6819 = DIRECTION ( 'NONE',  ( 1.000000000000000000, 0.0000000000000000000, 0.0000000000000000000 ) ) ;
#6820 =( LENGTH_UNIT ( ) NAMED_UNIT ( * ) SI_UNIT ( .MILLI., .METRE. ) );
#6821 = DIRECTION ( 'NONE',  ( -0.2694177785370530653, 0.0000000000000000000, 0.9630233956701982345 ) ) ;
#6822 = DIRECTION ( 'NONE',  ( 0.0000000000000000000, 1.000000000000000000, 0.0000000000000000000 ) ) ;
#6823 =( NAMED_UNIT ( * ) PLANE_ANGLE_UNIT ( ) SI_UNIT ( $, .RADIAN. ) );
#6824 = CARTESIAN_POINT ( 'NONE',  ( 5.287500048095650662, 2.399999999999999911, -7.404255307351845339 ) ) ;
#6825 = ORIENTED_EDGE ( 'NONE', *, *, #10057, .F. ) ;
#6826 = VECTOR ( 'NONE', #6764, 1000.000000000000114 ) ;
#6827 = PLANE ( 'NONE',  #4390 ) ;
#6828 = ORIENTED_EDGE ( 'NONE', *, *, #7118, .F. ) ;
#6829 = SURFACE_SIDE_STYLE ('',( #583 ) ) ;
#6830 = SURFACE_STYLE_USAGE ( .BOTH. , #1309 ) ;
#6831 = CARTESIAN_POINT ( 'NONE',  ( 3.158333492278999621, 2.389999999999999680, -7.612765961885500587 ) ) ;
#6832 = EDGE_CURVE ( 'NONE', #1314, #1461, #1089, .T. ) ;
#6833 = LINE ( 'NONE', #5952, #5346 ) ;
#6834 = LINE ( 'NONE', #5001, #5128 ) ;
#6835 = PRESENTATION_LAYER_ASSIGNMENT (  '', '', ( #198 ) ) ;
#6836 = ORIENTED_EDGE ( 'NONE', *, *, #10506, .T. ) ;
#6837 = ORIENTED_EDGE ( 'NONE', *, *, #5267, .T. ) ;
#6838 = CARTESIAN_POINT ( 'NONE',  ( 3.600000000000000533, 0.004999999999999999237, -0.9000000000000298872 ) ) ;
#6839 = ORIENTED_EDGE ( 'NONE', *, *, #169, .T. ) ;
#6840 = PRESENTATION_STYLE_ASSIGNMENT (( #2578 ) ) ;
#6841 = AXIS2_PLACEMENT_3D ( 'NONE', #3323, #6934, #6992 ) ;
#6842 = CARTESIAN_POINT ( 'NONE',  ( 10.60000000000000142, 0.8200000000000300382, 1.215596970137861585E-45 ) ) ;
#6843 = VECTOR ( 'NONE', #2565, 1000.000000000000114 ) ;
#6844 = ADVANCED_FACE ( 'NONE', ( #10300 ), #5555, .F. ) ;
#6845 = ORIENTED_EDGE ( 'NONE', *, *, #3255, .T. ) ;
#6846 = CARTESIAN_POINT ( 'NONE',  ( 2.662500047683499904, 2.389999999999999680, -6.093617081642001665 ) ) ;
#6847 = LINE ( 'NONE', #10416, #2175 ) ;
#6848 = ORIENTED_EDGE ( 'NONE', *, *, #6342, .F. ) ;
#6849 = CARTESIAN_POINT ( 'NONE',  ( 9.895833492278864441, 2.399999999999999911, -5.200000000000001066 ) ) ;
#6850 = DIRECTION ( 'NONE',  ( 0.0000000000000000000, 0.0000000000000000000, 1.000000000000000000 ) ) ;
#6851 = EDGE_CURVE ( 'NONE', #520, #9900, #1263, .T. ) ;
#6852 = VECTOR ( 'NONE', #8826, 1000.000000000000000 ) ;
#6853 = CARTESIAN_POINT ( 'NONE',  ( 14.29999999999999893, 0.004999999999999999237, -12.20000000000249507 ) ) ;
#6854 = AXIS2_PLACEMENT_3D ( 'NONE', #9295, #1141, #10910 ) ;
#6855 = EDGE_CURVE ( 'NONE', #3946, #8344, #4652, .T. ) ;
#6856 = ORIENTED_EDGE ( 'NONE', *, *, #8995, .F. ) ;
#6857 = ORIENTED_EDGE ( 'NONE', *, *, #17, .T. ) ;
#6858 = VECTOR ( 'NONE', #5061, 1000.000000000000000 ) ;
#6859 = EDGE_LOOP ( 'NONE', ( #3655, #2255, #528, #10559 ) ) ;
#6860 = AXIS2_PLACEMENT_3D ( 'NONE', #4276, #569, #689 ) ;
#6861 = ORIENTED_EDGE ( 'NONE', *, *, #10100, .F. ) ;
#6862 = DIRECTION ( 'NONE',  ( 0.6379967007135805002, 0.0000000000000000000, -0.7700390963312097048 ) ) ;
#6863 = AXIS2_PLACEMENT_3D ( 'NONE', #746, #9374, #5623 ) ;
#6864 = LINE ( 'NONE', #1337, #3630 ) ;
#6865 = LINE ( 'NONE', #1339, #407 ) ;
#6866 = EDGE_CURVE ( 'NONE', #2150, #3795, #8348, .T. ) ;
#6867 = ORIENTED_EDGE ( 'NONE', *, *, #2947, .F. ) ;
#6868 = FACE_OUTER_BOUND ( 'NONE', #1455, .T. ) ;
#6869 = ORIENTED_EDGE ( 'NONE', *, *, #5195, .T. ) ;
#6870 = AXIS2_PLACEMENT_3D ( 'NONE', #5610, #9237, #3724 ) ;
#6871 = CARTESIAN_POINT ( 'NONE',  ( 11.00000000000000178, 0.009999999999999996739, -12.20000000000166196 ) ) ;
#6872 = CARTESIAN_POINT ( 'NONE',  ( 0.6000000000000000888, 0.004999999999999999237, -3.388131789017201356E-18 ) ) ;
#6873 = EDGE_CURVE ( 'NONE', #1676, #9057, #3839, .T. ) ;
#6874 = CARTESIAN_POINT ( 'NONE',  ( 5.345833492278999621, 2.399999999999999911, -6.599999999999999645 ) ) ;
#6875 = CARTESIAN_POINT ( 'NONE',  ( 8.023343866442999683, 2.389799999999999702, -6.832297063874000820 ) ) ;
#6876 = ORIENTED_EDGE ( 'NONE', *, *, #6282, .T. ) ;
#6877 = CARTESIAN_POINT ( 'NONE',  ( 12.39999999999834834, 0.009999999999999998473, -0.9000000000000001332 ) ) ;
#6878 = VECTOR ( 'NONE', #535, 1000.000000000000000 ) ;
#6879 =( NAMED_UNIT ( * ) PLANE_ANGLE_UNIT ( ) SI_UNIT ( $, .RADIAN. ) );
#6880 = CARTESIAN_POINT ( 'NONE',  ( 7.562500047683998972, 2.394999999999999574, -8.000000000000001776 ) ) ;
#6881 = CARTESIAN_POINT ( 'NONE',  ( 2.499999999999652722, 0.004999999999999999237, -11.30000000000000071 ) ) ;
#6882 = EDGE_CURVE ( 'NONE', #2361, #6060, #4946, .T. ) ;
#6883 = CARTESIAN_POINT ( 'NONE',  ( 2.500000000000000000, 0.009999999999999998473, -11.75000000000000178 ) ) ;
#6884 = CARTESIAN_POINT ( 'NONE',  ( 2.524488762447000489, 0.01000000000000000021, 0.02448876244737000288 ) ) ;
#6885 = CARTESIAN_POINT ( 'NONE',  ( 8.000000000000000000, 0.0000000000000000000, -11.30000000000000071 ) ) ;
#6886 = MECHANICAL_DESIGN_GEOMETRIC_PRESENTATION_REPRESENTATION (  '', ( #2727 ), #2908 ) ;
#6887 = LINE ( 'NONE', #9696, #10622 ) ;
#6888 = ORIENTED_EDGE ( 'NONE', *, *, #2215, .F. ) ;
#6889 = LINE ( 'NONE', #9760, #11351 ) ;
#6890 = VECTOR ( 'NONE', #10214, 1000.000000000000000 ) ;
#6891 = LINE ( 'NONE', #7010, #389 ) ;
#6892 = AXIS2_PLACEMENT_3D ( 'NONE', #11337, #11209, #3180 ) ;
#6893 = ADVANCED_FACE ( 'NONE', ( #5899 ), #5070, .F. ) ;
#6894 = ORIENTED_EDGE ( 'NONE', *, *, #3748, .F. ) ;
#6895 = CARTESIAN_POINT ( 'NONE',  ( 8.000000000000000000, 0.009999999999999995004, -12.19999999999999929 ) ) ;
#6896 = DIRECTION ( 'NONE',  ( 0.0000000000000000000, -4.336808689941984209E-16, -1.000000000000000000 ) ) ;
#6897 = DIRECTION ( 'NONE',  ( 1.000000000000000000, 0.0000000000000000000, 0.0000000000000000000 ) ) ;
#6898 = LINE ( 'NONE', #5890, #777 ) ;
#6899 = DIRECTION ( 'NONE',  ( -1.000000000000000000, -0.0000000000000000000, -0.0000000000000000000 ) ) ;
#6900 = VECTOR ( 'NONE', #25, 1000.000000000000000 ) ;
#6901 = ORIENTED_EDGE ( 'NONE', *, *, #456, .F. ) ;
#6902 = ORIENTED_EDGE ( 'NONE', *, *, #3813, .F. ) ;
#6903 = CARTESIAN_POINT ( 'NONE',  ( 3.479166936874660720, 2.399999999999999911, -6.868085074424471692 ) ) ;
#6904 = ORIENTED_EDGE ( 'NONE', *, *, #10803, .T. ) ;
#6905 = PLANE ( 'NONE',  #5553 ) ;
#6906 = DIRECTION ( 'NONE',  ( 0.2377717410623028382, 0.0000000000000000000, -0.9713210587402094642 ) ) ;
#6907 = LINE ( 'NONE', #2402, #3082 ) ;
#6908 = AXIS2_PLACEMENT_3D ( 'NONE', #9707, #6124, #10712 ) ;
#6909 = ORIENTED_EDGE ( 'NONE', *, *, #11149, .F. ) ;
#6910 = SURFACE_SIDE_STYLE ('',( #369 ) ) ;
#6911 = ORIENTED_EDGE ( 'NONE', *, *, #516, .F. ) ;
#6912 = FACE_OUTER_BOUND ( 'NONE', #9422, .T. ) ;
#6913 = DIRECTION ( 'NONE',  ( 0.0000000000000000000, -1.000000000000000000, 2.168404344971006649E-16 ) ) ;
#6914 = CARTESIAN_POINT ( 'NONE',  ( 15.00000000000000000, 0.8200000000000299272, -0.2499999999999993616 ) ) ;
#6915 =( NAMED_UNIT ( * ) PLANE_ANGLE_UNIT ( ) SI_UNIT ( $, .RADIAN. ) );
#6916 = ORIENTED_EDGE ( 'NONE', *, *, #9569, .T. ) ;
#6917 = ORIENTED_EDGE ( 'NONE', *, *, #2791, .F. ) ;
#6918 = ORIENTED_EDGE ( 'NONE', *, *, #8603, .F. ) ;
#6919 = ORIENTED_EDGE ( 'NONE', *, *, #11234, .F. ) ;
#6920 = VECTOR ( 'NONE', #10008, 1000.000000000000000 ) ;
#6921 = SURFACE_SIDE_STYLE ('',( #3306 ) ) ;
#6922 = DIRECTION ( 'NONE',  ( -0.0000000000000000000, -1.000000000000000000, -0.0000000000000000000 ) ) ;
#6923 = EDGE_CURVE ( 'NONE', #11240, #3447, #10607, .T. ) ;
#6924 = CARTESIAN_POINT ( 'NONE',  ( 9.487500047683319337, 2.394999999999999574, -7.523404270410733119 ) ) ;
#6925 = DIRECTION ( 'NONE',  ( 0.0000000000000000000, 0.0000000000000000000, 1.000000000000000000 ) ) ;
#6926 = ORIENTED_EDGE ( 'NONE', *, *, #897, .T. ) ;
#6927 = CARTESIAN_POINT ( 'NONE',  ( 12.80000000000000071, 0.8200000000000300382, 0.0000000000000000000 ) ) ;
#6928 = ORIENTED_EDGE ( 'NONE', *, *, #7245, .T. ) ;
#6929 = COLOUR_RGB ( '',0.9803921568627450567, 0.6274509803921568540, 0.0000000000000000000 ) ;
#6930 =( NAMED_UNIT ( * ) PLANE_ANGLE_UNIT ( ) SI_UNIT ( $, .RADIAN. ) );
#6931 = DIRECTION ( 'NONE',  ( -0.0000000000000000000, 1.000000000000000000, -0.0000000000000000000 ) ) ;
#6932 = DIRECTION ( 'NONE',  ( -0.0000000000000000000, -1.000000000000000000, -0.0000000000000000000 ) ) ;
#6933 = CARTESIAN_POINT ( 'NONE',  ( 5.520833492279499488, 2.389999999999999680, -6.123404312133499339 ) ) ;
#6934 = DIRECTION ( 'NONE',  ( 0.0000000000000000000, 0.0000000000000000000, -1.000000000000000000 ) ) ;
#6935 = ORIENTED_EDGE ( 'NONE', *, *, #6728, .T. ) ;
#6936 = EDGE_CURVE ( 'NONE', #9840, #6455, #3290, .T. ) ;
#6937 = CARTESIAN_POINT ( 'NONE',  ( 13.20000000000000107, 0.01020000000000000073, -12.22448876245000093 ) ) ;
#6938 = UNCERTAINTY_MEASURE_WITH_UNIT (LENGTH_MEASURE( 1.000000000000000082E-05 ), #3432, 'distance_accuracy_value', 'NONE');
#6939 = MECHANICAL_DESIGN_GEOMETRIC_PRESENTATION_REPRESENTATION (  '', ( #7131 ), #11516 ) ;
#6940 = FACE_OUTER_BOUND ( 'NONE', #4663, .T. ) ;
#6941 = EDGE_CURVE ( 'NONE', #4881, #2693, #3357, .T. ) ;
#6942 = CARTESIAN_POINT ( 'NONE',  ( 6.437034023850000786, 2.389799999999999702, -6.195268495858001323 ) ) ;
#6943 = EDGE_CURVE ( 'NONE', #5747, #9971, #10491, .T. ) ;
#6944 = DIRECTION ( 'NONE',  ( 1.000000000000000000, -0.0000000000000000000, 0.0000000000000000000 ) ) ;
#6945 = CARTESIAN_POINT ( 'NONE',  ( 2.500000000000000000, 0.01020000000000000073, -12.22448876245000093 ) ) ;
#6946 = DIRECTION ( 'NONE',  ( -0.0000000000000000000, 1.000000000000000000, -0.0000000000000000000 ) ) ;
#6947 = VECTOR ( 'NONE', #5013, 1000.000000000000000 ) ;
#6948 = AXIS2_PLACEMENT_3D ( 'NONE', #6643, #1117, #7414 ) ;
#6949 = DIRECTION ( 'NONE',  ( -1.000000000000000000, -0.0000000000000000000, -0.0000000000000000000 ) ) ;
#6950 = EDGE_CURVE ( 'NONE', #8119, #7828, #2275, .T. ) ;
#6951 = DIRECTION ( 'NONE',  ( 0.4397141723545565650, 0.0000000000000000000, 0.8981377659527225443 ) ) ;
#6952 = EDGE_LOOP ( 'NONE', ( #10206, #7927, #5911, #5139 ) ) ;
#6953 = CIRCLE ( 'NONE', #7912, 0.2500000000000002220 ) ;
#6954 = DIRECTION ( 'NONE',  ( -0.5466232777021554634, 0.0000000000000000000, -0.8373786433114664973 ) ) ;
#6955 = EDGE_LOOP ( 'NONE', ( #5557, #1092, #590, #957 ) ) ;
#6956 = SURFACE_SIDE_STYLE ('',( #3344 ) ) ;
#6957 = CARTESIAN_POINT ( 'NONE',  ( 8.000000000000000000, 0.009999999999999995004, -12.19999999999999929 ) ) ;
#6958 = PLANE ( 'NONE',  #8198 ) ;
#6959 = DIRECTION ( 'NONE',  ( -0.0000000000000000000, -1.000000000000000000, -0.0000000000000000000 ) ) ;
#6960 = DIRECTION ( 'NONE',  ( 0.8906056381927085486, 0.0000000000000000000, 0.4547764255316654181 ) ) ;
#6961 = EDGE_LOOP ( 'NONE', ( #5675, #9715, #10067, #7099 ) ) ;
#6962 = ORIENTED_EDGE ( 'NONE', *, *, #744, .T. ) ;
#6963 = EDGE_CURVE ( 'NONE', #10885, #4514, #3113, .T. ) ;
#6964 = DIRECTION ( 'NONE',  ( -0.9713212134430404543, 0.0000000000000000000, 0.2377711090850602449 ) ) ;
#6965 = ORIENTED_EDGE ( 'NONE', *, *, #10878, .T. ) ;
#6966 = LINE ( 'NONE', #5187, #6689 ) ;
#6967 = CARTESIAN_POINT ( 'NONE',  ( 6.337500047683999327, 2.389999999999999680, -6.510638308524999474 ) ) ;
#6968 = EDGE_LOOP ( 'NONE', ( #1051, #3065, #7753, #9260 ) ) ;
#6969 = SURFACE_SIDE_STYLE ('',( #11448 ) ) ;
#6970 = LINE ( 'NONE', #10611, #862 ) ;
#6971 = ORIENTED_EDGE ( 'NONE', *, *, #9988, .F. ) ;
#6972 = LINE ( 'NONE', #10614, #9393 ) ;
#6973 = DIRECTION ( 'NONE',  ( 0.0000000000000000000, 0.0000000000000000000, 1.000000000000000000 ) ) ;
#6974 = CARTESIAN_POINT ( 'NONE',  ( 12.04078066472000152, 2.389799999999999702, -7.383748925468000657 ) ) ;
#6975 = ORIENTED_EDGE ( 'NONE', *, *, #8855, .T. ) ;
#6976 = ORIENTED_EDGE ( 'NONE', *, *, #5458, .F. ) ;
#6977 = VERTEX_POINT ( 'NONE', #4185 ) ;
#6978 = CARTESIAN_POINT ( 'NONE',  ( 0.5755112375525999191, 0.01020000000000000073, -0.9000000000000001332 ) ) ;
#6979 = AXIS2_PLACEMENT_3D ( 'NONE', #10564, #10626, #3248 ) ;
#6980 = DIRECTION ( 'NONE',  ( -1.000000000000000000, -0.0000000000000000000, -0.0000000000000000000 ) ) ;
#6981 = DIRECTION ( 'NONE',  ( 0.0000000000000000000, 1.000000000000000000, 0.0000000000000000000 ) ) ;
#6982 = DIRECTION ( 'NONE',  ( 0.0000000000000000000, 1.000000000000000000, 0.0000000000000000000 ) ) ;
#6983 = VERTEX_POINT ( 'NONE', #2216 ) ;
#6984 = CARTESIAN_POINT ( 'NONE',  ( 2.949999999999999289, 0.009999999999987104274, 2.792598419361491987E-30 ) ) ;
#6985 = ORIENTED_EDGE ( 'NONE', *, *, #477, .F. ) ;
#6986 = LINE ( 'NONE', #1590, #5221 ) ;
#6987 = CARTESIAN_POINT ( 'NONE',  ( 6.100000000000000533, 0.4100000000000150746, -12.19999999999999929 ) ) ;
#6988 = DIRECTION ( 'NONE',  ( 0.0000000000000000000, 1.000000000000000000, 0.0000000000000000000 ) ) ;
#6989 = CARTESIAN_POINT ( 'NONE',  ( 6.750000000000000888, 0.009999999999987104274, -12.19999999999999929 ) ) ;
#6990 = EDGE_CURVE ( 'NONE', #10779, #4247, #3857, .T. ) ;
#6991 = MECHANICAL_DESIGN_GEOMETRIC_PRESENTATION_REPRESENTATION (  '', ( #1489 ), #719 ) ;
#6992 = DIRECTION ( 'NONE',  ( -1.000000000000000000, 0.0000000000000000000, 0.0000000000000000000 ) ) ;
#6993 = ORIENTED_EDGE ( 'NONE', *, *, #11021, .F. ) ;
#6994 = DIRECTION ( 'NONE',  ( 0.0000000000000000000, 0.0000000000000000000, -1.000000000000000000 ) ) ;
#6995 = CARTESIAN_POINT ( 'NONE',  ( 2.100000000000000089, 0.009999999999974168441, -0.2500000000000000555 ) ) ;
#6996 = VECTOR ( 'NONE', #458, 1000.000000000000000 ) ;
#6997 = DIRECTION ( 'NONE',  ( 0.0000000000000000000, 0.0000000000000000000, -1.000000000000000000 ) ) ;
#6998 = CARTESIAN_POINT ( 'NONE',  ( 0.7500000000000000000, 2.149999999999998579, -0.6500000000000001332 ) ) ;
#6999 =( NAMED_UNIT ( * ) SI_UNIT ( $, .STERADIAN. ) SOLID_ANGLE_UNIT ( ) );
#7000 = EDGE_CURVE ( 'NONE', #7442, #7807, #7802, .T. ) ;
#7001 = LINE ( 'NONE', #635, #41 ) ;
#7002 = VECTOR ( 'NONE', #11533, 1000.000000000000000 ) ;
#7003 = EDGE_CURVE ( 'NONE', #1708, #6455, #6907, .T. ) ;
#7004 = EDGE_CURVE ( 'NONE', #10052, #137, #1500, .T. ) ;
#7005 = SURFACE_SIDE_STYLE ('',( #4162 ) ) ;
#7006 = DIRECTION ( 'NONE',  ( 0.0000000000000000000, 0.0000000000000000000, -1.000000000000000000 ) ) ;
#7007 = VECTOR ( 'NONE', #3228, 1000.000000000000000 ) ;
#7008 = ORIENTED_EDGE ( 'NONE', *, *, #4945, .F. ) ;
#7009 = LINE ( 'NONE', #10528, #7926 ) ;
#7010 = CARTESIAN_POINT ( 'NONE',  ( 10.77083340883500107, 2.389999999999999680, -6.689361691475000704 ) ) ;
#7011 = VECTOR ( 'NONE', #8667, 1000.000000000000000 ) ;
#7012 = ORIENTED_EDGE ( 'NONE', *, *, #5701, .T. ) ;
#7013 = FILL_AREA_STYLE ('',( #7915 ) ) ;
#7014 = AXIS2_PLACEMENT_3D ( 'NONE', #7210, #961, #4535 ) ;
#7015 = CARTESIAN_POINT ( 'NONE',  ( 8.525000047683500171, 2.399999999999999911, -7.582978731394000249 ) ) ;
#7016 = DIRECTION ( 'NONE',  ( 0.0000000000000000000, 0.0000000000000000000, 1.000000000000000000 ) ) ;
#7017 = VECTOR ( 'NONE', #6665, 1000.000000000000000 ) ;
#7018 = DIRECTION ( 'NONE',  ( 0.0000000000000000000, 0.0000000000000000000, -1.000000000000000000 ) ) ;
#7019 = EDGE_CURVE ( 'NONE', #6983, #2098, #4243, .T. ) ;
#7020 = DIRECTION ( 'NONE',  ( 1.000000000000000000, 0.0000000000000000000, 0.0000000000000000000 ) ) ;
#7021 = EDGE_LOOP ( 'NONE', ( #10680, #2724, #6909, #6562 ) ) ;
#7022 = ORIENTED_EDGE ( 'NONE', *, *, #119, .T. ) ;
#7023 = SURFACE_SIDE_STYLE ('',( #5066 ) ) ;
#7024 = EDGE_LOOP ( 'NONE', ( #8548, #4606, #1816, #2, #7978, #7254, #2850, #6260, #3918, #5307, #8414, #250, #10329, #9429, #2180, #5703, #9411, #9125, #5193, #1859, #2952, #6096, #159, #6318, #610, #9268, #3485, #7880, #2120, #11172, #1343, #4705, #7707, #8428, #6758, #3600, #7441, #10526, #11508, #11628, #3787, #4641, #8460, #7269, #7821, #6303, #4596, #11291, #11702, #3733, #5739, #8718, #11586, #6705, #1736, #9310, #9321, #914, #8064, #9772, #8063, #9698, #4742, #8692 ) ) ;
#7025 = LINE ( 'NONE', #3414, #10690 ) ;
#7026 = CARTESIAN_POINT ( 'NONE',  ( 1.500000000000000000, 2.389999999999999236, -0.9000000000000000222 ) ) ;
#7027 = STYLED_ITEM ( 'NONE', ( #813 ), #10003 ) ;
#7028 = CARTESIAN_POINT ( 'NONE',  ( 5.000000000000348166, 0.0000000000000000000, -0.9000000000000000222 ) ) ;
#7029 = EDGE_CURVE ( 'NONE', #9193, #2685, #11507, .T. ) ;
#7030 = ORIENTED_EDGE ( 'NONE', *, *, #1072, .F. ) ;
#7031 = FILL_AREA_STYLE ('',( #1684 ) ) ;
#7032 = FACE_OUTER_BOUND ( 'NONE', #6411, .T. ) ;
#7033 = EDGE_CURVE ( 'NONE', #2685, #9067, #6731, .T. ) ;
#7034 = ORIENTED_EDGE ( 'NONE', *, *, #4693, .T. ) ;
#7035 = CARTESIAN_POINT ( 'NONE',  ( 5.287500047683952431, 2.399999999999999911, -6.212766003608651388 ) ) ;
#7036 =( GEOMETRIC_REPRESENTATION_CONTEXT ( 3 ) GLOBAL_UNCERTAINTY_ASSIGNED_CONTEXT ( ( #5869 ) ) GLOBAL_UNIT_ASSIGNED_CONTEXT ( ( #380, #1278, #7699 ) ) REPRESENTATION_CONTEXT ( 'NONE', 'WORKASPACE' ) );
#7037 = LINE ( 'NONE', #10615, #1742 ) ;
#7038 = FILL_AREA_STYLE ('',( #954 ) ) ;
#7039 = DIRECTION ( 'NONE',  ( -0.0000000000000000000, -1.000000000000000000, -0.0000000000000000000 ) ) ;
#7040 = EDGE_LOOP ( 'NONE', ( #3245, #577, #5967, #11676, #9252, #2891 ) ) ;
#7041 = ORIENTED_EDGE ( 'NONE', *, *, #297, .T. ) ;
#7042 = ORIENTED_EDGE ( 'NONE', *, *, #7101, .F. ) ;
#7043 = AXIS2_PLACEMENT_3D ( 'NONE', #532, #2212, #5896 ) ;
#7044 = DIRECTION ( 'NONE',  ( 0.2377730639615922570, 0.0000000000000000000, -0.9713207349039330030 ) ) ;
#7045 = AXIS2_PLACEMENT_3D ( 'NONE', #11606, #8742, #11548 ) ;
#7046 =( LENGTH_UNIT ( ) NAMED_UNIT ( * ) SI_UNIT ( .MILLI., .METRE. ) );
#7047 = LINE ( 'NONE', #792, #8785 ) ;
#7048 = ORIENTED_EDGE ( 'NONE', *, *, #6797, .F. ) ;
#7049 = CARTESIAN_POINT ( 'NONE',  ( 7.562500047683998972, 2.389799999999999702, -5.143999999999999240 ) ) ;
#7050 = EDGE_CURVE ( 'NONE', #11502, #9684, #4038, .T. ) ;
#7051 = VECTOR ( 'NONE', #10180, 1000.000000000000000 ) ;
#7052 = VERTEX_POINT ( 'NONE', #4128 ) ;
#7053 = DIRECTION ( 'NONE',  ( -1.000000000000000000, 0.0000000000000000000, 0.0000000000000000000 ) ) ;
#7054 = CARTESIAN_POINT ( 'NONE',  ( 11.95000000000000284, 0.009999999999987104274, -12.19999999999999929 ) ) ;
#7055 = CARTESIAN_POINT ( 'NONE',  ( 9.429166603088418697, 2.394999999999999574, -6.212766003608556353 ) ) ;
#7056 = VECTOR ( 'NONE', #7176, 1000.000000000000000 ) ;
#7057 = ORIENTED_EDGE ( 'NONE', *, *, #2008, .T. ) ;
#7058 = CARTESIAN_POINT ( 'NONE',  ( 6.745833158492904325, 2.399999999999999911, -6.689361691475030902 ) ) ;
#7059 = ORIENTED_EDGE ( 'NONE', *, *, #6001, .T. ) ;
#7060 = UNCERTAINTY_MEASURE_WITH_UNIT (LENGTH_MEASURE( 1.000000000000000082E-05 ), #2664, 'distance_accuracy_value', 'NONE');
#7061 = VECTOR ( 'NONE', #6471, 1000.000000000000000 ) ;
#7062 = DIRECTION ( 'NONE',  ( 0.0000000000000000000, -4.336808689942013792E-16, -1.000000000000000000 ) ) ;
#7063 =( GEOMETRIC_REPRESENTATION_CONTEXT ( 3 ) GLOBAL_UNCERTAINTY_ASSIGNED_CONTEXT ( ( #6817 ) ) GLOBAL_UNIT_ASSIGNED_CONTEXT ( ( #4301, #2521, #9948 ) ) REPRESENTATION_CONTEXT ( 'NONE', 'WORKASPACE' ) );
#7064 = DIRECTION ( 'NONE',  ( -0.0000000000000000000, -1.000000000000000000, -0.0000000000000000000 ) ) ;
#7065 = LINE ( 'NONE', #2555, #6105 ) ;
#7066 = CIRCLE ( 'NONE', #11248, 0.2500000000000019429 ) ;
#7067 = EDGE_CURVE ( 'NONE', #10865, #10195, #1568, .T. ) ;
#7068 = LINE ( 'NONE', #6883, #8712 ) ;
#7069 = VECTOR ( 'NONE', #7684, 1000.000000000000000 ) ;
#7070 = SURFACE_STYLE_USAGE ( .BOTH. , #637 ) ;
#7071 = LINE ( 'NONE', #11547, #2798 ) ;
#7072 = DIRECTION ( 'NONE',  ( 0.0000000000000000000, -2.168404344971006896E-16, -1.000000000000000000 ) ) ;
#7073 = EDGE_CURVE ( 'NONE', #9590, #2341, #5010, .T. ) ;
#7074 = EDGE_CURVE ( 'NONE', #4531, #10604, #9474, .T. ) ;
#7075 = CIRCLE ( 'NONE', #9364, 0.2500000000000002220 ) ;
#7076 = LINE ( 'NONE', #3406, #5161 ) ;
#7077 = CYLINDRICAL_SURFACE ( 'NONE', #8202, 0.2500000000000002220 ) ;
#7078 = CARTESIAN_POINT ( 'NONE',  ( 8.379166603088243903, 2.389999999999999680, -6.689361691474942972 ) ) ;
#7079 = ORIENTED_EDGE ( 'NONE', *, *, #9607, .F. ) ;
#7080 = EDGE_LOOP ( 'NONE', ( #11572, #2550, #3324, #7490 ) ) ;
#7081 = AXIS2_PLACEMENT_3D ( 'NONE', #5457, #7353, #106 ) ;
#7082 = DIRECTION ( 'NONE',  ( 1.000000000000000000, 0.0000000000000000000, 0.0000000000000000000 ) ) ;
#7083 = ORIENTED_EDGE ( 'NONE', *, *, #8630, .F. ) ;
#7084 = DIRECTION ( 'NONE',  ( -0.5466232777020701983, 0.0000000000000000000, -0.8373786433115221195 ) ) ;
#7085 = VECTOR ( 'NONE', #2221, 1000.000000000000000 ) ;
#7086 = EDGE_CURVE ( 'NONE', #1903, #9590, #7741, .T. ) ;
#7087 = CARTESIAN_POINT ( 'NONE',  ( 8.000000000000000000, 0.009999999999999995004, -12.19999999999999929 ) ) ;
#7088 = ADVANCED_FACE ( 'NONE', ( #2577 ), #6905, .F. ) ;
#7089 = ORIENTED_EDGE ( 'NONE', *, *, #4405, .F. ) ;
#7090 = CARTESIAN_POINT ( 'NONE',  ( 13.65000000000000213, 0.4100000000000150746, -12.19999999999999929 ) ) ;
#7091 = DIRECTION ( 'NONE',  ( -0.0000000000000000000, 1.000000000000000000, -2.168404344971006649E-16 ) ) ;
#7092 = ORIENTED_EDGE ( 'NONE', *, *, #4945, .T. ) ;
#7093 = VECTOR ( 'NONE', #6932, 1000.000000000000000 ) ;
#7094 = LINE ( 'NONE', #9952, #10326 ) ;
#7095 = DIRECTION ( 'NONE',  ( 0.0000000000000000000, 0.0000000000000000000, -1.000000000000000000 ) ) ;
#7096 = SURFACE_SIDE_STYLE ('',( #2646 ) ) ;
#7097 = FACE_OUTER_BOUND ( 'NONE', #9245, .T. ) ;
#7098 = ORIENTED_EDGE ( 'NONE', *, *, #4037, .F. ) ;
#7099 = ORIENTED_EDGE ( 'NONE', *, *, #9047, .F. ) ;
#7100 = ORIENTED_EDGE ( 'NONE', *, *, #6882, .F. ) ;
#7101 = EDGE_CURVE ( 'NONE', #7859, #9067, #2458, .T. ) ;
#7102 = DIRECTION ( 'NONE',  ( 0.0000000000000000000, 0.0000000000000000000, 1.000000000000000000 ) ) ;
#7103 = EDGE_CURVE ( 'NONE', #2636, #1903, #7025, .T. ) ;
#7104 = VECTOR ( 'NONE', #4074, 1000.000000000000000 ) ;
#7105 = STYLED_ITEM ( 'NONE', ( #8207 ), #2597 ) ;
#7106 = DIRECTION ( 'NONE',  ( -0.8906056220672361468, 0.0000000000000000000, 0.4547764571107780207 ) ) ;
#7107 = ORIENTED_EDGE ( 'NONE', *, *, #2756, .F. ) ;
#7108 = CARTESIAN_POINT ( 'NONE',  ( 8.029166603088377485, 2.389999999999999680, -7.285106384754586273 ) ) ;
#7109 = VERTEX_POINT ( 'NONE', #10605 ) ;
#7110 = CYLINDRICAL_SURFACE ( 'NONE', #6167, 0.2500000000000011102 ) ;
#7111 = CARTESIAN_POINT ( 'NONE',  ( 6.075511237552999155, 0.01020000000000000073, -0.9000000000000001332 ) ) ;
#7112 = SURFACE_STYLE_USAGE ( .BOTH. , #11700 ) ;
#7113 = CARTESIAN_POINT ( 'NONE',  ( 5.754166936874715255, 2.394999999999999574, -6.331914925575079955 ) ) ;
#7114 = VERTEX_POINT ( 'NONE', #653 ) ;
#7115 = ORIENTED_EDGE ( 'NONE', *, *, #4777, .T. ) ;
#7116 = CARTESIAN_POINT ( 'NONE',  ( 0.0000000000000000000, 0.0000000000000000000, -6.099999999999999645 ) ) ;
#7117 = ORIENTED_EDGE ( 'NONE', *, *, #6403, .F. ) ;
#7118 = EDGE_CURVE ( 'NONE', #8275, #10372, #11675, .T. ) ;
#7119 = DIRECTION ( 'NONE',  ( 0.0000000000000000000, 1.000000000000000000, 0.0000000000000000000 ) ) ;
#7120 = CARTESIAN_POINT ( 'NONE',  ( 4.295833158493000070, 2.389999999999999680, -6.093617081642001665 ) ) ;
#7121 = PRESENTATION_STYLE_ASSIGNMENT (( #5397 ) ) ;
#7122 = VECTOR ( 'NONE', #10346, 1000.000000000000114 ) ;
#7123 = DIRECTION ( 'NONE',  ( -1.000000000000000000, -0.0000000000000000000, -0.0000000000000000000 ) ) ;
#7124 = PLANE ( 'NONE',  #2899 ) ;
#7125 = CYLINDRICAL_SURFACE ( 'NONE', #4378, 0.2499999999999993616 ) ;
#7126 = PRESENTATION_LAYER_ASSIGNMENT (  '', '', ( #4462 ) ) ;
#7127 = FILL_AREA_STYLE ('',( #11661 ) ) ;
#7128 = PLANE ( 'NONE',  #8604 ) ;
#7129 = LINE ( 'NONE', #11662, #9128 ) ;
#7130 = VECTOR ( 'NONE', #1147, 1000.000000000000000 ) ;
#7131 = STYLED_ITEM ( 'NONE', ( #3901 ), #953 ) ;
#7132 = ORIENTED_EDGE ( 'NONE', *, *, #4981, .F. ) ;
#7133 = DIRECTION ( 'NONE',  ( -1.000000000000000000, 0.0000000000000000000, 0.0000000000000000000 ) ) ;
#7134 = FILL_AREA_STYLE_COLOUR ( '', #7622 ) ;
#7135 = CARTESIAN_POINT ( 'NONE',  ( 6.220833158026467302, 2.400000000000000355, -7.702127653479214686 ) ) ;
#7136 = PLANE ( 'NONE',  #11202 ) ;
#7137 = ORIENTED_EDGE ( 'NONE', *, *, #9981, .T. ) ;
#7138 = EDGE_LOOP ( 'NONE', ( #4519, #5106, #2164, #8350 ) ) ;
#7139 = DIRECTION ( 'NONE',  ( -1.000000000000000000, -0.0000000000000000000, -0.0000000000000000000 ) ) ;
#7140 = ORIENTED_EDGE ( 'NONE', *, *, #6403, .T. ) ;
#7141 = EDGE_CURVE ( 'NONE', #7240, #5004, #6682, .T. ) ;
#7142 = VECTOR ( 'NONE', #5827, 1000.000000000000000 ) ;
#7143 = ORIENTED_EDGE ( 'NONE', *, *, #11314, .T. ) ;
#7144 = LINE ( 'NONE', #9886, #7158 ) ;
#7145 = CARTESIAN_POINT ( 'NONE',  ( 6.899999999999651301, 0.0000000000000000000, -11.30000000000000071 ) ) ;
#7146 = EDGE_LOOP ( 'NONE', ( #6192, #3978, #599, #8404 ) ) ;
#7147 = ORIENTED_EDGE ( 'NONE', *, *, #3825, .T. ) ;
#7148 = LINE ( 'NONE', #2755, #5216 ) ;
#7149 = EDGE_CURVE ( 'NONE', #20, #5913, #9774, .T. ) ;
#7150 = FACE_OUTER_BOUND ( 'NONE', #3881, .T. ) ;
#7151 = LINE ( 'NONE', #5137, #1707 ) ;
#7152 = EDGE_LOOP ( 'NONE', ( #5797, #3802, #3284, #10137 ) ) ;
#7153 = VERTEX_POINT ( 'NONE', #5246 ) ;
#7154 = VERTEX_POINT ( 'NONE', #6188 ) ;
#7155 = EDGE_CURVE ( 'NONE', #10920, #2386, #3287, .T. ) ;
#7156 = ADVANCED_FACE ( 'NONE', ( #9829 ), #11618, .F. ) ;
#7157 = PLANE ( 'NONE',  #8584 ) ;
#7158 = VECTOR ( 'NONE', #1968, 1000.000000000000000 ) ;
#7159 = CARTESIAN_POINT ( 'NONE',  ( 16.32000000000000028, -0.02448876244737000288, -12.19999999999999929 ) ) ;
#7160 = ORIENTED_EDGE ( 'NONE', *, *, #9178, .F. ) ;
#7161 = SURFACE_STYLE_FILL_AREA ( #11580 ) ;
#7162 = ORIENTED_EDGE ( 'NONE', *, *, #1124, .F. ) ;
#7163 = DIRECTION ( 'NONE',  ( -9.403954806578308822E-32, -1.000000000000000000, 2.168404344971010101E-16 ) ) ;
#7164 = EDGE_CURVE ( 'NONE', #11782, #4490, #1496, .T. ) ;
#7165 = CARTESIAN_POINT ( 'NONE',  ( 13.04583336711292318, 2.389999999999999680, -7.642553192376690063 ) ) ;
#7166 = DIRECTION ( 'NONE',  ( -0.9689176559523871024, 0.0000000000000000000, -0.2473834593980192009 ) ) ;
#7167 = FACE_OUTER_BOUND ( 'NONE', #7677, .T. ) ;
#7168 = ORIENTED_EDGE ( 'NONE', *, *, #9790, .F. ) ;
#7169 = EDGE_LOOP ( 'NONE', ( #10293, #2025, #10792, #9914 ) ) ;
#7170 = VECTOR ( 'NONE', #8074, 1000.000000000000000 ) ;
#7171 = ADVANCED_FACE ( 'NONE', ( #8934 ), #773, .F. ) ;
#7172 = EDGE_LOOP ( 'NONE', ( #2864, #7657, #3618, #10078 ) ) ;
#7173 = UNCERTAINTY_MEASURE_WITH_UNIT (LENGTH_MEASURE( 1.000000000000000082E-05 ), #4180, 'distance_accuracy_value', 'NONE');
#7174 = LINE ( 'NONE', #2553, #3498 ) ;
#7175 = DIRECTION ( 'NONE',  ( 0.0000000000000000000, 0.0000000000000000000, -1.000000000000000000 ) ) ;
#7176 = DIRECTION ( 'NONE',  ( -0.0000000000000000000, 1.000000000000000000, -0.0000000000000000000 ) ) ;
#7177 = CIRCLE ( 'NONE', #9844, 0.5000000000000000000 ) ;
#7178 = CARTESIAN_POINT ( 'NONE',  ( 9.079166603088616228, 2.394999999999999574, -6.391489386558999897 ) ) ;
#7179 = EDGE_CURVE ( 'NONE', #3438, #9340, #9716, .T. ) ;
#7180 = DIRECTION ( 'NONE',  ( -0.0000000000000000000, 1.000000000000000000, -2.168404344971006649E-16 ) ) ;
#7181 = ORIENTED_EDGE ( 'NONE', *, *, #7773, .T. ) ;
#7182 = DIRECTION ( 'NONE',  ( 0.0000000000000000000, 1.000000000000000000, 0.0000000000000000000 ) ) ;
#7183 = UNCERTAINTY_MEASURE_WITH_UNIT (LENGTH_MEASURE( 1.000000000000000082E-05 ), #1871, 'distance_accuracy_value', 'NONE');
#7184 = AXIS2_PLACEMENT_3D ( 'NONE', #2194, #8803, #7006 ) ;
#7185 = CARTESIAN_POINT ( 'NONE',  ( 12.05416676998000014, 2.389799999999999702, -6.067404317140998593 ) ) ;
#7186 = AXIS2_PLACEMENT_3D ( 'NONE', #3329, #10520, #570 ) ;
#7187 = ORIENTED_EDGE ( 'NONE', *, *, #697, .F. ) ;
#7188 = EDGE_CURVE ( 'NONE', #8890, #4009, #10542, .T. ) ;
#7189 = PLANE ( 'NONE',  #5585 ) ;
#7190 = CARTESIAN_POINT ( 'NONE',  ( 5.650000000000000355, 0.009999999999987104274, 2.792598419361491987E-30 ) ) ;
#7191 = CARTESIAN_POINT ( 'NONE',  ( 0.0000000000000000000, 0.8199999999999999512, -6.099999999999999645 ) ) ;
#7192 = DIRECTION ( 'NONE',  ( -0.0000000000000000000, 1.000000000000000000, -0.0000000000000000000 ) ) ;
#7193 = ORIENTED_EDGE ( 'NONE', *, *, #3024, .F. ) ;
#7194 = ORIENTED_EDGE ( 'NONE', *, *, #8895, .F. ) ;
#7195 = PLANE ( 'NONE',  #4899 ) ;
#7196 = EDGE_LOOP ( 'NONE', ( #11756, #4293, #1628, #11230 ) ) ;
#7197 = VECTOR ( 'NONE', #7693, 1000.000000000000000 ) ;
#7198 = ORIENTED_EDGE ( 'NONE', *, *, #37, .T. ) ;
#7199 = DIRECTION ( 'NONE',  ( 0.0000000000000000000, 0.0000000000000000000, 1.000000000000000000 ) ) ;
#7200 = CARTESIAN_POINT ( 'NONE',  ( 13.50000000000000000, -1.058791184067875424E-19, -12.20000000000123386 ) ) ;
#7201 = ORIENTED_EDGE ( 'NONE', *, *, #3637, .F. ) ;
#7202 = EDGE_CURVE ( 'NONE', #375, #10252, #1563, .T. ) ;
#7203 = LINE ( 'NONE', #5256, #5591 ) ;
#7204 = PRESENTATION_STYLE_ASSIGNMENT (( #8165 ) ) ;
#7205 = PRESENTATION_STYLE_ASSIGNMENT (( #2711 ) ) ;
#7206 = ORIENTED_EDGE ( 'NONE', *, *, #8309, .F. ) ;
#7207 = ORIENTED_EDGE ( 'NONE', *, *, #10923, .F. ) ;
#7208 = ORIENTED_EDGE ( 'NONE', *, *, #1072, .T. ) ;
#7209 = DIRECTION ( 'NONE',  ( -0.5466232329609291840, 0.0000000000000000000, -0.8373786725176022294 ) ) ;
#7210 = CARTESIAN_POINT ( 'NONE',  ( 8.750976420090999852, 2.389799999999999702, -6.380352449434001372 ) ) ;
#7211 = CIRCLE ( 'NONE', #365, 0.2500000000000019429 ) ;
#7212 = CARTESIAN_POINT ( 'NONE',  ( 5.963772453757000491, 2.389799999999999702, -7.767760251469999488 ) ) ;
#7213 = CIRCLE ( 'NONE', #9702, 0.5000000000000000000 ) ;
#7214 = ORIENTED_EDGE ( 'NONE', *, *, #11174, .T. ) ;
#7215 = PLANE ( 'NONE',  #3915 ) ;
#7216 = EDGE_CURVE ( 'NONE', #5974, #9971, #6966, .T. ) ;
#7217 = ORIENTED_EDGE ( 'NONE', *, *, #4533, .T. ) ;
#7218 = EDGE_CURVE ( 'NONE', #3062, #8013, #10455, .T. ) ;
#7219 = FILL_AREA_STYLE ('',( #5324 ) ) ;
#7220 = DIRECTION ( 'NONE',  ( -1.504632769052528010E-30, -1.000000000000000000, 2.168404344971007142E-16 ) ) ;
#7221 = AXIS2_PLACEMENT_3D ( 'NONE', #11715, #5516, #9869 ) ;
#7222 = CARTESIAN_POINT ( 'NONE',  ( 15.50000000000000000, 1.485000000000000098, -11.50000000000000000 ) ) ;
#7223 = VERTEX_POINT ( 'NONE', #4042 ) ;
#7224 = ORIENTED_EDGE ( 'NONE', *, *, #2906, .T. ) ;
#7225 = ORIENTED_EDGE ( 'NONE', *, *, #3919, .T. ) ;
#7226 = ORIENTED_EDGE ( 'NONE', *, *, #4679, .T. ) ;
#7227 = EDGE_CURVE ( 'NONE', #6361, #1288, #8592, .T. ) ;
#7228 = DIRECTION ( 'NONE',  ( 0.0000000000000000000, 1.000000000000000000, 0.0000000000000000000 ) ) ;
#7229 = VECTOR ( 'NONE', #10576, 1000.000000000000000 ) ;
#7230 = SURFACE_SIDE_STYLE ('',( #7341 ) ) ;
#7231 = MECHANICAL_DESIGN_GEOMETRIC_PRESENTATION_REPRESENTATION (  '', ( #9009 ), #2877 ) ;
#7232 = VERTEX_POINT ( 'NONE', #9449 ) ;
#7233 = EDGE_CURVE ( 'NONE', #6608, #8961, #10524, .T. ) ;
#7234 = AXIS2_PLACEMENT_3D ( 'NONE', #8557, #9266, #5639 ) ;
#7235 = DIRECTION ( 'NONE',  ( 0.0000000000000000000, 0.0000000000000000000, -1.000000000000000000 ) ) ;
#7236 = LINE ( 'NONE', #1833, #8800 ) ;
#7237 = COLOUR_RGB ( '',0.9803921568627450567, 0.6274509803921568540, 0.0000000000000000000 ) ;
#7238 = PRESENTATION_LAYER_ASSIGNMENT (  '', '', ( #402 ) ) ;
#7239 = LINE ( 'NONE', #2842, #3818 ) ;
#7240 = VERTEX_POINT ( 'NONE', #8617 ) ;
#7241 = DIRECTION ( 'NONE',  ( -0.0000000000000000000, -1.000000000000000000, -0.0000000000000000000 ) ) ;
#7242 = MECHANICAL_DESIGN_GEOMETRIC_PRESENTATION_REPRESENTATION (  '', ( #972 ), #7063 ) ;
#7243 = CIRCLE ( 'NONE', #1168, 0.2500000000000002220 ) ;
#7244 = EDGE_CURVE ( 'NONE', #7856, #9469, #4986, .T. ) ;
#7245 = EDGE_CURVE ( 'NONE', #2927, #7459, #2375, .T. ) ;
#7246 = PRESENTATION_STYLE_ASSIGNMENT (( #9987 ) ) ;
#7247 = ORIENTED_EDGE ( 'NONE', *, *, #3972, .T. ) ;
#7248 = DIRECTION ( 'NONE',  ( -0.6379967414744547316, 0.0000000000000000000, -0.7700390625598014793 ) ) ;
#7249 = VECTOR ( 'NONE', #3173, 1000.000000000000000 ) ;
#7250 = DIRECTION ( 'NONE',  ( 0.0000000000000000000, -4.336808689942013792E-16, -1.000000000000000000 ) ) ;
#7251 = LINE ( 'NONE', #1615, #11236 ) ;
#7252 = SURFACE_STYLE_FILL_AREA ( #3643 ) ;
#7253 = ORIENTED_EDGE ( 'NONE', *, *, #11188, .T. ) ;
#7254 = ORIENTED_EDGE ( 'NONE', *, *, #1579, .F. ) ;
#7255 = DIRECTION ( 'NONE',  ( 1.000000000000000000, 0.0000000000000000000, 0.0000000000000000000 ) ) ;
#7256 = ORIENTED_EDGE ( 'NONE', *, *, #2481, .F. ) ;
#7257 = EDGE_LOOP ( 'NONE', ( #1705, #5003, #7092, #2717 ) ) ;
#7258 = DIRECTION ( 'NONE',  ( -1.000000000000000000, 0.0000000000000000000, 0.0000000000000000000 ) ) ;
#7259 = CARTESIAN_POINT ( 'NONE',  ( 12.36764323188999803, 2.389799999999999702, -7.951562459063001853 ) ) ;
#7260 = AXIS2_PLACEMENT_3D ( 'NONE', #11559, #6134, #4297 ) ;
#7261 = SURFACE_SIDE_STYLE ('',( #6251 ) ) ;
#7262 = ORIENTED_EDGE ( 'NONE', *, *, #32, .T. ) ;
#7263 = SURFACE_STYLE_FILL_AREA ( #8218 ) ;
#7264 = FILL_AREA_STYLE_COLOUR ( '', #73 ) ;
#7265 = CARTESIAN_POINT ( 'NONE',  ( 12.39999999999877645, 1.588186776101813136E-19, -11.29999999999937899 ) ) ;
#7266 = DIRECTION ( 'NONE',  ( 0.0000000000000000000, 0.0000000000000000000, -1.000000000000000000 ) ) ;
#7267 = AXIS2_PLACEMENT_3D ( 'NONE', #9256, #7289, #8370 ) ;
#7268 = EDGE_LOOP ( 'NONE', ( #6825, #10550, #1411, #6088 ) ) ;
#7269 = ORIENTED_EDGE ( 'NONE', *, *, #1709, .T. ) ;
#7270 = ORIENTED_EDGE ( 'NONE', *, *, #10824, .T. ) ;
#7271 = SURFACE_STYLE_FILL_AREA ( #9962 ) ;
#7272 =( NAMED_UNIT ( * ) SI_UNIT ( $, .STERADIAN. ) SOLID_ANGLE_UNIT ( ) );
#7273 = ORIENTED_EDGE ( 'NONE', *, *, #2939, .F. ) ;
#7274 = CARTESIAN_POINT ( 'NONE',  ( 13.50000000000000000, 0.004999999999999999237, -11.29999999999750848 ) ) ;
#7275 = ORIENTED_EDGE ( 'NONE', *, *, #1046, .F. ) ;
#7276 = CARTESIAN_POINT ( 'NONE',  ( 8.000000000000000000, 0.0000000000000000000, -12.19999999999999929 ) ) ;
#7277 = CARTESIAN_POINT ( 'NONE',  ( 7.270833158493091197, 2.389999999999999680, -8.000000000000000000 ) ) ;
#7278 = ORIENTED_EDGE ( 'NONE', *, *, #10724, .F. ) ;
#7279 = ORIENTED_EDGE ( 'NONE', *, *, #6350, .T. ) ;
#7280 = VECTOR ( 'NONE', #2946, 1000.000000000000000 ) ;
#7281 = ORIENTED_EDGE ( 'NONE', *, *, #4382, .F. ) ;
#7282 = EDGE_CURVE ( 'NONE', #10589, #6454, #7836, .T. ) ;
#7283 = PLANE ( 'NONE',  #9342 ) ;
#7284 = CARTESIAN_POINT ( 'NONE',  ( 13.22083338797000174, 2.399999999999999911, -0.4330000000000000515 ) ) ;
#7285 = DIRECTION ( 'NONE',  ( 0.0000000000000000000, 0.0000000000000000000, 1.000000000000000000 ) ) ;
#7286 = ORIENTED_EDGE ( 'NONE', *, *, #7067, .T. ) ;
#7287 = ORIENTED_EDGE ( 'NONE', *, *, #565, .F. ) ;
#7288 = DIRECTION ( 'NONE',  ( -0.6996234726653278724, 0.0000000000000000000, 0.7145117189351809506 ) ) ;
#7289 = DIRECTION ( 'NONE',  ( -7.523163845262640051E-31, -1.000000000000000000, 2.168404344971007142E-16 ) ) ;
#7290 = EDGE_CURVE ( 'NONE', #1267, #7583, #1296, .T. ) ;
#7291 = EDGE_LOOP ( 'NONE', ( #11718, #10808, #2741, #6856 ) ) ;
#7292 = PLANE ( 'NONE',  #5294 ) ;
#7293 = COLOUR_RGB ( '',0.9803921568627450567, 0.6274509803921568540, 0.0000000000000000000 ) ;
#7294 = EDGE_CURVE ( 'NONE', #4076, #4530, #3088, .T. ) ;
#7295 = AXIS2_PLACEMENT_3D ( 'NONE', #2584, #5308, #11626 ) ;
#7296 = EDGE_CURVE ( 'NONE', #660, #8882, #3146, .T. ) ;
#7297 =( NAMED_UNIT ( * ) SI_UNIT ( $, .STERADIAN. ) SOLID_ANGLE_UNIT ( ) );
#7298 = LINE ( 'NONE', #10108, #3739 ) ;
#7299 = VERTEX_POINT ( 'NONE', #573 ) ;
#7300 = COLOUR_RGB ( '',0.9803921568627450567, 0.6274509803921568540, 0.0000000000000000000 ) ;
#7301 = PRESENTATION_LAYER_ASSIGNMENT (  '', '', ( #6352 ) ) ;
#7302 = EDGE_CURVE ( 'NONE', #7807, #9668, #5102, .T. ) ;
#7303 = CARTESIAN_POINT ( 'NONE',  ( 11.30000000000000249, 0.009999999999999998473, -11.75000000000000178 ) ) ;
#7304 = LINE ( 'NONE', #1180, #7694 ) ;
#7305 = CARTESIAN_POINT ( 'NONE',  ( 5.287500047683677096, 2.394999999999999574, -6.212766003608932941 ) ) ;
#7306 = ORIENTED_EDGE ( 'NONE', *, *, #1715, .F. ) ;
#7307 = LINE ( 'NONE', #9092, #7742 ) ;
#7308 = ORIENTED_EDGE ( 'NONE', *, *, #6646, .F. ) ;
#7309 = ORIENTED_EDGE ( 'NONE', *, *, #2699, .T. ) ;
#7310 = CARTESIAN_POINT ( 'NONE',  ( 3.900000000000347633, 0.0000000000000000000, -0.9000000000000000222 ) ) ;
#7311 = AXIS2_PLACEMENT_3D ( 'NONE', #5790, #6677, #11151 ) ;
#7312 = DIRECTION ( 'NONE',  ( 2.726985304235543176E-12, 1.000000000000000000, -1.734723475976808672E-15 ) ) ;
#7313 = VECTOR ( 'NONE', #3557, 1000.000000000000000 ) ;
#7314 = ORIENTED_EDGE ( 'NONE', *, *, #5051, .F. ) ;
#7315 = FACE_OUTER_BOUND ( 'NONE', #726, .T. ) ;
#7316 = ADVANCED_FACE ( 'NONE', ( #2133 ), #6762, .T. ) ;
#7317 = SURFACE_STYLE_USAGE ( .BOTH. , #3776 ) ;
#7318 = AXIS2_PLACEMENT_3D ( 'NONE', #3628, #9028, #866 ) ;
#7319 = PRESENTATION_LAYER_ASSIGNMENT (  '', '', ( #10565 ) ) ;
#7321 = VECTOR ( 'NONE', #5741, 1000.000000000000000 ) ;
#7320 = LINE ( 'NONE', #6316, #3026 ) ;
#7322 = ORIENTED_EDGE ( 'NONE', *, *, #5426, .F. ) ;
#7323 = ORIENTED_EDGE ( 'NONE', *, *, #2947, .T. ) ;
#7324 = ORIENTED_EDGE ( 'NONE', *, *, #3813, .T. ) ;
#7325 = DIRECTION ( 'NONE',  ( -0.0000000000000000000, 1.000000000000000000, -2.168404344970999747E-16 ) ) ;
#7326 = DIRECTION ( 'NONE',  ( -0.0000000000000000000, -1.000000000000000000, -0.0000000000000000000 ) ) ;
#7327 = CARTESIAN_POINT ( 'NONE',  ( 1.500000000000000000, 2.399999999999999911, -1.399999999999999911 ) ) ;
#7328 = VECTOR ( 'NONE', #3216, 1000.000000000000000 ) ;
#7329 = CARTESIAN_POINT ( 'NONE',  ( 7.200000000000001066, 0.01020000000000000073, 0.02448876244737000288 ) ) ;
#7330 = VERTEX_POINT ( 'NONE', #8735 ) ;
#7331 = DIRECTION ( 'NONE',  ( 0.5466220916048116774, 0.0000000000000000000, 0.8373794175698259235 ) ) ;
#7332 = ORIENTED_EDGE ( 'NONE', *, *, #5239, .T. ) ;
#7333 = CARTESIAN_POINT ( 'NONE',  ( 0.6000000000000001998, 0.009999999999999989800, -12.19999999999999751 ) ) ;
#7334 = LINE ( 'NONE', #971, #7648 ) ;
#7335 = CARTESIAN_POINT ( 'NONE',  ( 2.100000000000000089, 0.8200000000000300382, -12.19999999999999929 ) ) ;
#7336 = PLANE ( 'NONE',  #165 ) ;
#7337 = ORIENTED_EDGE ( 'NONE', *, *, #4, .F. ) ;
#7338 = ORIENTED_EDGE ( 'NONE', *, *, #32, .F. ) ;
#7339 = ORIENTED_EDGE ( 'NONE', *, *, #8623, .T. ) ;
#7340 = LINE ( 'NONE', #2051, #5351 ) ;
#7341 = SURFACE_STYLE_FILL_AREA ( #6452 ) ;
#7342 = CYLINDRICAL_SURFACE ( 'NONE', #11238, 0.5000000000000000000 ) ;
#7343 = ORIENTED_EDGE ( 'NONE', *, *, #1434, .F. ) ;
#7344 = CARTESIAN_POINT ( 'NONE',  ( 5.824488762446998535, 0.01000000000000000021, 0.02448876244737000288 ) ) ;
#7345 = ORIENTED_EDGE ( 'NONE', *, *, #2970, .F. ) ;
#7346 = DIRECTION ( 'NONE',  ( -1.000000000000000000, -0.0000000000000000000, -0.0000000000000000000 ) ) ;
#7347 = LINE ( 'NONE', #7406, #1773 ) ;
#7348 = EDGE_CURVE ( 'NONE', #8292, #10665, #9514, .T. ) ;
#7349 = CARTESIAN_POINT ( 'NONE',  ( 6.475976766386999373, 2.389799999999999702, -7.869714154977999421 ) ) ;
#7350 = VERTEX_POINT ( 'NONE', #3209 ) ;
#7351 = DIRECTION ( 'NONE',  ( 1.000000000000000000, 0.0000000000000000000, 0.0000000000000000000 ) ) ;
#7352 = DIRECTION ( 'NONE',  ( 0.0000000000000000000, -1.000000000000000000, 2.168404344970991858E-16 ) ) ;
#7353 = DIRECTION ( 'NONE',  ( -0.0000000000000000000, -1.000000000000000000, -0.0000000000000000000 ) ) ;
#7354 = PLANE ( 'NONE',  #1159 ) ;
#7355 = EDGE_CURVE ( 'NONE', #1267, #3438, #10390, .T. ) ;
#7356 = CARTESIAN_POINT ( 'NONE',  ( 5.170833158492645687, 2.394999999999999574, -7.761702135205673869 ) ) ;
#7357 = ORIENTED_EDGE ( 'NONE', *, *, #7519, .T. ) ;
#7358 = EDGE_CURVE ( 'NONE', #10351, #5410, #341, .T. ) ;
#7359 = ADVANCED_FACE ( 'NONE', ( #6706 ), #5047, .F. ) ;
#7360 = DIRECTION ( 'NONE',  ( -0.0000000000000000000, -1.000000000000000000, -0.0000000000000000000 ) ) ;
#7361 = FILL_AREA_STYLE ('',( #7134 ) ) ;
#7362 = CARTESIAN_POINT ( 'NONE',  ( 5.777894535464000114, 2.389799999999999702, -6.325856827573998586 ) ) ;
#7363 = VECTOR ( 'NONE', #7082, 1000.000000000000000 ) ;
#7364 = DIRECTION ( 'NONE',  ( 1.000000000000000000, -0.0000000000000000000, -0.0000000000000000000 ) ) ;
#7365 = ORIENTED_EDGE ( 'NONE', *, *, #5708, .F. ) ;
#7366 = VECTOR ( 'NONE', #1277, 1000.000000000000000 ) ;
#7367 = ORIENTED_EDGE ( 'NONE', *, *, #10202, .F. ) ;
#7368 = CARTESIAN_POINT ( 'NONE',  ( 12.79069022743999895, 2.389799999999999702, -7.772839065979000317 ) ) ;
#7369 = PLANE ( 'NONE',  #2488 ) ;
#7370 = SURFACE_SIDE_STYLE ('',( #4097 ) ) ;
#7371 = MECHANICAL_DESIGN_GEOMETRIC_PRESENTATION_REPRESENTATION (  '', ( #1873 ), #344 ) ;
#7372 = ORIENTED_EDGE ( 'NONE', *, *, #3828, .F. ) ;
#7373 = EDGE_CURVE ( 'NONE', #9096, #10951, #4161, .T. ) ;
#7374 = FILL_AREA_STYLE ('',( #3775 ) ) ;
#7375 = DIRECTION ( 'NONE',  ( -1.000000000000000000, 0.0000000000000000000, 0.0000000000000000000 ) ) ;
#7376 = VECTOR ( 'NONE', #10693, 1000.000000000000000 ) ;
#7377 = SURFACE_SIDE_STYLE ('',( #8166 ) ) ;
#7378 = ORIENTED_EDGE ( 'NONE', *, *, #6785, .F. ) ;
#7379 = ORIENTED_EDGE ( 'NONE', *, *, #2737, .F. ) ;
#7380 = ORIENTED_EDGE ( 'NONE', *, *, #7716, .F. ) ;
#7381 = FACE_OUTER_BOUND ( 'NONE', #6029, .T. ) ;
#7382 = CARTESIAN_POINT ( 'NONE',  ( 8.320833492279012589, 2.389999999999999680, -7.225531923770772025 ) ) ;
#7383 = DIRECTION ( 'NONE',  ( -1.000000000000000000, -0.0000000000000000000, -0.0000000000000000000 ) ) ;
#7384 = EDGE_CURVE ( 'NONE', #9834, #2166, #5878, .T. ) ;
#7385 = ADVANCED_FACE ( 'NONE', ( #11487 ), #3331, .F. ) ;
#7386 = DIRECTION ( 'NONE',  ( 0.0000000000000000000, 1.000000000000000000, 0.0000000000000000000 ) ) ;
#7387 = ORIENTED_EDGE ( 'NONE', *, *, #7000, .F. ) ;
#7388 = CARTESIAN_POINT ( 'NONE',  ( 15.35334099977127309, 2.399988896777237368, -11.49764384039154308 ) ) ;
#7389 = ORIENTED_EDGE ( 'NONE', *, *, #10198, .T. ) ;
#7390 = DIRECTION ( 'NONE',  ( 0.0000000000000000000, -1.000000000000000000, 2.168404344971006649E-16 ) ) ;
#7391 = AXIS2_PLACEMENT_3D ( 'NONE', #7327, #4710, #3723 ) ;
#7392 = LINE ( 'NONE', #5617, #2353 ) ;
#7393 = LINE ( 'NONE', #4720, #4913 ) ;
#7394 = ORIENTED_EDGE ( 'NONE', *, *, #7179, .F. ) ;
#7395 = VERTEX_POINT ( 'NONE', #8914 ) ;
#7396 = VECTOR ( 'NONE', #9710, 1000.000000000000000 ) ;
#7397 = ORIENTED_EDGE ( 'NONE', *, *, #11149, .T. ) ;
#7398 = CARTESIAN_POINT ( 'NONE',  ( 6.337500047684083704, 2.399999999999999911, -7.940425533801165336 ) ) ;
#7399 = EDGE_CURVE ( 'NONE', #1039, #11441, #1663, .T. ) ;
#7400 = CARTESIAN_POINT ( 'NONE',  ( 2.349999999999999645, 0.4100000000000150746, 0.0000000000000000000 ) ) ;
#7401 = LINE ( 'NONE', #384, #8959 ) ;
#7402 = VERTEX_POINT ( 'NONE', #10763 ) ;
#7403 = VECTOR ( 'NONE', #1170, 1000.000000000000000 ) ;
#7404 = VERTEX_POINT ( 'NONE', #6230 ) ;
#7405 = DIRECTION ( 'NONE',  ( -1.000000000000000000, -0.0000000000000000000, -0.0000000000000000000 ) ) ;
#7406 = CARTESIAN_POINT ( 'NONE',  ( 3.899999999999999911, 0.009999999999999998473, -0.4500000000000149436 ) ) ;
#7407 = AXIS2_PLACEMENT_3D ( 'NONE', #10625, #3190, #2639 ) ;
#7408 = CARTESIAN_POINT ( 'NONE',  ( 15.00000000000000000, 0.009999999999974168441, -0.2499999999999991951 ) ) ;
#7409 = ORIENTED_EDGE ( 'NONE', *, *, #1947, .F. ) ;
#7410 =( GEOMETRIC_REPRESENTATION_CONTEXT ( 3 ) GLOBAL_UNCERTAINTY_ASSIGNED_CONTEXT ( ( #504 ) ) GLOBAL_UNIT_ASSIGNED_CONTEXT ( ( #1380, #10410, #2272 ) ) REPRESENTATION_CONTEXT ( 'NONE', 'WORKASPACE' ) );
#7411 = CARTESIAN_POINT ( 'NONE',  ( 8.000000000000000000, 0.8199999999999999512, 0.0000000000000000000 ) ) ;
#7412 = CARTESIAN_POINT ( 'NONE',  ( 1.399999999999999911, 0.0000000000000000000, -0.9000000000000298872 ) ) ;
#7413 = AXIS2_PLACEMENT_3D ( 'NONE', #2246, #2130, #4805 ) ;
#7414 = DIRECTION ( 'NONE',  ( -1.000000000000000000, 0.0000000000000000000, 0.0000000000000000000 ) ) ;
#7415 = ORIENTED_EDGE ( 'NONE', *, *, #9568, .F. ) ;
#7416 = AXIS2_PLACEMENT_3D ( 'NONE', #2569, #7016, #9642 ) ;
#7417 = VECTOR ( 'NONE', #8666, 1000.000000000000000 ) ;
#7418 = CARTESIAN_POINT ( 'NONE',  ( 11.17916676998000014, 2.399999999999999911, -0.4330000000000000515 ) ) ;
#7419 = SURFACE_STYLE_USAGE ( .BOTH. , #9271 ) ;
#7420 = VECTOR ( 'NONE', #6774, 1000.000000000000114 ) ;
#7421 = CARTESIAN_POINT ( 'NONE',  ( 15.00000000000000000, 0.8200000000000300382, 0.0000000000000000000 ) ) ;
#7422 = FACE_OUTER_BOUND ( 'NONE', #2532, .T. ) ;
#7423 = VECTOR ( 'NONE', #1658, 1000.000000000000000 ) ;
#7424 = LINE ( 'NONE', #6765, #11746 ) ;
#7425 = ORIENTED_EDGE ( 'NONE', *, *, #119, .F. ) ;
#7426 = ORIENTED_EDGE ( 'NONE', *, *, #185, .F. ) ;
#7427 = CARTESIAN_POINT ( 'NONE',  ( 5.025000047683500171, 2.389999999999999680, -6.600000000000000533 ) ) ;
#7428 = EDGE_CURVE ( 'NONE', #6090, #4538, #1718, .T. ) ;
#7429 = AXIS2_PLACEMENT_3D ( 'NONE', #5527, #10048, #1899 ) ;
#7430 = EDGE_CURVE ( 'NONE', #4881, #2909, #5341, .T. ) ;
#7431 = DIRECTION ( 'NONE',  ( 0.0000000000000000000, 0.0000000000000000000, -1.000000000000000000 ) ) ;
#7432 = PLANE ( 'NONE',  #7759 ) ;
#7433 = AXIS2_PLACEMENT_3D ( 'NONE', #1460, #11526, #5980 ) ;
#7434 = ORIENTED_EDGE ( 'NONE', *, *, #5228, .F. ) ;
#7435 = DIRECTION ( 'NONE',  ( -1.000000000000000000, -0.0000000000000000000, -0.0000000000000000000 ) ) ;
#7436 = DIRECTION ( 'NONE',  ( -0.8265992788051911289, 0.0000000000000000000, 0.5627909312335601655 ) ) ;
#7437 = DIRECTION ( 'NONE',  ( 1.000000000000000000, 0.0000000000000000000, 0.0000000000000000000 ) ) ;
#7438 = CARTESIAN_POINT ( 'NONE',  ( 5.462500047683999327, 2.399999999999999911, -6.451063847541997909 ) ) ;
#7439 = EDGE_LOOP ( 'NONE', ( #11026, #3429, #802, #5424 ) ) ;
#7440 = EDGE_CURVE ( 'NONE', #10319, #11695, #7001, .T. ) ;
#7441 = ORIENTED_EDGE ( 'NONE', *, *, #1922, .T. ) ;
#7442 = VERTEX_POINT ( 'NONE', #11658 ) ;
#7443 = CARTESIAN_POINT ( 'NONE',  ( 8.058333325386000112, 2.389999999999999680, -7.404255327582499824 ) ) ;
#7444 = VECTOR ( 'NONE', #1621, 1000.000000000000114 ) ;
#7445 = FACE_OUTER_BOUND ( 'NONE', #8907, .T. ) ;
#7446 = EDGE_CURVE ( 'NONE', #2999, #3808, #8134, .T. ) ;
#7447 = ADVANCED_FACE ( 'NONE', ( #9755 ), #9029, .T. ) ;
#7448 = CARTESIAN_POINT ( 'NONE',  ( 2.100000000000000089, 0.8200000000000300382, 0.0000000000000000000 ) ) ;
#7449 = ORIENTED_EDGE ( 'NONE', *, *, #9833, .F. ) ;
#7450 = VERTEX_POINT ( 'NONE', #5286 ) ;
#7451 = VECTOR ( 'NONE', #6042, 1000.000000000000000 ) ;
#7452 = FACE_OUTER_BOUND ( 'NONE', #1221, .T. ) ;
#7453 = DIRECTION ( 'NONE',  ( 0.0000000000000000000, 0.0000000000000000000, 1.000000000000000000 ) ) ;
#7454 = SURFACE_STYLE_FILL_AREA ( #8532 ) ;
#7455 = CARTESIAN_POINT ( 'NONE',  ( 6.454166936873710902, 2.399999999999999911, -7.880851067602716142 ) ) ;
#7456 = ORIENTED_EDGE ( 'NONE', *, *, #5563, .F. ) ;
#7457 = ADVANCED_FACE ( 'NONE', ( #8971 ), #2676, .F. ) ;
#7458 = EDGE_LOOP ( 'NONE', ( #1469, #619, #9487, #471 ) ) ;
#7459 = VERTEX_POINT ( 'NONE', #751 ) ;
#7460 = STYLED_ITEM ( 'NONE', ( #6175 ), #4829 ) ;
#7461 = VECTOR ( 'NONE', #5446, 1000.000000000000000 ) ;
#7462 = AXIS2_PLACEMENT_3D ( 'NONE', #203, #7220, #855 ) ;
#7463 = CARTESIAN_POINT ( 'NONE',  ( 12.40000000000000036, 0.4100000000000149636, -12.19999999999999751 ) ) ;
#7464 = LINE ( 'NONE', #5625, #1667 ) ;
#7465 = CARTESIAN_POINT ( 'NONE',  ( 6.099999999999999645, 0.01020000000000000073, -11.27551123755000262 ) ) ;
#7466 = ORIENTED_EDGE ( 'NONE', *, *, #4665, .F. ) ;
#7467 = CARTESIAN_POINT ( 'NONE',  ( 14.15000000000000213, 0.8200000000000149392, -12.19999999999999929 ) ) ;
#7468 = EDGE_LOOP ( 'NONE', ( #531, #6017, #4715, #8094, #9426, #11432, #2922, #1138 ) ) ;
#7469 = FACE_OUTER_BOUND ( 'NONE', #10054, .T. ) ;
#7470 = PLANE ( 'NONE',  #10697 ) ;
#7471 = VECTOR ( 'NONE', #4493, 1000.000000000000000 ) ;
#7472 = ADVANCED_FACE ( 'NONE', ( #2437 ), #7124, .F. ) ;
#7473 = PRODUCT_RELATED_PRODUCT_CATEGORY ( 'part', '', ( #30 ) ) ;
#7474 = CARTESIAN_POINT ( 'NONE',  ( 5.799999999999810640, -5.293955920339377119E-20, -0.9000000000000077938 ) ) ;
#7475 = VERTEX_POINT ( 'NONE', #3571 ) ;
#7476 = FILL_AREA_STYLE ('',( #3866 ) ) ;
#7477 = LINE ( 'NONE', #7411, #6890 ) ;
#7478 = DIRECTION ( 'NONE',  ( 0.9713213633441384331, -0.0000000000000000000, 0.2377704967217005028 ) ) ;
#7479 = VECTOR ( 'NONE', #8053, 1000.000000000000000 ) ;
#7480 = VECTOR ( 'NONE', #8872, 1000.000000000000000 ) ;
#7481 = CARTESIAN_POINT ( 'NONE',  ( 13.45416671260915287, 2.399999999999999911, -7.523404270410790851 ) ) ;
#7482 = CARTESIAN_POINT ( 'NONE',  ( 13.05000000000000249, 0.009999999999987104274, -12.19999999999999929 ) ) ;
#7483 = PLANE ( 'NONE',  #3116 ) ;
#7484 = DIRECTION ( 'NONE',  ( 0.0000000000000000000, 0.0000000000000000000, -1.000000000000000000 ) ) ;
#7485 = EDGE_CURVE ( 'NONE', #4530, #10604, #9547, .T. ) ;
#7486 = DIRECTION ( 'NONE',  ( 0.0000000000000000000, -2.168404344971006896E-16, -1.000000000000000000 ) ) ;
#7487 = CARTESIAN_POINT ( 'NONE',  ( 6.454166936874207394, 2.399999999999999911, -6.212766003608591880 ) ) ;
#7488 = LINE ( 'NONE', #5645, #10041 ) ;
#7489 = ORIENTED_EDGE ( 'NONE', *, *, #2892, .T. ) ;
#7490 = ORIENTED_EDGE ( 'NONE', *, *, #1960, .F. ) ;
#7491 =( NAMED_UNIT ( * ) SI_UNIT ( $, .STERADIAN. ) SOLID_ANGLE_UNIT ( ) );
#7492 = PLANE ( 'NONE',  #208 ) ;
#7493 = FACE_OUTER_BOUND ( 'NONE', #8153, .T. ) ;
#7494 =( GEOMETRIC_REPRESENTATION_CONTEXT ( 3 ) GLOBAL_UNCERTAINTY_ASSIGNED_CONTEXT ( ( #1953 ) ) GLOBAL_UNIT_ASSIGNED_CONTEXT ( ( #6180, #1670, #8382 ) ) REPRESENTATION_CONTEXT ( 'NONE', 'WORKASPACE' ) );
#7495 = ORIENTED_EDGE ( 'NONE', *, *, #6198, .T. ) ;
#7496 = FACE_OUTER_BOUND ( 'NONE', #130, .T. ) ;
#7497 = LINE ( 'NONE', #3997, #1548 ) ;
#7498 = EDGE_CURVE ( 'NONE', #11511, #1804, #5168, .T. ) ;
#7499 = CARTESIAN_POINT ( 'NONE',  ( 9.604166603088000187, 2.399999999999999911, -0.4330000000000000515 ) ) ;
#7500 = DIRECTION ( 'NONE',  ( 0.8906056381927104360, 0.0000000000000000000, -0.4547764255316614213 ) ) ;
#7501 = ORIENTED_EDGE ( 'NONE', *, *, #11383, .F. ) ;
#7502 = CARTESIAN_POINT ( 'NONE',  ( 8.904166603088496501, 2.389999999999999680, -8.000000000000000000 ) ) ;
#7503 = CIRCLE ( 'NONE', #9410, 0.2499999999999999445 ) ;
#7504 = ORIENTED_EDGE ( 'NONE', *, *, #7991, .T. ) ;
#7505 = CARTESIAN_POINT ( 'NONE',  ( 16.00000000000000000, 0.0000000000000000000, -6.099999999999999645 ) ) ;
#7506 = VECTOR ( 'NONE', #4374, 1000.000000000000000 ) ;
#7507 = LINE ( 'NONE', #6549, #10821 ) ;
#7508 = DIRECTION ( 'NONE',  ( 0.0000000000000000000, -2.168404344970999254E-16, -1.000000000000000000 ) ) ;
#7509 = ADVANCED_FACE ( 'NONE', ( #6287 ), #9925, .F. ) ;
#7510 = ORIENTED_EDGE ( 'NONE', *, *, #6518, .F. ) ;
#7511 = FACE_OUTER_BOUND ( 'NONE', #5777, .T. ) ;
#7512 = VECTOR ( 'NONE', #4220, 1000.000000000000000 ) ;
#7513 = AXIS2_PLACEMENT_3D ( 'NONE', #5877, #11205, #9361 ) ;
#7514 = ORIENTED_EDGE ( 'NONE', *, *, #1788, .T. ) ;
#7515 = CIRCLE ( 'NONE', #7295, 0.2499999999999993616 ) ;
#7516 = LINE ( 'NONE', #5672, #2344 ) ;
#7517 = EDGE_CURVE ( 'NONE', #2299, #5921, #9138, .T. ) ;
#7518 = LINE ( 'NONE', #3122, #63 ) ;
#7519 = EDGE_CURVE ( 'NONE', #3734, #4001, #8306, .T. ) ;
#7520 = FACE_OUTER_BOUND ( 'NONE', #6961, .T. ) ;
#7521 = ORIENTED_EDGE ( 'NONE', *, *, #2670, .F. ) ;
#7522 = ORIENTED_EDGE ( 'NONE', *, *, #4197, .T. ) ;
#7523 = ORIENTED_EDGE ( 'NONE', *, *, #2892, .F. ) ;
#7524 = AXIS2_PLACEMENT_3D ( 'NONE', #8924, #11371, #4113 ) ;
#7525 = CARTESIAN_POINT ( 'NONE',  ( 6.629166603088499699, 2.389999999999999680, -6.421276617050499347 ) ) ;
#7526 = CARTESIAN_POINT ( 'NONE',  ( 7.200000000000230216, 0.009999999999999998473, -0.9000000000000001332 ) ) ;
#7527 = CARTESIAN_POINT ( 'NONE',  ( 9.604166603088000187, 2.389999999999999680, -6.748936152457999604 ) ) ;
#7528 = ADVANCED_FACE ( 'NONE', ( #10933 ), #8252, .T. ) ;
#7529 = VERTEX_POINT ( 'NONE', #1887 ) ;
#7530 = FILL_AREA_STYLE ('',( #1944 ) ) ;
#7531 = VERTEX_POINT ( 'NONE', #1108 ) ;
#7532 = CARTESIAN_POINT ( 'NONE',  ( 9.312500047683744953, 2.394999999999999574, -7.940425533801195535 ) ) ;
#7533 = EDGE_CURVE ( 'NONE', #4350, #9284, #3746, .T. ) ;
#7534 = CARTESIAN_POINT ( 'NONE',  ( 1.399999999999999911, 0.01020000000000000073, -12.22448876245000093 ) ) ;
#7535 = VERTEX_POINT ( 'NONE', #10099 ) ;
#7536 = SURFACE_STYLE_FILL_AREA ( #7476 ) ;
#7537 = UNCERTAINTY_MEASURE_WITH_UNIT (LENGTH_MEASURE( 1.000000000000000082E-05 ), #10253, 'distance_accuracy_value', 'NONE');
#7538 = CARTESIAN_POINT ( 'NONE',  ( 4.470833158492641068, 2.389999999999999680, -6.093617081642382693 ) ) ;
#7539 = DIRECTION ( 'NONE',  ( 0.0000000000000000000, -1.000000000000000000, 2.168404344970999747E-16 ) ) ;
#7540 = ADVANCED_FACE ( 'NONE', ( #9080 ), #5576, .F. ) ;
#7541 = LINE ( 'NONE', #4741, #9817 ) ;
#7542 = ORIENTED_EDGE ( 'NONE', *, *, #634, .F. ) ;
#7543 = CARTESIAN_POINT ( 'NONE',  ( 5.000000000000000000, 0.009999999999999998473, -11.29999999999833982 ) ) ;
#7544 = LINE ( 'NONE', #11182, #8367 ) ;
#7545 = ORIENTED_EDGE ( 'NONE', *, *, #11011, .F. ) ;
#7546 = VERTEX_POINT ( 'NONE', #9318 ) ;
#7547 = VECTOR ( 'NONE', #9312, 1000.000000000000000 ) ;
#7548 =( NAMED_UNIT ( * ) PLANE_ANGLE_UNIT ( ) SI_UNIT ( $, .RADIAN. ) );
#7549 = DIRECTION ( 'NONE',  ( -0.0000000000000000000, -0.0000000000000000000, 1.000000000000000000 ) ) ;
#7550 = ADVANCED_FACE ( 'NONE', ( #2731 ), #2003, .F. ) ;
#7551 = CARTESIAN_POINT ( 'NONE',  ( 8.000000000000000000, 0.009999999999999995004, -12.19999999999999929 ) ) ;
#7552 = VECTOR ( 'NONE', #7559, 1000.000000000000000 ) ;
#7553 = CARTESIAN_POINT ( 'NONE',  ( 9.312500047683951010, 2.389999999999999680, -6.153191542625030763 ) ) ;
#7554 = CARTESIAN_POINT ( 'NONE',  ( 12.05416676997881709, 2.394999999999999574, -7.702127653360129500 ) ) ;
#7555 =( NAMED_UNIT ( * ) PLANE_ANGLE_UNIT ( ) SI_UNIT ( $, .RADIAN. ) );
#7556 = CARTESIAN_POINT ( 'NONE',  ( 5.754166936874277383, 2.399999999999999467, -6.331914925575018671 ) ) ;
#7557 = ORIENTED_EDGE ( 'NONE', *, *, #7355, .T. ) ;
#7558 = ORIENTED_EDGE ( 'NONE', *, *, #7399, .F. ) ;
#7559 = DIRECTION ( 'NONE',  ( 0.6996248351865823611, 0.0000000000000000000, 0.7145103848021717718 ) ) ;
#7560 = ORIENTED_EDGE ( 'NONE', *, *, #6342, .T. ) ;
#7561 = SURFACE_SIDE_STYLE ('',( #7623 ) ) ;
#7562 = FACE_OUTER_BOUND ( 'NONE', #1917, .T. ) ;
#7563 = VECTOR ( 'NONE', #11249, 1000.000000000000227 ) ;
#7564 = ADVANCED_FACE ( 'NONE', ( #2785 ), #6457, .F. ) ;
#7565 = CARTESIAN_POINT ( 'NONE',  ( 4.120833158493069526, 2.394999999999999574, -6.093617081641940381 ) ) ;
#7566 = ORIENTED_EDGE ( 'NONE', *, *, #1184, .F. ) ;
#7567 = DIRECTION ( 'NONE',  ( 1.000000000000000000, -0.0000000000000000000, -0.0000000000000000000 ) ) ;
#7568 = ORIENTED_EDGE ( 'NONE', *, *, #4498, .F. ) ;
#7569 = DIRECTION ( 'NONE',  ( -0.9689176983636932361, 0.0000000000000000000, 0.2473832932871644075 ) ) ;
#7570 = DIRECTION ( 'NONE',  ( -1.000000000000000000, 0.0000000000000000000, 0.0000000000000000000 ) ) ;
#7571 = PLANE ( 'NONE',  #5688 ) ;
#7572 = EDGE_LOOP ( 'NONE', ( #1976, #11716, #7332, #9548, #2650, #7985, #10171, #7208, #5504, #1797, #5559, #9540 ) ) ;
#7573 = VERTEX_POINT ( 'NONE', #2840 ) ;
#7574 = EDGE_LOOP ( 'NONE', ( #8159, #1424, #10257, #1437 ) ) ;
#7575 = SURFACE_STYLE_FILL_AREA ( #5024 ) ;
#7576 = CIRCLE ( 'NONE', #8920, 0.2500000000000002220 ) ;
#7577 = LINE ( 'NONE', #1939, #2623 ) ;
#7578 = EDGE_CURVE ( 'NONE', #11783, #6555, #3806, .T. ) ;
#7579 = CARTESIAN_POINT ( 'NONE',  ( 14.59999999999999964, 0.01020000000000000073, 0.02448876244737000288 ) ) ;
#7580 = EDGE_CURVE ( 'NONE', #9899, #10920, #7347, .T. ) ;
#7581 = DIRECTION ( 'NONE',  ( 0.0000000000000000000, -1.000000000000000000, 2.168404344970991612E-16 ) ) ;
#7582 = VECTOR ( 'NONE', #5487, 1000.000000000000000 ) ;
#7583 = VERTEX_POINT ( 'NONE', #11049 ) ;
#7584 = VERTEX_POINT ( 'NONE', #2904 ) ;
#7585 = FACE_OUTER_BOUND ( 'NONE', #9677, .T. ) ;
#7586 = SURFACE_STYLE_FILL_AREA ( #4972 ) ;
#7587 = AXIS2_PLACEMENT_3D ( 'NONE', #8928, #5953, #527 ) ;
#7588 = CYLINDRICAL_SURFACE ( 'NONE', #3441, 0.2500000000000002220 ) ;
#7589 = ORIENTED_EDGE ( 'NONE', *, *, #496, .T. ) ;
#7590 = EDGE_CURVE ( 'NONE', #7154, #3286, #6519, .T. ) ;
#7591 = FACE_OUTER_BOUND ( 'NONE', #4236, .T. ) ;
#7592 = DIRECTION ( 'NONE',  ( -0.0000000000000000000, -1.000000000000000000, -0.0000000000000000000 ) ) ;
#7593 = PRESENTATION_LAYER_ASSIGNMENT (  '', '', ( #4552 ) ) ;
#7594 = EDGE_CURVE ( 'NONE', #10601, #2547, #237, .T. ) ;
#7595 = CARTESIAN_POINT ( 'NONE',  ( 12.05416676997840497, 2.399999999999999911, -7.702127653359709392 ) ) ;
#7596 = VECTOR ( 'NONE', #3247, 1000.000000000000000 ) ;
#7597 = FACE_OUTER_BOUND ( 'NONE', #8411, .T. ) ;
#7598 = DIRECTION ( 'NONE',  ( -0.6996248351863439963, 0.0000000000000000000, -0.7145103848024051407 ) ) ;
#7599 = DIRECTION ( 'NONE',  ( -0.4397135063609085570, 0.0000000000000000000, -0.8981380920124674150 ) ) ;
#7600 = CARTESIAN_POINT ( 'NONE',  ( 10.33801128523999857, 2.389799999999999702, -6.689361691475000704 ) ) ;
#7601 = VECTOR ( 'NONE', #2365, 1000.000000000000000 ) ;
#7602 =( NAMED_UNIT ( * ) SI_UNIT ( $, .STERADIAN. ) SOLID_ANGLE_UNIT ( ) );
#7603 = CARTESIAN_POINT ( 'NONE',  ( 3.900000000000064304, 0.009999999999999996739, -1.129377263005733721E-18 ) ) ;
#7604 = ADVANCED_FACE ( 'NONE', ( #220 ), #7470, .F. ) ;
#7605 = CARTESIAN_POINT ( 'NONE',  ( 12.28750004767999826, 2.389999999999999680, -7.910638300702000691 ) ) ;
#7606 = ORIENTED_EDGE ( 'NONE', *, *, #5647, .F. ) ;
#7607 = EDGE_CURVE ( 'NONE', #1607, #8447, #7236, .T. ) ;
#7608 = SURFACE_STYLE_USAGE ( .BOTH. , #4872 ) ;
#7609 = PRESENTATION_LAYER_ASSIGNMENT (  '', '', ( #10464 ) ) ;
#7610 = FACE_OUTER_BOUND ( 'NONE', #1697, .T. ) ;
#7611 = VECTOR ( 'NONE', #11778, 999.9999999999998863 ) ;
#7612 = DIRECTION ( 'NONE',  ( 1.000000000000000000, -0.0000000000000000000, 0.0000000000000000000 ) ) ;
#7613 = COLOUR_RGB ( '',0.0000000000000000000, 0.0000000000000000000, 0.0000000000000000000 ) ;
#7614 = LINE ( 'NONE', #1310, #7811 ) ;
#7615 = DIRECTION ( 'NONE',  ( 0.0000000000000000000, 0.0000000000000000000, -1.000000000000000000 ) ) ;
#7616 = DIRECTION ( 'NONE',  ( -0.3646920423842135439, 0.0000000000000000000, -0.9311281943006726181 ) ) ;
#7617 = ORIENTED_EDGE ( 'NONE', *, *, #9451, .F. ) ;
#7618 = VERTEX_POINT ( 'NONE', #9980 ) ;
#7619 = EDGE_CURVE ( 'NONE', #5141, #9543, #11262, .T. ) ;
#7620 = DIRECTION ( 'NONE',  ( 0.0000000000000000000, -2.168404344971006896E-16, -1.000000000000000000 ) ) ;
#7621 = ORIENTED_EDGE ( 'NONE', *, *, #2738, .T. ) ;
#7622 = COLOUR_RGB ( '',0.8313725490196077761, 0.8509803921568627194, 0.8313725490196077761 ) ;
#7623 = SURFACE_STYLE_FILL_AREA ( #4004 ) ;
#7624 = MECHANICAL_DESIGN_GEOMETRIC_PRESENTATION_REPRESENTATION (  '', ( #10465 ), #1743 ) ;
#7625 = CARTESIAN_POINT ( 'NONE',  ( 7.200000000000065015, 0.009999999999999996739, -1.129377263005733721E-18 ) ) ;
#7626 = VECTOR ( 'NONE', #10566, 1000.000000000000000 ) ;
#7627 = DIRECTION ( 'NONE',  ( 0.0000000000000000000, -1.000000000000000000, 2.168404344971007142E-16 ) ) ;
#7628 = ORIENTED_EDGE ( 'NONE', *, *, #3877, .T. ) ;
#7629 = DIRECTION ( 'NONE',  ( 0.0000000000000000000, 0.0000000000000000000, -1.000000000000000000 ) ) ;
#7630 = FACE_OUTER_BOUND ( 'NONE', #11614, .T. ) ;
#7631 = ORIENTED_EDGE ( 'NONE', *, *, #5572, .F. ) ;
#7632 = CARTESIAN_POINT ( 'NONE',  ( 7.270833158493000603, 2.389999999999999680, -6.599999999999999645 ) ) ;
#7633 = FACE_OUTER_BOUND ( 'NONE', #399, .T. ) ;
#7634 = SURFACE_STYLE_USAGE ( .BOTH. , #373 ) ;
#7635 = FACE_OUTER_BOUND ( 'NONE', #3436, .T. ) ;
#7636 = VECTOR ( 'NONE', #4221, 1000.000000000000000 ) ;
#7637 = ORIENTED_EDGE ( 'NONE', *, *, #1042, .F. ) ;
#7638 = VERTEX_POINT ( 'NONE', #1346 ) ;
#7639 = EDGE_LOOP ( 'NONE', ( #10844, #7253, #10359, #4722 ) ) ;
#7640 = LINE ( 'NONE', #7757, #1686 ) ;
#7641 = CARTESIAN_POINT ( 'NONE',  ( 9.604166603088089005, 2.389999999999999680, -7.642553192377402382 ) ) ;
#7642 = DIRECTION ( 'NONE',  ( -1.000000000000000000, -0.0000000000000000000, -0.0000000000000000000 ) ) ;
#7643 = VECTOR ( 'NONE', #2962, 1000.000000000000000 ) ;
#7644 = ORIENTED_EDGE ( 'NONE', *, *, #10815, .F. ) ;
#7645 = EDGE_LOOP ( 'NONE', ( #2233, #9556, #3111, #7606 ) ) ;
#7646 = EDGE_CURVE ( 'NONE', #2386, #4859, #2178, .T. ) ;
#7647 = PRESENTATION_STYLE_ASSIGNMENT (( #4676 ) ) ;
#7648 = VECTOR ( 'NONE', #4603, 1000.000000000000000 ) ;
#7649 = ORIENTED_EDGE ( 'NONE', *, *, #9799, .T. ) ;
#7650 = DIRECTION ( 'NONE',  ( 0.0000000000000000000, -1.000000000000000000, 2.168404344971006896E-16 ) ) ;
#7651 = UNCERTAINTY_MEASURE_WITH_UNIT (LENGTH_MEASURE( 1.000000000000000082E-05 ), #4832, 'distance_accuracy_value', 'NONE');
#7652 = SURFACE_STYLE_USAGE ( .BOTH. , #4737 ) ;
#7653 = CARTESIAN_POINT ( 'NONE',  ( 13.50000000000000000, 0.0000000000000000000, -6.099999999999999645 ) ) ;
#7654 = AXIS2_PLACEMENT_3D ( 'NONE', #2105, #6559, #9183 ) ;
#7655 = SURFACE_SIDE_STYLE ('',( #4040 ) ) ;
#7656 = EDGE_CURVE ( 'NONE', #10405, #10109, #5925, .T. ) ;
#7657 = ORIENTED_EDGE ( 'NONE', *, *, #1914, .F. ) ;
#7658 = CARTESIAN_POINT ( 'NONE',  ( 8.000000000000000000, 0.009999999999999995004, 0.0000000000000000000 ) ) ;
#7659 = EDGE_CURVE ( 'NONE', #10952, #4431, #7075, .T. ) ;
#7660 = EDGE_CURVE ( 'NONE', #5015, #6534, #7767, .T. ) ;
#7661 = DIRECTION ( 'NONE',  ( 1.000000000000000000, 0.0000000000000000000, 0.0000000000000000000 ) ) ;
#7662 = LINE ( 'NONE', #11127, #1300 ) ;
#7663 = ORIENTED_EDGE ( 'NONE', *, *, #9607, .T. ) ;
#7664 = VECTOR ( 'NONE', #11393, 1000.000000000000227 ) ;
#7665 = CYLINDRICAL_SURFACE ( 'NONE', #2617, 0.2500000000000002220 ) ;
#7666 = DIRECTION ( 'NONE',  ( 0.0000000000000000000, 0.0000000000000000000, -1.000000000000000000 ) ) ;
#7667 = ORIENTED_EDGE ( 'NONE', *, *, #6236, .F. ) ;
#7668 = ADVANCED_FACE ( 'NONE', ( #6811 ), #10261, .F. ) ;
#7669 = CARTESIAN_POINT ( 'NONE',  ( 9.429166603088143361, 2.389999999999999680, -6.212766003608908072 ) ) ;
#7670 = PLANE ( 'NONE',  #10344 ) ;
#7671 = CIRCLE ( 'NONE', #8251, 0.2499999999999985012 ) ;
#7672 = CARTESIAN_POINT ( 'NONE',  ( 0.8042695763748739513, 2.326068962432604970, -11.69807548001109865 ) ) ;
#7673 = DIRECTION ( 'NONE',  ( -0.0000000000000000000, -1.000000000000000000, -0.0000000000000000000 ) ) ;
#7674 = EDGE_CURVE ( 'NONE', #2336, #6204, #9618, .T. ) ;
#7675 = LINE ( 'NONE', #6776, #4361 ) ;
#7676 = ORIENTED_EDGE ( 'NONE', *, *, #11244, .T. ) ;
#7677 = EDGE_LOOP ( 'NONE', ( #9371, #11158, #6019, #6630, #6040, #1379, #3234, #4975 ) ) ;
#7678 = CARTESIAN_POINT ( 'NONE',  ( 12.40000000000000213, 0.004999999999999999237, -11.29999999999750848 ) ) ;
#7679 = ORIENTED_EDGE ( 'NONE', *, *, #11677, .T. ) ;
#7680 = FILL_AREA_STYLE_COLOUR ( '', #11233 ) ;
#7681 = CARTESIAN_POINT ( 'NONE',  ( 4.700000000000000178, 0.004999999999999999237, -12.20000000000249507 ) ) ;
#7682 = AXIS2_PLACEMENT_3D ( 'NONE', #3076, #11225, #3861 ) ;
#7683 =( GEOMETRIC_REPRESENTATION_CONTEXT ( 3 ) GLOBAL_UNCERTAINTY_ASSIGNED_CONTEXT ( ( #9697 ) ) GLOBAL_UNIT_ASSIGNED_CONTEXT ( ( #240, #5711, #6486 ) ) REPRESENTATION_CONTEXT ( 'NONE', 'WORKASPACE' ) );
#7684 = DIRECTION ( 'NONE',  ( 0.0000000000000000000, 1.000000000000000000, 0.0000000000000000000 ) ) ;
#7685 = EDGE_CURVE ( 'NONE', #8987, #8643, #10441, .T. ) ;
#7686 = ORIENTED_EDGE ( 'NONE', *, *, #8912, .T. ) ;
#7687 = CARTESIAN_POINT ( 'NONE',  ( 4.937500047683999860, 2.399999999999999911, -6.927659535408454694 ) ) ;
#7688 = VERTEX_POINT ( 'NONE', #329 ) ;
#7689 = DIRECTION ( 'NONE',  ( 0.0000000000000000000, -4.336808689942018722E-16, -1.000000000000000000 ) ) ;
#7690 = DIRECTION ( 'NONE',  ( -0.0000000000000000000, -1.000000000000000000, -0.0000000000000000000 ) ) ;
#7691 = LINE ( 'NONE', #10617, #8239 ) ;
#7692 = CLOSED_SHELL ( 'NONE', ( #536, #10454, #745, #3895, #8474, #4055, #7910, #1818, #8827, #9334, #10087, #7509, #5484, #11743, #2080, #2819, #4830, #7457, #9736, #381, #9676, #3405, #8998, #5626, #6120, #3115, #156, #11705, #10212, #5515, #6571, #1565, #6172, #4476, #8099, #7540, #247, #1713, #7316, #4330, #818, #10752, #10725, #9103, #7796, #4334, #7528, #4328, #6304, #5062, #1904, #9219, #5785, #1643, #9865, #10301, #10579, #3386, #8192, #1999, #6160, #6813, #4878, #8547, #7876, #10200, #11453, #2518, #9112, #2316, #255, #1853, #9620, #8115, #8846, #1057, #1483, #3963, #463, #5291, #6679, #8021, #10934, #4155, #4053, #8811, #8463, #6343, #3679, #9149, #10675, #10043, #9887, #965, #9074, #3836, #9955, #2285, #4470, #4600, #7447, #4921, #10456, #11232, #2963, #7472, #10420, #9416, #6745, #6487, #8801, #755, #3735, #1659, #10409, #4817, #11679, #9845, #7897, #5978, #9110, #2394, #3614, #2371, #11623, #9286, #5689, #519, #2230, #3607, #5046, #4183, #2597, #11665, #7743, #838, #9992, #9993, #9804, #2576, #1669, #730, #1366, #8317, #10657, #11165, #3520, #1358, #6803, #11765, #1982, #211, #1721, #2833, #5546, #9270, #3315, #1937, #6708, #6129, #4829, #4680, #3242, #6137, #1631, #11423, #140, #3007, #621, #8714, #9953, #11378, #1069, #3756, #254, #10891, #953, #383, #8324, #10469, #6227, #7156, #9553, #1246, #5142, #9483, #10141, #6151, #11664, #4686, #2283, #10764, #10075, #1546, #104, #9717, #8549, #8554, #1284, #7819, #7550, #2932, #9789, #11228, #5851, #8962, #4912, #4701, #10580, #2860, #264, #3994, #4277, #5766, #1336, #9720, #10007, #765, #10440, #1413, #8528, #821, #7668, #11573, #7564, #518, #11744, #7359, #3676, #4976, #2536, #913, #6528, #2957, #11401, #2001, #11538, #1771, #6844, #2355, #180, #2462, #6707, #3761, #8026, #7604, #10279, #11523, #2605, #8286, #2208, #5993, #7973, #9485, #8308, #4893, #11113, #3691, #9427, #4854, #9180, #6653, #4610, #5111, #4584, #5334, #9094, #1802, #5726, #9773, #3616, #352, #11006, #7088, #1149, #8125, #8029, #5597, #699, #507, #3225, #11122, #10003, #5987, #4459, #669, #10327, #2169, #10155, #6093, #3536, #6207, #8618, #7385, #533, #6893, #10718, #1839, #105, #7171, #338, #9331, #6478, #1604, #6662, #11054, #3773, #6778, #9633, #8228, #2451, #2357, #8366, #5922, #4111, #5876, #9013, #10669, #5401, #3142, #2596, #325, #2295 ) ) ;
#7693 = DIRECTION ( 'NONE',  ( 1.000000000000000000, 0.0000000000000000000, 0.0000000000000000000 ) ) ;
#7694 = VECTOR ( 'NONE', #8322, 1000.000000000000000 ) ;
#7695 = EDGE_LOOP ( 'NONE', ( #11427, #239, #1644, #5852 ) ) ;
#7696 = VERTEX_POINT ( 'NONE', #1407 ) ;
#7697 = ORIENTED_EDGE ( 'NONE', *, *, #744, .F. ) ;
#7698 = CARTESIAN_POINT ( 'NONE',  ( 9.429166603087995924, 2.399999999999999911, -7.880851067602990589 ) ) ;
#7699 =( NAMED_UNIT ( * ) SI_UNIT ( $, .STERADIAN. ) SOLID_ANGLE_UNIT ( ) );
#7700 = DIRECTION ( 'NONE',  ( -0.7700390625598015903, 0.0000000000000000000, 0.6379967414744546206 ) ) ;
#7701 = VECTOR ( 'NONE', #4068, 1000.000000000000000 ) ;
#7702 = DIRECTION ( 'NONE',  ( 0.8265992788051929052, 0.0000000000000000000, -0.5627909312335577230 ) ) ;
#7703 = VECTOR ( 'NONE', #136, 1000.000000000000000 ) ;
#7704 = ORIENTED_EDGE ( 'NONE', *, *, #9137, .F. ) ;
#7705 = PLANE ( 'NONE',  #8273 ) ;
#7706 = EDGE_CURVE ( 'NONE', #2299, #441, #9439, .T. ) ;
#7707 = ORIENTED_EDGE ( 'NONE', *, *, #8423, .F. ) ;
#7708 = DIRECTION ( 'NONE',  ( 0.0000000000000000000, -1.000000000000000000, 2.168404344970991858E-16 ) ) ;
#7709 = CARTESIAN_POINT ( 'NONE',  ( 8.000000000000000000, 0.0000000000000000000, 0.0000000000000000000 ) ) ;
#7710 = STYLED_ITEM ( 'NONE', ( #3882 ), #383 ) ;
#7711 = FACE_OUTER_BOUND ( 'NONE', #7196, .T. ) ;
#7712 = ORIENTED_EDGE ( 'NONE', *, *, #5264, .F. ) ;
#7713 =( LENGTH_UNIT ( ) NAMED_UNIT ( * ) SI_UNIT ( .MILLI., .METRE. ) );
#7714 = LINE ( 'NONE', #4327, #1711 ) ;
#7715 = CARTESIAN_POINT ( 'NONE',  ( 7.175511237552998800, 0.01020000000000000073, -0.9000000000000001332 ) ) ;
#7716 = EDGE_CURVE ( 'NONE', #478, #10252, #1285, .T. ) ;
#7717 = CARTESIAN_POINT ( 'NONE',  ( 9.604166603088000187, 2.394999999999999574, -5.200000000000002842 ) ) ;
#7718 = DIRECTION ( 'NONE',  ( 0.0000000000000000000, 0.0000000000000000000, 1.000000000000000000 ) ) ;
#7719 = CARTESIAN_POINT ( 'NONE',  ( 5.729678174427000670, 2.389799999999999702, -7.761702135205000630 ) ) ;
#7720 = CARTESIAN_POINT ( 'NONE',  ( 16.32000000000000028, -0.02448876244737000288, -12.19999999999999929 ) ) ;
#7721 =( LENGTH_UNIT ( ) NAMED_UNIT ( * ) SI_UNIT ( .MILLI., .METRE. ) );
#7722 = ORIENTED_EDGE ( 'NONE', *, *, #10923, .T. ) ;
#7723 = EDGE_CURVE ( 'NONE', #9786, #5300, #5034, .T. ) ;
#7724 = CARTESIAN_POINT ( 'NONE',  ( 8.000000000000000000, 0.0000000000000000000, -0.9000000000000002442 ) ) ;
#7725 = DIRECTION ( 'NONE',  ( 0.0000000000000000000, -4.336808689942013792E-16, -1.000000000000000000 ) ) ;
#7726 = EDGE_CURVE ( 'NONE', #6031, #10000, #4910, .T. ) ;
#7727 = EDGE_CURVE ( 'NONE', #3574, #9073, #1465, .T. ) ;
#7728 = ORIENTED_EDGE ( 'NONE', *, *, #9747, .F. ) ;
#7729 = FACE_OUTER_BOUND ( 'NONE', #199, .T. ) ;
#7730 = DIRECTION ( 'NONE',  ( 1.000000000000000000, 0.0000000000000000000, 0.0000000000000000000 ) ) ;
#7731 = LINE ( 'NONE', #3347, #7420 ) ;
#7732 = AXIS2_PLACEMENT_3D ( 'NONE', #3008, #9493, #9375 ) ;
#7733 = CARTESIAN_POINT ( 'NONE',  ( 8.000000000000000000, 0.0000000000000000000, -6.099999999999999645 ) ) ;
#7734 = ORIENTED_EDGE ( 'NONE', *, *, #10616, .F. ) ;
#7735 = ORIENTED_EDGE ( 'NONE', *, *, #7885, .F. ) ;
#7736 = CARTESIAN_POINT ( 'NONE',  ( 8.000000000000000000, 0.009999999999999995004, -12.19999999999999929 ) ) ;
#7737 = EDGE_LOOP ( 'NONE', ( #7198, #7143, #6336, #11461, #1370, #8833 ) ) ;
#7738 = CARTESIAN_POINT ( 'NONE',  ( 13.90000000000000213, 0.8200000000000300382, 0.0000000000000000000 ) ) ;
#7739 = EDGE_CURVE ( 'NONE', #3222, #8224, #10508, .T. ) ;
#7740 = PLANE ( 'NONE',  #2073 ) ;
#7741 = LINE ( 'NONE', #11494, #8406 ) ;
#7742 = VECTOR ( 'NONE', #6305, 1000.000000000000000 ) ;
#7743 = ADVANCED_FACE ( 'NONE', ( #388 ), #8491, .T. ) ;
#7744 = ORIENTED_EDGE ( 'NONE', *, *, #1633, .T. ) ;
#7745 = CARTESIAN_POINT ( 'NONE',  ( 0.4599999999999999645, 0.7934000000000001052, -0.4000000000000000222 ) ) ;
#7746 = CARTESIAN_POINT ( 'NONE',  ( 8.904166603088496501, 2.399999999999999467, -6.391489386558999897 ) ) ;
#7747 = ORIENTED_EDGE ( 'NONE', *, *, #10544, .T. ) ;
#7748 = CARTESIAN_POINT ( 'NONE',  ( 9.545833492278887888, 2.389999999999999680, -6.331914925574984920 ) ) ;
#7749 = PLANE ( 'NONE',  #4248 ) ;
#7750 = CARTESIAN_POINT ( 'NONE',  ( 11.30000000000000071, 0.004999999999999999237, -11.29999999999750848 ) ) ;
#7751 = FACE_OUTER_BOUND ( 'NONE', #4900, .T. ) ;
#7752 = ORIENTED_EDGE ( 'NONE', *, *, #6067, .F. ) ;
#7753 = ORIENTED_EDGE ( 'NONE', *, *, #9203, .T. ) ;
#7754 = VECTOR ( 'NONE', #753, 1000.000000000000000 ) ;
#7755 = ORIENTED_EDGE ( 'NONE', *, *, #2214, .T. ) ;
#7756 = EDGE_CURVE ( 'NONE', #8784, #4414, #1187, .T. ) ;
#7757 = CARTESIAN_POINT ( 'NONE',  ( 6.099999999999999645, 0.009999999999999998473, -0.4500000000000149436 ) ) ;
#7758 = EDGE_CURVE ( 'NONE', #6507, #7857, #2544, .T. ) ;
#7759 = AXIS2_PLACEMENT_3D ( 'NONE', #181, #10176, #2083 ) ;
#7760 = CARTESIAN_POINT ( 'NONE',  ( 8.000000000000000000, 0.8199999999999999512, 0.0000000000000000000 ) ) ;
#7761 = CARTESIAN_POINT ( 'NONE',  ( 5.000000000000000000, 0.009999999999999989800, -12.19999999999999751 ) ) ;
#7762 = ORIENTED_EDGE ( 'NONE', *, *, #8610, .F. ) ;
#7763 = PLANE ( 'NONE',  #664 ) ;
#7764 = ORIENTED_EDGE ( 'NONE', *, *, #9630, .F. ) ;
#7765 = VECTOR ( 'NONE', #4916, 1000.000000000000000 ) ;
#7766 = DIRECTION ( 'NONE',  ( 0.0000000000000000000, 1.000000000000000000, 0.0000000000000000000 ) ) ;
#7767 = LINE ( 'NONE', #10320, #9748 ) ;
#7768 = FACE_OUTER_BOUND ( 'NONE', #3950, .T. ) ;
#7769 = VECTOR ( 'NONE', #976, 999.9999999999998863 ) ;
#7770 = CARTESIAN_POINT ( 'NONE',  ( 11.00000000000000000, 0.01020000000000000073, -0.9244887624473999699 ) ) ;
#7771 = EDGE_LOOP ( 'NONE', ( #3283, #1281, #2659, #4325, #5975, #7997, #87 ) ) ;
#7772 = UNCERTAINTY_MEASURE_WITH_UNIT (LENGTH_MEASURE( 1.000000000000000082E-05 ), #7046, 'distance_accuracy_value', 'NONE');
#7773 = EDGE_CURVE ( 'NONE', #10384, #8831, #11645, .T. ) ;
#7774 = CARTESIAN_POINT ( 'NONE',  ( 12.40000000000000213, 0.01020000000000000073, 0.02448876244737000288 ) ) ;
#7775 = CIRCLE ( 'NONE', #354, 0.2500000000000002220 ) ;
#7776 = DIRECTION ( 'NONE',  ( -0.0000000000000000000, -1.000000000000000000, -0.0000000000000000000 ) ) ;
#7777 = PLANE ( 'NONE',  #6860 ) ;
#7778 = CARTESIAN_POINT ( 'NONE',  ( 1.500000000000000000, 2.389999999999999236, -1.899999999999999911 ) ) ;
#7779 = COLOUR_RGB ( '',0.9803921568627450567, 0.6274509803921568540, 0.0000000000000000000 ) ;
#7780 = PRESENTATION_STYLE_ASSIGNMENT (( #10584 ) ) ;
#7781 = CARTESIAN_POINT ( 'NONE',  ( 11.17916676998277126, 2.394999999999999574, -6.689361691475000704 ) ) ;
#7782 = CARTESIAN_POINT ( 'NONE',  ( 5.520833158492999715, 2.389999999999999680, -6.391489386558999897 ) ) ;
#7783 = ORIENTED_EDGE ( 'NONE', *, *, #1782, .F. ) ;
#7784 = CARTESIAN_POINT ( 'NONE',  ( 8.437500047684000748, 2.399999999999999911, -6.599999999999999645 ) ) ;
#7785 = DIRECTION ( 'NONE',  ( -1.000000000000000000, 0.0000000000000000000, 0.0000000000000000000 ) ) ;
#7786 = EDGE_LOOP ( 'NONE', ( #3241, #7826, #7339, #10070, #4366, #9722 ) ) ;
#7787 = DIRECTION ( 'NONE',  ( 0.0000000000000000000, 1.000000000000000000, 0.0000000000000000000 ) ) ;
#7788 = FILL_AREA_STYLE_COLOUR ( '', #7237 ) ;
#7789 = DIRECTION ( 'NONE',  ( 0.0000000000000000000, 1.000000000000000000, 0.0000000000000000000 ) ) ;
#7790 = DIRECTION ( 'NONE',  ( 0.0000000000000000000, 0.0000000000000000000, -1.000000000000000000 ) ) ;
#7791 = VECTOR ( 'NONE', #7549, 1000.000000000000000 ) ;
#7792 = VERTEX_POINT ( 'NONE', #5152 ) ;
#7793 = ORIENTED_EDGE ( 'NONE', *, *, #9569, .F. ) ;
#7794 = DIRECTION ( 'NONE',  ( 0.0000000000000000000, 0.0000000000000000000, -1.000000000000000000 ) ) ;
#7795 = ORIENTED_EDGE ( 'NONE', *, *, #477, .T. ) ;
#7796 = ADVANCED_FACE ( 'NONE', ( #8720 ), #6101, .F. ) ;
#7797 = LINE ( 'NONE', #1198, #2104 ) ;
#7798 = EDGE_CURVE ( 'NONE', #2126, #3482, #7946, .T. ) ;
#7799 = CARTESIAN_POINT ( 'NONE',  ( 15.25000000000000178, 0.009999999999987130295, -12.19999999999999929 ) ) ;
#7800 = VECTOR ( 'NONE', #9503, 1000.000000000000000 ) ;
#7801 = AXIS2_PLACEMENT_3D ( 'NONE', #6489, #1973, #188 ) ;
#7802 = LINE ( 'NONE', #11446, #6496 ) ;
#7803 = AXIS2_PLACEMENT_3D ( 'NONE', #9637, #10650, #7072 ) ;
#7804 = ORIENTED_EDGE ( 'NONE', *, *, #8681, .T. ) ;
#7805 = CARTESIAN_POINT ( 'NONE',  ( 8.495833492279203369, 2.394999999999999574, -6.510638308525474649 ) ) ;
#7806 = DIRECTION ( 'NONE',  ( 0.0000000000000000000, 1.000000000000000000, 0.0000000000000000000 ) ) ;
#7807 = VERTEX_POINT ( 'NONE', #7165 ) ;
#7808 = LINE ( 'NONE', #1505, #11295 ) ;
#7809 = EDGE_CURVE ( 'NONE', #9885, #8807, #10802, .T. ) ;
#7810 = DIRECTION ( 'NONE',  ( 0.0000000000000000000, 0.0000000000000000000, -1.000000000000000000 ) ) ;
#7811 = VECTOR ( 'NONE', #6663, 1000.000000000000000 ) ;
#7812 = CARTESIAN_POINT ( 'NONE',  ( 15.25000000000000000, 2.149999999999998579, -0.6500000000000001332 ) ) ;
#7813 = CIRCLE ( 'NONE', #1921, 0.2499999999999999445 ) ;
#7814 = EDGE_LOOP ( 'NONE', ( #69, #1213, #548, #10492, #8744, #10370, #582, #6777 ) ) ;
#7815 = ORIENTED_EDGE ( 'NONE', *, *, #8979, .F. ) ;
#7816 = VECTOR ( 'NONE', #8033, 1000.000000000000000 ) ;
#7817 = EDGE_LOOP ( 'NONE', ( #8777, #9532, #4211, #6561 ) ) ;
#7818 = EDGE_CURVE ( 'NONE', #11695, #1560, #8066, .T. ) ;
#7819 = ADVANCED_FACE ( 'NONE', ( #2484 ), #7888, .F. ) ;
#7820 = VECTOR ( 'NONE', #4025, 1000.000000000000000 ) ;
#7821 = ORIENTED_EDGE ( 'NONE', *, *, #1013, .F. ) ;
#7822 = CYLINDRICAL_SURFACE ( 'NONE', #3030, 0.2499999999999993616 ) ;
#7823 = LINE ( 'NONE', #9551, #2090 ) ;
#7824 = LINE ( 'NONE', #5979, #10599 ) ;
#7825 = DIRECTION ( 'NONE',  ( 0.0000000000000000000, -1.000000000000000000, 2.168404344970991612E-16 ) ) ;
#7826 = ORIENTED_EDGE ( 'NONE', *, *, #2879, .T. ) ;
#7827 = LINE ( 'NONE', #10437, #5994 ) ;
#7828 = VERTEX_POINT ( 'NONE', #9800 ) ;
#7829 = CARTESIAN_POINT ( 'NONE',  ( 6.570833158493137205, 2.389999999999999680, -6.331914925575242492 ) ) ;
#7830 = EDGE_CURVE ( 'NONE', #1740, #191, #11531, .T. ) ;
#7831 = CARTESIAN_POINT ( 'NONE',  ( 0.7499999999999994449, 0.4100000000000150191, -12.19999999999999929 ) ) ;
#7832 = DIRECTION ( 'NONE',  ( -0.0000000000000000000, 1.000000000000000000, -0.0000000000000000000 ) ) ;
#7833 = CARTESIAN_POINT ( 'NONE',  ( 5.400000000000000355, 0.8200000000000300382, 0.0000000000000000000 ) ) ;
#7834 = DIRECTION ( 'NONE',  ( 0.8265992756280684528, 0.0000000000000000000, 0.5627909358999597655 ) ) ;
#7835 = ORIENTED_EDGE ( 'NONE', *, *, #2145, .T. ) ;
#7836 = CIRCLE ( 'NONE', #2137, 0.2500000000000002220 ) ;
#7837 = DIRECTION ( 'NONE',  ( -1.000000000000000000, 0.0000000000000000000, 0.0000000000000000000 ) ) ;
#7838 = PRESENTATION_STYLE_ASSIGNMENT (( #5044 ) ) ;
#7839 = CARTESIAN_POINT ( 'NONE',  ( 0.7499999999999995559, 0.009999999999987130295, 0.0000000000000000000 ) ) ;
#7840 = CARTESIAN_POINT ( 'NONE',  ( 6.337500047683585436, 2.399999999999999911, -6.153191542625132904 ) ) ;
#7841 = EDGE_CURVE ( 'NONE', #3045, #2984, #10572, .T. ) ;
#7842 = CARTESIAN_POINT ( 'NONE',  ( 4.549999999999998934, 0.4100000000000150191, 0.0000000000000000000 ) ) ;
#7843 = AXIS2_PLACEMENT_3D ( 'NONE', #1053, #925, #5512 ) ;
#7844 = LINE ( 'NONE', #1606, #6996 ) ;
#7845 = EDGE_LOOP ( 'NONE', ( #9100, #11215, #10694, #905 ) ) ;
#7846 = LINE ( 'NONE', #10649, #319 ) ;
#7847 = LINE ( 'NONE', #6121, #1913 ) ;
#7848 =( GEOMETRIC_REPRESENTATION_CONTEXT ( 3 ) GLOBAL_UNCERTAINTY_ASSIGNED_CONTEXT ( ( #10639 ) ) GLOBAL_UNIT_ASSIGNED_CONTEXT ( ( #6443, #6504, #1986 ) ) REPRESENTATION_CONTEXT ( 'NONE', 'WORKASPACE' ) );
#7849 = ORIENTED_EDGE ( 'NONE', *, *, #6717, .F. ) ;
#7850 = FACE_OUTER_BOUND ( 'NONE', #4607, .T. ) ;
#7851 = FILL_AREA_STYLE ('',( #4231 ) ) ;
#7852 = PLANE ( 'NONE',  #8953 ) ;
#7853 = CARTESIAN_POINT ( 'NONE',  ( 5.799999999999767120, 0.009999999999999998473, -11.29999999999918003 ) ) ;
#7854 = DIRECTION ( 'NONE',  ( 0.0000000000000000000, 0.0000000000000000000, -1.000000000000000000 ) ) ;
#7855 = VECTOR ( 'NONE', #3932, 1000.000000000000114 ) ;
#7856 = VERTEX_POINT ( 'NONE', #736 ) ;
#7857 = VERTEX_POINT ( 'NONE', #6270 ) ;
#7858 = LINE ( 'NONE', #3411, #11176 ) ;
#7859 = VERTEX_POINT ( 'NONE', #10633 ) ;
#7860 = CARTESIAN_POINT ( 'NONE',  ( 11.00000000000000355, 0.0000000000000000000, -6.099999999999999645 ) ) ;
#7861 = DIRECTION ( 'NONE',  ( -7.523163845262640051E-31, -1.000000000000000000, 2.168404344971007142E-16 ) ) ;
#7862 = CARTESIAN_POINT ( 'NONE',  ( 4.700000000000001066, 0.0000000000000000000, -6.099999999999999645 ) ) ;
#7863 = ORIENTED_EDGE ( 'NONE', *, *, #4855, .T. ) ;
#7864 = CARTESIAN_POINT ( 'NONE',  ( 6.454166936874409899, 2.399999999999999911, -6.212766003608694909 ) ) ;
#7865 = EDGE_CURVE ( 'NONE', #4544, #10920, #798, .T. ) ;
#7866 = VERTEX_POINT ( 'NONE', #8844 ) ;
#7867 = LINE ( 'NONE', #1390, #1027 ) ;
#7868 = DIRECTION ( 'NONE',  ( 0.0000000000000000000, 1.000000000000000000, 0.0000000000000000000 ) ) ;
#7869 = CARTESIAN_POINT ( 'NONE',  ( 8.320833492279000154, 2.389999999999999680, -6.272340464592001119 ) ) ;
#7870 = CARTESIAN_POINT ( 'NONE',  ( 8.320833492277930787, 2.399999999999999911, -6.272340464592534026 ) ) ;
#7871 = ORIENTED_EDGE ( 'NONE', *, *, #8266, .T. ) ;
#7872 = VERTEX_POINT ( 'NONE', #9910 ) ;
#7873 = VERTEX_POINT ( 'NONE', #10749 ) ;
#7874 = VECTOR ( 'NONE', #8702, 999.9999999999998863 ) ;
#7875 = PLANE ( 'NONE',  #10044 ) ;
#7876 = ADVANCED_FACE ( 'NONE', ( #4377 ), #3503, .F. ) ;
#7877 = LINE ( 'NONE', #10562, #7596 ) ;
#7878 = CARTESIAN_POINT ( 'NONE',  ( 15.31291462488947808, 2.318022385768125915, -0.3672519428909050698 ) ) ;
#7879 = CARTESIAN_POINT ( 'NONE',  ( 12.54999999999999893, 0.8200000000000149392, 0.0000000000000000000 ) ) ;
#7880 = ORIENTED_EDGE ( 'NONE', *, *, #8685, .T. ) ;
#7881 = VECTOR ( 'NONE', #11751, 1000.000000000000000 ) ;
#7882 =( NAMED_UNIT ( * ) PLANE_ANGLE_UNIT ( ) SI_UNIT ( $, .RADIAN. ) );
#7883 = EDGE_CURVE ( 'NONE', #4112, #6107, #1766, .T. ) ;
#7884 = ORIENTED_EDGE ( 'NONE', *, *, #4555, .T. ) ;
#7885 = EDGE_CURVE ( 'NONE', #9971, #11666, #9679, .T. ) ;
#7886 = DIRECTION ( 'NONE',  ( -0.6996254851787144791, 0.0000000000000000000, -0.7145097483508873193 ) ) ;
#7887 = AXIS2_PLACEMENT_3D ( 'NONE', #4052, #7612, #1372 ) ;
#7888 = PLANE ( 'NONE',  #11070 ) ;
#7889 = LINE ( 'NONE', #1592, #4619 ) ;
#7890 = LINE ( 'NONE', #11585, #5480 ) ;
#7891 = CARTESIAN_POINT ( 'NONE',  ( 4.549999999999999822, 0.009999999999987104274, -12.19999999999999929 ) ) ;
#7892 = ORIENTED_EDGE ( 'NONE', *, *, #975, .T. ) ;
#7893 = DIRECTION ( 'NONE',  ( 0.0000000000000000000, -4.336808689942013792E-16, -1.000000000000000000 ) ) ;
#7894 = UNCERTAINTY_MEASURE_WITH_UNIT (LENGTH_MEASURE( 1.000000000000000082E-05 ), #8172, 'distance_accuracy_value', 'NONE');
#7895 = AXIS2_PLACEMENT_3D ( 'NONE', #6441, #10190, #2042 ) ;
#7896 = VECTOR ( 'NONE', #601, 1000.000000000000114 ) ;
#7897 = ADVANCED_FACE ( 'NONE', ( #4321 ), #3319, .F. ) ;
#7898 = CARTESIAN_POINT ( 'NONE',  ( 1.399999999999775424, 0.0000000000000000000, -11.30000000000000071 ) ) ;
#7899 = CARTESIAN_POINT ( 'NONE',  ( 2.799999999999999822, 0.009999999999999998473, -0.4500000000000149436 ) ) ;
#7900 = FACE_OUTER_BOUND ( 'NONE', #9109, .T. ) ;
#7901 = CARTESIAN_POINT ( 'NONE',  ( 0.0000000000000000000, 0.8199999999999999512, -5.782411586589356653E-16 ) ) ;
#7902 = EDGE_CURVE ( 'NONE', #5122, #10460, #9182, .T. ) ;
#7903 = CARTESIAN_POINT ( 'NONE',  ( 7.350000000000000533, 0.8200000000000149392, -3.256119351777733594E-30 ) ) ;
#7904 = VECTOR ( 'NONE', #692, 1000.000000000000000 ) ;
#7905 =( GEOMETRIC_REPRESENTATION_CONTEXT ( 3 ) GLOBAL_UNCERTAINTY_ASSIGNED_CONTEXT ( ( #11603 ) ) GLOBAL_UNIT_ASSIGNED_CONTEXT ( ( #1502, #780, #5132 ) ) REPRESENTATION_CONTEXT ( 'NONE', 'WORKASPACE' ) );
#7906 = AXIS2_PLACEMENT_3D ( 'NONE', #4808, #8439, #10328 ) ;
#7907 = CARTESIAN_POINT ( 'NONE',  ( 15.50000000000000000, 2.149999999999999023, -0.6500000000000040190 ) ) ;
#7908 = UNCERTAINTY_MEASURE_WITH_UNIT (LENGTH_MEASURE( 1.000000000000000082E-05 ), #3640, 'distance_accuracy_value', 'NONE');
#7909 = ORIENTED_EDGE ( 'NONE', *, *, #1145, .F. ) ;
#7910 = ADVANCED_FACE ( 'NONE', ( #3846 ), #9016, .F. ) ;
#7911 = CARTESIAN_POINT ( 'NONE',  ( 12.80000000000000071, 0.009999999999974222217, -12.19999999999999929 ) ) ;
#7912 = AXIS2_PLACEMENT_3D ( 'NONE', #5771, #5709, #9346 ) ;
#7913 = LINE ( 'NONE', #5056, #6843 ) ;
#7914 = VERTEX_POINT ( 'NONE', #4492 ) ;
#7915 = FILL_AREA_STYLE_COLOUR ( '', #2011 ) ;
#7916 = CYLINDRICAL_SURFACE ( 'NONE', #4953, 0.2500000000000011102 ) ;
#7917 = SURFACE_SIDE_STYLE ('',( #10887 ) ) ;
#7918 = DIRECTION ( 'NONE',  ( 0.0000000000000000000, -1.000000000000000000, 2.168404344971006649E-16 ) ) ;
#7919 = ORIENTED_EDGE ( 'NONE', *, *, #10947, .F. ) ;
#7920 = ORIENTED_EDGE ( 'NONE', *, *, #6291, .T. ) ;
#7921 = CARTESIAN_POINT ( 'NONE',  ( 12.40000000000000213, 5.293955920339377119E-20, -4.235164736271501695E-19 ) ) ;
#7922 = ORIENTED_EDGE ( 'NONE', *, *, #2682, .F. ) ;
#7923 = DIRECTION ( 'NONE',  ( 1.000000000000000000, 0.0000000000000000000, 0.0000000000000000000 ) ) ;
#7924 = LINE ( 'NONE', #5249, #4356 ) ;
#7925 = EDGE_CURVE ( 'NONE', #11441, #2106, #139, .T. ) ;
#7926 = VECTOR ( 'NONE', #2382, 1000.000000000000000 ) ;
#7927 = ORIENTED_EDGE ( 'NONE', *, *, #4776, .T. ) ;
#7928 = DIRECTION ( 'NONE',  ( 0.0000000000000000000, 0.0000000000000000000, -1.000000000000000000 ) ) ;
#7929 = PLANE ( 'NONE',  #5223 ) ;
#7930 = EDGE_LOOP ( 'NONE', ( #7783, #2482, #6888, #8865 ) ) ;
#7931 = LINE ( 'NONE', #10676, #1417 ) ;
#7932 = DIRECTION ( 'NONE',  ( -1.000000000000000000, 0.0000000000000000000, 0.0000000000000000000 ) ) ;
#7933 = DIRECTION ( 'NONE',  ( -0.0000000000000000000, 1.000000000000000000, -0.0000000000000000000 ) ) ;
#7934 = LINE ( 'NONE', #3427, #1311 ) ;
#7935 = ORIENTED_EDGE ( 'NONE', *, *, #10806, .T. ) ;
#7936 = ORIENTED_EDGE ( 'NONE', *, *, #2072, .T. ) ;
#7937 = ORIENTED_EDGE ( 'NONE', *, *, #6633, .F. ) ;
#7938 = LINE ( 'NONE', #11638, #3407 ) ;
#7939 = EDGE_CURVE ( 'NONE', #8939, #5028, #8354, .T. ) ;
#7940 = AXIS2_PLACEMENT_3D ( 'NONE', #4669, #8300, #90 ) ;
#7941 = CARTESIAN_POINT ( 'NONE',  ( 13.45416671260893970, 2.389999999999999680, -7.523404270410379624 ) ) ;
#7942 = EDGE_LOOP ( 'NONE', ( #4288, #1798, #10310, #4239 ) ) ;
#7943 = DIRECTION ( 'NONE',  ( -1.000000000000000000, 0.0000000000000000000, 0.0000000000000000000 ) ) ;
#7944 = ORIENTED_EDGE ( 'NONE', *, *, #1848, .T. ) ;
#7945 = CARTESIAN_POINT ( 'NONE',  ( 11.90833340883499680, 2.389999999999999680, -6.093617081642001665 ) ) ;
#7946 = LINE ( 'NONE', #3560, #10884 ) ;
#7947 = DIRECTION ( 'NONE',  ( -1.000000000000000000, -0.0000000000000000000, -0.0000000000000000000 ) ) ;
#7948 = VECTOR ( 'NONE', #9352, 1000.000000000000000 ) ;
#7949 =( GEOMETRIC_REPRESENTATION_CONTEXT ( 3 ) GLOBAL_UNCERTAINTY_ASSIGNED_CONTEXT ( ( #8850 ) ) GLOBAL_UNIT_ASSIGNED_CONTEXT ( ( #6820, #6483, #4696 ) ) REPRESENTATION_CONTEXT ( 'NONE', 'WORKASPACE' ) );
#7950 = PLANE ( 'NONE',  #5707 ) ;
#7951 = VERTEX_POINT ( 'NONE', #6329 ) ;
#7952 = EDGE_CURVE ( 'NONE', #6243, #4195, #3670, .T. ) ;
#7953 = EDGE_CURVE ( 'NONE', #6555, #4169, #5496, .T. ) ;
#7954 = DIRECTION ( 'NONE',  ( 0.0000000000000000000, -4.336808689942013792E-16, -1.000000000000000000 ) ) ;
#7955 = CARTESIAN_POINT ( 'NONE',  ( 0.5749049891250264110, 2.022660547301162293, -0.5249943963133921754 ) ) ;
#7956 = VECTOR ( 'NONE', #3991, 1000.000000000000227 ) ;
#7957 = CARTESIAN_POINT ( 'NONE',  ( 1.700000000000000178, 0.009999999999999998473, -0.4500000000000149436 ) ) ;
#7958 = CARTESIAN_POINT ( 'NONE',  ( 13.20000000000000107, 0.009999999999999996739, -12.20000000000166196 ) ) ;
#7959 = CARTESIAN_POINT ( 'NONE',  ( 15.25000000000000178, 1.485000000000000098, -11.74999999999999822 ) ) ;
#7960 = CARTESIAN_POINT ( 'NONE',  ( 16.32000000000000028, -0.02448876244737000288, -12.19999999999999929 ) ) ;
#7961 = AXIS2_PLACEMENT_3D ( 'NONE', #6753, #5641, #1121 ) ;
#7962 = EDGE_CURVE ( 'NONE', #11082, #1314, #7334, .T. ) ;
#7963 = PRESENTATION_STYLE_ASSIGNMENT (( #9757 ) ) ;
#7964 = LINE ( 'NONE', #1664, #10413 ) ;
#7965 = ORIENTED_EDGE ( 'NONE', *, *, #4192, .T. ) ;
#7966 = EDGE_CURVE ( 'NONE', #3665, #7109, #3613, .T. ) ;
#7967 = FACE_OUTER_BOUND ( 'NONE', #3743, .T. ) ;
#7968 = COLOUR_RGB ( '',0.9803921568627450567, 0.6274509803921568540, 0.0000000000000000000 ) ;
#7969 = DIRECTION ( 'NONE',  ( -0.9689176611434413555, 0.0000000000000000000, 0.2473834390664081673 ) ) ;
#7970 = ORIENTED_EDGE ( 'NONE', *, *, #10272, .F. ) ;
#7971 = CIRCLE ( 'NONE', #4368, 0.2500000000000000000 ) ;
#7972 = CARTESIAN_POINT ( 'NONE',  ( 1.000000000000000000, 0.8200000000000299272, -0.2499999999999999445 ) ) ;
#7973 = ADVANCED_FACE ( 'NONE', ( #10421 ), #260, .F. ) ;
#7974 = CARTESIAN_POINT ( 'NONE',  ( 6.337500046788225205, 2.399999999999999911, -6.510638307610439490 ) ) ;
#7975 = VECTOR ( 'NONE', #7500, 1000.000000000000114 ) ;
#7976 = CARTESIAN_POINT ( 'NONE',  ( 13.16250004768051518, 2.389999999999999680, -7.463829767704423190 ) ) ;
#7977 = ORIENTED_EDGE ( 'NONE', *, *, #7485, .F. ) ;
#7978 = ORIENTED_EDGE ( 'NONE', *, *, #3822, .T. ) ;
#7979 = FACE_OUTER_BOUND ( 'NONE', #1350, .T. ) ;
#7980 = ORIENTED_EDGE ( 'NONE', *, *, #1199, .F. ) ;
#7981 = DIRECTION ( 'NONE',  ( 1.000000000000000000, 0.0000000000000000000, 0.0000000000000000000 ) ) ;
#7982 = LINE ( 'NONE', #1497, #171 ) ;
#7983 = COLOUR_RGB ( '',0.9803921568627450567, 0.6274509803921568540, 0.0000000000000000000 ) ;
#7984 = CARTESIAN_POINT ( 'NONE',  ( 11.29999999999999893, 0.01000000000000002449, -12.19999999999999751 ) ) ;
#7985 = ORIENTED_EDGE ( 'NONE', *, *, #3748, .T. ) ;
#7986 = DIRECTION ( 'NONE',  ( -0.0000000000000000000, -1.000000000000000000, -0.0000000000000000000 ) ) ;
#7987 = DIRECTION ( 'NONE',  ( 0.0000000000000000000, 1.000000000000000000, 0.0000000000000000000 ) ) ;
#7988 = ORIENTED_EDGE ( 'NONE', *, *, #7216, .T. ) ;
#7989 = CARTESIAN_POINT ( 'NONE',  ( 3.899999999999999911, 0.004999999999999999237, -3.388131789017201356E-18 ) ) ;
#7990 = VECTOR ( 'NONE', #6980, 1000.000000000000000 ) ;
#7991 = EDGE_CURVE ( 'NONE', #3959, #11370, #7516, .T. ) ;
#7992 = LINE ( 'NONE', #4250, #6324 ) ;
#7993 = LINE ( 'NONE', #3426, #1408 ) ;
#7994 = CARTESIAN_POINT ( 'NONE',  ( 15.40000000000000036, 0.0000000000000000000, -6.099999999999999645 ) ) ;
#7995 = ORIENTED_EDGE ( 'NONE', *, *, #3093, .T. ) ;
#7996 = ORIENTED_EDGE ( 'NONE', *, *, #7428, .F. ) ;
#7997 = ORIENTED_EDGE ( 'NONE', *, *, #5837, .F. ) ;
#7998 = PRESENTATION_LAYER_ASSIGNMENT (  '', '', ( #2298 ) ) ;
#7999 = LINE ( 'NONE', #2598, #4346 ) ;
#8000 = VECTOR ( 'NONE', #11118, 1000.000000000000000 ) ;
#8001 = LINE ( 'NONE', #964, #27 ) ;
#8002 = ORIENTED_EDGE ( 'NONE', *, *, #9279, .F. ) ;
#8003 = DIRECTION ( 'NONE',  ( 0.0000000000000000000, 0.0000000000000000000, -1.000000000000000000 ) ) ;
#8004 = VECTOR ( 'NONE', #5077, 1000.000000000000114 ) ;
#8005 = ORIENTED_EDGE ( 'NONE', *, *, #9462, .T. ) ;
#8006 = LINE ( 'NONE', #8178, #1612 ) ;
#8007 = DIRECTION ( 'NONE',  ( 1.000000000000000000, 0.0000000000000000000, 0.0000000000000000000 ) ) ;
#8008 = CARTESIAN_POINT ( 'NONE',  ( 1.000000000000000000, 0.009999999999974222217, 1.756407519426639210E-16 ) ) ;
#8009 =( NAMED_UNIT ( * ) PLANE_ANGLE_UNIT ( ) SI_UNIT ( $, .RADIAN. ) );
#8010 = AXIS2_PLACEMENT_3D ( 'NONE', #3265, #6997, #4216 ) ;
#8011 = VERTEX_POINT ( 'NONE', #3904 ) ;
#8012 = CARTESIAN_POINT ( 'NONE',  ( 8.000000000000000000, 0.009999999999999995004, -12.19999999999999929 ) ) ;
#8013 = VERTEX_POINT ( 'NONE', #11152 ) ;
#8014 = UNCERTAINTY_MEASURE_WITH_UNIT (LENGTH_MEASURE( 1.000000000000000082E-05 ), #10875, 'distance_accuracy_value', 'NONE');
#8015 = PRESENTATION_LAYER_ASSIGNMENT (  '', '', ( #4964 ) ) ;
#8016 = CARTESIAN_POINT ( 'NONE',  ( 11.93750004768234518, 2.394999999999999574, -7.999999999999850786 ) ) ;
#8017 = CARTESIAN_POINT ( 'NONE',  ( 8.379166603088767928, 2.394999999999999574, -6.689361691475069094 ) ) ;
#8018 = AXIS2_PLACEMENT_3D ( 'NONE', #7448, #10967, #5724 ) ;
#8019 = PLANE ( 'NONE',  #670 ) ;
#8020 = SURFACE_SIDE_STYLE ('',( #1779 ) ) ;
#8021 = ADVANCED_FACE ( 'NONE', ( #9303 ), #7749, .F. ) ;
#8022 = AXIS2_PLACEMENT_3D ( 'NONE', #6055, #6116, #809 ) ;
#8023 = CARTESIAN_POINT ( 'NONE',  ( 2.500000000000000000, 0.009999999999999998473, -0.4500000000000149436 ) ) ;
#8024 = DIRECTION ( 'NONE',  ( -0.8981377811507255116, 0.0000000000000000000, 0.4397141413118887399 ) ) ;
#8025 = CARTESIAN_POINT ( 'NONE',  ( 4.295833158493000070, 2.389999999999999680, -8.000000000000000000 ) ) ;
#8026 = ADVANCED_FACE ( 'NONE', ( #7633 ), #11271, .F. ) ;
#8027 = AXIS2_PLACEMENT_3D ( 'NONE', #1169, #3629, #990 ) ;
#8028 = ORIENTED_EDGE ( 'NONE', *, *, #6321, .T. ) ;
#8029 = ADVANCED_FACE ( 'NONE', ( #372 ), #4014, .F. ) ;
#8030 = EDGE_CURVE ( 'NONE', #1014, #4169, #6614, .T. ) ;
#8031 = LINE ( 'NONE', #7015, #5399 ) ;
#8032 = DIRECTION ( 'NONE',  ( -1.000000000000000000, 0.0000000000000000000, 0.0000000000000000000 ) ) ;
#8033 = DIRECTION ( 'NONE',  ( 0.0000000000000000000, 0.0000000000000000000, 1.000000000000000000 ) ) ;
#8034 = DIRECTION ( 'NONE',  ( -1.000000000000000000, 0.0000000000000000000, 0.0000000000000000000 ) ) ;
#8035 = VERTEX_POINT ( 'NONE', #11392 ) ;
#8036 = ORIENTED_EDGE ( 'NONE', *, *, #8912, .F. ) ;
#8037 = AXIS2_PLACEMENT_3D ( 'NONE', #1059, #5814, #3981 ) ;
#8038 =( NAMED_UNIT ( * ) PLANE_ANGLE_UNIT ( ) SI_UNIT ( $, .RADIAN. ) );
#8039 = ORIENTED_EDGE ( 'NONE', *, *, #11437, .T. ) ;
#8040 = CARTESIAN_POINT ( 'NONE',  ( 11.76250004768263580, 2.399999999999999911, -7.642553192377643079 ) ) ;
#8041 = VERTEX_POINT ( 'NONE', #5845 ) ;
#8042 = AXIS2_PLACEMENT_3D ( 'NONE', #9810, #6337, #7954 ) ;
#8043 = PRESENTATION_LAYER_ASSIGNMENT (  '', '', ( #4049 ) ) ;
#8044 = CARTESIAN_POINT ( 'NONE',  ( 14.59999999999999964, 0.01020000000000000073, -11.27551123755000262 ) ) ;
#8045 = EDGE_CURVE ( 'NONE', #10719, #4514, #1329, .T. ) ;
#8046 = FILL_AREA_STYLE ('',( #10782 ) ) ;
#8047 = ORIENTED_EDGE ( 'NONE', *, *, #4540, .T. ) ;
#8048 = ORIENTED_EDGE ( 'NONE', *, *, #9475, .T. ) ;
#8049 = EDGE_CURVE ( 'NONE', #10983, #9316, #4952, .T. ) ;
#8050 = VECTOR ( 'NONE', #9367, 1000.000000000000000 ) ;
#8051 = CARTESIAN_POINT ( 'NONE',  ( 5.799999999999999822, 0.01000000000000002449, 0.0000000000000000000 ) ) ;
#8052 = CARTESIAN_POINT ( 'NONE',  ( 8.000000000000000000, 5.293955920339377119E-20, -12.20000000000062279 ) ) ;
#8053 = DIRECTION ( 'NONE',  ( 0.0000000000000000000, 1.000000000000000000, 0.0000000000000000000 ) ) ;
#8054 = DIRECTION ( 'NONE',  ( 0.0000000000000000000, 1.000000000000000000, 0.0000000000000000000 ) ) ;
#8055 = VERTEX_POINT ( 'NONE', #3237 ) ;
#8056 = ORIENTED_EDGE ( 'NONE', *, *, #6056, .T. ) ;
#8057 = ORIENTED_EDGE ( 'NONE', *, *, #7685, .F. ) ;
#8058 =( NAMED_UNIT ( * ) SI_UNIT ( $, .STERADIAN. ) SOLID_ANGLE_UNIT ( ) );
#8059 = VECTOR ( 'NONE', #10904, 1000.000000000000000 ) ;
#8060 = EDGE_CURVE ( 'NONE', #3302, #2636, #2043, .T. ) ;
#8061 = VECTOR ( 'NONE', #3469, 1000.000000000000000 ) ;
#8062 = PLANE ( 'NONE',  #3272 ) ;
#8063 = ORIENTED_EDGE ( 'NONE', *, *, #3009, .T. ) ;
#8064 = ORIENTED_EDGE ( 'NONE', *, *, #4823, .T. ) ;
#8065 = CARTESIAN_POINT ( 'NONE',  ( 4.700000000000000178, 0.01020000000000000073, -0.9244887624473999699 ) ) ;
#8066 = LINE ( 'NONE', #622, #3090 ) ;
#8067 = DIRECTION ( 'NONE',  ( 0.0000000000000000000, 0.0000000000000000000, 1.000000000000000000 ) ) ;
#8068 = CARTESIAN_POINT ( 'NONE',  ( 6.500000000000000888, 0.8200000000000299272, -0.2499999999999997780 ) ) ;
#8069 = ORIENTED_EDGE ( 'NONE', *, *, #11327, .T. ) ;
#8070 = EDGE_LOOP ( 'NONE', ( #11166, #4488, #7920, #6139 ) ) ;
#8071 = AXIS2_PLACEMENT_3D ( 'NONE', #661, #1688, #9780 ) ;
#8072 = EDGE_LOOP ( 'NONE', ( #9043, #5309, #890, #10753 ) ) ;
#8073 = DIRECTION ( 'NONE',  ( -0.9689177407770340755, 0.0000000000000000000, -0.2473831271682210287 ) ) ;
#8074 = DIRECTION ( 'NONE',  ( 0.0000000000000000000, 1.000000000000000000, 0.0000000000000000000 ) ) ;
#8075 = CARTESIAN_POINT ( 'NONE',  ( 12.37551123755000049, 0.01020000000000000073, -0.9000000000000001332 ) ) ;
#8076 = MECHANICAL_DESIGN_GEOMETRIC_PRESENTATION_REPRESENTATION (  '', ( #4462 ), #7494 ) ;
#8077 = CARTESIAN_POINT ( 'NONE',  ( 0.5000000000000000000, 0.8200000000000210454, -0.6499999999999998002 ) ) ;
#8078 = CARTESIAN_POINT ( 'NONE',  ( 6.483333492279000687, 2.399999999999999911, -7.285106384754500120 ) ) ;
#8079 =( NAMED_UNIT ( * ) PLANE_ANGLE_UNIT ( ) SI_UNIT ( $, .RADIAN. ) );
#8080 =( GEOMETRIC_REPRESENTATION_CONTEXT ( 3 ) GLOBAL_UNCERTAINTY_ASSIGNED_CONTEXT ( ( #2064 ) ) GLOBAL_UNIT_ASSIGNED_CONTEXT ( ( #3437, #10799, #2657 ) ) REPRESENTATION_CONTEXT ( 'NONE', 'WORKASPACE' ) );
#8081 = DIRECTION ( 'NONE',  ( -0.9689176827907722833, 0.0000000000000000000, 0.2473833542810842667 ) ) ;
#8082 = CARTESIAN_POINT ( 'NONE',  ( 8.000000000000000000, 0.009999999999999995004, -12.19999999999999929 ) ) ;
#8083 = EDGE_CURVE ( 'NONE', #8961, #3682, #6793, .T. ) ;
#8084 = VECTOR ( 'NONE', #6527, 1000.000000000000114 ) ;
#8085 =( GEOMETRIC_REPRESENTATION_CONTEXT ( 3 ) GLOBAL_UNCERTAINTY_ASSIGNED_CONTEXT ( ( #10767 ) ) GLOBAL_UNIT_ASSIGNED_CONTEXT ( ( #4011, #1386, #4131 ) ) REPRESENTATION_CONTEXT ( 'NONE', 'WORKASPACE' ) );
#8086 = ORIENTED_EDGE ( 'NONE', *, *, #11384, .T. ) ;
#8087 = CARTESIAN_POINT ( 'NONE',  ( 13.90000000000000213, 0.8200000000000300382, 1.215596970137853495E-45 ) ) ;
#8088 = CARTESIAN_POINT ( 'NONE',  ( 5.229166936873999916, 2.389799999999999702, -6.903170772961001234 ) ) ;
#8089 = LINE ( 'NONE', #6301, #3229 ) ;
#8090 = ORIENTED_EDGE ( 'NONE', *, *, #3548, .T. ) ;
#8091 = EDGE_CURVE ( 'NONE', #6692, #793, #4783, .T. ) ;
#8092 = ORIENTED_EDGE ( 'NONE', *, *, #11344, .T. ) ;
#8093 = CARTESIAN_POINT ( 'NONE',  ( 3.624488762447001022, 0.01000000000000000021, 0.02448876244737000288 ) ) ;
#8094 = ORIENTED_EDGE ( 'NONE', *, *, #4032, .T. ) ;
#8095 =( GEOMETRIC_REPRESENTATION_CONTEXT ( 3 ) GLOBAL_UNCERTAINTY_ASSIGNED_CONTEXT ( ( #2910 ) ) GLOBAL_UNIT_ASSIGNED_CONTEXT ( ( #2329, #8683, #521 ) ) REPRESENTATION_CONTEXT ( 'NONE', 'WORKASPACE' ) );
#8096 = EDGE_LOOP ( 'NONE', ( #10593, #1595, #7030, #10689 ) ) ;
#8097 = CARTESIAN_POINT ( 'NONE',  ( 6.454166936874154992, 2.394999999999999574, -6.212766003608565235 ) ) ;
#8098 = EDGE_CURVE ( 'NONE', #8260, #1607, #312, .T. ) ;
#8099 = ADVANCED_FACE ( 'NONE', ( #4838 ), #484, .F. ) ;
#8100 = LINE ( 'NONE', #10836, #379 ) ;
#8101 = CARTESIAN_POINT ( 'NONE',  ( 13.45416671260921859, 2.394999999999999574, -7.523404270410517292 ) ) ;
#8102 = EDGE_LOOP ( 'NONE', ( #11683, #4517, #8954, #4017 ) ) ;
#8103 = DIRECTION ( 'NONE',  ( 0.8981380920124673040, 0.0000000000000000000, -0.4397135063609085570 ) ) ;
#8104 = PLANE ( 'NONE',  #8071 ) ;
#8105 = FILL_AREA_STYLE ('',( #187 ) ) ;
#8106 = DIRECTION ( 'NONE',  ( 0.0000000000000000000, 0.0000000000000000000, 1.000000000000000000 ) ) ;
#8107 = CYLINDRICAL_SURFACE ( 'NONE', #11767, 0.2500000000000002220 ) ;
#8108 = ORIENTED_EDGE ( 'NONE', *, *, #3227, .T. ) ;
#8109 = EDGE_CURVE ( 'NONE', #6296, #7232, #3955, .T. ) ;
#8110 = ORIENTED_EDGE ( 'NONE', *, *, #468, .F. ) ;
#8111 = ORIENTED_EDGE ( 'NONE', *, *, #2534, .F. ) ;
#8112 = CARTESIAN_POINT ( 'NONE',  ( 5.637500047683499993, 2.399999999999999911, -7.731914894282999384 ) ) ;
#8113 = CARTESIAN_POINT ( 'NONE',  ( 3.599999999999652811, 0.004999999999999999237, -11.30000000000000071 ) ) ;
#8114 =( GEOMETRIC_REPRESENTATION_CONTEXT ( 3 ) GLOBAL_UNCERTAINTY_ASSIGNED_CONTEXT ( ( #10757 ) ) GLOBAL_UNIT_ASSIGNED_CONTEXT ( ( #349, #7548, #7491 ) ) REPRESENTATION_CONTEXT ( 'NONE', 'WORKASPACE' ) );
#8115 = ADVANCED_FACE ( 'NONE', ( #10307 ), #2161, .F. ) ;
#8116 = CARTESIAN_POINT ( 'NONE',  ( 12.17083340883970699, 2.399999999999999911, -7.582978731398704042 ) ) ;
#8117 = ORIENTED_EDGE ( 'NONE', *, *, #8895, .T. ) ;
#8118 = CARTESIAN_POINT ( 'NONE',  ( 0.5999999999999963141, 0.009999999999999998473, -11.29999999999833982 ) ) ;
#8119 = VERTEX_POINT ( 'NONE', #4892 ) ;
#8120 = FACE_OUTER_BOUND ( 'NONE', #3168, .T. ) ;
#8121 = CARTESIAN_POINT ( 'NONE',  ( 5.799999999999999822, 0.009999999999999998473, -0.4500000000000149436 ) ) ;
#8122 = DIRECTION ( 'NONE',  ( 0.5466231882187989610, 0.0000000000000000000, 0.8373787017243247144 ) ) ;
#8123 = DIRECTION ( 'NONE',  ( 0.2377704967216991427, -0.0000000000000000000, 0.9713213633441387662 ) ) ;
#8124 = ORIENTED_EDGE ( 'NONE', *, *, #8388, .F. ) ;
#8125 = ADVANCED_FACE ( 'NONE', ( #3542 ), #3488, .F. ) ;
#8126 = ORIENTED_EDGE ( 'NONE', *, *, #8337, .F. ) ;
#8127 = EDGE_CURVE ( 'NONE', #6454, #6635, #7992, .T. ) ;
#8128 = VECTOR ( 'NONE', #1101, 1000.000000000000000 ) ;
#8129 = VERTEX_POINT ( 'NONE', #9661 ) ;
#8130 = DIRECTION ( 'NONE',  ( -1.000000000000000000, 0.0000000000000000000, 0.0000000000000000000 ) ) ;
#8131 = PLANE ( 'NONE',  #7940 ) ;
#8132 = FILL_AREA_STYLE ('',( #4500 ) ) ;
#8133 = DIRECTION ( 'NONE',  ( 1.000000000000000000, 0.0000000000000000000, 0.0000000000000000000 ) ) ;
#8134 = LINE ( 'NONE', #5229, #11644 ) ;
#8135 = EDGE_CURVE ( 'NONE', #978, #5567, #10733, .T. ) ;
#8136 = CARTESIAN_POINT ( 'NONE',  ( 16.00000000000000000, 0.0000000000000000000, -12.19999999999999929 ) ) ;
#8137 = VERTEX_POINT ( 'NONE', #2528 ) ;
#8138 = DIRECTION ( 'NONE',  ( -0.0000000000000000000, -1.000000000000000000, -0.0000000000000000000 ) ) ;
#8139 = UNCERTAINTY_MEASURE_WITH_UNIT (LENGTH_MEASURE( 1.000000000000000082E-05 ), #1224, 'distance_accuracy_value', 'NONE');
#8140 = VECTOR ( 'NONE', #160, 1000.000000000000000 ) ;
#8141 = DIRECTION ( 'NONE',  ( 0.0000000000000000000, 0.0000000000000000000, -1.000000000000000000 ) ) ;
#8142 = PRESENTATION_LAYER_ASSIGNMENT (  '', '', ( #1489 ) ) ;
#8143 = FILL_AREA_STYLE_COLOUR ( '', #1734 ) ;
#8144 = VECTOR ( 'NONE', #1823, 1000.000000000000000 ) ;
#8145 = ORIENTED_EDGE ( 'NONE', *, *, #4665, .T. ) ;
#8146 = DIRECTION ( 'NONE',  ( -0.0000000000000000000, -0.0000000000000000000, 1.000000000000000000 ) ) ;
#8147 = LINE ( 'NONE', #1004, #7061 ) ;
#8148 = VECTOR ( 'NONE', #3589, 1000.000000000000000 ) ;
#8149 = LINE ( 'NONE', #6410, #9500 ) ;
#8150 = ORIENTED_EDGE ( 'NONE', *, *, #3598, .T. ) ;
#8151 = EDGE_LOOP ( 'NONE', ( #1258, #4781, #1119, #4723 ) ) ;
#8152 =( LENGTH_UNIT ( ) NAMED_UNIT ( * ) SI_UNIT ( .MILLI., .METRE. ) );
#8153 = EDGE_LOOP ( 'NONE', ( #3061, #1457, #7722, #3619, #2079, #1441, #8588, #8708 ) ) ;
#8154 = AXIS2_PLACEMENT_3D ( 'NONE', #6681, #10309, #4075 ) ;
#8155 = ORIENTED_EDGE ( 'NONE', *, *, #275, .F. ) ;
#8156 = CARTESIAN_POINT ( 'NONE',  ( 10.20000000000000107, 0.01000000000000002449, -12.19999999999999751 ) ) ;
#8157 = DIRECTION ( 'NONE',  ( 0.0000000000000000000, 1.000000000000000000, 0.0000000000000000000 ) ) ;
#8158 = VECTOR ( 'NONE', #3837, 1000.000000000000000 ) ;
#8159 = ORIENTED_EDGE ( 'NONE', *, *, #7233, .F. ) ;
#8160 = FACE_OUTER_BOUND ( 'NONE', #7574, .T. ) ;
#8161 = AXIS2_PLACEMENT_3D ( 'NONE', #9215, #2799, #10888 ) ;
#8162 = DIRECTION ( 'NONE',  ( -1.000000000000000000, -0.0000000000000000000, -0.0000000000000000000 ) ) ;
#8163 =( NAMED_UNIT ( * ) SI_UNIT ( $, .STERADIAN. ) SOLID_ANGLE_UNIT ( ) );
#8164 = EDGE_CURVE ( 'NONE', #10843, #11493, #5136, .T. ) ;
#8165 = SURFACE_STYLE_USAGE ( .BOTH. , #7096 ) ;
#8166 = SURFACE_STYLE_FILL_AREA ( #3777 ) ;
#8167 = EDGE_LOOP ( 'NONE', ( #1223, #4736, #11102, #347 ) ) ;
#8168 = EDGE_LOOP ( 'NONE', ( #7871, #686, #6290, #11396, #9042, #10436, #5315, #3303, #7137, #10931, #819, #6732, #2830, #6612, #9674, #7022, #3501, #5353, #829, #3182, #8481, #7514, #409, #2271, #2540, #1146 ) ) ;
#8169 = ORIENTED_EDGE ( 'NONE', *, *, #3496, .F. ) ;
#8170 = PLANE ( 'NONE',  #5495 ) ;
#8171 = VECTOR ( 'NONE', #7364, 1000.000000000000000 ) ;
#8172 =( LENGTH_UNIT ( ) NAMED_UNIT ( * ) SI_UNIT ( .MILLI., .METRE. ) );
#8173 = MECHANICAL_DESIGN_GEOMETRIC_PRESENTATION_REPRESENTATION (  '', ( #4557 ), #7036 ) ;
#8174 = EDGE_CURVE ( 'NONE', #10951, #1905, #5196, .T. ) ;
#8175 = ORIENTED_EDGE ( 'NONE', *, *, #1414, .T. ) ;
#8176 = DIRECTION ( 'NONE',  ( -1.000000000000000000, 0.0000000000000000000, 0.0000000000000000000 ) ) ;
#8177 = EDGE_LOOP ( 'NONE', ( #7059, #1581, #7704, #1493 ) ) ;
#8178 = CARTESIAN_POINT ( 'NONE',  ( 5.404166936874154281, 2.394999999999999574, -6.153191542625433996 ) ) ;
#8179 = FILL_AREA_STYLE_COLOUR ( '', #812 ) ;
#8180 = EDGE_CURVE ( 'NONE', #898, #859, #2588, .T. ) ;
#8181 = AXIS2_PLACEMENT_3D ( 'NONE', #868, #10038, #4503 ) ;
#8182 = DIRECTION ( 'NONE',  ( -0.6166621762862996015, 0.0000000000000000000, 0.7872278960617724586 ) ) ;
#8183 = EDGE_CURVE ( 'NONE', #1747, #10719, #4190, .T. ) ;
#8184 = PLANE ( 'NONE',  #6247 ) ;
#8185 = ORIENTED_EDGE ( 'NONE', *, *, #752, .F. ) ;
#8186 = VERTEX_POINT ( 'NONE', #8768 ) ;
#8187 = ORIENTED_EDGE ( 'NONE', *, *, #3188, .F. ) ;
#8188 = LINE ( 'NONE', #4446, #8990 ) ;
#8189 = AXIS2_PLACEMENT_3D ( 'NONE', #2427, #2548, #3445 ) ;
#8190 = FACE_OUTER_BOUND ( 'NONE', #11546, .T. ) ;
#8191 = CARTESIAN_POINT ( 'NONE',  ( 0.4599999999999999645, 2.399999999999999911, -8.000000000000000000 ) ) ;
#8192 = ADVANCED_FACE ( 'NONE', ( #3364 ), #2408, .T. ) ;
#8193 = VECTOR ( 'NONE', #10065, 1000.000000000000000 ) ;
#8194 = ORIENTED_EDGE ( 'NONE', *, *, #5935, .T. ) ;
#8195 = AXIS2_PLACEMENT_3D ( 'NONE', #5164, #6944, #4158 ) ;
#8196 = DIRECTION ( 'NONE',  ( 0.0000000000000000000, -2.168404344970999254E-16, -1.000000000000000000 ) ) ;
#8197 = DIRECTION ( 'NONE',  ( 0.0000000000000000000, -1.000000000000000000, 2.168404344971006649E-16 ) ) ;
#8198 = AXIS2_PLACEMENT_3D ( 'NONE', #6353, #4510, #50 ) ;
#8199 = PLANE ( 'NONE',  #8181 ) ;
#8200 = ORIENTED_EDGE ( 'NONE', *, *, #9178, .T. ) ;
#8201 = CARTESIAN_POINT ( 'NONE',  ( 10.19999999999999929, 0.0000000000000000000, -6.100000000000000533 ) ) ;
#8202 = AXIS2_PLACEMENT_3D ( 'NONE', #2744, #9939, #7018 ) ;
#8203 = CARTESIAN_POINT ( 'NONE',  ( 4.700000000000000178, 0.01000000000000002449, 0.0000000000000000000 ) ) ;
#8204 = PRESENTATION_STYLE_ASSIGNMENT (( #2626 ) ) ;
#8205 = EDGE_CURVE ( 'NONE', #218, #11529, #7037, .T. ) ;
#8206 = VERTEX_POINT ( 'NONE', #10677 ) ;
#8207 = PRESENTATION_STYLE_ASSIGNMENT (( #6586 ) ) ;
#8208 = VECTOR ( 'NONE', #2189, 1000.000000000000000 ) ;
#8209 = DIRECTION ( 'NONE',  ( 0.0000000000000000000, -1.000000000000000000, 2.168404344971006896E-16 ) ) ;
#8210 = FACE_OUTER_BOUND ( 'NONE', #7439, .T. ) ;
#8211 = VERTEX_POINT ( 'NONE', #9837 ) ;
#8212 = ORIENTED_EDGE ( 'NONE', *, *, #10864, .T. ) ;
#8213 = ORIENTED_EDGE ( 'NONE', *, *, #4886, .T. ) ;
#8214 = DIRECTION ( 'NONE',  ( 0.0000000000000000000, 0.0000000000000000000, -1.000000000000000000 ) ) ;
#8215 = VECTOR ( 'NONE', #97, 1000.000000000000000 ) ;
#8216 = CARTESIAN_POINT ( 'NONE',  ( 8.495833492279224686, 2.394999999999999574, -6.153191542625733312 ) ) ;
#8217 = ORIENTED_EDGE ( 'NONE', *, *, #11600, .F. ) ;
#8218 = FILL_AREA_STYLE ('',( #124 ) ) ;
#8219 = DIRECTION ( 'NONE',  ( 0.7700387364688285885, -0.0000000000000000000, 0.6379971350542962272 ) ) ;
#8220 = VECTOR ( 'NONE', #6464, 1000.000000000000000 ) ;
#8221 = DIRECTION ( 'NONE',  ( -0.0000000000000000000, -1.000000000000000000, -0.0000000000000000000 ) ) ;
#8222 = CARTESIAN_POINT ( 'NONE',  ( 9.604166603088208021, 2.399999999999999911, -6.748936152458152371 ) ) ;
#8223 = ORIENTED_EDGE ( 'NONE', *, *, #4980, .F. ) ;
#8224 = VERTEX_POINT ( 'NONE', #4364 ) ;
#8225 = VERTEX_POINT ( 'NONE', #1689 ) ;
#8226 = PLANE ( 'NONE',  #2491 ) ;
#8227 = DIRECTION ( 'NONE',  ( -7.523163845262640051E-31, -1.000000000000000000, 2.168404344971007142E-16 ) ) ;
#8228 = ADVANCED_FACE ( 'NONE', ( #3299 ), #2469, .F. ) ;
#8229 = DIRECTION ( 'NONE',  ( 0.0000000000000000000, 1.000000000000000000, 0.0000000000000000000 ) ) ;
#8230 = ORIENTED_EDGE ( 'NONE', *, *, #11395, .F. ) ;
#8231 = CARTESIAN_POINT ( 'NONE',  ( 15.42509501087516810, 2.275005603686212297, -11.37266054730104869 ) ) ;
#8232 = VERTEX_POINT ( 'NONE', #4425 ) ;
#8233 = DIRECTION ( 'NONE',  ( 0.0000000000000000000, 0.0000000000000000000, -1.000000000000000000 ) ) ;
#8234 = CARTESIAN_POINT ( 'NONE',  ( 8.000000000000000000, 0.0000000000000000000, -11.30000000000000071 ) ) ;
#8235 = FILL_AREA_STYLE ('',( #10973 ) ) ;
#8236 = LINE ( 'NONE', #7455, #7769 ) ;
#8237 = ORIENTED_EDGE ( 'NONE', *, *, #6138, .F. ) ;
#8238 = ORIENTED_EDGE ( 'NONE', *, *, #8391, .T. ) ;
#8239 = VECTOR ( 'NONE', #6794, 1000.000000000000000 ) ;
#8240 = EDGE_LOOP ( 'NONE', ( #3401, #5038, #6360, #10915 ) ) ;
#8241 = EDGE_CURVE ( 'NONE', #1171, #10513, #3261, .T. ) ;
#8242 = CARTESIAN_POINT ( 'NONE',  ( 0.7500000000000000000, 2.149999999999999911, -0.6500000000003447465 ) ) ;
#8243 = EDGE_CURVE ( 'NONE', #8298, #9900, #1574, .T. ) ;
#8244 = DIRECTION ( 'NONE',  ( 0.0000000000000000000, -1.000000000000000000, 2.168404344971006649E-16 ) ) ;
#8245 = EDGE_CURVE ( 'NONE', #3278, #4707, #6087, .T. ) ;
#8246 = DIRECTION ( 'NONE',  ( 0.0000000000000000000, -1.000000000000000000, 2.168404344970991612E-16 ) ) ;
#8247 = VERTEX_POINT ( 'NONE', #11630 ) ;
#8248 = PRESENTATION_STYLE_ASSIGNMENT (( #1222 ) ) ;
#8249 = EDGE_LOOP ( 'NONE', ( #10696, #8212, #5140, #4636 ) ) ;
#8250 = CARTESIAN_POINT ( 'NONE',  ( 3.600000000000000089, 0.0000000000000000000, -6.099999999999999645 ) ) ;
#8251 = AXIS2_PLACEMENT_3D ( 'NONE', #11451, #4133, #3298 ) ;
#8252 = PLANE ( 'NONE',  #5188 ) ;
#8253 = VERTEX_POINT ( 'NONE', #1450 ) ;
#8254 = CARTESIAN_POINT ( 'NONE',  ( 8.128700545887999951, 2.389799999999999702, -6.468561322621000365 ) ) ;
#8255 = SURFACE_SIDE_STYLE ('',( #7575 ) ) ;
#8256 = CARTESIAN_POINT ( 'NONE',  ( 12.09999999999999964, 0.009999999999999998473, -0.9000000000000200062 ) ) ;
#8257 = EDGE_CURVE ( 'NONE', #6016, #896, #662, .T. ) ;
#8258 = FILL_AREA_STYLE ('',( #8143 ) ) ;
#8259 = CARTESIAN_POINT ( 'NONE',  ( 5.520833158493163140, 2.389999999999999680, -6.391489386558938612 ) ) ;
#8260 = VERTEX_POINT ( 'NONE', #8052 ) ;
#8261 = FILL_AREA_STYLE_COLOUR ( '', #4270 ) ;
#8262 = COLOUR_RGB ( '',0.0000000000000000000, 0.0000000000000000000, 0.0000000000000000000 ) ;
#8263 = VECTOR ( 'NONE', #5179, 1000.000000000000000 ) ;
#8264 = CYLINDRICAL_SURFACE ( 'NONE', #5103, 0.2499999999999985012 ) ;
#8265 = CARTESIAN_POINT ( 'NONE',  ( 12.34583340882947944, 2.399999999999999911, -7.940425533800022251 ) ) ;
#8266 = EDGE_CURVE ( 'NONE', #1795, #2479, #11685, .T. ) ;
#8267 = CARTESIAN_POINT ( 'NONE',  ( 4.120833158493326209, 2.389999999999999680, -8.000000000000023093 ) ) ;
#8268 = VERTEX_POINT ( 'NONE', #8703 ) ;
#8269 = ORIENTED_EDGE ( 'NONE', *, *, #5412, .T. ) ;
#8270 = CARTESIAN_POINT ( 'NONE',  ( 8.000000000000000000, 0.009999999999999998473, -0.9000000000000200062 ) ) ;
#8271 = MECHANICAL_DESIGN_GEOMETRIC_PRESENTATION_REPRESENTATION (  '', ( #2004 ), #3145 ) ;
#8272 = DIRECTION ( 'NONE',  ( 0.0000000000000000000, 0.0000000000000000000, -1.000000000000000000 ) ) ;
#8273 = AXIS2_PLACEMENT_3D ( 'NONE', #9557, #1404, #5029 ) ;
#8274 = CARTESIAN_POINT ( 'NONE',  ( 13.22083338797000174, 2.399999999999999911, -6.093617081642006106 ) ) ;
#8275 = VERTEX_POINT ( 'NONE', #542 ) ;
#8276 = CARTESIAN_POINT ( 'NONE',  ( 0.4599999999999999645, 2.399999999999999911, -0.4330000000000000515 ) ) ;
#8277 = DIRECTION ( 'NONE',  ( 0.0000000000000000000, 0.0000000000000000000, -1.000000000000000000 ) ) ;
#8278 = FILL_AREA_STYLE_COLOUR ( '', #4958 ) ;
#8279 = STYLED_ITEM ( 'NONE', ( #5543 ), #325 ) ;
#8281 = VECTOR ( 'NONE', #11160, 1000.000000000000000 ) ;
#8280 = CARTESIAN_POINT ( 'NONE',  ( 3.304166936874119553, 2.389999999999999680, -7.046808540820626021 ) ) ;
#8282 = COLOUR_RGB ( '',0.8313725490196077761, 0.8509803921568627194, 0.8313725490196077761 ) ;
#8283 = ORIENTED_EDGE ( 'NONE', *, *, #11100, .T. ) ;
#8284 = EDGE_LOOP ( 'NONE', ( #8710, #2091, #3850, #6248 ) ) ;
#8285 = ORIENTED_EDGE ( 'NONE', *, *, #11482, .F. ) ;
#8286 = ADVANCED_FACE ( 'NONE', ( #6256 ), #5428, .F. ) ;
#8287 = DIRECTION ( 'NONE',  ( -0.6996254851787166995, 0.0000000000000000000, -0.7145097483508853209 ) ) ;
#8288 = LINE ( 'NONE', #10132, #7582 ) ;
#8289 = SURFACE_SIDE_STYLE ('',( #1201 ) ) ;
#8290 = ORIENTED_EDGE ( 'NONE', *, *, #7373, .T. ) ;
#8291 = CARTESIAN_POINT ( 'NONE',  ( 0.4599999999999999645, 2.399999999999999911, -6.093617081642001665 ) ) ;
#8292 = VERTEX_POINT ( 'NONE', #2645 ) ;
#8293 = CARTESIAN_POINT ( 'NONE',  ( 13.50000000000000000, 0.009999999999999998473, -1.129377263005733721E-18 ) ) ;
#8294 = CARTESIAN_POINT ( 'NONE',  ( 14.59999999999751985, 0.004999999999999999237, -0.9000000000000000222 ) ) ;
#8295 = CARTESIAN_POINT ( 'NONE',  ( 12.80000000000000071, 0.009999999999974222217, 1.756407519426624172E-16 ) ) ;
#8296 = ORIENTED_EDGE ( 'NONE', *, *, #10867, .F. ) ;
#8297 = EDGE_LOOP ( 'NONE', ( #4523, #3444, #10323, #9383 ) ) ;
#8298 = VERTEX_POINT ( 'NONE', #1018 ) ;
#8299 = DIRECTION ( 'NONE',  ( -0.8373793591559748339, 0.0000000000000000000, -0.5466221810899454248 ) ) ;
#8300 = DIRECTION ( 'NONE',  ( -0.5627909312424786981, 0.0000000000000000000, -0.8265992787991190971 ) ) ;
#8301 = CARTESIAN_POINT ( 'NONE',  ( 1.399999999999870237, 0.009999999999999998473, -0.9000000000000200062 ) ) ;
#8302 = ORIENTED_EDGE ( 'NONE', *, *, #3920, .F. ) ;
#8303 = EDGE_LOOP ( 'NONE', ( #1617, #8947, #4615, #9960, #2463, #4012 ) ) ;
#8304 = CARTESIAN_POINT ( 'NONE',  ( 11.00000000000247979, 0.004999999999999999237, -11.30000000000000071 ) ) ;
#8305 = AXIS2_PLACEMENT_3D ( 'NONE', #11038, #8299, #9311 ) ;
#8306 = LINE ( 'NONE', #10208, #7643 ) ;
#8307 = VECTOR ( 'NONE', #11040, 1000.000000000000000 ) ;
#8308 = ADVANCED_FACE ( 'NONE', ( #9001 ), #4644, .F. ) ;
#8309 = EDGE_CURVE ( 'NONE', #5075, #3482, #127, .T. ) ;
#8310 = CARTESIAN_POINT ( 'NONE',  ( 2.861988810130999816, 2.389799999999999702, -8.000000000000000000 ) ) ;
#8311 = EDGE_LOOP ( 'NONE', ( #3648, #6500, #10505, #9341 ) ) ;
#8312 =( LENGTH_UNIT ( ) NAMED_UNIT ( * ) SI_UNIT ( .MILLI., .METRE. ) );
#8313 = CARTESIAN_POINT ( 'NONE',  ( 8.320833492279000154, 2.389999999999999680, -6.599999999999999645 ) ) ;
#8314 = VECTOR ( 'NONE', #2855, 1000.000000000000000 ) ;
#8315 = PRESENTATION_STYLE_ASSIGNMENT (( #3025 ) ) ;
#8316 =( LENGTH_UNIT ( ) NAMED_UNIT ( * ) SI_UNIT ( .MILLI., .METRE. ) );
#8317 = ADVANCED_FACE ( 'NONE', ( #1751 ), #6, .T. ) ;
#8318 = LINE ( 'NONE', #10389, #2399 ) ;
#8319 = LINE ( 'NONE', #11060, #6714 ) ;
#8320 = CARTESIAN_POINT ( 'NONE',  ( 6.499999999999999112, 0.009999999999999998473, -0.9000000000000001332 ) ) ;
#8321 = EDGE_CURVE ( 'NONE', #1509, #11640, #5545, .T. ) ;
#8322 = DIRECTION ( 'NONE',  ( -1.000000000000000000, -0.0000000000000000000, -0.0000000000000000000 ) ) ;
#8323 = VECTOR ( 'NONE', #11717, 1000.000000000000000 ) ;
#8324 = ADVANCED_FACE ( 'NONE', ( #5373 ), #9104, .F. ) ;
#8325 = DIRECTION ( 'NONE',  ( 1.000000000000000000, 0.0000000000000000000, 0.0000000000000000000 ) ) ;
#8326 = DIRECTION ( 'NONE',  ( 0.8906056381927085486, 0.0000000000000000000, 0.4547764255316653625 ) ) ;
#8327 = ORIENTED_EDGE ( 'NONE', *, *, #1715, .T. ) ;
#8328 = VECTOR ( 'NONE', #11216, 1000.000000000000000 ) ;
#8329 = VERTEX_POINT ( 'NONE', #8513 ) ;
#8330 = PLANE ( 'NONE',  #2027 ) ;
#8331 = CARTESIAN_POINT ( 'NONE',  ( 8.087500047683631621, 2.399999999999999911, -6.570212769507908668 ) ) ;
#8332 = CARTESIAN_POINT ( 'NONE',  ( 2.487500047683414373, 2.394999999999999574, -8.000000000000000000 ) ) ;
#8333 = COLOUR_RGB ( '',0.9803921568627450567, 0.6274509803921568540, 0.0000000000000000000 ) ;
#8334 = EDGE_CURVE ( 'NONE', #1810, #7873, #3162, .T. ) ;
#8335 = EDGE_LOOP ( 'NONE', ( #3899, #10971, #6628, #5177 ) ) ;
#8336 = DIRECTION ( 'NONE',  ( -0.4397135063609085570, 0.0000000000000000000, -0.8981380920124673040 ) ) ;
#8337 = EDGE_CURVE ( 'NONE', #391, #3533, #7497, .T. ) ;
#8338 = VECTOR ( 'NONE', #6205, 1000.000000000000000 ) ;
#8339 = PRESENTATION_STYLE_ASSIGNMENT (( #5655 ) ) ;
#8340 = SURFACE_STYLE_FILL_AREA ( #8105 ) ;
#8341 = VECTOR ( 'NONE', #4494, 1000.000000000000000 ) ;
#8342 = FACE_OUTER_BOUND ( 'NONE', #5904, .T. ) ;
#8343 = ORIENTED_EDGE ( 'NONE', *, *, #10263, .F. ) ;
#8344 = VERTEX_POINT ( 'NONE', #4877 ) ;
#8345 = CARTESIAN_POINT ( 'NONE',  ( 8.612500047683987248, 2.389999999999999680, -7.642553192376950300 ) ) ;
#8346 = AXIS2_PLACEMENT_3D ( 'NONE', #5471, #10896, #7258 ) ;
#8347 = AXIS2_PLACEMENT_3D ( 'NONE', #5198, #8830, #663 ) ;
#8348 = LINE ( 'NONE', #1979, #5736 ) ;
#8349 = EDGE_CURVE ( 'NONE', #10086, #520, #6773, .T. ) ;
#8350 = ORIENTED_EDGE ( 'NONE', *, *, #985, .F. ) ;
#8351 = SURFACE_STYLE_FILL_AREA ( #10079 ) ;
#8352 = EDGE_CURVE ( 'NONE', #1456, #2296, #7614, .T. ) ;
#8353 = ORIENTED_EDGE ( 'NONE', *, *, #3480, .T. ) ;
#8354 = LINE ( 'NONE', #10855, #6512 ) ;
#8355 = FACE_OUTER_BOUND ( 'NONE', #9638, .T. ) ;
#8356 = DIRECTION ( 'NONE',  ( 0.9689177459678649518, -0.0000000000000000000, -0.2473831068374553188 ) ) ;
#8357 = VERTEX_POINT ( 'NONE', #6720 ) ;
#8358 = ORIENTED_EDGE ( 'NONE', *, *, #7074, .T. ) ;
#8359 = AXIS2_PLACEMENT_3D ( 'NONE', #11613, #7790, #7020 ) ;
#8360 = ORIENTED_EDGE ( 'NONE', *, *, #8205, .T. ) ;
#8361 = SURFACE_STYLE_USAGE ( .BOTH. , #6451 ) ;
#8362 = CARTESIAN_POINT ( 'NONE',  ( 13.20000000000000284, 5.293955920339377119E-20, -12.20000000000062279 ) ) ;
#8363 = CARTESIAN_POINT ( 'NONE',  ( 9.429166603088370735, 2.399999999999999911, -7.880851067602608673 ) ) ;
#8364 = ORIENTED_EDGE ( 'NONE', *, *, #6226, .F. ) ;
#8365 = SURFACE_SIDE_STYLE ('',( #5684 ) ) ;
#8366 = ADVANCED_FACE ( 'NONE', ( #9461 ), #8455, .F. ) ;
#8367 = VECTOR ( 'NONE', #6649, 1000.000000000000000 ) ;
#8368 = ORIENTED_EDGE ( 'NONE', *, *, #10337, .T. ) ;
#8369 =( NAMED_UNIT ( * ) PLANE_ANGLE_UNIT ( ) SI_UNIT ( $, .RADIAN. ) );
#8370 = DIRECTION ( 'NONE',  ( 0.0000000000000000000, -2.168404344971014291E-16, -1.000000000000000000 ) ) ;
#8371 = AXIS2_PLACEMENT_3D ( 'NONE', #5596, #9223, #59 ) ;
#8372 = ORIENTED_EDGE ( 'NONE', *, *, #1261, .F. ) ;
#8373 = CARTESIAN_POINT ( 'NONE',  ( 13.90000000000000213, 0.8200000000000300382, -12.19999999999999929 ) ) ;
#8374 = VECTOR ( 'NONE', #3258, 1000.000000000000000 ) ;
#8375 = CARTESIAN_POINT ( 'NONE',  ( 13.90000000000000213, 0.009999999999999998473, -11.30000000000000249 ) ) ;
#8376 = LINE ( 'NONE', #2912, #578 ) ;
#8377 = EDGE_CURVE ( 'NONE', #8247, #8951, #11194, .T. ) ;
#8378 = LINE ( 'NONE', #6761, #5605 ) ;
#8379 = COLOUR_RGB ( '',0.9803921568627450567, 0.6274509803921568540, 0.0000000000000000000 ) ;
#8380 = FACE_OUTER_BOUND ( 'NONE', #8578, .T. ) ;
#8381 = VECTOR ( 'NONE', #2390, 1000.000000000000000 ) ;
#8382 =( NAMED_UNIT ( * ) SI_UNIT ( $, .STERADIAN. ) SOLID_ANGLE_UNIT ( ) );
#8383 = LINE ( 'NONE', #2919, #3433 ) ;
#8384 = VECTOR ( 'NONE', #10928, 1000.000000000000227 ) ;
#8385 = FILL_AREA_STYLE ('',( #1126 ) ) ;
#8386 = VERTEX_POINT ( 'NONE', #3103 ) ;
#8387 = ORIENTED_EDGE ( 'NONE', *, *, #4126, .F. ) ;
#8388 = EDGE_CURVE ( 'NONE', #218, #2157, #4936, .T. ) ;
#8389 = CARTESIAN_POINT ( 'NONE',  ( 3.900000000000000799, 0.4100000000000150191, -12.19999999999999929 ) ) ;
#8390 = LINE ( 'NONE', #11133, #6092 ) ;
#8391 = EDGE_CURVE ( 'NONE', #3431, #3911, #2931, .T. ) ;
#8392 = FACE_OUTER_BOUND ( 'NONE', #9891, .T. ) ;
#8393 = EDGE_CURVE ( 'NONE', #10663, #2575, #9529, .T. ) ;
#8394 = VECTOR ( 'NONE', #6805, 1000.000000000000000 ) ;
#8395 = ORIENTED_EDGE ( 'NONE', *, *, #3893, .T. ) ;
#8396 = FILL_AREA_STYLE ('',( #5653 ) ) ;
#8397 = DIRECTION ( 'NONE',  ( 0.6379971350542962272, 0.0000000000000000000, -0.7700387364688285885 ) ) ;
#8398 = LINE ( 'NONE', #3887, #11620 ) ;
#8399 =( NAMED_UNIT ( * ) PLANE_ANGLE_UNIT ( ) SI_UNIT ( $, .RADIAN. ) );
#8400 = CARTESIAN_POINT ( 'NONE',  ( 1.399999999999999911, 0.004999999999999999237, -0.9000000000000298872 ) ) ;
#8401 = ORIENTED_EDGE ( 'NONE', *, *, #864, .T. ) ;
#8402 = ORIENTED_EDGE ( 'NONE', *, *, #1409, .F. ) ;
#8403 = DIRECTION ( 'NONE',  ( 0.0000000000000000000, -1.000000000000000000, 2.168404344971007142E-16 ) ) ;
#8404 = ORIENTED_EDGE ( 'NONE', *, *, #7841, .T. ) ;
#8405 = FACE_OUTER_BOUND ( 'NONE', #1340, .T. ) ;
#8406 = VECTOR ( 'NONE', #7084, 999.9999999999998863 ) ;
#8407 = EDGE_CURVE ( 'NONE', #3842, #1916, #8631, .T. ) ;
#8408 = CARTESIAN_POINT ( 'NONE',  ( 5.150000000000000355, 0.009999999999987104274, -12.19999999999999929 ) ) ;
#8409 = DIRECTION ( 'NONE',  ( -1.000000000000000000, 0.0000000000000000000, 0.0000000000000000000 ) ) ;
#8410 = EDGE_CURVE ( 'NONE', #9, #6119, #6542, .T. ) ;
#8411 = EDGE_LOOP ( 'NONE', ( #11003, #6415, #3820, #10012, #8238, #6806, #11459 ) ) ;
#8412 = DIRECTION ( 'NONE',  ( -1.000000000000000000, -0.0000000000000000000, -0.0000000000000000000 ) ) ;
#8413 = CARTESIAN_POINT ( 'NONE',  ( 15.41595467197173086, 2.401389820469714387, -11.64628205959077434 ) ) ;
#8414 = ORIENTED_EDGE ( 'NONE', *, *, #5770, .T. ) ;
#8415 = MECHANICAL_DESIGN_GEOMETRIC_PRESENTATION_REPRESENTATION (  '', ( #993 ), #6122 ) ;
#8416 = SURFACE_SIDE_STYLE ('',( #78 ) ) ;
#8417 = DIRECTION ( 'NONE',  ( -1.000000000000000000, -0.0000000000000000000, -0.0000000000000000000 ) ) ;
#8418 = PLANE ( 'NONE',  #9572 ) ;
#8419 = FACE_OUTER_BOUND ( 'NONE', #9997, .T. ) ;
#8420 = VERTEX_POINT ( 'NONE', #2029 ) ;
#8421 = ORIENTED_EDGE ( 'NONE', *, *, #11075, .F. ) ;
#8422 = EDGE_LOOP ( 'NONE', ( #2533, #2334, #9428, #4067 ) ) ;
#8423 = EDGE_CURVE ( 'NONE', #3715, #8987, #3042, .T. ) ;
#8424 = VECTOR ( 'NONE', #3023, 1000.000000000000227 ) ;
#8425 = LINE ( 'NONE', #267, #3840 ) ;
#8426 = LINE ( 'NONE', #5742, #11551 ) ;
#8427 = DIRECTION ( 'NONE',  ( -0.0000000000000000000, -0.0000000000000000000, 1.000000000000000000 ) ) ;
#8428 = ORIENTED_EDGE ( 'NONE', *, *, #1498, .T. ) ;
#8429 = ORIENTED_EDGE ( 'NONE', *, *, #1202, .F. ) ;
#8430 = PRESENTATION_STYLE_ASSIGNMENT (( #6456 ) ) ;
#8431 = DIRECTION ( 'NONE',  ( 0.0000000000000000000, 1.000000000000000000, 0.0000000000000000000 ) ) ;
#8432 = VECTOR ( 'NONE', #10192, 1000.000000000000000 ) ;
#8433 = DIRECTION ( 'NONE',  ( 0.6996255164478315525, 0.0000000000000000000, 0.7145097177331495297 ) ) ;
#8434 = ORIENTED_EDGE ( 'NONE', *, *, #2939, .T. ) ;
#8435 = EDGE_CURVE ( 'NONE', #95, #146, #9287, .T. ) ;
#8436 = LINE ( 'NONE', #2845, #8424 ) ;
#8437 =( LENGTH_UNIT ( ) NAMED_UNIT ( * ) SI_UNIT ( .MILLI., .METRE. ) );
#8438 = AXIS2_PLACEMENT_3D ( 'NONE', #2915, #2014, #9269 ) ;
#8439 = DIRECTION ( 'NONE',  ( 0.8373786725176022294, 0.0000000000000000000, -0.5466232329609291840 ) ) ;
#8440 = DIRECTION ( 'NONE',  ( 0.0000000000000000000, 0.0000000000000000000, -1.000000000000000000 ) ) ;
#8441 = CARTESIAN_POINT ( 'NONE',  ( 12.10000000000247944, 0.0000000000000000000, -11.30000000000000071 ) ) ;
#8442 = CARTESIAN_POINT ( 'NONE',  ( 2.100000000000000089, 0.009999999999999998473, -11.30000000000000249 ) ) ;
#8443 = CARTESIAN_POINT ( 'NONE',  ( 11.70000000000000284, 0.009999999999974222217, -12.19999999999999929 ) ) ;
#8444 = VECTOR ( 'NONE', #1080, 1000.000000000000000 ) ;
#8445 = ORIENTED_EDGE ( 'NONE', *, *, #4, .T. ) ;
#8446 = EDGE_CURVE ( 'NONE', #6668, #9885, #8398, .T. ) ;
#8447 = VERTEX_POINT ( 'NONE', #10233 ) ;
#8448 = DIRECTION ( 'NONE',  ( -1.000000000000000000, -0.0000000000000000000, -0.0000000000000000000 ) ) ;
#8449 = FACE_OUTER_BOUND ( 'NONE', #9488, .T. ) ;
#8450 =( GEOMETRIC_REPRESENTATION_CONTEXT ( 3 ) GLOBAL_UNCERTAINTY_ASSIGNED_CONTEXT ( ( #4454 ) ) GLOBAL_UNIT_ASSIGNED_CONTEXT ( ( #5032, #6930, #9498 ) ) REPRESENTATION_CONTEXT ( 'NONE', 'WORKASPACE' ) );
#8451 = MECHANICAL_DESIGN_GEOMETRIC_PRESENTATION_REPRESENTATION (  '', ( #280 ), #3334 ) ;
#8452 = VECTOR ( 'NONE', #2261, 1000.000000000000000 ) ;
#8453 = FACE_OUTER_BOUND ( 'NONE', #4729, .T. ) ;
#8454 = DIRECTION ( 'NONE',  ( -0.0000000000000000000, 1.000000000000000000, 0.0000000000000000000 ) ) ;
#8455 = PLANE ( 'NONE',  #5526 ) ;
#8456 = FACE_OUTER_BOUND ( 'NONE', #7737, .T. ) ;
#8457 = LINE ( 'NONE', #11196, #7017 ) ;
#8458 = ORIENTED_EDGE ( 'NONE', *, *, #4268, .F. ) ;
#8459 = PLANE ( 'NONE',  #1098 ) ;
#8460 = ORIENTED_EDGE ( 'NONE', *, *, #2379, .T. ) ;
#8461 = EDGE_CURVE ( 'NONE', #9605, #2506, #2087, .T. ) ;
#8462 = PLANE ( 'NONE',  #7043 ) ;
#8463 = ADVANCED_FACE ( 'NONE', ( #6070 ), #646, .T. ) ;
#8464 = AXIS2_PLACEMENT_3D ( 'NONE', #7344, #4027, #8783 ) ;
#8465 = CARTESIAN_POINT ( 'NONE',  ( 9.545833492278800847, 2.399999999999999911, -6.331914925575193642 ) ) ;
#8466 = CARTESIAN_POINT ( 'NONE',  ( 6.499999999999999112, 0.009999999999999998473, -11.30000000000000249 ) ) ;
#8467 = ORIENTED_EDGE ( 'NONE', *, *, #2878, .F. ) ;
#8468 = PRESENTATION_STYLE_ASSIGNMENT (( #3951 ) ) ;
#8469 = LINE ( 'NONE', #8291, #7703 ) ;
#8470 = MECHANICAL_DESIGN_GEOMETRIC_PRESENTATION_REPRESENTATION (  '', ( #4666 ), #11525 ) ;
#8471 = ORIENTED_EDGE ( 'NONE', *, *, #10342, .T. ) ;
#8472 = AXIS2_PLACEMENT_3D ( 'NONE', #4864, #282, #166 ) ;
#8473 = SURFACE_STYLE_FILL_AREA ( #4837 ) ;
#8474 = ADVANCED_FACE ( 'NONE', ( #3470 ), #7916, .F. ) ;
#8475 = DIRECTION ( 'NONE',  ( -1.000000000000000000, 0.0000000000000000000, 0.0000000000000000000 ) ) ;
#8476 = DIRECTION ( 'NONE',  ( 0.2377730639615929509, 0.0000000000000000000, -0.9713207349039327809 ) ) ;
#8477 = LINE ( 'NONE', #9425, #1888 ) ;
#8478 = VERTEX_POINT ( 'NONE', #11550 ) ;
#8479 = ORIENTED_EDGE ( 'NONE', *, *, #1432, .T. ) ;
#8480 = EDGE_CURVE ( 'NONE', #3447, #1376, #9822, .T. ) ;
#8481 = ORIENTED_EDGE ( 'NONE', *, *, #3330, .T. ) ;
#8482 = LINE ( 'NONE', #6744, #10624 ) ;
#8483 = VECTOR ( 'NONE', #10288, 1000.000000000000000 ) ;
#8484 = CARTESIAN_POINT ( 'NONE',  ( 3.304166936874066263, 2.399999999999999911, -7.046808540820742373 ) ) ;
#8485 = CARTESIAN_POINT ( 'NONE',  ( 15.25000000000000000, 0.009999999999987104274, 2.792598419361491987E-30 ) ) ;
#8486 = CARTESIAN_POINT ( 'NONE',  ( 11.44999999999999929, 0.009999999999987104274, 2.792598419361491987E-30 ) ) ;
#8487 = VERTEX_POINT ( 'NONE', #7974 ) ;
#8488 = EDGE_LOOP ( 'NONE', ( #7521, #6133, #4706, #7849 ) ) ;
#8489 = SURFACE_SIDE_STYLE ('',( #10260 ) ) ;
#8490 = EDGE_CURVE ( 'NONE', #448, #11310, #7076, .T. ) ;
#8491 = PLANE ( 'NONE',  #9934 ) ;
#8492 = EDGE_CURVE ( 'NONE', #5083, #6016, #3280, .T. ) ;
#8493 = DIRECTION ( 'NONE',  ( -1.000000000000000000, 0.0000000000000000000, 0.0000000000000000000 ) ) ;
#8494 = ORIENTED_EDGE ( 'NONE', *, *, #973, .T. ) ;
#8495 = PRESENTATION_STYLE_ASSIGNMENT (( #2127 ) ) ;
#8496 = UNCERTAINTY_MEASURE_WITH_UNIT (LENGTH_MEASURE( 1.000000000000000082E-05 ), #8312, 'distance_accuracy_value', 'NONE');
#8497 = LINE ( 'NONE', #9325, #1956 ) ;
#8498 = VECTOR ( 'NONE', #4754, 1000.000000000000000 ) ;
#8499 = DIRECTION ( 'NONE',  ( 0.2377704967217005028, 0.0000000000000000000, -0.9713213633441384331 ) ) ;
#8500 = CARTESIAN_POINT ( 'NONE',  ( 6.900000000000000355, 0.004999999999999999237, -0.9000000000000298872 ) ) ;
#8501 = EDGE_LOOP ( 'NONE', ( #2902, #3165, #7644, #9884 ) ) ;
#8502 = CARTESIAN_POINT ( 'NONE',  ( 10.60000000000000142, 0.009999999999999998473, -0.9000000000000001332 ) ) ;
#8503 = CARTESIAN_POINT ( 'NONE',  ( 8.145833492279152210, 2.399999999999999911, -6.451063847542073404 ) ) ;
#8504 = LINE ( 'NONE', #343, #2949 ) ;
#8505 = CARTESIAN_POINT ( 'NONE',  ( 5.520833158156300158, 2.399999999999999911, -6.391489386902963865 ) ) ;
#8506 = LINE ( 'NONE', #7605, #7563 ) ;
#8507 = ORIENTED_EDGE ( 'NONE', *, *, #3157, .T. ) ;
#8508 = COLOUR_RGB ( '',0.8313725490196077761, 0.8509803921568627194, 0.8313725490196077761 ) ;
#8509 =( NAMED_UNIT ( * ) SI_UNIT ( $, .STERADIAN. ) SOLID_ANGLE_UNIT ( ) );
#8510 = FACE_BOUND ( 'NONE', #10809, .T. ) ;
#8511 = MECHANICAL_DESIGN_GEOMETRIC_PRESENTATION_REPRESENTATION (  '', ( #6044 ), #1674 ) ;
#8512 = DIRECTION ( 'NONE',  ( 0.2473831271682210287, 0.0000000000000000000, -0.9689177407770340755 ) ) ;
#8513 = CARTESIAN_POINT ( 'NONE',  ( 1.500000000000000000, 2.389999999999999236, -0.9000000000000000222 ) ) ;
#8514 = VECTOR ( 'NONE', #1335, 1000.000000000000000 ) ;
#8515 = LINE ( 'NONE', #357, #7611 ) ;
#8516 = DIRECTION ( 'NONE',  ( -0.0000000000000000000, 1.000000000000000000, -0.0000000000000000000 ) ) ;
#8517 = EDGE_LOOP ( 'NONE', ( #6742, #826, #6075, #7132 ) ) ;
#8518 = EDGE_LOOP ( 'NONE', ( #3659, #2712, #4163, #10033 ) ) ;
#8519 = DIRECTION ( 'NONE',  ( 0.0000000000000000000, 0.0000000000000000000, 1.000000000000000000 ) ) ;
#8520 = ORIENTED_EDGE ( 'NONE', *, *, #5447, .T. ) ;
#8521 = CARTESIAN_POINT ( 'NONE',  ( 15.24999999999998934, 2.149999999999999911, -11.50000000000000178 ) ) ;
#8522 = COLOUR_RGB ( '',0.8313725490196077761, 0.8509803921568627194, 0.8313725490196077761 ) ;
#8523 = AXIS2_PLACEMENT_3D ( 'NONE', #550, #5084, #7044 ) ;
#8524 = DIRECTION ( 'NONE',  ( -1.000000000000000000, 0.0000000000000000000, 0.0000000000000000000 ) ) ;
#8525 = ORIENTED_EDGE ( 'NONE', *, *, #8984, .F. ) ;
#8526 = FACE_OUTER_BOUND ( 'NONE', #2176, .T. ) ;
#8527 = FILL_AREA_STYLE_COLOUR ( '', #8282 ) ;
#8528 = ADVANCED_FACE ( 'NONE', ( #10713 ), #2330, .F. ) ;
#8529 = VECTOR ( 'NONE', #5215, 1000.000000000000000 ) ;
#8530 = VERTEX_POINT ( 'NONE', #524 ) ;
#8531 = DIRECTION ( 'NONE',  ( 0.0000000000000000000, 0.0000000000000000000, -1.000000000000000000 ) ) ;
#8532 = FILL_AREA_STYLE ('',( #9242 ) ) ;
#8533 = CARTESIAN_POINT ( 'NONE',  ( 15.25000000000000000, 2.149999999999998579, -11.50000000000000178 ) ) ;
#8534 = VERTEX_POINT ( 'NONE', #466 ) ;
#8535 = VERTEX_POINT ( 'NONE', #4117 ) ;
#8536 = STYLED_ITEM ( 'NONE', ( #6840 ), #4459 ) ;
#8537 = ORIENTED_EDGE ( 'NONE', *, *, #763, .T. ) ;
#8538 = PLANE ( 'NONE',  #5292 ) ;
#8539 =( GEOMETRIC_REPRESENTATION_CONTEXT ( 3 ) GLOBAL_UNCERTAINTY_ASSIGNED_CONTEXT ( ( #9566 ) ) GLOBAL_UNIT_ASSIGNED_CONTEXT ( ( #6490, #6544, #2031 ) ) REPRESENTATION_CONTEXT ( 'NONE', 'WORKASPACE' ) );
#8540 = EDGE_CURVE ( 'NONE', #10851, #3428, #10658, .T. ) ;
#8541 = FILL_AREA_STYLE_COLOUR ( '', #5135 ) ;
#8542 = DIRECTION ( 'NONE',  ( -0.0000000000000000000, -1.000000000000000000, -0.0000000000000000000 ) ) ;
#8543 = LINE ( 'NONE', #11282, #3849 ) ;
#8544 = MECHANICAL_DESIGN_GEOMETRIC_PRESENTATION_REPRESENTATION (  '', ( #6442 ), #11201 ) ;
#8545 = ORIENTED_EDGE ( 'NONE', *, *, #11471, .T. ) ;
#8546 = DIRECTION ( 'NONE',  ( -0.0000000000000000000, 1.000000000000000000, -0.0000000000000000000 ) ) ;
#8547 = ADVANCED_FACE ( 'NONE', ( #6125 ), #11373, .F. ) ;
#8548 = ORIENTED_EDGE ( 'NONE', *, *, #5202, .F. ) ;
#8549 = ADVANCED_FACE ( 'NONE', ( #2389 ), #7852, .F. ) ;
#8550 =( NAMED_UNIT ( * ) SI_UNIT ( $, .STERADIAN. ) SOLID_ANGLE_UNIT ( ) );
#8551 = CARTESIAN_POINT ( 'NONE',  ( 6.220833158493303650, 2.394999999999999574, -7.702127653360089532 ) ) ;
#8552 = VECTOR ( 'NONE', #2089, 1000.000000000000000 ) ;
#8553 = ORIENTED_EDGE ( 'NONE', *, *, #3511, .F. ) ;
#8554 = ADVANCED_FACE ( 'NONE', ( #3346 ), #6958, .F. ) ;
#8555 = FILL_AREA_STYLE_COLOUR ( '', #6131 ) ;
#8556 = VECTOR ( 'NONE', #5866, 1000.000000000000000 ) ;
#8557 = CARTESIAN_POINT ( 'NONE',  ( 16.32000000000000028, -0.02448876244737000288, -12.19999999999999929 ) ) ;
#8558 = EDGE_CURVE ( 'NONE', #5859, #1558, #3580, .T. ) ;
#8559 = VECTOR ( 'NONE', #8157, 1000.000000000000000 ) ;
#8560 = LINE ( 'NONE', #2972, #1642 ) ;
#8561 = CARTESIAN_POINT ( 'NONE',  ( 3.600000000000000533, 0.009999999999999998473, -11.75000000000000178 ) ) ;
#8562 = CARTESIAN_POINT ( 'NONE',  ( 11.76250004768000501, 2.389999999999999680, -6.868085137009499519 ) ) ;
#8563 = CARTESIAN_POINT ( 'NONE',  ( 12.46250004768500119, 2.389999999999999680, -7.970212766901001444 ) ) ;
#8564 = CARTESIAN_POINT ( 'NONE',  ( 15.25000000000000000, 2.149999999999999911, -0.6500000000000082379 ) ) ;
#8565 = DIRECTION ( 'NONE',  ( -0.0000000000000000000, -1.000000000000000000, -0.0000000000000000000 ) ) ;
#8566 = SURFACE_SIDE_STYLE ('',( #1302 ) ) ;
#8567 = VERTEX_POINT ( 'NONE', #11776 ) ;
#8568 = VECTOR ( 'NONE', #3214, 1000.000000000000000 ) ;
#8569 = EDGE_CURVE ( 'NONE', #7807, #7546, #4568, .T. ) ;
#8570 = DIRECTION ( 'NONE',  ( 0.0000000000000000000, -1.000000000000000000, 2.168404344971006649E-16 ) ) ;
#8571 = VECTOR ( 'NONE', #11139, 1000.000000000000000 ) ;
#8572 = DIRECTION ( 'NONE',  ( 1.000000000000000000, 0.0000000000000000000, -0.0000000000000000000 ) ) ;
#8573 = VECTOR ( 'NONE', #1858, 1000.000000000000000 ) ;
#8574 = VECTOR ( 'NONE', #1776, 1000.000000000000227 ) ;
#8575 = CARTESIAN_POINT ( 'NONE',  ( 2.100000000000000089, 0.009999999999999998473, -0.9000000000000001332 ) ) ;
#8576 = CARTESIAN_POINT ( 'NONE',  ( 5.170833158491733528, 2.399999999999999911, -6.331914925576247022 ) ) ;
#8577 = CARTESIAN_POINT ( 'NONE',  ( 11.73801128523999893, 2.389799999999999702, -6.093617081642001665 ) ) ;
#8578 = EDGE_LOOP ( 'NONE', ( #3159, #9377, #2207, #8090, #7279, #413, #5786 ) ) ;
#8579 = ORIENTED_EDGE ( 'NONE', *, *, #2670, .T. ) ;
#8580 = DIRECTION ( 'NONE',  ( -0.0000000000000000000, 1.000000000000000000, -0.0000000000000000000 ) ) ;
#8581 = VERTEX_POINT ( 'NONE', #2852 ) ;
#8582 = VECTOR ( 'NONE', #10945, 1000.000000000000000 ) ;
#8583 = PLANE ( 'NONE',  #574 ) ;
#8584 = AXIS2_PLACEMENT_3D ( 'NONE', #503, #1470, #4273 ) ;
#8585 = CARTESIAN_POINT ( 'NONE',  ( 6.804166936874000093, 2.389799999999999702, -6.903170772961001234 ) ) ;
#8586 = STYLED_ITEM ( 'NONE', ( #1745 ), #3614 ) ;
#8587 = DIRECTION ( 'NONE',  ( 0.8906052436377260850, 0.0000000000000000000, 0.4547771982025776705 ) ) ;
#8588 = ORIENTED_EDGE ( 'NONE', *, *, #4844, .T. ) ;
#8589 = ORIENTED_EDGE ( 'NONE', *, *, #235, .F. ) ;
#8590 = CARTESIAN_POINT ( 'NONE',  ( 2.895833492279000332, 2.389999999999999680, -7.523404270410500416 ) ) ;
#8591 = FACE_OUTER_BOUND ( 'NONE', #5533, .T. ) ;
#8592 = CIRCLE ( 'NONE', #3479, 0.2500000000000019429 ) ;
#8593 = EDGE_LOOP ( 'NONE', ( #2803, #5573, #7793, #4996 ) ) ;
#8594 = ORIENTED_EDGE ( 'NONE', *, *, #9415, .F. ) ;
#8595 = ORIENTED_EDGE ( 'NONE', *, *, #604, .F. ) ;
#8596 = EDGE_CURVE ( 'NONE', #665, #5386, #2688, .T. ) ;
#8597 = LINE ( 'NONE', #439, #2625 ) ;
#8598 = LINE ( 'NONE', #3373, #5923 ) ;
#8599 = VECTOR ( 'NONE', #9499, 1000.000000000000000 ) ;
#8600 = ORIENTED_EDGE ( 'NONE', *, *, #10699, .F. ) ;
#8601 = LINE ( 'NONE', #2297, #2385 ) ;
#8602 = ORIENTED_EDGE ( 'NONE', *, *, #3356, .T. ) ;
#8603 = EDGE_CURVE ( 'NONE', #7872, #3286, #5357, .T. ) ;
#8604 = AXIS2_PLACEMENT_3D ( 'NONE', #7185, #10822, #3690 ) ;
#8605 = AXIS2_PLACEMENT_3D ( 'NONE', #4499, #9860, #7062 ) ;
#8606 = CARTESIAN_POINT ( 'NONE',  ( 5.274113922278999667, 2.389799999999999702, -7.383748938615999791 ) ) ;
#8607 = ORIENTED_EDGE ( 'NONE', *, *, #9937, .T. ) ;
#8608 = PRESENTATION_STYLE_ASSIGNMENT (( #4977 ) ) ;
#8609 = UNCERTAINTY_MEASURE_WITH_UNIT (LENGTH_MEASURE( 1.000000000000000082E-05 ), #8437, 'distance_accuracy_value', 'NONE');
#8610 = EDGE_CURVE ( 'NONE', #966, #3593, #877, .T. ) ;
#8611 = EDGE_CURVE ( 'NONE', #7531, #4179, #6299, .T. ) ;
#8612 = CARTESIAN_POINT ( 'NONE',  ( 5.229166936874000804, 2.389999999999999680, -6.599999999999999645 ) ) ;
#8613 = PLANE ( 'NONE',  #8010 ) ;
#8614 = FILL_AREA_STYLE_COLOUR ( '', #3399 ) ;
#8615 =( GEOMETRIC_REPRESENTATION_CONTEXT ( 3 ) GLOBAL_UNCERTAINTY_ASSIGNED_CONTEXT ( ( #871 ) ) GLOBAL_UNIT_ASSIGNED_CONTEXT ( ( #1703, #3731, #856 ) ) REPRESENTATION_CONTEXT ( 'NONE', 'WORKASPACE' ) );
#8616 = DIRECTION ( 'NONE',  ( -0.4547764571107780207, 0.0000000000000000000, -0.8906056220672361468 ) ) ;
#8617 = CARTESIAN_POINT ( 'NONE',  ( 7.350000000000000533, 0.009999999999987104274, -12.19999999999999929 ) ) ;
#8618 = ADVANCED_FACE ( 'NONE', ( #9152 ), #6240, .F. ) ;
#8619 = FACE_OUTER_BOUND ( 'NONE', #1789, .T. ) ;
#8620 = DIRECTION ( 'NONE',  ( 0.0000000000000000000, -2.168404344970992105E-16, -1.000000000000000000 ) ) ;
#8621 =( LENGTH_UNIT ( ) NAMED_UNIT ( * ) SI_UNIT ( .MILLI., .METRE. ) );
#8622 = VERTEX_POINT ( 'NONE', #823 ) ;
#8623 = EDGE_CURVE ( 'NONE', #6237, #3622, #1731, .T. ) ;
#8624 = AXIS2_PLACEMENT_3D ( 'NONE', #4309, #433, #8106 ) ;
#8625 = LINE ( 'NONE', #460, #6021 ) ;
#8626 = PLANE ( 'NONE',  #9320 ) ;
#8627 = ORIENTED_EDGE ( 'NONE', *, *, #2060, .F. ) ;
#8628 = FACE_BOUND ( 'NONE', #4034, .T. ) ;
#8629 = PLANE ( 'NONE',  #7887 ) ;
#8630 = EDGE_CURVE ( 'NONE', #5173, #6507, #5536, .T. ) ;
#8631 = LINE ( 'NONE', #3830, #10853 ) ;
#8632 = CARTESIAN_POINT ( 'NONE',  ( 6.900000000000000355, 0.004999999999999999237, -12.20000000000249507 ) ) ;
#8633 = DIRECTION ( 'NONE',  ( -0.0000000000000000000, -0.0000000000000000000, 1.000000000000000000 ) ) ;
#8634 = EDGE_LOOP ( 'NONE', ( #6147, #2696, #4129, #7397, #3645, #9132, #201 ) ) ;
#8635 = ORIENTED_EDGE ( 'NONE', *, *, #6785, .T. ) ;
#8636 = DIRECTION ( 'NONE',  ( 0.0000000000000000000, 1.000000000000000000, 0.0000000000000000000 ) ) ;
#8637 = EDGE_LOOP ( 'NONE', ( #9107, #4908, #8595, #2499 ) ) ;
#8638 = CARTESIAN_POINT ( 'NONE',  ( 6.128655699321999606, 2.389799999999999702, -8.000000000000000000 ) ) ;
#8639 = PLANE ( 'NONE',  #6059 ) ;
#8640 = PRESENTATION_LAYER_ASSIGNMENT (  '', '', ( #644 ) ) ;
#8641 = VECTOR ( 'NONE', #2959, 1000.000000000000227 ) ;
#8642 = CARTESIAN_POINT ( 'NONE',  ( 4.299999999999999822, 0.8200000000000300382, -0.2500000000000002220 ) ) ;
#8643 = VERTEX_POINT ( 'NONE', #7190 ) ;
#8644 = LINE ( 'NONE', #2158, #1442 ) ;
#8645 = SURFACE_SIDE_STYLE ('',( #3177 ) ) ;
#8646 = ORIENTED_EDGE ( 'NONE', *, *, #10427, .F. ) ;
#8647 = DIRECTION ( 'NONE',  ( 0.0000000000000000000, 0.0000000000000000000, -1.000000000000000000 ) ) ;
#8648 = CARTESIAN_POINT ( 'NONE',  ( 8.729166603088337695, 2.394999999999999574, -6.391489386558549590 ) ) ;
#8649 = EDGE_CURVE ( 'NONE', #3815, #2033, #10827, .T. ) ;
#8650 = DIRECTION ( 'NONE',  ( 0.0000000000000000000, 0.0000000000000000000, 1.000000000000000000 ) ) ;
#8651 = PLANE ( 'NONE',  #8722 ) ;
#8652 = ORIENTED_EDGE ( 'NONE', *, *, #5813, .T. ) ;
#8653 = EDGE_LOOP ( 'NONE', ( #1813, #5575, #7380, #1870 ) ) ;
#8654 = ORIENTED_EDGE ( 'NONE', *, *, #2251, .T. ) ;
#8655 = CARTESIAN_POINT ( 'NONE',  ( 15.19557216271838307, 2.200679923596533971, -0.3688160056706367707 ) ) ;
#8656 = COLOUR_RGB ( '',0.8313725490196077761, 0.8509803921568627194, 0.8313725490196077761 ) ;
#8657 = CARTESIAN_POINT ( 'NONE',  ( 12.80000000000000071, 0.8200000000000300382, 1.215596970137854117E-45 ) ) ;
#8658 = VERTEX_POINT ( 'NONE', #2796 ) ;
#8659 = LINE ( 'NONE', #11641, #9809 ) ;
#8660 = ORIENTED_EDGE ( 'NONE', *, *, #1425, .T. ) ;
#8661 = CARTESIAN_POINT ( 'NONE',  ( 15.40000000000000036, 0.0000000000000000000, -12.20000000000155893 ) ) ;
#8662 = DIRECTION ( 'NONE',  ( -0.0000000000000000000, -1.000000000000000000, -0.0000000000000000000 ) ) ;
#8663 = PLANE ( 'NONE',  #8915 ) ;
#8664 = DIRECTION ( 'NONE',  ( -0.3102789952927795802, 0.0000000000000000000, 0.9506455412403211902 ) ) ;
#8665 = VERTEX_POINT ( 'NONE', #8925 ) ;
#8666 = DIRECTION ( 'NONE',  ( -1.000000000000000000, -0.0000000000000000000, -0.0000000000000000000 ) ) ;
#8667 = DIRECTION ( 'NONE',  ( 0.6996255164478315525, 0.0000000000000000000, -0.7145097177331496408 ) ) ;
#8668 = DIRECTION ( 'NONE',  ( 1.000000000000000000, 0.0000000000000000000, 0.0000000000000000000 ) ) ;
#8669 =( NAMED_UNIT ( * ) PLANE_ANGLE_UNIT ( ) SI_UNIT ( $, .RADIAN. ) );
#8670 = CARTESIAN_POINT ( 'NONE',  ( 2.487500047683508964, 2.399999999999999911, -6.093617081642229039 ) ) ;
#8671 = CARTESIAN_POINT ( 'NONE',  ( 7.200000000000000178, 0.4100000000000150191, -12.19999999999999929 ) ) ;
#8672 = CARTESIAN_POINT ( 'NONE',  ( 9.055439006576003536, 2.389799999999999702, -6.087558975504999914 ) ) ;
#8673 = EDGE_CURVE ( 'NONE', #4319, #4851, #9938, .T. ) ;
#8674 = EDGE_CURVE ( 'NONE', #1165, #7688, #9089, .T. ) ;
#8675 = FILL_AREA_STYLE_COLOUR ( '', #7983 ) ;
#8676 = CARTESIAN_POINT ( 'NONE',  ( 9.920322254726000821, 2.389799999999999702, -8.000000000000000000 ) ) ;
#8677 = ORIENTED_EDGE ( 'NONE', *, *, #7580, .F. ) ;
#8678 = STYLED_ITEM ( 'NONE', ( #2564 ), #4817 ) ;
#8679 = DIRECTION ( 'NONE',  ( 0.5466232777021553524, -0.0000000000000000000, 0.8373786433114664973 ) ) ;
#8680 = DIRECTION ( 'NONE',  ( -0.0000000000000000000, -0.0000000000000000000, 1.000000000000000000 ) ) ;
#8681 = EDGE_CURVE ( 'NONE', #7584, #152, #3759, .T. ) ;
#8682 = ORIENTED_EDGE ( 'NONE', *, *, #2225, .F. ) ;
#8683 =( NAMED_UNIT ( * ) PLANE_ANGLE_UNIT ( ) SI_UNIT ( $, .RADIAN. ) );
#8684 = EDGE_CURVE ( 'NONE', #6074, #6031, #114, .T. ) ;
#8685 = EDGE_CURVE ( 'NONE', #1255, #4531, #3465, .T. ) ;
#8686 = DIRECTION ( 'NONE',  ( -0.6379970942929648059, 0.0000000000000000000, -0.7700387702406508161 ) ) ;
#8687 = CARTESIAN_POINT ( 'NONE',  ( 1.399999999999999911, 0.0000000000000000000, -6.100000000000000533 ) ) ;
#8688 = VECTOR ( 'NONE', #148, 1000.000000000000227 ) ;
#8689 = CARTESIAN_POINT ( 'NONE',  ( 8.588772451171998057, 2.389799999999999702, -7.636495086240000063 ) ) ;
#8690 = ORIENTED_EDGE ( 'NONE', *, *, #1425, .F. ) ;
#8691 = ORIENTED_EDGE ( 'NONE', *, *, #3236, .F. ) ;
#8692 = ORIENTED_EDGE ( 'NONE', *, *, #8490, .F. ) ;
#8693 = CARTESIAN_POINT ( 'NONE',  ( 0.6466590002290037997, 2.399988896777238701, -0.6523561596084570535 ) ) ;
#8694 = CARTESIAN_POINT ( 'NONE',  ( 15.25000000000000000, 0.8200000000000210454, -0.4000000000000000777 ) ) ;
#8695 = EDGE_CURVE ( 'NONE', #11310, #1756, #8147, .T. ) ;
#8696 = DIRECTION ( 'NONE',  ( -0.0000000000000000000, 1.000000000000000000, -0.0000000000000000000 ) ) ;
#8697 = COLOUR_RGB ( '',0.0000000000000000000, 0.0000000000000000000, 0.0000000000000000000 ) ;
#8698 = ORIENTED_EDGE ( 'NONE', *, *, #1398, .F. ) ;
#8699 =( NAMED_UNIT ( * ) SI_UNIT ( $, .STERADIAN. ) SOLID_ANGLE_UNIT ( ) );
#8700 = FILL_AREA_STYLE ('',( #8527 ) ) ;
#8701 = ORIENTED_EDGE ( 'NONE', *, *, #1566, .F. ) ;
#8702 = DIRECTION ( 'NONE',  ( -0.6506286119004005553, 0.0000000000000000000, 0.7593960820129097566 ) ) ;
#8703 = CARTESIAN_POINT ( 'NONE',  ( 14.59999999999999964, 0.009999999999999989800, -12.19999999999999751 ) ) ;
#8704 = CARTESIAN_POINT ( 'NONE',  ( 11.17916676998000014, 2.389999999999999680, -6.838297885656499986 ) ) ;
#8705 = DIRECTION ( 'NONE',  ( -1.000000000000000000, -0.0000000000000000000, -0.0000000000000000000 ) ) ;
#8706 = ORIENTED_EDGE ( 'NONE', *, *, #7290, .T. ) ;
#8707 = EDGE_LOOP ( 'NONE', ( #666, #11261, #7278, #2406 ) ) ;
#8708 = ORIENTED_EDGE ( 'NONE', *, *, #927, .T. ) ;
#8709 = PRESENTATION_LAYER_ASSIGNMENT (  '', '', ( #2057 ) ) ;
#8710 = ORIENTED_EDGE ( 'NONE', *, *, #5203, .F. ) ;
#8711 = FACE_OUTER_BOUND ( 'NONE', #9650, .T. ) ;
#8712 = VECTOR ( 'NONE', #2373, 1000.000000000000000 ) ;
#8713 = CARTESIAN_POINT ( 'NONE',  ( 8.087500047683450433, 2.399999999999999911, -7.523404270410723349 ) ) ;
#8714 = ADVANCED_FACE ( 'NONE', ( #4632 ), #8264, .T. ) ;
#8715 = CARTESIAN_POINT ( 'NONE',  ( 2.799999999999999822, 0.009999999999999998473, -11.75000000000000178 ) ) ;
#8716 = ORIENTED_EDGE ( 'NONE', *, *, #6832, .F. ) ;
#8717 = PLANE ( 'NONE',  #1635 ) ;
#8718 = ORIENTED_EDGE ( 'NONE', *, *, #1124, .T. ) ;
#8719 = PRESENTATION_STYLE_ASSIGNMENT (( #1524 ) ) ;
#8720 = FACE_OUTER_BOUND ( 'NONE', #10246, .T. ) ;
#8721 = SURFACE_STYLE_FILL_AREA ( #4973 ) ;
#8722 = AXIS2_PLACEMENT_3D ( 'NONE', #3957, #3060, #4955 ) ;
#8723 = CARTESIAN_POINT ( 'NONE',  ( 0.7500000000000000000, 0.8200000000000210454, -0.3999999999999999667 ) ) ;
#8724 = ORIENTED_EDGE ( 'NONE', *, *, #5099, .F. ) ;
#8725 = CARTESIAN_POINT ( 'NONE',  ( 10.60000000000000142, 0.8200000000000300382, -12.19999999999999929 ) ) ;
#8726 = UNCERTAINTY_MEASURE_WITH_UNIT (LENGTH_MEASURE( 1.000000000000000082E-05 ), #900, 'distance_accuracy_value', 'NONE');
#8727 = VECTOR ( 'NONE', #9687, 1000.000000000000000 ) ;
#8728 = CARTESIAN_POINT ( 'NONE',  ( 1.850000000000001421, 0.8200000000000149392, -12.19999999999999929 ) ) ;
#8729 = CIRCLE ( 'NONE', #10426, 0.2499999999999997780 ) ;
#8730 = DIRECTION ( 'NONE',  ( 1.000000000000000000, 0.0000000000000000000, 0.0000000000000000000 ) ) ;
#8731 = PLANE ( 'NONE',  #4571 ) ;
#8732 = PLANE ( 'NONE',  #5469 ) ;
#8733 = PRESENTATION_LAYER_ASSIGNMENT (  '', '', ( #2667 ) ) ;
#8734 = LINE ( 'NONE', #7959, #2776 ) ;
#8735 = CARTESIAN_POINT ( 'NONE',  ( 7.270833158493000603, 2.389999999999999680, -5.199999999999999289 ) ) ;
#8736 = SURFACE_STYLE_FILL_AREA ( #5231 ) ;
#8737 = DIRECTION ( 'NONE',  ( -1.000000000000000000, 0.0000000000000000000, 0.0000000000000000000 ) ) ;
#8738 = ORIENTED_EDGE ( 'NONE', *, *, #10504, .T. ) ;
#8739 = VECTOR ( 'NONE', #6899, 1000.000000000000000 ) ;
#8740 = FILL_AREA_STYLE ('',( #1481 ) ) ;
#8741 = EDGE_CURVE ( 'NONE', #5131, #10405, #9479, .T. ) ;
#8742 = DIRECTION ( 'NONE',  ( 0.0000000000000000000, -1.000000000000000000, 2.168404344970991858E-16 ) ) ;
#8743 = AXIS2_PLACEMENT_3D ( 'NONE', #6418, #3705, #7312 ) ;
#8744 = ORIENTED_EDGE ( 'NONE', *, *, #8423, .T. ) ;
#8745 = DIRECTION ( 'NONE',  ( -1.000000000000000000, 0.0000000000000000000, 0.0000000000000000000 ) ) ;
#8746 = PLANE ( 'NONE',  #4096 ) ;
#8747 = CARTESIAN_POINT ( 'NONE',  ( -0.3200000000000000622, -0.02448876244737000288, 0.0000000000000000000 ) ) ;
#8748 = DIRECTION ( 'NONE',  ( 1.000000000000000000, -0.0000000000000000000, -0.0000000000000000000 ) ) ;
#8749 = DIRECTION ( 'NONE',  ( 0.2473831068382747189, -0.0000000000000000000, 0.9689177459676557858 ) ) ;
#8750 = STYLED_ITEM ( 'NONE', ( #8315 ), #6129 ) ;
#8751 = ORIENTED_EDGE ( 'NONE', *, *, #8492, .F. ) ;
#8752 = EDGE_CURVE ( 'NONE', #6261, #667, #10167, .T. ) ;
#8753 = ORIENTED_EDGE ( 'NONE', *, *, #113, .T. ) ;
#8754 = LINE ( 'NONE', #592, #3960 ) ;
#8755 = ORIENTED_EDGE ( 'NONE', *, *, #8321, .F. ) ;
#8756 = CARTESIAN_POINT ( 'NONE',  ( 13.24107578127000195, 2.389799999999999702, -7.807494542651999936 ) ) ;
#8757 = CARTESIAN_POINT ( 'NONE',  ( 4.299999999999999822, 0.8200000000000300382, -12.19999999999999929 ) ) ;
#8758 = EDGE_CURVE ( 'NONE', #5857, #9605, #11577, .T. ) ;
#8759 = EDGE_CURVE ( 'NONE', #7828, #11065, #11352, .T. ) ;
#8760 = VECTOR ( 'NONE', #11077, 1000.000000000000114 ) ;
#8761 = CARTESIAN_POINT ( 'NONE',  ( 6.011988810131000172, 2.389799999999999702, -6.331914925574999131 ) ) ;
#8762 = VECTOR ( 'NONE', #1164, 1000.000000000000000 ) ;
#8763 = ORIENTED_EDGE ( 'NONE', *, *, #6851, .F. ) ;
#8764 = SURFACE_STYLE_USAGE ( .BOTH. , #6969 ) ;
#8765 = LINE ( 'NONE', #4188, #2201 ) ;
#8766 = ORIENTED_EDGE ( 'NONE', *, *, #10100, .T. ) ;
#8767 = PLANE ( 'NONE',  #9199 ) ;
#8768 = CARTESIAN_POINT ( 'NONE',  ( 2.349999999999999645, 0.8200000000000149392, -3.256119351777732894E-30 ) ) ;
#8769 = MECHANICAL_DESIGN_GEOMETRIC_PRESENTATION_REPRESENTATION (  '', ( #2114 ), #776 ) ;
#8770 = DIRECTION ( 'NONE',  ( 0.0000000000000000000, 0.0000000000000000000, -1.000000000000000000 ) ) ;
#8771 = FILL_AREA_STYLE ('',( #9839 ) ) ;
#8772 = ORIENTED_EDGE ( 'NONE', *, *, #7646, .T. ) ;
#8773 = EDGE_CURVE ( 'NONE', #3716, #5486, #6812, .T. ) ;
#8774 = EDGE_LOOP ( 'NONE', ( #7379, #3013, #7394, #3958 ) ) ;
#8775 = ORIENTED_EDGE ( 'NONE', *, *, #5342, .T. ) ;
#8776 = AXIS2_PLACEMENT_3D ( 'NONE', #8075, #11712, #34 ) ;
#8777 = ORIENTED_EDGE ( 'NONE', *, *, #2726, .T. ) ;
#8778 = DIRECTION ( 'NONE',  ( 0.0000000000000000000, 0.0000000000000000000, -1.000000000000000000 ) ) ;
#8779 = EDGE_CURVE ( 'NONE', #4317, #4018, #228, .T. ) ;
#8780 =( LENGTH_UNIT ( ) NAMED_UNIT ( * ) SI_UNIT ( .MILLI., .METRE. ) );
#8781 = DIRECTION ( 'NONE',  ( 0.0000000000000000000, 0.0000000000000000000, -1.000000000000000000 ) ) ;
#8782 = ORIENTED_EDGE ( 'NONE', *, *, #10909, .T. ) ;
#8783 = DIRECTION ( 'NONE',  ( -1.000000000000000000, 0.0000000000000000000, 0.0000000000000000000 ) ) ;
#8784 = VERTEX_POINT ( 'NONE', #2239 ) ;
#8785 = VECTOR ( 'NONE', #9792, 1000.000000000000000 ) ;
#8786 = DIRECTION ( 'NONE',  ( -0.0000000000000000000, 1.000000000000000000, -0.0000000000000000000 ) ) ;
#8787 = CARTESIAN_POINT ( 'NONE',  ( 12.05416676998000014, 2.399999999999999911, -0.4330000000000000515 ) ) ;
#8788 = LINE ( 'NONE', #623, #9381 ) ;
#8789 = EDGE_CURVE ( 'NONE', #2328, #11643, #2303, .T. ) ;
#8790 = DIRECTION ( 'NONE',  ( -0.9713210491253839729, 0.0000000000000000000, 0.2377717803398113894 ) ) ;
#8791 = ORIENTED_EDGE ( 'NONE', *, *, #7348, .T. ) ;
#8792 = LINE ( 'NONE', #564, #3070 ) ;
#8793 = VECTOR ( 'NONE', #5759, 1000.000000000000000 ) ;
#8794 = DIRECTION ( 'NONE',  ( 1.000000000000000000, 0.0000000000000000000, 0.0000000000000000000 ) ) ;
#8795 = DIRECTION ( 'NONE',  ( 0.0000000000000000000, 1.000000000000000000, 0.0000000000000000000 ) ) ;
#8796 = LINE ( 'NONE', #10643, #9721 ) ;
#8797 = PLANE ( 'NONE',  #6414 ) ;
#8798 = DIRECTION ( 'NONE',  ( 0.9689178100271571559, 0.0000000000000000000, -0.2473828559382759418 ) ) ;
#8799 = CARTESIAN_POINT ( 'NONE',  ( 5.399999999999999467, 0.009999999999999998473, -0.9000000000000001332 ) ) ;
#8800 = VECTOR ( 'NONE', #6341, 1000.000000000000000 ) ;
#8801 = ADVANCED_FACE ( 'NONE', ( #5864 ), #8663, .F. ) ;
#8802 = CARTESIAN_POINT ( 'NONE',  ( 6.804166936874000093, 2.399999999999999911, -0.4330000000000000515 ) ) ;
#8803 = DIRECTION ( 'NONE',  ( 0.0000000000000000000, -1.000000000000000000, 0.0000000000000000000 ) ) ;
#8804 = VERTEX_POINT ( 'NONE', #5093 ) ;
#8805 = DIRECTION ( 'NONE',  ( 0.0000000000000000000, -1.000000000000000000, 2.168404344971006896E-16 ) ) ;
#8806 = LINE ( 'NONE', #5946, #10461 ) ;
#8807 = VERTEX_POINT ( 'NONE', #9560 ) ;
#8808 = DIRECTION ( 'NONE',  ( 1.000000000000000000, 0.0000000000000000000, 0.0000000000000000000 ) ) ;
#8809 = FACE_OUTER_BOUND ( 'NONE', #10613, .T. ) ;
#8810 =( NAMED_UNIT ( * ) PLANE_ANGLE_UNIT ( ) SI_UNIT ( $, .RADIAN. ) );
#8811 = ADVANCED_FACE ( 'NONE', ( #7768 ), #3817, .F. ) ;
#8812 = CARTESIAN_POINT ( 'NONE',  ( 5.870833492279000865, 2.399999999999999911, -7.761702135205000630 ) ) ;
#8813 = LINE ( 'NONE', #4412, #4371 ) ;
#8814 = VECTOR ( 'NONE', #4784, 1000.000000000000114 ) ;
#8815 = ORIENTED_EDGE ( 'NONE', *, *, #5195, .F. ) ;
#8816 = VERTEX_POINT ( 'NONE', #6529 ) ;
#8817 = DIRECTION ( 'NONE',  ( 9.403954806578308822E-32, 1.000000000000000000, -2.168404344971010101E-16 ) ) ;
#8818 = ORIENTED_EDGE ( 'NONE', *, *, #5058, .F. ) ;
#8819 = DIRECTION ( 'NONE',  ( 1.000000000000000000, -0.0000000000000000000, -0.0000000000000000000 ) ) ;
#8820 = CARTESIAN_POINT ( 'NONE',  ( 5.150000000000000355, 0.009999999999987104274, 2.792598419361491987E-30 ) ) ;
#8821 = ORIENTED_EDGE ( 'NONE', *, *, #4637, .F. ) ;
#8822 = PLANE ( 'NONE',  #2777 ) ;
#8823 = CARTESIAN_POINT ( 'NONE',  ( 6.099999999999999645, 0.0000000000000000000, -6.099999999999998757 ) ) ;
#8824 = VERTEX_POINT ( 'NONE', #9502 ) ;
#8825 = CARTESIAN_POINT ( 'NONE',  ( 1.399999999999760103, 0.009999999999999998473, -11.29999999999918003 ) ) ;
#8826 = DIRECTION ( 'NONE',  ( -0.0000000000000000000, -1.000000000000000000, -0.0000000000000000000 ) ) ;
#8827 = ADVANCED_FACE ( 'NONE', ( #10574 ), #5986, .F. ) ;
#8828 = CARTESIAN_POINT ( 'NONE',  ( 7.599999999999998757, 0.8200000000000299272, -0.2499999999999993616 ) ) ;
#8829 = EDGE_CURVE ( 'NONE', #9466, #8129, #4269, .T. ) ;
#8830 = DIRECTION ( 'NONE',  ( 0.0000000000000000000, -1.000000000000000000, 2.168404344971006649E-16 ) ) ;
#8831 = VERTEX_POINT ( 'NONE', #3505 ) ;
#8832 = ORIENTED_EDGE ( 'NONE', *, *, #10652, .T. ) ;
#8833 = ORIENTED_EDGE ( 'NONE', *, *, #3255, .F. ) ;
#8834 = VECTOR ( 'NONE', #658, 1000.000000000000000 ) ;
#8835 = DIRECTION ( 'NONE',  ( 0.2377704967233433830, 0.0000000000000000000, 0.9713213633437363104 ) ) ;
#8836 = CARTESIAN_POINT ( 'NONE',  ( 15.50138982046961722, 2.296282059590973201, -0.4840453280284239268 ) ) ;
#8837 = CARTESIAN_POINT ( 'NONE',  ( 12.15059101545000075, 2.389799999999999702, -7.569196677970999154 ) ) ;
#8838 = EDGE_CURVE ( 'NONE', #489, #8247, #10807, .T. ) ;
#8839 = ORIENTED_EDGE ( 'NONE', *, *, #2436, .F. ) ;
#8840 = DIRECTION ( 'NONE',  ( 0.0000000000000000000, -1.000000000000000000, 2.168404344971006649E-16 ) ) ;
#8841 = ORIENTED_EDGE ( 'NONE', *, *, #11300, .F. ) ;
#8842 = DIRECTION ( 'NONE',  ( -1.000000000000000000, 0.0000000000000000000, 0.0000000000000000000 ) ) ;
#8843 = PRESENTATION_LAYER_ASSIGNMENT (  '', '', ( #847 ) ) ;
#8844 = CARTESIAN_POINT ( 'NONE',  ( 0.7500000000000054401, 2.149999999999999911, -0.3999999999999999667 ) ) ;
#8845 = LINE ( 'NONE', #8563, #1203 ) ;
#8846 = ADVANCED_FACE ( 'NONE', ( #7167 ), #2486, .T. ) ;
#8847 = DIRECTION ( 'NONE',  ( 0.0000000000000000000, 1.000000000000000000, 0.0000000000000000000 ) ) ;
#8848 = CARTESIAN_POINT ( 'NONE',  ( 15.40000000000000036, 0.004999999999999999237, -0.9000000000000298872 ) ) ;
#8849 = ORIENTED_EDGE ( 'NONE', *, *, #2733, .F. ) ;
#8850 = UNCERTAINTY_MEASURE_WITH_UNIT (LENGTH_MEASURE( 1.000000000000000082E-05 ), #6820, 'distance_accuracy_value', 'NONE');
#8851 = CARTESIAN_POINT ( 'NONE',  ( 8.000000000000000000, 0.0000000000000000000, 0.0000000000000000000 ) ) ;
#8852 = CARTESIAN_POINT ( 'NONE',  ( 0.5840453280283495197, 2.296282059590948776, -0.3986101795303863549 ) ) ;
#8853 = DIRECTION ( 'NONE',  ( 0.0000000000000000000, 1.000000000000000000, 0.0000000000000000000 ) ) ;
#8854 = EDGE_CURVE ( 'NONE', #1991, #6617, #7890, .T. ) ;
#8855 = EDGE_CURVE ( 'NONE', #1073, #10663, #2608, .T. ) ;
#8856 = LINE ( 'NONE', #1418, #11757 ) ;
#8857 = LINE ( 'NONE', #11361, #7512 ) ;
#8858 = AXIS2_PLACEMENT_3D ( 'NONE', #8913, #2618, #9079 ) ;
#8859 = PRESENTATION_STYLE_ASSIGNMENT (( #9815 ) ) ;
#8860 = VECTOR ( 'NONE', #9101, 1000.000000000000227 ) ;
#8861 = VECTOR ( 'NONE', #10164, 1000.000000000000000 ) ;
#8862 =( LENGTH_UNIT ( ) NAMED_UNIT ( * ) SI_UNIT ( .MILLI., .METRE. ) );
#8863 = CARTESIAN_POINT ( 'NONE',  ( 2.800000000000231637, 0.009999999999999998473, -0.9000000000000001332 ) ) ;
#8864 = UNCERTAINTY_MEASURE_WITH_UNIT (LENGTH_MEASURE( 1.000000000000000082E-05 ), #5668, 'distance_accuracy_value', 'NONE');
#8865 = ORIENTED_EDGE ( 'NONE', *, *, #1805, .F. ) ;
#8866 = PLANE ( 'NONE',  #9063 ) ;
#8867 = DIRECTION ( 'NONE',  ( 0.0000000000000000000, -4.336808689942028583E-16, -1.000000000000000000 ) ) ;
#8868 = EDGE_CURVE ( 'NONE', #4107, #2984, #1704, .T. ) ;
#8869 = EDGE_CURVE ( 'NONE', #649, #3716, #10635, .T. ) ;
#8870 = ORIENTED_EDGE ( 'NONE', *, *, #9415, .T. ) ;
#8871 = FILL_AREA_STYLE_COLOUR ( '', #6929 ) ;
#8872 = DIRECTION ( 'NONE',  ( 0.0000000000000000000, 0.0000000000000000000, -1.000000000000000000 ) ) ;
#8873 = DIRECTION ( 'NONE',  ( 0.0000000000000000000, -2.168404344971010840E-16, -1.000000000000000000 ) ) ;
#8874 = CARTESIAN_POINT ( 'NONE',  ( 3.600000000000000089, 0.4100000000000149636, 0.0000000000000000000 ) ) ;
#8875 = ORIENTED_EDGE ( 'NONE', *, *, #5284, .T. ) ;
#8876 = ORIENTED_EDGE ( 'NONE', *, *, #10869, .T. ) ;
#8877 =( LENGTH_UNIT ( ) NAMED_UNIT ( * ) SI_UNIT ( .MILLI., .METRE. ) );
#8878 = ORIENTED_EDGE ( 'NONE', *, *, #4533, .F. ) ;
#8879 = CARTESIAN_POINT ( 'NONE',  ( 4.487166482925001532, 2.389799999999999702, -6.074553252458999353 ) ) ;
#8880 = LINE ( 'NONE', #7026, #4171 ) ;
#8881 = CYLINDRICAL_SURFACE ( 'NONE', #10986, 0.2500000000000019429 ) ;
#8882 = VERTEX_POINT ( 'NONE', #4440 ) ;
#8883 = CARTESIAN_POINT ( 'NONE',  ( 12.05416676998000014, 2.389999999999999680, -6.748936194181499815 ) ) ;
#8884 = ORIENTED_EDGE ( 'NONE', *, *, #9462, .F. ) ;
#8885 = AXIS2_PLACEMENT_3D ( 'NONE', #3965, #9433, #2954 ) ;
#8886 = DIRECTION ( 'NONE',  ( 0.0000000000000000000, 0.0000000000000000000, -1.000000000000000000 ) ) ;
#8887 = CARTESIAN_POINT ( 'NONE',  ( 0.6000000000000000888, 0.004999999999999999237, -11.29999999999750848 ) ) ;
#8888 = DIRECTION ( 'NONE',  ( -0.0000000000000000000, -1.000000000000000000, -0.0000000000000000000 ) ) ;
#8889 = CARTESIAN_POINT ( 'NONE',  ( 9.604166603088589937, 2.394999999999999574, -6.451063847542242158 ) ) ;
#8890 = VERTEX_POINT ( 'NONE', #9802 ) ;
#8891 = ORIENTED_EDGE ( 'NONE', *, *, #6717, .T. ) ;
#8892 = VERTEX_POINT ( 'NONE', #8068 ) ;
#8893 = FACE_OUTER_BOUND ( 'NONE', #5964, .T. ) ;
#8894 = AXIS2_PLACEMENT_3D ( 'NONE', #6942, #2431, #10760 ) ;
#8895 = EDGE_CURVE ( 'NONE', #441, #11703, #1768, .T. ) ;
#8896 = CARTESIAN_POINT ( 'NONE',  ( 12.34583340883582281, 2.394999999999999574, -7.940425533801642288 ) ) ;
#8897 = ORIENTED_EDGE ( 'NONE', *, *, #11308, .F. ) ;
#8898 = DIRECTION ( 'NONE',  ( 0.0000000000000000000, -2.168404344971006896E-16, -1.000000000000000000 ) ) ;
#8899 = ORIENTED_EDGE ( 'NONE', *, *, #6943, .F. ) ;
#8900 = CARTESIAN_POINT ( 'NONE',  ( 0.4599999999999999645, 2.399999999999999911, -8.000000000000000000 ) ) ;
#8901 = DIRECTION ( 'NONE',  ( -0.0000000000000000000, -1.000000000000000000, -0.0000000000000000000 ) ) ;
#8902 = CARTESIAN_POINT ( 'NONE',  ( 6.337500047683999327, 2.389999999999999680, -7.582978731394000249 ) ) ;
#8903 = AXIS2_PLACEMENT_3D ( 'NONE', #10051, #5532, #10115 ) ;
#8904 = ORIENTED_EDGE ( 'NONE', *, *, #10867, .T. ) ;
#8905 = VECTOR ( 'NONE', #9511, 1000.000000000000000 ) ;
#8906 = DIRECTION ( 'NONE',  ( -0.0000000000000000000, -0.0000000000000000000, 1.000000000000000000 ) ) ;
#8907 = EDGE_LOOP ( 'NONE', ( #3890, #7937, #10539, #6876 ) ) ;
#8908 = EDGE_CURVE ( 'NONE', #11005, #11649, #738, .T. ) ;
#8909 = PLANE ( 'NONE',  #6863 ) ;
#8910 = EDGE_CURVE ( 'NONE', #701, #4107, #857, .T. ) ;
#8911 = CARTESIAN_POINT ( 'NONE',  ( 0.4672519428911173778, 2.318022385768368387, -0.5870853751106235308 ) ) ;
#8912 = EDGE_CURVE ( 'NONE', #1580, #4948, #2546, .T. ) ;
#8913 = CARTESIAN_POINT ( 'NONE',  ( 5.661227641991000148, 2.389799999999999702, -8.006058114770999268 ) ) ;
#8914 = CARTESIAN_POINT ( 'NONE',  ( 14.15000000000000036, 0.009999999999987104274, 2.792598419361491987E-30 ) ) ;
#8915 = AXIS2_PLACEMENT_3D ( 'NONE', #3873, #500, #5926 ) ;
#8916 = EDGE_CURVE ( 'NONE', #1861, #5499, #3617, .T. ) ;
#8917 = CYLINDRICAL_SURFACE ( 'NONE', #3014, 0.2500000000000002220 ) ;
#8918 = VECTOR ( 'NONE', #10356, 1000.000000000000000 ) ;
#8919 = DIRECTION ( 'NONE',  ( 0.4397141413118886843, 0.0000000000000000000, 0.8981377811507254005 ) ) ;
#8920 = AXIS2_PLACEMENT_3D ( 'NONE', #1508, #10790, #6028 ) ;
#8921 = EDGE_CURVE ( 'NONE', #7350, #2268, #9744, .T. ) ;
#8922 = CARTESIAN_POINT ( 'NONE',  ( 6.750000000000000888, 0.8200000000000149392, -12.19999999999999929 ) ) ;
#8923 = VECTOR ( 'NONE', #1533, 1000.000000000000114 ) ;
#8924 = CARTESIAN_POINT ( 'NONE',  ( 7.599999999999998757, 0.009999999999974222217, 1.756407519426636745E-16 ) ) ;
#8925 = CARTESIAN_POINT ( 'NONE',  ( 13.04583336711003483, 2.389999999999999680, -7.940425533801716895 ) ) ;
#8926 = AXIS2_PLACEMENT_3D ( 'NONE', #1901, #4633, #5530 ) ;
#8927 = DIRECTION ( 'NONE',  ( -0.0000000000000000000, -1.000000000000000000, 0.0000000000000000000 ) ) ;
#8928 = CARTESIAN_POINT ( 'NONE',  ( 16.32000000000000028, -0.02448876244737000288, -12.19999999999999929 ) ) ;
#8929 = ORIENTED_EDGE ( 'NONE', *, *, #468, .T. ) ;
#8930 = ORIENTED_EDGE ( 'NONE', *, *, #4421, .F. ) ;
#8931 = EDGE_CURVE ( 'NONE', #1171, #9156, #1528, .T. ) ;
#8932 = CARTESIAN_POINT ( 'NONE',  ( 0.6000000000000000888, 0.009999999999999998473, -11.75000000000000178 ) ) ;
#8933 = VERTEX_POINT ( 'NONE', #6989 ) ;
#8934 = FACE_OUTER_BOUND ( 'NONE', #8707, .T. ) ;
#8935 =( NAMED_UNIT ( * ) PLANE_ANGLE_UNIT ( ) SI_UNIT ( $, .RADIAN. ) );
#8936 = CARTESIAN_POINT ( 'NONE',  ( 1.850000000000002309, 0.4100000000000150191, -12.19999999999999929 ) ) ;
#8937 = VERTEX_POINT ( 'NONE', #683 ) ;
#8938 = LINE ( 'NONE', #5253, #2400 ) ;
#8939 = VERTEX_POINT ( 'NONE', #4323 ) ;
#8940 = DIRECTION ( 'NONE',  ( 0.0000000000000000000, -1.000000000000000000, 2.168404344971006649E-16 ) ) ;
#8941 = STYLED_ITEM ( 'NONE', ( #1459 ), #5546 ) ;
#8942 = DIRECTION ( 'NONE',  ( 0.0000000000000000000, -2.168404344971006896E-16, -1.000000000000000000 ) ) ;
#8943 = DIRECTION ( 'NONE',  ( 1.000000000000000000, 0.0000000000000000000, 0.0000000000000000000 ) ) ;
#8944 = CARTESIAN_POINT ( 'NONE',  ( 6.454166936874025318, 2.389999999999999680, -6.689361691474782212 ) ) ;
#8945 = ORIENTED_EDGE ( 'NONE', *, *, #10516, .F. ) ;
#8946 = VERTEX_POINT ( 'NONE', #3672 ) ;
#8947 = ORIENTED_EDGE ( 'NONE', *, *, #6873, .T. ) ;
#8948 = MECHANICAL_DESIGN_GEOMETRIC_PRESENTATION_REPRESENTATION (  '', ( #4006 ), #9324 ) ;
#8949 = AXIS2_PLACEMENT_3D ( 'NONE', #3868, #7478, #8499 ) ;
#8950 = CARTESIAN_POINT ( 'NONE',  ( 8.729166603087666232, 2.399999999999999911, -6.093617081641847122 ) ) ;
#8951 = VERTEX_POINT ( 'NONE', #7277 ) ;
#8952 = DIRECTION ( 'NONE',  ( 1.000000000000000000, 0.0000000000000000000, 0.0000000000000000000 ) ) ;
#8953 = AXIS2_PLACEMENT_3D ( 'NONE', #1488, #11496, #9766 ) ;
#8954 = ORIENTED_EDGE ( 'NONE', *, *, #8174, .F. ) ;
#8955 = DIRECTION ( 'NONE',  ( 0.0000000000000000000, -4.336808689941998508E-16, -1.000000000000000000 ) ) ;
#8956 = CARTESIAN_POINT ( 'NONE',  ( 0.7500000000000000000, 2.149999999999998579, -11.50000000000000178 ) ) ;
#8957 = CARTESIAN_POINT ( 'NONE',  ( 12.40000000000000213, 0.009999999999999998473, -11.29999999999833982 ) ) ;
#8958 = CARTESIAN_POINT ( 'NONE',  ( 5.258333492279000154, 2.399999999999999911, -6.808510613441499437 ) ) ;
#8959 = VECTOR ( 'NONE', #3129, 1000.000000000000000 ) ;
#8960 = ORIENTED_EDGE ( 'NONE', *, *, #2263, .F. ) ;
#8961 = VERTEX_POINT ( 'NONE', #26 ) ;
#8962 = ADVANCED_FACE ( 'NONE', ( #6506 ), #7336, .F. ) ;
#8963 = ORIENTED_EDGE ( 'NONE', *, *, #10521, .T. ) ;
#8964 = UNCERTAINTY_MEASURE_WITH_UNIT (LENGTH_MEASURE( 1.000000000000000082E-05 ), #10723, 'distance_accuracy_value', 'NONE');
#8965 = CARTESIAN_POINT ( 'NONE',  ( 0.4599999999999999645, 2.399999999999999911, -6.987234079837999268 ) ) ;
#8966 = CARTESIAN_POINT ( 'NONE',  ( 2.949999999999999289, 0.4100000000000150191, 0.0000000000000000000 ) ) ;
#8967 = CARTESIAN_POINT ( 'NONE',  ( 0.9999999999998000488, 0.009999999999999998473, -0.9000000000000001332 ) ) ;
#8968 = VECTOR ( 'NONE', #1402, 1000.000000000000000 ) ;
#8969 = CARTESIAN_POINT ( 'NONE',  ( 8.000000000000000000, 0.0000000000000000000, -12.19999999999999929 ) ) ;
#8970 = EDGE_CURVE ( 'NONE', #4647, #8804, #7393, .T. ) ;
#8971 = FACE_OUTER_BOUND ( 'NONE', #2978, .T. ) ;
#8972 = EDGE_CURVE ( 'NONE', #4247, #7114, #1933, .T. ) ;
#8973 = EDGE_CURVE ( 'NONE', #555, #3661, #3794, .T. ) ;
#8974 = FACE_BOUND ( 'NONE', #6259, .T. ) ;
#8975 = VECTOR ( 'NONE', #476, 1000.000000000000000 ) ;
#8976 = CARTESIAN_POINT ( 'NONE',  ( 12.57916668653017211, 2.399999999999999911, -7.761702135204322062 ) ) ;
#8977 = UNCERTAINTY_MEASURE_WITH_UNIT (LENGTH_MEASURE( 1.000000000000000082E-05 ), #5748, 'distance_accuracy_value', 'NONE');
#8978 = VECTOR ( 'NONE', #4207, 1000.000000000000000 ) ;
#8979 = EDGE_CURVE ( 'NONE', #4575, #361, #2948, .T. ) ;
#8980 = ORIENTED_EDGE ( 'NONE', *, *, #11555, .F. ) ;
#8981 = SURFACE_SIDE_STYLE ('',( #11667 ) ) ;
#8982 = DIRECTION ( 'NONE',  ( 0.8373786433114619454, 0.0000000000000000000, -0.5466232777021624578 ) ) ;
#8983 = CARTESIAN_POINT ( 'NONE',  ( 15.40000000000000036, 0.0000000000000000000, -6.099999999999999645 ) ) ;
#8984 = EDGE_CURVE ( 'NONE', #4531, #4076, #1306, .T. ) ;
#8985 = CARTESIAN_POINT ( 'NONE',  ( 13.51250004768000501, 2.389799999999999702, -6.069128319194999399 ) ) ;
#8986 = EDGE_LOOP ( 'NONE', ( #7649, #4424, #6437, #3858, #9497, #2149, #8360, #10746 ) ) ;
#8987 = VERTEX_POINT ( 'NONE', #4543 ) ;
#8988 = VERTEX_POINT ( 'NONE', #3907 ) ;
#8989 = ORIENTED_EDGE ( 'NONE', *, *, #7939, .F. ) ;
#8990 = VECTOR ( 'NONE', #8073, 1000.000000000000114 ) ;
#8991 = AXIS2_PLACEMENT_3D ( 'NONE', #3121, #10247, #6736 ) ;
#8992 = LINE ( 'NONE', #4418, #4728 ) ;
#8993 = PLANE ( 'NONE',  #8371 ) ;
#8994 = CARTESIAN_POINT ( 'NONE',  ( 12.80000000000000071, 0.8200000000000300382, -12.19999999999999929 ) ) ;
#8995 = EDGE_CURVE ( 'NONE', #3428, #11636, #9969, .T. ) ;
#8996 = VERTEX_POINT ( 'NONE', #3732 ) ;
#8997 = FACE_OUTER_BOUND ( 'NONE', #4244, .T. ) ;
#8998 = ADVANCED_FACE ( 'NONE', ( #10024 ), #10858, .F. ) ;
#8999 = PRESENTATION_LAYER_ASSIGNMENT (  '', '', ( #7105 ) ) ;
#9000 = SURFACE_SIDE_STYLE ('',( #2527 ) ) ;
#9001 = FACE_OUTER_BOUND ( 'NONE', #5361, .T. ) ;
#9002 = CARTESIAN_POINT ( 'NONE',  ( 8.320833492278829624, 2.394999999999999574, -7.821276596188369901 ) ) ;
#9003 =( LENGTH_UNIT ( ) NAMED_UNIT ( * ) SI_UNIT ( .MILLI., .METRE. ) );
#9004 = ORIENTED_EDGE ( 'NONE', *, *, #10561, .T. ) ;
#9005 = EDGE_LOOP ( 'NONE', ( #2774, #7560, #2649, #8690 ) ) ;
#9006 = EDGE_LOOP ( 'NONE', ( #980, #9301, #5439, #10117 ) ) ;
#9007 = PLANE ( 'NONE',  #4214 ) ;
#9008 = SURFACE_SIDE_STYLE ('',( #7271 ) ) ;
#9009 = STYLED_ITEM ( 'NONE', ( #7204 ), #3225 ) ;
#9010 = VECTOR ( 'NONE', #1898, 1000.000000000000000 ) ;
#9011 = CARTESIAN_POINT ( 'NONE',  ( 12.10000000000000320, 2.715799387134100462E-17, -12.20000000000062279 ) ) ;
#9012 = ORIENTED_EDGE ( 'NONE', *, *, #1042, .T. ) ;
#9013 = ADVANCED_FACE ( 'NONE', ( #10974 ), #8184, .F. ) ;
#9014 = ORIENTED_EDGE ( 'NONE', *, *, #8337, .T. ) ;
#9015 = DIRECTION ( 'NONE',  ( -1.000000000000000000, 0.0000000000000000000, 0.0000000000000000000 ) ) ;
#9016 = CYLINDRICAL_SURFACE ( 'NONE', #9563, 0.2499999999999997780 ) ;
#9017 = CARTESIAN_POINT ( 'NONE',  ( 6.500000000000000888, 0.009999999999974222217, 1.756407519426642415E-16 ) ) ;
#9018 = DIRECTION ( 'NONE',  ( 1.000000000000000000, -0.0000000000000000000, -0.0000000000000000000 ) ) ;
#9019 = ORIENTED_EDGE ( 'NONE', *, *, #168, .T. ) ;
#9020 = EDGE_LOOP ( 'NONE', ( #3702, #10476, #4845, #9363, #994, #8772, #70 ) ) ;
#9021 = VECTOR ( 'NONE', #2220, 1000.000000000000000 ) ;
#9022 = ORIENTED_EDGE ( 'NONE', *, *, #9931, .T. ) ;
#9023 = CARTESIAN_POINT ( 'NONE',  ( 13.65000000000000213, 0.009999999999987104274, -12.19999999999999929 ) ) ;
#9024 = STYLED_ITEM ( 'NONE', ( #8719 ), #1721 ) ;
#9025 = LINE ( 'NONE', #7284, #2238 ) ;
#9026 = CARTESIAN_POINT ( 'NONE',  ( 6.099999999999999645, 0.004999999999999999237, -3.388131789017201356E-18 ) ) ;
#9027 = VECTOR ( 'NONE', #6570, 1000.000000000000000 ) ;
#9028 = DIRECTION ( 'NONE',  ( 0.0000000000000000000, -1.000000000000000000, 2.168404344971014291E-16 ) ) ;
#9029 = PLANE ( 'NONE',  #1369 ) ;
#9030 = AXIS2_PLACEMENT_3D ( 'NONE', #10744, #2718, #10852 ) ;
#9031 = EDGE_LOOP ( 'NONE', ( #11019, #5510, #10776, #5329 ) ) ;
#9032 = LINE ( 'NONE', #870, #3204 ) ;
#9033 = FACE_OUTER_BOUND ( 'NONE', #6743, .T. ) ;
#9034 = EDGE_CURVE ( 'NONE', #191, #11221, #1095, .T. ) ;
#9035 = MECHANICAL_DESIGN_GEOMETRIC_PRESENTATION_REPRESENTATION (  '', ( #11708 ), #1054 ) ;
#9036 = VECTOR ( 'NONE', #3814, 1000.000000000000000 ) ;
#9037 = VERTEX_POINT ( 'NONE', #4785 ) ;
#9038 = LINE ( 'NONE', #6297, #8263 ) ;
#9039 = CARTESIAN_POINT ( 'NONE',  ( 8.000000000000000000, 0.0000000000000000000, -0.9000000000000002442 ) ) ;
#9040 = CARTESIAN_POINT ( 'NONE',  ( 6.899999999999767653, 0.009999999999999998473, -11.29999999999918003 ) ) ;
#9041 = PLANE ( 'NONE',  #8161 ) ;
#9042 = ORIENTED_EDGE ( 'NONE', *, *, #5458, .T. ) ;
#9043 = ORIENTED_EDGE ( 'NONE', *, *, #5514, .T. ) ;
#9044 = EDGE_LOOP ( 'NONE', ( #8682, #8753, #9093, #9157 ) ) ;
#9045 = CIRCLE ( 'NONE', #7524, 0.2499999999999993616 ) ;
#9046 = ORIENTED_EDGE ( 'NONE', *, *, #9262, .F. ) ;
#9047 = EDGE_CURVE ( 'NONE', #1938, #9834, #6445, .T. ) ;
#9048 = DIRECTION ( 'NONE',  ( -0.0000000000000000000, -0.0000000000000000000, 1.000000000000000000 ) ) ;
#9049 = CARTESIAN_POINT ( 'NONE',  ( 7.999999999999913847, -5.293955920339377119E-20, -11.29999999999876970 ) ) ;
#9050 = EDGE_CURVE ( 'NONE', #8232, #520, #8236, .T. ) ;
#9051 = EDGE_CURVE ( 'NONE', #190, #4707, #2654, .T. ) ;
#9052 = ORIENTED_EDGE ( 'NONE', *, *, #4547, .T. ) ;
#9053 = CARTESIAN_POINT ( 'NONE',  ( 15.50000000000000000, 2.149999999999999911, -6.074999999999998401 ) ) ;
#9054 = CARTESIAN_POINT ( 'NONE',  ( 6.687500047684238780, 2.399999999999999911, -6.510638308525630080 ) ) ;
#9055 = CARTESIAN_POINT ( 'NONE',  ( 14.30000000000000071, 0.009999999999999989800, 0.0000000000000000000 ) ) ;
#9056 =( NAMED_UNIT ( * ) SI_UNIT ( $, .STERADIAN. ) SOLID_ANGLE_UNIT ( ) );
#9057 = VERTEX_POINT ( 'NONE', #2045 ) ;
#9058 = ORIENTED_EDGE ( 'NONE', *, *, #10497, .F. ) ;
#9059 = ORIENTED_EDGE ( 'NONE', *, *, #7830, .F. ) ;
#9060 = FILL_AREA_STYLE_COLOUR ( '', #2310 ) ;
#9061 = EDGE_CURVE ( 'NONE', #11276, #5392, #5674, .T. ) ;
#9062 = LINE ( 'NONE', #1923, #1511 ) ;
#9063 = AXIS2_PLACEMENT_3D ( 'NONE', #2443, #1545, #5174 ) ;
#9064 = FACE_OUTER_BOUND ( 'NONE', #11354, .T. ) ;
#9065 = EDGE_LOOP ( 'NONE', ( #4515, #8660, #8217, #1096 ) ) ;
#9066 = SURFACE_SIDE_STYLE ('',( #7161 ) ) ;
#9067 = VERTEX_POINT ( 'NONE', #9069 ) ;
#9068 = DIRECTION ( 'NONE',  ( 1.000000000000000000, 0.0000000000000000000, 0.0000000000000000000 ) ) ;
#9069 = CARTESIAN_POINT ( 'NONE',  ( 6.220833158492988346, 2.389999999999999680, -6.391489386558784069 ) ) ;
#9070 = VERTEX_POINT ( 'NONE', #1037 ) ;
#9071 = VERTEX_POINT ( 'NONE', #9306 ) ;
#9072 = VECTOR ( 'NONE', #6981, 1000.000000000000000 ) ;
#9073 = VERTEX_POINT ( 'NONE', #1155 ) ;
#9074 = ADVANCED_FACE ( 'NONE', ( #8419 ), #262, .F. ) ;
#9075 = CARTESIAN_POINT ( 'NONE',  ( 9.545833325386499979, 2.399999999999999911, -6.659574460983501254 ) ) ;
#9076 = DIRECTION ( 'NONE',  ( 0.0000000000000000000, 0.0000000000000000000, -1.000000000000000000 ) ) ;
#9077 = EDGE_LOOP ( 'NONE', ( #7501, #11275, #1869, #9849 ) ) ;
#9078 = AXIS2_PLACEMENT_3D ( 'NONE', #6076, #8817, #10540 ) ;
#9079 = DIRECTION ( 'NONE',  ( -0.9689176559523869914, 0.0000000000000000000, 0.2473834593980199226 ) ) ;
#9080 = FACE_OUTER_BOUND ( 'NONE', #6968, .T. ) ;
#9081 = ORIENTED_EDGE ( 'NONE', *, *, #1498, .F. ) ;
#9082 = CARTESIAN_POINT ( 'NONE',  ( 1.250000000000001332, 0.009999999999987104274, -12.19999999999999929 ) ) ;
#9083 = EDGE_CURVE ( 'NONE', #4707, #11108, #9546, .T. ) ;
#9084 = VECTOR ( 'NONE', #6174, 1000.000000000000114 ) ;
#9085 = VECTOR ( 'NONE', #5934, 1000.000000000000000 ) ;
#9086 = PLANE ( 'NONE',  #3453 ) ;
#9087 = VECTOR ( 'NONE', #4746, 1000.000000000000000 ) ;
#9088 = ORIENTED_EDGE ( 'NONE', *, *, #1709, .F. ) ;
#9089 = LINE ( 'NONE', #4463, #10678 ) ;
#9090 = DIRECTION ( 'NONE',  ( 0.0000000000000000000, 1.000000000000000000, 0.0000000000000000000 ) ) ;
#9091 = ORIENTED_EDGE ( 'NONE', *, *, #2302, .T. ) ;
#9092 = CARTESIAN_POINT ( 'NONE',  ( 10.36250004768723088, 2.394999999999999574, -6.987234079837999268 ) ) ;
#9093 = ORIENTED_EDGE ( 'NONE', *, *, #1421, .T. ) ;
#9094 = ADVANCED_FACE ( 'NONE', ( #7751 ), #6616, .F. ) ;
#9095 = VECTOR ( 'NONE', #10554, 1000.000000000000000 ) ;
#9096 = VERTEX_POINT ( 'NONE', #543 ) ;
#9097 = CARTESIAN_POINT ( 'NONE',  ( 3.624488762447001022, 0.01020000000000000073, -11.30000000000000071 ) ) ;
#9098 = PRESENTATION_STYLE_ASSIGNMENT (( #5474 ) ) ;
#9099 = PLANE ( 'NONE',  #3207 ) ;
#9100 = ORIENTED_EDGE ( 'NONE', *, *, #3086, .F. ) ;
#9101 = DIRECTION ( 'NONE',  ( -0.4397121427652888048, 0.0000000000000000000, 0.8981387596049722477 ) ) ;
#9102 = LINE ( 'NONE', #11193, #1235 ) ;
#9103 = ADVANCED_FACE ( 'NONE', ( #10423 ), #8651, .F. ) ;
#9104 =( BOUNDED_SURFACE ( )  B_SPLINE_SURFACE ( 3, 3, ( 
 ( #10903, #2757, #10009, #1252 ),
 ( #242, #10402, #416, #5774 ),
 ( #9404, #2147, #356, #4054 ),
 ( #5829, #9348, #7672, #11316 ) ),
 .UNSPECIFIED., .F., .F., .F. ) 
 B_SPLINE_SURFACE_WITH_KNOTS ( ( 4, 4 ),
 ( 4, 4 ),
 ( 0.0000000000000000000, 1.000000000000000000 ),
 ( 0.0000000000000000000, 1.000000000000000000 ),
 .UNSPECIFIED. ) 
 GEOMETRIC_REPRESENTATION_ITEM ( )  RATIONAL_B_SPLINE_SURFACE ( (
 ( 1.000000000000000000, 0.8025111867384335795, 0.8025111867384335795, 1.000000000000000000),
 ( 0.8002741005223119597, 0.6422289181261930935, 0.6422289181261930935, 0.8002741005223119597),
 ( 0.8002741005223119597, 0.6422289181261930935, 0.6422289181261930935, 0.8002741005223119597),
 ( 1.000000000000000000, 0.8025111867384335795, 0.8025111867384335795, 1.000000000000000000) ) ) 
 REPRESENTATION_ITEM ( '' )  SURFACE ( )  );
#9105 = LINE ( 'NONE', #3489, #9579 ) ;
#9106 = CARTESIAN_POINT ( 'NONE',  ( 8.000000000000000000, 0.009999999999999995004, 0.0000000000000000000 ) ) ;
#9107 = ORIENTED_EDGE ( 'NONE', *, *, #9263, .F. ) ;
#9108 = ORIENTED_EDGE ( 'NONE', *, *, #4253, .T. ) ;
#9109 = EDGE_LOOP ( 'NONE', ( #3337, #4843, #5133, #2991 ) ) ;
#9110 = ADVANCED_FACE ( 'NONE', ( #11211 ), #5735, .F. ) ;
#9111 = DIRECTION ( 'NONE',  ( -1.000000000000000000, 0.0000000000000000000, 0.0000000000000000000 ) ) ;
#9112 = ADVANCED_FACE ( 'NONE', ( #11338 ), #7571, .F. ) ;
#9113 = CARTESIAN_POINT ( 'NONE',  ( 5.637500047683367654, 2.394999999999999574, -8.000000000000406786 ) ) ;
#9114 = COLOUR_RGB ( '',0.8313725490196077761, 0.8509803921568627194, 0.8313725490196077761 ) ;
#9115 = FILL_AREA_STYLE ('',( #2716 ) ) ;
#9116 = CIRCLE ( 'NONE', #10839, 0.2500000000000002220 ) ;
#9117 = VERTEX_POINT ( 'NONE', #9486 ) ;
#9118 = CARTESIAN_POINT ( 'NONE',  ( 0.5000000000000000000, 2.149999999999999023, -0.6500000000001718847 ) ) ;
#9119 = ORIENTED_EDGE ( 'NONE', *, *, #2134, .T. ) ;
#9120 = CARTESIAN_POINT ( 'NONE',  ( 15.50000000000000000, 0.8200000000000210454, -11.50000000000000000 ) ) ;
#9121 = DIRECTION ( 'NONE',  ( 0.8265992788008348358, 0.0000000000000000000, -0.5627909312399584918 ) ) ;
#9122 = AXIS2_PLACEMENT_3D ( 'NONE', #7770, #5988, #11412 ) ;
#9123 = CYLINDRICAL_SURFACE ( 'NONE', #11663, 0.2500000000000002220 ) ;
#9124 = CARTESIAN_POINT ( 'NONE',  ( 9.336227644195998820, 2.389799999999999702, -6.457121953678999660 ) ) ;
#9125 = ORIENTED_EDGE ( 'NONE', *, *, #4397, .F. ) ;
#9126 = ORIENTED_EDGE ( 'NONE', *, *, #8773, .F. ) ;
#9127 = EDGE_CURVE ( 'NONE', #8946, #9193, #486, .T. ) ;
#9128 = VECTOR ( 'NONE', #3521, 1000.000000000000000 ) ;
#9129 = ORIENTED_EDGE ( 'NONE', *, *, #4823, .F. ) ;
#9130 = CARTESIAN_POINT ( 'NONE',  ( 8.000000000000000000, 0.0000000000000000000, 0.0000000000000000000 ) ) ;
#9131 = FACE_OUTER_BOUND ( 'NONE', #10819, .T. ) ;
#9132 = ORIENTED_EDGE ( 'NONE', *, *, #2894, .F. ) ;
#9133 = LINE ( 'NONE', #3968, #10343 ) ;
#9134 = VECTOR ( 'NONE', #6959, 1000.000000000000000 ) ;
#9135 = ORIENTED_EDGE ( 'NONE', *, *, #2794, .T. ) ;
#9136 = DIRECTION ( 'NONE',  ( 0.6996255164454430187, 0.0000000000000000000, 0.7145097177354882145 ) ) ;
#9137 = EDGE_CURVE ( 'NONE', #6345, #1039, #2348, .T. ) ;
#9138 = LINE ( 'NONE', #9200, #3864 ) ;
#9139 = VECTOR ( 'NONE', #8032, 1000.000000000000000 ) ;
#9140 = DIRECTION ( 'NONE',  ( -7.523163845262640051E-31, -1.000000000000000000, 2.168404344971007142E-16 ) ) ;
#9141 = ORIENTED_EDGE ( 'NONE', *, *, #9703, .T. ) ;
#9142 = LINE ( 'NONE', #8976, #6233 ) ;
#9143 = LINE ( 'NONE', #7698, #6607 ) ;
#9144 = CARTESIAN_POINT ( 'NONE',  ( 6.104166936875309979, 2.399999999999999911, -6.093617081642001665 ) ) ;
#9145 = PRODUCT_DEFINITION_SHAPE ( 'NONE', 'NONE',  #9591 ) ;
#9146 = SURFACE_STYLE_FILL_AREA ( #8258 ) ;
#9147 = CARTESIAN_POINT ( 'NONE',  ( 5.800000000000002487, 0.009999999999999996739, -12.20000000000166196 ) ) ;
#9148 = EDGE_LOOP ( 'NONE', ( #11339, #8187, #1819, #7193 ) ) ;
#9149 = ADVANCED_FACE ( 'NONE', ( #7520 ), #4896, .F. ) ;
#9150 = CARTESIAN_POINT ( 'NONE',  ( 9.895833492279001220, 2.399999999999999911, -8.000000000000000000 ) ) ;
#9151 = AXIS2_PLACEMENT_3D ( 'NONE', #10357, #6081, #1383 ) ;
#9152 = FACE_OUTER_BOUND ( 'NONE', #11607, .T. ) ;
#9153 =( NAMED_UNIT ( * ) PLANE_ANGLE_UNIT ( ) SI_UNIT ( $, .RADIAN. ) );
#9154 = CARTESIAN_POINT ( 'NONE',  ( 8.000000000000000000, 0.8199999999999999512, -12.19999999999999929 ) ) ;
#9155 = LINE ( 'NONE', #1007, #3783 ) ;
#9156 = VERTEX_POINT ( 'NONE', #4841 ) ;
#9157 = ORIENTED_EDGE ( 'NONE', *, *, #8649, .F. ) ;
#9158 = CARTESIAN_POINT ( 'NONE',  ( 4.549999999999999822, 0.009999999999987104274, 2.792598419361491987E-30 ) ) ;
#9159 = LINE ( 'NONE', #832, #3821 ) ;
#9160 = VECTOR ( 'NONE', #8662, 1000.000000000000000 ) ;
#9161 = LINE ( 'NONE', #60, #10612 ) ;
#9162 = ORIENTED_EDGE ( 'NONE', *, *, #1614, .F. ) ;
#9163 = CARTESIAN_POINT ( 'NONE',  ( 0.4599999999999999645, 2.399999999999999911, -0.4330000000000000515 ) ) ;
#9164 = EDGE_CURVE ( 'NONE', #75, #3959, #8477, .T. ) ;
#9165 = CARTESIAN_POINT ( 'NONE',  ( 2.821876287401000383, 2.389799999999999702, -6.074759785949001234 ) ) ;
#9166 =( GEOMETRIC_REPRESENTATION_CONTEXT ( 3 ) GLOBAL_UNCERTAINTY_ASSIGNED_CONTEXT ( ( #11591 ) ) GLOBAL_UNIT_ASSIGNED_CONTEXT ( ( #10938, #6400, #10881 ) ) REPRESENTATION_CONTEXT ( 'NONE', 'WORKASPACE' ) );
#9167 = DIRECTION ( 'NONE',  ( -1.000000000000000000, 0.0000000000000000000, 0.0000000000000000000 ) ) ;
#9168 = VECTOR ( 'NONE', #6558, 1000.000000000000000 ) ;
#9169 = ORIENTED_EDGE ( 'NONE', *, *, #1579, .T. ) ;
#9170 = ORIENTED_EDGE ( 'NONE', *, *, #8759, .F. ) ;
#9171 = CARTESIAN_POINT ( 'NONE',  ( 11.00000000000165201, 0.009999999999999998473, -11.29999999999918003 ) ) ;
#9172 =( NAMED_UNIT ( * ) SI_UNIT ( $, .STERADIAN. ) SOLID_ANGLE_UNIT ( ) );
#9173 = DIRECTION ( 'NONE',  ( -1.000000000000000000, -0.0000000000000000000, -0.0000000000000000000 ) ) ;
#9174 = CARTESIAN_POINT ( 'NONE',  ( 6.570833158493237569, 2.399999999999999911, -7.761702135205155173 ) ) ;
#9175 = VECTOR ( 'NONE', #7832, 1000.000000000000000 ) ;
#9176 = ORIENTED_EDGE ( 'NONE', *, *, #9047, .T. ) ;
#9177 = DIRECTION ( 'NONE',  ( 0.0000000000000000000, 1.000000000000000000, 0.0000000000000000000 ) ) ;
#9178 = EDGE_CURVE ( 'NONE', #5499, #10495, #4922, .T. ) ;
#9179 = ORIENTED_EDGE ( 'NONE', *, *, #1275, .F. ) ;
#9180 = ADVANCED_FACE ( 'NONE', ( #7635 ), #3123, .F. ) ;
#9181 = CARTESIAN_POINT ( 'NONE',  ( 13.22083338796888796, 2.389999999999999680, -7.285106384754072906 ) ) ;
#9182 = LINE ( 'NONE', #2770, #9168 ) ;
#9183 = DIRECTION ( 'NONE',  ( 0.5466210844725841733, 0.0000000000000000000, 0.8373800750017974526 ) ) ;
#9184 = DIRECTION ( 'NONE',  ( 0.0000000000000000000, -1.000000000000000000, 2.168404344971006649E-16 ) ) ;
#9185 = ORIENTED_EDGE ( 'NONE', *, *, #11728, .F. ) ;
#9186 = ORIENTED_EDGE ( 'NONE', *, *, #5561, .F. ) ;
#9187 = VECTOR ( 'NONE', #6738, 1000.000000000000000 ) ;
#9188 = ORIENTED_EDGE ( 'NONE', *, *, #5577, .T. ) ;
#9189 = EDGE_CURVE ( 'NONE', #1991, #5007, #2529, .T. ) ;
#9190 = DIRECTION ( 'NONE',  ( 0.0000000000000000000, 0.0000000000000000000, -1.000000000000000000 ) ) ;
#9191 = CARTESIAN_POINT ( 'NONE',  ( 12.46250004768500297, 2.389999999999999680, -7.731914894282999384 ) ) ;
#9192 = CARTESIAN_POINT ( 'NONE',  ( 13.13333337753999963, 2.389999999999999680, -7.880851064995000321 ) ) ;
#9193 = VERTEX_POINT ( 'NONE', #8944 ) ;
#9194 = FACE_OUTER_BOUND ( 'NONE', #11590, .T. ) ;
#9195 = EDGE_CURVE ( 'NONE', #8933, #4120, #7576, .T. ) ;
#9196 = EDGE_LOOP ( 'NONE', ( #6389, #1884, #3564, #6099 ) ) ;
#9197 = EDGE_CURVE ( 'NONE', #11221, #593, #7151, .T. ) ;
#9198 = CARTESIAN_POINT ( 'NONE',  ( 11.30000000000000071, 0.01020000000000000073, 0.02448876244737000288 ) ) ;
#9199 = AXIS2_PLACEMENT_3D ( 'NONE', #603, #4249, #11512 ) ;
#9200 = CARTESIAN_POINT ( 'NONE',  ( 9.312500047683876403, 2.394999999999999574, -6.153191542625147115 ) ) ;
#9201 = CARTESIAN_POINT ( 'NONE',  ( 8.495833492278698884, 2.389999999999999680, -7.940425533801509062 ) ) ;
#9202 = ORIENTED_EDGE ( 'NONE', *, *, #2809, .F. ) ;
#9203 = EDGE_CURVE ( 'NONE', #1676, #10319, #9729, .T. ) ;
#9204 = CARTESIAN_POINT ( 'NONE',  ( 9.545833492279072630, 2.399999999999999911, -6.331914925575469866 ) ) ;
#9205 = EDGE_CURVE ( 'NONE', #1327, #3474, #1634, .T. ) ;
#9206 = DIRECTION ( 'NONE',  ( -1.000000000000000000, 0.0000000000000000000, 0.0000000000000000000 ) ) ;
#9207 = CARTESIAN_POINT ( 'NONE',  ( 8.000000000000000000, 0.009999999999999995004, -12.19999999999999929 ) ) ;
#9208 = LINE ( 'NONE', #11059, #2580 ) ;
#9209 = PRESENTATION_LAYER_ASSIGNMENT (  '', '', ( #2579 ) ) ;
#9210 = SURFACE_SIDE_STYLE ('',( #5588 ) ) ;
#9211 = AXIS2_PLACEMENT_3D ( 'NONE', #8564, #4928, #3148 ) ;
#9212 = PRESENTATION_LAYER_ASSIGNMENT (  '', '', ( #11311 ) ) ;
#9213 = SURFACE_SIDE_STYLE ('',( #8721 ) ) ;
#9214 = DIRECTION ( 'NONE',  ( 0.2473827746132857552, 0.0000000000000000000, -0.9689178307909460663 ) ) ;
#9215 = CARTESIAN_POINT ( 'NONE',  ( 5.304633009992000048, 2.389799999999999702, -7.898348527096000105 ) ) ;
#9216 = CARTESIAN_POINT ( 'NONE',  ( 9.487500047683344206, 2.394999999999999574, -6.570212769508285255 ) ) ;
#9217 = ORIENTED_EDGE ( 'NONE', *, *, #7141, .F. ) ;
#9218 = EDGE_LOOP ( 'NONE', ( #11651, #7495, #6388, #3374 ) ) ;
#9219 = ADVANCED_FACE ( 'NONE', ( #9897 ), #10735, .F. ) ;
#9220 = FACE_OUTER_BOUND ( 'NONE', #2595, .T. ) ;
#9221 = VECTOR ( 'NONE', #6340, 1000.000000000000000 ) ;
#9222 = COLOUR_RGB ( '',0.9803921568627450567, 0.6274509803921568540, 0.0000000000000000000 ) ;
#9223 = DIRECTION ( 'NONE',  ( 1.000000000000000000, 0.0000000000000000000, -0.0000000000000000000 ) ) ;
#9224 = VECTOR ( 'NONE', #2040, 1000.000000000000114 ) ;
#9225 = CARTESIAN_POINT ( 'NONE',  ( 13.22083338796923435, 2.389999999999999680, -7.821276596188526220 ) ) ;
#9226 = VERTEX_POINT ( 'NONE', #7870 ) ;
#9227 = CARTESIAN_POINT ( 'NONE',  ( 13.46493475221000047, 2.389799999999999702, -7.501409980031001012 ) ) ;
#9228 = CARTESIAN_POINT ( 'NONE',  ( 8.495833492279412980, 2.399999999999999911, -6.153191542625604527 ) ) ;
#9229 = SURFACE_STYLE_USAGE ( .BOTH. , #840 ) ;
#9230 = CARTESIAN_POINT ( 'NONE',  ( 5.229166936873999916, 2.399999999999999911, -7.046808499098000667 ) ) ;
#9231 = MECHANICAL_DESIGN_GEOMETRIC_PRESENTATION_REPRESENTATION (  '', ( #11335 ), #861 ) ;
#9232 = ORIENTED_EDGE ( 'NONE', *, *, #8596, .T. ) ;
#9233 = VERTEX_POINT ( 'NONE', #5314 ) ;
#9234 = ORIENTED_EDGE ( 'NONE', *, *, #1725, .T. ) ;
#9235 = SURFACE_STYLE_USAGE ( .BOTH. , #2612 ) ;
#9236 = LINE ( 'NONE', #9113, #2473 ) ;
#9237 = DIRECTION ( 'NONE',  ( 0.0000000000000000000, 0.0000000000000000000, 1.000000000000000000 ) ) ;
#9238 = ORIENTED_EDGE ( 'NONE', *, *, #3530, .T. ) ;
#9239 = EDGE_LOOP ( 'NONE', ( #6275, #3352, #5619, #10302 ) ) ;
#9240 = PRESENTATION_STYLE_ASSIGNMENT (( #10138 ) ) ;
#9241 = SURFACE_STYLE_USAGE ( .BOTH. , #10917 ) ;
#9242 = FILL_AREA_STYLE_COLOUR ( '', #10145 ) ;
#9243 = CARTESIAN_POINT ( 'NONE',  ( 9.195833325386001178, 2.399999999999999911, -6.421276617050500235 ) ) ;
#9244 = ORIENTED_EDGE ( 'NONE', *, *, #7019, .F. ) ;
#9245 = EDGE_LOOP ( 'NONE', ( #10981, #4229, #5989, #8724 ) ) ;
#9246 = AXIS2_PLACEMENT_3D ( 'NONE', #7911, #9700, #4338 ) ;
#9247 = ORIENTED_EDGE ( 'NONE', *, *, #9568, .T. ) ;
#9248 = EDGE_CURVE ( 'NONE', #6617, #7529, #786, .T. ) ;
#9249 = FACE_OUTER_BOUND ( 'NONE', #3095, .T. ) ;
#9250 = LINE ( 'NONE', #2115, #8128 ) ;
#9251 = LINE ( 'NONE', #7527, #11622 ) ;
#9252 = ORIENTED_EDGE ( 'NONE', *, *, #4397, .T. ) ;
#9253 =( LENGTH_UNIT ( ) NAMED_UNIT ( * ) SI_UNIT ( .MILLI., .METRE. ) );
#9254 = EDGE_LOOP ( 'NONE', ( #1655, #6357, #3539, #8594 ) ) ;
#9255 = FILL_AREA_STYLE ('',( #1946 ) ) ;
#9256 = CARTESIAN_POINT ( 'NONE',  ( 7.599999999999998757, 0.009999999999974222217, 1.756407519426636745E-16 ) ) ;
#9257 = VECTOR ( 'NONE', #7837, 1000.000000000000000 ) ;
#9258 = EDGE_CURVE ( 'NONE', #1875, #6296, #724, .T. ) ;
#9259 = PLANE ( 'NONE',  #9699 ) ;
#9260 = ORIENTED_EDGE ( 'NONE', *, *, #7440, .T. ) ;
#9261 = CARTESIAN_POINT ( 'NONE',  ( 0.7499999999999997780, 0.009999999999987104274, -12.19999999999999929 ) ) ;
#9262 = EDGE_CURVE ( 'NONE', #844, #6210, #2647, .T. ) ;
#9263 = EDGE_CURVE ( 'NONE', #8784, #10495, #2591, .T. ) ;
#9264 = DIRECTION ( 'NONE',  ( 0.9689176611434414665, 0.0000000000000000000, -0.2473834390664076399 ) ) ;
#9265 = VECTOR ( 'NONE', #5716, 1000.000000000000000 ) ;
#9266 = DIRECTION ( 'NONE',  ( 0.0000000000000000000, 0.0000000000000000000, -1.000000000000000000 ) ) ;
#9267 =( NAMED_UNIT ( * ) PLANE_ANGLE_UNIT ( ) SI_UNIT ( $, .RADIAN. ) );
#9268 = ORIENTED_EDGE ( 'NONE', *, *, #5089, .T. ) ;
#9269 = DIRECTION ( 'NONE',  ( 0.5466220916065573920, 0.0000000000000000000, 0.8373794175686863905 ) ) ;
#9270 = ADVANCED_FACE ( 'NONE', ( #7097 ), #6201, .F. ) ;
#9271 = SURFACE_SIDE_STYLE ('',( #10112 ) ) ;
#9272 = DIRECTION ( 'NONE',  ( -0.0000000000000000000, 1.000000000000000000, -2.168404344971006649E-16 ) ) ;
#9273 = VECTOR ( 'NONE', #11304, 1000.000000000000000 ) ;
#9274 = DIRECTION ( 'NONE',  ( 0.0000000000000000000, 0.0000000000000000000, -1.000000000000000000 ) ) ;
#9275 = CARTESIAN_POINT ( 'NONE',  ( 13.65000000000000213, 0.8200000000000149392, -12.19999999999999929 ) ) ;
#9276 = ORIENTED_EDGE ( 'NONE', *, *, #9127, .T. ) ;
#9277 = VECTOR ( 'NONE', #6595, 1000.000000000000000 ) ;
#9278 = ORIENTED_EDGE ( 'NONE', *, *, #8854, .T. ) ;
#9279 = EDGE_CURVE ( 'NONE', #4859, #7828, #7934, .T. ) ;
#9280 = LINE ( 'NONE', #7427, #8498 ) ;
#9281 = LINE ( 'NONE', #6715, #4198 ) ;
#9282 = CARTESIAN_POINT ( 'NONE',  ( 7.849999999999999645, 0.8200000000000149392, -3.256119351777733594E-30 ) ) ;
#9283 = COLOUR_RGB ( '',0.9803921568627450567, 0.6274509803921568540, 0.0000000000000000000 ) ;
#9284 = VERTEX_POINT ( 'NONE', #11739 ) ;
#9285 = LINE ( 'NONE', #10960, #6920 ) ;
#9286 = ADVANCED_FACE ( 'NONE', ( #3599 ), #4646, .T. ) ;
#9287 = LINE ( 'NONE', #6600, #5718 ) ;
#9288 = AXIS2_PLACEMENT_3D ( 'NONE', #8295, #10085, #10193 ) ;
#9289 = CARTESIAN_POINT ( 'NONE',  ( 8.000000000000000000, 0.009999999999999995004, -12.19999999999999929 ) ) ;
#9290 = PLANE ( 'NONE',  #2847 ) ;
#9291 = ORIENTED_EDGE ( 'NONE', *, *, #11737, .F. ) ;
#9292 = CARTESIAN_POINT ( 'NONE',  ( 15.50000000000000000, 0.8200000000000210454, -0.6500000000000003553 ) ) ;
#9293 = ORIENTED_EDGE ( 'NONE', *, *, #3086, .T. ) ;
#9294 = LINE ( 'NONE', #7116, #6281 ) ;
#9295 = CARTESIAN_POINT ( 'NONE',  ( 0.0000000000000000000, 0.0000000000000000000, 0.0000000000000000000 ) ) ;
#9296 = LINE ( 'NONE', #9471, #5306 ) ;
#9297 =( GEOMETRIC_REPRESENTATION_CONTEXT ( 3 ) GLOBAL_UNCERTAINTY_ASSIGNED_CONTEXT ( ( #8964 ) ) GLOBAL_UNIT_ASSIGNED_CONTEXT ( ( #10723, #8935, #775 ) ) REPRESENTATION_CONTEXT ( 'NONE', 'WORKASPACE' ) );
#9298 = FILL_AREA_STYLE_COLOUR ( '', #10105 ) ;
#9299 = ORIENTED_EDGE ( 'NONE', *, *, #1477, .T. ) ;
#9300 = CARTESIAN_POINT ( 'NONE',  ( 5.637500047683999149, 2.399999999999999911, -6.361702156066999514 ) ) ;
#9301 = ORIENTED_EDGE ( 'NONE', *, *, #7758, .T. ) ;
#9302 = LINE ( 'NONE', #10081, #2384 ) ;
#9303 = FACE_OUTER_BOUND ( 'NONE', #8072, .T. ) ;
#9304 = EDGE_CURVE ( 'NONE', #4714, #1255, #7320, .T. ) ;
#9305 = CARTESIAN_POINT ( 'NONE',  ( 13.90000000000000213, 0.009999999999974222217, 1.756407519426636498E-16 ) ) ;
#9306 = CARTESIAN_POINT ( 'NONE',  ( 6.250000000000000000, 0.8200000000000149392, -12.19999999999999929 ) ) ;
#9307 = ORIENTED_EDGE ( 'NONE', *, *, #4844, .F. ) ;
#9308 = ORIENTED_EDGE ( 'NONE', *, *, #1651, .T. ) ;
#9309 = VECTOR ( 'NONE', #2391, 1000.000000000000114 ) ;
#9310 = ORIENTED_EDGE ( 'NONE', *, *, #4036, .F. ) ;
#9311 = DIRECTION ( 'NONE',  ( -0.5466221810899453137, 0.0000000000000000000, 0.8373793591559747229 ) ) ;
#9312 = DIRECTION ( 'NONE',  ( 0.0000000000000000000, -1.000000000000000000, 2.168404344971021934E-16 ) ) ;
#9313 = CARTESIAN_POINT ( 'NONE',  ( 5.649999999999999467, 0.4100000000000150191, -12.19999999999999929 ) ) ;
#9314 = ORIENTED_EDGE ( 'NONE', *, *, #8695, .T. ) ;
#9315 = MECHANICAL_DESIGN_GEOMETRIC_PRESENTATION_REPRESENTATION (  '', ( #5700 ), #4747 ) ;
#9316 = VERTEX_POINT ( 'NONE', #8280 ) ;
#9317 = FACE_OUTER_BOUND ( 'NONE', #563, .T. ) ;
#9318 = CARTESIAN_POINT ( 'NONE',  ( 13.04583336711062458, 2.399999999999999911, -7.642553192379073934 ) ) ;
#9319 = EDGE_CURVE ( 'NONE', #793, #2665, #10823, .T. ) ;
#9320 = AXIS2_PLACEMENT_3D ( 'NONE', #11190, #3098, #292 ) ;
#9321 = ORIENTED_EDGE ( 'NONE', *, *, #5203, .T. ) ;
#9322 = SURFACE_SIDE_STYLE ('',( #5812 ) ) ;
#9323 = UNCERTAINTY_MEASURE_WITH_UNIT (LENGTH_MEASURE( 1.000000000000000082E-05 ), #1031, 'distance_accuracy_value', 'NONE');
#9324 =( GEOMETRIC_REPRESENTATION_CONTEXT ( 3 ) GLOBAL_UNCERTAINTY_ASSIGNED_CONTEXT ( ( #5278 ) ) GLOBAL_UNIT_ASSIGNED_CONTEXT ( ( #5604, #2036, #6220 ) ) REPRESENTATION_CONTEXT ( 'NONE', 'WORKASPACE' ) );
#9325 = CARTESIAN_POINT ( 'NONE',  ( 1.399999999999999911, 0.4100000000000150191, 0.0000000000000000000 ) ) ;
#9326 = VECTOR ( 'NONE', #5775, 1000.000000000000000 ) ;
#9327 = DIRECTION ( 'NONE',  ( -1.000000000000000000, 0.0000000000000000000, 0.0000000000000000000 ) ) ;
#9328 =( GEOMETRIC_REPRESENTATION_CONTEXT ( 3 ) GLOBAL_UNCERTAINTY_ASSIGNED_CONTEXT ( ( #1352 ) ) GLOBAL_UNIT_ASSIGNED_CONTEXT ( ( #1786, #5352, #7297 ) ) REPRESENTATION_CONTEXT ( 'NONE', 'WORKASPACE' ) );
#9329 = FACE_OUTER_BOUND ( 'NONE', #4381, .T. ) ;
#9330 = CARTESIAN_POINT ( 'NONE',  ( 16.00000000000000000, 0.8199999999999999512, -12.19999999999999751 ) ) ;
#9331 = ADVANCED_FACE ( 'NONE', ( #8342 ), #10010, .F. ) ;
#9332 = VECTOR ( 'NONE', #5889, 1000.000000000000000 ) ;
#9333 = AXIS2_PLACEMENT_3D ( 'NONE', #3551, #9505, #5868 ) ;
#9334 = ADVANCED_FACE ( 'NONE', ( #67 ), #8107, .F. ) ;
#9335 =( NAMED_UNIT ( * ) PLANE_ANGLE_UNIT ( ) SI_UNIT ( $, .RADIAN. ) );
#9336 = LINE ( 'NONE', #938, #846 ) ;
#9337 = DIRECTION ( 'NONE',  ( -0.0000000000000000000, -1.000000000000000000, -0.0000000000000000000 ) ) ;
#9338 = VECTOR ( 'NONE', #6515, 1000.000000000000227 ) ;
#9339 =( NAMED_UNIT ( * ) PLANE_ANGLE_UNIT ( ) SI_UNIT ( $, .RADIAN. ) );
#9340 = VERTEX_POINT ( 'NONE', #10905 ) ;
#9341 = ORIENTED_EDGE ( 'NONE', *, *, #7590, .F. ) ;
#9342 = AXIS2_PLACEMENT_3D ( 'NONE', #2779, #6166, #6391 ) ;
#9343 = DIRECTION ( 'NONE',  ( 0.0000000000000000000, -1.000000000000000000, 2.168404344971022180E-16 ) ) ;
#9344 = EDGE_CURVE ( 'NONE', #5199, #8386, #5482, .T. ) ;
#9345 = VECTOR ( 'NONE', #7386, 1000.000000000000000 ) ;
#9346 = DIRECTION ( 'NONE',  ( 0.0000000000000000000, -2.168404344971006896E-16, -1.000000000000000000 ) ) ;
#9347 = EDGE_CURVE ( 'NONE', #6031, #6429, #4588, .T. ) ;
#9348 = CARTESIAN_POINT ( 'NONE',  ( 0.7523561596085165393, 2.253340999770800934, -11.74998889677723923 ) ) ;
#9349 = LINE ( 'NONE', #9289, #2500 ) ;
#9350 = DIRECTION ( 'NONE',  ( 0.0000000000000000000, -1.000000000000000000, 2.168404344971006649E-16 ) ) ;
#9351 = ORIENTED_EDGE ( 'NONE', *, *, #1269, .F. ) ;
#9352 = DIRECTION ( 'NONE',  ( 1.000000000000000000, 0.0000000000000000000, 0.0000000000000000000 ) ) ;
#9353 = ORIENTED_EDGE ( 'NONE', *, *, #10597, .F. ) ;
#9354 = CARTESIAN_POINT ( 'NONE',  ( 0.7500000000000114353, 2.401389820469709946, -0.5037179404092292367 ) ) ;
#9355 = VECTOR ( 'NONE', #6822, 1000.000000000000000 ) ;
#9356 = DIRECTION ( 'NONE',  ( 0.0000000000000000000, -1.000000000000000000, 2.168404344970991612E-16 ) ) ;
#9357 = EDGE_CURVE ( 'NONE', #5974, #2166, #2206, .T. ) ;
#9358 = EDGE_CURVE ( 'NONE', #3718, #675, #4822, .T. ) ;
#9359 = LINE ( 'NONE', #8466, #9923 ) ;
#9360 = ORIENTED_EDGE ( 'NONE', *, *, #810, .F. ) ;
#9361 = DIRECTION ( 'NONE',  ( -0.5466232777021647893, 0.0000000000000000000, 0.8373786433114603911 ) ) ;
#9362 = FACE_OUTER_BOUND ( 'NONE', #8297, .T. ) ;
#9363 = ORIENTED_EDGE ( 'NONE', *, *, #7580, .T. ) ;
#9364 = AXIS2_PLACEMENT_3D ( 'NONE', #2301, #5807, #498 ) ;
#9365 = FACE_OUTER_BOUND ( 'NONE', #6771, .T. ) ;
#9366 = DIRECTION ( 'NONE',  ( -0.0000000000000000000, -1.000000000000000000, -0.0000000000000000000 ) ) ;
#9367 = DIRECTION ( 'NONE',  ( 0.0000000000000000000, 1.000000000000000000, 0.0000000000000000000 ) ) ;
#9368 = DIRECTION ( 'NONE',  ( -0.9506451812011588176, 0.0000000000000000000, 0.3102800983933967083 ) ) ;
#9369 = ORIENTED_EDGE ( 'NONE', *, *, #4762, .F. ) ;
#9370 = ORIENTED_EDGE ( 'NONE', *, *, #8180, .F. ) ;
#9371 = ORIENTED_EDGE ( 'NONE', *, *, #2742, .T. ) ;
#9372 = CARTESIAN_POINT ( 'NONE',  ( 3.304166936874294525, 2.394999999999999574, -7.046808540820475919 ) ) ;
#9373 = VECTOR ( 'NONE', #9726, 1000.000000000000000 ) ;
#9374 = DIRECTION ( 'NONE',  ( -0.8373791491338931081, 0.0000000000000000000, 0.5466225028260337515 ) ) ;
#9375 = DIRECTION ( 'NONE',  ( 0.0000000000000000000, -4.336808689941998508E-16, -1.000000000000000000 ) ) ;
#9376 = CARTESIAN_POINT ( 'NONE',  ( 1.849999999999999645, 0.009999999999987104274, 2.792598419361491987E-30 ) ) ;
#9377 = ORIENTED_EDGE ( 'NONE', *, *, #9344, .F. ) ;
#9378 = SURFACE_STYLE_FILL_AREA ( #5746 ) ;
#9379 = ORIENTED_EDGE ( 'NONE', *, *, #6416, .T. ) ;
#9380 = CARTESIAN_POINT ( 'NONE',  ( 14.29999999999999893, 0.009999999999999998473, -11.75000000000000178 ) ) ;
#9381 = VECTOR ( 'NONE', #342, 1000.000000000000000 ) ;
#9382 = LINE ( 'NONE', #6576, #3040 ) ;
#9383 = ORIENTED_EDGE ( 'NONE', *, *, #1087, .F. ) ;
#9384 = DIRECTION ( 'NONE',  ( -0.7593960820129098677, 0.0000000000000000000, -0.6506286119004004442 ) ) ;
#9385 = LINE ( 'NONE', #1234, #1778 ) ;
#9386 = DIRECTION ( 'NONE',  ( 0.0000000000000000000, 0.0000000000000000000, -1.000000000000000000 ) ) ;
#9387 = DIRECTION ( 'NONE',  ( -0.0000000000000000000, 1.000000000000000000, -0.0000000000000000000 ) ) ;
#9388 = VERTEX_POINT ( 'NONE', #9406 ) ;
#9389 = DIRECTION ( 'NONE',  ( 1.000000000000000000, 0.0000000000000000000, 0.0000000000000000000 ) ) ;
#9390 = DIRECTION ( 'NONE',  ( -1.000000000000000000, 0.0000000000000000000, 0.0000000000000000000 ) ) ;
#9391 = SURFACE_SIDE_STYLE ('',( #4868 ) ) ;
#9392 = CARTESIAN_POINT ( 'NONE',  ( 16.32000000000000028, -0.02448876244737000288, -12.19999999999999929 ) ) ;
#9393 = VECTOR ( 'NONE', #2468, 1000.000000000000000 ) ;
#9394 = CARTESIAN_POINT ( 'NONE',  ( 14.59999999999999964, 0.0000000000000000000, -11.29999999999750848 ) ) ;
#9395 = ORIENTED_EDGE ( 'NONE', *, *, #3244, .T. ) ;
#9396 = CARTESIAN_POINT ( 'NONE',  ( 9.604166603088000187, 2.394999999999999574, -7.642553192377358862 ) ) ;
#9397 = EDGE_CURVE ( 'NONE', #9067, #10372, #7675, .T. ) ;
#9398 = LINE ( 'NONE', #3938, #5705 ) ;
#9399 =( GEOMETRIC_REPRESENTATION_CONTEXT ( 3 ) GLOBAL_UNCERTAINTY_ASSIGNED_CONTEXT ( ( #7183 ) ) GLOBAL_UNIT_ASSIGNED_CONTEXT ( ( #1871, #6328, #9967 ) ) REPRESENTATION_CONTEXT ( 'NONE', 'WORKASPACE' ) );
#9400 = VECTOR ( 'NONE', #10205, 1000.000000000000000 ) ;
#9401 = PRESENTATION_LAYER_ASSIGNMENT (  '', '', ( #5033 ) ) ;
#9402 = DIRECTION ( 'NONE',  ( 0.0000000000000000000, 1.000000000000000000, 0.0000000000000000000 ) ) ;
#9403 = CARTESIAN_POINT ( 'NONE',  ( 0.6000000000000000888, 0.0000000000000000000, -1.694065894508600678E-18 ) ) ;
#9404 = CARTESIAN_POINT ( 'NONE',  ( 0.6037179404092575252, 2.149999999999998579, -11.75138982046974512 ) ) ;
#9405 = CARTESIAN_POINT ( 'NONE',  ( 13.05000000000000071, 0.8200000000000149392, -3.256119351777710473E-30 ) ) ;
#9406 = CARTESIAN_POINT ( 'NONE',  ( 0.5999999999999728884, 0.009999999999999998473, -0.9000000000000001332 ) ) ;
#9407 = EDGE_CURVE ( 'NONE', #8260, #5621, #5831, .T. ) ;
#9408 = ORIENTED_EDGE ( 'NONE', *, *, #10956, .T. ) ;
#9409 = DIRECTION ( 'NONE',  ( 0.0000000000000000000, 0.0000000000000000000, -1.000000000000000000 ) ) ;
#9410 = AXIS2_PLACEMENT_3D ( 'NONE', #11698, #7163, #10801 ) ;
#9411 = ORIENTED_EDGE ( 'NONE', *, *, #3553, .F. ) ;
#9412 = DIRECTION ( 'NONE',  ( 0.0000000000000000000, -4.336808689942013792E-16, -1.000000000000000000 ) ) ;
#9413 = MECHANICAL_DESIGN_GEOMETRIC_PRESENTATION_REPRESENTATION (  '', ( #2956 ), #2006 ) ;
#9414 = DIRECTION ( 'NONE',  ( -0.0000000000000000000, -0.0000000000000000000, 1.000000000000000000 ) ) ;
#9415 = EDGE_CURVE ( 'NONE', #4194, #5501, #2148, .T. ) ;
#9416 = ADVANCED_FACE ( 'NONE', ( #299 ), #11318, .F. ) ;
#9417 = DIRECTION ( 'NONE',  ( -0.8906050950769349717, 0.0000000000000000000, -0.4547774891339759762 ) ) ;
#9418 = EDGE_LOOP ( 'NONE', ( #9379, #4092, #6484, #7755, #842, #7795, #9550, #182 ) ) ;
#9419 = DIRECTION ( 'NONE',  ( 1.000000000000000000, 0.0000000000000000000, 0.0000000000000000000 ) ) ;
#9420 = VECTOR ( 'NONE', #4391, 1000.000000000000000 ) ;
#9421 = AXIS2_PLACEMENT_3D ( 'NONE', #10958, #4583, #1855 ) ;
#9422 = EDGE_LOOP ( 'NONE', ( #5260, #9490, #3466, #10408 ) ) ;
#9423 = DIRECTION ( 'NONE',  ( -1.000000000000000000, -0.0000000000000000000, -0.0000000000000000000 ) ) ;
#9424 = LINE ( 'NONE', #5734, #8050 ) ;
#9425 = CARTESIAN_POINT ( 'NONE',  ( 13.05000000000000071, 0.4100000000000150191, -12.19999999999999929 ) ) ;
#9426 = ORIENTED_EDGE ( 'NONE', *, *, #8558, .T. ) ;
#9427 = ADVANCED_FACE ( 'NONE', ( #3888 ), #4938, .F. ) ;
#9428 = ORIENTED_EDGE ( 'NONE', *, *, #7003, .F. ) ;
#9429 = ORIENTED_EDGE ( 'NONE', *, *, #9799, .F. ) ;
#9430 = LINE ( 'NONE', #1397, #7366 ) ;
#9431 = CIRCLE ( 'NONE', #5816, 0.2500000000000002220 ) ;
#9432 = FILL_AREA_STYLE_COLOUR ( '', #4384 ) ;
#9433 = DIRECTION ( 'NONE',  ( 0.0000000000000000000, 0.0000000000000000000, 1.000000000000000000 ) ) ;
#9434 = FACE_OUTER_BOUND ( 'NONE', #9582, .T. ) ;
#9435 = ORIENTED_EDGE ( 'NONE', *, *, #8931, .T. ) ;
#9436 = CARTESIAN_POINT ( 'NONE',  ( 8.000000000000000000, 2.149999999999999911, -0.4000000000000000222 ) ) ;
#9437 = ORIENTED_EDGE ( 'NONE', *, *, #6855, .T. ) ;
#9438 =( NAMED_UNIT ( * ) PLANE_ANGLE_UNIT ( ) SI_UNIT ( $, .RADIAN. ) );
#9439 = LINE ( 'NONE', #11350, #4601 ) ;
#9440 = EDGE_CURVE ( 'NONE', #5913, #4664, #418, .T. ) ;
#9441 =( NAMED_UNIT ( * ) PLANE_ANGLE_UNIT ( ) SI_UNIT ( $, .RADIAN. ) );
#9442 = ORIENTED_EDGE ( 'NONE', *, *, #5572, .T. ) ;
#9443 = SURFACE_STYLE_USAGE ( .BOTH. , #9322 ) ;
#9444 = UNCERTAINTY_MEASURE_WITH_UNIT (LENGTH_MEASURE( 1.000000000000000082E-05 ), #5479, 'distance_accuracy_value', 'NONE');
#9445 = LINE ( 'NONE', #8375, #1191 ) ;
#9446 = LINE ( 'NONE', #337, #6466 ) ;
#9447 = DIRECTION ( 'NONE',  ( 0.2377713198752073598, 0.0000000000000000000, 0.9713211618433946759 ) ) ;
#9448 = ORIENTED_EDGE ( 'NONE', *, *, #3158, .T. ) ;
#9449 = CARTESIAN_POINT ( 'NONE',  ( 13.51250004768161794, 2.389999999999999680, -6.093617081642001665 ) ) ;
#9450 = DIRECTION ( 'NONE',  ( 1.000000000000000000, 0.0000000000000000000, 0.0000000000000000000 ) ) ;
#9451 = EDGE_CURVE ( 'NONE', #4001, #11098, #3044, .T. ) ;
#9452 = CARTESIAN_POINT ( 'NONE',  ( 9.312500047683656135, 2.394999999999999574, -7.642553192377284255 ) ) ;
#9453 = CARTESIAN_POINT ( 'NONE',  ( 8.495833492279004417, 2.399999999999999911, -7.940425533801667157 ) ) ;
#9454 = ORIENTED_EDGE ( 'NONE', *, *, #3877, .F. ) ;
#9455 = MECHANICAL_DESIGN_GEOMETRIC_PRESENTATION_REPRESENTATION (  '', ( #6401 ), #2229 ) ;
#9456 = DIRECTION ( 'NONE',  ( 1.000000000000000000, 0.0000000000000000000, 0.0000000000000000000 ) ) ;
#9457 = CARTESIAN_POINT ( 'NONE',  ( 6.810764644852000060, 2.389799999999999702, -7.142374211619999080 ) ) ;
#9458 = FACE_BOUND ( 'NONE', #317, .T. ) ;
#9459 = VECTOR ( 'NONE', #3945, 1000.000000000000000 ) ;
#9460 = CARTESIAN_POINT ( 'NONE',  ( 6.104166936874575455, 2.389999999999999680, -8.000000000000282441 ) ) ;
#9461 = FACE_OUTER_BOUND ( 'NONE', #8593, .T. ) ;
#9462 = EDGE_CURVE ( 'NONE', #5835, #4956, #2266, .T. ) ;
#9463 = AXIS2_PLACEMENT_3D ( 'NONE', #2317, #10451, #9752 ) ;
#9464 = DIRECTION ( 'NONE',  ( 1.000000000000000000, 0.0000000000000000000, 0.0000000000000000000 ) ) ;
#9465 = DIRECTION ( 'NONE',  ( -0.9689176611429219932, 0.0000000000000000000, 0.2473834390684421791 ) ) ;
#9466 = VERTEX_POINT ( 'NONE', #7556 ) ;
#9467 = ORIENTED_EDGE ( 'NONE', *, *, #1517, .F. ) ;
#9468 = LINE ( 'NONE', #4941, #9459 ) ;
#9469 = VERTEX_POINT ( 'NONE', #1375 ) ;
#9470 = DIRECTION ( 'NONE',  ( -0.0000000000000000000, -1.000000000000000000, -0.0000000000000000000 ) ) ;
#9471 = CARTESIAN_POINT ( 'NONE',  ( 11.00000000000000355, 0.0000000000000000000, -6.099999999999999645 ) ) ;
#9472 = VECTOR ( 'NONE', #7351, 1000.000000000000000 ) ;
#9473 = VECTOR ( 'NONE', #614, 1000.000000000000000 ) ;
#9474 = LINE ( 'NONE', #8642, #8975 ) ;
#9475 = EDGE_CURVE ( 'NONE', #8622, #10662, #6834, .T. ) ;
#9476 = ORIENTED_EDGE ( 'NONE', *, *, #11159, .T. ) ;
#9477 = DIRECTION ( 'NONE',  ( -1.000000000000000000, 0.0000000000000000000, 0.0000000000000000000 ) ) ;
#9478 =( NAMED_UNIT ( * ) PLANE_ANGLE_UNIT ( ) SI_UNIT ( $, .RADIAN. ) );
#9479 = CIRCLE ( 'NONE', #2257, 0.2500000000000011102 ) ;
#9480 = ORIENTED_EDGE ( 'NONE', *, *, #451, .F. ) ;
#9481 = CARTESIAN_POINT ( 'NONE',  ( 8.000000000000000000, 0.01020000000000000073, -0.9244887624473999699 ) ) ;
#9482 = DIRECTION ( 'NONE',  ( -0.2473832932871644075, 0.0000000000000000000, -0.9689176983636932361 ) ) ;
#9483 = ADVANCED_FACE ( 'NONE', ( #2332 ), #9290, .F. ) ;
#9484 = CARTESIAN_POINT ( 'NONE',  ( 0.5000000000000000000, 2.149999999999999911, -6.074999999999997513 ) ) ;
#9485 = ADVANCED_FACE ( 'NONE', ( #5714 ), #11142, .F. ) ;
#9486 = CARTESIAN_POINT ( 'NONE',  ( 5.637500047682571847, 2.399999999999999911, -8.000000000000202505 ) ) ;
#9487 = ORIENTED_EDGE ( 'NONE', *, *, #2945, .F. ) ;
#9488 = EDGE_LOOP ( 'NONE', ( #258, #1997, #5201, #9730 ) ) ;
#9489 = PRESENTATION_LAYER_ASSIGNMENT (  '', '', ( #8536 ) ) ;
#9490 = ORIENTED_EDGE ( 'NONE', *, *, #3828, .T. ) ;
#9491 = VECTOR ( 'NONE', #1576, 1000.000000000000000 ) ;
#9492 =( NAMED_UNIT ( * ) SI_UNIT ( $, .STERADIAN. ) SOLID_ANGLE_UNIT ( ) );
#9493 = DIRECTION ( 'NONE',  ( 0.0000000000000000000, -1.000000000000000000, 2.168404344971006649E-16 ) ) ;
#9494 = DIRECTION ( 'NONE',  ( 0.0000000000000000000, 1.000000000000000000, 0.0000000000000000000 ) ) ;
#9495 = ORIENTED_EDGE ( 'NONE', *, *, #5089, .F. ) ;
#9496 = LINE ( 'NONE', #9436, #3537 ) ;
#9497 = ORIENTED_EDGE ( 'NONE', *, *, #9205, .T. ) ;
#9498 =( NAMED_UNIT ( * ) SI_UNIT ( $, .STERADIAN. ) SOLID_ANGLE_UNIT ( ) );
#9499 = DIRECTION ( 'NONE',  ( -0.0000000000000000000, -0.0000000000000000000, 1.000000000000000000 ) ) ;
#9500 = VECTOR ( 'NONE', #8325, 1000.000000000000000 ) ;
#9501 = EDGE_CURVE ( 'NONE', #2984, #8035, #6601, .T. ) ;
#9502 = CARTESIAN_POINT ( 'NONE',  ( 6.900000000000001243, 5.293955920339377119E-20, -12.20000000000062279 ) ) ;
#9503 = DIRECTION ( 'NONE',  ( 0.0000000000000000000, 0.0000000000000000000, 1.000000000000000000 ) ) ;
#9504 = ORIENTED_EDGE ( 'NONE', *, *, #9083, .T. ) ;
#9505 = DIRECTION ( 'NONE',  ( -0.0000000000000000000, 1.000000000000000000, 0.0000000000000000000 ) ) ;
#9506 = CARTESIAN_POINT ( 'NONE',  ( 6.687500047683759163, 2.399999999999999911, -7.582978731393931859 ) ) ;
#9507 = COLOUR_RGB ( '',0.9803921568627450567, 0.6274509803921568540, 0.0000000000000000000 ) ;
#9508 = FILL_AREA_STYLE ('',( #6760 ) ) ;
#9509 = EDGE_CURVE ( 'NONE', #6635, #502, #1716, .T. ) ;
#9510 = EDGE_CURVE ( 'NONE', #8882, #2287, #8457, .T. ) ;
#9511 = DIRECTION ( 'NONE',  ( 0.0000000000000000000, 1.000000000000000000, 0.0000000000000000000 ) ) ;
#9512 = AXIS2_PLACEMENT_3D ( 'NONE', #11402, #10432, #2415 ) ;
#9513 = FACE_OUTER_BOUND ( 'NONE', #10011, .T. ) ;
#9514 = LINE ( 'NONE', #8502, #6118 ) ;
#9515 = AXIS2_PLACEMENT_3D ( 'NONE', #9745, #685, #4324 ) ;
#9516 = CARTESIAN_POINT ( 'NONE',  ( 5.287500047683860949, 2.389999999999999680, -7.404255306720942009 ) ) ;
#9517 = DIRECTION ( 'NONE',  ( -0.0000000000000000000, -1.000000000000000000, -0.0000000000000000000 ) ) ;
#9518 = CARTESIAN_POINT ( 'NONE',  ( 5.054166936874123550, 2.389999999999999680, -6.510638308524962170 ) ) ;
#9519 = ORIENTED_EDGE ( 'NONE', *, *, #5217, .T. ) ;
#9520 = AXIS2_PLACEMENT_3D ( 'NONE', #1547, #1668, #6954 ) ;
#9521 = DIRECTION ( 'NONE',  ( 1.000000000000000000, 0.0000000000000000000, 0.0000000000000000000 ) ) ;
#9522 = DIRECTION ( 'NONE',  ( -0.0000000000000000000, -1.000000000000000000, -0.0000000000000000000 ) ) ;
#9523 = EDGE_CURVE ( 'NONE', #10086, #5580, #11257, .T. ) ;
#9524 = VECTOR ( 'NONE', #6012, 1000.000000000000000 ) ;
#9525 = ORIENTED_EDGE ( 'NONE', *, *, #11217, .T. ) ;
#9526 = SURFACE_STYLE_USAGE ( .BOTH. , #294 ) ;
#9527 = CARTESIAN_POINT ( 'NONE',  ( 9.336227644068999965, 2.389799999999999702, -7.934367427167001274 ) ) ;
#9528 = VECTOR ( 'NONE', #6052, 1000.000000000000000 ) ;
#9529 = LINE ( 'NONE', #1373, #1919 ) ;
#9530 = DIRECTION ( 'NONE',  ( 0.0000000000000000000, 1.000000000000000000, 0.0000000000000000000 ) ) ;
#9531 = DIRECTION ( 'NONE',  ( 0.3102789952927825223, 0.0000000000000000000, -0.9506455412403201910 ) ) ;
#9532 = ORIENTED_EDGE ( 'NONE', *, *, #6494, .F. ) ;
#9533 = ORIENTED_EDGE ( 'NONE', *, *, #3747, .T. ) ;
#9534 = CARTESIAN_POINT ( 'NONE',  ( 13.41296632238999642, 2.389799999999999702, -7.625055715786999144 ) ) ;
#9535 = EDGE_LOOP ( 'NONE', ( #7314, #941, #2289, #6377 ) ) ;
#9536 = SURFACE_STYLE_USAGE ( .BOTH. , #7561 ) ;
#9537 = FACE_OUTER_BOUND ( 'NONE', #7291, .T. ) ;
#9538 = AXIS2_PLACEMENT_3D ( 'NONE', #4144, #11404, #615 ) ;
#9539 = DIRECTION ( 'NONE',  ( -0.5466232776987958175, 0.0000000000000000000, 0.8373786433136595209 ) ) ;
#9540 = ORIENTED_EDGE ( 'NONE', *, *, #9747, .T. ) ;
#9541 = LINE ( 'NONE', #1385, #6947 ) ;
#9542 = DIRECTION ( 'NONE',  ( -1.000000000000000000, 0.0000000000000000000, 0.0000000000000000000 ) ) ;
#9543 = VERTEX_POINT ( 'NONE', #9586 ) ;
#9544 = CARTESIAN_POINT ( 'NONE',  ( 3.449999999999999734, 0.4100000000000149636, 0.0000000000000000000 ) ) ;
#9545 = CARTESIAN_POINT ( 'NONE',  ( 4.049999999999999822, 0.8200000000000149392, -12.19999999999999929 ) ) ;
#9546 = LINE ( 'NONE', #5018, #7197 ) ;
#9547 = CIRCLE ( 'NONE', #4419, 0.2500000000000002220 ) ;
#9548 = ORIENTED_EDGE ( 'NONE', *, *, #2551, .T. ) ;
#9549 = ORIENTED_EDGE ( 'NONE', *, *, #5112, .F. ) ;
#9550 = ORIENTED_EDGE ( 'NONE', *, *, #7164, .T. ) ;
#9551 = CARTESIAN_POINT ( 'NONE',  ( 13.20000000000000107, 0.009999999999999998473, -11.75000000000000178 ) ) ;
#9552 = EDGE_CURVE ( 'NONE', #2000, #11268, #9646, .T. ) ;
#9553 = ADVANCED_FACE ( 'NONE', ( #9824 ), #3282, .F. ) ;
#9554 = PLANE ( 'NONE',  #10281 ) ;
#9555 = AXIS2_PLACEMENT_3D ( 'NONE', #8956, #6931, #11699 ) ;
#9556 = ORIENTED_EDGE ( 'NONE', *, *, #4527, .T. ) ;
#9557 = CARTESIAN_POINT ( 'NONE',  ( 14.57551123754999978, 0.01020000000000000073, -0.9000000000000001332 ) ) ;
#9558 = ORIENTED_EDGE ( 'NONE', *, *, #9655, .F. ) ;
#9559 = CARTESIAN_POINT ( 'NONE',  ( 5.649999999999999467, 0.4100000000000150191, 0.0000000000000000000 ) ) ;
#9560 = CARTESIAN_POINT ( 'NONE',  ( 12.05416676998143366, 2.399999999999999911, -6.093617081642001665 ) ) ;
#9561 = AXIS2_PLACEMENT_3D ( 'NONE', #4561, #8141, #872 ) ;
#9562 = DIRECTION ( 'NONE',  ( 0.0000000000000000000, 1.000000000000000000, 0.0000000000000000000 ) ) ;
#9563 = AXIS2_PLACEMENT_3D ( 'NONE', #4541, #10191, #11095 ) ;
#9564 = ORIENTED_EDGE ( 'NONE', *, *, #11368, .F. ) ;
#9565 = EDGE_CURVE ( 'NONE', #4175, #5124, #3036, .T. ) ;
#9566 = UNCERTAINTY_MEASURE_WITH_UNIT (LENGTH_MEASURE( 1.000000000000000082E-05 ), #6490, 'distance_accuracy_value', 'NONE');
#9567 = DIRECTION ( 'NONE',  ( -0.0000000000000000000, -1.000000000000000000, -0.0000000000000000000 ) ) ;
#9568 = EDGE_CURVE ( 'NONE', #11199, #6261, #11670, .T. ) ;
#9569 = EDGE_CURVE ( 'NONE', #1430, #5620, #767, .T. ) ;
#9570 = DIRECTION ( 'NONE',  ( 0.0000000000000000000, 0.0000000000000000000, -1.000000000000000000 ) ) ;
#9571 = LINE ( 'NONE', #5045, #4339 ) ;
#9572 = AXIS2_PLACEMENT_3D ( 'NONE', #261, #204, #1036 ) ;
#9573 = DIRECTION ( 'NONE',  ( 1.000000000000000000, -0.0000000000000000000, -0.0000000000000000000 ) ) ;
#9574 = CARTESIAN_POINT ( 'NONE',  ( 13.42500004507500044, 2.389999999999999680, -7.582978731394000249 ) ) ;
#9575 = DIRECTION ( 'NONE',  ( 0.0000000000000000000, 0.0000000000000000000, 1.000000000000000000 ) ) ;
#9576 = EDGE_CURVE ( 'NONE', #6210, #2418, #10600, .T. ) ;
#9577 = SURFACE_STYLE_FILL_AREA ( #1541 ) ;
#9578 = ORIENTED_EDGE ( 'NONE', *, *, #10596, .T. ) ;
#9579 = VECTOR ( 'NONE', #2758, 1000.000000000000000 ) ;
#9580 = PLANE ( 'NONE',  #10124 ) ;
#9581 = LINE ( 'NONE', #1427, #9711 ) ;
#9582 = EDGE_LOOP ( 'NONE', ( #6788, #9059, #7256, #3011 ) ) ;
#9583 = VECTOR ( 'NONE', #8162, 1000.000000000000000 ) ;
#9584 = PRESENTATION_STYLE_ASSIGNMENT (( #1672 ) ) ;
#9585 = CARTESIAN_POINT ( 'NONE',  ( 1.700000000000231992, 0.009999999999999998473, -0.9000000000000001332 ) ) ;
#9586 = CARTESIAN_POINT ( 'NONE',  ( 3.200000000000000178, 0.8200000000000299272, -0.2500000000000002220 ) ) ;
#9587 = ORIENTED_EDGE ( 'NONE', *, *, #8490, .T. ) ;
#9588 = ORIENTED_EDGE ( 'NONE', *, *, #10497, .T. ) ;
#9589 = DIRECTION ( 'NONE',  ( -1.000000000000000000, 0.0000000000000000000, 0.0000000000000000000 ) ) ;
#9590 = VERTEX_POINT ( 'NONE', #7078 ) ;
#9591 = PRODUCT_DEFINITION ( 'UNKNOWN', '', #6469, #5991 ) ;
#9592 = CARTESIAN_POINT ( 'NONE',  ( 2.837500047683709781, 2.399999999999999911, -7.999999999999761080 ) ) ;
#9593 =( GEOMETRIC_REPRESENTATION_CONTEXT ( 3 ) GLOBAL_UNCERTAINTY_ASSIGNED_CONTEXT ( ( #8139 ) ) GLOBAL_UNIT_ASSIGNED_CONTEXT ( ( #1224, #9438, #8550 ) ) REPRESENTATION_CONTEXT ( 'NONE', 'WORKASPACE' ) );
#9594 =( GEOMETRIC_REPRESENTATION_CONTEXT ( 3 ) GLOBAL_UNCERTAINTY_ASSIGNED_CONTEXT ( ( #5172 ) ) GLOBAL_UNIT_ASSIGNED_CONTEXT ( ( #2388, #10401, #5059 ) ) REPRESENTATION_CONTEXT ( 'NONE', 'WORKASPACE' ) );
#9595 = CARTESIAN_POINT ( 'NONE',  ( 4.470833158492202308, 2.394999999999999574, -7.999999999999899636 ) ) ;
#9596 = EDGE_LOOP ( 'NONE', ( #7012, #10028, #9944, #7226, #11742, #7935, #6845, #9435 ) ) ;
#9597 = LINE ( 'NONE', #7090, #3922 ) ;
#9598 = CARTESIAN_POINT ( 'NONE',  ( 3.600000000000000533, 0.01020000000000000073, -0.9244887624473999699 ) ) ;
#9599 = ORIENTED_EDGE ( 'NONE', *, *, #1432, .F. ) ;
#9600 = PLANE ( 'NONE',  #1225 ) ;
#9601 = CARTESIAN_POINT ( 'NONE',  ( 6.687500047683700544, 2.394999999999999574, -7.582978731394139693 ) ) ;
#9602 = LINE ( 'NONE', #9484, #7104 ) ;
#9603 = DIRECTION ( 'NONE',  ( 0.0000000000000000000, 0.0000000000000000000, -1.000000000000000000 ) ) ;
#9604 = EDGE_LOOP ( 'NONE', ( #4721, #2723, #11460, #7919 ) ) ;
#9605 = VERTEX_POINT ( 'NONE', #3528 ) ;
#9606 = EDGE_LOOP ( 'NONE', ( #912, #6325, #6358, #5758, #10380, #2381, #1706, #9915 ) ) ;
#9607 = EDGE_CURVE ( 'NONE', #667, #8211, #10660, .T. ) ;
#9608 = ORIENTED_EDGE ( 'NONE', *, *, #4340, .F. ) ;
#9609 = CARTESIAN_POINT ( 'NONE',  ( 11.00000000000000000, 0.009999999999999998473, -0.4500000000000149436 ) ) ;
#9610 = LINE ( 'NONE', #2354, #7990 ) ;
#9611 = VECTOR ( 'NONE', #7288, 1000.000000000000114 ) ;
#9612 = SURFACE_STYLE_FILL_AREA ( #3372 ) ;
#9613 = VECTOR ( 'NONE', #2583, 1000.000000000000000 ) ;
#9614 = LINE ( 'NONE', #8715, #4408 ) ;
#9615 = ORIENTED_EDGE ( 'NONE', *, *, #5769, .T. ) ;
#9616 = ORIENTED_EDGE ( 'NONE', *, *, #7358, .F. ) ;
#9617 = CARTESIAN_POINT ( 'NONE',  ( 4.937500047683999860, 2.394999999999999574, -6.927659535408369429 ) ) ;
#9618 = LINE ( 'NONE', #6872, #1950 ) ;
#9619 = FILL_AREA_STYLE_COLOUR ( '', #539 ) ;
#9620 = ADVANCED_FACE ( 'NONE', ( #1491 ), #10715, .F. ) ;
#9621 = VECTOR ( 'NONE', #6066, 1000.000000000000000 ) ;
#9622 = CARTESIAN_POINT ( 'NONE',  ( 14.30000000000165095, 0.009999999999999998473, -11.29999999999918003 ) ) ;
#9623 = VERTEX_POINT ( 'NONE', #1557 ) ;
#9624 = FACE_OUTER_BOUND ( 'NONE', #6492, .T. ) ;
#9625 = CARTESIAN_POINT ( 'NONE',  ( 3.200000000000000178, 0.8200000000000300382, 0.0000000000000000000 ) ) ;
#9626 = LINE ( 'NONE', #7899, #5649 ) ;
#9627 = LINE ( 'NONE', #6881, #9528 ) ;
#9628 = CARTESIAN_POINT ( 'NONE',  ( 5.287500047683789894, 2.394999999999999574, -6.689361691474986493 ) ) ;
#9629 = CARTESIAN_POINT ( 'NONE',  ( 5.400000000000000355, 0.8200000000000300382, 0.0000000000000000000 ) ) ;
#9630 = EDGE_CURVE ( 'NONE', #2296, #9073, #5120, .T. ) ;
#9631 = DIRECTION ( 'NONE',  ( -0.0000000000000000000, 1.000000000000000000, -2.168404344971006649E-16 ) ) ;
#9632 = EDGE_CURVE ( 'NONE', #3062, #7450, #8813, .T. ) ;
#9633 = ADVANCED_FACE ( 'NONE', ( #9768 ), #7136, .F. ) ;
#9634 = VERTEX_POINT ( 'NONE', #5181 ) ;
#9635 = VECTOR ( 'NONE', #2924, 1000.000000000000000 ) ;
#9636 = CARTESIAN_POINT ( 'NONE',  ( 10.36250004768361777, 2.399999999999999911, -6.987234079837999268 ) ) ;
#9637 = CARTESIAN_POINT ( 'NONE',  ( 15.00000000000000000, 0.009999999999974222217, -12.19999999999999929 ) ) ;
#9638 = EDGE_LOOP ( 'NONE', ( #6935, #742, #7676, #10183, #5910, #7522, #7286, #6221 ) ) ;
#9639 = EDGE_CURVE ( 'NONE', #8137, #4544, #5298, .T. ) ;
#9640 = DIRECTION ( 'NONE',  ( 0.0000000000000000000, 1.000000000000000000, -0.0000000000000000000 ) ) ;
#9641 = PLANE ( 'NONE',  #3335 ) ;
#9642 = DIRECTION ( 'NONE',  ( 1.000000000000000000, 0.0000000000000000000, 0.0000000000000000000 ) ) ;
#9643 = LINE ( 'NONE', #2331, #9134 ) ;
#9644 = VECTOR ( 'NONE', #688, 1000.000000000000000 ) ;
#9645 = EDGE_CURVE ( 'NONE', #8996, #10311, #1616, .T. ) ;
#9646 = LINE ( 'NONE', #6127, #8739 ) ;
#9647 = ORIENTED_EDGE ( 'NONE', *, *, #10544, .F. ) ;
#9648 = ORIENTED_EDGE ( 'NONE', *, *, #6730, .F. ) ;
#9649 = CARTESIAN_POINT ( 'NONE',  ( 12.34583340883366986, 2.389999999999999680, -7.940425533801623637 ) ) ;
#9650 = EDGE_LOOP ( 'NONE', ( #7345, #10090, #2787, #4814 ) ) ;
#9651 = DIRECTION ( 'NONE',  ( -0.0000000000000000000, -0.0000000000000000000, 1.000000000000000000 ) ) ;
#9652 = DIRECTION ( 'NONE',  ( 0.0000000000000000000, 1.000000000000000000, 0.0000000000000000000 ) ) ;
#9653 = CARTESIAN_POINT ( 'NONE',  ( 5.000000000000000000, 0.004999999999999999237, -11.29999999999750848 ) ) ;
#9654 = AXIS2_PLACEMENT_3D ( 'NONE', #4769, #8403, #7620 ) ;
#9655 = EDGE_CURVE ( 'NONE', #5028, #4824, #5241, .T. ) ;
#9656 = ORIENTED_EDGE ( 'NONE', *, *, #1660, .F. ) ;
#9657 = DIRECTION ( 'NONE',  ( -1.000000000000000000, -0.0000000000000000000, -0.0000000000000000000 ) ) ;
#9658 = DIRECTION ( 'NONE',  ( -1.000000000000000000, -0.0000000000000000000, -0.0000000000000000000 ) ) ;
#9659 = ORIENTED_EDGE ( 'NONE', *, *, #10956, .F. ) ;
#9660 = CARTESIAN_POINT ( 'NONE',  ( 9.604166603088000187, 2.389799999999999702, -8.024488762446999601 ) ) ;
#9661 = CARTESIAN_POINT ( 'NONE',  ( 5.754166936874357319, 2.389999999999999680, -6.331914925575019559 ) ) ;
#9662 = DIRECTION ( 'NONE',  ( -0.9689177459678627313, 0.0000000000000000000, 0.2473831068374640896 ) ) ;
#9663 = DIRECTION ( 'NONE',  ( 1.000000000000000000, 0.0000000000000000000, -0.0000000000000000000 ) ) ;
#9664 = ORIENTED_EDGE ( 'NONE', *, *, #4717, .F. ) ;
#9665 = ORIENTED_EDGE ( 'NONE', *, *, #5333, .T. ) ;
#9666 = ORIENTED_EDGE ( 'NONE', *, *, #3295, .T. ) ;
#9667 = VECTOR ( 'NONE', #11173, 1000.000000000000114 ) ;
#9668 = VERTEX_POINT ( 'NONE', #7976 ) ;
#9669 = CARTESIAN_POINT ( 'NONE',  ( 5.404166936874011284, 2.389999999999999680, -6.510638308525178886 ) ) ;
#9670 = DIRECTION ( 'NONE',  ( 0.0000000000000000000, 1.000000000000000000, -0.0000000000000000000 ) ) ;
#9671 = CARTESIAN_POINT ( 'NONE',  ( 12.22916668653036432, 2.399999999999999911, -7.880851067602280935 ) ) ;
#9672 = VECTOR ( 'NONE', #2889, 1000.000000000000000 ) ;
#9673 = CARTESIAN_POINT ( 'NONE',  ( 8.000000000000000000, 0.8199999999999999512, 0.0000000000000000000 ) ) ;
#9674 = ORIENTED_EDGE ( 'NONE', *, *, #5824, .T. ) ;
#9675 = FACE_OUTER_BOUND ( 'NONE', #11557, .T. ) ;
#9676 = ADVANCED_FACE ( 'NONE', ( #10775 ), #6182, .T. ) ;
#9677 = EDGE_LOOP ( 'NONE', ( #2942, #9081, #6165, #11341 ) ) ;
#9678 = CARTESIAN_POINT ( 'NONE',  ( 6.100000000000000533, 0.01000000000000002449, -12.19999999999999751 ) ) ;
#9679 = LINE ( 'NONE', #7831, #11660 ) ;
#9680 = LINE ( 'NONE', #11243, #10522 ) ;
#9681 = CARTESIAN_POINT ( 'NONE',  ( 4.299999999999999822, 0.8200000000000300382, 0.0000000000000000000 ) ) ;
#9682 = COLOUR_RGB ( '',0.9803921568627450567, 0.6274509803921568540, 0.0000000000000000000 ) ;
#9683 = DIRECTION ( 'NONE',  ( 0.0000000000000000000, 0.0000000000000000000, -1.000000000000000000 ) ) ;
#9684 = VERTEX_POINT ( 'NONE', #11498 ) ;
#9685 = DIRECTION ( 'NONE',  ( -9.403954806578308822E-32, -1.000000000000000000, 2.168404344971010101E-16 ) ) ;
#9686 = UNCERTAINTY_MEASURE_WITH_UNIT (LENGTH_MEASURE( 1.000000000000000082E-05 ), #6739, 'distance_accuracy_value', 'NONE');
#9687 = DIRECTION ( 'NONE',  ( 0.6166621762862998235, 0.0000000000000000000, -0.7872278960617723476 ) ) ;
#9688 = VECTOR ( 'NONE', #10073, 1000.000000000000000 ) ;
#9689 = DIRECTION ( 'NONE',  ( -0.0000000000000000000, -0.0000000000000000000, 1.000000000000000000 ) ) ;
#9690 =( LENGTH_UNIT ( ) NAMED_UNIT ( * ) SI_UNIT ( .MILLI., .METRE. ) );
#9691 = EDGE_CURVE ( 'NONE', #7475, #8357, #3348, .T. ) ;
#9692 = FACE_OUTER_BOUND ( 'NONE', #9254, .T. ) ;
#9693 = VECTOR ( 'NONE', #10292, 1000.000000000000000 ) ;
#9694 = DIRECTION ( 'NONE',  ( 0.0000000000000000000, -4.336808689941998508E-16, -1.000000000000000000 ) ) ;
#9695 = DIRECTION ( 'NONE',  ( -0.6996234726653329794, 0.0000000000000000000, -0.7145117189351761766 ) ) ;
#9696 = CARTESIAN_POINT ( 'NONE',  ( 11.64583332539000082, 2.389999999999999680, -8.000000000000000000 ) ) ;
#9697 = UNCERTAINTY_MEASURE_WITH_UNIT (LENGTH_MEASURE( 1.000000000000000082E-05 ), #240, 'distance_accuracy_value', 'NONE');
#9698 = ORIENTED_EDGE ( 'NONE', *, *, #8558, .F. ) ;
#9699 = AXIS2_PLACEMENT_3D ( 'NONE', #11114, #6755, #3807 ) ;
#9700 = DIRECTION ( 'NONE',  ( -0.0000000000000000000, 1.000000000000000000, -2.168404344970999500E-16 ) ) ;
#9701 = CARTESIAN_POINT ( 'NONE',  ( 5.380439342439999884, 2.389799999999999702, -6.159249656897999969 ) ) ;
#9702 = AXIS2_PLACEMENT_3D ( 'NONE', #1744, #10954, #2805 ) ;
#9703 = EDGE_CURVE ( 'NONE', #7153, #11072, #4292, .T. ) ;
#9704 = ORIENTED_EDGE ( 'NONE', *, *, #8109, .T. ) ;
#9705 = CARTESIAN_POINT ( 'NONE',  ( -0.3200000000000000622, -0.02448876244737000288, 0.0000000000000000000 ) ) ;
#9706 = PRESENTATION_LAYER_ASSIGNMENT (  '', '', ( #5700 ) ) ;
#9707 = CARTESIAN_POINT ( 'NONE',  ( 8.311902646563000374, 2.389799999999999702, -7.202729742274001978 ) ) ;
#9708 = DIRECTION ( 'NONE',  ( -1.000000000000000000, 0.0000000000000000000, 0.0000000000000000000 ) ) ;
#9709 = CARTESIAN_POINT ( 'NONE',  ( 15.40000000000000213, 0.009999999999999989800, 0.0000000000000000000 ) ) ;
#9710 = DIRECTION ( 'NONE',  ( -1.000000000000000000, -0.0000000000000000000, -0.0000000000000000000 ) ) ;
#9711 = VECTOR ( 'NONE', #10530, 1000.000000000000000 ) ;
#9712 = ORIENTED_EDGE ( 'NONE', *, *, #7118, .T. ) ;
#9713 = VERTEX_POINT ( 'NONE', #5416 ) ;
#9714 =( NAMED_UNIT ( * ) SI_UNIT ( $, .STERADIAN. ) SOLID_ANGLE_UNIT ( ) );
#9715 = ORIENTED_EDGE ( 'NONE', *, *, #8257, .F. ) ;
#9716 = LINE ( 'NONE', #8040, #11457 ) ;
#9717 = ADVANCED_FACE ( 'NONE', ( #7422 ), #9041, .F. ) ;
#9718 = COLOUR_RGB ( '',0.9803921568627450567, 0.6274509803921568540, 0.0000000000000000000 ) ;
#9719 = CARTESIAN_POINT ( 'NONE',  ( 8.000000000000000000, 0.009999999999999995004, -12.19999999999999929 ) ) ;
#9720 = ADVANCED_FACE ( 'NONE', ( #8210 ), #1844, .F. ) ;
#9721 = VECTOR ( 'NONE', #11357, 1000.000000000000114 ) ;
#9722 = ORIENTED_EDGE ( 'NONE', *, *, #2660, .F. ) ;
#9723 =( LENGTH_UNIT ( ) NAMED_UNIT ( * ) SI_UNIT ( .MILLI., .METRE. ) );
#9724 = LINE ( 'NONE', #8883, #3924 ) ;
#9725 = ORIENTED_EDGE ( 'NONE', *, *, #4326, .T. ) ;
#9726 = DIRECTION ( 'NONE',  ( -1.000000000000000000, -0.0000000000000000000, -0.0000000000000000000 ) ) ;
#9727 = VECTOR ( 'NONE', #722, 1000.000000000000000 ) ;
#9728 = DIRECTION ( 'NONE',  ( -1.000000000000000000, -0.0000000000000000000, -0.0000000000000000000 ) ) ;
#9729 = LINE ( 'NONE', #7994, #11588 ) ;
#9730 = ORIENTED_EDGE ( 'NONE', *, *, #3174, .F. ) ;
#9731 = ORIENTED_EDGE ( 'NONE', *, *, #5036, .F. ) ;
#9732 = AXIS2_PLACEMENT_3D ( 'NONE', #766, #4511, #8873 ) ;
#9733 = ORIENTED_EDGE ( 'NONE', *, *, #1122, .F. ) ;
#9734 = VECTOR ( 'NONE', #2339, 1000.000000000000227 ) ;
#9735 = EDGE_CURVE ( 'NONE', #11199, #2126, #9880, .T. ) ;
#9736 = ADVANCED_FACE ( 'NONE', ( #4688 ), #2632, .F. ) ;
#9737 = CARTESIAN_POINT ( 'NONE',  ( 15.41802238576842221, 2.212914624889426030, -0.3672519428911535933 ) ) ;
#9738 = CARTESIAN_POINT ( 'NONE',  ( 13.22083338796915086, 2.399999999999999911, -7.821276596188166508 ) ) ;
#9739 = ORIENTED_EDGE ( 'NONE', *, *, #9248, .T. ) ;
#9740 = EDGE_LOOP ( 'NONE', ( #5237, #7083, #8849, #5363 ) ) ;
#9741 = VECTOR ( 'NONE', #9389, 1000.000000000000000 ) ;
#9742 = CARTESIAN_POINT ( 'NONE',  ( 12.12448876245000129, 0.01000000000000000021, 0.02448876244737000288 ) ) ;
#9743 = DIRECTION ( 'NONE',  ( 1.000000000000000000, 0.0000000000000000000, 0.0000000000000000000 ) ) ;
#9744 = LINE ( 'NONE', #1593, #8529 ) ;
#9745 = CARTESIAN_POINT ( 'NONE',  ( 13.90000000000000213, 0.009999999999974222217, 1.756407519426636498E-16 ) ) ;
#9746 = ORIENTED_EDGE ( 'NONE', *, *, #1215, .F. ) ;
#9747 = EDGE_CURVE ( 'NONE', #6277, #6060, #8149, .T. ) ;
#9748 = VECTOR ( 'NONE', #11226, 1000.000000000000000 ) ;
#9749 = DIRECTION ( 'NONE',  ( 0.0000000000000000000, -1.000000000000000000, 2.168404344971006649E-16 ) ) ;
#9750 = CARTESIAN_POINT ( 'NONE',  ( 1.500000000000000000, 2.399999999999999911, -1.899999999999999911 ) ) ;
#9751 = CARTESIAN_POINT ( 'NONE',  ( 0.5999999999999999778, 0.009999999999999996739, -1.129377263005733721E-18 ) ) ;
#9752 = DIRECTION ( 'NONE',  ( -0.6166621762862996015, 0.0000000000000000000, 0.7872278960617724586 ) ) ;
#9753 = DIRECTION ( 'NONE',  ( -1.000000000000000000, 0.0000000000000000000, 0.0000000000000000000 ) ) ;
#9754 = STYLED_ITEM ( 'NONE', ( #224 ), #5046 ) ;
#9755 = FACE_OUTER_BOUND ( 'NONE', #9596, .T. ) ;
#9756 = PRESENTATION_LAYER_ASSIGNMENT (  '', '', ( #1000 ) ) ;
#9757 = SURFACE_STYLE_USAGE ( .BOTH. , #7005 ) ;
#9758 = PLANE ( 'NONE',  #910 ) ;
#9759 = VERTEX_POINT ( 'NONE', #8265 ) ;
#9760 = CARTESIAN_POINT ( 'NONE',  ( 5.754166936874364424, 2.394999999999999574, -7.761702135205000630 ) ) ;
#9761 = LINE ( 'NONE', #3276, #5145 ) ;
#9762 = MECHANICAL_DESIGN_GEOMETRIC_PRESENTATION_REPRESENTATION (  '', ( #7105 ), #11279 ) ;
#9763 = ORIENTED_EDGE ( 'NONE', *, *, #4679, .F. ) ;
#9764 = CARTESIAN_POINT ( 'NONE',  ( 13.73300004768000093, 2.389999999999999680, -8.056000000000000938 ) ) ;
#9765 = PLANE ( 'NONE',  #5205 ) ;
#9766 = DIRECTION ( 'NONE',  ( -0.5466210397348517658, 0.0000000000000000000, 0.8373801042054853649 ) ) ;
#9767 = LINE ( 'NONE', #11721, #24 ) ;
#9768 = FACE_OUTER_BOUND ( 'NONE', #6724, .T. ) ;
#9769 = ORIENTED_EDGE ( 'NONE', *, *, #4717, .T. ) ;
#9770 = VERTEX_POINT ( 'NONE', #52 ) ;
#9771 = DIRECTION ( 'NONE',  ( 0.0000000000000000000, 0.0000000000000000000, 1.000000000000000000 ) ) ;
#9772 = ORIENTED_EDGE ( 'NONE', *, *, #7991, .F. ) ;
#9773 = ADVANCED_FACE ( 'NONE', ( #10050 ), #4465, .F. ) ;
#9774 = LINE ( 'NONE', #6078, #7444 ) ;
#9775 = FILL_AREA_STYLE ('',( #11504 ) ) ;
#9776 = FACE_OUTER_BOUND ( 'NONE', #3305, .T. ) ;
#9777 = ORIENTED_EDGE ( 'NONE', *, *, #6350, .F. ) ;
#9778 = CARTESIAN_POINT ( 'NONE',  ( 9.895833492278910626, 2.389999999999999680, -5.200000000000000178 ) ) ;
#9779 = VERTEX_POINT ( 'NONE', #9996 ) ;
#9780 = DIRECTION ( 'NONE',  ( -1.000000000000000000, 0.0000000000000000000, 0.0000000000000000000 ) ) ;
#9781 = EDGE_CURVE ( 'NONE', #4572, #4041, #8089, .T. ) ;
#9782 = CARTESIAN_POINT ( 'NONE',  ( 13.50000000000000000, 0.0000000000000000000, -6.099999999999999645 ) ) ;
#9783 = LINE ( 'NONE', #9002, #825 ) ;
#9784 = CARTESIAN_POINT ( 'NONE',  ( 9.545833492278678278, 2.394999999999999574, -6.331914925575067521 ) ) ;
#9785 = EDGE_LOOP ( 'NONE', ( #5867, #473, #3117, #10483, #55, #2837, #5892, #1050 ) ) ;
#9786 = VERTEX_POINT ( 'NONE', #3762 ) ;
#9787 = VECTOR ( 'NONE', #2543, 999.9999999999998863 ) ;
#9788 = ORIENTED_EDGE ( 'NONE', *, *, #2945, .T. ) ;
#9789 = ADVANCED_FACE ( 'NONE', ( #11723 ), #4513, .F. ) ;
#9790 = EDGE_CURVE ( 'NONE', #7223, #2999, #6356, .T. ) ;
#9791 = CARTESIAN_POINT ( 'NONE',  ( 12.81250004768677009, 2.399999999999999911, -8.000000000000174083 ) ) ;
#9792 = DIRECTION ( 'NONE',  ( 1.000000000000000000, -0.0000000000000000000, -0.0000000000000000000 ) ) ;
#9793 = ORIENTED_EDGE ( 'NONE', *, *, #9735, .T. ) ;
#9794 = COLOUR_RGB ( '',0.9803921568627450567, 0.6274509803921568540, 0.0000000000000000000 ) ;
#9795 = LINE ( 'NONE', #6155, #3147 ) ;
#9796 = ORIENTED_EDGE ( 'NONE', *, *, #7674, .F. ) ;
#9797 = AXIS2_PLACEMENT_3D ( 'NONE', #7362, #9214, #6648 ) ;
#9798 = CARTESIAN_POINT ( 'NONE',  ( 6.354633010757999578, 2.389799999999999702, -6.528135767268998357 ) ) ;
#9799 = EDGE_CURVE ( 'NONE', #5747, #5124, #173, .T. ) ;
#9800 = CARTESIAN_POINT ( 'NONE',  ( 4.700000000000000178, 1.058791184067875424E-19, -1.490354470693941447E-14 ) ) ;
#9801 = CARTESIAN_POINT ( 'NONE',  ( 8.000000000000000000, 0.0000000000000000000, 0.0000000000000000000 ) ) ;
#9802 = CARTESIAN_POINT ( 'NONE',  ( 11.00000000000122569, 1.588186776101813136E-19, -0.9000000000000077938 ) ) ;
#9803 = ORIENTED_EDGE ( 'NONE', *, *, #3338, .F. ) ;
#9804 = ADVANCED_FACE ( 'NONE', ( #11001 ), #2854, .T. ) ;
#9805 = DIRECTION ( 'NONE',  ( 0.9689178100274553618, 0.0000000000000000000, -0.2473828559371080704 ) ) ;
#9806 = ORIENTED_EDGE ( 'NONE', *, *, #9926, .F. ) ;
#9807 = UNCERTAINTY_MEASURE_WITH_UNIT (LENGTH_MEASURE( 1.000000000000000082E-05 ), #10830, 'distance_accuracy_value', 'NONE');
#9808 = VECTOR ( 'NONE', #8798, 1000.000000000000000 ) ;
#9809 = VECTOR ( 'NONE', #8952, 1000.000000000000000 ) ;
#9810 = CARTESIAN_POINT ( 'NONE',  ( 15.00000000000000000, 0.8200000000000300382, -12.19999999999999929 ) ) ;
#9811 = CARTESIAN_POINT ( 'NONE',  ( 13.51250004768020929, 2.389999999999999680, -7.285106384755037467 ) ) ;
#9812 = DIRECTION ( 'NONE',  ( -0.3646920423965966385, 0.0000000000000000000, -0.9311281942958223867 ) ) ;
#9813 = CARTESIAN_POINT ( 'NONE',  ( 6.570833158493081250, 2.399999999999999911, -6.331914925574918307 ) ) ;
#9814 = EDGE_CURVE ( 'NONE', #1086, #1365, #1362, .T. ) ;
#9815 = SURFACE_STYLE_USAGE ( .BOTH. , #8020 ) ;
#9816 = MECHANICAL_DESIGN_GEOMETRIC_PRESENTATION_REPRESENTATION (  '', ( #8279 ), #4863 ) ;
#9817 = VECTOR ( 'NONE', #5696, 1000.000000000000000 ) ;
#9818 = PLANE ( 'NONE',  #10074 ) ;
#9819 = SURFACE_SIDE_STYLE ('',( #6234 ) ) ;
#9820 = PLANE ( 'NONE',  #9520 ) ;
#9821 = LINE ( 'NONE', #9936, #8061 ) ;
#9822 = LINE ( 'NONE', #6831, #2872 ) ;
#9823 = FACE_OUTER_BOUND ( 'NONE', #9535, .T. ) ;
#9824 = FACE_OUTER_BOUND ( 'NONE', #15, .T. ) ;
#9825 = VERTEX_POINT ( 'NONE', #2075 ) ;
#9826 = VERTEX_POINT ( 'NONE', #8505 ) ;
#9827 = FILL_AREA_STYLE_COLOUR ( '', #8697 ) ;
#9828 = ORIENTED_EDGE ( 'NONE', *, *, #4022, .T. ) ;
#9829 = FACE_OUTER_BOUND ( 'NONE', #3296, .T. ) ;
#9830 = SURFACE_SIDE_STYLE ('',( #1801 ) ) ;
#9831 = VERTEX_POINT ( 'NONE', #1181 ) ;
#9832 = DIRECTION ( 'NONE',  ( 1.000000000000000000, 0.0000000000000000000, 0.0000000000000000000 ) ) ;
#9833 = EDGE_CURVE ( 'NONE', #8041, #11330, #2976, .T. ) ;
#9834 = VERTEX_POINT ( 'NONE', #3149 ) ;
#9835 = VECTOR ( 'NONE', #5802, 1000.000000000000114 ) ;
#9836 = DIRECTION ( 'NONE',  ( -0.0000000000000000000, 1.000000000000000000, -0.0000000000000000000 ) ) ;
#9837 = CARTESIAN_POINT ( 'NONE',  ( 5.637500047683655424, 2.399999999999999911, -6.093617081641848898 ) ) ;
#9838 = CARTESIAN_POINT ( 'NONE',  ( 15.25000000000000000, 2.149999999999999911, -11.49999999999965361 ) ) ;
#9839 = FILL_AREA_STYLE_COLOUR ( '', #7779 ) ;
#9840 = VERTEX_POINT ( 'NONE', #4749 ) ;
#9841 = ORIENTED_EDGE ( 'NONE', *, *, #168, .F. ) ;
#9842 = EDGE_LOOP ( 'NONE', ( #419, #11046, #3878, #2572 ) ) ;
#9843 = FILL_AREA_STYLE_COLOUR ( '', #1304 ) ;
#9844 = AXIS2_PLACEMENT_3D ( 'NONE', #4238, #2395, #9771 ) ;
#9845 = ADVANCED_FACE ( 'NONE', ( #11303, #345 ), #1301, .T. ) ;
#9846 = ORIENTED_EDGE ( 'NONE', *, *, #5647, .T. ) ;
#9847 = LINE ( 'NONE', #1698, #10175 ) ;
#9848 = EDGE_CURVE ( 'NONE', #11240, #6277, #2138, .T. ) ;
#9849 = ORIENTED_EDGE ( 'NONE', *, *, #6064, .T. ) ;
#9850 = EDGE_CURVE ( 'NONE', #593, #4881, #3874, .T. ) ;
#9851 = FACE_OUTER_BOUND ( 'NONE', #3876, .T. ) ;
#9852 = CARTESIAN_POINT ( 'NONE',  ( 4.931677342473001602, 2.389799999999999702, -6.951445993535000589 ) ) ;
#9853 = VECTOR ( 'NONE', #10989, 1000.000000000000000 ) ;
#9854 = DIRECTION ( 'NONE',  ( 0.0000000000000000000, 0.0000000000000000000, -1.000000000000000000 ) ) ;
#9855 = ORIENTED_EDGE ( 'NONE', *, *, #6695, .F. ) ;
#9856 = ORIENTED_EDGE ( 'NONE', *, *, #8183, .T. ) ;
#9857 = VECTOR ( 'NONE', #10702, 1000.000000000000000 ) ;
#9858 = VERTEX_POINT ( 'NONE', #406 ) ;
#9859 = EDGE_CURVE ( 'NONE', #1756, #2666, #7211, .T. ) ;
#9860 = DIRECTION ( 'NONE',  ( -0.0000000000000000000, 1.000000000000000000, -2.168404344971006649E-16 ) ) ;
#9861 = CARTESIAN_POINT ( 'NONE',  ( 5.000000000000000000, 0.004999999999999999237, -3.388131789017201356E-18 ) ) ;
#9862 = STYLED_ITEM ( 'NONE', ( #3081 ), #11665 ) ;
#9863 = CARTESIAN_POINT ( 'NONE',  ( 12.80000000000000071, 0.009999999999974222217, 1.756407519426624172E-16 ) ) ;
#9864 = VECTOR ( 'NONE', #668, 1000.000000000000000 ) ;
#9865 = ADVANCED_FACE ( 'NONE', ( #4869 ), #10220, .T. ) ;
#9866 = PLANE ( 'NONE',  #10563 ) ;
#9867 = DIRECTION ( 'NONE',  ( -0.0000000000000000000, 1.000000000000000000, -0.0000000000000000000 ) ) ;
#9868 = AXIS2_PLACEMENT_3D ( 'NONE', #4661, #9184, #11032 ) ;
#9869 = DIRECTION ( 'NONE',  ( -1.000000000000000000, 0.0000000000000000000, 0.0000000000000000000 ) ) ;
#9870 = VECTOR ( 'NONE', #1262, 1000.000000000000000 ) ;
#9871 = EDGE_CURVE ( 'NONE', #8961, #2188, #8383, .T. ) ;
#9872 = EDGE_CURVE ( 'NONE', #1558, #9070, #6587, .T. ) ;
#9873 = AXIS2_PLACEMENT_3D ( 'NONE', #189, #3714, #11079 ) ;
#9874 = CARTESIAN_POINT ( 'NONE',  ( 8.000000000000000000, 0.009999999999999995004, 0.0000000000000000000 ) ) ;
#9875 = ORIENTED_EDGE ( 'NONE', *, *, #7925, .T. ) ;
#9876 = DIRECTION ( 'NONE',  ( -0.9689176559525980448, 0.0000000000000000000, 0.2473834593971934726 ) ) ;
#9877 = DIRECTION ( 'NONE',  ( -0.5466232777021624578, 0.0000000000000000000, -0.8373786433114619454 ) ) ;
#9878 = COLOUR_RGB ( '',0.9803921568627450567, 0.6274509803921568540, 0.0000000000000000000 ) ;
#9879 = FACE_OUTER_BOUND ( 'NONE', #537, .T. ) ;
#9880 = LINE ( 'NONE', #7305, #10064 ) ;
#9881 = ORIENTED_EDGE ( 'NONE', *, *, #886, .T. ) ;
#9882 = ORIENTED_EDGE ( 'NONE', *, *, #3370, .T. ) ;
#9883 = CARTESIAN_POINT ( 'NONE',  ( 8.000000000000000000, 0.009999999999999995004, -12.19999999999999929 ) ) ;
#9884 = ORIENTED_EDGE ( 'NONE', *, *, #4623, .F. ) ;
#9885 = VERTEX_POINT ( 'NONE', #11063 ) ;
#9886 = CARTESIAN_POINT ( 'NONE',  ( 11.64583332538712845, 2.394999999999999574, -8.000000000000000000 ) ) ;
#9887 = ADVANCED_FACE ( 'NONE', ( #11126 ), #5643, .T. ) ;
#9888 = CARTESIAN_POINT ( 'NONE',  ( 2.500000000000002220, 0.009999999999999996739, -12.20000000000166196 ) ) ;
#9889 = VECTOR ( 'NONE', #11544, 1000.000000000000000 ) ;
#9890 = SURFACE_STYLE_USAGE ( .BOTH. , #9830 ) ;
#9891 = EDGE_LOOP ( 'NONE', ( #270, #7557, #9186, #5652 ) ) ;
#9892 = DIRECTION ( 'NONE',  ( 1.000000000000000000, 0.0000000000000000000, 0.0000000000000000000 ) ) ;
#9893 = LINE ( 'NONE', #3596, #10727 ) ;
#9894 =( GEOMETRIC_REPRESENTATION_CONTEXT ( 3 ) GLOBAL_UNCERTAINTY_ASSIGNED_CONTEXT ( ( #2429 ) ) GLOBAL_UNIT_ASSIGNED_CONTEXT ( ( #10174, #2258, #8509 ) ) REPRESENTATION_CONTEXT ( 'NONE', 'WORKASPACE' ) );
#9895 = DIRECTION ( 'NONE',  ( 1.000000000000000000, -0.0000000000000000000, 0.0000000000000000000 ) ) ;
#9896 = FILL_AREA_STYLE ('',( #6257 ) ) ;
#9897 = FACE_OUTER_BOUND ( 'NONE', #10151, .T. ) ;
#9898 = ORIENTED_EDGE ( 'NONE', *, *, #4744, .T. ) ;
#9899 = VERTEX_POINT ( 'NONE', #7603 ) ;
#9900 = VERTEX_POINT ( 'NONE', #5821 ) ;
#9901 = LINE ( 'NONE', #4153, #969 ) ;
#9902 = FILL_AREA_STYLE_COLOUR ( '', #5879 ) ;
#9903 = CIRCLE ( 'NONE', #11035, 0.2499999999999993616 ) ;
#9904 = LINE ( 'NONE', #5382, #223 ) ;
#9905 = ORIENTED_EDGE ( 'NONE', *, *, #8245, .T. ) ;
#9906 = CYLINDRICAL_SURFACE ( 'NONE', #6179, 0.2500000000000011102 ) ;
#9907 = STYLED_ITEM ( 'NONE', ( #3712 ), #8317 ) ;
#9908 = VERTEX_POINT ( 'NONE', #10334 ) ;
#9909 = LINE ( 'NONE', #1765, #9787 ) ;
#9910 = CARTESIAN_POINT ( 'NONE',  ( 12.81250004768508788, 2.399999999999999911, -7.761702135205000630 ) ) ;
#9911 = PLANE ( 'NONE',  #5002 ) ;
#9912 = CARTESIAN_POINT ( 'NONE',  ( 8.000000047682000570, 2.390000000000000124, -7.702127653359999826 ) ) ;
#9913 = AXIS2_PLACEMENT_3D ( 'NONE', #9863, #8246, #10031 ) ;
#9914 = ORIENTED_EDGE ( 'NONE', *, *, #7594, .T. ) ;
#9915 = ORIENTED_EDGE ( 'NONE', *, *, #3789, .T. ) ;
#9916 = ORIENTED_EDGE ( 'NONE', *, *, #3202, .F. ) ;
#9917 = UNCERTAINTY_MEASURE_WITH_UNIT (LENGTH_MEASURE( 1.000000000000000082E-05 ), #8877, 'distance_accuracy_value', 'NONE');
#9918 = EDGE_CURVE ( 'NONE', #8937, #8035, #2193, .T. ) ;
#9919 = EDGE_CURVE ( 'NONE', #10513, #9825, #4929, .T. ) ;
#9920 = CARTESIAN_POINT ( 'NONE',  ( 8.495833492004113197, 2.399999999999999911, -6.510638308946289143 ) ) ;
#9921 = CARTESIAN_POINT ( 'NONE',  ( 7.350000000000000533, 0.009999999999987104274, 2.792598419361491987E-30 ) ) ;
#9922 = CARTESIAN_POINT ( 'NONE',  ( 12.34583340883020064, 2.399999999999999911, -7.940425533800206104 ) ) ;
#9923 = VECTOR ( 'NONE', #8409, 1000.000000000000000 ) ;
#9924 = CARTESIAN_POINT ( 'NONE',  ( 4.470833158492883541, 2.399999999999999911, -6.093617081642287658 ) ) ;
#9925 = CYLINDRICAL_SURFACE ( 'NONE', #4241, 0.2499999999999999445 ) ;
#9926 = EDGE_CURVE ( 'NONE', #8804, #9831, #7544, .T. ) ;
#9927 = VECTOR ( 'NONE', #8524, 1000.000000000000000 ) ;
#9928 = ORIENTED_EDGE ( 'NONE', *, *, #1793, .F. ) ;
#9929 = DIRECTION ( 'NONE',  ( 0.0000000000000000000, 0.0000000000000000000, 1.000000000000000000 ) ) ;
#9930 = EDGE_CURVE ( 'NONE', #4385, #300, #10280, .T. ) ;
#9931 = EDGE_CURVE ( 'NONE', #8035, #10025, #2497, .T. ) ;
#9932 = CARTESIAN_POINT ( 'NONE',  ( 6.104166936874134919, 2.399999999999999911, -8.000000000000532907 ) ) ;
#9933 = CARTESIAN_POINT ( 'NONE',  ( 3.600000000000002309, 0.009999999999999996739, -12.20000000000166196 ) ) ;
#9934 = AXIS2_PLACEMENT_3D ( 'NONE', #9742, #1525, #7053 ) ;
#9935 = ORIENTED_EDGE ( 'NONE', *, *, #4675, .F. ) ;
#9936 = CARTESIAN_POINT ( 'NONE',  ( 0.4599999999999999645, 2.399999999999999911, -8.000000000000000000 ) ) ;
#9937 = EDGE_CURVE ( 'NONE', #4195, #6428, #2377, .T. ) ;
#9938 = LINE ( 'NONE', #1791, #4404 ) ;
#9939 = DIRECTION ( 'NONE',  ( 0.0000000000000000000, -1.000000000000000000, 2.168404344971006649E-16 ) ) ;
#9940 = ORIENTED_EDGE ( 'NONE', *, *, #11251, .F. ) ;
#9941 = ORIENTED_EDGE ( 'NONE', *, *, #3468, .T. ) ;
#9942 = VECTOR ( 'NONE', #5754, 1000.000000000000000 ) ;
#9943 = SURFACE_SIDE_STYLE ('',( #10778 ) ) ;
#9944 = ORIENTED_EDGE ( 'NONE', *, *, #9645, .T. ) ;
#9945 = VERTEX_POINT ( 'NONE', #5169 ) ;
#9946 = DIRECTION ( 'NONE',  ( 0.0000000000000000000, 1.000000000000000000, 0.0000000000000000000 ) ) ;
#9947 = DIRECTION ( 'NONE',  ( 0.0000000000000000000, 1.000000000000000000, 0.0000000000000000000 ) ) ;
#9948 =( NAMED_UNIT ( * ) SI_UNIT ( $, .STERADIAN. ) SOLID_ANGLE_UNIT ( ) );
#9949 = ORIENTED_EDGE ( 'NONE', *, *, #11642, .T. ) ;
#9950 = DIRECTION ( 'NONE',  ( -0.0000000000000000000, -0.0000000000000000000, 1.000000000000000000 ) ) ;
#9951 = VECTOR ( 'NONE', #2485, 1000.000000000000114 ) ;
#9952 = CARTESIAN_POINT ( 'NONE',  ( 6.500000000000000888, 0.8200000000000299272, -0.2499999999999997780 ) ) ;
#9953 = ADVANCED_FACE ( 'NONE', ( #3394 ), #3333, .T. ) ;
#9954 = CARTESIAN_POINT ( 'NONE',  ( 4.724488762446999779, 0.01000000000000000021, 0.02448876244737000288 ) ) ;
#9955 = ADVANCED_FACE ( 'NONE', ( #512 ), #9818, .T. ) ;
#9956 = LINE ( 'NONE', #5374, #5963 ) ;
#9957 = DIRECTION ( 'NONE',  ( -0.0000000000000000000, 1.000000000000000000, -2.168404344971006649E-16 ) ) ;
#9958 = ORIENTED_EDGE ( 'NONE', *, *, #5500, .T. ) ;
#9959 = VERTEX_POINT ( 'NONE', #694 ) ;
#9960 = ORIENTED_EDGE ( 'NONE', *, *, #9930, .T. ) ;
#9961 =( NAMED_UNIT ( * ) PLANE_ANGLE_UNIT ( ) SI_UNIT ( $, .RADIAN. ) );
#9962 = FILL_AREA_STYLE ('',( #9902 ) ) ;
#9963 = CARTESIAN_POINT ( 'NONE',  ( 13.51250004768121293, 2.399999999999999911, -6.093617081642001665 ) ) ;
#9964 = ORIENTED_EDGE ( 'NONE', *, *, #4253, .F. ) ;
#9965 = CARTESIAN_POINT ( 'NONE',  ( 9.604166603088000187, 2.389799999999999702, -6.476085124493001111 ) ) ;
#9966 = ORIENTED_EDGE ( 'NONE', *, *, #3317, .T. ) ;
#9967 =( NAMED_UNIT ( * ) SI_UNIT ( $, .STERADIAN. ) SOLID_ANGLE_UNIT ( ) );
#9968 = DIRECTION ( 'NONE',  ( 0.8373786433108563187, -0.0000000000000000000, 0.5466232777030902712 ) ) ;
#9969 = LINE ( 'NONE', #1988, #3213 ) ;
#9970 = ORIENTED_EDGE ( 'NONE', *, *, #3456, .T. ) ;
#9971 = VERTEX_POINT ( 'NONE', #1605 ) ;
#9972 = AXIS2_PLACEMENT_3D ( 'NONE', #3711, #10179, #1017 ) ;
#9973 = ORIENTED_EDGE ( 'NONE', *, *, #7798, .F. ) ;
#9974 = DIRECTION ( 'NONE',  ( 0.0000000000000000000, -1.000000000000000000, 2.168404344971006649E-16 ) ) ;
#9975 = CARTESIAN_POINT ( 'NONE',  ( 11.00000000000000178, 0.009999999999999998473, -0.9000000000000200062 ) ) ;
#9976 = CARTESIAN_POINT ( 'NONE',  ( 13.22083338796851315, 2.399999999999999911, -7.285106384753514241 ) ) ;
#9977 = AXIS2_PLACEMENT_3D ( 'NONE', #6629, #6691, #987 ) ;
#9978 = ORIENTED_EDGE ( 'NONE', *, *, #4382, .T. ) ;
#9979 = FACE_OUTER_BOUND ( 'NONE', #7172, .T. ) ;
#9980 = CARTESIAN_POINT ( 'NONE',  ( 15.25000000000000178, 0.8200000000000210454, -11.75000000000000000 ) ) ;
#9981 = EDGE_CURVE ( 'NONE', #5534, #10843, #11363, .T. ) ;
#9982 = PRESENTATION_STYLE_ASSIGNMENT (( #40 ) ) ;
#9983 = VECTOR ( 'NONE', #8546, 1000.000000000000000 ) ;
#9984 = ORIENTED_EDGE ( 'NONE', *, *, #2794, .F. ) ;
#9985 = CARTESIAN_POINT ( 'NONE',  ( 8.076731991772000185, 2.389799999999999702, -6.592207051904000359 ) ) ;
#9986 = FACE_OUTER_BOUND ( 'NONE', #11185, .T. ) ;
#9987 = SURFACE_STYLE_USAGE ( .BOTH. , #6402 ) ;
#9988 = EDGE_CURVE ( 'NONE', #7232, #10547, #636, .T. ) ;
#9989 = VECTOR ( 'NONE', #7598, 999.9999999999998863 ) ;
#9990 = CIRCLE ( 'NONE', #110, 0.2500000000000002220 ) ;
#9991 = EDGE_LOOP ( 'NONE', ( #10949, #4077, #1728, #6082 ) ) ;
#9992 = ADVANCED_FACE ( 'NONE', ( #11425 ), #2321, .T. ) ;
#9993 = ADVANCED_FACE ( 'NONE', ( #10765 ), #7125, .F. ) ;
#9994 = CARTESIAN_POINT ( 'NONE',  ( 7.599999999999998757, 0.009999999999974168441, -0.2499999999999991951 ) ) ;
#9995 = DIRECTION ( 'NONE',  ( -1.000000000000000000, -0.0000000000000000000, -0.0000000000000000000 ) ) ;
#9996 = CARTESIAN_POINT ( 'NONE',  ( 11.76250004768000501, 2.399999999999999911, -6.093617081642003441 ) ) ;
#9997 = EDGE_LOOP ( 'NONE', ( #4537, #10273, #3908, #11377 ) ) ;
#9998 = DIRECTION ( 'NONE',  ( -0.0000000000000000000, 1.000000000000000000, -0.0000000000000000000 ) ) ;
#9999 = ORIENTED_EDGE ( 'NONE', *, *, #2302, .F. ) ;
#10000 = VERTEX_POINT ( 'NONE', #2621 ) ;
#10001 = CARTESIAN_POINT ( 'NONE',  ( 4.299999999999999822, 0.8200000000000299272, -0.2500000000000002220 ) ) ;
#10002 = FACE_OUTER_BOUND ( 'NONE', #8284, .T. ) ;
#10003 = ADVANCED_FACE ( 'NONE', ( #8974, #10818 ), #8199, .T. ) ;
#10004 = DIRECTION ( 'NONE',  ( 0.0000000000000000000, -1.000000000000000000, 2.168404344971006896E-16 ) ) ;
#10005 = VERTEX_POINT ( 'NONE', #8136 ) ;
#10006 = PLANE ( 'NONE',  #481 ) ;
#10007 = ADVANCED_FACE ( 'NONE', ( #11769 ), #99, .F. ) ;
#10008 = DIRECTION ( 'NONE',  ( 0.0000000000000000000, 1.000000000000000000, 0.0000000000000000000 ) ) ;
#10009 = CARTESIAN_POINT ( 'NONE',  ( 0.5519245199893910714, 2.326068962433526899, -11.44573042362530124 ) ) ;
#10010 = PLANE ( 'NONE',  #9873 ) ;
#10011 = EDGE_LOOP ( 'NONE', ( #1127, #3358, #8839, #2814 ) ) ;
#10012 = ORIENTED_EDGE ( 'NONE', *, *, #6213, .T. ) ;
#10013 = ORIENTED_EDGE ( 'NONE', *, *, #4895, .F. ) ;
#10014 = APPLICATION_PROTOCOL_DEFINITION ( 'draft international standard', 'automotive_design', 1998, #1720 ) ;
#10015 = FACE_OUTER_BOUND ( 'NONE', #11674, .T. ) ;
#10016 = AXIS2_PLACEMENT_3D ( 'NONE', #2980, #3153, #6768 ) ;
#10017 = EDGE_CURVE ( 'NONE', #3108, #1795, #7239, .T. ) ;
#10018 = FACE_OUTER_BOUND ( 'NONE', #9196, .T. ) ;
#10019 = ORIENTED_EDGE ( 'NONE', *, *, #6004, .T. ) ;
#10020 = CARTESIAN_POINT ( 'NONE',  ( 15.42606896243340309, 2.348075480010639371, -11.44573042362516802 ) ) ;
#10021 = VERTEX_POINT ( 'NONE', #10102 ) ;
#10022 = DIRECTION ( 'NONE',  ( -0.6996255164454510123, 0.0000000000000000000, 0.7145097177354803319 ) ) ;
#10023 = PRESENTATION_STYLE_ASSIGNMENT (( #9241 ) ) ;
#10024 = FACE_OUTER_BOUND ( 'NONE', #1112, .T. ) ;
#10025 = VERTEX_POINT ( 'NONE', #1949 ) ;
#10026 = VERTEX_POINT ( 'NONE', #5579 ) ;
#10027 = CIRCLE ( 'NONE', #7732, 0.2500000000000011102 ) ;
#10028 = ORIENTED_EDGE ( 'NONE', *, *, #3680, .T. ) ;
#10029 = LINE ( 'NONE', #9075, #2318 ) ;
#10030 = DIRECTION ( 'NONE',  ( 0.0000000000000000000, 1.000000000000000000, 0.0000000000000000000 ) ) ;
#10031 = DIRECTION ( 'NONE',  ( 0.0000000000000000000, -2.168404344970992105E-16, -1.000000000000000000 ) ) ;
#10032 = ORIENTED_EDGE ( 'NONE', *, *, #679, .F. ) ;
#10033 = ORIENTED_EDGE ( 'NONE', *, *, #8030, .T. ) ;
#10034 = CIRCLE ( 'NONE', #9654, 0.2500000000000002220 ) ;
#10035 = CARTESIAN_POINT ( 'NONE',  ( 6.203700195419001417, 2.389799999999999702, -7.719625112104001374 ) ) ;
#10036 = CARTESIAN_POINT ( 'NONE',  ( -0.3200000000000000622, -0.02448876244737000288, 0.0000000000000000000 ) ) ;
#10037 = VECTOR ( 'NONE', #11342, 1000.000000000000000 ) ;
#10038 = DIRECTION ( 'NONE',  ( 0.0000000000000000000, 1.000000000000000000, -0.0000000000000000000 ) ) ;
#10039 = VERTEX_POINT ( 'NONE', #9201 ) ;
#10040 = FACE_OUTER_BOUND ( 'NONE', #10312, .T. ) ;
#10041 = VECTOR ( 'NONE', #2139, 1000.000000000000000 ) ;
#10042 = DIRECTION ( 'NONE',  ( -1.000000000000000000, 0.0000000000000000000, 0.0000000000000000000 ) ) ;
#10043 = ADVANCED_FACE ( 'NONE', ( #3923 ), #5809, .F. ) ;
#10044 = AXIS2_PLACEMENT_3D ( 'NONE', #6978, #8778, #729 ) ;
#10045 = CARTESIAN_POINT ( 'NONE',  ( 0.7500000000000000000, 2.149999999999999911, -11.49999999999998934 ) ) ;
#10046 = VERTEX_POINT ( 'NONE', #5632 ) ;
#10047 = CARTESIAN_POINT ( 'NONE',  ( 13.22448876245000271, 0.01000000000000000021, 0.02448876244737000288 ) ) ;
#10048 = DIRECTION ( 'NONE',  ( 0.0000000000000000000, -1.000000000000000000, 2.168404344971006649E-16 ) ) ;
#10049 = AXIS2_PLACEMENT_3D ( 'NONE', #11326, #6783, #2273 ) ;
#10050 = FACE_OUTER_BOUND ( 'NONE', #4931, .T. ) ;
#10051 = CARTESIAN_POINT ( 'NONE',  ( 4.700000000000000178, 0.01020000000000000073, -12.22448876245000093 ) ) ;
#10052 = VERTEX_POINT ( 'NONE', #390 ) ;
#10053 = AXIS2_PLACEMENT_3D ( 'NONE', #6427, #5548, #895 ) ;
#10054 = EDGE_LOOP ( 'NONE', ( #10780, #6156, #7456, #5683 ) ) ;
#10055 = LINE ( 'NONE', #11678, #6767 ) ;
#10056 = AXIS2_PLACEMENT_3D ( 'NONE', #11293, #566, #11537 ) ;
#10057 = EDGE_CURVE ( 'NONE', #9713, #7350, #4033, .T. ) ;
#10058 = EDGE_CURVE ( 'NONE', #9073, #716, #11171, .T. ) ;
#10059 = FACE_OUTER_BOUND ( 'NONE', #42, .T. ) ;
#10060 = CIRCLE ( 'NONE', #7391, 0.5000000000000000000 ) ;
#10061 = CARTESIAN_POINT ( 'NONE',  ( 11.76250004768000501, 2.389799999999999702, -7.673531914592000014 ) ) ;
#10062 = ORIENTED_EDGE ( 'NONE', *, *, #5844, .T. ) ;
#10063 =( NAMED_UNIT ( * ) SI_UNIT ( $, .STERADIAN. ) SOLID_ANGLE_UNIT ( ) );
#10064 = VECTOR ( 'NONE', #1733, 1000.000000000000000 ) ;
#10065 = DIRECTION ( 'NONE',  ( -0.0000000000000000000, -0.0000000000000000000, 1.000000000000000000 ) ) ;
#10066 =( NAMED_UNIT ( * ) PLANE_ANGLE_UNIT ( ) SI_UNIT ( $, .RADIAN. ) );
#10067 = ORIENTED_EDGE ( 'NONE', *, *, #1046, .T. ) ;
#10068 = EDGE_CURVE ( 'NONE', #6306, #497, #9382, .T. ) ;
#10069 = ORIENTED_EDGE ( 'NONE', *, *, #3338, .T. ) ;
#10070 = ORIENTED_EDGE ( 'NONE', *, *, #1189, .F. ) ;
#10071 = CARTESIAN_POINT ( 'NONE',  ( 5.497105560411998937, 2.389799999999999702, -7.696069553367999916 ) ) ;
#10072 =( NAMED_UNIT ( * ) PLANE_ANGLE_UNIT ( ) SI_UNIT ( $, .RADIAN. ) );
#10073 = DIRECTION ( 'NONE',  ( 1.000000000000000000, 0.0000000000000000000, 0.0000000000000000000 ) ) ;
#10074 = AXIS2_PLACEMENT_3D ( 'NONE', #7720, #1478, #6057 ) ;
#10075 = ADVANCED_FACE ( 'NONE', ( #276 ), #9259, .F. ) ;
#10076 = DIRECTION ( 'NONE',  ( 0.0000000000000000000, 0.0000000000000000000, -1.000000000000000000 ) ) ;
#10077 = COLOUR_RGB ( '',0.9803921568627450567, 0.6274509803921568540, 0.0000000000000000000 ) ;
#10078 = ORIENTED_EDGE ( 'NONE', *, *, #5305, .T. ) ;
#10079 = FILL_AREA_STYLE ('',( #6438 ) ) ;
#10080 = ORIENTED_EDGE ( 'NONE', *, *, #57, .F. ) ;
#10081 = CARTESIAN_POINT ( 'NONE',  ( 3.200000000000000622, 0.009999999999999998473, -0.9000000000000001332 ) ) ;
#10082 = SURFACE_STYLE_FILL_AREA ( #5388 ) ;
#10083 = AXIS2_PLACEMENT_3D ( 'NONE', #10131, #7325, #10755 ) ;
#10084 = LINE ( 'NONE', #8294, #7280 ) ;
#10085 = DIRECTION ( 'NONE',  ( 0.0000000000000000000, -1.000000000000000000, 2.168404344970991612E-16 ) ) ;
#10086 = VERTEX_POINT ( 'NONE', #11051 ) ;
#10087 = ADVANCED_FACE ( 'NONE', ( #3977 ), #7588, .F. ) ;
#10088 = ORIENTED_EDGE ( 'NONE', *, *, #3952, .T. ) ;
#10089 = STYLED_ITEM ( 'NONE', ( #8204 ), #5987 ) ;
#10090 = ORIENTED_EDGE ( 'NONE', *, *, #11272, .T. ) ;
#10091 = PRESENTATION_STYLE_ASSIGNMENT (( #8361 ) ) ;
#10092 = VECTOR ( 'NONE', #9708, 1000.000000000000000 ) ;
#10093 = CARTESIAN_POINT ( 'NONE',  ( 9.545833492278788412, 2.389999999999999680, -7.761702135205768016 ) ) ;
#10094 = CARTESIAN_POINT ( 'NONE',  ( 12.80000000000000071, 0.8200000000000300382, 1.215596970137854117E-45 ) ) ;
#10095 = ORIENTED_EDGE ( 'NONE', *, *, #3356, .F. ) ;
#10096 = CARTESIAN_POINT ( 'NONE',  ( 6.337500047683841231, 2.389999999999999680, -7.582978731394059757 ) ) ;
#10097 = ORIENTED_EDGE ( 'NONE', *, *, #2861, .T. ) ;
#10098 = CIRCLE ( 'NONE', #4775, 0.2500000000000019429 ) ;
#10099 = CARTESIAN_POINT ( 'NONE',  ( 9.079166603088026477, 2.389999999999999680, -8.000000000000175859 ) ) ;
#10100 = EDGE_CURVE ( 'NONE', #10619, #9959, #11229, .T. ) ;
#10101 = VECTOR ( 'NONE', #4409, 1000.000000000000000 ) ;
#10102 = CARTESIAN_POINT ( 'NONE',  ( 2.487500047683784299, 2.399999999999999911, -8.000000000000000000 ) ) ;
#10103 = VERTEX_POINT ( 'NONE', #7408 ) ;
#10104 = CARTESIAN_POINT ( 'NONE',  ( 4.937500047683999860, 2.399999999999999911, -0.4330000000000000515 ) ) ;
#10105 = COLOUR_RGB ( '',0.9803921568627450567, 0.6274509803921568540, 0.0000000000000000000 ) ;
#10106 = DIRECTION ( 'NONE',  ( -0.0000000000000000000, -1.000000000000000000, -0.0000000000000000000 ) ) ;
#10107 = LINE ( 'NONE', #1955, #1537 ) ;
#10108 = CARTESIAN_POINT ( 'NONE',  ( 8.000000000000000000, 0.009999999999999998473, -0.4500000000000149436 ) ) ;
#10109 = VERTEX_POINT ( 'NONE', #4799 ) ;
#10110 =( NAMED_UNIT ( * ) PLANE_ANGLE_UNIT ( ) SI_UNIT ( $, .RADIAN. ) );
#10111 = VECTOR ( 'NONE', #1239, 1000.000000000000000 ) ;
#10112 = SURFACE_STYLE_FILL_AREA ( #7361 ) ;
#10113 = FILL_AREA_STYLE ('',( #6530 ) ) ;
#10114 = CARTESIAN_POINT ( 'NONE',  ( 8.000000000000000000, 0.0000000000000000000, 0.0000000000000000000 ) ) ;
#10115 = DIRECTION ( 'NONE',  ( 0.0000000000000000000, 0.0000000000000000000, 1.000000000000000000 ) ) ;
#10116 = ORIENTED_EDGE ( 'NONE', *, *, #10411, .T. ) ;
#10117 = ORIENTED_EDGE ( 'NONE', *, *, #4616, .F. ) ;
#10118 = CARTESIAN_POINT ( 'NONE',  ( 5.637500047683941418, 2.399999999999999911, -6.093617081641775179 ) ) ;
#10119 = LINE ( 'NONE', #1908, #5331 ) ;
#10120 = PRESENTATION_LAYER_ASSIGNMENT (  '', '', ( #2727 ) ) ;
#10121 = CARTESIAN_POINT ( 'NONE',  ( 3.479166936874686478, 2.389999999999999680, -6.868085074424539194 ) ) ;
#10122 = ORIENTED_EDGE ( 'NONE', *, *, #4326, .F. ) ;
#10123 = DIRECTION ( 'NONE',  ( 0.0000000000000000000, 0.0000000000000000000, 1.000000000000000000 ) ) ;
#10124 = AXIS2_PLACEMENT_3D ( 'NONE', #2789, #3576, #2739 ) ;
#10125 =( NAMED_UNIT ( * ) PLANE_ANGLE_UNIT ( ) SI_UNIT ( $, .RADIAN. ) );
#10126 = VECTOR ( 'NONE', #10925, 1000.000000000000000 ) ;
#10127 = FILL_AREA_STYLE_COLOUR ( '', #7968 ) ;
#10128 = AXIS2_PLACEMENT_3D ( 'NONE', #11513, #7095, #7932 ) ;
#10129 = ORIENTED_EDGE ( 'NONE', *, *, #5563, .T. ) ;
#10130 = VERTEX_POINT ( 'NONE', #7474 ) ;
#10131 = CARTESIAN_POINT ( 'NONE',  ( 5.400000000000000355, 0.009999999999974222217, 1.756407519426630582E-16 ) ) ;
#10132 = CARTESIAN_POINT ( 'NONE',  ( 11.70416676997861849, 2.394999999999999574, -7.880851067602699267 ) ) ;
#10133 = VECTOR ( 'NONE', #909, 1000.000000000000000 ) ;
#10134 = EDGE_CURVE ( 'NONE', #8643, #2106, #2965, .T. ) ;
#10135 = ORIENTED_EDGE ( 'NONE', *, *, #10806, .F. ) ;
#10136 = CARTESIAN_POINT ( 'NONE',  ( 5.229166603088501120, 2.389999999999999680, -6.272340464592000231 ) ) ;
#10137 = ORIENTED_EDGE ( 'NONE', *, *, #7296, .T. ) ;
#10138 = SURFACE_STYLE_USAGE ( .BOTH. , #5560 ) ;
#10139 = EDGE_CURVE ( 'NONE', #7866, #7696, #10656, .T. ) ;
#10140 = LINE ( 'NONE', #1154, #1399 ) ;
#10141 = ADVANCED_FACE ( 'NONE', ( #10156 ), #1227, .F. ) ;
#10142 = CARTESIAN_POINT ( 'NONE',  ( 6.804166936874000093, 2.389999999999999680, -7.046808499098000667 ) ) ;
#10143 = ORIENTED_EDGE ( 'NONE', *, *, #21, .F. ) ;
#10144 = ORIENTED_EDGE ( 'NONE', *, *, #8569, .F. ) ;
#10145 = COLOUR_RGB ( '',0.8313725490196077761, 0.8509803921568627194, 0.8313725490196077761 ) ;
#10146 = ORIENTED_EDGE ( 'NONE', *, *, #9358, .T. ) ;
#10147 = LINE ( 'NONE', #3067, #10452 ) ;
#10148 = CARTESIAN_POINT ( 'NONE',  ( 1.250000000000002442, 0.4100000000000150191, -12.19999999999999929 ) ) ;
#10149 = DIRECTION ( 'NONE',  ( 0.0000000000000000000, 0.0000000000000000000, 1.000000000000000000 ) ) ;
#10150 = EDGE_CURVE ( 'NONE', #6361, #5731, #332, .T. ) ;
#10151 = EDGE_LOOP ( 'NONE', ( #6713, #10738, #10304, #8930 ) ) ;
#10152 = ORIENTED_EDGE ( 'NONE', *, *, #9552, .T. ) ;
#10153 = DIRECTION ( 'NONE',  ( 1.000000000000000000, 0.0000000000000000000, 0.0000000000000000000 ) ) ;
#10154 = CARTESIAN_POINT ( 'NONE',  ( 12.57916668653531467, 2.394999999999999574, -7.761702135205635678 ) ) ;
#10155 = ADVANCED_FACE ( 'NONE', ( #10695 ), #1468, .F. ) ;
#10156 = FACE_OUTER_BOUND ( 'NONE', #2705, .T. ) ;
#10157 = ORIENTED_EDGE ( 'NONE', *, *, #7727, .F. ) ;
#10158 = CARTESIAN_POINT ( 'NONE',  ( 5.637500047683355220, 2.389999999999999680, -8.000000000000270006 ) ) ;
#10159 = AXIS2_PLACEMENT_3D ( 'NONE', #1005, #5589, #11125 ) ;
#10160 = LINE ( 'NONE', #3810, #11473 ) ;
#10161 = COLOUR_RGB ( '',0.9803921568627450567, 0.6274509803921568540, 0.0000000000000000000 ) ;
#10162 = LINE ( 'NONE', #7653, #5712 ) ;
#10163 = EDGE_CURVE ( 'NONE', #8831, #6498, #11353, .T. ) ;
#10164 = DIRECTION ( 'NONE',  ( -0.0000000000000000000, -1.000000000000000000, -0.0000000000000000000 ) ) ;
#10165 = LINE ( 'NONE', #1177, #6178 ) ;
#10166 = FILL_AREA_STYLE ('',( #8261 ) ) ;
#10167 = LINE ( 'NONE', #6933, #6814 ) ;
#10168 = CARTESIAN_POINT ( 'NONE',  ( 6.454166936874067062, 2.389999999999999680, -7.404255306720980201 ) ) ;
#10169 = CARTESIAN_POINT ( 'NONE',  ( 12.55000000000000249, 0.4100000000000149636, -12.19999999999999929 ) ) ;
#10170 = LINE ( 'NONE', #6712, #9273 ) ;
#10171 = ORIENTED_EDGE ( 'NONE', *, *, #3903, .T. ) ;
#10172 = ORIENTED_EDGE ( 'NONE', *, *, #10186, .F. ) ;
#10173 = LINE ( 'NONE', #5767, #9635 ) ;
#10174 =( LENGTH_UNIT ( ) NAMED_UNIT ( * ) SI_UNIT ( .MILLI., .METRE. ) );
#10175 = VECTOR ( 'NONE', #5322, 1000.000000000000000 ) ;
#10176 = DIRECTION ( 'NONE',  ( 0.4547774575548397813, -0.0000000000000000000, 0.8906051112024655492 ) ) ;
#10177 = ORIENTED_EDGE ( 'NONE', *, *, #1694, .T. ) ;
#10178 = LINE ( 'NONE', #464, #1834 ) ;
#10179 = DIRECTION ( 'NONE',  ( -1.000000000000000000, -0.0000000000000000000, -0.0000000000000000000 ) ) ;
#10180 = DIRECTION ( 'NONE',  ( 0.0000000000000000000, 1.000000000000000000, 0.0000000000000000000 ) ) ;
#10181 = STYLED_ITEM ( 'NONE', ( #10532 ), #507 ) ;
#10182 = ORIENTED_EDGE ( 'NONE', *, *, #549, .T. ) ;
#10183 = ORIENTED_EDGE ( 'NONE', *, *, #2135, .T. ) ;
#10184 = ORIENTED_EDGE ( 'NONE', *, *, #10591, .F. ) ;
#10185 = DIRECTION ( 'NONE',  ( 0.9689177459682218885, 0.0000000000000000000, -0.2473831068360573260 ) ) ;
#10186 = EDGE_CURVE ( 'NONE', #2287, #4572, #1594, .T. ) ;
#10187 = ORIENTED_EDGE ( 'NONE', *, *, #9197, .T. ) ;
#10188 = CARTESIAN_POINT ( 'NONE',  ( 10.19999999999999929, 5.293955920339377119E-20, -4.235164736271501695E-19 ) ) ;
#10189 = ORIENTED_EDGE ( 'NONE', *, *, #2534, .T. ) ;
#10190 = DIRECTION ( 'NONE',  ( 0.0000000000000000000, -1.000000000000000000, 2.168404344970999747E-16 ) ) ;
#10191 = DIRECTION ( 'NONE',  ( 0.0000000000000000000, -1.000000000000000000, 2.168404344971014291E-16 ) ) ;
#10192 = DIRECTION ( 'NONE',  ( 1.000000000000000000, 0.0000000000000000000, 0.0000000000000000000 ) ) ;
#10193 = DIRECTION ( 'NONE',  ( 0.0000000000000000000, -2.168404344970992105E-16, -1.000000000000000000 ) ) ;
#10194 = ORIENTED_EDGE ( 'NONE', *, *, #2682, .T. ) ;
#10195 = VERTEX_POINT ( 'NONE', #7891 ) ;
#10196 = AXIS2_PLACEMENT_3D ( 'NONE', #2638, #1741, #5365 ) ;
#10197 = VERTEX_POINT ( 'NONE', #8723 ) ;
#10198 = EDGE_CURVE ( 'NONE', #3665, #3593, #10511, .T. ) ;
#10199 = CARTESIAN_POINT ( 'NONE',  ( 12.40000000000000213, 0.004999999999999999237, -3.388131789017201356E-18 ) ) ;
#10200 = ADVANCED_FACE ( 'NONE', ( #2487 ), #3199, .F. ) ;
#10201 = LINE ( 'NONE', #11345, #4140 ) ;
#10202 = EDGE_CURVE ( 'NONE', #2106, #1761, #10445, .T. ) ;
#10203 = CARTESIAN_POINT ( 'NONE',  ( 15.50000000000000178, 0.8199999999999999512, -6.099999999999999645 ) ) ;
#10204 = EDGE_LOOP ( 'NONE', ( #1495, #9659, #487, #3080, #118, #8283 ) ) ;
#10205 = DIRECTION ( 'NONE',  ( -1.000000000000000000, -0.0000000000000000000, -0.0000000000000000000 ) ) ;
#10206 = ORIENTED_EDGE ( 'NONE', *, *, #7149, .F. ) ;
#10207 = CARTESIAN_POINT ( 'NONE',  ( 8.000000000000000000, 0.0000000000000000000, 0.0000000000000000000 ) ) ;
#10208 = CARTESIAN_POINT ( 'NONE',  ( 0.4599999999999999645, 2.399999999999999911, -8.000000000000000000 ) ) ;
#10209 = AXIS2_PLACEMENT_3D ( 'NONE', #7579, #6746, #6567 ) ;
#10210 = DIRECTION ( 'NONE',  ( 1.000000000000000000, 0.0000000000000000000, -0.0000000000000000000 ) ) ;
#10211 = ORIENTED_EDGE ( 'NONE', *, *, #5426, .T. ) ;
#10212 = ADVANCED_FACE ( 'NONE', ( #501 ), #11534, .T. ) ;
#10213 = LINE ( 'NONE', #2181, #8140 ) ;
#10214 = DIRECTION ( 'NONE',  ( -1.000000000000000000, -0.0000000000000000000, -0.0000000000000000000 ) ) ;
#10215 = EDGE_CURVE ( 'NONE', #4851, #3222, #4974, .T. ) ;
#10216 = FILL_AREA_STYLE_COLOUR ( '', #2097 ) ;
#10217 = CARTESIAN_POINT ( 'NONE',  ( 4.937500047683999860, 2.389799999999999702, -7.190446225234999211 ) ) ;
#10218 = ORIENTED_EDGE ( 'NONE', *, *, #2733, .T. ) ;
#10219 = DIRECTION ( 'NONE',  ( 0.0000000000000000000, -4.336808689942028583E-16, -1.000000000000000000 ) ) ;
#10220 = PLANE ( 'NONE',  #5319 ) ;
#10221 = EDGE_CURVE ( 'NONE', #3661, #9945, #6046, .T. ) ;
#10222 = CARTESIAN_POINT ( 'NONE',  ( 9.604166603088000187, 2.399999999999999911, -5.200000000000001066 ) ) ;
#10223 = EDGE_LOOP ( 'NONE', ( #2813, #6077, #735, #8553 ) ) ;
#10224 = PRESENTATION_LAYER_ASSIGNMENT (  '', '', ( #6802 ) ) ;
#10225 = ORIENTED_EDGE ( 'NONE', *, *, #5239, .F. ) ;
#10226 = CARTESIAN_POINT ( 'NONE',  ( 12.32210581387000126, 2.389799999999999702, -7.696069541164000327 ) ) ;
#10227 = VECTOR ( 'NONE', #4209, 1000.000000000000000 ) ;
#10228 = CARTESIAN_POINT ( 'NONE',  ( 14.15000000000000213, 0.009999999999987104274, -12.19999999999999929 ) ) ;
#10229 = DIRECTION ( 'NONE',  ( -1.000000000000000000, -0.0000000000000000000, -0.0000000000000000000 ) ) ;
#10230 = ORIENTED_EDGE ( 'NONE', *, *, #11492, .F. ) ;
#10231 = DIRECTION ( 'NONE',  ( 1.000000000000000000, 0.0000000000000000000, 0.0000000000000000000 ) ) ;
#10232 = FACE_OUTER_BOUND ( 'NONE', #5565, .T. ) ;
#10233 = CARTESIAN_POINT ( 'NONE',  ( 7.999999999999914735, 0.009999999999999998473, -11.29999999999814442 ) ) ;
#10234 = STYLED_ITEM ( 'NONE', ( #10249 ), #9110 ) ;
#10235 = DIRECTION ( 'NONE',  ( 0.0000000000000000000, 0.0000000000000000000, 1.000000000000000000 ) ) ;
#10236 = CARTESIAN_POINT ( 'NONE',  ( 9.079166603088001608, 2.389999999999999680, -7.702127653359999826 ) ) ;
#10237 = ORIENTED_EDGE ( 'NONE', *, *, #6509, .T. ) ;
#10238 = DIRECTION ( 'NONE',  ( -0.5627909312424811406, 0.0000000000000000000, 0.8265992787991174318 ) ) ;
#10239 = ORIENTED_EDGE ( 'NONE', *, *, #2791, .T. ) ;
#10240 = EDGE_CURVE ( 'NONE', #1376, #11499, #5218, .T. ) ;
#10241 = AXIS2_PLACEMENT_3D ( 'NONE', #8044, #831, #8214 ) ;
#10242 = AXIS2_PLACEMENT_3D ( 'NONE', #6974, #5259, #4427 ) ;
#10243 =( NAMED_UNIT ( * ) SI_UNIT ( $, .STERADIAN. ) SOLID_ANGLE_UNIT ( ) );
#10244 = ORIENTED_EDGE ( 'NONE', *, *, #6280, .F. ) ;
#10245 = CARTESIAN_POINT ( 'NONE',  ( 15.42509501087453749, 2.022660547301140976, -11.62500560368719782 ) ) ;
#10246 = EDGE_LOOP ( 'NONE', ( #8520, #2936, #4496, #6468 ) ) ;
#10247 = DIRECTION ( 'NONE',  ( -0.9713210587402105745, 0.0000000000000000000, -0.2377717410622981753 ) ) ;
#10248 = LINE ( 'NONE', #3956, #1010 ) ;
#10249 = PRESENTATION_STYLE_ASSIGNMENT (( #1211 ) ) ;
#10250 = VERTEX_POINT ( 'NONE', #4091 ) ;
#10251 = ORIENTED_EDGE ( 'NONE', *, *, #11167, .F. ) ;
#10252 = VERTEX_POINT ( 'NONE', #9622 ) ;
#10253 =( LENGTH_UNIT ( ) NAMED_UNIT ( * ) SI_UNIT ( .MILLI., .METRE. ) );
#10254 = CARTESIAN_POINT ( 'NONE',  ( 6.337500047683564119, 2.399999999999999911, -7.940425533801430902 ) ) ;
#10255 = DIRECTION ( 'NONE',  ( 0.0000000000000000000, 0.0000000000000000000, -1.000000000000000000 ) ) ;
#10256 = LINE ( 'NONE', #5743, #4217 ) ;
#10257 = ORIENTED_EDGE ( 'NONE', *, *, #11066, .F. ) ;
#10258 = AXIS2_PLACEMENT_3D ( 'NONE', #7349, #3749, #3631 ) ;
#10259 = ORIENTED_EDGE ( 'NONE', *, *, #11244, .F. ) ;
#10260 = SURFACE_STYLE_FILL_AREA ( #3015 ) ;
#10261 = PLANE ( 'NONE',  #3288 ) ;
#10262 = MECHANICAL_DESIGN_GEOMETRIC_PRESENTATION_REPRESENTATION (  '', ( #8750 ), #5156 ) ;
#10263 = EDGE_CURVE ( 'NONE', #11098, #8658, #1529, .T. ) ;
#10264 = ORIENTED_EDGE ( 'NONE', *, *, #10699, .T. ) ;
#10265 = UNCERTAINTY_MEASURE_WITH_UNIT (LENGTH_MEASURE( 1.000000000000000082E-05 ), #10705, 'distance_accuracy_value', 'NONE');
#10266 = STYLED_ITEM ( 'NONE', ( #5068 ), #10469 ) ;
#10267 = LINE ( 'NONE', #1954, #9942 ) ;
#10268 = VECTOR ( 'NONE', #1082, 1000.000000000000000 ) ;
#10269 = PLANE ( 'NONE',  #8195 ) ;
#10270 = VECTOR ( 'NONE', #7285, 1000.000000000000000 ) ;
#10271 = LINE ( 'NONE', #11058, #3156 ) ;
#10272 = EDGE_CURVE ( 'NONE', #2217, #898, #11474, .T. ) ;
#10273 = ORIENTED_EDGE ( 'NONE', *, *, #9926, .T. ) ;
#10274 = CARTESIAN_POINT ( 'NONE',  ( 12.09999999999999964, 0.009999999999999998473, -11.75000000000000178 ) ) ;
#10275 = CARTESIAN_POINT ( 'NONE',  ( 5.287500047683974636, 2.389999999999999680, -7.880851067602827165 ) ) ;
#10276 = CIRCLE ( 'NONE', #6110, 0.5000000000000000000 ) ;
#10277 = EDGE_CURVE ( 'NONE', #7857, #7395, #6463, .T. ) ;
#10278 = DIRECTION ( 'NONE',  ( 0.0000000000000000000, 0.0000000000000000000, 1.000000000000000000 ) ) ;
#10279 = ADVANCED_FACE ( 'NONE', ( #5037 ), #7950, .F. ) ;
#10280 = LINE ( 'NONE', #1243, #5326 ) ;
#10281 = AXIS2_PLACEMENT_3D ( 'NONE', #1585, #6925, #3249 ) ;
#10282 = CARTESIAN_POINT ( 'NONE',  ( 6.745833158492892778, 2.394999999999999574, -6.689361691474996263 ) ) ;
#10283 = EDGE_LOOP ( 'NONE', ( #9046, #6839, #10630, #10080 ) ) ;
#10284 = FACE_OUTER_BOUND ( 'NONE', #8311, .T. ) ;
#10285 = DIRECTION ( 'NONE',  ( -0.9689177459682202231, 0.0000000000000000000, 0.2473831068360640983 ) ) ;
#10286 = VECTOR ( 'NONE', #598, 1000.000000000000000 ) ;
#10287 = EDGE_CURVE ( 'NONE', #11493, #2150, #11589, .T. ) ;
#10288 = DIRECTION ( 'NONE',  ( -0.0000000000000000000, -1.000000000000000000, -0.0000000000000000000 ) ) ;
#10289 = DIRECTION ( 'NONE',  ( -1.000000000000000000, -0.0000000000000000000, -0.0000000000000000000 ) ) ;
#10290 = DIRECTION ( 'NONE',  ( -0.8265992788008341696, 0.0000000000000000000, 0.5627909312399594910 ) ) ;
#10291 = DIRECTION ( 'NONE',  ( -1.000000000000000000, 0.0000000000000000000, 0.0000000000000000000 ) ) ;
#10292 = DIRECTION ( 'NONE',  ( -0.6996234413984975253, 0.0000000000000000000, -0.7145117495505046712 ) ) ;
#10293 = ORIENTED_EDGE ( 'NONE', *, *, #2846, .F. ) ;
#10294 = ORIENTED_EDGE ( 'NONE', *, *, #7590, .T. ) ;
#10295 = CARTESIAN_POINT ( 'NONE',  ( 12.10000000000247944, 0.004999999999999999237, -11.30000000000000071 ) ) ;
#10296 = ORIENTED_EDGE ( 'NONE', *, *, #5126, .F. ) ;
#10297 = DIRECTION ( 'NONE',  ( 0.0000000000000000000, 0.0000000000000000000, -1.000000000000000000 ) ) ;
#10298 = VECTOR ( 'NONE', #10817, 1000.000000000000114 ) ;
#10299 = CARTESIAN_POINT ( 'NONE',  ( 3.599999999999999645, 5.293955920339377119E-20, -12.20000000000062279 ) ) ;
#10300 = FACE_OUTER_BOUND ( 'NONE', #8422, .T. ) ;
#10301 = ADVANCED_FACE ( 'NONE', ( #7711 ), #4151, .F. ) ;
#10302 = ORIENTED_EDGE ( 'NONE', *, *, #5021, .F. ) ;
#10303 = CARTESIAN_POINT ( 'NONE',  ( 7.850000000000001421, 0.4100000000000150746, 0.0000000000000000000 ) ) ;
#10304 = ORIENTED_EDGE ( 'NONE', *, *, #2699, .F. ) ;
#10305 = AXIS2_PLACEMENT_3D ( 'NONE', #155, #4556, #4798 ) ;
#10306 = FILL_AREA_STYLE_COLOUR ( '', #7300 ) ;
#10307 = FACE_OUTER_BOUND ( 'NONE', #5065, .T. ) ;
#10308 = DIRECTION ( 'NONE',  ( 0.0000000000000000000, -1.000000000000000000, 2.168404344971006896E-16 ) ) ;
#10309 = DIRECTION ( 'NONE',  ( 0.0000000000000000000, -1.000000000000000000, 2.168404344970999747E-16 ) ) ;
#10310 = ORIENTED_EDGE ( 'NONE', *, *, #5217, .F. ) ;
#10311 = VERTEX_POINT ( 'NONE', #5094 ) ;
#10312 = EDGE_LOOP ( 'NONE', ( #7187, #3343, #8285, #4444 ) ) ;
#10313 = CARTESIAN_POINT ( 'NONE',  ( 2.487500047683603999, 2.399999999999999911, -6.093617081642339173 ) ) ;
#10314 = CARTESIAN_POINT ( 'NONE',  ( 3.479166936874650506, 2.399999999999999911, -6.868085074424459258 ) ) ;
#10315 = PLANE ( 'NONE',  #5085 ) ;
#10316 = CARTESIAN_POINT ( 'NONE',  ( 8.000000000000000000, 0.8199999999999999512, 0.0000000000000000000 ) ) ;
#10317 = ORIENTED_EDGE ( 'NONE', *, *, #1189, .T. ) ;
#10318 = CARTESIAN_POINT ( 'NONE',  ( 8.845833492279082222, 2.399999999999999911, -7.702127653360035353 ) ) ;
#10319 = VERTEX_POINT ( 'NONE', #3781 ) ;
#10320 = CARTESIAN_POINT ( 'NONE',  ( 5.112500047683999682, 2.389999999999999680, -7.672340433299499551 ) ) ;
#10321 = VECTOR ( 'NONE', #3442, 1000.000000000000000 ) ;
#10322 = CARTESIAN_POINT ( 'NONE',  ( 11.44999999999999929, 0.4100000000000149636, 0.0000000000000000000 ) ) ;
#10323 = ORIENTED_EDGE ( 'NONE', *, *, #5624, .F. ) ;
#10324 = CARTESIAN_POINT ( 'NONE',  ( 3.600000000000000533, 0.009999999999999989800, 0.0000000000000000000 ) ) ;
#10325 = SURFACE_STYLE_FILL_AREA ( #2010 ) ;
#10326 = VECTOR ( 'NONE', #11629, 1000.000000000000000 ) ;
#10327 = ADVANCED_FACE ( 'NONE', ( #7381 ), #4772, .F. ) ;
#10328 = DIRECTION ( 'NONE',  ( -0.5466232329609291840, 0.0000000000000000000, -0.8373786725176022294 ) ) ;
#10329 = ORIENTED_EDGE ( 'NONE', *, *, #9565, .T. ) ;
#10330 = CARTESIAN_POINT ( 'NONE',  ( 8.000000000000000000, 0.0000000000000000000, -12.19999999999999929 ) ) ;
#10331 = CARTESIAN_POINT ( 'NONE',  ( 8.729166603088197363, 2.389999999999999680, -6.391489386558830255 ) ) ;
#10332 = VECTOR ( 'NONE', #3805, 1000.000000000000000 ) ;
#10333 = VECTOR ( 'NONE', #5586, 1000.000000000000000 ) ;
#10334 = CARTESIAN_POINT ( 'NONE',  ( 2.800000000000000266, -1.058791184067875424E-19, -12.20000000000123386 ) ) ;
#10335 = FACE_OUTER_BOUND ( 'NONE', #5437, .T. ) ;
#10336 = ORIENTED_EDGE ( 'NONE', *, *, #7607, .T. ) ;
#10337 = EDGE_CURVE ( 'NONE', #10681, #9840, #11020, .T. ) ;
#10338 = PLANE ( 'NONE',  #10774 ) ;
#10339 = CARTESIAN_POINT ( 'NONE',  ( 15.00000000000000000, 0.8200000000000300382, -12.19999999999999929 ) ) ;
#10340 = PRESENTATION_LAYER_ASSIGNMENT (  '', '', ( #3717 ) ) ;
#10341 = EDGE_CURVE ( 'NONE', #2166, #7638, #9294, .T. ) ;
#10342 = EDGE_CURVE ( 'NONE', #4194, #844, #4649, .T. ) ;
#10343 = VECTOR ( 'NONE', #271, 999.9999999999998863 ) ;
#10344 = AXIS2_PLACEMENT_3D ( 'NONE', #4172, #11315, #5950 ) ;
#10345 = LINE ( 'NONE', #2202, #5055 ) ;
#10346 = DIRECTION ( 'NONE',  ( -0.2377704967217005028, -0.0000000000000000000, 0.9713213633441384331 ) ) ;
#10347 = CARTESIAN_POINT ( 'NONE',  ( 1.399999999999999911, 0.009999999999999998473, -11.75000000000000178 ) ) ;
#10348 = DIRECTION ( 'NONE',  ( -0.0000000000000000000, -0.0000000000000000000, 1.000000000000000000 ) ) ;
#10349 = DIRECTION ( 'NONE',  ( 1.000000000000000000, 0.0000000000000000000, -0.0000000000000000000 ) ) ;
#10350 = ORIENTED_EDGE ( 'NONE', *, *, #4762, .T. ) ;
#10351 = VERTEX_POINT ( 'NONE', #2873 ) ;
#10352 = LINE ( 'NONE', #7678, #9265 ) ;
#10353 = ORIENTED_EDGE ( 'NONE', *, *, #820, .F. ) ;
#10354 = FACE_OUTER_BOUND ( 'NONE', #2110, .T. ) ;
#10355 = VECTOR ( 'NONE', #11749, 999.9999999999998863 ) ;
#10356 = DIRECTION ( 'NONE',  ( -0.0000000000000000000, -1.000000000000000000, -0.0000000000000000000 ) ) ;
#10357 = CARTESIAN_POINT ( 'NONE',  ( 10.60000000000000142, 0.009999999999974222217, -12.19999999999999929 ) ) ;
#10358 = EDGE_CURVE ( 'NONE', #8224, #7223, #741, .T. ) ;
#10359 = ORIENTED_EDGE ( 'NONE', *, *, #5780, .F. ) ;
#10360 = FILL_AREA_STYLE_COLOUR ( '', #8656 ) ;
#10361 = AXIS2_PLACEMENT_3D ( 'NONE', #10035, #1886, #9136 ) ;
#10362 = DIRECTION ( 'NONE',  ( 0.0000000000000000000, 0.0000000000000000000, -1.000000000000000000 ) ) ;
#10363 = VECTOR ( 'NONE', #4698, 1000.000000000000000 ) ;
#10364 = ORIENTED_EDGE ( 'NONE', *, *, #5862, .T. ) ;
#10365 = AXIS2_PLACEMENT_3D ( 'NONE', #10217, #2069, #4683 ) ;
#10366 = CARTESIAN_POINT ( 'NONE',  ( 6.250000000000000888, 0.4100000000000149636, 0.0000000000000000000 ) ) ;
#10367 = CARTESIAN_POINT ( 'NONE',  ( 8.612500047684008564, 2.394999999999999574, -7.642553192376847271 ) ) ;
#10368 = PLANE ( 'NONE',  #8624 ) ;
#10369 = FILL_AREA_STYLE_COLOUR ( '', #3605 ) ;
#10370 = ORIENTED_EDGE ( 'NONE', *, *, #7685, .T. ) ;
#10371 = ORIENTED_EDGE ( 'NONE', *, *, #9639, .F. ) ;
#10372 = VERTEX_POINT ( 'NONE', #1654 ) ;
#10373 = EDGE_CURVE ( 'NONE', #10109, #4362, #5150, .T. ) ;
#10374 = LINE ( 'NONE', #3246, #8514 ) ;
#10375 = CARTESIAN_POINT ( 'NONE',  ( 15.50000000000000000, 2.149999999999999023, -11.49999999999982592 ) ) ;
#10376 = LINE ( 'NONE', #3069, #6775 ) ;
#10377 = PLANE ( 'NONE',  #7433 ) ;
#10378 = ORIENTED_EDGE ( 'NONE', *, *, #126, .F. ) ;
#10379 = DIRECTION ( 'NONE',  ( 0.0000000000000000000, -1.000000000000000000, 2.168404344970991612E-16 ) ) ;
#10380 = ORIENTED_EDGE ( 'NONE', *, *, #1614, .T. ) ;
#10381 = LINE ( 'NONE', #5091, #3905 ) ;
#10382 = DIRECTION ( 'NONE',  ( 0.0000000000000000000, 0.0000000000000000000, 1.000000000000000000 ) ) ;
#10383 =( LENGTH_UNIT ( ) NAMED_UNIT ( * ) SI_UNIT ( .MILLI., .METRE. ) );
#10384 = VERTEX_POINT ( 'NONE', #192 ) ;
#10385 = UNCERTAINTY_MEASURE_WITH_UNIT (LENGTH_MEASURE( 1.000000000000000082E-05 ), #3625, 'distance_accuracy_value', 'NONE');
#10386 = EDGE_CURVE ( 'NONE', #5614, #5857, #4383, .T. ) ;
#10387 = CARTESIAN_POINT ( 'NONE',  ( 5.150000000000000355, 0.4100000000000150191, 0.0000000000000000000 ) ) ;
#10388 = VECTOR ( 'NONE', #8730, 1000.000000000000000 ) ;
#10389 = CARTESIAN_POINT ( 'NONE',  ( 5.229166936873999028, 2.389999999999999680, -7.165957462787999610 ) ) ;
#10390 = LINE ( 'NONE', #2250, #9355 ) ;
#10391 = CARTESIAN_POINT ( 'NONE',  ( 7.562500047683998972, 2.399999999999999911, -0.4330000000000000515 ) ) ;
#10392 = DIRECTION ( 'NONE',  ( -0.0000000000000000000, 1.000000000000000000, 0.0000000000000000000 ) ) ;
#10393 = LINE ( 'NONE', #5763, #2447 ) ;
#10394 = ORIENTED_EDGE ( 'NONE', *, *, #4547, .F. ) ;
#10395 = VECTOR ( 'NONE', #11556, 1000.000000000000227 ) ;
#10396 = LINE ( 'NONE', #2256, #11157 ) ;
#10397 = LINE ( 'NONE', #6656, #562 ) ;
#10398 = ORIENTED_EDGE ( 'NONE', *, *, #164, .T. ) ;
#10399 = CARTESIAN_POINT ( 'NONE',  ( 4.299999999999999822, 0.009999999999974222217, -12.19999999999999929 ) ) ;
#10400 = MECHANICAL_DESIGN_GEOMETRIC_PRESENTATION_REPRESENTATION (  '', ( #10608 ), #336 ) ;
#10401 =( NAMED_UNIT ( * ) PLANE_ANGLE_UNIT ( ) SI_UNIT ( $, .RADIAN. ) );
#10402 = CARTESIAN_POINT ( 'NONE',  ( 0.4986101795303875539, 2.315954671971769407, -11.64628205959096974 ) ) ;
#10403 = LINE ( 'NONE', #4937, #13 ) ;
#10404 = CARTESIAN_POINT ( 'NONE',  ( 12.81250004768045869, 2.399999999999999911, -8.000000000001785239 ) ) ;
#10405 = VERTEX_POINT ( 'NONE', #131 ) ;
#10406 = ORIENTED_EDGE ( 'NONE', *, *, #9164, .T. ) ;
#10407 = CARTESIAN_POINT ( 'NONE',  ( 15.25000000000000000, 2.149999999999998579, -0.6500000000000001332 ) ) ;
#10408 = ORIENTED_EDGE ( 'NONE', *, *, #5903, .F. ) ;
#10409 = ADVANCED_FACE ( 'NONE', ( #6548 ), #4592, .T. ) ;
#10410 =( NAMED_UNIT ( * ) PLANE_ANGLE_UNIT ( ) SI_UNIT ( $, .RADIAN. ) );
#10411 = EDGE_CURVE ( 'NONE', #1314, #2299, #960, .T. ) ;
#10412 = LINE ( 'NONE', #253, #8918 ) ;
#10413 = VECTOR ( 'NONE', #11488, 1000.000000000000000 ) ;
#10414 = CARTESIAN_POINT ( 'NONE',  ( 6.454166936873999560, 2.389999999999999680, -6.689361691475001592 ) ) ;
#10415 = ORIENTED_EDGE ( 'NONE', *, *, #1878, .F. ) ;
#10416 = CARTESIAN_POINT ( 'NONE',  ( 8.000000000000000000, 0.009999999999999995004, -12.19999999999999929 ) ) ;
#10417 = AXIS2_PLACEMENT_3D ( 'NONE', #10509, #2363, #7484 ) ;
#10418 = ORIENTED_EDGE ( 'NONE', *, *, #10516, .T. ) ;
#10419 = DIRECTION ( 'NONE',  ( 0.0000000000000000000, 0.0000000000000000000, 1.000000000000000000 ) ) ;
#10420 = ADVANCED_FACE ( 'NONE', ( #8405 ), #8226, .F. ) ;
#10421 = FACE_OUTER_BOUND ( 'NONE', #11635, .T. ) ;
#10422 = LINE ( 'NONE', #7869, #7664 ) ;
#10423 = FACE_OUTER_BOUND ( 'NONE', #4620, .T. ) ;
#10424 = VERTEX_POINT ( 'NONE', #9171 ) ;
#10425 = ORIENTED_EDGE ( 'NONE', *, *, #8098, .T. ) ;
#10426 = AXIS2_PLACEMENT_3D ( 'NONE', #8521, #363, #5838 ) ;
#10427 = EDGE_CURVE ( 'NONE', #958, #10005, #2815, .T. ) ;
#10428 = EDGE_CURVE ( 'NONE', #1430, #2341, #6431, .T. ) ;
#10429 = ORIENTED_EDGE ( 'NONE', *, *, #3486, .F. ) ;
#10430 = CARTESIAN_POINT ( 'NONE',  ( 2.350000000000000089, 0.009999999999987104274, 2.792598419361491987E-30 ) ) ;
#10431 = STYLED_ITEM ( 'NONE', ( #7205 ), #9286 ) ;
#10432 = DIRECTION ( 'NONE',  ( -1.000000000000000000, -0.0000000000000000000, -0.0000000000000000000 ) ) ;
#10433 = VECTOR ( 'NONE', #6994, 1000.000000000000000 ) ;
#10434 = CARTESIAN_POINT ( 'NONE',  ( 4.700000000000001954, 0.009999999999999996739, -12.20000000000166196 ) ) ;
#10435 = CARTESIAN_POINT ( 'NONE',  ( 9.604166603088199139, 2.389999999999999680, -6.451063847542167551 ) ) ;
#10436 = ORIENTED_EDGE ( 'NONE', *, *, #9050, .T. ) ;
#10437 = CARTESIAN_POINT ( 'NONE',  ( 8.029166603088000898, 2.399999999999999911, -0.4330000000000000515 ) ) ;
#10438 = ORIENTED_EDGE ( 'NONE', *, *, #8309, .T. ) ;
#10439 = DIRECTION ( 'NONE',  ( 0.0000000000000000000, 0.0000000000000000000, -1.000000000000000000 ) ) ;
#10440 = ADVANCED_FACE ( 'NONE', ( #3226 ), #8583, .F. ) ;
#10441 = LINE ( 'NONE', #9559, #6501 ) ;
#10442 = EDGE_CURVE ( 'NONE', #803, #6454, #7797, .T. ) ;
#10443 = VECTOR ( 'NONE', #7854, 1000.000000000000000 ) ;
#10444 = PRESENTATION_STYLE_ASSIGNMENT (( #7419 ) ) ;
#10445 = LINE ( 'NONE', #5157, #7601 ) ;
#10446 = ORIENTED_EDGE ( 'NONE', *, *, #9347, .T. ) ;
#10447 = DIRECTION ( 'NONE',  ( 1.000000000000000000, 0.0000000000000000000, 0.0000000000000000000 ) ) ;
#10448 = LINE ( 'NONE', #3139, #8727 ) ;
#10449 = PRESENTATION_LAYER_ASSIGNMENT (  '', '', ( #195 ) ) ;
#10450 = CARTESIAN_POINT ( 'NONE',  ( 6.100000000000346034, 0.0000000000000000000, -0.9000000000000000222 ) ) ;
#10451 = DIRECTION ( 'NONE',  ( -0.7872278960617724586, 0.0000000000000000000, -0.6166621762862996015 ) ) ;
#10452 = VECTOR ( 'NONE', #89, 1000.000000000000000 ) ;
#10453 = CARTESIAN_POINT ( 'NONE',  ( 4.937500047683702320, 2.394999999999999574, -7.165957462787861054 ) ) ;
#10454 = ADVANCED_FACE ( 'NONE', ( #1319 ), #10479, .F. ) ;
#10455 = LINE ( 'NONE', #1420, #9741 ) ;
#10456 = ADVANCED_FACE ( 'NONE', ( #304 ), #8462, .F. ) ;
#10457 = AXIS2_PLACEMENT_3D ( 'NONE', #10071, #5276, #9805 ) ;
#10458 = SURFACE_SIDE_STYLE ('',( #8736 ) ) ;
#10459 = LINE ( 'NONE', #10879, #4909 ) ;
#10460 = VERTEX_POINT ( 'NONE', #2337 ) ;
#10461 = VECTOR ( 'NONE', #7969, 1000.000000000000114 ) ;
#10462 = CARTESIAN_POINT ( 'NONE',  ( 13.90000000000000213, 0.8200000000000300382, -12.19999999999999929 ) ) ;
#10463 = LINE ( 'NONE', #6063, #5339 ) ;
#10464 = STYLED_ITEM ( 'NONE', ( #2867 ), #8324 ) ;
#10465 = STYLED_ITEM ( 'NONE', ( #3896 ), #3311 ) ;
#10466 = ORIENTED_EDGE ( 'NONE', *, *, #9501, .T. ) ;
#10467 = SURFACE_STYLE_USAGE ( .BOTH. , #6829 ) ;
#10468 = AXIS2_PLACEMENT_3D ( 'NONE', #11256, #3281, #7615 ) ;
#10469 = ADVANCED_FACE ( 'NONE', ( #10354 ), #11558, .F. ) ;
#10470 = PRESENTATION_STYLE_ASSIGNMENT (( #6830 ) ) ;
#10471 = AXIS2_PLACEMENT_3D ( 'NONE', #11294, #7539, #3141 ) ;
#10472 = DIRECTION ( 'NONE',  ( 1.000000000000000000, 0.0000000000000000000, -0.0000000000000000000 ) ) ;
#10473 = LINE ( 'NONE', #6721, #2108 ) ;
#10474 = DIRECTION ( 'NONE',  ( -0.0000000000000000000, 1.000000000000000000, -0.0000000000000000000 ) ) ;
#10475 = ORIENTED_EDGE ( 'NONE', *, *, #10341, .F. ) ;
#10476 = ORIENTED_EDGE ( 'NONE', *, *, #565, .T. ) ;
#10477 = PLANE ( 'NONE',  #2442 ) ;
#10478 = ORIENTED_EDGE ( 'NONE', *, *, #7773, .F. ) ;
#10479 = CYLINDRICAL_SURFACE ( 'NONE', #11, 0.2500000000000002220 ) ;
#10480 = DIRECTION ( 'NONE',  ( 0.0000000000000000000, 0.0000000000000000000, -1.000000000000000000 ) ) ;
#10481 = VECTOR ( 'NONE', #1760, 1000.000000000000000 ) ;
#10482 = DIRECTION ( 'NONE',  ( -0.0000000000000000000, 1.000000000000000000, -0.0000000000000000000 ) ) ;
#10483 = ORIENTED_EDGE ( 'NONE', *, *, #6067, .T. ) ;
#10484 = CARTESIAN_POINT ( 'NONE',  ( 12.80000000000000071, 0.009999999999974168441, -0.2500000000000017764 ) ) ;
#10485 = EDGE_CURVE ( 'NONE', #10721, #3844, #1416, .T. ) ;
#10486 = ORIENTED_EDGE ( 'NONE', *, *, #7141, .T. ) ;
#10487 = CARTESIAN_POINT ( 'NONE',  ( 8.000000000000000000, 0.0000000000000000000, -0.9000000000000002442 ) ) ;
#10488 = DIRECTION ( 'NONE',  ( -0.0000000000000000000, 1.000000000000000000, -0.0000000000000000000 ) ) ;
#10489 = LINE ( 'NONE', #2347, #11101 ) ;
#10490 = CARTESIAN_POINT ( 'NONE',  ( 4.975511237553000399, 0.01020000000000000073, -0.9000000000000001332 ) ) ;
#10491 = CIRCLE ( 'NONE', #5744, 0.2500000000000002220 ) ;
#10492 = ORIENTED_EDGE ( 'NONE', *, *, #1992, .T. ) ;
#10493 = ORIENTED_EDGE ( 'NONE', *, *, #2846, .T. ) ;
#10494 = ORIENTED_EDGE ( 'NONE', *, *, #10373, .F. ) ;
#10495 = VERTEX_POINT ( 'NONE', #5222 ) ;
#10496 = CARTESIAN_POINT ( 'NONE',  ( 3.599999999999811795, 1.588186776101813136E-19, -0.9000000000000077938 ) ) ;
#10497 = EDGE_CURVE ( 'NONE', #1804, #11466, #9626, .T. ) ;
#10498 = DIRECTION ( 'NONE',  ( 0.0000000000000000000, 0.0000000000000000000, 1.000000000000000000 ) ) ;
#10499 = CARTESIAN_POINT ( 'NONE',  ( 15.50138982046961011, 2.296282059590969649, -0.6500000000000082379 ) ) ;
#10500 = DIRECTION ( 'NONE',  ( 0.0000000000000000000, 0.0000000000000000000, -1.000000000000000000 ) ) ;
#10501 = VECTOR ( 'NONE', #1948, 1000.000000000000000 ) ;
#10502 = ORIENTED_EDGE ( 'NONE', *, *, #11299, .F. ) ;
#10503 = DIRECTION ( 'NONE',  ( 0.0000000000000000000, 0.0000000000000000000, -1.000000000000000000 ) ) ;
#10504 = EDGE_CURVE ( 'NONE', #7299, #8530, #1472, .T. ) ;
#10505 = ORIENTED_EDGE ( 'NONE', *, *, #11540, .F. ) ;
#10506 = EDGE_CURVE ( 'NONE', #10601, #1405, #6050, .T. ) ;
#10507 = CARTESIAN_POINT ( 'NONE',  ( 11.45000000000000107, 0.009999999999987104274, -12.19999999999999929 ) ) ;
#10508 = LINE ( 'NONE', #274, #9160 ) ;
#10509 = CARTESIAN_POINT ( 'NONE',  ( 0.6000000000000000888, 0.01020000000000000073, 0.02448876244737000288 ) ) ;
#10510 = AXIS2_PLACEMENT_3D ( 'NONE', #4624, #8024, #8919 ) ;
#10511 = LINE ( 'NONE', #6106, #2863 ) ;
#10512 = VECTOR ( 'NONE', #7690, 1000.000000000000000 ) ;
#10513 = VERTEX_POINT ( 'NONE', #5043 ) ;
#10514 = PLANE ( 'NONE',  #9333 ) ;
#10515 = UNCERTAINTY_MEASURE_WITH_UNIT (LENGTH_MEASURE( 1.000000000000000082E-05 ), #2875, 'distance_accuracy_value', 'NONE');
#10516 = EDGE_CURVE ( 'NONE', #8225, #8041, #5281, .T. ) ;
#10517 = DIRECTION ( 'NONE',  ( -1.000000000000000000, 0.0000000000000000000, 0.0000000000000000000 ) ) ;
#10518 = LINE ( 'NONE', #3450, #11170 ) ;
#10519 = CARTESIAN_POINT ( 'NONE',  ( 8.145833492279475507, 2.399999999999999911, -6.451063847541073315 ) ) ;
#10520 = DIRECTION ( 'NONE',  ( 0.0000000000000000000, -1.000000000000000000, 2.168404344971022180E-16 ) ) ;
#10521 = EDGE_CURVE ( 'NONE', #4179, #9, #10518, .T. ) ;
#10522 = VECTOR ( 'NONE', #3089, 1000.000000000000000 ) ;
#10523 = LINE ( 'NONE', #3208, #9808 ) ;
#10524 = LINE ( 'NONE', #9574, #227 ) ;
#10525 = CARTESIAN_POINT ( 'NONE',  ( 0.5000000000000000000, 0.7934000000000001052, -11.71699999999999875 ) ) ;
#10526 = ORIENTED_EDGE ( 'NONE', *, *, #4458, .T. ) ;
#10527 = EDGE_CURVE ( 'NONE', #5620, #9590, #4329, .T. ) ;
#10528 = CARTESIAN_POINT ( 'NONE',  ( 10.36250004768730193, 2.394999999999999574, -6.689361691475000704 ) ) ;
#10529 = STYLED_ITEM ( 'NONE', ( #4685 ), #2576 ) ;
#10530 = DIRECTION ( 'NONE',  ( 0.0000000000000000000, 0.0000000000000000000, 1.000000000000000000 ) ) ;
#10531 = ORIENTED_EDGE ( 'NONE', *, *, #1918, .F. ) ;
#10532 = PRESENTATION_STYLE_ASSIGNMENT (( #10467 ) ) ;
#10533 = FILL_AREA_STYLE ('',( #11372 ) ) ;
#10534 = AXIS2_PLACEMENT_3D ( 'NONE', #483, #6025, #7689 ) ;
#10535 =( LENGTH_UNIT ( ) NAMED_UNIT ( * ) SI_UNIT ( .MILLI., .METRE. ) );
#10536 = DIRECTION ( 'NONE',  ( -0.0000000000000000000, -1.000000000000000000, -0.0000000000000000000 ) ) ;
#10537 = DIRECTION ( 'NONE',  ( 0.9689176403792972847, 0.0000000000000000000, 0.2473835203925570936 ) ) ;
#10538 = ORIENTED_EDGE ( 'NONE', *, *, #6226, .T. ) ;
#10539 = ORIENTED_EDGE ( 'NONE', *, *, #5435, .F. ) ;
#10540 = DIRECTION ( 'NONE',  ( 8.673617379884037444E-16, -2.168404344971009361E-16, -1.000000000000000000 ) ) ;
#10541 = ORIENTED_EDGE ( 'NONE', *, *, #9347, .F. ) ;
#10542 = LINE ( 'NONE', #7860, #2520 ) ;
#10543 = SURFACE_STYLE_FILL_AREA ( #9775 ) ;
#10544 = EDGE_CURVE ( 'NONE', #675, #4948, #10700, .T. ) ;
#10545 = AXIS2_PLACEMENT_3D ( 'NONE', #7421, #51, #10219 ) ;
#10546 = DIRECTION ( 'NONE',  ( -1.000000000000000000, 0.0000000000000000000, 0.0000000000000000000 ) ) ;
#10547 = VERTEX_POINT ( 'NONE', #9811 ) ;
#10548 = LINE ( 'NONE', #538, #10940 ) ;
#10549 = PRESENTATION_STYLE_ASSIGNMENT (( #2404 ) ) ;
#10550 = ORIENTED_EDGE ( 'NONE', *, *, #11313, .T. ) ;
#10551 = CARTESIAN_POINT ( 'NONE',  ( 13.04999999999999893, 0.4100000000000150746, 0.0000000000000000000 ) ) ;
#10552 = VECTOR ( 'NONE', #1093, 1000.000000000000114 ) ;
#10553 = LINE ( 'NONE', #7750, #1016 ) ;
#10554 = DIRECTION ( 'NONE',  ( 0.0000000000000000000, 0.0000000000000000000, 1.000000000000000000 ) ) ;
#10555 = VECTOR ( 'NONE', #6097, 1000.000000000000000 ) ;
#10556 = ORIENTED_EDGE ( 'NONE', *, *, #2134, .F. ) ;
#10557 = ORIENTED_EDGE ( 'NONE', *, *, #1477, .F. ) ;
#10558 = ORIENTED_EDGE ( 'NONE', *, *, #7004, .T. ) ;
#10559 = ORIENTED_EDGE ( 'NONE', *, *, #2905, .F. ) ;
#10560 = PRESENTATION_STYLE_ASSIGNMENT (( #10623 ) ) ;
#10561 = EDGE_CURVE ( 'NONE', #5191, #9284, #2554, .T. ) ;
#10562 = CARTESIAN_POINT ( 'NONE',  ( 1.700000000000000844, 0.0000000000000000000, -6.099999999999999645 ) ) ;
#10563 = AXIS2_PLACEMENT_3D ( 'NONE', #2784, #6396, #10816 ) ;
#10564 = CARTESIAN_POINT ( 'NONE',  ( 15.00000000000000000, 0.009999999999974222217, 1.756407519426648824E-16 ) ) ;
#10565 = STYLED_ITEM ( 'NONE', ( #6193 ), #254 ) ;
#10566 = DIRECTION ( 'NONE',  ( -1.000000000000000000, -0.0000000000000000000, -0.0000000000000000000 ) ) ;
#10567 = CIRCLE ( 'NONE', #8472, 0.2500000000000002220 ) ;
#10568 = ORIENTED_EDGE ( 'NONE', *, *, #7533, .F. ) ;
#10569 = DIRECTION ( 'NONE',  ( 0.0000000000000000000, 0.0000000000000000000, -1.000000000000000000 ) ) ;
#10570 = VERTEX_POINT ( 'NONE', #9750 ) ;
#10571 = PLANE ( 'NONE',  #4280 ) ;
#10572 = LINE ( 'NONE', #2662, #804 ) ;
#10573 = CARTESIAN_POINT ( 'NONE',  ( 12.39999999999752056, 0.004999999999999999237, -0.9000000000000000222 ) ) ;
#10574 = FACE_OUTER_BOUND ( 'NONE', #4349, .T. ) ;
#10575 = AXIS2_PLACEMENT_3D ( 'NONE', #2084, #353, #10231 ) ;
#10576 = DIRECTION ( 'NONE',  ( -0.0000000000000000000, 1.000000000000000000, -0.0000000000000000000 ) ) ;
#10577 = ORIENTED_EDGE ( 'NONE', *, *, #1782, .T. ) ;
#10578 = CARTESIAN_POINT ( 'NONE',  ( 15.40000000000165414, 0.009999999999999998473, -11.29999999999918003 ) ) ;
#10579 = ADVANCED_FACE ( 'NONE', ( #1657 ), #2370, .F. ) ;
#10580 = ADVANCED_FACE ( 'NONE', ( #3327 ), #10582, .F. ) ;
#10581 = DIRECTION ( 'NONE',  ( 0.0000000000000000000, 0.0000000000000000000, -1.000000000000000000 ) ) ;
#10582 = PLANE ( 'NONE',  #8894 ) ;
#10583 = DIRECTION ( 'NONE',  ( 0.0000000000000000000, 0.0000000000000000000, -1.000000000000000000 ) ) ;
#10584 = SURFACE_STYLE_USAGE ( .BOTH. , #5936 ) ;
#10585 = CARTESIAN_POINT ( 'NONE',  ( 5.000000000000000888, 0.0000000000000000000, -6.099999999999998757 ) ) ;
#10586 = EDGE_CURVE ( 'NONE', #6107, #5633, #2615, .T. ) ;
#10587 = DIRECTION ( 'NONE',  ( 0.0000000000000000000, 1.000000000000000000, 0.0000000000000000000 ) ) ;
#10588 = PRESENTATION_STYLE_ASSIGNMENT (( #7070 ) ) ;
#10589 = VERTEX_POINT ( 'NONE', #6995 ) ;
#10590 = VECTOR ( 'NONE', #9456, 1000.000000000000000 ) ;
#10591 = EDGE_CURVE ( 'NONE', #5199, #11691, #2492, .T. ) ;
#10592 = LINE ( 'NONE', #4286, #1348 ) ;
#10593 = ORIENTED_EDGE ( 'NONE', *, *, #8049, .F. ) ;
#10594 = CARTESIAN_POINT ( 'NONE',  ( 12.11250008941000011, 2.389999999999999680, -7.493617019056999951 ) ) ;
#10595 = CARTESIAN_POINT ( 'NONE',  ( 9.604166603088000187, 2.399999999999999911, -7.046808499097999778 ) ) ;
#10596 = EDGE_CURVE ( 'NONE', #8890, #10665, #4156, .T. ) ;
#10597 = EDGE_CURVE ( 'NONE', #2760, #11155, #5163, .T. ) ;
#10598 = CARTESIAN_POINT ( 'NONE',  ( 9.079166603088539844, 2.399999999999999911, -8.000000000000133227 ) ) ;
#10599 = VECTOR ( 'NONE', #5206, 1000.000000000000000 ) ;
#10600 = LINE ( 'NONE', #3408, #9309 ) ;
#10601 = VERTEX_POINT ( 'NONE', #9921 ) ;
#10602 = ORIENTED_EDGE ( 'NONE', *, *, #2438, .T. ) ;
#10603 = FILL_AREA_STYLE ('',( #9827 ) ) ;
#10604 = VERTEX_POINT ( 'NONE', #1714 ) ;
#10605 = CARTESIAN_POINT ( 'NONE',  ( 6.100000000000188827, 1.588186776101813136E-19, -11.29999999999937899 ) ) ;
#10606 = DIRECTION ( 'NONE',  ( -0.0000000000000000000, 1.000000000000000000, -0.0000000000000000000 ) ) ;
#10607 = LINE ( 'NONE', #1444, #9734 ) ;
#10608 = STYLED_ITEM ( 'NONE', ( #6476 ), #11165 ) ;
#10609 = ORIENTED_EDGE ( 'NONE', *, *, #4920, .T. ) ;
#10610 = DIRECTION ( 'NONE',  ( 0.0000000000000000000, 0.0000000000000000000, -1.000000000000000000 ) ) ;
#10611 = CARTESIAN_POINT ( 'NONE',  ( 12.81250004768610573, 2.394999999999999574, -8.000000000000342837 ) ) ;
#10612 = VECTOR ( 'NONE', #10229, 1000.000000000000000 ) ;
#10613 = EDGE_LOOP ( 'NONE', ( #5550, #10558, #8627, #6867 ) ) ;
#10614 = CARTESIAN_POINT ( 'NONE',  ( 6.900000000000000355, 0.4100000000000149636, 0.0000000000000000000 ) ) ;
#10615 = CARTESIAN_POINT ( 'NONE',  ( 8.000000000000000000, 0.009999999999999995004, -12.19999999999999929 ) ) ;
#10616 = EDGE_CURVE ( 'NONE', #3709, #5752, #9025, .T. ) ;
#10617 = CARTESIAN_POINT ( 'NONE',  ( 8.000000000000000000, 0.8199999999999999512, 0.0000000000000000000 ) ) ;
#10618 =( NAMED_UNIT ( * ) SI_UNIT ( $, .STERADIAN. ) SOLID_ANGLE_UNIT ( ) );
#10619 = VERTEX_POINT ( 'NONE', #806 ) ;
#10620 = ORIENTED_EDGE ( 'NONE', *, *, #21, .T. ) ;
#10621 = ORIENTED_EDGE ( 'NONE', *, *, #2379, .F. ) ;
#10622 = VECTOR ( 'NONE', #5940, 999.9999999999998863 ) ;
#10623 = SURFACE_STYLE_USAGE ( .BOTH. , #6921 ) ;
#10624 = VECTOR ( 'NONE', #2290, 1000.000000000000000 ) ;
#10625 = CARTESIAN_POINT ( 'NONE',  ( 2.524488762447000489, 0.01000000000000000021, -11.27551123755000262 ) ) ;
#10626 = DIRECTION ( 'NONE',  ( 0.0000000000000000000, -1.000000000000000000, 2.168404344971021934E-16 ) ) ;
#10627 = LINE ( 'NONE', #11346, #790 ) ;
#10628 = VERTEX_POINT ( 'NONE', #4550 ) ;
#10629 = CARTESIAN_POINT ( 'NONE',  ( 1.700000000000065015, 0.009999999999999996739, -1.129377263005733721E-18 ) ) ;
#10630 = ORIENTED_EDGE ( 'NONE', *, *, #757, .F. ) ;
#10631 = CARTESIAN_POINT ( 'NONE',  ( 6.500000000000000888, 0.8200000000000300382, 0.0000000000000000000 ) ) ;
#10632 = VECTOR ( 'NONE', #6906, 999.9999999999998863 ) ;
#10633 = CARTESIAN_POINT ( 'NONE',  ( 6.220833158026605858, 2.400000000000000355, -6.391489386439713094 ) ) ;
#10634 = CARTESIAN_POINT ( 'NONE',  ( 11.70416676998000405, 2.389999999999999680, -7.880851067602999471 ) ) ;
#10635 = LINE ( 'NONE', #8958, #3018 ) ;
#10636 = VECTOR ( 'NONE', #3490, 1000.000000000000000 ) ;
#10637 = CARTESIAN_POINT ( 'NONE',  ( 9.604166603088000187, 2.394999999999999574, -7.344680845737628694 ) ) ;
#10638 = ORIENTED_EDGE ( 'NONE', *, *, #10797, .F. ) ;
#10639 = UNCERTAINTY_MEASURE_WITH_UNIT (LENGTH_MEASURE( 1.000000000000000082E-05 ), #6443, 'distance_accuracy_value', 'NONE');
#10640 = FACE_OUTER_BOUND ( 'NONE', #2807, .T. ) ;
#10641 = VECTOR ( 'NONE', #9173, 1000.000000000000000 ) ;
#10642 = CARTESIAN_POINT ( 'NONE',  ( 13.20000000000000107, 0.0000000000000000000, -6.099999999999999645 ) ) ;
#10643 = CARTESIAN_POINT ( 'NONE',  ( 8.495833492279000865, 2.389999999999999680, -6.153191542624998789 ) ) ;
#10644 = CARTESIAN_POINT ( 'NONE',  ( 4.699999999999767475, 0.009999999999999998473, -11.29999999999918003 ) ) ;
#10645 = VECTOR ( 'NONE', #6531, 1000.000000000000000 ) ;
#10646 = CARTESIAN_POINT ( 'NONE',  ( 2.837500047683032545, 2.389999999999999680, -8.000000000000383693 ) ) ;
#10647 = EDGE_CURVE ( 'NONE', #3474, #218, #1775, .T. ) ;
#10648 = ORIENTED_EDGE ( 'NONE', *, *, #7594, .F. ) ;
#10649 = CARTESIAN_POINT ( 'NONE',  ( 6.104166936874670490, 2.394999999999999574, -6.093617081642001665 ) ) ;
#10650 = DIRECTION ( 'NONE',  ( -0.0000000000000000000, 1.000000000000000000, -2.168404344971021934E-16 ) ) ;
#10651 = VECTOR ( 'NONE', #179, 1000.000000000000114 ) ;
#10652 = EDGE_CURVE ( 'NONE', #801, #5141, #4447, .T. ) ;
#10653 = ORIENTED_EDGE ( 'NONE', *, *, #11680, .F. ) ;
#10654 = DIRECTION ( 'NONE',  ( 0.0000000000000000000, 0.0000000000000000000, 1.000000000000000000 ) ) ;
#10655 = EDGE_CURVE ( 'NONE', #11276, #10843, #10927, .T. ) ;
#10656 = CIRCLE ( 'NONE', #946, 0.2499999999999997780 ) ;
#10657 = ADVANCED_FACE ( 'NONE', ( #8190 ), #2780, .F. ) ;
#10658 = LINE ( 'NONE', #5117, #2309 ) ;
#10659 = LINE ( 'NONE', #8983, #3652 ) ;
#10660 = LINE ( 'NONE', #1675, #4546 ) ;
#10661 = STYLED_ITEM ( 'NONE', ( #7246 ), #5978 ) ;
#10662 = VERTEX_POINT ( 'NONE', #5506 ) ;
#10663 = VERTEX_POINT ( 'NONE', #1045 ) ;
#10664 = CARTESIAN_POINT ( 'NONE',  ( 5.000000000000000888, 5.293955920339377119E-20, -4.235164736271501695E-19 ) ) ;
#10665 = VERTEX_POINT ( 'NONE', #9975 ) ;
#10666 = CARTESIAN_POINT ( 'NONE',  ( 5.987500047683635529, 2.394999999999999574, -6.331914925574999131 ) ) ;
#10667 = DIRECTION ( 'NONE',  ( -1.000000000000000000, -0.0000000000000000000, -0.0000000000000000000 ) ) ;
#10668 =( GEOMETRIC_REPRESENTATION_CONTEXT ( 3 ) GLOBAL_UNCERTAINTY_ASSIGNED_CONTEXT ( ( #2182 ) ) GLOBAL_UNIT_ASSIGNED_CONTEXT ( ( #2709, #10125, #8163 ) ) REPRESENTATION_CONTEXT ( 'NONE', 'WORKASPACE' ) );
#10669 = ADVANCED_FACE ( 'NONE', ( #9131 ), #8131, .F. ) ;
#10670 = VECTOR ( 'NONE', #10235, 1000.000000000000000 ) ;
#10671 = VERTEX_POINT ( 'NONE', #3741 ) ;
#10672 = SURFACE_STYLE_USAGE ( .BOTH. , #4423 ) ;
#10673 = CARTESIAN_POINT ( 'NONE',  ( 15.00000000000000000, 0.009999999999974222217, 1.756407519426648824E-16 ) ) ;
#10674 = ORIENTED_EDGE ( 'NONE', *, *, #3548, .F. ) ;
#10675 = ADVANCED_FACE ( 'NONE', ( #11761 ), #10979, .F. ) ;
#10676 = CARTESIAN_POINT ( 'NONE',  ( 2.800000000000347988, 0.004999999999999999237, -0.9000000000000000222 ) ) ;
#10677 = CARTESIAN_POINT ( 'NONE',  ( 4.699999999999651124, 0.0000000000000000000, -11.30000000000000071 ) ) ;
#10678 = VECTOR ( 'NONE', #6407, 1000.000000000000000 ) ;
#10679 = CARTESIAN_POINT ( 'NONE',  ( 8.029166603088000898, 2.389999999999999680, -7.046808499098000667 ) ) ;
#10680 = ORIENTED_EDGE ( 'NONE', *, *, #1864, .F. ) ;
#10681 = VERTEX_POINT ( 'NONE', #10093 ) ;
#10682 = COLOUR_RGB ( '',0.9803921568627450567, 0.6274509803921568540, 0.0000000000000000000 ) ;
#10683 = ORIENTED_EDGE ( 'NONE', *, *, #5267, .F. ) ;
#10684 = STYLED_ITEM ( 'NONE', ( #2881 ), #6803 ) ;
#10685 = CARTESIAN_POINT ( 'NONE',  ( 8.000000000000000000, 0.8199999999999999512, -12.19999999999999929 ) ) ;
#10686 = EDGE_CURVE ( 'NONE', #7350, #7154, #5570, .T. ) ;
#10687 = CARTESIAN_POINT ( 'NONE',  ( 5.399999999999999467, 0.009999999999999998473, -11.30000000000000249 ) ) ;
#10688 = EDGE_LOOP ( 'NONE', ( #5646, #4477, #5629, #1637 ) ) ;
#10689 = ORIENTED_EDGE ( 'NONE', *, *, #3867, .F. ) ;
#10690 = VECTOR ( 'NONE', #595, 1000.000000000000114 ) ;
#10691 = DIRECTION ( 'NONE',  ( 0.0000000000000000000, 0.0000000000000000000, -1.000000000000000000 ) ) ;
#10692 = DIRECTION ( 'NONE',  ( 1.000000000000000000, 0.0000000000000000000, 0.0000000000000000000 ) ) ;
#10693 = DIRECTION ( 'NONE',  ( 0.0000000000000000000, 1.000000000000000000, 0.0000000000000000000 ) ) ;
#10694 = ORIENTED_EDGE ( 'NONE', *, *, #3105, .F. ) ;
#10695 = FACE_OUTER_BOUND ( 'NONE', #6690, .T. ) ;
#10696 = ORIENTED_EDGE ( 'NONE', *, *, #975, .F. ) ;
#10697 = AXIS2_PLACEMENT_3D ( 'NONE', #11112, #6575, #2059 ) ;
#10698 = DIRECTION ( 'NONE',  ( 1.000000000000000000, 0.0000000000000000000, 0.0000000000000000000 ) ) ;
#10699 = EDGE_CURVE ( 'NONE', #8186, #3946, #3800, .T. ) ;
#10700 = LINE ( 'NONE', #7120, #10388 ) ;
#10701 = PLANE ( 'NONE',  #14 ) ;
#10702 = DIRECTION ( 'NONE',  ( -1.000000000000000000, -0.0000000000000000000, -0.0000000000000000000 ) ) ;
#10703 = CARTESIAN_POINT ( 'NONE',  ( 14.30000000000122462, 1.588186776101813136E-19, -0.9000000000000077938 ) ) ;
#10704 = VECTOR ( 'NONE', #432, 1000.000000000000000 ) ;
#10705 =( LENGTH_UNIT ( ) NAMED_UNIT ( * ) SI_UNIT ( .MILLI., .METRE. ) );
#10706 = DIRECTION ( 'NONE',  ( -1.000000000000000000, 0.0000000000000000000, 0.0000000000000000000 ) ) ;
#10707 = CARTESIAN_POINT ( 'NONE',  ( 5.870833492278999977, 2.389999999999999680, -6.093617081642001665 ) ) ;
#10708 = EDGE_CURVE ( 'NONE', #11065, #6345, #2897, .T. ) ;
#10709 = DIRECTION ( 'NONE',  ( -1.000000000000000000, -0.0000000000000000000, -0.0000000000000000000 ) ) ;
#10710 = CIRCLE ( 'NONE', #5578, 0.2499999999999999445 ) ;
#10711 = LINE ( 'NONE', #1611, #9621 ) ;
#10712 = DIRECTION ( 'NONE',  ( 0.3646915900806947386, 0.0000000000000000000, -0.9311283714528381106 ) ) ;
#10713 = FACE_OUTER_BOUND ( 'NONE', #6766, .T. ) ;
#10714 =( LENGTH_UNIT ( ) NAMED_UNIT ( * ) SI_UNIT ( .MILLI., .METRE. ) );
#10715 = PLANE ( 'NONE',  #8359 ) ;
#10716 = PRESENTATION_LAYER_ASSIGNMENT (  '', '', ( #2929 ) ) ;
#10717 = ORIENTED_EDGE ( 'NONE', *, *, #3572, .T. ) ;
#10718 = ADVANCED_FACE ( 'NONE', ( #4024 ), #5855, .F. ) ;
#10719 = VERTEX_POINT ( 'NONE', #7526 ) ;
#10720 = DIRECTION ( 'NONE',  ( 0.0000000000000000000, 1.000000000000000000, 0.0000000000000000000 ) ) ;
#10721 = VERTEX_POINT ( 'NONE', #8362 ) ;
#10722 = CARTESIAN_POINT ( 'NONE',  ( 4.299999999999999822, 0.009999999999999998473, -0.9000000000000001332 ) ) ;
#10723 =( LENGTH_UNIT ( ) NAMED_UNIT ( * ) SI_UNIT ( .MILLI., .METRE. ) );
#10724 = EDGE_CURVE ( 'NONE', #333, #2224, #6687, .T. ) ;
#10725 = ADVANCED_FACE ( 'NONE', ( #1279 ), #4904, .T. ) ;
#10726 = CYLINDRICAL_SURFACE ( 'NONE', #1931, 0.2500000000000002220 ) ;
#10727 = VECTOR ( 'NONE', #4307, 1000.000000000000000 ) ;
#10728 = ORIENTED_EDGE ( 'NONE', *, *, #7962, .F. ) ;
#10729 = FILL_AREA_STYLE ('',( #3483 ) ) ;
#10730 = DIRECTION ( 'NONE',  ( -1.000000000000000000, 0.0000000000000000000, 0.0000000000000000000 ) ) ;
#10731 = VERTEX_POINT ( 'NONE', #7641 ) ;
#10732 = CARTESIAN_POINT ( 'NONE',  ( 2.800000000000188560, 1.588186776101813136E-19, -11.29999999999937899 ) ) ;
#10733 = LINE ( 'NONE', #9782, #2732 ) ;
#10734 = FACE_BOUND ( 'NONE', #4801, .T. ) ;
#10735 = PLANE ( 'NONE',  #740 ) ;
#10736 = ORIENTED_EDGE ( 'NONE', *, *, #11086, .F. ) ;
#10737 = EDGE_CURVE ( 'NONE', #135, #6306, #10376, .T. ) ;
#10738 = ORIENTED_EDGE ( 'NONE', *, *, #5699, .F. ) ;
#10739 = ORIENTED_EDGE ( 'NONE', *, *, #5844, .F. ) ;
#10740 = PLANE ( 'NONE',  #8523 ) ;
#10741 = EDGE_CURVE ( 'NONE', #2506, #1327, #11219, .T. ) ;
#10742 = ORIENTED_EDGE ( 'NONE', *, *, #7029, .T. ) ;
#10743 = MECHANICAL_DESIGN_GEOMETRIC_PRESENTATION_REPRESENTATION (  '', ( #2579 ), #1428 ) ;
#10744 = CARTESIAN_POINT ( 'NONE',  ( 2.100000000000000089, 0.8200000000000300382, 0.0000000000000000000 ) ) ;
#10745 = VECTOR ( 'NONE', #1064, 1000.000000000000000 ) ;
#10746 = ORIENTED_EDGE ( 'NONE', *, *, #10787, .T. ) ;
#10747 = VECTOR ( 'NONE', #5880, 1000.000000000000000 ) ;
#10748 = DIRECTION ( 'NONE',  ( 0.0000000000000000000, 0.0000000000000000000, 1.000000000000000000 ) ) ;
#10749 = CARTESIAN_POINT ( 'NONE',  ( 9.312500047683963444, 2.389999999999999680, -6.451063847542034324 ) ) ;
#10750 = DIRECTION ( 'NONE',  ( 0.0000000000000000000, -2.168404344971010840E-16, -1.000000000000000000 ) ) ;
#10751 = ORIENTED_EDGE ( 'NONE', *, *, #6565, .T. ) ;
#10752 = ADVANCED_FACE ( 'NONE', ( #6514 ), #3128, .F. ) ;
#10753 = ORIENTED_EDGE ( 'NONE', *, *, #549, .F. ) ;
#10754 = EDGE_CURVE ( 'NONE', #4247, #7914, #10027, .T. ) ;
#10755 = DIRECTION ( 'NONE',  ( 0.0000000000000000000, -2.168404344970999254E-16, -1.000000000000000000 ) ) ;
#10756 = ORIENTED_EDGE ( 'NONE', *, *, #8446, .F. ) ;
#10757 = UNCERTAINTY_MEASURE_WITH_UNIT (LENGTH_MEASURE( 1.000000000000000082E-05 ), #349, 'distance_accuracy_value', 'NONE');
#10758 = AXIS2_PLACEMENT_3D ( 'NONE', #4834, #2218, #9477 ) ;
#10759 = DIRECTION ( 'NONE',  ( -0.0000000000000000000, -1.000000000000000000, -0.0000000000000000000 ) ) ;
#10760 = DIRECTION ( 'NONE',  ( 0.6996234726653287606, 0.0000000000000000000, -0.7145117189351801734 ) ) ;
#10761 = LINE ( 'NONE', #8967, #7423 ) ;
#10762 = CARTESIAN_POINT ( 'NONE',  ( 12.40000000000000213, 0.0000000000000000000, -6.100000000000000533 ) ) ;
#10763 = CARTESIAN_POINT ( 'NONE',  ( 0.7500000000000003331, 0.8200000000000210454, -11.75000000000000000 ) ) ;
#10764 = ADVANCED_FACE ( 'NONE', ( #323 ), #10315, .F. ) ;
#10765 = FACE_OUTER_BOUND ( 'NONE', #7169, .T. ) ;
#10766 = SURFACE_STYLE_USAGE ( .BOTH. , #2679 ) ;
#10767 = UNCERTAINTY_MEASURE_WITH_UNIT (LENGTH_MEASURE( 1.000000000000000082E-05 ), #4011, 'distance_accuracy_value', 'NONE');
#10768 = CARTESIAN_POINT ( 'NONE',  ( 8.729166603087941567, 2.399999999999999911, -6.093617081641775179 ) ) ;
#10769 = DIRECTION ( 'NONE',  ( 0.0000000000000000000, 0.0000000000000000000, -1.000000000000000000 ) ) ;
#10770 = ORIENTED_EDGE ( 'NONE', *, *, #1028, .F. ) ;
#10771 = CARTESIAN_POINT ( 'NONE',  ( 8.087500047683562343, 2.389999999999999680, -6.570212769508312789 ) ) ;
#10772 = CARTESIAN_POINT ( 'NONE',  ( 5.287500047683997728, 2.389999999999999680, -7.404255306720999741 ) ) ;
#10773 = LINE ( 'NONE', #8812, #2703 ) ;
#10774 = AXIS2_PLACEMENT_3D ( 'NONE', #10226, #2196, #3937 ) ;
#10775 = FACE_OUTER_BOUND ( 'NONE', #4558, .T. ) ;
#10776 = ORIENTED_EDGE ( 'NONE', *, *, #6769, .F. ) ;
#10777 = ORIENTED_EDGE ( 'NONE', *, *, #2628, .F. ) ;
#10778 = SURFACE_STYLE_FILL_AREA ( #828 ) ;
#10779 = VERTEX_POINT ( 'NONE', #6626 ) ;
#10780 = ORIENTED_EDGE ( 'NONE', *, *, #10935, .T. ) ;
#10781 = PLANE ( 'NONE',  #10196 ) ;
#10782 = FILL_AREA_STYLE_COLOUR ( '', #10682 ) ;
#10783 = EDGE_LOOP ( 'NONE', ( #5420, #9179, #7815, #5360 ) ) ;
#10784 =( GEOMETRIC_REPRESENTATION_CONTEXT ( 3 ) GLOBAL_UNCERTAINTY_ASSIGNED_CONTEXT ( ( #2669 ) ) GLOBAL_UNIT_ASSIGNED_CONTEXT ( ( #1881, #10813, #1940 ) ) REPRESENTATION_CONTEXT ( 'NONE', 'WORKASPACE' ) );
#10785 = CARTESIAN_POINT ( 'NONE',  ( 10.85000000000000142, 0.009999999999987104274, 2.792598419361491987E-30 ) ) ;
#10786 = CARTESIAN_POINT ( 'NONE',  ( 12.69583336710999788, 2.389999999999999680, -8.000000000000000000 ) ) ;
#10787 = EDGE_CURVE ( 'NONE', #11529, #5747, #4726, .T. ) ;
#10788 = PLANE ( 'NONE',  #5153 ) ;
#10789 = EDGE_CURVE ( 'NONE', #9840, #3889, #8597, .T. ) ;
#10790 = DIRECTION ( 'NONE',  ( 0.0000000000000000000, -1.000000000000000000, 2.168404344971022180E-16 ) ) ;
#10791 = ORIENTED_EDGE ( 'NONE', *, *, #4251, .T. ) ;
#10792 = ORIENTED_EDGE ( 'NONE', *, *, #10506, .F. ) ;
#10793 = ORIENTED_EDGE ( 'NONE', *, *, #11437, .F. ) ;
#10794 =( NAMED_UNIT ( * ) PLANE_ANGLE_UNIT ( ) SI_UNIT ( $, .RADIAN. ) );
#10795 = VECTOR ( 'NONE', #2920, 1000.000000000000000 ) ;
#10796 = DIRECTION ( 'NONE',  ( -0.2473835203936280147, 0.0000000000000000000, 0.9689176403790239478 ) ) ;
#10797 = EDGE_CURVE ( 'NONE', #9831, #1327, #10201, .T. ) ;
#10798 = ORIENTED_EDGE ( 'NONE', *, *, #8352, .T. ) ;
#10799 =( NAMED_UNIT ( * ) PLANE_ANGLE_UNIT ( ) SI_UNIT ( $, .RADIAN. ) );
#10800 = EDGE_LOOP ( 'NONE', ( #4788, #1693, #10793, #4138 ) ) ;
#10801 = DIRECTION ( 'NONE',  ( 0.0000000000000000000, -4.336808689942018722E-16, -1.000000000000000000 ) ) ;
#10802 = LINE ( 'NONE', #8787, #1577 ) ;
#10803 = EDGE_CURVE ( 'NONE', #10046, #4084, #7464, .T. ) ;
#10804 = DIRECTION ( 'NONE',  ( 0.0000000000000000000, -2.168404344971009361E-16, -1.000000000000000000 ) ) ;
#10805 = VECTOR ( 'NONE', #576, 1000.000000000000000 ) ;
#10806 = EDGE_CURVE ( 'NONE', #4195, #5972, #9250, .T. ) ;
#10807 = LINE ( 'NONE', #3443, #5302 ) ;
#10808 = ORIENTED_EDGE ( 'NONE', *, *, #10163, .F. ) ;
#10809 = EDGE_LOOP ( 'NONE', ( #2211, #1077, #8904, #5067, #7357, #2759, #4430, #10751, #6333, #5883, #1504, #8494, #3376, #6148, #8069, #8047, #2582, #259, #1811, #5818, #4436, #11528, #4589, #48, #1105, #8766 ) ) ;
#10810 = VECTOR ( 'NONE', #6366, 1000.000000000000000 ) ;
#10811 = ORIENTED_EDGE ( 'NONE', *, *, #164, .F. ) ;
#10812 = LINE ( 'NONE', #6279, #10862 ) ;
#10813 =( NAMED_UNIT ( * ) PLANE_ANGLE_UNIT ( ) SI_UNIT ( $, .RADIAN. ) );
#10814 = LINE ( 'NONE', #9922, #8574 ) ;
#10815 = EDGE_CURVE ( 'NONE', #4833, #6977, #213, .T. ) ;
#10816 = DIRECTION ( 'NONE',  ( 0.0000000000000000000, 0.0000000000000000000, 1.000000000000000000 ) ) ;
#10817 = DIRECTION ( 'NONE',  ( -0.2377704967216949516, -0.0000000000000000000, -0.9713213633441397654 ) ) ;
#10818 = FACE_OUTER_BOUND ( 'NONE', #650, .T. ) ;
#10819 = EDGE_LOOP ( 'NONE', ( #4186, #9940, #3909, #5450 ) ) ;
#10820 = LINE ( 'NONE', #6461, #2640 ) ;
#10821 = VECTOR ( 'NONE', #1200, 1000.000000000000000 ) ;
#10822 = DIRECTION ( 'NONE',  ( 1.000000000000000000, -0.0000000000000000000, 0.0000000000000000000 ) ) ;
#10823 = CIRCLE ( 'NONE', #926, 0.2500000000000002220 ) ;
#10824 = EDGE_CURVE ( 'NONE', #3037, #10103, #11104, .T. ) ;
#10825 = EDGE_LOOP ( 'NONE', ( #9495, #6837, #11067, #1256 ) ) ;
#10826 = DIRECTION ( 'NONE',  ( -0.0000000000000000000, -1.000000000000000000, -0.0000000000000000000 ) ) ;
#10827 = LINE ( 'NONE', #3695, #9139 ) ;
#10828 =( GEOMETRIC_REPRESENTATION_CONTEXT ( 3 ) GLOBAL_UNCERTAINTY_ASSIGNED_CONTEXT ( ( #9807 ) ) GLOBAL_UNIT_ASSIGNED_CONTEXT ( ( #10830, #5465, #4570 ) ) REPRESENTATION_CONTEXT ( 'NONE', 'WORKASPACE' ) );
#10829 = DIRECTION ( 'NONE',  ( -0.0000000000000000000, -0.0000000000000000000, -1.000000000000000000 ) ) ;
#10830 =( LENGTH_UNIT ( ) NAMED_UNIT ( * ) SI_UNIT ( .MILLI., .METRE. ) );
#10831 = ORIENTED_EDGE ( 'NONE', *, *, #3009, .F. ) ;
#10832 = VERTEX_POINT ( 'NONE', #268 ) ;
#10833 = ORIENTED_EDGE ( 'NONE', *, *, #7294, .F. ) ;
#10834 = ORIENTED_EDGE ( 'NONE', *, *, #5697, .T. ) ;
#10835 = PLANE ( 'NONE',  #3217 ) ;
#10836 = CARTESIAN_POINT ( 'NONE',  ( 6.570833158493297077, 2.394999999999999574, -6.331914925575137687 ) ) ;
#10837 = VERTEX_POINT ( 'NONE', #1163 ) ;
#10838 = LINE ( 'NONE', #3541, #9583 ) ;
#10839 = AXIS2_PLACEMENT_3D ( 'NONE', #3824, #1800, #7431 ) ;
#10840 = LINE ( 'NONE', #2710, #8573 ) ;
#10841 = CARTESIAN_POINT ( 'NONE',  ( 3.200000000000000178, 0.009999999999974222217, 1.756407519426636498E-16 ) ) ;
#10842 = EDGE_LOOP ( 'NONE', ( #8818, #6828, #7343, #11467 ) ) ;
#10843 = VERTEX_POINT ( 'NONE', #4792 ) ;
#10844 = ORIENTED_EDGE ( 'NONE', *, *, #8855, .F. ) ;
#10845 = VECTOR ( 'NONE', #9470, 1000.000000000000000 ) ;
#10846 = PRODUCT_CONTEXT ( 'NONE', #1103, 'mechanical' ) ;
#10847 = CARTESIAN_POINT ( 'NONE',  ( 4.549999999999999822, 0.8200000000000149392, -3.256119351777732894E-30 ) ) ;
#10848 = AXIS2_PLACEMENT_3D ( 'NONE', #4562, #4682, #5583 ) ;
#10849 = EDGE_CURVE ( 'NONE', #1840, #391, #8426, .T. ) ;
#10850 = FACE_OUTER_BOUND ( 'NONE', #3829, .T. ) ;
#10851 = VERTEX_POINT ( 'NONE', #8485 ) ;
#10852 = DIRECTION ( 'NONE',  ( 0.0000000000000000000, 0.0000000000000000000, -1.000000000000000000 ) ) ;
#10853 = VECTOR ( 'NONE', #7437, 1000.000000000000000 ) ;
#10854 = ORIENTED_EDGE ( 'NONE', *, *, #1851, .F. ) ;
#10855 = CARTESIAN_POINT ( 'NONE',  ( 3.600000000000000533, 0.009999999999999998473, -0.4500000000000149436 ) ) ;
#10856 = PRESENTATION_LAYER_ASSIGNMENT (  '', '', ( #962 ) ) ;
#10857 = FACE_OUTER_BOUND ( 'NONE', #8167, .T. ) ;
#10858 = PLANE ( 'NONE',  #4724 ) ;
#10859 = AXIS2_PLACEMENT_3D ( 'NONE', #1220, #5627, #214 ) ;
#10860 = EDGE_LOOP ( 'NONE', ( #7387, #6596, #2782, #10144 ) ) ;
#10861 = ORIENTED_EDGE ( 'NONE', *, *, #4598, .T. ) ;
#10862 = VECTOR ( 'NONE', #1656, 1000.000000000000000 ) ;
#10863 = EDGE_LOOP ( 'NONE', ( #6413, #1783, #4787, #5421 ) ) ;
#10864 = EDGE_CURVE ( 'NONE', #10025, #8816, #2416, .T. ) ;
#10865 = VERTEX_POINT ( 'NONE', #10434 ) ;
#10866 = LINE ( 'NONE', #3623, #5945 ) ;
#10867 = EDGE_CURVE ( 'NONE', #7531, #9759, #2293, .T. ) ;
#10868 = FILL_AREA_STYLE_COLOUR ( '', #1856 ) ;
#10869 = EDGE_CURVE ( 'NONE', #4441, #3718, #7824, .T. ) ;
#10870 =( NAMED_UNIT ( * ) PLANE_ANGLE_UNIT ( ) SI_UNIT ( $, .RADIAN. ) );
#10871 = AXIS2_PLACEMENT_3D ( 'NONE', #6435, #5784, #9417 ) ;
#10872 = ORIENTED_EDGE ( 'NONE', *, *, #9440, .F. ) ;
#10873 = DIRECTION ( 'NONE',  ( 0.0000000000000000000, 0.0000000000000000000, -1.000000000000000000 ) ) ;
#10874 = CARTESIAN_POINT ( 'NONE',  ( 8.320833492279000154, 2.389999999999999680, -7.225531923770999398 ) ) ;
#10875 =( LENGTH_UNIT ( ) NAMED_UNIT ( * ) SI_UNIT ( .MILLI., .METRE. ) );
#10876 = VECTOR ( 'NONE', #6000, 1000.000000000000000 ) ;
#10877 = ORIENTED_EDGE ( 'NONE', *, *, #2869, .F. ) ;
#10878 = EDGE_CURVE ( 'NONE', #5731, #7914, #1401, .T. ) ;
#10879 = CARTESIAN_POINT ( 'NONE',  ( 9.545833492278987364, 2.399999999999999911, -7.761702135204992636 ) ) ;
#10880 = UNCERTAINTY_MEASURE_WITH_UNIT (LENGTH_MEASURE( 1.000000000000000082E-05 ), #11454, 'distance_accuracy_value', 'NONE');
#10881 =( NAMED_UNIT ( * ) SI_UNIT ( $, .STERADIAN. ) SOLID_ANGLE_UNIT ( ) );
#10882 = EDGE_CURVE ( 'NONE', #2056, #10103, #330, .T. ) ;
#10883 = CARTESIAN_POINT ( 'NONE',  ( 12.12448876245000129, 0.01000000000000000021, -11.27551123755000262 ) ) ;
#10884 = VECTOR ( 'NONE', #3378, 1000.000000000000114 ) ;
#10885 = VERTEX_POINT ( 'NONE', #1584 ) ;
#10886 = CARTESIAN_POINT ( 'NONE',  ( 8.000000000000000000, 0.8199999999999999512, -12.19999999999999929 ) ) ;
#10887 = SURFACE_STYLE_FILL_AREA ( #4464 ) ;
#10888 = DIRECTION ( 'NONE',  ( -0.6996254851787103712, 0.0000000000000000000, 0.7145097483508913161 ) ) ;
#10889 = ORIENTED_EDGE ( 'NONE', *, *, #10287, .F. ) ;
#10890 = VERTEX_POINT ( 'NONE', #4143 ) ;
#10891 = ADVANCED_FACE ( 'NONE', ( #1519 ), #6231, .F. ) ;
#10892 = DIRECTION ( 'NONE',  ( 0.0000000000000000000, 1.000000000000000000, 0.0000000000000000000 ) ) ;
#10893 = ORIENTED_EDGE ( 'NONE', *, *, #11368, .T. ) ;
#10894 = ORIENTED_EDGE ( 'NONE', *, *, #8685, .F. ) ;
#10895 = VECTOR ( 'NONE', #5969, 1000.000000000000000 ) ;
#10896 = DIRECTION ( 'NONE',  ( 0.0000000000000000000, 1.000000000000000000, -0.0000000000000000000 ) ) ;
#10897 = DIRECTION ( 'NONE',  ( -0.0000000000000000000, 1.000000000000000000, -0.0000000000000000000 ) ) ;
#10898 = FILL_AREA_STYLE ('',( #6191 ) ) ;
#10899 = ORIENTED_EDGE ( 'NONE', *, *, #7050, .F. ) ;
#10900 = LINE ( 'NONE', #1015, #8860 ) ;
#10901 = VECTOR ( 'NONE', #5154, 1000.000000000000000 ) ;
#10902 = PRESENTATION_STYLE_ASSIGNMENT (( #782 ) ) ;
#10903 = CARTESIAN_POINT ( 'NONE',  ( 0.5000111032227626540, 2.149999999999999023, -11.49764384039171006 ) ) ;
#10904 = DIRECTION ( 'NONE',  ( 0.0000000000000000000, 1.000000000000000000, 0.0000000000000000000 ) ) ;
#10905 = CARTESIAN_POINT ( 'NONE',  ( 11.70416676997728089, 2.399999999999999911, -7.880851067605431304 ) ) ;
#10906 = ORIENTED_EDGE ( 'NONE', *, *, #7706, .F. ) ;
#10907 = ORIENTED_EDGE ( 'NONE', *, *, #985, .T. ) ;
#10908 = ORIENTED_EDGE ( 'NONE', *, *, #6432, .T. ) ;
#10909 = EDGE_CURVE ( 'NONE', #1905, #4795, #2210, .T. ) ;
#10910 = DIRECTION ( 'NONE',  ( 1.000000000000000000, 0.0000000000000000000, 0.0000000000000000000 ) ) ;
#10911 = CARTESIAN_POINT ( 'NONE',  ( 8.000000000000000000, 0.8199999999999999512, 0.0000000000000000000 ) ) ;
#10912 = DIRECTION ( 'NONE',  ( 0.9689176403790238368, 0.0000000000000000000, 0.2473835203936279870 ) ) ;
#10913 = EDGE_LOOP ( 'NONE', ( #9841, #8434, #6894, #540 ) ) ;
#10914 = CARTESIAN_POINT ( 'NONE',  ( 15.24999999999999112, 2.401389820469711278, -11.64628205959077079 ) ) ;
#10915 = ORIENTED_EDGE ( 'NONE', *, *, #10527, .T. ) ;
#10916 = LINE ( 'NONE', #2769, #1422 ) ;
#10917 = SURFACE_SIDE_STYLE ('',( #10082 ) ) ;
#10918 = DIRECTION ( 'NONE',  ( 9.403954806578308822E-32, 1.000000000000000000, -2.168404344971010101E-16 ) ) ;
#10919 = DIRECTION ( 'NONE',  ( 0.0000000000000000000, 0.0000000000000000000, 1.000000000000000000 ) ) ;
#10920 = VERTEX_POINT ( 'NONE', #5659 ) ;
#10921 = ORIENTED_EDGE ( 'NONE', *, *, #5935, .F. ) ;
#10922 = VECTOR ( 'NONE', #4951, 1000.000000000000000 ) ;
#10923 = EDGE_CURVE ( 'NONE', #7240, #4205, #11260, .T. ) ;
#10924 = ORIENTED_EDGE ( 'NONE', *, *, #1984, .T. ) ;
#10925 = DIRECTION ( 'NONE',  ( -1.000000000000000000, -0.0000000000000000000, -0.0000000000000000000 ) ) ;
#10926 = VECTOR ( 'NONE', #4673, 1000.000000000000000 ) ;
#10927 = LINE ( 'NONE', #3624, #7170 ) ;
#10928 = DIRECTION ( 'NONE',  ( -0.3102800983933979850, 0.0000000000000000000, -0.9506451812011582625 ) ) ;
#10929 = STYLED_ITEM ( 'NONE', ( #1242 ), #621 ) ;
#10930 = ORIENTED_EDGE ( 'NONE', *, *, #7883, .F. ) ;
#10931 = ORIENTED_EDGE ( 'NONE', *, *, #8164, .T. ) ;
#10932 = LINE ( 'NONE', #8250, #9420 ) ;
#10933 = FACE_OUTER_BOUND ( 'NONE', #3250, .T. ) ;
#10934 = ADVANCED_FACE ( 'NONE', ( #11321 ), #1378, .T. ) ;
#10935 = EDGE_CURVE ( 'NONE', #8622, #3062, #302, .T. ) ;
#10936 = ORIENTED_EDGE ( 'NONE', *, *, #7578, .T. ) ;
#10937 = DIRECTION ( 'NONE',  ( 0.6996248351863458836, 0.0000000000000000000, 0.7145103848024032533 ) ) ;
#10938 =( LENGTH_UNIT ( ) NAMED_UNIT ( * ) SI_UNIT ( .MILLI., .METRE. ) );
#10939 =( LENGTH_UNIT ( ) NAMED_UNIT ( * ) SI_UNIT ( .MILLI., .METRE. ) );
#10940 = VECTOR ( 'NONE', #9657, 1000.000000000000000 ) ;
#10941 = VECTOR ( 'NONE', #7567, 1000.000000000000000 ) ;
#10942 = DIRECTION ( 'NONE',  ( -1.000000000000000000, 0.0000000000000000000, 0.0000000000000000000 ) ) ;
#10943 = EDGE_CURVE ( 'NONE', #10628, #3052, #4122, .T. ) ;
#10944 = ORIENTED_EDGE ( 'NONE', *, *, #10427, .T. ) ;
#10945 = DIRECTION ( 'NONE',  ( 1.000000000000000000, -0.0000000000000000000, -0.0000000000000000000 ) ) ;
#10946 = LINE ( 'NONE', #11181, #92 ) ;
#10947 = EDGE_CURVE ( 'NONE', #3231, #2775, #10352, .T. ) ;
#10948 = DIRECTION ( 'NONE',  ( -0.6996234413984975253, 0.0000000000000000000, -0.7145117495505047822 ) ) ;
#10949 = ORIENTED_EDGE ( 'NONE', *, *, #3952, .F. ) ;
#10950 = CARTESIAN_POINT ( 'NONE',  ( 5.799999999999999822, 5.293955920339377119E-20, -12.20000000000062279 ) ) ;
#10951 = VERTEX_POINT ( 'NONE', #4002 ) ;
#10952 = VERTEX_POINT ( 'NONE', #9292 ) ;
#10953 = CARTESIAN_POINT ( 'NONE',  ( 6.454166937053281039, 2.399999999999999467, -7.404255305989240199 ) ) ;
#10954 = DIRECTION ( 'NONE',  ( -0.0000000000000000000, -1.000000000000000000, 0.0000000000000000000 ) ) ;
#10955 = DIRECTION ( 'NONE',  ( -1.000000000000000000, 0.0000000000000000000, 0.0000000000000000000 ) ) ;
#10956 = EDGE_CURVE ( 'NONE', #11529, #11666, #10034, .T. ) ;
#10957 = ORIENTED_EDGE ( 'NONE', *, *, #8674, .F. ) ;
#10958 = CARTESIAN_POINT ( 'NONE',  ( 6.679901699075999844, 2.389799999999999702, -6.487358175694001083 ) ) ;
#10959 = EDGE_CURVE ( 'NONE', #3673, #11398, #2818, .T. ) ;
#10960 = CARTESIAN_POINT ( 'NONE',  ( 15.25000000000000178, 1.485000000000000098, -0.4000000000000000222 ) ) ;
#10961 = CARTESIAN_POINT ( 'NONE',  ( 12.57916668653407832, 2.399999999999999911, -7.761702135205318598 ) ) ;
#10962 = ORIENTED_EDGE ( 'NONE', *, *, #5634, .T. ) ;
#10963 = ORIENTED_EDGE ( 'NONE', *, *, #5992, .F. ) ;
#10964 = ORIENTED_EDGE ( 'NONE', *, *, #999, .T. ) ;
#10965 = CARTESIAN_POINT ( 'NONE',  ( 9.079166603088001608, 2.389999999999999680, -6.093617081642000777 ) ) ;
#10966 = CARTESIAN_POINT ( 'NONE',  ( 7.599999999999998757, 0.8200000000000300382, 0.0000000000000000000 ) ) ;
#10967 = DIRECTION ( 'NONE',  ( 0.0000000000000000000, -1.000000000000000000, 2.168404344971006649E-16 ) ) ;
#10968 = EDGE_CURVE ( 'NONE', #7450, #4871, #3110, .T. ) ;
#10969 = ORIENTED_EDGE ( 'NONE', *, *, #9703, .F. ) ;
#10970 = CARTESIAN_POINT ( 'NONE',  ( 13.49999999999877609, 1.588186776101813136E-19, -11.29999999999937899 ) ) ;
#10971 = ORIENTED_EDGE ( 'NONE', *, *, #2756, .T. ) ;
#10972 = CARTESIAN_POINT ( 'NONE',  ( 10.36250004768365152, 2.399999999999999911, -6.689361691475000704 ) ) ;
#10973 = FILL_AREA_STYLE_COLOUR ( '', #6520 ) ;
#10974 = FACE_OUTER_BOUND ( 'NONE', #10783, .T. ) ;
#10975 = VERTEX_POINT ( 'NONE', #2092 ) ;
#10976 = ORIENTED_EDGE ( 'NONE', *, *, #364, .F. ) ;
#10977 = ORIENTED_EDGE ( 'NONE', *, *, #5584, .T. ) ;
#10978 = PLANE ( 'NONE',  #8305 ) ;
#10979 = PLANE ( 'NONE',  #4885 ) ;
#10980 = PLANE ( 'NONE',  #8776 ) ;
#10981 = ORIENTED_EDGE ( 'NONE', *, *, #5770, .F. ) ;
#10982 = PRESENTATION_STYLE_ASSIGNMENT (( #11044 ) ) ;
#10983 = VERTEX_POINT ( 'NONE', #1196 ) ;
#10984 = AXIS2_PLACEMENT_3D ( 'NONE', #3475, #6964, #5123 ) ;
#10985 = FACE_OUTER_BOUND ( 'NONE', #2046, .T. ) ;
#10986 = AXIS2_PLACEMENT_3D ( 'NONE', #8994, #714, #4357 ) ;
#10987 =( NAMED_UNIT ( * ) SI_UNIT ( $, .STERADIAN. ) SOLID_ANGLE_UNIT ( ) );
#10988 = ORIENTED_EDGE ( 'NONE', *, *, #5289, .T. ) ;
#10989 = DIRECTION ( 'NONE',  ( 0.0000000000000000000, -1.000000000000000000, 2.168404344970991612E-16 ) ) ;
#10990 = VECTOR ( 'NONE', #1722, 1000.000000000000000 ) ;
#10991 = DIRECTION ( 'NONE',  ( 0.9689176559523865473, 0.0000000000000000000, 0.2473834593980218932 ) ) ;
#10992 = CARTESIAN_POINT ( 'NONE',  ( 10.36250004768000288, 2.389799999999999702, -7.011722842284999757 ) ) ;
#10993 = EDGE_CURVE ( 'NONE', #3961, #8939, #6725, .T. ) ;
#10994 = VECTOR ( 'NONE', #2425, 1000.000000000000000 ) ;
#10995 = CARTESIAN_POINT ( 'NONE',  ( 13.06956096271999890, 2.389799999999999702, -7.934367424116000045 ) ) ;
#10996 = EDGE_LOOP ( 'NONE', ( #8230, #10861, #6384, #8387 ) ) ;
#10997 = FILL_AREA_STYLE ('',( #3872 ) ) ;
#10998 = DIRECTION ( 'NONE',  ( 0.0000000000000000000, 1.000000000000000000, 0.0000000000000000000 ) ) ;
#10999 = MECHANICAL_DESIGN_GEOMETRIC_PRESENTATION_REPRESENTATION (  '', ( #8536 ), #9297 ) ;
#11000 = SURFACE_SIDE_STYLE ('',( #1067 ) ) ;
#11001 = FACE_OUTER_BOUND ( 'NONE', #2719, .T. ) ;
#11002 = DIRECTION ( 'NONE',  ( -0.4547764255316653625, 0.0000000000000000000, 0.8906056381927085486 ) ) ;
#11003 = ORIENTED_EDGE ( 'NONE', *, *, #1132, .T. ) ;
#11004 = VECTOR ( 'NONE', #8633, 1000.000000000000000 ) ;
#11005 = VERTEX_POINT ( 'NONE', #249 ) ;
#11006 = ADVANCED_FACE ( 'NONE', ( #2034 ), #8459, .F. ) ;
#11007 = DIRECTION ( 'NONE',  ( -0.4547771982025776705, 0.0000000000000000000, 0.8906052436377261960 ) ) ;
#11008 = CARTESIAN_POINT ( 'NONE',  ( 4.937500047683801796, 2.389999999999999680, -7.165957462787861054 ) ) ;
#11009 = EDGE_CURVE ( 'NONE', #5580, #8232, #9468, .T. ) ;
#11010 = DIRECTION ( 'NONE',  ( 0.0000000000000000000, 0.0000000000000000000, -1.000000000000000000 ) ) ;
#11011 = EDGE_CURVE ( 'NONE', #7535, #10052, #6667, .T. ) ;
#11012 = EDGE_LOOP ( 'NONE', ( #858, #11648, #7568, #7079 ) ) ;
#11013 = CARTESIAN_POINT ( 'NONE',  ( 6.512500047683999149, 2.389799999999999702, -7.190446225234999211 ) ) ;
#11014 = VECTOR ( 'NONE', #9337, 1000.000000000000000 ) ;
#11015 =( NAMED_UNIT ( * ) SI_UNIT ( $, .STERADIAN. ) SOLID_ANGLE_UNIT ( ) );
#11016 = PRESENTATION_STYLE_ASSIGNMENT (( #7 ) ) ;
#11017 = ORIENTED_EDGE ( 'NONE', *, *, #10186, .T. ) ;
#11018 = ORIENTED_EDGE ( 'NONE', *, *, #9195, .F. ) ;
#11019 = ORIENTED_EDGE ( 'NONE', *, *, #9931, .F. ) ;
#11020 = LINE ( 'NONE', #1023, #4387 ) ;
#11021 = EDGE_CURVE ( 'NONE', #7442, #7872, #5006, .T. ) ;
#11022 = DIRECTION ( 'NONE',  ( 1.000000000000000000, 0.0000000000000000000, -0.0000000000000000000 ) ) ;
#11023 = VECTOR ( 'NONE', #8433, 999.9999999999998863 ) ;
#11024 = DIRECTION ( 'NONE',  ( 1.000000000000000000, 0.0000000000000000000, 0.0000000000000000000 ) ) ;
#11025 = EDGE_CURVE ( 'NONE', #2694, #9469, #472, .T. ) ;
#11026 = ORIENTED_EDGE ( 'NONE', *, *, #9523, .F. ) ;
#11027 = CARTESIAN_POINT ( 'NONE',  ( 13.22083338796905494, 2.394999999999999574, -7.821276596188264207 ) ) ;
#11028 = ORIENTED_EDGE ( 'NONE', *, *, #11328, .F. ) ;
#11029 = DIRECTION ( 'NONE',  ( 0.0000000000000000000, 0.0000000000000000000, -1.000000000000000000 ) ) ;
#11030 = DIRECTION ( 'NONE',  ( 0.0000000000000000000, 0.0000000000000000000, 1.000000000000000000 ) ) ;
#11031 = DIRECTION ( 'NONE',  ( -0.0000000000000000000, -1.000000000000000000, -0.0000000000000000000 ) ) ;
#11032 = DIRECTION ( 'NONE',  ( 0.0000000000000000000, 0.0000000000000000000, -1.000000000000000000 ) ) ;
#11033 = EDGE_LOOP ( 'NONE', ( #2729, #7697, #9217, #9480 ) ) ;
#11034 = VERTEX_POINT ( 'NONE', #3223 ) ;
#11035 = AXIS2_PLACEMENT_3D ( 'NONE', #5175, #3340, #8867 ) ;
#11036 = ORIENTED_EDGE ( 'NONE', *, *, #3100, .T. ) ;
#11037 = EDGE_CURVE ( 'NONE', #135, #3431, #4882, .T. ) ;
#11038 = CARTESIAN_POINT ( 'NONE',  ( 9.617552703829998606, 2.389799999999999702, -6.769442536662999998 ) ) ;
#11039 = VECTOR ( 'NONE', #5656, 1000.000000000000000 ) ;
#11040 = DIRECTION ( 'NONE',  ( -0.0000000000000000000, -1.000000000000000000, -0.0000000000000000000 ) ) ;
#11041 =( GEOMETRIC_REPRESENTATION_CONTEXT ( 3 ) GLOBAL_UNCERTAINTY_ASSIGNED_CONTEXT ( ( #10515 ) ) GLOBAL_UNIT_ASSIGNED_CONTEXT ( ( #2875, #5606, #9172 ) ) REPRESENTATION_CONTEXT ( 'NONE', 'WORKASPACE' ) );
#11042 = CARTESIAN_POINT ( 'NONE',  ( 5.000000000000063949, 0.009999999999999996739, -1.129377263005733721E-18 ) ) ;
#11043 = ORIENTED_EDGE ( 'NONE', *, *, #8060, .T. ) ;
#11044 = SURFACE_STYLE_USAGE ( .BOTH. , #8365 ) ;
#11045 = STYLED_ITEM ( 'NONE', ( #2030 ), #3315 ) ;
#11046 = ORIENTED_EDGE ( 'NONE', *, *, #2135, .F. ) ;
#11047 = MECHANICAL_DESIGN_GEOMETRIC_PRESENTATION_REPRESENTATION (  '', ( #963 ), #3644 ) ;
#11048 = CARTESIAN_POINT ( 'NONE',  ( 8.000000000000000000, 0.009999999999999995004, 0.0000000000000000000 ) ) ;
#11049 = CARTESIAN_POINT ( 'NONE',  ( 11.76250004768000323, 2.389999999999999680, -6.093617081642003441 ) ) ;
#11050 = VECTOR ( 'NONE', #11668, 1000.000000000000227 ) ;
#11051 = CARTESIAN_POINT ( 'NONE',  ( 6.570833158493178949, 2.389999999999999680, -7.761702135205303499 ) ) ;
#11052 = ORIENTED_EDGE ( 'NONE', *, *, #7440, .F. ) ;
#11053 = CARTESIAN_POINT ( 'NONE',  ( 5.754166936874000271, 2.389999999999999680, -6.331914925574999131 ) ) ;
#11054 = ADVANCED_FACE ( 'NONE', ( #2992 ), #6603, .F. ) ;
#11055 = VECTOR ( 'NONE', #6037, 1000.000000000000114 ) ;
#11056 = SURFACE_STYLE_FILL_AREA ( #1115 ) ;
#11057 = SURFACE_STYLE_FILL_AREA ( #9508 ) ;
#11058 = CARTESIAN_POINT ( 'NONE',  ( 8.320833492278836729, 2.394999999999999574, -6.272340464591609432 ) ) ;
#11059 = CARTESIAN_POINT ( 'NONE',  ( 6.512500047683999149, 2.389999999999999680, -6.599999999999999645 ) ) ;
#11060 = CARTESIAN_POINT ( 'NONE',  ( 4.120833158493010906, 2.399999999999999911, -6.093617081642010547 ) ) ;
#11061 = VECTOR ( 'NONE', #11329, 1000.000000000000000 ) ;
#11062 = FACE_OUTER_BOUND ( 'NONE', #4599, .T. ) ;
#11063 = CARTESIAN_POINT ( 'NONE',  ( 12.05416676998000014, 2.399999999999999911, -7.404255306717929308 ) ) ;
#11064 = CARTESIAN_POINT ( 'NONE',  ( 6.804166936874178617, 2.389999999999999680, -6.927659535407751257 ) ) ;
#11065 = VERTEX_POINT ( 'NONE', #10664 ) ;
#11066 = EDGE_CURVE ( 'NONE', #2188, #5789, #3351, .T. ) ;
#11067 = ORIENTED_EDGE ( 'NONE', *, *, #9319, .F. ) ;
#11068 = FILL_AREA_STYLE_COLOUR ( '', #4127 ) ;
#11069 = LINE ( 'NONE', #2925, #5513 ) ;
#11070 = AXIS2_PLACEMENT_3D ( 'NONE', #9852, #1702, #5213 ) ;
#11071 = FACE_OUTER_BOUND ( 'NONE', #626, .T. ) ;
#11072 = VERTEX_POINT ( 'NONE', #7921 ) ;
#11073 = DIRECTION ( 'NONE',  ( 0.0000000000000000000, -2.168404344971006896E-16, -1.000000000000000000 ) ) ;
#11074 = LINE ( 'NONE', #4763, #5976 ) ;
#11075 = EDGE_CURVE ( 'NONE', #3718, #11144, #709, .T. ) ;
#11076 = CARTESIAN_POINT ( 'NONE',  ( 9.487500047684003235, 2.389999999999999680, -6.570212769508000150 ) ) ;
#11077 = DIRECTION ( 'NONE',  ( 0.6996234726653328684, -0.0000000000000000000, 0.7145117189351760656 ) ) ;
#11078 = VECTOR ( 'NONE', #4549, 1000.000000000000000 ) ;
#11079 = DIRECTION ( 'NONE',  ( 0.2377704967216977272, 0.0000000000000000000, 0.9713213633441390993 ) ) ;
#11080 = VECTOR ( 'NONE', #11030, 1000.000000000000000 ) ;
#11081 = VERTEX_POINT ( 'NONE', #651 ) ;
#11082 = VERTEX_POINT ( 'NONE', #5957 ) ;
#11083 = VERTEX_POINT ( 'NONE', #4295 ) ;
#11084 = EDGE_CURVE ( 'NONE', #9057, #4385, #7858, .T. ) ;
#11085 = DIRECTION ( 'NONE',  ( -1.000000000000000000, 0.0000000000000000000, 0.0000000000000000000 ) ) ;
#11086 = EDGE_CURVE ( 'NONE', #4041, #8260, #6132, .T. ) ;
#11087 = DIRECTION ( 'NONE',  ( 0.0000000000000000000, 0.0000000000000000000, 1.000000000000000000 ) ) ;
#11088 = CARTESIAN_POINT ( 'NONE',  ( 15.40000000000000036, 0.004999999999999999237, -12.20000000000249507 ) ) ;
#11089 = CIRCLE ( 'NONE', #11485, 0.2499999999999997780 ) ;
#11090 = ORIENTED_EDGE ( 'NONE', *, *, #5488, .T. ) ;
#11091 = CARTESIAN_POINT ( 'NONE',  ( 15.24999999999999645, 2.399988896777236036, -11.49764384039153953 ) ) ;
#11092 = ORIENTED_EDGE ( 'NONE', *, *, #6068, .F. ) ;
#11093 =( NAMED_UNIT ( * ) PLANE_ANGLE_UNIT ( ) SI_UNIT ( $, .RADIAN. ) );
#11094 = EDGE_CURVE ( 'NONE', #1761, #2921, #2515, .T. ) ;
#11095 = DIRECTION ( 'NONE',  ( 0.0000000000000000000, -4.336808689942021680E-16, -1.000000000000000000 ) ) ;
#11096 = CARTESIAN_POINT ( 'NONE',  ( 11.70000000000000284, 0.009999999999999998473, -11.30000000000000249 ) ) ;
#11097 = DIRECTION ( 'NONE',  ( -0.0000000000000000000, -1.000000000000000000, -0.0000000000000000000 ) ) ;
#11098 = VERTEX_POINT ( 'NONE', #2574 ) ;
#11099 = ORIENTED_EDGE ( 'NONE', *, *, #594, .T. ) ;
#11100 = EDGE_CURVE ( 'NONE', #896, #1938, #1561, .T. ) ;
#11101 = VECTOR ( 'NONE', #9662, 1000.000000000000227 ) ;
#11102 = ORIENTED_EDGE ( 'NONE', *, *, #7607, .F. ) ;
#11103 = DIRECTION ( 'NONE',  ( -0.0000000000000000000, -1.000000000000000000, -0.0000000000000000000 ) ) ;
#11104 = LINE ( 'NONE', #5680, #7547 ) ;
#11105 = PLANE ( 'NONE',  #10859 ) ;
#11106 = ORIENTED_EDGE ( 'NONE', *, *, #10882, .T. ) ;
#11107 = LINE ( 'NONE', #3012, #3524 ) ;
#11108 = VERTEX_POINT ( 'NONE', #5184 ) ;
#11109 = PLANE ( 'NONE',  #3706 ) ;
#11110 = EDGE_CURVE ( 'NONE', #3005, #8329, #7177, .T. ) ;
#11111 = VECTOR ( 'NONE', #7436, 1000.000000000000000 ) ;
#11112 = CARTESIAN_POINT ( 'NONE',  ( 8.029166603088000898, 2.389799999999999702, -7.309595147201999765 ) ) ;
#11113 = ADVANCED_FACE ( 'NONE', ( #11616 ), #6185, .F. ) ;
#11114 = CARTESIAN_POINT ( 'NONE',  ( 4.096344396045999758, 2.389799999999999702, -6.093617081642001665 ) ) ;
#11115 = ORIENTED_EDGE ( 'NONE', *, *, #1202, .T. ) ;
#11116 = UNCERTAINTY_MEASURE_WITH_UNIT (LENGTH_MEASURE( 1.000000000000000082E-05 ), #3073, 'distance_accuracy_value', 'NONE');
#11117 =( GEOMETRIC_REPRESENTATION_CONTEXT ( 3 ) GLOBAL_UNCERTAINTY_ASSIGNED_CONTEXT ( ( #8977 ) ) GLOBAL_UNIT_ASSIGNED_CONTEXT ( ( #5748, #8369, #3973 ) ) REPRESENTATION_CONTEXT ( 'NONE', 'WORKASPACE' ) );
#11118 = DIRECTION ( 'NONE',  ( -0.0000000000000000000, -1.000000000000000000, -0.0000000000000000000 ) ) ;
#11119 = CARTESIAN_POINT ( 'NONE',  ( 13.19166671782500089, 2.389999999999999680, -7.374468076229000246 ) ) ;
#11120 = CARTESIAN_POINT ( 'NONE',  ( 5.404166936873998850, 2.389999999999999680, -7.582978731394000249 ) ) ;
#11121 = AXIS2_PLACEMENT_3D ( 'NONE', #311, #4659, #5671 ) ;
#11122 = ADVANCED_FACE ( 'NONE', ( #7979 ), #10477, .T. ) ;
#11123 = SURFACE_STYLE_FILL_AREA ( #10997 ) ;
#11124 = AXIS2_PLACEMENT_3D ( 'NONE', #5266, #5438, #8898 ) ;
#11125 = DIRECTION ( 'NONE',  ( 0.0000000000000000000, -2.168404344971006896E-16, -1.000000000000000000 ) ) ;
#11126 = FACE_OUTER_BOUND ( 'NONE', #8986, .T. ) ;
#11127 = CARTESIAN_POINT ( 'NONE',  ( 12.57916668653708747, 2.394999999999999574, -8.000000000000000000 ) ) ;
#11128 = ORIENTED_EDGE ( 'NONE', *, *, #2066, .F. ) ;
#11129 = ORIENTED_EDGE ( 'NONE', *, *, #8611, .T. ) ;
#11130 = DIRECTION ( 'NONE',  ( 0.0000000000000000000, -4.336808689942013792E-16, -1.000000000000000000 ) ) ;
#11131 = VECTOR ( 'NONE', #6821, 1000.000000000000114 ) ;
#11132 = VECTOR ( 'NONE', #8412, 1000.000000000000000 ) ;
#11133 = CARTESIAN_POINT ( 'NONE',  ( 8.320833492278998378, 2.399999999999999467, -7.046808499097499734 ) ) ;
#11134 = AXIS2_PLACEMENT_3D ( 'NONE', #1325, #7806, #11449 ) ;
#11135 = CARTESIAN_POINT ( 'NONE',  ( 15.24999999999977440, 2.149999999999999023, -0.3999999999999999667 ) ) ;
#11136 = ORIENTED_EDGE ( 'NONE', *, *, #7865, .F. ) ;
#11137 = CARTESIAN_POINT ( 'NONE',  ( 11.00000000000000000, 0.01020000000000000073, -12.22448876245000093 ) ) ;
#11138 = SURFACE_SIDE_STYLE ('',( #2028 ) ) ;
#11139 = DIRECTION ( 'NONE',  ( -0.0000000000000000000, -1.000000000000000000, -0.0000000000000000000 ) ) ;
#11140 = LINE ( 'NONE', #9230, #8193 ) ;
#11141 = VECTOR ( 'NONE', #8745, 1000.000000000000000 ) ;
#11142 = PLANE ( 'NONE',  #2673 ) ;
#11143 = ORIENTED_EDGE ( 'NONE', *, *, #7498, .T. ) ;
#11144 = VERTEX_POINT ( 'NONE', #6903 ) ;
#11145 = CARTESIAN_POINT ( 'NONE',  ( 1.700000000000347677, 0.004999999999999999237, -0.9000000000000000222 ) ) ;
#11146 = ORIENTED_EDGE ( 'NONE', *, *, #2072, .F. ) ;
#11147 = PRESENTATION_STYLE_ASSIGNMENT (( #9235 ) ) ;
#11148 = ORIENTED_EDGE ( 'NONE', *, *, #612, .T. ) ;
#11149 = EDGE_CURVE ( 'NONE', #2927, #769, #11561, .T. ) ;
#11150 = EDGE_LOOP ( 'NONE', ( #1204, #7042, #1990, #9712 ) ) ;
#11151 = DIRECTION ( 'NONE',  ( 0.0000000000000000000, 0.0000000000000000000, -1.000000000000000000 ) ) ;
#11152 = CARTESIAN_POINT ( 'NONE',  ( 12.10000000000122533, 1.588186776101813136E-19, -0.9000000000000077938 ) ) ;
#11153 = CARTESIAN_POINT ( 'NONE',  ( 5.000000000000000888, -1.058791184067875424E-19, -12.20000000000123386 ) ) ;
#11154 = CARTESIAN_POINT ( 'NONE',  ( 0.6000000000000000888, 0.01020000000000000073, -11.27551123755000262 ) ) ;
#11155 = VERTEX_POINT ( 'NONE', #6018 ) ;
#11156 = VERTEX_POINT ( 'NONE', #9649 ) ;
#11157 = VECTOR ( 'NONE', #2081, 1000.000000000000000 ) ;
#11158 = ORIENTED_EDGE ( 'NONE', *, *, #2143, .T. ) ;
#11159 = EDGE_CURVE ( 'NONE', #593, #3476, #8754, .T. ) ;
#11160 = DIRECTION ( 'NONE',  ( 0.5466232777030902712, 0.0000000000000000000, -0.8373786433108563187 ) ) ;
#11161 = CARTESIAN_POINT ( 'NONE',  ( 1.700000000000001288, 0.4100000000000150191, -12.19999999999999929 ) ) ;
#11162 = DIRECTION ( 'NONE',  ( 0.0000000000000000000, 0.0000000000000000000, 1.000000000000000000 ) ) ;
#11163 = ORIENTED_EDGE ( 'NONE', *, *, #11642, .F. ) ;
#11164 =( NAMED_UNIT ( * ) PLANE_ANGLE_UNIT ( ) SI_UNIT ( $, .RADIAN. ) );
#11165 = ADVANCED_FACE ( 'NONE', ( #940 ), #7195, .T. ) ;
#11166 = ORIENTED_EDGE ( 'NONE', *, *, #4115, .T. ) ;
#11167 = EDGE_CURVE ( 'NONE', #2047, #2775, #3701, .T. ) ;
#11168 = DIRECTION ( 'NONE',  ( -1.000000000000000000, -0.0000000000000000000, -0.0000000000000000000 ) ) ;
#11169 = DIRECTION ( 'NONE',  ( 0.8906051111983925850, 0.0000000000000000000, -0.4547774575628157900 ) ) ;
#11170 = VECTOR ( 'NONE', #11539, 1000.000000000000000 ) ;
#11171 = LINE ( 'NONE', #2179, #11023 ) ;
#11172 = ORIENTED_EDGE ( 'NONE', *, *, #4989, .F. ) ;
#11173 = DIRECTION ( 'NONE',  ( -0.9689178307906743948, 0.0000000000000000000, -0.2473827746143492379 ) ) ;
#11174 = EDGE_CURVE ( 'NONE', #11034, #11277, #6359, .T. ) ;
#11175 = DIRECTION ( 'NONE',  ( -0.0000000000000000000, 1.000000000000000000, -0.0000000000000000000 ) ) ;
#11176 = VECTOR ( 'NONE', #9589, 1000.000000000000000 ) ;
#11177 = FACE_OUTER_BOUND ( 'NONE', #7817, .T. ) ;
#11178 = FILL_AREA_STYLE ('',( #2187 ) ) ;
#11179 = VERTEX_POINT ( 'NONE', #2695 ) ;
#11180 = LINE ( 'NONE', #10634, #7855 ) ;
#11181 = CARTESIAN_POINT ( 'NONE',  ( 10.85000000000000142, 0.4100000000000150191, -12.19999999999999929 ) ) ;
#11182 = CARTESIAN_POINT ( 'NONE',  ( 8.000000000000000000, 0.0000000000000000000, -11.30000000000000071 ) ) ;
#11183 = EDGE_LOOP ( 'NONE', ( #9052, #10674, #435, #4020 ) ) ;
#11184 = VECTOR ( 'NONE', #5540, 1000.000000000000000 ) ;
#11185 = EDGE_LOOP ( 'NONE', ( #11724, #11413, #4123, #6836, #3790, #144, #9014, #5885 ) ) ;
#11186 = EDGE_CURVE ( 'NONE', #11649, #150, #1070, .T. ) ;
#11187 = LINE ( 'NONE', #5825, #11722 ) ;
#11188 = EDGE_CURVE ( 'NONE', #1073, #2000, #1964, .T. ) ;
#11189 = VECTOR ( 'NONE', #4150, 1000.000000000000000 ) ;
#11190 = CARTESIAN_POINT ( 'NONE',  ( 13.19634462551999832, 2.389799999999999702, -6.093617081642001665 ) ) ;
#11191 = DIRECTION ( 'NONE',  ( 0.0000000000000000000, 0.0000000000000000000, -1.000000000000000000 ) ) ;
#11192 = VECTOR ( 'NONE', #4005, 1000.000000000000000 ) ;
#11193 = CARTESIAN_POINT ( 'NONE',  ( 8.000000047682000570, 2.389999999999999680, -5.200000000000001066 ) ) ;
#11194 = LINE ( 'NONE', #3942, #8571 ) ;
#11195 =( GEOMETRIC_REPRESENTATION_CONTEXT ( 3 ) GLOBAL_UNCERTAINTY_ASSIGNED_CONTEXT ( ( #9686 ) ) GLOBAL_UNIT_ASSIGNED_CONTEXT ( ( #6739, #5847, #5794 ) ) REPRESENTATION_CONTEXT ( 'NONE', 'WORKASPACE' ) );
#11196 = CARTESIAN_POINT ( 'NONE',  ( 10.19999999999999929, 0.004999999999999999237, -11.29999999999750848 ) ) ;
#11197 = ORIENTED_EDGE ( 'NONE', *, *, #5333, .F. ) ;
#11198 = DIRECTION ( 'NONE',  ( 1.000000000000000000, 0.0000000000000000000, 0.0000000000000000000 ) ) ;
#11199 = VERTEX_POINT ( 'NONE', #2747 ) ;
#11200 = PLANE ( 'NONE',  #10049 ) ;
#11201 =( GEOMETRIC_REPRESENTATION_CONTEXT ( 3 ) GLOBAL_UNCERTAINTY_ASSIGNED_CONTEXT ( ( #3022 ) ) GLOBAL_UNIT_ASSIGNED_CONTEXT ( ( #3604, #2153, #5781 ) ) REPRESENTATION_CONTEXT ( 'NONE', 'WORKASPACE' ) );
#11202 = AXIS2_PLACEMENT_3D ( 'NONE', #8689, #8749, #589 ) ;
#11203 = DIRECTION ( 'NONE',  ( -0.8265992787991174318, -0.0000000000000000000, -0.5627909312424809185 ) ) ;
#11204 = ORIENTED_EDGE ( 'NONE', *, *, #1188, .T. ) ;
#11205 = DIRECTION ( 'NONE',  ( -0.8373786433114603911, 0.0000000000000000000, -0.5466232777021647893 ) ) ;
#11206 = CARTESIAN_POINT ( 'NONE',  ( 2.837500047683658266, 2.399999999999999911, -6.093617081642001665 ) ) ;
#11207 = ORIENTED_EDGE ( 'NONE', *, *, #9397, .T. ) ;
#11208 = FACE_OUTER_BOUND ( 'NONE', #3667, .T. ) ;
#11209 = DIRECTION ( 'NONE',  ( -0.7145106128062499451, 0.0000000000000000000, -0.6996246023313054119 ) ) ;
#11210 = CARTESIAN_POINT ( 'NONE',  ( 6.099999999999999645, 5.293955920339377119E-20, -4.235164736271501695E-19 ) ) ;
#11211 = FACE_OUTER_BOUND ( 'NONE', #5796, .T. ) ;
#11212 = ORIENTED_EDGE ( 'NONE', *, *, #2021, .F. ) ;
#11213 = ORIENTED_EDGE ( 'NONE', *, *, #7619, .F. ) ;
#11214 =( GEOMETRIC_REPRESENTATION_CONTEXT ( 3 ) GLOBAL_UNCERTAINTY_ASSIGNED_CONTEXT ( ( #6222 ) ) GLOBAL_UNIT_ASSIGNED_CONTEXT ( ( #8862, #6823, #5939 ) ) REPRESENTATION_CONTEXT ( 'NONE', 'WORKASPACE' ) );
#11215 = ORIENTED_EDGE ( 'NONE', *, *, #6163, .F. ) ;
#11216 = DIRECTION ( 'NONE',  ( -1.000000000000000000, -0.0000000000000000000, -0.0000000000000000000 ) ) ;
#11217 = EDGE_CURVE ( 'NONE', #5113, #4795, #7307, .T. ) ;
#11218 = DIRECTION ( 'NONE',  ( -0.0000000000000000000, 1.000000000000000000, -0.0000000000000000000 ) ) ;
#11219 = LINE ( 'NONE', #11161, #6219 ) ;
#11220 = CARTESIAN_POINT ( 'NONE',  ( 6.395833492278998555, 2.399999999999999911, -7.493617019057499995 ) ) ;
#11221 = VERTEX_POINT ( 'NONE', #10950 ) ;
#11222 = FILL_AREA_STYLE_COLOUR ( '', #4842 ) ;
#11223 = MECHANICAL_DESIGN_GEOMETRIC_PRESENTATION_REPRESENTATION (  '', ( #10266 ), #7410 ) ;
#11224 = ORIENTED_EDGE ( 'NONE', *, *, #3308, .T. ) ;
#11225 = DIRECTION ( 'NONE',  ( 0.0000000000000000000, 0.0000000000000000000, -1.000000000000000000 ) ) ;
#11226 = DIRECTION ( 'NONE',  ( -0.5466210397348517658, 0.0000000000000000000, 0.8373801042054853649 ) ) ;
#11227 = CIRCLE ( 'NONE', #11428, 0.2500000000000002220 ) ;
#11228 = ADVANCED_FACE ( 'NONE', ( #6245 ), #5419, .F. ) ;
#11229 = LINE ( 'NONE', #2125, #7403 ) ;
#11230 = ORIENTED_EDGE ( 'NONE', *, *, #10596, .F. ) ;
#11231 = UNCERTAINTY_MEASURE_WITH_UNIT (LENGTH_MEASURE( 1.000000000000000082E-05 ), #5929, 'distance_accuracy_value', 'NONE');
#11232 = ADVANCED_FACE ( 'NONE', ( #6412 ), #4516, .F. ) ;
#11233 = COLOUR_RGB ( '',0.9803921568627450567, 0.6274509803921568540, 0.0000000000000000000 ) ;
#11234 = EDGE_CURVE ( 'NONE', #2479, #9117, #9155, .T. ) ;
#11235 = DIRECTION ( 'NONE',  ( 0.0000000000000000000, -1.000000000000000000, 2.168404344971006649E-16 ) ) ;
#11236 = VECTOR ( 'NONE', #878, 1000.000000000000000 ) ;
#11237 = FACE_OUTER_BOUND ( 'NONE', #1332, .T. ) ;
#11238 = AXIS2_PLACEMENT_3D ( 'NONE', #4389, #6225, #3513 ) ;
#11239 = CARTESIAN_POINT ( 'NONE',  ( 11.76250004768071555, 2.389999999999999680, -7.642553192376940530 ) ) ;
#11240 = VERTEX_POINT ( 'NONE', #8267 ) ;
#11241 = CARTESIAN_POINT ( 'NONE',  ( 6.337500047684007320, 2.394999999999999574, -7.940425533801203528 ) ) ;
#11242 = COLOUR_RGB ( '',0.8313725490196077761, 0.8509803921568627194, 0.8313725490196077761 ) ;
#11243 = CARTESIAN_POINT ( 'NONE',  ( 13.20000000000000107, 0.0000000000000000000, -6.099999999999999645 ) ) ;
#11244 = EDGE_CURVE ( 'NONE', #4284, #6547, #3763, .T. ) ;
#11245 = VECTOR ( 'NONE', #5297, 1000.000000000000000 ) ;
#11246 = DIRECTION ( 'NONE',  ( 0.0000000000000000000, 0.0000000000000000000, -1.000000000000000000 ) ) ;
#11247 = CARTESIAN_POINT ( 'NONE',  ( 8.000000000000000000, 0.009999999999999995004, 0.0000000000000000000 ) ) ;
#11248 = AXIS2_PLACEMENT_3D ( 'NONE', #8657, #7825, #1520 ) ;
#11249 = DIRECTION ( 'NONE',  ( -0.8906053585725004496, 0.0000000000000000000, 0.4547769731219334366 ) ) ;
#11250 = ORIENTED_EDGE ( 'NONE', *, *, #2154, .T. ) ;
#11251 = EDGE_CURVE ( 'NONE', #917, #1810, #5592, .T. ) ;
#11252 = DIRECTION ( 'NONE',  ( 1.000000000000000000, -0.0000000000000000000, -0.0000000000000000000 ) ) ;
#11253 = AXIS2_PLACEMENT_3D ( 'NONE', #4866, #7718, #11362 ) ;
#11254 = EDGE_CURVE ( 'NONE', #4191, #8784, #6228, .T. ) ;
#11255 = DIRECTION ( 'NONE',  ( 0.9506455412390729665, 0.0000000000000000000, -0.3102789952966040765 ) ) ;
#11256 = CARTESIAN_POINT ( 'NONE',  ( 11.30000000000000071, 0.01020000000000000073, -11.27551123755000262 ) ) ;
#11257 = LINE ( 'NONE', #1254, #9693 ) ;
#11258 = ORIENTED_EDGE ( 'NONE', *, *, #7902, .F. ) ;
#11259 = ORIENTED_EDGE ( 'NONE', *, *, #4073, .T. ) ;
#11260 = LINE ( 'NONE', #7736, #4699 ) ;
#11261 = ORIENTED_EDGE ( 'NONE', *, *, #1354, .F. ) ;
#11262 = CIRCLE ( 'NONE', #6317, 0.2500000000000002220 ) ;
#11263 = DIRECTION ( 'NONE',  ( 0.0000000000000000000, 0.0000000000000000000, -1.000000000000000000 ) ) ;
#11264 = DIRECTION ( 'NONE',  ( 0.8906050950769388574, 0.0000000000000000000, 0.4547774891339684267 ) ) ;
#11266 = VERTEX_POINT ( 'NONE', #4043 ) ;
#11265 = MECHANICAL_DESIGN_GEOMETRIC_PRESENTATION_REPRESENTATION (  '', ( #9754 ), #5110 ) ;
#11267 = CARTESIAN_POINT ( 'NONE',  ( 1.700000000000347677, 0.0000000000000000000, -0.9000000000000000222 ) ) ;
#11268 = VERTEX_POINT ( 'NONE', #10222 ) ;
#11269 = VECTOR ( 'NONE', #10488, 1000.000000000000000 ) ;
#11270 = PLANE ( 'NONE',  #6162 ) ;
#11271 = PLANE ( 'NONE',  #8991 ) ;
#11272 = EDGE_CURVE ( 'NONE', #4956, #11493, #2254, .T. ) ;
#11273 = PRESENTATION_STYLE_ASSIGNMENT (( #7634 ) ) ;
#11274 = SURFACE_SIDE_STYLE ('',( #2223 ) ) ;
#11275 = ORIENTED_EDGE ( 'NONE', *, *, #5488, .F. ) ;
#11276 = VERTEX_POINT ( 'NONE', #11064 ) ;
#11277 = VERTEX_POINT ( 'NONE', #9453 ) ;
#11278 = DIRECTION ( 'NONE',  ( 0.0000000000000000000, 1.000000000000000000, 0.0000000000000000000 ) ) ;
#11279 =( GEOMETRIC_REPRESENTATION_CONTEXT ( 3 ) GLOBAL_UNCERTAINTY_ASSIGNED_CONTEXT ( ( #7908 ) ) GLOBAL_UNIT_ASSIGNED_CONTEXT ( ( #3640, #9335, #3694 ) ) REPRESENTATION_CONTEXT ( 'NONE', 'WORKASPACE' ) );
#11280 = SURFACE_STYLE_USAGE ( .BOTH. , #11521 ) ;
#11281 = CARTESIAN_POINT ( 'NONE',  ( 6.244560752927999836, 2.389799999999999702, -6.397547500830999212 ) ) ;
#11282 = CARTESIAN_POINT ( 'NONE',  ( 4.700000000000000178, 0.004999999999999999237, -0.9000000000000298872 ) ) ;
#11283 = ORIENTED_EDGE ( 'NONE', *, *, #2742, .F. ) ;
#11284 = ORIENTED_EDGE ( 'NONE', *, *, #2315, .F. ) ;
#11285 = LINE ( 'NONE', #3133, #4085 ) ;
#11286 =( LENGTH_UNIT ( ) NAMED_UNIT ( * ) SI_UNIT ( .MILLI., .METRE. ) );
#11287 = EDGE_CURVE ( 'NONE', #1578, #11733, #2076, .T. ) ;
#11288 = CIRCLE ( 'NONE', #4449, 0.2500000000000019429 ) ;
#11289 = VECTOR ( 'NONE', #2508, 1000.000000000000000 ) ;
#11290 =( LENGTH_UNIT ( ) NAMED_UNIT ( * ) SI_UNIT ( .MILLI., .METRE. ) );
#11291 = ORIENTED_EDGE ( 'NONE', *, *, #3093, .F. ) ;
#11292 =( NAMED_UNIT ( * ) PLANE_ANGLE_UNIT ( ) SI_UNIT ( $, .RADIAN. ) );
#11293 = CARTESIAN_POINT ( 'NONE',  ( 12.55467792408999728, 2.389799999999999702, -7.761702135205000630 ) ) ;
#11294 = CARTESIAN_POINT ( 'NONE',  ( 5.400000000000000355, 0.8200000000000300382, -12.19999999999999929 ) ) ;
#11295 = VECTOR ( 'NONE', #8647, 1000.000000000000000 ) ;
#11296 = SURFACE_STYLE_USAGE ( .BOTH. , #7655 ) ;
#11297 = DIRECTION ( 'NONE',  ( 0.0000000000000000000, 0.0000000000000000000, 1.000000000000000000 ) ) ;
#11298 = DIRECTION ( 'NONE',  ( 0.0000000000000000000, 0.0000000000000000000, 1.000000000000000000 ) ) ;
#11299 = EDGE_CURVE ( 'NONE', #7052, #3231, #7424, .T. ) ;
#11300 = EDGE_CURVE ( 'NONE', #11640, #3734, #7662, .T. ) ;
#11301 = AXIS2_PLACEMENT_3D ( 'NONE', #9798, #22, #10022 ) ;
#11302 = CYLINDRICAL_SURFACE ( 'NONE', #9211, 0.2500000000000002220 ) ;
#11303 = FACE_BOUND ( 'NONE', #2950, .T. ) ;
#11304 = DIRECTION ( 'NONE',  ( 0.0000000000000000000, 0.0000000000000000000, -1.000000000000000000 ) ) ;
#11305 = ORIENTED_EDGE ( 'NONE', *, *, #11110, .F. ) ;
#11306 = PLANE ( 'NONE',  #10016 ) ;
#11307 = CARTESIAN_POINT ( 'NONE',  ( 9.895833492279001220, 2.399999999999999911, -0.4330000000000000515 ) ) ;
#11308 = EDGE_CURVE ( 'NONE', #555, #4205, #10170, .T. ) ;
#11309 = MECHANICAL_DESIGN_GEOMETRIC_PRESENTATION_REPRESENTATION (  '', ( #3717 ), #2183 ) ;
#11310 = VERTEX_POINT ( 'NONE', #4813 ) ;
#11311 = STYLED_ITEM ( 'NONE', ( #2568 ), #2394 ) ;
#11312 = LINE ( 'NONE', #3160, #3361 ) ;
#11313 = EDGE_CURVE ( 'NONE', #9713, #6668, #7488, .T. ) ;
#11314 = EDGE_CURVE ( 'NONE', #2235, #10832, #10393, .T. ) ;
#11315 = DIRECTION ( 'NONE',  ( -0.0000000000000000000, -1.000000000000000000, -0.0000000000000000000 ) ) ;
#11316 = CARTESIAN_POINT ( 'NONE',  ( 0.8773394526989664044, 2.325095010874375312, -11.62500560368731684 ) ) ;
#11317 = DIRECTION ( 'NONE',  ( 1.000000000000000000, 0.0000000000000000000, 0.0000000000000000000 ) ) ;
#11318 = PLANE ( 'NONE',  #3811 ) ;
#11319 = ORIENTED_EDGE ( 'NONE', *, *, #7939, .T. ) ;
#11320 = ORIENTED_EDGE ( 'NONE', *, *, #4261, .T. ) ;
#11321 = FACE_OUTER_BOUND ( 'NONE', #2020, .T. ) ;
#11322 = VECTOR ( 'NONE', #9573, 1000.000000000000000 ) ;
#11323 = VERTEX_POINT ( 'NONE', #9394 ) ;
#11324 = FILL_AREA_STYLE ('',( #1260 ) ) ;
#11325 = CIRCLE ( 'NONE', #9030, 0.2500000000000002220 ) ;
#11326 = CARTESIAN_POINT ( 'NONE',  ( 13.20000000000000107, 0.01020000000000000073, -0.9244887624473999699 ) ) ;
#11327 = EDGE_CURVE ( 'NONE', #9858, #7546, #231, .T. ) ;
#11328 = EDGE_CURVE ( 'NONE', #6296, #3709, #4750, .T. ) ;
#11329 = DIRECTION ( 'NONE',  ( -0.0000000000000000000, -1.000000000000000000, -0.0000000000000000000 ) ) ;
#11330 = VERTEX_POINT ( 'NONE', #3150 ) ;
#11331 = DIRECTION ( 'NONE',  ( -1.000000000000000000, 0.0000000000000000000, 0.0000000000000000000 ) ) ;
#11332 = VECTOR ( 'NONE', #7346, 1000.000000000000000 ) ;
#11333 = AXIS2_PLACEMENT_3D ( 'NONE', #11137, #8572, #414 ) ;
#11334 = ORIENTED_EDGE ( 'NONE', *, *, #5837, .T. ) ;
#11335 = STYLED_ITEM ( 'NONE', ( #3143 ), #1358 ) ;
#11336 = DIRECTION ( 'NONE',  ( 1.000000000000000000, 0.0000000000000000000, -0.0000000000000000000 ) ) ;
#11337 = CARTESIAN_POINT ( 'NONE',  ( 12.24629962721999910, 2.389799999999999702, -7.898348548266000080 ) ) ;
#11338 = FACE_OUTER_BOUND ( 'NONE', #5012, .T. ) ;
#11339 = ORIENTED_EDGE ( 'NONE', *, *, #2198, .T. ) ;
#11340 = VERTEX_POINT ( 'NONE', #9518 ) ;
#11341 = ORIENTED_EDGE ( 'NONE', *, *, #3530, .F. ) ;
#11342 = DIRECTION ( 'NONE',  ( -1.000000000000000000, -0.0000000000000000000, -0.0000000000000000000 ) ) ;
#11343 = DIRECTION ( 'NONE',  ( 0.0000000000000000000, 0.0000000000000000000, 1.000000000000000000 ) ) ;
#11344 = EDGE_CURVE ( 'NONE', #4948, #1980, #346, .T. ) ;
#11345 = CARTESIAN_POINT ( 'NONE',  ( 1.700000000000000844, 0.0000000000000000000, -6.099999999999999645 ) ) ;
#11346 = CARTESIAN_POINT ( 'NONE',  ( 13.50000000000000000, 0.4100000000000150191, -12.19999999999999929 ) ) ;
#11347 = ORIENTED_EDGE ( 'NONE', *, *, #236, .F. ) ;
#11348 = LINE ( 'NONE', #442, #3342 ) ;
#11349 = ORIENTED_EDGE ( 'NONE', *, *, #3456, .F. ) ;
#11350 = CARTESIAN_POINT ( 'NONE',  ( 9.312500047684004301, 2.389999999999999680, -6.153191542624998789 ) ) ;
#11351 = VECTOR ( 'NONE', #11429, 1000.000000000000000 ) ;
#11352 = LINE ( 'NONE', #7709, #9087 ) ;
#11353 = LINE ( 'NONE', #8848, #7229 ) ;
#11354 = EDGE_LOOP ( 'NONE', ( #6902, #7323, #544, #9916 ) ) ;
#11355 = FACE_OUTER_BOUND ( 'NONE', #8634, .T. ) ;
#11356 = UNCERTAINTY_MEASURE_WITH_UNIT (LENGTH_MEASURE( 1.000000000000000082E-05 ), #298, 'distance_accuracy_value', 'NONE');
#11357 = DIRECTION ( 'NONE',  ( 0.9689176611439200837, 0.0000000000000000000, 0.2473834390645334169 ) ) ;
#11358 = AXIS2_PLACEMENT_3D ( 'NONE', #8242, #4790, #3912 ) ;
#11359 = SURFACE_STYLE_USAGE ( .BOTH. , #7370 ) ;
#11360 = MECHANICAL_DESIGN_GEOMETRIC_PRESENTATION_REPRESENTATION (  '', ( #509 ), #10784 ) ;
#11361 = CARTESIAN_POINT ( 'NONE',  ( 8.000000000000000000, 0.0000000000000000000, -6.099999999999999645 ) ) ;
#11362 = DIRECTION ( 'NONE',  ( 1.000000000000000000, 0.0000000000000000000, 0.0000000000000000000 ) ) ;
#11363 = LINE ( 'NONE', #8802, #6271 ) ;
#11364 = FACE_OUTER_BOUND ( 'NONE', #7814, .T. ) ;
#11365 = ORIENTED_EDGE ( 'NONE', *, *, #3699, .F. ) ;
#11366 = PRESENTATION_LAYER_ASSIGNMENT (  '', '', ( #10608 ) ) ;
#11367 = FACE_OUTER_BOUND ( 'NONE', #2697, .T. ) ;
#11368 = EDGE_CURVE ( 'NONE', #11156, #4179, #8506, .T. ) ;
#11369 = CARTESIAN_POINT ( 'NONE',  ( 13.45416671260974084, 2.399999999999999911, -7.523404270408386552 ) ) ;
#11370 = VERTEX_POINT ( 'NONE', #9275 ) ;
#11371 = DIRECTION ( 'NONE',  ( -7.523163845262640051E-31, -1.000000000000000000, 2.168404344971007142E-16 ) ) ;
#11372 = FILL_AREA_STYLE_COLOUR ( '', #10161 ) ;
#11373 = PLANE ( 'NONE',  #18 ) ;
#11374 = COLOUR_RGB ( '',0.9803921568627450567, 0.6274509803921568540, 0.0000000000000000000 ) ;
#11375 = CARTESIAN_POINT ( 'NONE',  ( 10.19999999999999929, 0.01020000000000000073, 0.02448876244737000288 ) ) ;
#11376 = DIRECTION ( 'NONE',  ( 0.9689177089683008726, 0.0000000000000000000, 0.2473832517524555963 ) ) ;
#11377 = ORIENTED_EDGE ( 'NONE', *, *, #612, .F. ) ;
#11378 = ADVANCED_FACE ( 'NONE', ( #10335 ), #6650, .T. ) ;
#11379 = ORIENTED_EDGE ( 'NONE', *, *, #2369, .T. ) ;
#11380 = DIRECTION ( 'NONE',  ( -0.0000000000000000000, 1.000000000000000000, -0.0000000000000000000 ) ) ;
#11381 = ORIENTED_EDGE ( 'NONE', *, *, #3397, .T. ) ;
#11382 = CARTESIAN_POINT ( 'NONE',  ( 2.837500047683615190, 2.389999999999999680, -6.093617081641977684 ) ) ;
#11383 = EDGE_CURVE ( 'NONE', #1182, #3970, #3273, .T. ) ;
#11384 = EDGE_CURVE ( 'NONE', #2418, #10628, #6058, .T. ) ;
#11385 = DIRECTION ( 'NONE',  ( 0.0000000000000000000, -1.000000000000000000, 2.168404344971006649E-16 ) ) ;
#11386 = ORIENTED_EDGE ( 'NONE', *, *, #679, .T. ) ;
#11387 = DIRECTION ( 'NONE',  ( 0.0000000000000000000, 0.0000000000000000000, 1.000000000000000000 ) ) ;
#11388 = FILL_AREA_STYLE_COLOUR ( '', #3546 ) ;
#11389 = VECTOR ( 'NONE', #9854, 1000.000000000000000 ) ;
#11390 = EDGE_LOOP ( 'NONE', ( #2773, #266, #2895, #8372 ) ) ;
#11391 = FACE_OUTER_BOUND ( 'NONE', #8501, .T. ) ;
#11392 = CARTESIAN_POINT ( 'NONE',  ( 9.312500047683823112, 2.389999999999999680, -7.642553192377133264 ) ) ;
#11393 = DIRECTION ( 'NONE',  ( 0.8265992787986309320, 0.0000000000000000000, 0.5627909312431954580 ) ) ;
#11394 = ORIENTED_EDGE ( 'NONE', *, *, #8674, .T. ) ;
#11395 = EDGE_CURVE ( 'NONE', #10460, #8478, #6887, .T. ) ;
#11396 = ORIENTED_EDGE ( 'NONE', *, *, #4895, .T. ) ;
#11397 = VECTOR ( 'NONE', #944, 1000.000000000000000 ) ;
#11398 = VERTEX_POINT ( 'NONE', #7907 ) ;
#11399 = ORIENTED_EDGE ( 'NONE', *, *, #1294, .T. ) ;
#11400 =( GEOMETRIC_REPRESENTATION_CONTEXT ( 3 ) GLOBAL_UNCERTAINTY_ASSIGNED_CONTEXT ( ( #2552 ) ) GLOBAL_UNIT_ASSIGNED_CONTEXT ( ( #9003, #6915, #10618 ) ) REPRESENTATION_CONTEXT ( 'NONE', 'WORKASPACE' ) );
#11401 = ADVANCED_FACE ( 'NONE', ( #1479 ), #5053, .F. ) ;
#11402 = CARTESIAN_POINT ( 'NONE',  ( 13.50000000000000000, 0.01020000000000000073, -11.27551123755000262 ) ) ;
#11403 = CARTESIAN_POINT ( 'NONE',  ( 15.24764384039148446, 2.399988896777235592, -0.6500000000000052403 ) ) ;
#11404 = DIRECTION ( 'NONE',  ( 0.0000000000000000000, -1.000000000000000000, 2.168404344971014291E-16 ) ) ;
#11405 = ORIENTED_EDGE ( 'NONE', *, *, #6436, .F. ) ;
#11406 =( NAMED_UNIT ( * ) SI_UNIT ( $, .STERADIAN. ) SOLID_ANGLE_UNIT ( ) );
#11407 = ORIENTED_EDGE ( 'NONE', *, *, #10150, .T. ) ;
#11408 = SURFACE_SIDE_STYLE ('',( #11468 ) ) ;
#11409 = DIRECTION ( 'NONE',  ( 1.000000000000000000, 0.0000000000000000000, 0.0000000000000000000 ) ) ;
#11410 = VECTOR ( 'NONE', #2452, 1000.000000000000000 ) ;
#11411 = EDGE_CURVE ( 'NONE', #11643, #9770, #695, .T. ) ;
#11412 = DIRECTION ( 'NONE',  ( 0.0000000000000000000, 0.0000000000000000000, 1.000000000000000000 ) ) ;
#11413 = ORIENTED_EDGE ( 'NONE', *, *, #3980, .T. ) ;
#11414 = DIRECTION ( 'NONE',  ( 0.0000000000000000000, -1.000000000000000000, 2.168404344971006649E-16 ) ) ;
#11415 = CARTESIAN_POINT ( 'NONE',  ( 11.93750004768117456, 2.389999999999999680, -7.999999999999961808 ) ) ;
#11416 = PRESENTATION_LAYER_ASSIGNMENT (  '', '', ( #2288 ) ) ;
#11417 = DIRECTION ( 'NONE',  ( -0.0000000000000000000, 1.000000000000000000, -0.0000000000000000000 ) ) ;
#11418 = DIRECTION ( 'NONE',  ( 1.000000000000000000, 0.0000000000000000000, 0.0000000000000000000 ) ) ;
#11419 = CARTESIAN_POINT ( 'NONE',  ( 2.349999999999999201, 0.4100000000000150746, -12.19999999999999929 ) ) ;
#11420 = VECTOR ( 'NONE', #2082, 1000.000000000000000 ) ;
#11421 = FACE_OUTER_BOUND ( 'NONE', #5832, .T. ) ;
#11422 = CARTESIAN_POINT ( 'NONE',  ( 11.70000000000000284, 0.009999999999974222217, 1.756407519426624419E-16 ) ) ;
#11423 = ADVANCED_FACE ( 'NONE', ( #513 ), #5232, .T. ) ;
#11424 = VECTOR ( 'NONE', #10185, 1000.000000000000114 ) ;
#11425 = FACE_OUTER_BOUND ( 'NONE', #3944, .T. ) ;
#11426 = LINE ( 'NONE', #2380, #10805 ) ;
#11427 = ORIENTED_EDGE ( 'NONE', *, *, #4421, .T. ) ;
#11428 = AXIS2_PLACEMENT_3D ( 'NONE', #4933, #8570, #7666 ) ;
#11429 = DIRECTION ( 'NONE',  ( -0.0000000000000000000, -1.000000000000000000, -0.0000000000000000000 ) ) ;
#11430 = DIRECTION ( 'NONE',  ( -1.000000000000000000, 0.0000000000000000000, 0.0000000000000000000 ) ) ;
#11431 = VECTOR ( 'NONE', #9167, 1000.000000000000000 ) ;
#11432 = ORIENTED_EDGE ( 'NONE', *, *, #9872, .T. ) ;
#11433 = PLANE ( 'NONE',  #2971 ) ;
#11434 = MECHANICAL_DESIGN_GEOMETRIC_PRESENTATION_REPRESENTATION (  '', ( #8586 ), #1109 ) ;
#11435 = VECTOR ( 'NONE', #10149, 1000.000000000000000 ) ;
#11436 = FILL_AREA_STYLE ('',( #7788 ) ) ;
#11437 = EDGE_CURVE ( 'NONE', #6183, #4317, #11426, .T. ) ;
#11438 = LINE ( 'NONE', #1435, #2312 ) ;
#11439 = CARTESIAN_POINT ( 'NONE',  ( 2.100000000000000089, 0.8200000000000300382, -12.19999999999999929 ) ) ;
#11440 = ORIENTED_EDGE ( 'NONE', *, *, #3770, .F. ) ;
#11441 = VERTEX_POINT ( 'NONE', #4224 ) ;
#11442 = ORIENTED_EDGE ( 'NONE', *, *, #10947, .T. ) ;
#11443 = DIRECTION ( 'NONE',  ( -0.2377711090850637143, 0.0000000000000000000, -0.9713212134430394551 ) ) ;
#11444 = CARTESIAN_POINT ( 'NONE',  ( 13.50000000000000000, 0.009999999999999998473, -11.29999999999833982 ) ) ;
#11445 = CIRCLE ( 'NONE', #6298, 0.2500000000000011102 ) ;
#11446 = CARTESIAN_POINT ( 'NONE',  ( 12.92916670739999851, 2.389999999999999680, -7.702127663791500822 ) ) ;
#11447 = ORIENTED_EDGE ( 'NONE', *, *, #8349, .F. ) ;
#11448 = SURFACE_STYLE_FILL_AREA ( #10729 ) ;
#11449 = DIRECTION ( 'NONE',  ( 0.0000000000000000000, 0.0000000000000000000, -1.000000000000000000 ) ) ;
#11450 = ORIENTED_EDGE ( 'NONE', *, *, #8257, .T. ) ;
#11451 = CARTESIAN_POINT ( 'NONE',  ( 15.25000000000000000, 0.8200000000000420286, -11.50000000000000178 ) ) ;
#11452 = CARTESIAN_POINT ( 'NONE',  ( 6.804166936874309179, 2.399999999999999911, -6.927659535407922675 ) ) ;
#11453 = ADVANCED_FACE ( 'NONE', ( #11364 ), #9758, .T. ) ;
#11454 =( LENGTH_UNIT ( ) NAMED_UNIT ( * ) SI_UNIT ( .MILLI., .METRE. ) );
#11455 = EDGE_CURVE ( 'NONE', #10424, #2287, #7844, .T. ) ;
#11456 = DIRECTION ( 'NONE',  ( 0.0000000000000000000, 0.0000000000000000000, 1.000000000000000000 ) ) ;
#11457 = VECTOR ( 'NONE', #11443, 1000.000000000000227 ) ;
#11458 = EDGE_LOOP ( 'NONE', ( #2359, #9467, #10770, #11043 ) ) ;
#11459 = ORIENTED_EDGE ( 'NONE', *, *, #6855, .F. ) ;
#11460 = ORIENTED_EDGE ( 'NONE', *, *, #3688, .F. ) ;
#11461 = ORIENTED_EDGE ( 'NONE', *, *, #9919, .F. ) ;
#11462 = DIRECTION ( 'NONE',  ( 0.0000000000000000000, 1.000000000000000000, 0.0000000000000000000 ) ) ;
#11463 = CARTESIAN_POINT ( 'NONE',  ( 15.39628205959074236, 2.401389820469742808, -0.6500000000000082379 ) ) ;
#11464 = LINE ( 'NONE', #2478, #6672 ) ;
#11465 = EDGE_CURVE ( 'NONE', #1755, #10424, #7964, .T. ) ;
#11466 = VERTEX_POINT ( 'NONE', #8863 ) ;
#11467 = ORIENTED_EDGE ( 'NONE', *, *, #8829, .T. ) ;
#11468 = SURFACE_STYLE_FILL_AREA ( #1464 ) ;
#11469 = DIRECTION ( 'NONE',  ( -0.0000000000000000000, -1.000000000000000000, -0.0000000000000000000 ) ) ;
#11470 = LINE ( 'NONE', #6645, #6703 ) ;
#11471 = EDGE_CURVE ( 'NONE', #1578, #5113, #4335, .T. ) ;
#11472 = DIRECTION ( 'NONE',  ( 0.9689176611434414665, 0.0000000000000000000, 0.2473834390664076399 ) ) ;
#11473 = VECTOR ( 'NONE', #7592, 1000.000000000000000 ) ;
#11474 = LINE ( 'NONE', #10637, #6091 ) ;
#11475 = VECTOR ( 'NONE', #9121, 999.9999999999998863 ) ;
#11476 = VERTEX_POINT ( 'NONE', #6824 ) ;
#11477 = LINE ( 'NONE', #8112, #2874 ) ;
#11478 = UNCERTAINTY_MEASURE_WITH_UNIT (LENGTH_MEASURE( 1.000000000000000082E-05 ), #2968, 'distance_accuracy_value', 'NONE');
#11479 = CARTESIAN_POINT ( 'NONE',  ( 8.000000047682000570, 2.389999999999999680, -6.331914925574999131 ) ) ;
#11480 = DIRECTION ( 'NONE',  ( 0.0000000000000000000, 0.0000000000000000000, -1.000000000000000000 ) ) ;
#11481 = SURFACE_SIDE_STYLE ('',( #11057 ) ) ;
#11482 = EDGE_CURVE ( 'NONE', #852, #4833, #10459, .T. ) ;
#11483 = EDGE_CURVE ( 'NONE', #3911, #8344, #4559, .T. ) ;
#11484 = CARTESIAN_POINT ( 'NONE',  ( 14.59999999999834586, 0.009999999999999998473, -0.9000000000000001332 ) ) ;
#11485 = AXIS2_PLACEMENT_3D ( 'NONE', #9017, #81, #10750 ) ;
#11486 = CYLINDRICAL_SURFACE ( 'NONE', #2396, 0.2500000000000011102 ) ;
#11487 = FACE_OUTER_BOUND ( 'NONE', #9077, .T. ) ;
#11488 = DIRECTION ( 'NONE',  ( 0.0000000000000000000, 0.0000000000000000000, 1.000000000000000000 ) ) ;
#11489 = ORIENTED_EDGE ( 'NONE', *, *, #5942, .T. ) ;
#11490 = LINE ( 'NONE', #6061, #4875 ) ;
#11491 = FACE_OUTER_BOUND ( 'NONE', #8240, .T. ) ;
#11492 = EDGE_CURVE ( 'NONE', #2999, #2056, #5345, .T. ) ;
#11493 = VERTEX_POINT ( 'NONE', #2736 ) ;
#11494 = CARTESIAN_POINT ( 'NONE',  ( 8.495833492279000865, 2.389999999999999680, -6.510638308524999474 ) ) ;
#11495 = CARTESIAN_POINT ( 'NONE',  ( 6.104166603088500231, 2.399999999999999911, -6.361702156066998626 ) ) ;
#11496 = DIRECTION ( 'NONE',  ( -0.8373801042054854760, 0.0000000000000000000, -0.5466210397348518768 ) ) ;
#11497 = LINE ( 'NONE', #2450, #6659 ) ;
#11498 = CARTESIAN_POINT ( 'NONE',  ( 10.85000000000000142, 0.009999999999987104274, -12.19999999999999929 ) ) ;
#11499 = VERTEX_POINT ( 'NONE', #4453 ) ;
#11500 = ORIENTED_EDGE ( 'NONE', *, *, #6936, .F. ) ;
#11501 = DIRECTION ( 'NONE',  ( -1.000000000000000000, -0.0000000000000000000, -0.0000000000000000000 ) ) ;
#11502 = VERTEX_POINT ( 'NONE', #5456 ) ;
#11503 = CARTESIAN_POINT ( 'NONE',  ( 14.30000000000247873, 0.004999999999999999237, -11.30000000000000071 ) ) ;
#11504 = FILL_AREA_STYLE_COLOUR ( '', #5871 ) ;
#11505 = AXIS2_PLACEMENT_3D ( 'NONE', #4320, #5211, #7886 ) ;
#11506 = VECTOR ( 'NONE', #286, 1000.000000000000000 ) ;
#11507 = LINE ( 'NONE', #10414, #1764 ) ;
#11508 = ORIENTED_EDGE ( 'NONE', *, *, #6416, .F. ) ;
#11509 =( NAMED_UNIT ( * ) PLANE_ANGLE_UNIT ( ) SI_UNIT ( $, .RADIAN. ) );
#11510 = FACE_OUTER_BOUND ( 'NONE', #5095, .T. ) ;
#11511 = VERTEX_POINT ( 'NONE', #6399 ) ;
#11512 = DIRECTION ( 'NONE',  ( -1.000000000000000000, 0.0000000000000000000, 0.0000000000000000000 ) ) ;
#11513 = CARTESIAN_POINT ( 'NONE',  ( 12.83698881012999848, 2.389799999999999702, -8.000000000000000000 ) ) ;
#11514 = DIRECTION ( 'NONE',  ( 0.0000000000000000000, -1.000000000000000000, 0.0000000000000000000 ) ) ;
#11515 = SURFACE_STYLE_FILL_AREA ( #8771 ) ;
#11516 =( GEOMETRIC_REPRESENTATION_CONTEXT ( 3 ) GLOBAL_UNCERTAINTY_ASSIGNED_CONTEXT ( ( #9323 ) ) GLOBAL_UNIT_ASSIGNED_CONTEXT ( ( #1031, #200, #1148 ) ) REPRESENTATION_CONTEXT ( 'NONE', 'WORKASPACE' ) );
#11517 = ORIENTED_EDGE ( 'NONE', *, *, #392, .T. ) ;
#11518 = ORIENTED_EDGE ( 'NONE', *, *, #6646, .T. ) ;
#11519 = ORIENTED_EDGE ( 'NONE', *, *, #3786, .F. ) ;
#11520 = CARTESIAN_POINT ( 'NONE',  ( 0.5000000000000000000, 0.8200000000000000622, -6.099999999999999645 ) ) ;
#11521 = SURFACE_SIDE_STYLE ('',( #4903 ) ) ;
#11522 = AXIS2_PLACEMENT_3D ( 'NONE', #6884, #3391, #4984 ) ;
#11523 = ADVANCED_FACE ( 'NONE', ( #1891 ), #6346, .F. ) ;
#11524 = DIRECTION ( 'NONE',  ( -1.000000000000000000, -0.0000000000000000000, -0.0000000000000000000 ) ) ;
#11525 =( GEOMETRIC_REPRESENTATION_CONTEXT ( 3 ) GLOBAL_UNCERTAINTY_ASSIGNED_CONTEXT ( ( #2563 ) ) GLOBAL_UNIT_ASSIGNED_CONTEXT ( ( #9723, #11509, #8699 ) ) REPRESENTATION_CONTEXT ( 'NONE', 'WORKASPACE' ) );
#11526 = DIRECTION ( 'NONE',  ( 0.0000000000000000000, 0.0000000000000000000, 1.000000000000000000 ) ) ;
#11527 = VECTOR ( 'NONE', #6467, 1000.000000000000000 ) ;
#11528 = ORIENTED_EDGE ( 'NONE', *, *, #2215, .T. ) ;
#11529 = VERTEX_POINT ( 'NONE', #9082 ) ;
#11530 = DIRECTION ( 'NONE',  ( 0.0000000000000000000, 1.000000000000000000, 0.0000000000000000000 ) ) ;
#11531 = LINE ( 'NONE', #6987, #5938 ) ;
#11532 = CARTESIAN_POINT ( 'NONE',  ( 12.09999999999999964, 0.009999999999999998473, -0.4500000000000149436 ) ) ;
#11533 = DIRECTION ( 'NONE',  ( -0.0000000000000000000, -1.000000000000000000, -0.0000000000000000000 ) ) ;
#11534 = PLANE ( 'NONE',  #6841 ) ;
#11535 = ORIENTED_EDGE ( 'NONE', *, *, #799, .F. ) ;
#11536 = EDGE_CURVE ( 'NONE', #2296, #6551, #43, .T. ) ;
#11537 = DIRECTION ( 'NONE',  ( 1.000000000000000000, 0.0000000000000000000, 0.0000000000000000000 ) ) ;
#11538 = ADVANCED_FACE ( 'NONE', ( #10040 ), #5518, .F. ) ;
#11539 = DIRECTION ( 'NONE',  ( -0.6996246023259679037, 0.0000000000000000000, 0.7145106128114762090 ) ) ;
#11540 = EDGE_CURVE ( 'NONE', #3286, #2268, #9142, .T. ) ;
#11541 = FACE_OUTER_BOUND ( 'NONE', #9218, .T. ) ;
#11542 = FACE_OUTER_BOUND ( 'NONE', #8517, .T. ) ;
#11543 = FILL_AREA_STYLE ('',( #3455 ) ) ;
#11544 = DIRECTION ( 'NONE',  ( 0.0000000000000000000, 0.0000000000000000000, -1.000000000000000000 ) ) ;
#11545 =( NAMED_UNIT ( * ) SI_UNIT ( $, .STERADIAN. ) SOLID_ANGLE_UNIT ( ) );
#11546 = EDGE_LOOP ( 'NONE', ( #4565, #10894, #2333, #7287 ) ) ;
#11547 = CARTESIAN_POINT ( 'NONE',  ( 13.22083338796833019, 2.394999999999999574, -7.285106384754072906 ) ) ;
#11548 = DIRECTION ( 'NONE',  ( 0.0000000000000000000, -2.168404344970992105E-16, -1.000000000000000000 ) ) ;
#11549 = ORIENTED_EDGE ( 'NONE', *, *, #5409, .F. ) ;
#11550 = CARTESIAN_POINT ( 'NONE',  ( 11.70416676997962036, 2.389999999999999680, -7.880851067603000359 ) ) ;
#11551 = VECTOR ( 'NONE', #4849, 1000.000000000000000 ) ;
#11552 = DIRECTION ( 'NONE',  ( 0.0000000000000000000, 0.0000000000000000000, -1.000000000000000000 ) ) ;
#11553 = ORIENTED_EDGE ( 'NONE', *, *, #7384, .T. ) ;
#11554 = ORIENTED_EDGE ( 'NONE', *, *, #5036, .T. ) ;
#11555 = EDGE_CURVE ( 'NONE', #8882, #4041, #929, .T. ) ;
#11556 = DIRECTION ( 'NONE',  ( 0.4397135063609124428, 0.0000000000000000000, 0.8981380920124653056 ) ) ;
#11557 = EDGE_LOOP ( 'NONE', ( #9984, #68, #10013, #5376 ) ) ;
#11558 =( BOUNDED_SURFACE ( )  B_SPLINE_SURFACE ( 3, 3, ( 
 ( #4063, #8693, #2094, #5719 ),
 ( #9354, #630, #8911, #6168 ),
 ( #568, #8852, #4275, #3512 ),
 ( #748, #506, #4215, #7955 ) ),
 .UNSPECIFIED., .F., .F., .F. ) 
 B_SPLINE_SURFACE_WITH_KNOTS ( ( 4, 4 ),
 ( 4, 4 ),
 ( 0.0000000000000000000, 1.000000000000000000 ),
 ( 0.0000000000000000000, 1.000000000000000000 ),
 .UNSPECIFIED. ) 
 GEOMETRIC_REPRESENTATION_ITEM ( )  RATIONAL_B_SPLINE_SURFACE ( (
 ( 1.000000000000000000, 0.8025111867384678854, 0.8025111867384678854, 1.000000000000000000),
 ( 0.8002741005223701354, 0.6422289181262671454, 0.6422289181262671454, 0.8002741005223701354),
 ( 0.8002741005223701354, 0.6422289181262671454, 0.6422289181262671454, 0.8002741005223701354),
 ( 1.000000000000000000, 0.8025111867384678854, 0.8025111867384678854, 1.000000000000000000) ) ) 
 REPRESENTATION_ITEM ( '' )  SURFACE ( )  );
#11559 = CARTESIAN_POINT ( 'NONE',  ( 7.599999999999998757, 0.009999999999974222217, -12.19999999999999929 ) ) ;
#11560 = LINE ( 'NONE', #1622, #10632 ) ;
#11561 = CIRCLE ( 'NONE', #9078, 0.2499999999999999445 ) ;
#11562 = ORIENTED_EDGE ( 'NONE', *, *, #3185, .F. ) ;
#11563 = PRESENTATION_STYLE_ASSIGNMENT (( #10672 ) ) ;
#11564 = LINE ( 'NONE', #3420, #10333 ) ;
#11565 = VERTEX_POINT ( 'NONE', #995 ) ;
#11566 = DIRECTION ( 'NONE',  ( 0.0000000000000000000, -2.168404344970999254E-16, -1.000000000000000000 ) ) ;
#11567 = CARTESIAN_POINT ( 'NONE',  ( 9.604166603088000187, 2.389999999999999680, -6.599999999999999645 ) ) ;
#11568 = DIRECTION ( 'NONE',  ( -0.0000000000000000000, 1.000000000000000000, -0.0000000000000000000 ) ) ;
#11569 = CARTESIAN_POINT ( 'NONE',  ( 12.09999999999999964, 0.01020000000000000073, -0.9244887624473999699 ) ) ;
#11570 = VERTEX_POINT ( 'NONE', #3517 ) ;
#11571 = ORIENTED_EDGE ( 'NONE', *, *, #6321, .F. ) ;
#11572 = ORIENTED_EDGE ( 'NONE', *, *, #4518, .T. ) ;
#11573 = ADVANCED_FACE ( 'NONE', ( #6292 ), #7292, .F. ) ;
#11574 = CARTESIAN_POINT ( 'NONE',  ( 1.000000000000000000, 0.8200000000000299272, -0.2499999999999999445 ) ) ;
#11575 = STYLED_ITEM ( 'NONE', ( #10560 ), #4055 ) ;
#11576 = CARTESIAN_POINT ( 'NONE',  ( 15.30067992359742846, 2.095572162717937559, -0.3688160056708847945 ) ) ;
#11577 = CIRCLE ( 'NONE', #7961, 0.2500000000000002220 ) ;
#11578 = FACE_OUTER_BOUND ( 'NONE', #3492, .T. ) ;
#11579 = ORIENTED_EDGE ( 'NONE', *, *, #9523, .T. ) ;
#11580 = FILL_AREA_STYLE ('',( #11696 ) ) ;
#11581 = EDGE_LOOP ( 'NONE', ( #1167, #3137, #8782, #9519 ) ) ;
#11582 = PLANE ( 'NONE',  #1231 ) ;
#11583 = FILL_AREA_STYLE_COLOUR ( '', #430 ) ;
#11584 = LINE ( 'NONE', #6103, #7093 ) ;
#11585 = CARTESIAN_POINT ( 'NONE',  ( 9.545833492278998023, 2.389999999999999680, -6.331914925574999131 ) ) ;
#11586 = ORIENTED_EDGE ( 'NONE', *, *, #5931, .T. ) ;
#11587 = EDGE_CURVE ( 'NONE', #9825, #9908, #2788, .T. ) ;
#11588 = VECTOR ( 'NONE', #6258, 1000.000000000000000 ) ;
#11589 = LINE ( 'NONE', #7058, #3058 ) ;
#11590 = EDGE_LOOP ( 'NONE', ( #772, #367, #494, #4060, #2351, #9875, #5445 ) ) ;
#11591 = UNCERTAINTY_MEASURE_WITH_UNIT (LENGTH_MEASURE( 1.000000000000000082E-05 ), #10938, 'distance_accuracy_value', 'NONE');
#11592 = LINE ( 'NONE', #11653, #10126 ) ;
#11593 = CARTESIAN_POINT ( 'NONE',  ( 11.95000000000000107, 0.4100000000000149636, 0.0000000000000000000 ) ) ;
#11594 = CARTESIAN_POINT ( 'NONE',  ( 0.4599999999999999645, 2.399999999999999911, -8.000000000000000000 ) ) ;
#11595 = AXIS2_PLACEMENT_3D ( 'NONE', #9392, #9274, #3032 ) ;
#11596 = LINE ( 'NONE', #3454, #11322 ) ;
#11597 = EDGE_CURVE ( 'NONE', #3239, #859, #9032, .T. ) ;
#11598 = CARTESIAN_POINT ( 'NONE',  ( 4.299999999999999822, 0.009999999999974222217, 1.756407519426636498E-16 ) ) ;
#11599 = EDGE_CURVE ( 'NONE', #5493, #190, #102, .T. ) ;
#11600 = EDGE_CURVE ( 'NONE', #175, #8253, #2844, .T. ) ;
#11601 = DIRECTION ( 'NONE',  ( -0.0000000000000000000, -0.0000000000000000000, 1.000000000000000000 ) ) ;
#11602 = CARTESIAN_POINT ( 'NONE',  ( 10.77083340883500107, 2.389999999999999680, -6.987234079837999268 ) ) ;
#11603 = UNCERTAINTY_MEASURE_WITH_UNIT (LENGTH_MEASURE( 1.000000000000000082E-05 ), #1502, 'distance_accuracy_value', 'NONE');
#11604 = ORIENTED_EDGE ( 'NONE', *, *, #6963, .F. ) ;
#11605 = PRESENTATION_LAYER_ASSIGNMENT (  '', '', ( #7027 ) ) ;
#11606 = CARTESIAN_POINT ( 'NONE',  ( 11.70000000000000284, 0.009999999999974222217, 1.756407519426624419E-16 ) ) ;
#11607 = EDGE_LOOP ( 'NONE', ( #11617, #1009, #9126, #301 ) ) ;
#11608 = DIRECTION ( 'NONE',  ( -1.000000000000000000, 0.0000000000000000000, 0.0000000000000000000 ) ) ;
#11609 = MECHANICAL_DESIGN_GEOMETRIC_PRESENTATION_REPRESENTATION (  '', ( #2298 ), #4560 ) ;
#11610 = DIRECTION ( 'NONE',  ( -9.403954806578308822E-32, -1.000000000000000000, 2.168404344971010101E-16 ) ) ;
#11611 = CARTESIAN_POINT ( 'NONE',  ( 8.000000000000000000, 0.0000000000000000000, -11.30000000000000071 ) ) ;
#11612 = EDGE_CURVE ( 'NONE', #6202, #10628, #10820, .T. ) ;
#11613 = CARTESIAN_POINT ( 'NONE',  ( 3.875511237553000310, 0.01020000000000000073, -0.9000000000000001332 ) ) ;
#11614 = EDGE_LOOP ( 'NONE', ( #9299, #9558, #8989, #3362 ) ) ;
#11615 = ORIENTED_EDGE ( 'NONE', *, *, #4233, .T. ) ;
#11616 = FACE_OUTER_BOUND ( 'NONE', #8774, .T. ) ;
#11617 = ORIENTED_EDGE ( 'NONE', *, *, #315, .F. ) ;
#11618 = PLANE ( 'NONE',  #1179 ) ;
#11619 = FACE_OUTER_BOUND ( 'NONE', #2523, .T. ) ;
#11620 = VECTOR ( 'NONE', #2988, 1000.000000000000000 ) ;
#11621 = AXIS2_PLACEMENT_3D ( 'NONE', #4587, #6145, #5313 ) ;
#11622 = VECTOR ( 'NONE', #5681, 1000.000000000000114 ) ;
#11623 = ADVANCED_FACE ( 'NONE', ( #1952 ), #8917, .F. ) ;
#11624 = ORIENTED_EDGE ( 'NONE', *, *, #5699, .T. ) ;
#11625 = CYLINDRICAL_SURFACE ( 'NONE', #5048, 0.2500000000000000000 ) ;
#11626 = DIRECTION ( 'NONE',  ( 0.0000000000000000000, -4.336808689942028583E-16, -1.000000000000000000 ) ) ;
#11627 = EDGE_CURVE ( 'NONE', #10130, #1761, #10213, .T. ) ;
#11628 = ORIENTED_EDGE ( 'NONE', *, *, #6990, .T. ) ;
#11629 = DIRECTION ( 'NONE',  ( 0.0000000000000000000, -1.000000000000000000, 2.168404344971014291E-16 ) ) ;
#11630 = CARTESIAN_POINT ( 'NONE',  ( 7.270833158493000603, 2.399999999999999911, -8.000000000000000000 ) ) ;
#11631 = VECTOR ( 'NONE', #10998, 1000.000000000000000 ) ;
#11632 = CARTESIAN_POINT ( 'NONE',  ( 5.404166936874563731, 2.394999999999999574, -7.940425533801576563 ) ) ;
#11633 = CARTESIAN_POINT ( 'NONE',  ( 8.000000000000000000, 2.149999999999999911, -11.75000000000000000 ) ) ;
#11634 = EDGE_LOOP ( 'NONE', ( #8237, #209, #1002, #6184 ) ) ;
#11635 = EDGE_LOOP ( 'NONE', ( #6698, #6602, #2637, #5508 ) ) ;
#11636 = VERTEX_POINT ( 'NONE', #4678 ) ;
#11637 = PRESENTATION_LAYER_ASSIGNMENT (  '', '', ( #10684 ) ) ;
#11638 = CARTESIAN_POINT ( 'NONE',  ( 11.95000000000000107, 0.4100000000000149636, -12.19999999999999929 ) ) ;
#11639 = PLANE ( 'NONE',  #1758 ) ;
#11640 = VERTEX_POINT ( 'NONE', #3809 ) ;
#11641 = CARTESIAN_POINT ( 'NONE',  ( 8.000000000000000000, 0.0000000000000000000, -0.9000000000000002442 ) ) ;
#11642 = EDGE_CURVE ( 'NONE', #8129, #1182, #1058, .T. ) ;
#11643 = VERTEX_POINT ( 'NONE', #10158 ) ;
#11644 = VECTOR ( 'NONE', #1538, 1000.000000000000000 ) ;
#11645 = LINE ( 'NONE', #1648, #616 ) ;
#11646 = LINE ( 'NONE', #5272, #5954 ) ;
#11647 = DIRECTION ( 'NONE',  ( 0.0000000000000000000, 0.0000000000000000000, -1.000000000000000000 ) ) ;
#11648 = ORIENTED_EDGE ( 'NONE', *, *, #1793, .T. ) ;
#11649 = VERTEX_POINT ( 'NONE', #4860 ) ;
#11650 = FILL_AREA_STYLE ('',( #3894 ) ) ;
#11651 = ORIENTED_EDGE ( 'NONE', *, *, #8970, .T. ) ;
#11652 = PRESENTATION_LAYER_ASSIGNMENT (  '', '', ( #993 ) ) ;
#11653 = CARTESIAN_POINT ( 'NONE',  ( 0.4599999999999999645, 2.399999999999999911, -6.093617081642001665 ) ) ;
#11654 = CARTESIAN_POINT ( 'NONE',  ( 10.17551123755000297, 0.01020000000000000073, -0.9000000000000001332 ) ) ;
#11655 = DIRECTION ( 'NONE',  ( 1.000000000000000000, 0.0000000000000000000, 0.0000000000000000000 ) ) ;
#11656 = LINE ( 'NONE', #9813, #9611 ) ;
#11657 = CIRCLE ( 'NONE', #6696, 0.2500000000000002220 ) ;
#11658 = CARTESIAN_POINT ( 'NONE',  ( 12.81250004768320849, 2.389999999999999680, -7.761702135205589492 ) ) ;
#11659 = CIRCLE ( 'NONE', #8605, 0.2500000000000002220 ) ;
#11660 = VECTOR ( 'NONE', #11469, 1000.000000000000000 ) ;
#11661 = FILL_AREA_STYLE_COLOUR ( '', #522 ) ;
#11662 = CARTESIAN_POINT ( 'NONE',  ( 10.19999999999999929, 0.009999999999999998473, -0.4500000000000149436 ) ) ;
#11663 = AXIS2_PLACEMENT_3D ( 'NONE', #7335, #737, #4604 ) ;
#11664 = ADVANCED_FACE ( 'NONE', ( #2967 ), #393, .F. ) ;
#11665 = ADVANCED_FACE ( 'NONE', ( #7591 ), #6759, .F. ) ;
#11666 = VERTEX_POINT ( 'NONE', #9261 ) ;
#11667 = SURFACE_STYLE_FILL_AREA ( #7851 ) ;
#11668 = DIRECTION ( 'NONE',  ( -0.6996234726653267622, -0.0000000000000000000, 0.7145117189351820608 ) ) ;
#11669 = LINE ( 'NONE', #7191, #1552 ) ;
#11670 = LINE ( 'NONE', #706, #184 ) ;
#11671 = AXIS2_PLACEMENT_3D ( 'NONE', #9305, #10308, #2162 ) ;
#11672 = ORIENTED_EDGE ( 'NONE', *, *, #4045, .T. ) ;
#11673 = ORIENTED_EDGE ( 'NONE', *, *, #9344, .T. ) ;
#11674 = EDGE_LOOP ( 'NONE', ( #2594, #10541, #2420, #4483 ) ) ;
#11675 = LINE ( 'NONE', #10666, #4794 ) ;
#11676 = ORIENTED_EDGE ( 'NONE', *, *, #6200, .T. ) ;
#11677 = EDGE_CURVE ( 'NONE', #7052, #2047, #1289, .T. ) ;
#11678 = CARTESIAN_POINT ( 'NONE',  ( 1.250000000000000000, 0.4100000000000150191, 0.0000000000000000000 ) ) ;
#11679 = ADVANCED_FACE ( 'NONE', ( #5581 ), #1113, .F. ) ;
#11680 = EDGE_CURVE ( 'NONE', #7951, #3967, #7813, .T. ) ;
#11681 = ORIENTED_EDGE ( 'NONE', *, *, #8741, .F. ) ;
#11682 = FACE_OUTER_BOUND ( 'NONE', #5658, .T. ) ;
#11683 = ORIENTED_EDGE ( 'NONE', *, *, #5813, .F. ) ;
#11684 =( LENGTH_UNIT ( ) NAMED_UNIT ( * ) SI_UNIT ( .MILLI., .METRE. ) );
#11685 = LINE ( 'NONE', #2346, #8004 ) ;
#11686 = DIRECTION ( 'NONE',  ( 1.000000000000000000, 0.0000000000000000000, 0.0000000000000000000 ) ) ;
#11687 = SURFACE_STYLE_USAGE ( .BOTH. , #4254 ) ;
#11688 = VERTEX_POINT ( 'NONE', #2243 ) ;
#11689 = ORIENTED_EDGE ( 'NONE', *, *, #10815, .T. ) ;
#11690 = AXIS2_PLACEMENT_3D ( 'NONE', #4088, #1406, #557 ) ;
#11691 = VERTEX_POINT ( 'NONE', #6877 ) ;
#11692 = PRESENTATION_LAYER_ASSIGNMENT (  '', '', ( #280 ) ) ;
#11693 = EDGE_CURVE ( 'NONE', #10890, #7584, #11477, .T. ) ;
#11694 = DIRECTION ( 'NONE',  ( -1.000000000000000000, 0.0000000000000000000, 0.0000000000000000000 ) ) ;
#11695 = VERTEX_POINT ( 'NONE', #10578 ) ;
#11696 = FILL_AREA_STYLE_COLOUR ( '', #2191 ) ;
#11697 = ORIENTED_EDGE ( 'NONE', *, *, #2225, .T. ) ;
#11698 = CARTESIAN_POINT ( 'NONE',  ( 1.000000000000000000, 0.8200000000000300382, -5.097894115623855187E-48 ) ) ;
#11699 = DIRECTION ( 'NONE',  ( -1.000000000000000000, 0.0000000000000000000, -6.245004513516505540E-14 ) ) ;
#11700 = SURFACE_SIDE_STYLE ('',( #1650 ) ) ;
#11701 =( NAMED_UNIT ( * ) SI_UNIT ( $, .STERADIAN. ) SOLID_ANGLE_UNIT ( ) );
#11702 = ORIENTED_EDGE ( 'NONE', *, *, #8630, .T. ) ;
#11703 = VERTEX_POINT ( 'NONE', #5990 ) ;
#11704 = ORIENTED_EDGE ( 'NONE', *, *, #6622, .F. ) ;
#11705 = ADVANCED_FACE ( 'NONE', ( #6262 ), #3325, .F. ) ;
#11706 = UNCERTAINTY_MEASURE_WITH_UNIT (LENGTH_MEASURE( 1.000000000000000082E-05 ), #11290, 'distance_accuracy_value', 'NONE');
#11707 = PRESENTATION_LAYER_ASSIGNMENT (  '', '', ( #2004 ) ) ;
#11708 = STYLED_ITEM ( 'NONE', ( #8468 ), #140 ) ;
#11709 = VECTOR ( 'NONE', #10362, 1000.000000000000000 ) ;
#11710 = CARTESIAN_POINT ( 'NONE',  ( 6.250000000000000000, 0.009999999999987104274, 2.792598419361491987E-30 ) ) ;
#11711 = SURFACE_STYLE_USAGE ( .BOTH. , #7230 ) ;
#11712 = DIRECTION ( 'NONE',  ( 0.0000000000000000000, 0.0000000000000000000, -1.000000000000000000 ) ) ;
#11713 = FACE_OUTER_BOUND ( 'NONE', #8653, .T. ) ;
#11714 = DIRECTION ( 'NONE',  ( 1.000000000000000000, 0.0000000000000000000, 0.0000000000000000000 ) ) ;
#11715 = CARTESIAN_POINT ( 'NONE',  ( 11.02448876245000164, 0.01000000000000000021, 0.02448876244737000288 ) ) ;
#11716 = ORIENTED_EDGE ( 'NONE', *, *, #397, .T. ) ;
#11717 = DIRECTION ( 'NONE',  ( -0.0000000000000000000, -1.000000000000000000, -0.0000000000000000000 ) ) ;
#11718 = ORIENTED_EDGE ( 'NONE', *, *, #3020, .F. ) ;
#11719 = CARTESIAN_POINT ( 'NONE',  ( 1.700000000000000400, 0.009999999999999989800, -12.19999999999999751 ) ) ;
#11720 = CARTESIAN_POINT ( 'NONE',  ( 0.4599999999999999645, 2.399999999999999911, -7.761702135205000630 ) ) ;
#11721 = CARTESIAN_POINT ( 'NONE',  ( 2.500000000000000000, 0.004999999999999999237, -12.20000000000249507 ) ) ;
#11722 = VECTOR ( 'NONE', #8448, 1000.000000000000000 ) ;
#11723 = FACE_OUTER_BOUND ( 'NONE', #5022, .T. ) ;
#11724 = ORIENTED_EDGE ( 'NONE', *, *, #11186, .T. ) ;
#11725 = ORIENTED_EDGE ( 'NONE', *, *, #5186, .T. ) ;
#11726 =( NAMED_UNIT ( * ) SI_UNIT ( $, .STERADIAN. ) SOLID_ANGLE_UNIT ( ) );
#11727 = EDGE_LOOP ( 'NONE', ( #8124, #4087, #10069, #2323 ) ) ;
#11728 = EDGE_CURVE ( 'NONE', #8298, #10086, #1532, .T. ) ;
#11729 = ORIENTED_EDGE ( 'NONE', *, *, #677, .F. ) ;
#11730 = DIRECTION ( 'NONE',  ( -0.9689176611434411335, 0.0000000000000000000, -0.2473834390664089999 ) ) ;
#11731 = CARTESIAN_POINT ( 'NONE',  ( 6.454166936874075944, 2.389999999999999680, -7.880851067602497650 ) ) ;
#11732 = CARTESIAN_POINT ( 'NONE',  ( 2.499999999999768630, 0.009999999999999998473, -11.29999999999918003 ) ) ;
#11733 = VERTEX_POINT ( 'NONE', #5379 ) ;
#11734 = CARTESIAN_POINT ( 'NONE',  ( 9.312500046973154255, 2.399999999999999911, -6.451063847360504866 ) ) ;
#11735 = VECTOR ( 'NONE', #9689, 1000.000000000000000 ) ;
#11736 = DIRECTION ( 'NONE',  ( 0.6996234726653268732, 0.0000000000000000000, -0.7145117189351820608 ) ) ;
#11737 = EDGE_CURVE ( 'NONE', #7638, #2336, #8792, .T. ) ;
#11738 = DIRECTION ( 'NONE',  ( 0.0000000000000000000, 0.0000000000000000000, -1.000000000000000000 ) ) ;
#11739 = CARTESIAN_POINT ( 'NONE',  ( 13.50000000000000000, 0.009999999999999989800, -12.19999999999999751 ) ) ;
#11740 = ORIENTED_EDGE ( 'NONE', *, *, #1232, .T. ) ;
#11741 = ORIENTED_EDGE ( 'NONE', *, *, #6923, .T. ) ;
#11742 = ORIENTED_EDGE ( 'NONE', *, *, #7952, .T. ) ;
#11743 = ADVANCED_FACE ( 'NONE', ( #9624 ), #10514, .F. ) ;
#11744 = ADVANCED_FACE ( 'NONE', ( #2368 ), #7157, .F. ) ;
#11745 = FILL_AREA_STYLE_COLOUR ( '', #5537 ) ;
#11746 = VECTOR ( 'NONE', #1244, 1000.000000000000000 ) ;
#11747 = DIRECTION ( 'NONE',  ( -0.5627909817385027269, 0.0000000000000000000, -0.8265992444188492438 ) ) ;
#11748 = ORIENTED_EDGE ( 'NONE', *, *, #5005, .F. ) ;
#11749 = DIRECTION ( 'NONE',  ( 0.9689177459679646498, 0.0000000000000000000, -0.2473831068370654918 ) ) ;
#11750 = ORIENTED_EDGE ( 'NONE', *, *, #7218, .F. ) ;
#11751 = DIRECTION ( 'NONE',  ( 0.0000000000000000000, 1.000000000000000000, 0.0000000000000000000 ) ) ;
#11752 = EDGE_CURVE ( 'NONE', #6635, #3819, #2307, .T. ) ;
#11753 = CARTESIAN_POINT ( 'NONE',  ( 8.437500047683998972, 2.389999999999999680, -7.523404270410998684 ) ) ;
#11754 = DIRECTION ( 'NONE',  ( 1.000000000000000000, 0.0000000000000000000, -0.0000000000000000000 ) ) ;
#11755 = ORIENTED_EDGE ( 'NONE', *, *, #3931, .F. ) ;
#11756 = ORIENTED_EDGE ( 'NONE', *, *, #7188, .T. ) ;
#11757 = VECTOR ( 'NONE', #690, 1000.000000000000000 ) ;
#11758 = EDGE_CURVE ( 'NONE', #11703, #5921, #9901, .T. ) ;
#11759 = ORIENTED_EDGE ( 'NONE', *, *, #6494, .T. ) ;
#11760 = CARTESIAN_POINT ( 'NONE',  ( 13.48333338014499816, 2.389999999999999680, -7.404255327582500712 ) ) ;
#11761 = FACE_OUTER_BOUND ( 'NONE', #5948, .T. ) ;
#11762 = SURFACE_SIDE_STYLE ('',( #91 ) ) ;
#11763 = VECTOR ( 'NONE', #11784, 1000.000000000000114 ) ;
#11764 = CARTESIAN_POINT ( 'NONE',  ( 5.754166936874184124, 2.389999999999999680, -7.761702135205000630 ) ) ;
#11765 = ADVANCED_FACE ( 'NONE', ( #11355 ), #9007, .T. ) ;
#11766 = DIRECTION ( 'NONE',  ( 0.0000000000000000000, 0.0000000000000000000, -1.000000000000000000 ) ) ;
#11767 = AXIS2_PLACEMENT_3D ( 'NONE', #1809, #3658, #7266 ) ;
#11768 = VECTOR ( 'NONE', #8794, 1000.000000000000000 ) ;
#11769 = FACE_OUTER_BOUND ( 'NONE', #1295, .T. ) ;
#11770 = ORIENTED_EDGE ( 'NONE', *, *, #2367, .F. ) ;
#11771 = CARTESIAN_POINT ( 'NONE',  ( 2.799999999999999822, 0.4100000000000150191, -12.19999999999999929 ) ) ;
#11772 = SURFACE_STYLE_USAGE ( .BOTH. , #9819 ) ;
#11773 = MECHANICAL_DESIGN_GEOMETRIC_PRESENTATION_REPRESENTATION (  '', ( #2078 ), #8539 ) ;
#11774 = ORIENTED_EDGE ( 'NONE', *, *, #9691, .T. ) ;
#11775 = EDGE_CURVE ( 'NONE', #6074, #9388, #6379, .T. ) ;
#11776 = CARTESIAN_POINT ( 'NONE',  ( 5.404166936874113425, 2.399999999999999911, -6.153191542625455313 ) ) ;
#11777 = VECTOR ( 'NONE', #230, 1000.000000000000000 ) ;
#11778 = DIRECTION ( 'NONE',  ( -0.5466210844725845064, 0.0000000000000000000, -0.8373800750017973415 ) ) ;
#11779 = FILL_AREA_STYLE_COLOUR ( '', #9878 ) ;
#11780 = ORIENTED_EDGE ( 'NONE', *, *, #5920, .F. ) ;
#11781 = ORIENTED_EDGE ( 'NONE', *, *, #2869, .T. ) ;
#11782 = VERTEX_POINT ( 'NONE', #6495 ) ;
#11783 = VERTEX_POINT ( 'NONE', #7382 ) ;
#11784 = DIRECTION ( 'NONE',  ( -0.8906052436377265291, 0.0000000000000000000, -0.4547771982025765602 ) ) ;
#11785 = CYLINDRICAL_SURFACE ( 'NONE', #4753, 0.2500000000000002220 ) ;
ENDSEC;
END-ISO-10303-21;
