ISO-10303-21;
HEADER;
FILE_DESCRIPTION (( 'STEP AP214' ),
    '1' );
FILE_NAME ('RS_SMDCHIP_1206_L3.2W1.7T0.65B10.65B20.6.STEP',
    '2024-01-29T20:06:30',
    ( '' ),
    ( '' ),
    'SwSTEP 2.0',
    'SolidWorks 2021',
    '' );
FILE_SCHEMA (( 'AUTOMOTIVE_DESIGN' ));
ENDSEC;

DATA;
#1 = LINE ( 'NONE', #1846, #2064 ) ;
#2 = VERTEX_POINT ( 'NONE', #3242 ) ;
#3 = PRESENTATION_LAYER_ASSIGNMENT (  '', '', ( #1333 ) ) ;
#4 = AXIS2_PLACEMENT_3D ( 'NONE', #967, #2819, #391 ) ;
#5 = PLANE ( 'NONE',  #2575 ) ;
#6 = AXIS2_PLACEMENT_3D ( 'NONE', #2384, #1580, #446 ) ;
#7 = FACE_OUTER_BOUND ( 'NONE', #533, .T. ) ;
#8 = AXIS2_PLACEMENT_3D ( 'NONE', #1040, #1533, #1855 ) ;
#9 = DIRECTION ( 'NONE',  ( 1.000000000000000000, 0.000000000000000000, 0.000000000000000000 ) ) ;
#10 = CARTESIAN_POINT ( 'NONE',  ( 1.476774743695512981, 0.6318999999999996842, -0.8922488119819812491 ) ) ;
#11 = LINE ( 'NONE', #1329, #848 ) ;
#12 = ORIENTED_EDGE ( 'NONE', *, *, #3406, .T. ) ;
#13 = LINE ( 'NONE', #890, #1636 ) ;
#14 = DIRECTION ( 'NONE',  ( -1.000000000000000000, 1.536438668180457580E-16, 0.000000000000000000 ) ) ;
#15 = ORIENTED_EDGE ( 'NONE', *, *, #644, .F. ) ;
#16 = DIRECTION ( 'NONE',  ( 0.000000000000000000, -1.000000000000000000, 0.000000000000000000 ) ) ;
#17 = AXIS2_PLACEMENT_3D ( 'NONE', #1363, #2457, #1633 ) ;
#18 = ORIENTED_EDGE ( 'NONE', *, *, #1666, .T. ) ;
#19 = LINE ( 'NONE', #2993, #2320 ) ;
#20 = PRESENTATION_LAYER_ASSIGNMENT (  '', '', ( #3170 ) ) ;
#21 = FACE_OUTER_BOUND ( 'NONE', #1360, .T. ) ;
#22 = CARTESIAN_POINT ( 'NONE',  ( 1.949504097186375740, 0.6318999999999996842, -0.8532336393025895527 ) ) ;
#23 = CARTESIAN_POINT ( 'NONE',  ( 2.558709677419355177, -0.01819999999999996967, 0.000000000000000000 ) ) ;
#24 = LINE ( 'NONE', #2869, #1135 ) ;
#25 = EDGE_LOOP ( 'NONE', ( #881, #1909, #1944, #758, #2092, #3088, #2451, #1714 ) ) ;
#26 = UNCERTAINTY_MEASURE_WITH_UNIT (LENGTH_MEASURE( 1.000000000000000082E-05 ), #2558, 'distance_accuracy_value', 'NONE');
#27 = VECTOR ( 'NONE', #3190, 1000.000000000000000 ) ;
#28 = CARTESIAN_POINT ( 'NONE',  ( 1.743262369448356219, 0.6318999999999996842, -0.7818929250807219455 ) ) ;
#29 = ORIENTED_EDGE ( 'NONE', *, *, #3432, .F. ) ;
#30 = VECTOR ( 'NONE', #748, 1000.000000000000000 ) ;
#31 = PLANE ( 'NONE',  #173 ) ;
#32 = EDGE_CURVE ( 'NONE', #3374, #704, #3178, .T. ) ;
#33 = EDGE_CURVE ( 'NONE', #2297, #3148, #1856, .T. ) ;
#34 = EDGE_LOOP ( 'NONE', ( #504, #390, #1560, #488, #818, #1900, #1491, #3202 ) ) ;
#35 = CARTESIAN_POINT ( 'NONE',  ( 0.6087096774193547777, 0.6135999999999998122, -1.700000000000000178 ) ) ;
#36 = EDGE_CURVE ( 'NONE', #2571, #2142, #1647, .T. ) ;
#37 = SURFACE_SIDE_STYLE ('',( #2436 ) ) ;
#38 = ORIENTED_EDGE ( 'NONE', *, *, #2098, .T. ) ;
#39 =( NAMED_UNIT ( * ) PLANE_ANGLE_UNIT ( ) SI_UNIT ( $, .RADIAN. ) );
#40 = PRESENTATION_STYLE_ASSIGNMENT (( #2825 ) ) ;
#41 = LINE ( 'NONE', #769, #503 ) ;
#42 = ORIENTED_EDGE ( 'NONE', *, *, #2218, .T. ) ;
#43 = PRESENTATION_STYLE_ASSIGNMENT (( #854 ) ) ;
#44 = ORIENTED_EDGE ( 'NONE', *, *, #1886, .T. ) ;
#45 = CARTESIAN_POINT ( 'NONE',  ( 1.867658053610169233, 0.6318999999999996842, -0.7818929250807219455 ) ) ;
#46 = ORIENTED_EDGE ( 'NONE', *, *, #1153, .T. ) ;
#47 = ADVANCED_FACE ( 'NONE', ( #1326 ), #578, .F. ) ;
#48 =( NAMED_UNIT ( * ) SI_UNIT ( $, .STERADIAN. ) SOLID_ANGLE_UNIT ( ) );
#49 = VERTEX_POINT ( 'NONE', #1375 ) ;
#50 = LINE ( 'NONE', #1915, #3422 ) ;
#51 = PRESENTATION_LAYER_ASSIGNMENT (  '', '', ( #1384 ) ) ;
#52 = CARTESIAN_POINT ( 'NONE',  ( 1.538527601647626142, 0.6318999999999996842, -0.7118750000000001465 ) ) ;
#53 = VECTOR ( 'NONE', #1593, 1000.000000000000000 ) ;
#54 = CARTESIAN_POINT ( 'NONE',  ( 3.158709677419355266, 0.000000000000000000, -1.700000000000000178 ) ) ;
#55 = CARTESIAN_POINT ( 'NONE',  ( 1.743262369448356219, 0.6318999999999996842, -0.9215767395690224184 ) ) ;
#56 = ORIENTED_EDGE ( 'NONE', *, *, #2412, .F. ) ;
#57 =( GEOMETRIC_REPRESENTATION_CONTEXT ( 3 ) GLOBAL_UNCERTAINTY_ASSIGNED_CONTEXT ( ( #2336 ) ) GLOBAL_UNIT_ASSIGNED_CONTEXT ( ( #2857, #1486, #2567 ) ) REPRESENTATION_CONTEXT ( 'NONE', 'WORKASPACE' ) );
#58 =( NAMED_UNIT ( * ) PLANE_ANGLE_UNIT ( ) SI_UNIT ( $, .RADIAN. ) );
#59 = CARTESIAN_POINT ( 'NONE',  ( -0.000000000000000000, 0.000000000000000000, -1.700000000000000178 ) ) ;
#60 = PRESENTATION_LAYER_ASSIGNMENT (  '', '', ( #1282 ) ) ;
#61 = ORIENTED_EDGE ( 'NONE', *, *, #451, .T. ) ;
#62 = CARTESIAN_POINT ( 'NONE',  ( 0.7474999999999999423, 0.6135999999999998122, -1.700000000000000178 ) ) ;
#63 =( LENGTH_UNIT ( ) NAMED_UNIT ( * ) SI_UNIT ( .MILLI., .METRE. ) );
#64 = CARTESIAN_POINT ( 'NONE',  ( -0.01847750982451878965, 0.6318999999999994621, -0.06444191779597348291 ) ) ;
#65 = PLANE ( 'NONE',  #442 ) ;
#66 = ORIENTED_EDGE ( 'NONE', *, *, #2864, .T. ) ;
#67 = DIRECTION ( 'NONE',  ( 0.000000000000000000, 1.000000000000000000, 0.000000000000000000 ) ) ;
#68 =( GEOMETRIC_REPRESENTATION_CONTEXT ( 3 ) GLOBAL_UNCERTAINTY_ASSIGNED_CONTEXT ( ( #1928 ) ) GLOBAL_UNIT_ASSIGNED_CONTEXT ( ( #942, #703, #1234 ) ) REPRESENTATION_CONTEXT ( 'NONE', 'WORKASPACE' ) );
#69 = PRESENTATION_LAYER_ASSIGNMENT (  '', '', ( #1239 ) ) ;
#70 = SURFACE_STYLE_USAGE ( .BOTH. , #1672 ) ;
#71 = EDGE_CURVE ( 'NONE', #1257, #221, #1136, .T. ) ;
#72 = PRESENTATION_LAYER_ASSIGNMENT (  '', '', ( #2662 ) ) ;
#73 = PRESENTATION_LAYER_ASSIGNMENT (  '', '', ( #2848 ) ) ;
#74 = SURFACE_STYLE_USAGE ( .BOTH. , #1392 ) ;
#75 = VECTOR ( 'NONE', #2804, 1000.000000000000000 ) ;
#76 = VERTEX_POINT ( 'NONE', #3310 ) ;
#77 = AXIS2_PLACEMENT_3D ( 'NONE', #2872, #3138, #2006 ) ;
#78 =( GEOMETRIC_REPRESENTATION_CONTEXT ( 3 ) GLOBAL_UNCERTAINTY_ASSIGNED_CONTEXT ( ( #1489 ) ) GLOBAL_UNIT_ASSIGNED_CONTEXT ( ( #2851, #2257, #3376 ) ) REPRESENTATION_CONTEXT ( 'NONE', 'WORKASPACE' ) );
#79 = ORIENTED_EDGE ( 'NONE', *, *, #1172, .T. ) ;
#80 = CARTESIAN_POINT ( 'NONE',  ( 1.538600510041130853, 0.6317999999999996952, -0.9189495764011172962 ) ) ;
#81 = ORIENTED_EDGE ( 'NONE', *, *, #2512, .F. ) ;
#82 = DIRECTION ( 'NONE',  ( 0.000000000000000000, 0.000000000000000000, 1.000000000000000000 ) ) ;
#83 = SURFACE_STYLE_USAGE ( .BOTH. , #3193 ) ;
#84 = SURFACE_STYLE_FILL_AREA ( #3010 ) ;
#85 = EDGE_CURVE ( 'NONE', #3308, #1475, #2739, .T. ) ;
#86 = EDGE_CURVE ( 'NONE', #859, #971, #3025, .T. ) ;
#87 = VERTEX_POINT ( 'NONE', #613 ) ;
#88 = EDGE_CURVE ( 'NONE', #3436, #454, #2241, .T. ) ;
#89 = CARTESIAN_POINT ( 'NONE',  ( 3.158709677419355266, 0.6135999999999998122, -1.700000000000000178 ) ) ;
#90 = FACE_OUTER_BOUND ( 'NONE', #1054, .T. ) ;
#91 = CARTESIAN_POINT ( 'NONE',  ( 1.854030687919280274, 0.6317999999999996952, -0.8216764980901485327 ) ) ;
#92 = ORIENTED_EDGE ( 'NONE', *, *, #3385, .T. ) ;
#93 = DIRECTION ( 'NONE',  ( 0.000000000000000000, 1.000000000000000000, 0.000000000000000000 ) ) ;
#94 = FILL_AREA_STYLE ('',( #3336 ) ) ;
#95 = EDGE_CURVE ( 'NONE', #1314, #2168, #346, .T. ) ;
#96 = ORIENTED_EDGE ( 'NONE', *, *, #85, .F. ) ;
#97 = DIRECTION ( 'NONE',  ( 0.000000000000000000, 0.000000000000000000, -1.000000000000000000 ) ) ;
#98 = PLANE ( 'NONE',  #3119 ) ;
#99 = EDGE_CURVE ( 'NONE', #1208, #859, #2127, .T. ) ;
#100 =( GEOMETRIC_REPRESENTATION_CONTEXT ( 3 ) GLOBAL_UNCERTAINTY_ASSIGNED_CONTEXT ( ( #614 ) ) GLOBAL_UNIT_ASSIGNED_CONTEXT ( ( #844, #1923, #2539 ) ) REPRESENTATION_CONTEXT ( 'NONE', 'WORKASPACE' ) );
#101 = DIRECTION ( 'NONE',  ( 0.000000000000000000, 0.000000000000000000, 1.000000000000000000 ) ) ;
#102 = PLANE ( 'NONE',  #615 ) ;
#103 = ORIENTED_EDGE ( 'NONE', *, *, #2507, .T. ) ;
#104 = CARTESIAN_POINT ( 'NONE',  ( 1.481425299460066070, 0.6318999999999997952, -0.8051198582953492666 ) ) ;
#105 = SURFACE_STYLE_USAGE ( .BOTH. , #688 ) ;
#106 = ORIENTED_EDGE ( 'NONE', *, *, #1153, .F. ) ;
#107 = CARTESIAN_POINT ( 'NONE',  ( 2.369919354838710301, 0.5954000000000000403, -1.700000000000000178 ) ) ;
#108 = FILL_AREA_STYLE ('',( #410 ) ) ;
#109 = PRESENTATION_LAYER_ASSIGNMENT (  '', '', ( #3100 ) ) ;
#110 = DIRECTION ( 'NONE',  ( 0.000000000000000000, 0.000000000000000000, -1.000000000000000000 ) ) ;
#111 = CARTESIAN_POINT ( 'NONE',  ( 1.148886037081338296, 0.6318999999999996842, -0.8087244907140513916 ) ) ;
#112 = VERTEX_POINT ( 'NONE', #3040 ) ;
#113 = CARTESIAN_POINT ( 'NONE',  ( 1.551958472390177368, 0.6317999999999996952, -0.8185742333776780955 ) ) ;
#114 = CARTESIAN_POINT ( 'NONE',  ( 1.627582568898590765, 0.6317999999999996952, -0.9945922786051791809 ) ) ;
#115 = CARTESIAN_POINT ( 'NONE',  ( 1.743262369448356219, 0.6317999999999996952, -0.8216764980901485327 ) ) ;
#116 = DIRECTION ( 'NONE',  ( 0.9429294049542954470, 0.000000000000000000, -0.3329926985273676254 ) ) ;
#117 = COLOUR_RGB ( '',0.7921568627450980005, 0.8196078431372548767, 0.9333333333333333481 ) ;
#118 = UNCERTAINTY_MEASURE_WITH_UNIT (LENGTH_MEASURE( 1.000000000000000082E-05 ), #2230, 'distance_accuracy_value', 'NONE');
#119 = VECTOR ( 'NONE', #3247, 1000.000000000000000 ) ;
#120 = VERTEX_POINT ( 'NONE', #1121 ) ;
#121 = FILL_AREA_STYLE_COLOUR ( '', #3117 ) ;
#122 = ORIENTED_EDGE ( 'NONE', *, *, #573, .T. ) ;
#123 = CARTESIAN_POINT ( 'NONE',  ( 1.551958472390177368, 0.6318999999999996842, -0.7898468139375424135 ) ) ;
#124 = STYLED_ITEM ( 'NONE', ( #1709 ), #2837 ) ;
#125 = ORIENTED_EDGE ( 'NONE', *, *, #2052, .F. ) ;
#126 = CARTESIAN_POINT ( 'NONE',  ( 2.143776874646535546, 0.6318999999999996842, -0.8532336393025896637 ) ) ;
#127 = CARTESIAN_POINT ( 'NONE',  ( 1.949504097186375517, 0.6318999999999996842, -0.8958355210322100914 ) ) ;
#128 = DIRECTION ( 'NONE',  ( 0.000000000000000000, 1.000000000000000000, 0.000000000000000000 ) ) ;
#129 = FACE_OUTER_BOUND ( 'NONE', #2278, .T. ) ;
#130 = EDGE_CURVE ( 'NONE', #2604, #2286, #1705, .T. ) ;
#131 = ADVANCED_FACE ( 'NONE', ( #2807 ), #380, .T. ) ;
#132 = VECTOR ( 'NONE', #944, 1000.000000000000000 ) ;
#133 =( NAMED_UNIT ( * ) PLANE_ANGLE_UNIT ( ) SI_UNIT ( $, .RADIAN. ) );
#134 = VERTEX_POINT ( 'NONE', #3293 ) ;
#135 = ADVANCED_FACE ( 'NONE', ( #869 ), #2528, .T. ) ;
#136 = DIRECTION ( 'NONE',  ( -1.000000000000000000, 0.000000000000000000, 0.000000000000000000 ) ) ;
#137 = VECTOR ( 'NONE', #82, 1000.000000000000000 ) ;
#138 = FACE_OUTER_BOUND ( 'NONE', #2495, .T. ) ;
#139 = ADVANCED_FACE ( 'NONE', ( #3273 ), #853, .T. ) ;
#140 = EDGE_LOOP ( 'NONE', ( #2729, #1059, #42, #3111 ) ) ;
#141 = DIRECTION ( 'NONE',  ( 0.000000000000000000, -0.000000000000000000, -1.000000000000000000 ) ) ;
#142 = EDGE_LOOP ( 'NONE', ( #2699, #2881, #2077, #3004 ) ) ;
#143 = ORIENTED_EDGE ( 'NONE', *, *, #1119, .T. ) ;
#144 = SURFACE_STYLE_FILL_AREA ( #1712 ) ;
#145 = ORIENTED_EDGE ( 'NONE', *, *, #1579, .T. ) ;
#146 = CARTESIAN_POINT ( 'NONE',  ( 9.147955830346443662E-17, 0.5954000000000000403, -1.700000000000000178 ) ) ;
#147 = PRESENTATION_STYLE_ASSIGNMENT (( #1679 ) ) ;
#148 = CARTESIAN_POINT ( 'NONE',  ( 1.064890738813735860, 0.6317999999999996952, -0.7118750000000001465 ) ) ;
#149 = FILL_AREA_STYLE_COLOUR ( '', #900 ) ;
#150 = ORIENTED_EDGE ( 'NONE', *, *, #828, .F. ) ;
#151 = ADVANCED_FACE ( 'NONE', ( #2058, #3424 ), #1482, .F. ) ;
#152 = DIRECTION ( 'NONE',  ( -1.000000000000000000, 0.000000000000000000, 0.000000000000000000 ) ) ;
#153 = ORIENTED_EDGE ( 'NONE', *, *, #3385, .F. ) ;
#154 = CARTESIAN_POINT ( 'NONE',  ( 1.876194882181912993, 0.6318999999999996842, -0.8532336393025895527 ) ) ;
#155 = VECTOR ( 'NONE', #1994, 1000.000000000000000 ) ;
#156 = CARTESIAN_POINT ( 'NONE',  ( 1.164281206933811541, 0.6317999999999996952, -0.7118750000000001465 ) ) ;
#157 = ORIENTED_EDGE ( 'NONE', *, *, #2510, .F. ) ;
#158 = LINE ( 'NONE', #2066, #1241 ) ;
#159 = ORIENTED_EDGE ( 'NONE', *, *, #2700, .T. ) ;
#160 = UNCERTAINTY_MEASURE_WITH_UNIT (LENGTH_MEASURE( 1.000000000000000082E-05 ), #1956, 'distance_accuracy_value', 'NONE');
#161 = VECTOR ( 'NONE', #3384, 1000.000000000000000 ) ;
#162 = ORIENTED_EDGE ( 'NONE', *, *, #2510, .T. ) ;
#163 = PLANE ( 'NONE',  #860 ) ;
#164 = COLOUR_RGB ( '',0.1019607843137254888, 0.1019607843137254888, 0.1019607843137254888 ) ;
#165 = EDGE_LOOP ( 'NONE', ( #308, #1907, #497, #3065 ) ) ;
#166 = CARTESIAN_POINT ( 'NONE',  ( 1.551958471843778442, 0.6317999999999995842, -0.7898468138097936020 ) ) ;
#167 = CARTESIAN_POINT ( 'NONE',  ( 0.7474999999999999423, 0.5954000000000000403, 0.000000000000000000 ) ) ;
#168 = ORIENTED_EDGE ( 'NONE', *, *, #1734, .T. ) ;
#169 = LINE ( 'NONE', #1185, #580 ) ;
#170 = EDGE_CURVE ( 'NONE', #76, #2810, #169, .T. ) ;
#171 =( NAMED_UNIT ( * ) PLANE_ANGLE_UNIT ( ) SI_UNIT ( $, .RADIAN. ) );
#172 = EDGE_CURVE ( 'NONE', #667, #3313, #2275, .T. ) ;
#173 = AXIS2_PLACEMENT_3D ( 'NONE', #3279, #2741, #2989 ) ;
#174 = ORIENTED_EDGE ( 'NONE', *, *, #2179, .T. ) ;
#175 = DIRECTION ( 'NONE',  ( 0.000000000000000000, 0.000000000000000000, 1.000000000000000000 ) ) ;
#176 = DIRECTION ( 'NONE',  ( 0.000000000000000000, 0.000000000000000000, -1.000000000000000000 ) ) ;
#177 = EDGE_CURVE ( 'NONE', #2364, #3480, #419, .T. ) ;
#178 = CLOSED_SHELL ( 'NONE', ( #1796, #663, #1115, #1690, #1406, #2210, #2745, #3267, #585, #885, #3149, #874, #2174, #2060, #991 ) ) ;
#179 = ORIENTED_EDGE ( 'NONE', *, *, #3378, .F. ) ;
#180 = DIRECTION ( 'NONE',  ( 0.000000000000000000, 0.000000000000000000, 1.000000000000000000 ) ) ;
#181 = CARTESIAN_POINT ( 'NONE',  ( 1.268619046028804043, 0.6318999999999996842, -0.9945922786051791809 ) ) ;
#182 = DIRECTION ( 'NONE',  ( 1.000000000000000000, 0.000000000000000000, 0.000000000000000000 ) ) ;
#183 = ORIENTED_EDGE ( 'NONE', *, *, #3274, .F. ) ;
#184 = VECTOR ( 'NONE', #917, 1000.000000000000000 ) ;
#185 = LINE ( 'NONE', #993, #302 ) ;
#186 = UNCERTAINTY_MEASURE_WITH_UNIT (LENGTH_MEASURE( 1.000000000000000082E-05 ), #3350, 'distance_accuracy_value', 'NONE');
#187 = FACE_OUTER_BOUND ( 'NONE', #3015, .T. ) ;
#188 = EDGE_CURVE ( 'NONE', #1409, #3155, #1458, .T. ) ;
#189 = CARTESIAN_POINT ( 'NONE',  ( 1.867658053610169233, 0.6317999999999996952, -0.9945922786051791809 ) ) ;
#190 = EDGE_CURVE ( 'NONE', #1952, #1884, #2977, .T. ) ;
#191 = VERTEX_POINT ( 'NONE', #3263 ) ;
#192 = UNCERTAINTY_MEASURE_WITH_UNIT (LENGTH_MEASURE( 1.000000000000000082E-05 ), #538, 'distance_accuracy_value', 'NONE');
#193 = ORIENTED_EDGE ( 'NONE', *, *, #606, .T. ) ;
#194 = PLANE ( 'NONE',  #1746 ) ;
#195 = DIRECTION ( 'NONE',  ( 0.000000000000000000, 1.000000000000000000, 0.000000000000000000 ) ) ;
#196 = ORIENTED_EDGE ( 'NONE', *, *, #213, .T. ) ;
#197 = SURFACE_STYLE_FILL_AREA ( #2943 ) ;
#198 = DIRECTION ( 'NONE',  ( 2.900875377887637630E-16, 1.000000000000000000, 0.000000000000000000 ) ) ;
#199 = FACE_OUTER_BOUND ( 'NONE', #1721, .T. ) ;
#200 = ADVANCED_FACE ( 'NONE', ( #2187, #3018 ), #2748, .F. ) ;
#201 = ORIENTED_EDGE ( 'NONE', *, *, #3038, .T. ) ;
#202 = SURFACE_STYLE_USAGE ( .BOTH. , #2041 ) ;
#203 = ADVANCED_FACE ( 'NONE', ( #3307 ), #3455, .F. ) ;
#204 = CARTESIAN_POINT ( 'NONE',  ( 1.259927955283916434, 0.6317999999999996952, -0.7519638040136090718 ) ) ;
#205 = CARTESIAN_POINT ( 'NONE',  ( 1.627582568898592985, 0.6317999999999996952, -0.8862684686757379415 ) ) ;
#206 = FACE_OUTER_BOUND ( 'NONE', #2555, .T. ) ;
#207 = PLANE ( 'NONE',  #2839 ) ;
#208 = ORIENTED_EDGE ( 'NONE', *, *, #213, .F. ) ;
#209 = VECTOR ( 'NONE', #1819, 1000.000000000000000 ) ;
#210 = VERTEX_POINT ( 'NONE', #2151 ) ;
#211 = AXIS2_PLACEMENT_3D ( 'NONE', #2875, #435, #1876 ) ;
#212 = PLANE ( 'NONE',  #1289 ) ;
#213 = EDGE_CURVE ( 'NONE', #2750, #2653, #1266, .T. ) ;
#214 = COLOUR_RGB ( '',0.8980392156862745390, 0.9215686274509803377, 0.9294117647058823817 ) ;
#215 = EDGE_LOOP ( 'NONE', ( #997, #2290, #456, #254 ) ) ;
#216 = DIRECTION ( 'NONE',  ( 0.000000000000000000, 1.000000000000000000, 0.000000000000000000 ) ) ;
#217 = CARTESIAN_POINT ( 'NONE',  ( 1.284470047405829929, 0.6317999999999996952, -0.8207132955265563634 ) ) ;
#218 = AXIS2_PLACEMENT_3D ( 'NONE', #806, #1130, #1645 ) ;
#219 = AXIS2_PLACEMENT_3D ( 'NONE', #2185, #2765, #335 ) ;
#220 = MECHANICAL_DESIGN_GEOMETRIC_PRESENTATION_REPRESENTATION (  '', ( #1671 ), #617 ) ;
#221 = VERTEX_POINT ( 'NONE', #2204 ) ;
#222 = DIRECTION ( 'NONE',  ( 0.000000000000000000, 0.000000000000000000, 1.000000000000000000 ) ) ;
#223 =( GEOMETRIC_REPRESENTATION_CONTEXT ( 3 ) GLOBAL_UNCERTAINTY_ASSIGNED_CONTEXT ( ( #1440 ) ) GLOBAL_UNIT_ASSIGNED_CONTEXT ( ( #1704, #1183, #2805 ) ) REPRESENTATION_CONTEXT ( 'NONE', 'WORKASPACE' ) );
#224 = DIRECTION ( 'NONE',  ( 0.000000000000000000, 0.000000000000000000, 1.000000000000000000 ) ) ;
#225 = CARTESIAN_POINT ( 'NONE',  ( 1.943090380298068576, 0.6318999999999995731, -0.9945922786051794029 ) ) ;
#226 = CARTESIAN_POINT ( 'NONE',  ( 1.322531775426518896, 0.6318999999999994621, -0.8207132955265563634 ) ) ;
#227 = VERTEX_POINT ( 'NONE', #827 ) ;
#228 = UNCERTAINTY_MEASURE_WITH_UNIT (LENGTH_MEASURE( 1.000000000000000082E-05 ), #1038, 'distance_accuracy_value', 'NONE');
#229 = SURFACE_STYLE_FILL_AREA ( #3481 ) ;
#230 = ORIENTED_EDGE ( 'NONE', *, *, #426, .F. ) ;
#231 = PRESENTATION_LAYER_ASSIGNMENT (  '', '', ( #1863 ) ) ;
#232 = LINE ( 'NONE', #2324, #234 ) ;
#233 = CARTESIAN_POINT ( 'NONE',  ( 1.627582568898592985, 0.6317999999999996952, -0.8862684686757379415 ) ) ;
#234 = VECTOR ( 'NONE', #494, 1000.000000000000000 ) ;
#235 = ORIENTED_EDGE ( 'NONE', *, *, #1172, .F. ) ;
#236 = CARTESIAN_POINT ( 'NONE',  ( 2.040226769028148812, 0.6318999999999996842, -0.7893308167081586335 ) ) ;
#237 = CARTESIAN_POINT ( 'NONE',  ( 1.476774743695512981, 0.6317999999999998062, -0.8152998331602612225 ) ) ;
#238 = ADVANCED_FACE ( 'NONE', ( #1867 ), #1371, .F. ) ;
#239 = DIRECTION ( 'NONE',  ( 0.000000000000000000, 0.000000000000000000, 1.000000000000000000 ) ) ;
#240 =( GEOMETRIC_REPRESENTATION_CONTEXT ( 3 ) GLOBAL_UNCERTAINTY_ASSIGNED_CONTEXT ( ( #1202 ) ) GLOBAL_UNIT_ASSIGNED_CONTEXT ( ( #1074, #1894, #2124 ) ) REPRESENTATION_CONTEXT ( 'NONE', 'WORKASPACE' ) );
#241 = ADVANCED_FACE ( 'NONE', ( #953 ), #696, .T. ) ;
#242 = ADVANCED_FACE ( 'NONE', ( #371 ), #1669, .T. ) ;
#243 = AXIS2_PLACEMENT_3D ( 'NONE', #2156, #1874, #884 ) ;
#244 = ORIENTED_EDGE ( 'NONE', *, *, #3197, .F. ) ;
#245 = AXIS2_PLACEMENT_3D ( 'NONE', #1981, #3319, #1718 ) ;
#246 = CARTESIAN_POINT ( 'NONE',  ( 1.064890738813735860, 0.6317999999999996952, -0.8087244907140513916 ) ) ;
#247 = DIRECTION ( 'NONE',  ( 1.000000000000000000, 0.000000000000000000, 0.000000000000000000 ) ) ;
#248 = PRESENTATION_LAYER_ASSIGNMENT (  '', '', ( #3303 ) ) ;
#249 = CARTESIAN_POINT ( 'NONE',  ( 1.322531775426516676, 0.6318999999999996842, -0.8207132955265563634 ) ) ;
#250 = LINE ( 'NONE', #1402, #1744 ) ;
#251 = ORIENTED_EDGE ( 'NONE', *, *, #88, .F. ) ;
#252 = EDGE_CURVE ( 'NONE', #667, #682, #336, .T. ) ;
#253 = LINE ( 'NONE', #1877, #1224 ) ;
#254 = ORIENTED_EDGE ( 'NONE', *, *, #1164, .T. ) ;
#255 = DIRECTION ( 'NONE',  ( 0.000000000000000000, 0.000000000000000000, -1.000000000000000000 ) ) ;
#256 = ORIENTED_EDGE ( 'NONE', *, *, #727, .F. ) ;
#257 = LINE ( 'NONE', #1079, #3143 ) ;
#258 = CARTESIAN_POINT ( 'NONE',  ( 1.854030687919280274, 0.6318999999999996842, -0.8844702972540807728 ) ) ;
#259 = DIRECTION ( 'NONE',  ( 1.000000000000000000, 0.000000000000000000, 0.000000000000000000 ) ) ;
#260 = ORIENTED_EDGE ( 'NONE', *, *, #3061, .T. ) ;
#261 = CARTESIAN_POINT ( 'NONE',  ( 1.627582568898592985, 0.6317999999999996952, -0.7118750000000001465 ) ) ;
#262 = DIRECTION ( 'NONE',  ( 0.000000000000000000, 1.000000000000000000, -0.000000000000000000 ) ) ;
#263 = DIRECTION ( 'NONE',  ( 0.000000000000000000, 1.000000000000000000, 0.000000000000000000 ) ) ;
#264 = PRESENTATION_STYLE_ASSIGNMENT (( #1872 ) ) ;
#265 = LINE ( 'NONE', #1609, #2027 ) ;
#266 = ORIENTED_EDGE ( 'NONE', *, *, #2212, .F. ) ;
#267 = CARTESIAN_POINT ( 'NONE',  ( -0.01847750982451878965, 0.6318999999999996842, -0.06444191779597348291 ) ) ;
#268 = ORIENTED_EDGE ( 'NONE', *, *, #2361, .T. ) ;
#269 = CARTESIAN_POINT ( 'NONE',  ( 0.000000000000000000, 0.000000000000000000, -1.700000000000000178 ) ) ;
#270 = CARTESIAN_POINT ( 'NONE',  ( 2.558709677419355177, 0.000000000000000000, -1.700000000000000178 ) ) ;
#271 = VECTOR ( 'NONE', #1789, 1000.000000000000000 ) ;
#272 = ORIENTED_EDGE ( 'NONE', *, *, #2471, .F. ) ;
#273 = VECTOR ( 'NONE', #2063, 1000.000000000000000 ) ;
#274 = CARTESIAN_POINT ( 'NONE',  ( 1.876194882181912993, 0.6317999999999998062, -0.8532336393025895527 ) ) ;
#275 = CARTESIAN_POINT ( 'NONE',  ( 1.551958472390177368, 0.6317999999999996952, -0.7898468139375424135 ) ) ;
#276 =( NAMED_UNIT ( * ) SI_UNIT ( $, .STERADIAN. ) SOLID_ANGLE_UNIT ( ) );
#277 = VECTOR ( 'NONE', #484, 1000.000000000000000 ) ;
#278 = EDGE_LOOP ( 'NONE', ( #2374, #244, #3030, #1262, #1418, #685, #2478, #1200 ) ) ;
#279 = CARTESIAN_POINT ( 'NONE',  ( 1.743262369448356219, 0.6317999999999996952, -0.9215767395690224184 ) ) ;
#280 = FILL_AREA_STYLE_COLOUR ( '', #1467 ) ;
#281 = VECTOR ( 'NONE', #2912, 1000.000000000000000 ) ;
#282 = CARTESIAN_POINT ( 'NONE',  ( 3.117419354838710355, 0.5954000000000000403, -1.700000000000000178 ) ) ;
#283 = LINE ( 'NONE', #1626, #3500 ) ;
#284 = VECTOR ( 'NONE', #239, 1000.000000000000000 ) ;
#285 = VECTOR ( 'NONE', #97, 1000.000000000000000 ) ;
#286 = FACE_OUTER_BOUND ( 'NONE', #1535, .T. ) ;
#287 = ORIENTED_EDGE ( 'NONE', *, *, #1689, .F. ) ;
#288 = EDGE_CURVE ( 'NONE', #1494, #2168, #1398, .T. ) ;
#289 = FILL_AREA_STYLE ('',( #2427 ) ) ;
#290 = LINE ( 'NONE', #28, #2635 ) ;
#291 = EDGE_LOOP ( 'NONE', ( #1963, #2939, #1770, #3495 ) ) ;
#292 = SURFACE_STYLE_USAGE ( .BOTH. , #2694 ) ;
#293 = VERTEX_POINT ( 'NONE', #1175 ) ;
#294 = DIRECTION ( 'NONE',  ( 0.000000000000000000, -0.000000000000000000, -1.000000000000000000 ) ) ;
#295 = SURFACE_SIDE_STYLE ('',( #537 ) ) ;
#296 = DIRECTION ( 'NONE',  ( 0.000000000000000000, 1.000000000000000000, 0.000000000000000000 ) ) ;
#297 = VERTEX_POINT ( 'NONE', #933 ) ;
#298 = MECHANICAL_DESIGN_GEOMETRIC_PRESENTATION_REPRESENTATION (  '', ( #124 ), #2372 ) ;
#299 = DIRECTION ( 'NONE',  ( -0.000000000000000000, -1.000000000000000000, -0.000000000000000000 ) ) ;
#300 = ORIENTED_EDGE ( 'NONE', *, *, #2219, .F. ) ;
#301 = UNCERTAINTY_MEASURE_WITH_UNIT (LENGTH_MEASURE( 1.000000000000000082E-05 ), #2559, 'distance_accuracy_value', 'NONE');
#302 = VECTOR ( 'NONE', #2930, 1000.000000000000000 ) ;
#303 = VERTEX_POINT ( 'NONE', #1141 ) ;
#304 = EDGE_CURVE ( 'NONE', #472, #2110, #2845, .T. ) ;
#305 = CARTESIAN_POINT ( 'NONE',  ( 1.743262369448356219, 0.6318999999999996842, -0.8844702972540807728 ) ) ;
#306 = PLANE ( 'NONE',  #2929 ) ;
#307 = CARTESIAN_POINT ( 'NONE',  ( 1.164281206933811541, 0.6318999999999996842, -0.7118750000000001465 ) ) ;
#308 = ORIENTED_EDGE ( 'NONE', *, *, #3328, .F. ) ;
#309 = SURFACE_SIDE_STYLE ('',( #2166 ) ) ;
#310 = CARTESIAN_POINT ( 'NONE',  ( 3.117419354838710355, 0.000000000000000000, 0.000000000000000000 ) ) ;
#311 = CARTESIAN_POINT ( 'NONE',  ( 0.000000000000000000, 0.000000000000000000, -1.700000000000000178 ) ) ;
#312 = ORIENTED_EDGE ( 'NONE', *, *, #345, .T. ) ;
#313 = LINE ( 'NONE', #261, #3362 ) ;
#314 = EDGE_CURVE ( 'NONE', #2947, #2810, #1940, .T. ) ;
#315 = SURFACE_STYLE_USAGE ( .BOTH. , #2194 ) ;
#316 = ORIENTED_EDGE ( 'NONE', *, *, #606, .F. ) ;
#317 = LINE ( 'NONE', #2445, #627 ) ;
#318 = CARTESIAN_POINT ( 'NONE',  ( -0.04129032258064516125, 0.6135999999999998122, -1.700000000000000178 ) ) ;
#319 = ORIENTED_EDGE ( 'NONE', *, *, #1176, .F. ) ;
#320 = DIRECTION ( 'NONE',  ( 0.000000000000000000, 0.000000000000000000, 1.000000000000000000 ) ) ;
#321 = VERTEX_POINT ( 'NONE', #3373 ) ;
#322 = ADVANCED_FACE ( 'NONE', ( #129 ), #1999, .T. ) ;
#323 = VECTOR ( 'NONE', #176, 1000.000000000000000 ) ;
#324 = DIRECTION ( 'NONE',  ( -1.000000000000000000, 0.000000000000000000, 0.000000000000000000 ) ) ;
#325 = STYLED_ITEM ( 'NONE', ( #1784 ), #799 ) ;
#326 = AXIS2_PLACEMENT_3D ( 'NONE', #577, #1451, #1159 ) ;
#327 = DIRECTION ( 'NONE',  ( -1.000000000000000000, 0.000000000000000000, 0.000000000000000000 ) ) ;
#328 = UNCERTAINTY_MEASURE_WITH_UNIT (LENGTH_MEASURE( 1.000000000000000082E-05 ), #1463, 'distance_accuracy_value', 'NONE');
#329 = ORIENTED_EDGE ( 'NONE', *, *, #2098, .F. ) ;
#330 =( GEOMETRIC_REPRESENTATION_CONTEXT ( 3 ) GLOBAL_UNCERTAINTY_ASSIGNED_CONTEXT ( ( #160 ) ) GLOBAL_UNIT_ASSIGNED_CONTEXT ( ( #1956, #635, #1715 ) ) REPRESENTATION_CONTEXT ( 'NONE', 'WORKASPACE' ) );
#331 = CARTESIAN_POINT ( 'NONE',  ( 1.268619046028804043, 0.6317999999999996952, -0.9945922786051791809 ) ) ;
#332 =( LENGTH_UNIT ( ) NAMED_UNIT ( * ) SI_UNIT ( .MILLI., .METRE. ) );
#333 = ORIENTED_EDGE ( 'NONE', *, *, #1666, .F. ) ;
#334 = DIRECTION ( 'NONE',  ( 0.000000000000000000, 1.000000000000000000, 0.000000000000000000 ) ) ;
#335 = DIRECTION ( 'NONE',  ( 0.000000000000000000, 0.000000000000000000, 1.000000000000000000 ) ) ;
#336 = LINE ( 'NONE', #2540, #988 ) ;
#337 = CARTESIAN_POINT ( 'NONE',  ( 1.867658053610169233, 0.6318999999999996842, -0.9945922786051791809 ) ) ;
#338 = ORIENTED_EDGE ( 'NONE', *, *, #2626, .F. ) ;
#339 = EDGE_CURVE ( 'NONE', #2878, #321, #1211, .T. ) ;
#340 = EDGE_CURVE ( 'NONE', #3462, #87, #395, .T. ) ;
#341 = VECTOR ( 'NONE', #342, 1000.000000000000000 ) ;
#342 = DIRECTION ( 'NONE',  ( 0.000000000000000000, 0.000000000000000000, 1.000000000000000000 ) ) ;
#343 = ADVANCED_FACE ( 'NONE', ( #621 ), #1471, .F. ) ;
#344 = STYLED_ITEM ( 'NONE', ( #424 ), #2707 ) ;
#345 = EDGE_CURVE ( 'NONE', #889, #3462, #789, .T. ) ;
#346 = LINE ( 'NONE', #886, #2259 ) ;
#347 = SURFACE_SIDE_STYLE ('',( #1951 ) ) ;
#348 = ORIENTED_EDGE ( 'NONE', *, *, #177, .F. ) ;
#349 = EDGE_CURVE ( 'NONE', #1656, #2228, #2367, .T. ) ;
#350 = EDGE_CURVE ( 'NONE', #774, #3316, #767, .T. ) ;
#351 = DIRECTION ( 'NONE',  ( 0.000000000000000000, 1.000000000000000000, -0.000000000000000000 ) ) ;
#352 = CARTESIAN_POINT ( 'NONE',  ( 2.369919354838710301, 0.000000000000000000, 0.000000000000000000 ) ) ;
#353 = ORIENTED_EDGE ( 'NONE', *, *, #1383, .F. ) ;
#354 = SURFACE_STYLE_USAGE ( .BOTH. , #987 ) ;
#355 = CARTESIAN_POINT ( 'NONE',  ( 1.538527601647626142, 0.6317999999999996952, -0.9945922786051791809 ) ) ;
#356 =( NAMED_UNIT ( * ) PLANE_ANGLE_UNIT ( ) SI_UNIT ( $, .RADIAN. ) );
#357 = CARTESIAN_POINT ( 'NONE',  ( 2.143776874646535546, 0.6318999999999993511, -0.8532336393025896637 ) ) ;
#358 = LINE ( 'NONE', #2442, #1274 ) ;
#359 = DIRECTION ( 'NONE',  ( 0.9203523691216554115, 0.000000000000000000, -0.3910901643510818482 ) ) ;
#360 = ORIENTED_EDGE ( 'NONE', *, *, #2865, .T. ) ;
#361 = CARTESIAN_POINT ( 'NONE',  ( 1.867658053610169233, 0.6317999999999996952, -0.9215767395690224184 ) ) ;
#362 = DIRECTION ( 'NONE',  ( 0.000000000000000000, 1.000000000000000000, 0.000000000000000000 ) ) ;
#363 = CARTESIAN_POINT ( 'NONE',  ( 1.538527601647626142, 0.6317999999999996952, -0.7118750000000001465 ) ) ;
#364 = CARTESIAN_POINT ( 'NONE',  ( 1.148886037081338296, 0.6317999999999996952, -0.7118750000000001465 ) ) ;
#365 = ORIENTED_EDGE ( 'NONE', *, *, #803, .F. ) ;
#366 = LINE ( 'NONE', #1028, #2480 ) ;
#367 = CARTESIAN_POINT ( 'NONE',  ( -0.04129032258064516125, 0.000000000000000000, -1.700000000000000178 ) ) ;
#368 = ORIENTED_EDGE ( 'NONE', *, *, #1545, .T. ) ;
#369 = CARTESIAN_POINT ( 'NONE',  ( 2.369919354838710301, 0.5954000000000000403, 0.000000000000000000 ) ) ;
#370 = DIRECTION ( 'NONE',  ( 0.000000000000000000, 0.000000000000000000, 1.000000000000000000 ) ) ;
#371 = FACE_OUTER_BOUND ( 'NONE', #1281, .T. ) ;
#372 = ORIENTED_EDGE ( 'NONE', *, *, #3112, .T. ) ;
#373 = SURFACE_STYLE_FILL_AREA ( #3340 ) ;
#374 = DIRECTION ( 'NONE',  ( 0.000000000000000000, -1.000000000000000000, 0.000000000000000000 ) ) ;
#375 = CARTESIAN_POINT ( 'NONE',  ( 1.627582568898592985, 0.6317999999999996952, -0.7118750000000001465 ) ) ;
#376 = VECTOR ( 'NONE', #2557, 1000.000000000000000 ) ;
#377 = CARTESIAN_POINT ( 'NONE',  ( 1.538600510041130853, 0.6318999999999996842, -0.9189495764011172962 ) ) ;
#378 = PRESENTATION_LAYER_ASSIGNMENT (  '', '', ( #2753 ) ) ;
#379 = CARTESIAN_POINT ( 'NONE',  ( -5.973699860510934652E-18, -0.01819999999999994192, -1.700000000000000178 ) ) ;
#380 = PLANE ( 'NONE',  #2731 ) ;
#381 = DIRECTION ( 'NONE',  ( 0.000000000000000000, -1.000000000000000000, 0.000000000000000000 ) ) ;
#382 = VECTOR ( 'NONE', #1316, 1000.000000000000000 ) ;
#383 = PRESENTATION_LAYER_ASSIGNMENT (  '', '', ( #1006 ) ) ;
#384 = ORIENTED_EDGE ( 'NONE', *, *, #2711, .F. ) ;
#385 = EDGE_CURVE ( 'NONE', #3308, #1433, #465, .T. ) ;
#386 = STYLED_ITEM ( 'NONE', ( #2623 ), #1599 ) ;
#387 = LINE ( 'NONE', #1138, #3351 ) ;
#388 = EDGE_CURVE ( 'NONE', #3137, #1208, #2616, .T. ) ;
#389 = VECTOR ( 'NONE', #880, 1000.000000000000000 ) ;
#390 = ORIENTED_EDGE ( 'NONE', *, *, #1430, .F. ) ;
#391 = DIRECTION ( 'NONE',  ( -1.000000000000000000, 0.000000000000000000, 0.000000000000000000 ) ) ;
#392 = DIRECTION ( 'NONE',  ( 0.000000000000000000, 1.000000000000000000, 0.000000000000000000 ) ) ;
#393 = CARTESIAN_POINT ( 'NONE',  ( 1.244144700686121263, 0.6317999999999996952, -0.9945922786051791809 ) ) ;
#394 = MECHANICAL_DESIGN_GEOMETRIC_PRESENTATION_REPRESENTATION (  '', ( #1282 ), #2189 ) ;
#395 = LINE ( 'NONE', #3093, #926 ) ;
#396 = CARTESIAN_POINT ( 'NONE',  ( 1.867658053610169233, 0.6317999999999996952, -0.9215767395690224184 ) ) ;
#397 = VERTEX_POINT ( 'NONE', #483 ) ;
#398 = PLANE ( 'NONE',  #2490 ) ;
#399 = CARTESIAN_POINT ( 'NONE',  ( 1.627582568898592985, 0.6317999999999996952, -0.7118750000000001465 ) ) ;
#400 = ORIENTED_EDGE ( 'NONE', *, *, #2443, .T. ) ;
#401 = UNCERTAINTY_MEASURE_WITH_UNIT (LENGTH_MEASURE( 1.000000000000000082E-05 ), #481, 'distance_accuracy_value', 'NONE');
#402 = ORIENTED_EDGE ( 'NONE', *, *, #2329, .T. ) ;
#403 = ORIENTED_EDGE ( 'NONE', *, *, #405, .F. ) ;
#404 = CLOSED_SHELL ( 'NONE', ( #2321, #2049, #242, #151, #1092, #2096 ) ) ;
#405 = EDGE_CURVE ( 'NONE', #2600, #2420, #185, .T. ) ;
#406 = CARTESIAN_POINT ( 'NONE',  ( 1.449333604157881039, 0.6318999999999996842, -0.9945922786027430185 ) ) ;
#407 = ORIENTED_EDGE ( 'NONE', *, *, #3036, .T. ) ;
#408 = COLOUR_RGB ( '',0.7921568627450980005, 0.8196078431372548767, 0.9333333333333333481 ) ;
#409 = DIRECTION ( 'NONE',  ( 0.000000000000000000, 1.000000000000000000, 0.000000000000000000 ) ) ;
#410 = FILL_AREA_STYLE_COLOUR ( '', #776 ) ;
#411 = DIRECTION ( 'NONE',  ( -1.536438668180457334E-16, -1.000000000000000000, 0.000000000000000000 ) ) ;
#412 = ORIENTED_EDGE ( 'NONE', *, *, #2331, .T. ) ;
#413 = CARTESIAN_POINT ( 'NONE',  ( 0.5587096774193549553, 0.000000000000000000, -1.700000000000000178 ) ) ;
#414 = VECTOR ( 'NONE', #1544, 1000.000000000000000 ) ;
#415 = LINE ( 'NONE', #114, #3024 ) ;
#416 = EDGE_LOOP ( 'NONE', ( #1354, #427, #1605, #1102 ) ) ;
#417 = PLANE ( 'NONE',  #2416 ) ;
#418 = CARTESIAN_POINT ( 'NONE',  ( 1.551958472390177368, 0.6318999999999996842, -0.7898468139375424135 ) ) ;
#419 = LINE ( 'NONE', #2566, #2028 ) ;
#420 = ORIENTED_EDGE ( 'NONE', *, *, #447, .T. ) ;
#421 = FILL_AREA_STYLE_COLOUR ( '', #2424 ) ;
#422 = ORIENTED_EDGE ( 'NONE', *, *, #3236, .F. ) ;
#423 = DIRECTION ( 'NONE',  ( 0.000000000000000000, 0.000000000000000000, 1.000000000000000000 ) ) ;
#424 = PRESENTATION_STYLE_ASSIGNMENT (( #1556 ) ) ;
#425 = LINE ( 'NONE', #2574, #2284 ) ;
#426 = EDGE_CURVE ( 'NONE', #87, #2330, #505, .T. ) ;
#427 = ORIENTED_EDGE ( 'NONE', *, *, #1119, .F. ) ;
#428 =( NAMED_UNIT ( * ) SI_UNIT ( $, .STERADIAN. ) SOLID_ANGLE_UNIT ( ) );
#429 = DIRECTION ( 'NONE',  ( 1.000000000000000000, 3.282252670610414307E-16, 0.000000000000000000 ) ) ;
#430 = ORIENTED_EDGE ( 'NONE', *, *, #3463, .T. ) ;
#431 = CARTESIAN_POINT ( 'NONE',  ( 2.369919354838710301, 0.5954000000000000403, -1.700000000000000178 ) ) ;
#432 = CARTESIAN_POINT ( 'NONE',  ( 1.164281206933811541, 0.6317999999999996952, -0.7118750000000001465 ) ) ;
#433 =( NAMED_UNIT ( * ) SI_UNIT ( $, .STERADIAN. ) SOLID_ANGLE_UNIT ( ) );
#434 = COLOUR_RGB ( '',0.1019607843137254888, 0.1019607843137254888, 0.1019607843137254888 ) ;
#435 = DIRECTION ( 'NONE',  ( 0.000000000000000000, 1.000000000000000000, 0.000000000000000000 ) ) ;
#436 = ORIENTED_EDGE ( 'NONE', *, *, #1116, .T. ) ;
#437 =( GEOMETRIC_REPRESENTATION_CONTEXT ( 3 ) GLOBAL_UNCERTAINTY_ASSIGNED_CONTEXT ( ( #579 ) ) GLOBAL_UNIT_ASSIGNED_CONTEXT ( ( #3257, #2455, #1361 ) ) REPRESENTATION_CONTEXT ( 'NONE', 'WORKASPACE' ) );
#438 = MANIFOLD_SOLID_BREP ( 'Scale1[2]', #1966 ) ;
#439 = LINE ( 'NONE', #2045, #2597 ) ;
#440 = LINE ( 'NONE', #233, #2755 ) ;
#441 = SURFACE_STYLE_FILL_AREA ( #1680 ) ;
#442 = AXIS2_PLACEMENT_3D ( 'NONE', #1417, #3054, #2768 ) ;
#443 = PRESENTATION_LAYER_ASSIGNMENT (  '', '', ( #1948 ) ) ;
#444 = ORIENTED_EDGE ( 'NONE', *, *, #449, .T. ) ;
#445 = AXIS2_PLACEMENT_3D ( 'NONE', #1848, #2636, #2400 ) ;
#446 = DIRECTION ( 'NONE',  ( -1.000000000000000000, 0.000000000000000000, 0.000000000000000000 ) ) ;
#447 = EDGE_CURVE ( 'NONE', #1433, #1204, #3173, .T. ) ;
#448 = ORIENTED_EDGE ( 'NONE', *, *, #190, .F. ) ;
#449 = EDGE_CURVE ( 'NONE', #1565, #793, #2640, .T. ) ;
#450 = ADVANCED_FACE ( 'NONE', ( #3212 ), #1850, .T. ) ;
#451 = EDGE_CURVE ( 'NONE', #1139, #1462, #19, .T. ) ;
#452 = DIRECTION ( 'NONE',  ( 0.000000000000000000, 0.000000000000000000, -1.000000000000000000 ) ) ;
#453 = CARTESIAN_POINT ( 'NONE',  ( 2.143776874646535546, 0.6317999999999996952, -0.9474727321709829342 ) ) ;
#454 = VERTEX_POINT ( 'NONE', #849 ) ;
#455 = COLOUR_RGB ( '',0.8509803921568627194, 0.8509803921568627194, 0.8509803921568627194 ) ;
#456 = ORIENTED_EDGE ( 'NONE', *, *, #612, .F. ) ;
#457 = MANIFOLD_SOLID_BREP ( 'Boss-Extrude4', #459 ) ;
#458 = DIRECTION ( 'NONE',  ( 0.000000000000000000, 0.000000000000000000, -1.000000000000000000 ) ) ;
#459 = CLOSED_SHELL ( 'NONE', ( #3344, #3270, #1840, #450, #1590, #547, #1256, #2025, #1334, #3239 ) ) ;
#460 = ORIENTED_EDGE ( 'NONE', *, *, #1579, .F. ) ;
#461 = EDGE_CURVE ( 'NONE', #1243, #3360, #1319, .T. ) ;
#462 = CARTESIAN_POINT ( 'NONE',  ( 3.117419354838710355, 0.6135999999999998122, 0.000000000000000000 ) ) ;
#463 = PLANE ( 'NONE',  #2293 ) ;
#464 = AXIS2_PLACEMENT_3D ( 'NONE', #217, #1763, #998 ) ;
#465 = LINE ( 'NONE', #1826, #1913 ) ;
#466 = SURFACE_STYLE_USAGE ( .BOTH. , #1797 ) ;
#467 = CARTESIAN_POINT ( 'NONE',  ( 1.538527601647626142, 0.6318999999999996842, -0.7118750000000001465 ) ) ;
#468 = LINE ( 'NONE', #1873, #1622 ) ;
#469 = FACE_OUTER_BOUND ( 'NONE', #557, .T. ) ;
#470 = ORIENTED_EDGE ( 'NONE', *, *, #1517, .F. ) ;
#471 = FILL_AREA_STYLE ('',( #3221 ) ) ;
#472 = VERTEX_POINT ( 'NONE', #883 ) ;
#473 =( NAMED_UNIT ( * ) SI_UNIT ( $, .STERADIAN. ) SOLID_ANGLE_UNIT ( ) );
#474 = FILL_AREA_STYLE_COLOUR ( '', #2534 ) ;
#475 = CARTESIAN_POINT ( 'NONE',  ( 1.867658053610169233, 0.6318999999999996842, -0.9945922786051791809 ) ) ;
#476 = PRESENTATION_STYLE_ASSIGNMENT (( #1416 ) ) ;
#477 = ORIENTED_EDGE ( 'NONE', *, *, #1686, .T. ) ;
#478 = CARTESIAN_POINT ( 'NONE',  ( 1.979744987800300393, 0.6318999999999996842, -0.7893308167081588556 ) ) ;
#479 = DIRECTION ( 'NONE',  ( 0.000000000000000000, 0.000000000000000000, 1.000000000000000000 ) ) ;
#480 = PLANE ( 'NONE',  #1064 ) ;
#481 =( LENGTH_UNIT ( ) NAMED_UNIT ( * ) SI_UNIT ( .MILLI., .METRE. ) );
#482 = ORIENTED_EDGE ( 'NONE', *, *, #385, .F. ) ;
#483 = CARTESIAN_POINT ( 'NONE',  ( 1.529296437207103398, 0.6318999999999996842, -0.8185742333776780955 ) ) ;
#484 = DIRECTION ( 'NONE',  ( 0.000000000000000000, 0.000000000000000000, 1.000000000000000000 ) ) ;
#485 = LINE ( 'NONE', #1025, #2813 ) ;
#486 = DIRECTION ( 'NONE',  ( -1.000000000000000000, 0.000000000000000000, -1.616929470395932369E-15 ) ) ;
#487 = FACE_OUTER_BOUND ( 'NONE', #647, .T. ) ;
#488 = ORIENTED_EDGE ( 'NONE', *, *, #1631, .T. ) ;
#489 =( NAMED_UNIT ( * ) SI_UNIT ( $, .STERADIAN. ) SOLID_ANGLE_UNIT ( ) );
#490 = EDGE_CURVE ( 'NONE', #669, #3374, #575, .T. ) ;
#491 = EDGE_LOOP ( 'NONE', ( #3019, #96, #1232, #420 ) ) ;
#492 = EDGE_CURVE ( 'NONE', #1479, #1565, #600, .T. ) ;
#493 = AXIS2_PLACEMENT_3D ( 'NONE', #2029, #3127, #2009 ) ;
#494 = DIRECTION ( 'NONE',  ( 0.000000000000000000, 0.000000000000000000, 1.000000000000000000 ) ) ;
#495 = DIRECTION ( 'NONE',  ( 0.000000000000000000, 0.000000000000000000, 1.000000000000000000 ) ) ;
#496 = EDGE_CURVE ( 'NONE', #3130, #971, #313, .T. ) ;
#497 = ORIENTED_EDGE ( 'NONE', *, *, #1545, .F. ) ;
#498 = CARTESIAN_POINT ( 'NONE',  ( 1.284470047405829929, 0.6317999999999996952, -0.8207132955265563634 ) ) ;
#499 = DIRECTION ( 'NONE',  ( 1.000000000000000000, -2.900875377887637630E-16, 0.000000000000000000 ) ) ;
#500 = AXIS2_PLACEMENT_3D ( 'NONE', #148, #370, #2519 ) ;
#501 = VECTOR ( 'NONE', #1777, 1000.000000000000000 ) ;
#502 =( NAMED_UNIT ( * ) PLANE_ANGLE_UNIT ( ) SI_UNIT ( $, .RADIAN. ) );
#503 = VECTOR ( 'NONE', #1324, 1000.000000000000000 ) ;
#504 = ORIENTED_EDGE ( 'NONE', *, *, #2362, .T. ) ;
#505 = LINE ( 'NONE', #1251, #3475 ) ;
#506 = VECTOR ( 'NONE', #691, 1000.000000000000000 ) ;
#507 = CARTESIAN_POINT ( 'NONE',  ( 3.158709677419355266, 0.6135999999999998122, 0.000000000000000000 ) ) ;
#508 = DIRECTION ( 'NONE',  ( 0.000000000000000000, 0.000000000000000000, -1.000000000000000000 ) ) ;
#509 = PLANE ( 'NONE',  #2192 ) ;
#510 = VERTEX_POINT ( 'NONE', #3020 ) ;
#511 =( NAMED_UNIT ( * ) SI_UNIT ( $, .STERADIAN. ) SOLID_ANGLE_UNIT ( ) );
#512 = ORIENTED_EDGE ( 'NONE', *, *, #641, .T. ) ;
#513 = VECTOR ( 'NONE', #2502, 1000.000000000000000 ) ;
#514 = LINE ( 'NONE', #1260, #271 ) ;
#515 =( GEOMETRIC_REPRESENTATION_CONTEXT ( 3 ) GLOBAL_UNCERTAINTY_ASSIGNED_CONTEXT ( ( #186 ) ) GLOBAL_UNIT_ASSIGNED_CONTEXT ( ( #3350, #2570, #3046 ) ) REPRESENTATION_CONTEXT ( 'NONE', 'WORKASPACE' ) );
#516 = EDGE_LOOP ( 'NONE', ( #329, #3008, #1151, #1188 ) ) ;
#517 = CARTESIAN_POINT ( 'NONE',  ( 1.979744987800300171, 0.6317999999999998062, -0.9171364618970205829 ) ) ;
#518 =( GEOMETRIC_REPRESENTATION_CONTEXT ( 3 ) GLOBAL_UNCERTAINTY_ASSIGNED_CONTEXT ( ( #1348 ) ) GLOBAL_UNIT_ASSIGNED_CONTEXT ( ( #1969, #1652, #1927 ) ) REPRESENTATION_CONTEXT ( 'NONE', 'WORKASPACE' ) );
#519 = FACE_OUTER_BOUND ( 'NONE', #1551, .T. ) ;
#520 = COLOUR_RGB ( '',0.8980392156862745390, 0.9215686274509803377, 0.9294117647058823817 ) ;
#521 = ORIENTED_EDGE ( 'NONE', *, *, #447, .F. ) ;
#522 = FILL_AREA_STYLE ('',( #2948 ) ) ;
#523 = VECTOR ( 'NONE', #2584, 1000.000000000000000 ) ;
#524 = FILL_AREA_STYLE_COLOUR ( '', #214 ) ;
#525 = VECTOR ( 'NONE', #1870, 1000.000000000000000 ) ;
#526 = FACE_OUTER_BOUND ( 'NONE', #416, .T. ) ;
#527 = EDGE_CURVE ( 'NONE', #3403, #303, #2440, .T. ) ;
#528 =( LENGTH_UNIT ( ) NAMED_UNIT ( * ) SI_UNIT ( .MILLI., .METRE. ) );
#529 = CARTESIAN_POINT ( 'NONE',  ( 2.508709677419355355, 0.6136000000000000343, -1.700000000000000178 ) ) ;
#530 = CARTESIAN_POINT ( 'NONE',  ( 1.743262369448356219, 0.6317999999999996952, -0.8216764980901485327 ) ) ;
#531 = EDGE_CURVE ( 'NONE', #76, #2928, #1373, .T. ) ;
#532 = CARTESIAN_POINT ( 'NONE',  ( -1.779977131871853882E-16, 0.6135999999999998122, -1.700000000000000178 ) ) ;
#533 = EDGE_LOOP ( 'NONE', ( #2426, #2201, #66, #3388 ) ) ;
#534 = CARTESIAN_POINT ( 'NONE',  ( 1.949504097186375740, 0.6317999999999995842, -0.9810392844914512800 ) ) ;
#535 = PRODUCT_CONTEXT ( 'NONE', #2161, 'mechanical' ) ;
#536 = ORIENTED_EDGE ( 'NONE', *, *, #756, .T. ) ;
#537 = SURFACE_STYLE_FILL_AREA ( #826 ) ;
#538 =( LENGTH_UNIT ( ) NAMED_UNIT ( * ) SI_UNIT ( .MILLI., .METRE. ) );
#539 = ORIENTED_EDGE ( 'NONE', *, *, #1020, .T. ) ;
#540 = EDGE_CURVE ( 'NONE', #2937, #2469, #50, .T. ) ;
#541 = EDGE_CURVE ( 'NONE', #2, #2026, #2023, .T. ) ;
#542 = DIRECTION ( 'NONE',  ( 0.000000000000000000, 0.000000000000000000, 1.000000000000000000 ) ) ;
#543 = LINE ( 'NONE', #2704, #389 ) ;
#544 = DIRECTION ( 'NONE',  ( -1.000000000000000000, 0.000000000000000000, -0.000000000000000000 ) ) ;
#545 = CARTESIAN_POINT ( 'NONE',  ( 1.743262369448356219, 0.6317999999999996952, -0.8844702972540807728 ) ) ;
#546 = CARTESIAN_POINT ( 'NONE',  ( 1.502722857736906503, 0.6318999999999997952, -0.9189495764011178514 ) ) ;
#547 = ADVANCED_FACE ( 'NONE', ( #1702 ), #398, .T. ) ;
#548 = DIRECTION ( 'NONE',  ( 0.4560961842850314585, 0.000000000000000000, -0.8899304864317406638 ) ) ;
#549 = CARTESIAN_POINT ( 'NONE',  ( 1.050197775985987514, 0.6318999999999996842, -0.9945922786051791809 ) ) ;
#550 = VERTEX_POINT ( 'NONE', #2771 ) ;
#551 = PLANE ( 'NONE',  #17 ) ;
#552 = STYLED_ITEM ( 'NONE', ( #2145 ), #2795 ) ;
#553 = EDGE_LOOP ( 'NONE', ( #1654, #810, #2580, #1110 ) ) ;
#554 = DIRECTION ( 'NONE',  ( 0.3878360833693558773, 0.000000000000000000, -0.9217283615234577177 ) ) ;
#555 = SURFACE_STYLE_USAGE ( .BOTH. , #2078 ) ;
#556 = VECTOR ( 'NONE', #1982, 1000.000000000000000 ) ;
#557 = EDGE_LOOP ( 'NONE', ( #872, #44, #2487, #2094, #92, #539, #2961, #1114, #3368, #1335, #765, #12 ) ) ;
#558 = VECTOR ( 'NONE', #554, 1000.000000000000114 ) ;
#559 = DIRECTION ( 'NONE',  ( 0.3878360833693558773, 0.000000000000000000, 0.9217283615234577177 ) ) ;
#560 = STYLED_ITEM ( 'NONE', ( #2515 ), #1888 ) ;
#561 = CARTESIAN_POINT ( 'NONE',  ( 1.876194882181912993, 0.6318999999999996842, -0.8532336393025895527 ) ) ;
#562 = AXIS2_PLACEMENT_3D ( 'NONE', #62, #1129, #294 ) ;
#563 = VECTOR ( 'NONE', #2388, 1000.000000000000000 ) ;
#564 = ORIENTED_EDGE ( 'NONE', *, *, #599, .T. ) ;
#565 = EDGE_CURVE ( 'NONE', #1033, #1314, #2489, .T. ) ;
#566 = ORIENTED_EDGE ( 'NONE', *, *, #2834, .F. ) ;
#567 = CARTESIAN_POINT ( 'NONE',  ( 1.854030687919280274, 0.6317999999999996952, -0.8216764980901485327 ) ) ;
#568 =( LENGTH_UNIT ( ) NAMED_UNIT ( * ) SI_UNIT ( .MILLI., .METRE. ) );
#569 = EDGE_CURVE ( 'NONE', #1834, #2034, #3361, .T. ) ;
#570 = ORIENTED_EDGE ( 'NONE', *, *, #828, .T. ) ;
#571 = SURFACE_STYLE_USAGE ( .BOTH. , #295 ) ;
#572 = FILL_AREA_STYLE ('',( #1883 ) ) ;
#573 = EDGE_CURVE ( 'NONE', #2653, #1462, #941, .T. ) ;
#574 = ORIENTED_EDGE ( 'NONE', *, *, #496, .T. ) ;
#575 = LINE ( 'NONE', #1386, #2377 ) ;
#576 = LINE ( 'NONE', #2701, #1061 ) ;
#577 = CARTESIAN_POINT ( 'NONE',  ( 0.9696320752089526707, 0.6317999999999996952, -0.9945922786051791809 ) ) ;
#578 = PLANE ( 'NONE',  #808 ) ;
#579 = UNCERTAINTY_MEASURE_WITH_UNIT (LENGTH_MEASURE( 1.000000000000000082E-05 ), #3257, 'distance_accuracy_value', 'NONE');
#580 = VECTOR ( 'NONE', #3366, 1000.000000000000000 ) ;
#581 = FILL_AREA_STYLE_COLOUR ( '', #1500 ) ;
#582 = ORIENTED_EDGE ( 'NONE', *, *, #1446, .F. ) ;
#583 = MECHANICAL_DESIGN_GEOMETRIC_PRESENTATION_REPRESENTATION (  '', ( #2737 ), #1300 ) ;
#584 = LINE ( 'NONE', #2143, #2137 ) ;
#585 = ADVANCED_FACE ( 'NONE', ( #2784 ), #1985, .T. ) ;
#586 = ORIENTED_EDGE ( 'NONE', *, *, #3172, .T. ) ;
#587 = SURFACE_STYLE_USAGE ( .BOTH. , #3017 ) ;
#588 = CARTESIAN_POINT ( 'NONE',  ( 1.867658053610169233, 0.6317999999999996952, -0.9945922786051791809 ) ) ;
#589 = DIRECTION ( 'NONE',  ( -1.536438668180457580E-16, -1.000000000000000000, 0.000000000000000000 ) ) ;
#590 = DIRECTION ( 'NONE',  ( -1.000000000000000000, 0.000000000000000000, 0.000000000000000000 ) ) ;
#591 = EDGE_LOOP ( 'NONE', ( #3468, #1510, #2890, #1890, #2301, #482, #955, #2709, #287 ) ) ;
#592 =( NAMED_UNIT ( * ) SI_UNIT ( $, .STERADIAN. ) SOLID_ANGLE_UNIT ( ) );
#593 = DIRECTION ( 'NONE',  ( 0.000000000000000000, 0.000000000000000000, -1.000000000000000000 ) ) ;
#594 = VERTEX_POINT ( 'NONE', #1435 ) ;
#595 = LINE ( 'NONE', #331, #2012 ) ;
#596 = SURFACE_STYLE_USAGE ( .BOTH. , #1992 ) ;
#597 = ORIENTED_EDGE ( 'NONE', *, *, #3108, .T. ) ;
#598 = APPLICATION_PROTOCOL_DEFINITION ( 'draft international standard', 'automotive_design', 1998, #2551 ) ;
#599 = EDGE_CURVE ( 'NONE', #682, #2777, #679, .T. ) ;
#600 =( BOUNDED_CURVE ( )  B_SPLINE_CURVE ( 3, ( #3288, #866, #2683, #1887 ),
 .UNSPECIFIED., .F., .T. ) 
 B_SPLINE_CURVE_WITH_KNOTS ( ( 4, 4 ),
 ( 0.5357290076124406886, 1.000000000000000000 ),
 .UNSPECIFIED. ) 
 CURVE ( )  GEOMETRIC_REPRESENTATION_ITEM ( )  RATIONAL_B_SPLINE_CURVE ( ( 0.9558867503804139298, 0.7795185758902162254, 0.7942229924300782118, 1.000000000000000000 ) ) 
 REPRESENTATION_ITEM ( '' )  );
#601 = ORIENTED_EDGE ( 'NONE', *, *, #541, .F. ) ;
#602 = PLANE ( 'NONE',  #2725 ) ;
#603 = DIRECTION ( 'NONE',  ( 1.000000000000000000, 0.000000000000000000, 0.000000000000000000 ) ) ;
#604 = EDGE_CURVE ( 'NONE', #2110, #2330, #2238, .T. ) ;
#605 = CARTESIAN_POINT ( 'NONE',  ( 3.117419354838710355, 0.5954000000000000403, -1.700000000000000178 ) ) ;
#606 = EDGE_CURVE ( 'NONE', #2330, #2758, #3341, .T. ) ;
#607 = ORIENTED_EDGE ( 'NONE', *, *, #565, .T. ) ;
#608 = SURFACE_STYLE_FILL_AREA ( #2271 ) ;
#609 = PLANE ( 'NONE',  #2944 ) ;
#610 = VECTOR ( 'NONE', #2059, 1000.000000000000000 ) ;
#611 = VECTOR ( 'NONE', #2735, 1000.000000000000000 ) ;
#612 = EDGE_CURVE ( 'NONE', #2148, #669, #1964, .T. ) ;
#613 = CARTESIAN_POINT ( 'NONE',  ( 0.000000000000000000, 0.000000000000000000, 0.000000000000000000 ) ) ;
#614 = UNCERTAINTY_MEASURE_WITH_UNIT (LENGTH_MEASURE( 1.000000000000000082E-05 ), #844, 'distance_accuracy_value', 'NONE');
#615 = AXIS2_PLACEMENT_3D ( 'NONE', #2243, #3084, #3387 ) ;
#616 = EDGE_LOOP ( 'NONE', ( #2826, #2546, #512, #3454 ) ) ;
#617 =( GEOMETRIC_REPRESENTATION_CONTEXT ( 3 ) GLOBAL_UNCERTAINTY_ASSIGNED_CONTEXT ( ( #401 ) ) GLOBAL_UNIT_ASSIGNED_CONTEXT ( ( #481, #502, #1301 ) ) REPRESENTATION_CONTEXT ( 'NONE', 'WORKASPACE' ) );
#618 = DIRECTION ( 'NONE',  ( 0.000000000000000000, 0.000000000000000000, 1.000000000000000000 ) ) ;
#619 = ORIENTED_EDGE ( 'NONE', *, *, #288, .T. ) ;
#620 = CARTESIAN_POINT ( 'NONE',  ( 1.106888387947535968, 0.6317999999999996952, -0.8816576366860734426 ) ) ;
#621 = FACE_OUTER_BOUND ( 'NONE', #2849, .T. ) ;
#622 = CARTESIAN_POINT ( 'NONE',  ( 1.164281206933811541, 0.6317999999999996952, -0.7118750000000001465 ) ) ;
#623 = ORIENTED_EDGE ( 'NONE', *, *, #986, .F. ) ;
#624 = CARTESIAN_POINT ( 'NONE',  ( 1.538600510041130853, 0.6317999999999996952, -0.8536267486281551298 ) ) ;
#625 = SURFACE_SIDE_STYLE ('',( #608 ) ) ;
#626 = LINE ( 'NONE', #2667, #3232 ) ;
#627 = VECTOR ( 'NONE', #1378, 1000.000000000000000 ) ;
#628 = VECTOR ( 'NONE', #618, 1000.000000000000000 ) ;
#629 = ORIENTED_EDGE ( 'NONE', *, *, #2672, .F. ) ;
#630 = LINE ( 'NONE', #908, #3472 ) ;
#631 = CARTESIAN_POINT ( 'NONE',  ( 2.143776874646535546, 0.6318999999999996842, -0.8532336393025896637 ) ) ;
#632 = CARTESIAN_POINT ( 'NONE',  ( 1.627582568898590765, 0.6318999999999996842, -0.9189495764011172962 ) ) ;
#633 = COLOUR_RGB ( '',0.1019607843137254888, 0.1019607843137254888, 0.1019607843137254888 ) ;
#634 = EDGE_LOOP ( 'NONE', ( #168, #2164, #18, #2128, #3184, #79, #2107, #2905 ) ) ;
#635 =( NAMED_UNIT ( * ) PLANE_ANGLE_UNIT ( ) SI_UNIT ( $, .RADIAN. ) );
#636 = SURFACE_SIDE_STYLE ('',( #3050 ) ) ;
#637 = SURFACE_STYLE_USAGE ( .BOTH. , #2250 ) ;
#638 = CARTESIAN_POINT ( 'NONE',  ( 1.627582568898592985, 0.6318999999999996842, -0.8862684686757379415 ) ) ;
#639 = ORIENTED_EDGE ( 'NONE', *, *, #2507, .F. ) ;
#640 = DIRECTION ( 'NONE',  ( 0.000000000000000000, 0.000000000000000000, -1.000000000000000000 ) ) ;
#641 = EDGE_CURVE ( 'NONE', #2228, #667, #2829, .T. ) ;
#642 = EDGE_CURVE ( 'NONE', #2692, #847, #762, .T. ) ;
#643 = CARTESIAN_POINT ( 'NONE',  ( 1.404736605415314532, 0.6318999999999996842, -0.7589945464341966153 ) ) ;
#644 = EDGE_CURVE ( 'NONE', #3499, #704, #3486, .T. ) ;
#645 = UNCERTAINTY_MEASURE_WITH_UNIT (LENGTH_MEASURE( 1.000000000000000082E-05 ), #1145, 'distance_accuracy_value', 'NONE');
#646 = DIRECTION ( 'NONE',  ( 1.000000000000000000, 0.000000000000000000, 0.000000000000000000 ) ) ;
#647 = EDGE_LOOP ( 'NONE', ( #1825, #832, #2854, #1774 ) ) ;
#648 = DIRECTION ( 'NONE',  ( 0.000000000000000000, 0.000000000000000000, 1.000000000000000000 ) ) ;
#649 = PLANE ( 'NONE',  #493 ) ;
#650 = ORIENTED_EDGE ( 'NONE', *, *, #32, .T. ) ;
#651 = DIRECTION ( 'NONE',  ( -1.000000000000000000, 0.000000000000000000, 0.000000000000000000 ) ) ;
#652 = CARTESIAN_POINT ( 'NONE',  ( 1.538600510041130853, 0.6317999999999996952, -0.9189495764011172962 ) ) ;
#653 = SURFACE_STYLE_FILL_AREA ( #94 ) ;
#654 = FILL_AREA_STYLE ('',( #2500 ) ) ;
#655 = CARTESIAN_POINT ( 'NONE',  ( 1.867658053610169233, 0.6318999999999996842, -0.9215767395690224184 ) ) ;
#656 = ORIENTED_EDGE ( 'NONE', *, *, #3151, .F. ) ;
#657 = SURFACE_STYLE_USAGE ( .BOTH. , #1434 ) ;
#658 = PRESENTATION_STYLE_ASSIGNMENT (( #2803 ) ) ;
#659 = FILL_AREA_STYLE_COLOUR ( '', #520 ) ;
#660 = MECHANICAL_DESIGN_GEOMETRIC_PRESENTATION_REPRESENTATION (  '', ( #552 ), #3322 ) ;
#661 = CARTESIAN_POINT ( 'NONE',  ( 2.070467659642072356, 0.6318999999999995731, -0.7254279941137279364 ) ) ;
#662 = AXIS2_PLACEMENT_3D ( 'NONE', #1594, #2690, #2140 ) ;
#663 = ADVANCED_FACE ( 'NONE', ( #2654 ), #2996, .F. ) ;
#664 = VECTOR ( 'NONE', #2796, 1000.000000000000000 ) ;
#665 = LINE ( 'NONE', #2642, #1833 ) ;
#666 = DIRECTION ( 'NONE',  ( 0.000000000000000000, 0.000000000000000000, -1.000000000000000000 ) ) ;
#667 = VERTEX_POINT ( 'NONE', #701 ) ;
#668 = LINE ( 'NONE', #2509, #628 ) ;
#669 = VERTEX_POINT ( 'NONE', #1283 ) ;
#670 = COLOUR_RGB ( '',0.1019607843137254888, 0.1019607843137254888, 0.1019607843137254888 ) ;
#671 = CARTESIAN_POINT ( 'NONE',  ( 1.404736605415314310, 0.6317999999999995842, -0.8532336393025896637 ) ) ;
#672 = ORIENTED_EDGE ( 'NONE', *, *, #2867, .F. ) ;
#673 = FACE_OUTER_BOUND ( 'NONE', #165, .T. ) ;
#674 = SURFACE_STYLE_FILL_AREA ( #1193 ) ;
#675 = CARTESIAN_POINT ( 'NONE',  ( 1.867658053610169233, 0.6318999999999996842, -0.7118750000000001465 ) ) ;
#676 = AXIS2_PLACEMENT_3D ( 'NONE', #1519, #3217, #2603 ) ;
#677 = PLANE ( 'NONE',  #326 ) ;
#678 = ORIENTED_EDGE ( 'NONE', *, *, #2062, .T. ) ;
#679 = LINE ( 'NONE', #1144, #1868 ) ;
#680 = DIRECTION ( 'NONE',  ( 0.000000000000000000, -1.000000000000000000, 0.000000000000000000 ) ) ;
#681 = EDGE_CURVE ( 'NONE', #2893, #3313, #1233, .T. ) ;
#682 = VERTEX_POINT ( 'NONE', #3418 ) ;
#683 = DIRECTION ( 'NONE',  ( 1.000000000000000000, 0.000000000000000000, 0.000000000000000000 ) ) ;
#684 = CARTESIAN_POINT ( 'NONE',  ( 1.259927955283916434, 0.6318999999999996842, -0.7519638040136090718 ) ) ;
#685 = ORIENTED_EDGE ( 'NONE', *, *, #461, .T. ) ;
#686 = FILL_AREA_STYLE ('',( #3128 ) ) ;
#687 = VECTOR ( 'NONE', #3220, 1000.000000000000000 ) ;
#688 = SURFACE_SIDE_STYLE ('',( #144 ) ) ;
#689 = VECTOR ( 'NONE', #9, 1000.000000000000000 ) ;
#690 = ORIENTED_EDGE ( 'NONE', *, *, #642, .T. ) ;
#691 = DIRECTION ( 'NONE',  ( 1.000000000000000000, 0.000000000000000000, 0.000000000000000000 ) ) ;
#692 = FILL_AREA_STYLE ('',( #3048 ) ) ;
#693 = PRESENTATION_LAYER_ASSIGNMENT (  '', '', ( #868 ) ) ;
#694 = DIRECTION ( 'NONE',  ( 0.000000000000000000, 0.000000000000000000, -1.000000000000000000 ) ) ;
#695 = PLANE ( 'NONE',  #1058 ) ;
#696 = PLANE ( 'NONE',  #3053 ) ;
#697 = ADVANCED_FACE ( 'NONE', ( #2307 ), #2632, .F. ) ;
#698 = MECHANICAL_DESIGN_GEOMETRIC_PRESENTATION_REPRESENTATION (  '', ( #989 ), #78 ) ;
#699 = ORIENTED_EDGE ( 'NONE', *, *, #1592, .T. ) ;
#700 =( LENGTH_UNIT ( ) NAMED_UNIT ( * ) SI_UNIT ( .MILLI., .METRE. ) );
#701 = CARTESIAN_POINT ( 'NONE',  ( 1.867658053610169233, 0.6317999999999996952, -0.7118750000000001465 ) ) ;
#702 =( BOUNDED_SURFACE ( )  B_SPLINE_SURFACE ( 3, 1, ( 
 ( #1847, #1583 ),
 ( #840, #1107 ),
 ( #2180, #2146 ),
 ( #2809, #2276 ) ),
 .UNSPECIFIED., .F., .F., .F. ) 
 B_SPLINE_SURFACE_WITH_KNOTS ( ( 4, 4 ),
 ( 2, 2 ),
 ( 0.000000000000000000, 0.2499999999999518163 ),
 ( 0.000000000000000000, 1.000000000000000000 ),
 .UNSPECIFIED. ) 
 GEOMETRIC_REPRESENTATION_ITEM ( )  RATIONAL_B_SPLINE_SURFACE ( (
 ( 1.000000000000000000, 1.000000000000000000),
 ( 0.6666666666667309116, 0.6666666666667309116),
 ( 0.5000000000000642819, 0.5000000000000642819),
 ( 0.5000000000000000000, 0.5000000000000000000) ) ) 
 REPRESENTATION_ITEM ( '' )  SURFACE ( )  );
#703 =( NAMED_UNIT ( * ) PLANE_ANGLE_UNIT ( ) SI_UNIT ( $, .RADIAN. ) );
#704 = VERTEX_POINT ( 'NONE', #2868 ) ;
#705 = CARTESIAN_POINT ( 'NONE',  ( 1.404736605415314754, 0.6318999999999996842, -0.8532336393025895527 ) ) ;
#706 = DIRECTION ( 'NONE',  ( 0.000000000000000000, 1.000000000000000000, 0.000000000000000000 ) ) ;
#707 = DIRECTION ( 'NONE',  ( 0.000000000000000000, 1.000000000000000000, 0.000000000000000000 ) ) ;
#708 = SURFACE_STYLE_FILL_AREA ( #686 ) ;
#709 = CARTESIAN_POINT ( 'NONE',  ( 1.538527601644167131, 0.6318999999999996842, -0.9945922786051796249 ) ) ;
#710 = ORIENTED_EDGE ( 'NONE', *, *, #1836, .F. ) ;
#711 =( NAMED_UNIT ( * ) PLANE_ANGLE_UNIT ( ) SI_UNIT ( $, .RADIAN. ) );
#712 = DIRECTION ( 'NONE',  ( 0.000000000000000000, -1.000000000000000000, 0.000000000000000000 ) ) ;
#713 = ADVANCED_FACE ( 'NONE', ( #2075 ), #2039, .T. ) ;
#714 = ADVANCED_FACE ( 'NONE', ( #2342 ), #2327, .F. ) ;
#715 = EDGE_LOOP ( 'NONE', ( #2659, #251, #1308, #1367 ) ) ;
#716 = EDGE_CURVE ( 'NONE', #227, #210, #2578, .T. ) ;
#717 = CARTESIAN_POINT ( 'NONE',  ( 2.369919354838710301, 0.6136000000000000343, -1.700000000000000178 ) ) ;
#718 = PRESENTATION_STYLE_ASSIGNMENT (( #2599 ) ) ;
#719 = EDGE_CURVE ( 'NONE', #303, #2600, #1263, .T. ) ;
#720 = ORIENTED_EDGE ( 'NONE', *, *, #3153, .T. ) ;
#721 = EDGE_CURVE ( 'NONE', #1656, #120, #2359, .T. ) ;
#722 = CARTESIAN_POINT ( 'NONE',  ( 1.743262369448356219, 0.6317999999999996952, -0.9215767395690224184 ) ) ;
#723 = FACE_OUTER_BOUND ( 'NONE', #2695, .T. ) ;
#724 = DIRECTION ( 'NONE',  ( -1.000000000000000000, 0.000000000000000000, -1.616929470395932369E-15 ) ) ;
#725 = ORIENTED_EDGE ( 'NONE', *, *, #1343, .T. ) ;
#726 = COLOUR_RGB ( '',0.1019607843137254888, 0.1019607843137254888, 0.1019607843137254888 ) ;
#727 = EDGE_CURVE ( 'NONE', #3496, #191, #2680, .T. ) ;
#728 = EDGE_LOOP ( 'NONE', ( #1342, #566, #2162, #2974 ) ) ;
#729 = AXIS2_PLACEMENT_3D ( 'NONE', #2648, #1595, #1815 ) ;
#730 =( NAMED_UNIT ( * ) SI_UNIT ( $, .STERADIAN. ) SOLID_ANGLE_UNIT ( ) );
#731 = CARTESIAN_POINT ( 'NONE',  ( -0.01847750982451878965, 0.6317999999999994731, -0.06444191779597348291 ) ) ;
#732 = EDGE_CURVE ( 'NONE', #2142, #2381, #2397, .T. ) ;
#733 = VECTOR ( 'NONE', #2964, 1000.000000000000000 ) ;
#734 = ORIENTED_EDGE ( 'NONE', *, *, #1017, .T. ) ;
#735 = VECTOR ( 'NONE', #816, 1000.000000000000000 ) ;
#736 = CARTESIAN_POINT ( 'NONE',  ( 1.476774743695512981, 0.6318999999999997952, -0.8152998331602612225 ) ) ;
#737 = ORIENTED_EDGE ( 'NONE', *, *, #3244, .T. ) ;
#738 = PRESENTATION_STYLE_ASSIGNMENT (( #202 ) ) ;
#739 = CARTESIAN_POINT ( 'NONE',  ( 1.404736605415314310, 0.6318999999999996842, -0.8532336393025896637 ) ) ;
#740 = CARTESIAN_POINT ( 'NONE',  ( 1.664898715595232614, 0.6318999999999996842, -0.7118750000000001465 ) ) ;
#741 = VECTOR ( 'NONE', #409, 1000.000000000000000 ) ;
#742 = DIRECTION ( 'NONE',  ( 0.4560961842850315695, 0.000000000000000000, -0.8899304864317406638 ) ) ;
#743 = VERTEX_POINT ( 'NONE', #1910 ) ;
#744 = FACE_OUTER_BOUND ( 'NONE', #1066, .T. ) ;
#745 = DIRECTION ( 'NONE',  ( 0.000000000000000000, 1.000000000000000000, 0.000000000000000000 ) ) ;
#746 = VECTOR ( 'NONE', #2472, 1000.000000000000000 ) ;
#747 = ORIENTED_EDGE ( 'NONE', *, *, #913, .F. ) ;
#748 = DIRECTION ( 'NONE',  ( 0.000000000000000000, 1.000000000000000000, 0.000000000000000000 ) ) ;
#749 = EDGE_LOOP ( 'NONE', ( #1596, #460, #3298, #3101, #1538, #2984, #2190, #1505 ) ) ;
#750 = VECTOR ( 'NONE', #3474, 1000.000000000000000 ) ;
#751 = EDGE_CURVE ( 'NONE', #1639, #3436, #257, .T. ) ;
#752 = EDGE_CURVE ( 'NONE', #892, #3393, #3229, .T. ) ;
#753 = LINE ( 'NONE', #249, #2757 ) ;
#754 = EDGE_CURVE ( 'NONE', #2692, #1952, #2031, .T. ) ;
#755 = DIRECTION ( 'NONE',  ( 0.000000000000000000, 1.000000000000000000, 0.000000000000000000 ) ) ;
#756 = EDGE_CURVE ( 'NONE', #3227, #3320, #1352, .T. ) ;
#757 = SURFACE_STYLE_FILL_AREA ( #471 ) ;
#758 = ORIENTED_EDGE ( 'NONE', *, *, #2361, .F. ) ;
#759 = CARTESIAN_POINT ( 'NONE',  ( 1.743262369448356219, 0.6317999999999996952, -0.8844702972540807728 ) ) ;
#760 = DIRECTION ( 'NONE',  ( -1.000000000000000000, 0.000000000000000000, 0.000000000000000000 ) ) ;
#761 = ORIENTED_EDGE ( 'NONE', *, *, #2362, .F. ) ;
#762 = LINE ( 'NONE', #3434, #1526 ) ;
#763 = FACE_OUTER_BOUND ( 'NONE', #2862, .T. ) ;
#764 = FACE_OUTER_BOUND ( 'NONE', #2924, .T. ) ;
#765 = ORIENTED_EDGE ( 'NONE', *, *, #1640, .T. ) ;
#766 = CARTESIAN_POINT ( 'NONE',  ( 1.876194882181912771, 0.6317999999999996952, -0.5705163606974100743 ) ) ;
#767 = LINE ( 'NONE', #3423, #27 ) ;
#768 = CARTESIAN_POINT ( 'NONE',  ( 1.949504097186375740, 0.6317999999999995842, -0.8106317575729689029 ) ) ;
#769 = CARTESIAN_POINT ( 'NONE',  ( 2.369919354838710301, 0.6136000000000000343, 0.000000000000000000 ) ) ;
#770 = SURFACE_STYLE_FILL_AREA ( #2100 ) ;
#771 = CARTESIAN_POINT ( 'NONE',  ( 2.076881376530379963, 0.6317999999999995842, -0.9945922786051794029 ) ) ;
#772 = SURFACE_STYLE_FILL_AREA ( #3479 ) ;
#773 = EDGE_CURVE ( 'NONE', #1892, #1468, #3352, .T. ) ;
#774 = VERTEX_POINT ( 'NONE', #2264 ) ;
#775 = FACE_OUTER_BOUND ( 'NONE', #1196, .T. ) ;
#776 = COLOUR_RGB ( '',0.1019607843137254888, 0.1019607843137254888, 0.1019607843137254888 ) ;
#777 = ORIENTED_EDGE ( 'NONE', *, *, #2149, .F. ) ;
#778 = CARTESIAN_POINT ( 'NONE',  ( 2.070467659642073244, 0.6318999999999997952, -0.8532336393025896637 ) ) ;
#779 = SURFACE_STYLE_FILL_AREA ( #2394 ) ;
#780 = CARTESIAN_POINT ( 'NONE',  ( 3.117419354838710355, 0.5954000000000000403, -1.700000000000000178 ) ) ;
#781 =( GEOMETRIC_REPRESENTATION_CONTEXT ( 3 ) GLOBAL_UNCERTAINTY_ASSIGNED_CONTEXT ( ( #1309 ) ) GLOBAL_UNIT_ASSIGNED_CONTEXT ( ( #2529, #1407, #2493 ) ) REPRESENTATION_CONTEXT ( 'NONE', 'WORKASPACE' ) );
#782 = ORIENTED_EDGE ( 'NONE', *, *, #170, .F. ) ;
#783 = SURFACE_STYLE_FILL_AREA ( #2112 ) ;
#784 = PRESENTATION_LAYER_ASSIGNMENT (  '', '', ( #2123 ) ) ;
#785 = VECTOR ( 'NONE', #499, 1000.000000000000000 ) ;
#786 = SURFACE_STYLE_USAGE ( .BOTH. , #3152 ) ;
#787 = COLOUR_RGB ( '',0.1019607843137254888, 0.1019607843137254888, 0.1019607843137254888 ) ;
#788 = ORIENTED_EDGE ( 'NONE', *, *, #2360, .T. ) ;
#789 = LINE ( 'NONE', #2095, #1803 ) ;
#790 = CARTESIAN_POINT ( 'NONE',  ( 1.949504097186375740, 0.6317999999999998062, -0.8532336393025895527 ) ) ;
#791 = CARTESIAN_POINT ( 'NONE',  ( 0.7474999999999999423, 0.6136000000000000343, -1.700000000000000178 ) ) ;
#792 = LINE ( 'NONE', #2952, #2203 ) ;
#793 = VERTEX_POINT ( 'NONE', #2841 ) ;
#794 =( NAMED_UNIT ( * ) PLANE_ANGLE_UNIT ( ) SI_UNIT ( $, .RADIAN. ) );
#795 = ORIENTED_EDGE ( 'NONE', *, *, #2684, .F. ) ;
#796 = PRESENTATION_LAYER_ASSIGNMENT (  '', '', ( #2951 ) ) ;
#797 = FILL_AREA_STYLE_COLOUR ( '', #1658 ) ;
#798 = VECTOR ( 'NONE', #255, 1000.000000000000000 ) ;
#799 = ADVANCED_FACE ( 'NONE', ( #1934 ), #649, .F. ) ;
#800 = VECTOR ( 'NONE', #918, 1000.000000000000000 ) ;
#801 = EDGE_LOOP ( 'NONE', ( #470, #995, #368, #1206 ) ) ;
#802 = SURFACE_STYLE_USAGE ( .BOTH. , #3228 ) ;
#803 = EDGE_CURVE ( 'NONE', #2649, #1385, #2295, .T. ) ;
#804 = DIRECTION ( 'NONE',  ( 0.000000000000000000, 0.000000000000000000, 1.000000000000000000 ) ) ;
#805 =( GEOMETRIC_REPRESENTATION_CONTEXT ( 3 ) GLOBAL_UNCERTAINTY_ASSIGNED_CONTEXT ( ( #3041 ) ) GLOBAL_UNIT_ASSIGNED_CONTEXT ( ( #1170, #925, #2317 ) ) REPRESENTATION_CONTEXT ( 'NONE', 'WORKASPACE' ) );
#806 = CARTESIAN_POINT ( 'NONE',  ( 0.7474999999999999423, 0.000000000000000000, -1.700000000000000178 ) ) ;
#807 = PRESENTATION_STYLE_ASSIGNMENT (( #3231 ) ) ;
#808 = AXIS2_PLACEMENT_3D ( 'NONE', #2492, #3324, #2791 ) ;
#809 = AXIS2_PLACEMENT_3D ( 'NONE', #1534, #1799, #2904 ) ;
#810 = ORIENTED_EDGE ( 'NONE', *, *, #3036, .F. ) ;
#811 = SURFACE_SIDE_STYLE ('',( #1067 ) ) ;
#812 = VECTOR ( 'NONE', #2767, 1000.000000000000000 ) ;
#813 = CARTESIAN_POINT ( 'NONE',  ( 3.117419354838710355, 0.000000000000000000, -1.700000000000000178 ) ) ;
#814 = VECTOR ( 'NONE', #362, 1000.000000000000000 ) ;
#815 =( LENGTH_UNIT ( ) NAMED_UNIT ( * ) SI_UNIT ( .MILLI., .METRE. ) );
#816 = DIRECTION ( 'NONE',  ( 0.000000000000000000, -1.000000000000000000, 0.000000000000000000 ) ) ;
#817 = DIRECTION ( 'NONE',  ( 1.000000000000000000, 0.000000000000000000, 0.000000000000000000 ) ) ;
#818 = ORIENTED_EDGE ( 'NONE', *, *, #2749, .T. ) ;
#819 =( BOUNDED_CURVE ( )  B_SPLINE_CURVE ( 3, ( #2118, #1305, #2724, #3176, #225, #2423, #561 ),
 .UNSPECIFIED., .F., .F. ) 
 B_SPLINE_CURVE_WITH_KNOTS ( ( 4, 3, 4 ),
 ( 0.2500000000000000000, 0.5000000000000000000, 0.7500000000000000000 ),
 .UNSPECIFIED. ) 
 CURVE ( )  GEOMETRIC_REPRESENTATION_ITEM ( )  RATIONAL_B_SPLINE_CURVE ( ( 0.5000000000000000000, 0.5000000000000000000, 0.6666666666666667407, 1.000000000000000000, 0.6666666666666667407, 0.5000000000000000000, 0.5000000000000000000 ) ) 
 REPRESENTATION_ITEM ( '' )  );
#820 = SURFACE_SIDE_STYLE ('',( #757 ) ) ;
#821 = ORIENTED_EDGE ( 'NONE', *, *, #71, .F. ) ;
#822 = DIRECTION ( 'NONE',  ( 0.000000000000000000, 1.000000000000000000, 0.000000000000000000 ) ) ;
#823 = FILL_AREA_STYLE_COLOUR ( '', #117 ) ;
#824 = ORIENTED_EDGE ( 'NONE', *, *, #2700, .F. ) ;
#825 = PRESENTATION_STYLE_ASSIGNMENT (( #3305 ) ) ;
#826 = FILL_AREA_STYLE ('',( #2450 ) ) ;
#827 = CARTESIAN_POINT ( 'NONE',  ( 2.369919354838710301, 0.6136000000000000343, -1.700000000000000178 ) ) ;
#828 = EDGE_CURVE ( 'NONE', #793, #2674, #2886, .T. ) ;
#829 = EDGE_CURVE ( 'NONE', #49, #3496, #1461, .T. ) ;
#830 = ORIENTED_EDGE ( 'NONE', *, *, #3426, .F. ) ;
#831 = CARTESIAN_POINT ( 'NONE',  ( 0.5587096774193549553, -0.01819999999999996967, -1.700000000000000178 ) ) ;
#832 = ORIENTED_EDGE ( 'NONE', *, *, #1368, .F. ) ;
#833 = UNCERTAINTY_MEASURE_WITH_UNIT (LENGTH_MEASURE( 1.000000000000000082E-05 ), #2252, 'distance_accuracy_value', 'NONE');
#834 = EDGE_CURVE ( 'NONE', #2918, #3068, #3139, .T. ) ;
#835 = SURFACE_SIDE_STYLE ('',( #2159 ) ) ;
#836 = ORIENTED_EDGE ( 'NONE', *, *, #2105, .F. ) ;
#837 = FACE_OUTER_BOUND ( 'NONE', #291, .T. ) ;
#838 = LINE ( 'NONE', #2447, #664 ) ;
#839 = EDGE_CURVE ( 'NONE', #293, #1648, #1252, .T. ) ;
#840 = CARTESIAN_POINT ( 'NONE',  ( 1.476774743695512759, 0.6317999999999998062, -0.8862881625146270537 ) ) ;
#841 = ORIENTED_EDGE ( 'NONE', *, *, #1683, .F. ) ;
#842 = AXIS2_PLACEMENT_3D ( 'NONE', #2965, #2664, #544 ) ;
#843 = DIRECTION ( 'NONE',  ( 1.000000000000000000, 0.000000000000000000, 0.000000000000000000 ) ) ;
#844 =( LENGTH_UNIT ( ) NAMED_UNIT ( * ) SI_UNIT ( .MILLI., .METRE. ) );
#845 = LINE ( 'NONE', #310, #3327 ) ;
#846 = FILL_AREA_STYLE_COLOUR ( '', #3358 ) ;
#847 = VERTEX_POINT ( 'NONE', #3439 ) ;
#848 = VECTOR ( 'NONE', #1070, 1000.000000000000000 ) ;
#849 = CARTESIAN_POINT ( 'NONE',  ( 1.529296437207103398, 0.6318999999999996842, -0.8862684686757379415 ) ) ;
#850 = AXIS2_PLACEMENT_3D ( 'NONE', #3169, #999, #3188 ) ;
#851 = DIRECTION ( 'NONE',  ( 1.000000000000000000, 0.000000000000000000, 0.000000000000000000 ) ) ;
#852 = VECTOR ( 'NONE', #101, 1000.000000000000000 ) ;
#853 = PLANE ( 'NONE',  #1638 ) ;
#854 = SURFACE_STYLE_USAGE ( .BOTH. , #835 ) ;
#855 = FACE_OUTER_BOUND ( 'NONE', #2273, .T. ) ;
#856 = VERTEX_POINT ( 'NONE', #1518 ) ;
#857 = LINE ( 'NONE', #305, #798 ) ;
#858 = FILL_AREA_STYLE ('',( #797 ) ) ;
#859 = VERTEX_POINT ( 'NONE', #467 ) ;
#860 = AXIS2_PLACEMENT_3D ( 'NONE', #3483, #1818, #1044 ) ;
#861 = FILL_AREA_STYLE_COLOUR ( '', #670 ) ;
#862 = LINE ( 'NONE', #2466, #2762 ) ;
#863 = DIRECTION ( 'NONE',  ( 0.000000000000000000, 0.000000000000000000, -1.000000000000000000 ) ) ;
#864 = CARTESIAN_POINT ( 'NONE',  ( 1.538527601644167131, 0.6317999999999995842, -0.9945922786051796249 ) ) ;
#865 = EDGE_LOOP ( 'NONE', ( #824, #3277, #430, #407 ) ) ;
#866 = CARTESIAN_POINT ( 'NONE',  ( 1.476774743695512981, 0.6317999999999999172, -0.8922488119819812491 ) ) ;
#867 = CLOSED_SHELL ( 'NONE', ( #1019, #139, #2718, #2702, #1422, #3124, #1563, #1739, #1216, #1365, #1581 ) ) ;
#868 = STYLED_ITEM ( 'NONE', ( #738 ), #438 ) ;
#869 = FACE_OUTER_BOUND ( 'NONE', #1223, .T. ) ;
#870 = UNCERTAINTY_MEASURE_WITH_UNIT (LENGTH_MEASURE( 1.000000000000000082E-05 ), #2343, 'distance_accuracy_value', 'NONE');
#871 = EDGE_CURVE ( 'NONE', #2120, #2087, #2856, .T. ) ;
#872 = ORIENTED_EDGE ( 'NONE', *, *, #1778, .T. ) ;
#873 = CARTESIAN_POINT ( 'NONE',  ( 1.538527601647626142, 0.6317999999999996952, -0.9945922786051791809 ) ) ;
#874 = ADVANCED_FACE ( 'NONE', ( #187 ), #1179, .T. ) ;
#875 = PRESENTATION_STYLE_ASSIGNMENT (( #596 ) ) ;
#876 = CARTESIAN_POINT ( 'NONE',  ( 1.627582568898592985, 0.6317999999999996952, -0.7118750000000001465 ) ) ;
#877 = ORIENTED_EDGE ( 'NONE', *, *, #1886, .F. ) ;
#878 = DIRECTION ( 'NONE',  ( 0.000000000000000000, 1.000000000000000000, 0.000000000000000000 ) ) ;
#879 =( LENGTH_UNIT ( ) NAMED_UNIT ( * ) SI_UNIT ( .MILLI., .METRE. ) );
#880 = DIRECTION ( 'NONE',  ( 0.000000000000000000, 0.000000000000000000, 1.000000000000000000 ) ) ;
#881 = ORIENTED_EDGE ( 'NONE', *, *, #829, .F. ) ;
#882 = CARTESIAN_POINT ( 'NONE',  ( 1.854030687919280274, 0.6318999999999996842, -0.8844702972540807728 ) ) ;
#883 = CARTESIAN_POINT ( 'NONE',  ( 0.000000000000000000, 0.000000000000000000, -1.700000000000000178 ) ) ;
#884 = DIRECTION ( 'NONE',  ( 0.000000000000000000, 0.000000000000000000, -1.000000000000000000 ) ) ;
#885 = ADVANCED_FACE ( 'NONE', ( #1532 ), #2619, .T. ) ;
#886 = CARTESIAN_POINT ( 'NONE',  ( 1.551958472390177368, 0.6317999999999996952, -0.7898468139375424135 ) ) ;
#887 = PRESENTATION_STYLE_ASSIGNMENT (( #3081 ) ) ;
#888 = LINE ( 'NONE', #532, #53 ) ;
#889 = VERTEX_POINT ( 'NONE', #1222 ) ;
#890 = CARTESIAN_POINT ( 'NONE',  ( 3.158709677419355266, 0.6135999999999998122, -1.700000000000000178 ) ) ;
#891 = CARTESIAN_POINT ( 'NONE',  ( 1.513464877997732216, 0.6318999999999997952, -0.7808469582081406513 ) ) ;
#892 = VERTEX_POINT ( 'NONE', #1728 ) ;
#893 = FACE_OUTER_BOUND ( 'NONE', #2196, .T. ) ;
#894 = CARTESIAN_POINT ( 'NONE',  ( 0.000000000000000000, 0.000000000000000000, -1.700000000000000178 ) ) ;
#895 = VECTOR ( 'NONE', #1578, 1000.000000000000000 ) ;
#896 = FACE_OUTER_BOUND ( 'NONE', #1918, .T. ) ;
#897 = ORIENTED_EDGE ( 'NONE', *, *, #986, .T. ) ;
#898 = CARTESIAN_POINT ( 'NONE',  ( 2.369919354838710301, 0.6136000000000000343, -1.700000000000000178 ) ) ;
#899 = CARTESIAN_POINT ( 'NONE',  ( 2.558709677419355177, 0.000000000000000000, -1.700000000000000178 ) ) ;
#900 = COLOUR_RGB ( '',0.8509803921568627194, 0.8509803921568627194, 0.8509803921568627194 ) ;
#901 = COLOUR_RGB ( '',0.7921568627450980005, 0.8196078431372548767, 0.9333333333333333481 ) ;
#902 = DIRECTION ( 'NONE',  ( 0.000000000000000000, 1.000000000000000000, 0.000000000000000000 ) ) ;
#903 = UNCERTAINTY_MEASURE_WITH_UNIT (LENGTH_MEASURE( 1.000000000000000082E-05 ), #2418, 'distance_accuracy_value', 'NONE');
#904 = STYLED_ITEM ( 'NONE', ( #1311 ), #1903 ) ;
#905 = CARTESIAN_POINT ( 'NONE',  ( 0.7474999999999999423, 0.5954000000000000403, -1.700000000000000178 ) ) ;
#906 = EDGE_LOOP ( 'NONE', ( #957, #2390, #1062, #1043, #1977, #384, #836, #1641, #1750, #2326, #2942, #2198 ) ) ;
#907 = VECTOR ( 'NONE', #3364, 1000.000000000000000 ) ;
#908 = CARTESIAN_POINT ( 'NONE',  ( 3.117419354838710355, 0.5954000000000000403, 0.000000000000000000 ) ) ;
#909 = LINE ( 'NONE', #2263, #3158 ) ;
#910 = EDGE_LOOP ( 'NONE', ( #2775, #122, #1377, #372 ) ) ;
#911 = LINE ( 'NONE', #3354, #2126 ) ;
#912 = CARTESIAN_POINT ( 'NONE',  ( 1.163578999909084422, 0.6318999999999996842, -0.9945922786051791809 ) ) ;
#913 = EDGE_CURVE ( 'NONE', #1468, #3194, #2277, .T. ) ;
#914 =( NAMED_UNIT ( * ) PLANE_ANGLE_UNIT ( ) SI_UNIT ( $, .RADIAN. ) );
#915 = ORIENTED_EDGE ( 'NONE', *, *, #3080, .F. ) ;
#916 = EDGE_CURVE ( 'NONE', #682, #856, #2983, .T. ) ;
#917 = DIRECTION ( 'NONE',  ( 0.000000000000000000, -1.000000000000000000, 0.000000000000000000 ) ) ;
#918 = DIRECTION ( 'NONE',  ( 0.000000000000000000, 1.000000000000000000, 0.000000000000000000 ) ) ;
#919 = PRESENTATION_LAYER_ASSIGNMENT (  '', '', ( #344 ) ) ;
#920 = DIRECTION ( 'NONE',  ( 0.000000000000000000, -1.000000000000000000, 0.000000000000000000 ) ) ;
#921 = DIRECTION ( 'NONE',  ( 0.000000000000000000, 1.000000000000000000, 0.000000000000000000 ) ) ;
#922 = STYLED_ITEM ( 'NONE', ( #875 ), #2806 ) ;
#923 = FILL_AREA_STYLE_COLOUR ( '', #434 ) ;
#924 = ORIENTED_EDGE ( 'NONE', *, *, #405, .T. ) ;
#925 =( NAMED_UNIT ( * ) PLANE_ANGLE_UNIT ( ) SI_UNIT ( $, .RADIAN. ) );
#926 = VECTOR ( 'NONE', #411, 1000.000000000000000 ) ;
#927 = CARTESIAN_POINT ( 'NONE',  ( 1.268619046028804043, 0.6317999999999996952, -0.9945922786051791809 ) ) ;
#928 = FACE_OUTER_BOUND ( 'NONE', #1444, .T. ) ;
#929 = ORIENTED_EDGE ( 'NONE', *, *, #612, .T. ) ;
#930 = LINE ( 'NONE', #1997, #1226 ) ;
#931 = CARTESIAN_POINT ( 'NONE',  ( 1.949504097186375740, 0.6318999999999996842, -0.8532336393025895527 ) ) ;
#932 = CARTESIAN_POINT ( 'NONE',  ( 1.148886037081338296, 0.6317999999999996952, -0.7118750000000001465 ) ) ;
#933 = CARTESIAN_POINT ( 'NONE',  ( 0.7474999999999999423, 0.5954000000000000403, -1.700000000000000178 ) ) ;
#934 =( BOUNDED_CURVE ( )  B_SPLINE_CURVE ( 3, ( #2861, #1490, #478, #1822, #236, #1336, #2382 ),
 .UNSPECIFIED., .F., .F. ) 
 B_SPLINE_CURVE_WITH_KNOTS ( ( 4, 3, 4 ),
 ( 0.7500000000000004441, 1.000000000000000000, 1.250000000000000444 ),
 .UNSPECIFIED. ) 
 CURVE ( )  GEOMETRIC_REPRESENTATION_ITEM ( )  RATIONAL_B_SPLINE_CURVE ( ( 0.5000000000000000000, 0.5000000000000006661, 0.6666666666666672958, 1.000000000000000000, 0.6666666666666660745, 0.4999999999999994449, 0.5000000000000000000 ) ) 
 REPRESENTATION_ITEM ( '' )  );
#935 = DIRECTION ( 'NONE',  ( -1.000000000000000000, 0.000000000000000000, 0.000000000000000000 ) ) ;
#936 = DIRECTION ( 'NONE',  ( -1.000000000000000000, 0.000000000000000000, 0.000000000000000000 ) ) ;
#937 = DIRECTION ( 'NONE',  ( -0.9381504597943037815, 0.000000000000000000, -0.3462278365292666416 ) ) ;
#938 = VERTEX_POINT ( 'NONE', #1830 ) ;
#939 = FACE_OUTER_BOUND ( 'NONE', #1735, .T. ) ;
#940 = EDGE_CURVE ( 'NONE', #1884, #847, #819, .T. ) ;
#941 = LINE ( 'NONE', #1687, #1806 ) ;
#942 =( LENGTH_UNIT ( ) NAMED_UNIT ( * ) SI_UNIT ( .MILLI., .METRE. ) );
#943 = CARTESIAN_POINT ( 'NONE',  ( 1.949504097186375740, 0.6318999999999995731, -0.7254279941137279364 ) ) ;
#944 = DIRECTION ( 'NONE',  ( 0.000000000000000000, 1.000000000000000000, -0.000000000000000000 ) ) ;
#945 = CARTESIAN_POINT ( 'NONE',  ( 1.867658053610169233, 0.6317999999999996952, -0.9945922786051791809 ) ) ;
#946 = ORIENTED_EDGE ( 'NONE', *, *, #426, .T. ) ;
#947 = FILL_AREA_STYLE ('',( #121 ) ) ;
#948 = ADVANCED_FACE ( 'NONE', ( #3215 ), #2407, .F. ) ;
#949 =( NAMED_UNIT ( * ) SI_UNIT ( $, .STERADIAN. ) SOLID_ANGLE_UNIT ( ) );
#950 = VERTEX_POINT ( 'NONE', #22 ) ;
#951 = PLANE ( 'NONE',  #4 ) ;
#952 = LINE ( 'NONE', #1959, #3389 ) ;
#953 = FACE_OUTER_BOUND ( 'NONE', #1132, .T. ) ;
#954 = PLANE ( 'NONE',  #1958 ) ;
#955 = ORIENTED_EDGE ( 'NONE', *, *, #3333, .F. ) ;
#956 = DIRECTION ( 'NONE',  ( 1.000000000000000000, 0.000000000000000000, 0.000000000000000000 ) ) ;
#957 = ORIENTED_EDGE ( 'NONE', *, *, #1071, .F. ) ;
#958 = SURFACE_STYLE_FILL_AREA ( #2527 ) ;
#959 = VECTOR ( 'NONE', #843, 1000.000000000000000 ) ;
#960 = VECTOR ( 'NONE', #1068, 1000.000000000000000 ) ;
#961 = CARTESIAN_POINT ( 'NONE',  ( 0.9696320752089526707, 0.6317999999999996952, -0.9945922786051791809 ) ) ;
#962 = ORIENTED_EDGE ( 'NONE', *, *, #839, .T. ) ;
#963 = COLOUR_RGB ( '',0.1019607843137254888, 0.1019607843137254888, 0.1019607843137254888 ) ;
#964 = CARTESIAN_POINT ( 'NONE',  ( 0.000000000000000000, 0.5954000000000000403, -1.700000000000000178 ) ) ;
#965 =( GEOMETRIC_REPRESENTATION_CONTEXT ( 3 ) GLOBAL_UNCERTAINTY_ASSIGNED_CONTEXT ( ( #1376 ) ) GLOBAL_UNIT_ASSIGNED_CONTEXT ( ( #2341, #356, #3032 ) ) REPRESENTATION_CONTEXT ( 'NONE', 'WORKASPACE' ) );
#966 = ORIENTED_EDGE ( 'NONE', *, *, #1816, .F. ) ;
#967 = CARTESIAN_POINT ( 'NONE',  ( 3.117419354838710355, 0.000000000000000000, 0.000000000000000000 ) ) ;
#968 = DIRECTION ( 'NONE',  ( 1.000000000000000000, 0.000000000000000000, 0.000000000000000000 ) ) ;
#969 = FACE_OUTER_BOUND ( 'NONE', #1914, .T. ) ;
#970 = VECTOR ( 'NONE', #822, 1000.000000000000000 ) ;
#971 = VERTEX_POINT ( 'NONE', #1608 ) ;
#972 =( NAMED_UNIT ( * ) SI_UNIT ( $, .STERADIAN. ) SOLID_ANGLE_UNIT ( ) );
#973 = DIRECTION ( 'NONE',  ( 0.000000000000000000, 0.000000000000000000, 1.000000000000000000 ) ) ;
#974 = LINE ( 'NONE', #1198, #513 ) ;
#975 =( BOUNDED_CURVE ( )  B_SPLINE_CURVE ( 3, ( #3501, #2074, #2631, #2609 ),
 .UNSPECIFIED., .F., .F. ) 
 B_SPLINE_CURVE_WITH_KNOTS ( ( 4, 4 ),
 ( 0.000000000000000000, 0.5000000000000003331 ),
 .UNSPECIFIED. ) 
 CURVE ( )  GEOMETRIC_REPRESENTATION_ITEM ( )  RATIONAL_B_SPLINE_CURVE ( ( 1.000000000000000000, 0.6666666666666665186, 0.4999999999999998335, 0.5000000000000000000 ) ) 
 REPRESENTATION_ITEM ( '' )  );
#976 =( GEOMETRIC_REPRESENTATION_CONTEXT ( 3 ) GLOBAL_UNCERTAINTY_ASSIGNED_CONTEXT ( ( #2332 ) ) GLOBAL_UNIT_ASSIGNED_CONTEXT ( ( #1272, #1205, #1488 ) ) REPRESENTATION_CONTEXT ( 'NONE', 'WORKASPACE' ) );
#977 = VECTOR ( 'NONE', #2538, 1000.000000000000000 ) ;
#978 = UNCERTAINTY_MEASURE_WITH_UNIT (LENGTH_MEASURE( 1.000000000000000082E-05 ), #3409, 'distance_accuracy_value', 'NONE');
#979 = LINE ( 'NONE', #1002, #610 ) ;
#980 = ORIENTED_EDGE ( 'NONE', *, *, #33, .F. ) ;
#981 = EDGE_CURVE ( 'NONE', #3320, #2878, #283, .T. ) ;
#982 = EDGE_CURVE ( 'NONE', #3047, #3374, #753, .T. ) ;
#983 = EDGE_CURVE ( 'NONE', #2564, #1393, #485, .T. ) ;
#984 = COLOUR_RGB ( '',0.8509803921568627194, 0.8509803921568627194, 0.8509803921568627194 ) ;
#985 = ORIENTED_EDGE ( 'NONE', *, *, #2831, .F. ) ;
#986 = EDGE_CURVE ( 'NONE', #856, #3118, #2169, .T. ) ;
#987 = SURFACE_SIDE_STYLE ('',( #3113 ) ) ;
#988 = VECTOR ( 'NONE', #110, 1000.000000000000000 ) ;
#989 = STYLED_ITEM ( 'NONE', ( #658 ), #547 ) ;
#990 = ORIENTED_EDGE ( 'NONE', *, *, #1383, .T. ) ;
#991 = ADVANCED_FACE ( 'NONE', ( #2638 ), #3211, .T. ) ;
#992 = EDGE_LOOP ( 'NONE', ( #2084, #365, #1142, #1169 ) ) ;
#993 = CARTESIAN_POINT ( 'NONE',  ( 1.363942052780253489, 0.6318999999999996842, -0.7118750000000001465 ) ) ;
#994 = LINE ( 'NONE', #2530, #1167 ) ;
#995 = ORIENTED_EDGE ( 'NONE', *, *, #451, .F. ) ;
#996 = CARTESIAN_POINT ( 'NONE',  ( 1.404736605415314532, 0.6317999999999996952, -0.7589945464341966153 ) ) ;
#997 = ORIENTED_EDGE ( 'NONE', *, *, #982, .T. ) ;
#998 = DIRECTION ( 'NONE',  ( -0.3910901643510818482, 0.000000000000000000, 0.9203523691216554115 ) ) ;
#999 = DIRECTION ( 'NONE',  ( 0.9217283615234578287, 0.000000000000000000, 0.3878360833693559329 ) ) ;
#1000 = ORIENTED_EDGE ( 'NONE', *, *, #492, .F. ) ;
#1001 = DIRECTION ( 'NONE',  ( -0.4486266649741640911, 0.000000000000000000, -0.8937192598764778229 ) ) ;
#1002 = CARTESIAN_POINT ( 'NONE',  ( 0.000000000000000000, 0.5954000000000000403, 0.000000000000000000 ) ) ;
#1003 = STYLED_ITEM ( 'NONE', ( #147 ), #3344 ) ;
#1004 =( GEOMETRIC_REPRESENTATION_CONTEXT ( 3 ) GLOBAL_UNCERTAINTY_ASSIGNED_CONTEXT ( ( #2158 ) ) GLOBAL_UNIT_ASSIGNED_CONTEXT ( ( #1562, #2894, #428 ) ) REPRESENTATION_CONTEXT ( 'NONE', 'WORKASPACE' ) );
#1005 = MECHANICAL_DESIGN_GEOMETRIC_PRESENTATION_REPRESENTATION (  '', ( #1384 ), #781 ) ;
#1006 = STYLED_ITEM ( 'NONE', ( #825 ), #3292 ) ;
#1007 = PLANE ( 'NONE',  #1725 ) ;
#1008 = ORIENTED_EDGE ( 'NONE', *, *, #1403, .T. ) ;
#1009 =( GEOMETRIC_REPRESENTATION_CONTEXT ( 3 ) GLOBAL_UNCERTAINTY_ASSIGNED_CONTEXT ( ( #2985 ) ) GLOBAL_UNIT_ASSIGNED_CONTEXT ( ( #63, #2976, #1604 ) ) REPRESENTATION_CONTEXT ( 'NONE', 'WORKASPACE' ) );
#1010 = CARTESIAN_POINT ( 'NONE',  ( 0.5587096774193549553, 0.000000000000000000, 0.000000000000000000 ) ) ;
#1011 = CARTESIAN_POINT ( 'NONE',  ( 2.369919354838710301, 0.000000000000000000, -1.700000000000000178 ) ) ;
#1012 = CARTESIAN_POINT ( 'NONE',  ( 2.076881376530379963, 0.6317999999999995842, -0.7118749999999998135 ) ) ;
#1013 = CARTESIAN_POINT ( 'NONE',  ( 1.148886037081338296, 0.6318999999999996842, -0.8087244907140513916 ) ) ;
#1014 = MECHANICAL_DESIGN_GEOMETRIC_PRESENTATION_REPRESENTATION (  '', ( #560 ), #330 ) ;
#1015 = ORIENTED_EDGE ( 'NONE', *, *, #2585, .F. ) ;
#1016 = DIRECTION ( 'NONE',  ( 1.000000000000000000, 0.000000000000000000, 0.000000000000000000 ) ) ;
#1017 = EDGE_CURVE ( 'NONE', #2604, #1409, #2106, .T. ) ;
#1018 = CARTESIAN_POINT ( 'NONE',  ( 1.949504097186375740, 0.6317999999999998062, -0.8532336393025895527 ) ) ;
#1019 = ADVANCED_FACE ( 'NONE', ( #1056 ), #1857, .T. ) ;
#1020 = EDGE_CURVE ( 'NONE', #3118, #3148, #290, .T. ) ;
#1021 = ORIENTED_EDGE ( 'NONE', *, *, #565, .F. ) ;
#1022 = FILL_AREA_STYLE_COLOUR ( '', #408 ) ;
#1023 = DIRECTION ( 'NONE',  ( -1.000000000000000000, 0.000000000000000000, 0.000000000000000000 ) ) ;
#1024 = PLANE ( 'NONE',  #2346 ) ;
#1025 = CARTESIAN_POINT ( 'NONE',  ( 3.117419354838710355, 0.000000000000000000, -1.700000000000000178 ) ) ;
#1026 = PRESENTATION_LAYER_ASSIGNMENT (  '', '', ( #2946 ) ) ;
#1027 = CARTESIAN_POINT ( 'NONE',  ( 1.743262369448356219, 0.6317999999999996952, -0.8216764980901485327 ) ) ;
#1028 = CARTESIAN_POINT ( 'NONE',  ( 1.627582568898590765, 0.6317999999999996952, -0.9945922786051791809 ) ) ;
#1029 = DIRECTION ( 'NONE',  ( 0.000000000000000000, 1.000000000000000000, 0.000000000000000000 ) ) ;
#1030 = ORIENTED_EDGE ( 'NONE', *, *, #2101, .T. ) ;
#1031 = DIRECTION ( 'NONE',  ( -0.4486266649741639800, -0.000000000000000000, -0.8937192598764777118 ) ) ;
#1032 =( NAMED_UNIT ( * ) SI_UNIT ( $, .STERADIAN. ) SOLID_ANGLE_UNIT ( ) );
#1033 = VERTEX_POINT ( 'NONE', #2160 ) ;
#1034 = PRESENTATION_STYLE_ASSIGNMENT (( #1791 ) ) ;
#1035 = LINE ( 'NONE', #1063, #1785 ) ;
#1036 = DIRECTION ( 'NONE',  ( 0.000000000000000000, 0.000000000000000000, 1.000000000000000000 ) ) ;
#1037 = EDGE_LOOP ( 'NONE', ( #3391, #2340, #1632, #2608, #1522, #159, #2614, #1542, #1635, #619, #2395, #2335, #1285 ) ) ;
#1038 =( LENGTH_UNIT ( ) NAMED_UNIT ( * ) SI_UNIT ( .MILLI., .METRE. ) );
#1039 = DIRECTION ( 'NONE',  ( 0.000000000000000000, 0.000000000000000000, -1.000000000000000000 ) ) ;
#1040 = CARTESIAN_POINT ( 'NONE',  ( 1.551958472390177368, 0.6317999999999996952, -0.8185742333776780955 ) ) ;
#1041 = ORIENTED_EDGE ( 'NONE', *, *, #340, .F. ) ;
#1042 = UNCERTAINTY_MEASURE_WITH_UNIT (LENGTH_MEASURE( 1.000000000000000082E-05 ), #3407, 'distance_accuracy_value', 'NONE');
#1043 = ORIENTED_EDGE ( 'NONE', *, *, #2998, .F. ) ;
#1044 = DIRECTION ( 'NONE',  ( 0.3878360833693559329, 0.000000000000000000, 0.9217283615234578287 ) ) ;
#1045 = PLANE ( 'NONE',  #3443 ) ;
#1046 = EDGE_LOOP ( 'NONE', ( #2044, #1821, #678, #2630 ) ) ;
#1047 = CARTESIAN_POINT ( 'NONE',  ( 1.551958471843778442, 0.6318999999999997952, -0.7898468138097936020 ) ) ;
#1048 = CARTESIAN_POINT ( 'NONE',  ( 1.363942052780253489, 0.6317999999999996952, -0.7118750000000001465 ) ) ;
#1049 = EDGE_LOOP ( 'NONE', ( #841, #2206, #316, #230, #1041, #2337, #1695, #2991 ) ) ;
#1050 = DIRECTION ( 'NONE',  ( 0.000000000000000000, 1.000000000000000000, 0.000000000000000000 ) ) ;
#1051 = DIRECTION ( 'NONE',  ( -0.3462278365292665860, 0.000000000000000000, 0.9381504597943037815 ) ) ;
#1052 = CARTESIAN_POINT ( 'NONE',  ( 2.508709677419355355, 0.6136000000000000343, 0.000000000000000000 ) ) ;
#1053 = FACE_OUTER_BOUND ( 'NONE', #1046, .T. ) ;
#1054 = EDGE_LOOP ( 'NONE', ( #3044, #183, #761, #412 ) ) ;
#1055 = VECTOR ( 'NONE', #1755, 1000.000000000000000 ) ;
#1056 = FACE_OUTER_BOUND ( 'NONE', #2401, .T. ) ;
#1057 = CARTESIAN_POINT ( 'NONE',  ( 1.627582568898590765, 0.6317999999999996952, -0.9189495764011172962 ) ) ;
#1058 = AXIS2_PLACEMENT_3D ( 'NONE', #2231, #651, #2216 ) ;
#1059 = ORIENTED_EDGE ( 'NONE', *, *, #834, .F. ) ;
#1060 =( GEOMETRIC_REPRESENTATION_CONTEXT ( 3 ) GLOBAL_UNCERTAINTY_ASSIGNED_CONTEXT ( ( #301 ) ) GLOBAL_UNIT_ASSIGNED_CONTEXT ( ( #2559, #133, #1195 ) ) REPRESENTATION_CONTEXT ( 'NONE', 'WORKASPACE' ) );
#1061 = VECTOR ( 'NONE', #1651, 1000.000000000000000 ) ;
#1062 = ORIENTED_EDGE ( 'NONE', *, *, #2218, .F. ) ;
#1063 = CARTESIAN_POINT ( 'NONE',  ( 0.7474999999999999423, 0.5954000000000000403, 0.000000000000000000 ) ) ;
#1064 = AXIS2_PLACEMENT_3D ( 'NONE', #605, #2746, #320 ) ;
#1065 = SURFACE_STYLE_FILL_AREA ( #2945 ) ;
#1066 = EDGE_LOOP ( 'NONE', ( #2280, #1357, #737, #1426 ) ) ;
#1067 = SURFACE_STYLE_FILL_AREA ( #1117 ) ;
#1068 = DIRECTION ( 'NONE',  ( 1.000000000000000000, 0.000000000000000000, 0.000000000000000000 ) ) ;
#1069 = LINE ( 'NONE', #1549, #3280 ) ;
#1070 = DIRECTION ( 'NONE',  ( -1.000000000000000000, 0.000000000000000000, -0.000000000000000000 ) ) ;
#1071 = EDGE_CURVE ( 'NONE', #2176, #1656, #1275, .T. ) ;
#1072 = ORIENTED_EDGE ( 'NONE', *, *, #1437, .F. ) ;
#1073 = EDGE_CURVE ( 'NONE', #1896, #397, #665, .T. ) ;
#1074 =( LENGTH_UNIT ( ) NAMED_UNIT ( * ) SI_UNIT ( .MILLI., .METRE. ) );
#1075 =( NAMED_UNIT ( * ) SI_UNIT ( $, .STERADIAN. ) SOLID_ANGLE_UNIT ( ) );
#1076 = ADVANCED_FACE ( 'NONE', ( #1547 ), #1024, .T. ) ;
#1077 = VERTEX_POINT ( 'NONE', #1052 ) ;
#1078 = PLANE ( 'NONE',  #2414 ) ;
#1079 = CARTESIAN_POINT ( 'NONE',  ( 1.627582568898592985, 0.6317999999999996952, -0.8862684686757379415 ) ) ;
#1080 =( NAMED_UNIT ( * ) PLANE_ANGLE_UNIT ( ) SI_UNIT ( $, .RADIAN. ) );
#1081 =( NAMED_UNIT ( * ) PLANE_ANGLE_UNIT ( ) SI_UNIT ( $, .RADIAN. ) );
#1082 = PLANE ( 'NONE',  #2248 ) ;
#1083 = ORIENTED_EDGE ( 'NONE', *, *, #2749, .F. ) ;
#1084 = ADVANCED_FACE ( 'NONE', ( #3214 ), #2404, .T. ) ;
#1085 =( LENGTH_UNIT ( ) NAMED_UNIT ( * ) SI_UNIT ( .MILLI., .METRE. ) );
#1086 = EDGE_CURVE ( 'NONE', #2953, #1730, #2618, .T. ) ;
#1087 = STYLED_ITEM ( 'NONE', ( #807 ), #238 ) ;
#1088 = PRODUCT_DEFINITION ( 'UNKNOWN', '', #3206, #2586 ) ;
#1089 = LINE ( 'NONE', #3237, #1634 ) ;
#1090 = CARTESIAN_POINT ( 'NONE',  ( 2.040226769028148812, 0.6317999999999998062, -0.7893308167081586335 ) ) ;
#1091 = VECTOR ( 'NONE', #3058, 1000.000000000000000 ) ;
#1092 = ADVANCED_FACE ( 'NONE', ( #2685, #1269 ), #1287, .T. ) ;
#1093 =( NAMED_UNIT ( * ) SI_UNIT ( $, .STERADIAN. ) SOLID_ANGLE_UNIT ( ) );
#1094 = ORIENTED_EDGE ( 'NONE', *, *, #2471, .T. ) ;
#1095 = DIRECTION ( 'NONE',  ( 0.000000000000000000, 0.000000000000000000, -1.000000000000000000 ) ) ;
#1096 = ORIENTED_EDGE ( 'NONE', *, *, #1291, .F. ) ;
#1097 = DIRECTION ( 'NONE',  ( -1.536438668180457334E-16, -1.000000000000000000, 0.000000000000000000 ) ) ;
#1098 = ORIENTED_EDGE ( 'NONE', *, *, #490, .T. ) ;
#1099 = CARTESIAN_POINT ( 'NONE',  ( 1.627582568898590765, 0.6318999999999996842, -0.9189495764011172962 ) ) ;
#1100 = FACE_OUTER_BOUND ( 'NONE', #715, .T. ) ;
#1101 = EDGE_LOOP ( 'NONE', ( #1154, #2794, #1623, #3252 ) ) ;
#1102 = ORIENTED_EDGE ( 'NONE', *, *, #1808, .T. ) ;
#1103 = DIRECTION ( 'NONE',  ( 0.8899304864317406638, 0.000000000000000000, 0.4560961842850314585 ) ) ;
#1104 = EDGE_LOOP ( 'NONE', ( #2002, #81 ) ) ;
#1105 = PLANE ( 'NONE',  #1353 ) ;
#1106 = SHAPE_DEFINITION_REPRESENTATION ( #1675, #2795 ) ;
#1107 = CARTESIAN_POINT ( 'NONE',  ( 1.476774743695512759, 0.6318999999999997952, -0.8862881625146270537 ) ) ;
#1108 = DIRECTION ( 'NONE',  ( 1.000000000000000000, 0.000000000000000000, 0.000000000000000000 ) ) ;
#1109 = AXIS2_PLACEMENT_3D ( 'NONE', #3248, #2459, #1862 ) ;
#1110 = ORIENTED_EDGE ( 'NONE', *, *, #88, .T. ) ;
#1111 = PRESENTATION_LAYER_ASSIGNMENT (  '', '', ( #1158 ) ) ;
#1112 = PLANE ( 'NONE',  #219 ) ;
#1113 = VECTOR ( 'NONE', #935, 1000.000000000000000 ) ;
#1114 = ORIENTED_EDGE ( 'NONE', *, *, #913, .T. ) ;
#1115 = ADVANCED_FACE ( 'NONE', ( #3458 ), #5, .T. ) ;
#1116 = EDGE_CURVE ( 'NONE', #227, #2937, #3477, .T. ) ;
#1117 = FILL_AREA_STYLE ('',( #280 ) ) ;
#1118 = AXIS2_PLACEMENT_3D ( 'NONE', #1506, #3182, #2133 ) ;
#1119 = EDGE_CURVE ( 'NONE', #2462, #2254, #2380, .T. ) ;
#1120 = VECTOR ( 'NONE', #1350, 1000.000000000000000 ) ;
#1121 = CARTESIAN_POINT ( 'NONE',  ( 1.664898715595232614, 0.6318999999999996842, -0.9945922786051791809 ) ) ;
#1122 = SURFACE_STYLE_FILL_AREA ( #2816 ) ;
#1123 = EDGE_LOOP ( 'NONE', ( #1955, #2576, #2956, #1521 ) ) ;
#1124 = DIRECTION ( 'NONE',  ( -1.000000000000000000, 3.282252670610414307E-16, 0.000000000000000000 ) ) ;
#1125 =( NAMED_UNIT ( * ) PLANE_ANGLE_UNIT ( ) SI_UNIT ( $, .RADIAN. ) );
#1126 = MECHANICAL_DESIGN_GEOMETRIC_PRESENTATION_REPRESENTATION (  '', ( #2483 ), #68 ) ;
#1127 = EDGE_LOOP ( 'NONE', ( #2842, #2801, #1931, #3473 ) ) ;
#1128 = AXIS2_PLACEMENT_3D ( 'NONE', #2677, #1573, #2716 ) ;
#1129 = DIRECTION ( 'NONE',  ( 0.000000000000000000, -1.000000000000000000, 0.000000000000000000 ) ) ;
#1130 = DIRECTION ( 'NONE',  ( 1.000000000000000000, -0.000000000000000000, 0.000000000000000000 ) ) ;
#1131 = DIRECTION ( 'NONE',  ( 0.000000000000000000, 0.000000000000000000, 1.000000000000000000 ) ) ;
#1132 = EDGE_LOOP ( 'NONE', ( #1643, #208, #402, #61 ) ) ;
#1133 =( GEOMETRIC_REPRESENTATION_CONTEXT ( 3 ) GLOBAL_UNCERTAINTY_ASSIGNED_CONTEXT ( ( #2292 ) ) GLOBAL_UNIT_ASSIGNED_CONTEXT ( ( #332, #2812, #3014 ) ) REPRESENTATION_CONTEXT ( 'NONE', 'WORKASPACE' ) );
#1134 = PRESENTATION_STYLE_ASSIGNMENT (( #1901 ) ) ;
#1135 = VECTOR ( 'NONE', #2024, 1000.000000000000000 ) ;
#1136 = LINE ( 'NONE', #2504, #2897 ) ;
#1137 = ORIENTED_EDGE ( 'NONE', *, *, #3382, .F. ) ;
#1138 = CARTESIAN_POINT ( 'NONE',  ( 0.6087096774193547777, 0.6135999999999998122, -1.700000000000000178 ) ) ;
#1139 = VERTEX_POINT ( 'NONE', #813 ) ;
#1140 = CARTESIAN_POINT ( 'NONE',  ( 2.369919354838710301, 0.5954000000000000403, 0.000000000000000000 ) ) ;
#1141 = CARTESIAN_POINT ( 'NONE',  ( 1.363942052780253489, 0.6317999999999996952, -0.7118750000000001465 ) ) ;
#1142 = ORIENTED_EDGE ( 'NONE', *, *, #2998, .T. ) ;
#1143 = LINE ( 'NONE', #882, #1731 ) ;
#1144 = CARTESIAN_POINT ( 'NONE',  ( 1.867658053610169233, 0.6317999999999996952, -0.7818929250807219455 ) ) ;
#1145 =( LENGTH_UNIT ( ) NAMED_UNIT ( * ) SI_UNIT ( .MILLI., .METRE. ) );
#1146 = DIRECTION ( 'NONE',  ( 0.000000000000000000, 1.000000000000000000, 0.000000000000000000 ) ) ;
#1147 = LINE ( 'NONE', #3103, #2410 ) ;
#1148 = ORIENTED_EDGE ( 'NONE', *, *, #981, .F. ) ;
#1149 = EDGE_CURVE ( 'NONE', #2420, #2026, #2915, .T. ) ;
#1150 =( NAMED_UNIT ( * ) PLANE_ANGLE_UNIT ( ) SI_UNIT ( $, .RADIAN. ) );
#1151 = ORIENTED_EDGE ( 'NONE', *, *, #3333, .T. ) ;
#1152 = SURFACE_SIDE_STYLE ('',( #2496 ) ) ;
#1153 = EDGE_CURVE ( 'NONE', #2947, #2015, #1852, .T. ) ;
#1154 = ORIENTED_EDGE ( 'NONE', *, *, #339, .F. ) ;
#1155 = CARTESIAN_POINT ( 'NONE',  ( 2.070467659642073244, 0.6318999999999997952, -0.8958355210322105355 ) ) ;
#1156 = CARTESIAN_POINT ( 'NONE',  ( 1.529296437207103398, 0.6317999999999996952, -0.8862684686757379415 ) ) ;
#1157 = CARTESIAN_POINT ( 'NONE',  ( 3.158709677419355266, 0.000000000000000000, -1.700000000000000178 ) ) ;
#1158 = STYLED_ITEM ( 'NONE', ( #1034 ), #713 ) ;
#1159 = DIRECTION ( 'NONE',  ( 0.4560961842850325687, 0.000000000000000000, 0.8899304864317402197 ) ) ;
#1160 = DIRECTION ( 'NONE',  ( -0.3462278365292666416, 0.000000000000000000, 0.9381504597943037815 ) ) ;
#1161 = VERTEX_POINT ( 'NONE', #507 ) ;
#1162 = DIRECTION ( 'NONE',  ( 0.000000000000000000, -0.000000000000000000, -1.000000000000000000 ) ) ;
#1163 = LINE ( 'NONE', #1419, #75 ) ;
#1164 = EDGE_CURVE ( 'NONE', #2148, #3047, #2422, .T. ) ;
#1165 = VECTOR ( 'NONE', #1051, 1000.000000000000000 ) ;
#1166 = CARTESIAN_POINT ( 'NONE',  ( 2.558709677419355177, -0.01819999999999996967, -1.700000000000000178 ) ) ;
#1167 = VECTOR ( 'NONE', #1240, 1000.000000000000000 ) ;
#1168 = CARTESIAN_POINT ( 'NONE',  ( 1.163578999909084422, 0.6317999999999996952, -0.9945922786051791809 ) ) ;
#1169 = ORIENTED_EDGE ( 'NONE', *, *, #834, .T. ) ;
#1170 =( LENGTH_UNIT ( ) NAMED_UNIT ( * ) SI_UNIT ( .MILLI., .METRE. ) );
#1171 = CARTESIAN_POINT ( 'NONE',  ( 1.477140901517336458, 0.6318999999999996842, -0.8465279410138286664 ) ) ;
#1172 = EDGE_CURVE ( 'NONE', #1577, #3320, #2663, .T. ) ;
#1173 = ORIENTED_EDGE ( 'NONE', *, *, #3457, .F. ) ;
#1174 = FILL_AREA_STYLE_COLOUR ( '', #455 ) ;
#1175 = CARTESIAN_POINT ( 'NONE',  ( 1.259927955283916434, 0.6318999999999996842, -0.7519638040136090718 ) ) ;
#1176 = EDGE_CURVE ( 'NONE', #134, #510, #2135, .T. ) ;
#1177 = DIRECTION ( 'NONE',  ( 1.536438668180457580E-16, -1.000000000000000000, 0.000000000000000000 ) ) ;
#1178 = ORIENTED_EDGE ( 'NONE', *, *, #2587, .F. ) ;
#1179 =( BOUNDED_SURFACE ( )  B_SPLINE_SURFACE ( 3, 1, ( 
 ( #3083, #739 ),
 ( #1501, #1203 ),
 ( #1798, #2588 ),
 ( #2835, #2901 ) ),
 .UNSPECIFIED., .F., .F., .F. ) 
 B_SPLINE_SURFACE_WITH_KNOTS ( ( 4, 4 ),
 ( 2, 2 ),
 ( 0.000000000000000000, 0.2499999999967690290 ),
 ( 0.000000000000000000, 1.000000000000000000 ),
 .UNSPECIFIED. ) 
 GEOMETRIC_REPRESENTATION_ITEM ( )  RATIONAL_B_SPLINE_SURFACE ( (
 ( 1.000000000000000000, 1.000000000000000000),
 ( 0.6666666666709746281, 0.6666666666709746281),
 ( 0.5000000000043079984, 0.5000000000043079984),
 ( 0.5000000000000000000, 0.5000000000000000000) ) ) 
 REPRESENTATION_ITEM ( '' )  SURFACE ( )  );
#1180 = CARTESIAN_POINT ( 'NONE',  ( 1.743262369448356219, 0.6318999999999996842, -0.8216764980901485327 ) ) ;
#1181 = VECTOR ( 'NONE', #2798, 1000.000000000000000 ) ;
#1182 = AXIS2_PLACEMENT_3D ( 'NONE', #399, #2544, #956 ) ;
#1183 =( NAMED_UNIT ( * ) PLANE_ANGLE_UNIT ( ) SI_UNIT ( $, .RADIAN. ) );
#1184 = ADVANCED_FACE ( 'NONE', ( #21 ), #2949, .F. ) ;
#1185 = CARTESIAN_POINT ( 'NONE',  ( 3.117419354838710355, 0.6135999999999998122, -1.700000000000000178 ) ) ;
#1186 = DIRECTION ( 'NONE',  ( 1.000000000000000000, 0.000000000000000000, -0.000000000000000000 ) ) ;
#1187 = EDGE_LOOP ( 'NONE', ( #333, #3348, #400, #1381 ) ) ;
#1188 = ORIENTED_EDGE ( 'NONE', *, *, #85, .T. ) ;
#1189 = VECTOR ( 'NONE', #296, 1000.000000000000000 ) ;
#1190 = DIRECTION ( 'NONE',  ( -0.3329926985273675699, -0.000000000000000000, -0.9429294049542953360 ) ) ;
#1191 = EDGE_LOOP ( 'NONE', ( #2429, #1072, #2104, #2215 ) ) ;
#1192 = FACE_OUTER_BOUND ( 'NONE', #278, .T. ) ;
#1193 = FILL_AREA_STYLE ('',( #1174 ) ) ;
#1194 = DIRECTION ( 'NONE',  ( -1.000000000000000000, 0.000000000000000000, 0.000000000000000000 ) ) ;
#1195 =( NAMED_UNIT ( * ) SI_UNIT ( $, .STERADIAN. ) SOLID_ANGLE_UNIT ( ) );
#1196 = EDGE_LOOP ( 'NONE', ( #360, #2744, #2011, #38, #1235, #1247, #3301, #1372, #3399 ) ) ;
#1197 = DIRECTION ( 'NONE',  ( 0.000000000000000000, 1.000000000000000000, 0.000000000000000000 ) ) ;
#1198 = CARTESIAN_POINT ( 'NONE',  ( 0.6087096774193547777, 0.6317999999999998062, -1.700000000000000178 ) ) ;
#1199 = EDGE_CURVE ( 'NONE', #2, #1276, #2995, .T. ) ;
#1200 = ORIENTED_EDGE ( 'NONE', *, *, #1327, .T. ) ;
#1201 = LINE ( 'NONE', #115, #2883 ) ;
#1202 = UNCERTAINTY_MEASURE_WITH_UNIT (LENGTH_MEASURE( 1.000000000000000082E-05 ), #1074, 'distance_accuracy_value', 'NONE');
#1203 = CARTESIAN_POINT ( 'NONE',  ( 1.404736605415314532, 0.6318999999999996842, -0.7825543196526650869 ) ) ;
#1204 = VERTEX_POINT ( 'NONE', #111 ) ;
#1205 =( NAMED_UNIT ( * ) PLANE_ANGLE_UNIT ( ) SI_UNIT ( $, .RADIAN. ) );
#1206 = ORIENTED_EDGE ( 'NONE', *, *, #1176, .T. ) ;
#1207 = PRESENTATION_STYLE_ASSIGNMENT (( #3067 ) ) ;
#1208 = VERTEX_POINT ( 'NONE', #2521 ) ;
#1209 = CARTESIAN_POINT ( 'NONE',  ( 1.064890738813735860, 0.6318999999999996842, -0.7118750000000001465 ) ) ;
#1210 = CARTESIAN_POINT ( 'NONE',  ( 1.476774743695512981, 0.6318999999999996842, -0.8536267486281550187 ) ) ;
#1211 = LINE ( 'NONE', #3035, #812 ) ;
#1212 = FILL_AREA_STYLE ('',( #149 ) ) ;
#1213 = ORIENTED_EDGE ( 'NONE', *, *, #2270, .F. ) ;
#1214 = DIRECTION ( 'NONE',  ( 0.4560961842850325687, 0.000000000000000000, 0.8899304864317402197 ) ) ;
#1215 = FACE_OUTER_BOUND ( 'NONE', #1795, .T. ) ;
#1216 = ADVANCED_FACE ( 'NONE', ( #2847 ), #677, .T. ) ;
#1217 =( GEOMETRIC_REPRESENTATION_CONTEXT ( 3 ) GLOBAL_UNCERTAINTY_ASSIGNED_CONTEXT ( ( #2261 ) ) GLOBAL_UNIT_ASSIGNED_CONTEXT ( ( #2678, #2303, #1032 ) ) REPRESENTATION_CONTEXT ( 'NONE', 'WORKASPACE' ) );
#1218 = ORIENTED_EDGE ( 'NONE', *, *, #1631, .F. ) ;
#1219 = VECTOR ( 'NONE', #1039, 1000.000000000000000 ) ;
#1220 = AXIS2_PLACEMENT_3D ( 'NONE', #1961, #1358, #1177 ) ;
#1221 = EDGE_CURVE ( 'NONE', #454, #397, #358, .T. ) ;
#1222 = CARTESIAN_POINT ( 'NONE',  ( 9.147955830346443662E-17, 0.5954000000000000403, -1.700000000000000178 ) ) ;
#1223 = EDGE_LOOP ( 'NONE', ( #3085, #710, #268, #1349 ) ) ;
#1224 = VECTOR ( 'NONE', #1553, 1000.000000000000000 ) ;
#1225 = PLANE ( 'NONE',  #243 ) ;
#1226 = VECTOR ( 'NONE', #1978, 1000.000000000000000 ) ;
#1227 = EDGE_LOOP ( 'NONE', ( #629, #639, #2376, #586 ) ) ;
#1228 = EDGE_CURVE ( 'NONE', #3369, #774, #1625, .T. ) ;
#1229 = CARTESIAN_POINT ( 'NONE',  ( 0.000000000000000000, 0.000000000000000000, 0.000000000000000000 ) ) ;
#1230 = CARTESIAN_POINT ( 'NONE',  ( 1.943090380298068576, 0.6317999999999995842, -0.7118749999999998135 ) ) ;
#1231 = LINE ( 'NONE', #1839, #2116 ) ;
#1232 = ORIENTED_EDGE ( 'NONE', *, *, #385, .T. ) ;
#1233 = LINE ( 'NONE', #1775, #1971 ) ;
#1234 =( NAMED_UNIT ( * ) SI_UNIT ( $, .STERADIAN. ) SOLID_ANGLE_UNIT ( ) );
#1235 = ORIENTED_EDGE ( 'NONE', *, *, #3476, .T. ) ;
#1236 =( GEOMETRIC_REPRESENTATION_CONTEXT ( 3 ) GLOBAL_UNCERTAINTY_ASSIGNED_CONTEXT ( ( #978 ) ) GLOBAL_UNIT_ASSIGNED_CONTEXT ( ( #3409, #2030, #433 ) ) REPRESENTATION_CONTEXT ( 'NONE', 'WORKASPACE' ) );
#1237 = DIRECTION ( 'NONE',  ( 3.282252670610414307E-16, 1.000000000000000000, -0.000000000000000000 ) ) ;
#1238 = DIRECTION ( 'NONE',  ( 1.000000000000000000, -0.000000000000000000, -0.000000000000000000 ) ) ;
#1239 = STYLED_ITEM ( 'NONE', ( #2016 ), #2535 ) ;
#1240 = DIRECTION ( 'NONE',  ( 0.000000000000000000, 1.000000000000000000, -0.000000000000000000 ) ) ;
#1241 = VECTOR ( 'NONE', #2874, 1000.000000000000000 ) ;
#1242 = PRESENTATION_STYLE_ASSIGNMENT (( #3461 ) ) ;
#1243 = VERTEX_POINT ( 'NONE', #2235 ) ;
#1244 = VERTEX_POINT ( 'NONE', #2723 ) ;
#1245 = DIRECTION ( 'NONE',  ( -1.000000000000000000, 0.000000000000000000, 0.000000000000000000 ) ) ;
#1246 = PRESENTATION_LAYER_ASSIGNMENT (  '', '', ( #989 ) ) ;
#1247 = ORIENTED_EDGE ( 'NONE', *, *, #2412, .T. ) ;
#1248 = CARTESIAN_POINT ( 'NONE',  ( 1.363942052780253489, 0.6317999999999996952, -0.7118750000000001465 ) ) ;
#1249 = DIRECTION ( 'NONE',  ( 1.000000000000000000, 0.000000000000000000, 0.000000000000000000 ) ) ;
#1250 = VERTEX_POINT ( 'NONE', #396 ) ;
#1251 = CARTESIAN_POINT ( 'NONE',  ( 0.000000000000000000, 0.000000000000000000, 0.000000000000000000 ) ) ;
#1252 = LINE ( 'NONE', #684, #1055 ) ;
#1253 = CARTESIAN_POINT ( 'NONE',  ( 1.627582568898590765, 0.6318999999999996842, -0.9945922786051791809 ) ) ;
#1254 = CARTESIAN_POINT ( 'NONE',  ( 1.876194882181912993, 0.6317999999999996952, -0.9474727321709829342 ) ) ;
#1255 = DIRECTION ( 'NONE',  ( -2.900875377887637630E-16, 1.000000000000000000, 0.000000000000000000 ) ) ;
#1256 = ADVANCED_FACE ( 'NONE', ( #3073 ), #2285, .T. ) ;
#1257 = VERTEX_POINT ( 'NONE', #831 ) ;
#1258 = ADVANCED_FACE ( 'NONE', ( #3095 ), #306, .T. ) ;
#1259 = CARTESIAN_POINT ( 'NONE',  ( 3.117419354838710355, 0.000000000000000000, 0.000000000000000000 ) ) ;
#1260 = CARTESIAN_POINT ( 'NONE',  ( 1.867658053610169233, 0.6318999999999996842, -0.7818929250807219455 ) ) ;
#1261 = EDGE_CURVE ( 'NONE', #3155, #2481, #838, .T. ) ;
#1262 = ORIENTED_EDGE ( 'NONE', *, *, #2824, .T. ) ;
#1263 = LINE ( 'NONE', #1248, #2454 ) ;
#1264 = CARTESIAN_POINT ( 'NONE',  ( 2.009985878414224381, 0.6317999999999996952, -0.9171364618970205829 ) ) ;
#1265 = ORIENTED_EDGE ( 'NONE', *, *, #1199, .T. ) ;
#1266 = LINE ( 'NONE', #1621, #2486 ) ;
#1267 =( BOUNDED_SURFACE ( )  B_SPLINE_SURFACE ( 3, 1, ( 
 ( #2565, #2789 ),
 ( #1420, #943 ),
 ( #3079, #661 ),
 ( #1469, #3428 ) ),
 .UNSPECIFIED., .F., .F., .F. ) 
 B_SPLINE_SURFACE_WITH_KNOTS ( ( 4, 4 ),
 ( 2, 2 ),
 ( 0.000000000000000000, 0.5000000011476735118 ),
 ( 0.000000000000000000, 1.000000000000000000 ),
 .UNSPECIFIED. ) 
 GEOMETRIC_REPRESENTATION_ITEM ( )  RATIONAL_B_SPLINE_SURFACE ( (
 ( 1.000000000000000000, 1.000000000000000000),
 ( 0.3333333333333333703, 0.3333333333333333703),
 ( 0.3333333333333333703, 0.3333333333333333703),
 ( 1.000000000000000000, 1.000000000000000000) ) ) 
 REPRESENTATION_ITEM ( '' )  SURFACE ( )  );
#1268 = PRESENTATION_LAYER_ASSIGNMENT (  '', '', ( #1003 ) ) ;
#1269 = FACE_OUTER_BOUND ( 'NONE', #3134, .T. ) ;
#1270 = VECTOR ( 'NONE', #707, 1000.000000000000000 ) ;
#1271 = PLANE ( 'NONE',  #676 ) ;
#1272 =( LENGTH_UNIT ( ) NAMED_UNIT ( * ) SI_UNIT ( .MILLI., .METRE. ) );
#1273 = EDGE_LOOP ( 'NONE', ( #1745, #623, #174, #2265 ) ) ;
#1274 = VECTOR ( 'NONE', #2782, 1000.000000000000000 ) ;
#1275 = LINE ( 'NONE', #945, #2177 ) ;
#1276 = VERTEX_POINT ( 'NONE', #927 ) ;
#1277 = VECTOR ( 'NONE', #2766, 1000.000000000000000 ) ;
#1278 = CARTESIAN_POINT ( 'NONE',  ( 1.551958472390177368, 0.6317999999999996952, -0.8185742333776780955 ) ) ;
#1279 = CARTESIAN_POINT ( 'NONE',  ( 1.867658053610169233, 0.6317999999999996952, -0.7118750000000001465 ) ) ;
#1280 = AXIS2_PLACEMENT_3D ( 'NONE', #3209, #2613, #259 ) ;
#1281 = EDGE_LOOP ( 'NONE', ( #448, #2719, #690, #3482 ) ) ;
#1282 = STYLED_ITEM ( 'NONE', ( #2827 ), #2067 ) ;
#1283 = CARTESIAN_POINT ( 'NONE',  ( 1.303500911416175523, 0.6317999999999994731, -0.8654986222233127524 ) ) ;
#1284 = CARTESIAN_POINT ( 'NONE',  ( 1.949504097186375517, 0.6317999999999996952, -0.8958355210322100914 ) ) ;
#1285 = ORIENTED_EDGE ( 'NONE', *, *, #732, .T. ) ;
#1286 = CARTESIAN_POINT ( 'NONE',  ( 1.627582568898590765, 0.6317999999999996952, -0.9189495764011172962 ) ) ;
#1287 = PLANE ( 'NONE',  #3394 ) ;
#1288 = VECTOR ( 'NONE', #3241, 1000.000000000000000 ) ;
#1289 = AXIS2_PLACEMENT_3D ( 'NONE', #2355, #694, #1245 ) ;
#1290 = EDGE_LOOP ( 'NONE', ( #747, #2668, #2522, #3223 ) ) ;
#1291 = EDGE_CURVE ( 'NONE', #2168, #2571, #1516, .T. ) ;
#1292 =( NAMED_UNIT ( * ) PLANE_ANGLE_UNIT ( ) SI_UNIT ( $, .RADIAN. ) );
#1293 = ORIENTED_EDGE ( 'NONE', *, *, #3071, .F. ) ;
#1294 = CARTESIAN_POINT ( 'NONE',  ( 1.949504097186375517, 0.6317999999999994731, -0.8532336393025896637 ) ) ;
#1295 = DIRECTION ( 'NONE',  ( 1.000000000000000000, 0.000000000000000000, 0.000000000000000000 ) ) ;
#1296 = DIRECTION ( 'NONE',  ( 0.000000000000000000, 0.000000000000000000, -1.000000000000000000 ) ) ;
#1297 = ORIENTED_EDGE ( 'NONE', *, *, #3343, .F. ) ;
#1298 = CARTESIAN_POINT ( 'NONE',  ( 3.117419354838710355, 0.6135999999999998122, -1.700000000000000178 ) ) ;
#1299 = LINE ( 'NONE', #462, #785 ) ;
#1300 =( GEOMETRIC_REPRESENTATION_CONTEXT ( 3 ) GLOBAL_UNCERTAINTY_ASSIGNED_CONTEXT ( ( #2375 ) ) GLOBAL_UNIT_ASSIGNED_CONTEXT ( ( #3009, #3309, #592 ) ) REPRESENTATION_CONTEXT ( 'NONE', 'WORKASPACE' ) );
#1301 =( NAMED_UNIT ( * ) SI_UNIT ( $, .STERADIAN. ) SOLID_ANGLE_UNIT ( ) );
#1302 = VERTEX_POINT ( 'NONE', #2997 ) ;
#1303 =( NAMED_UNIT ( * ) SI_UNIT ( $, .STERADIAN. ) SOLID_ANGLE_UNIT ( ) );
#1304 = CARTESIAN_POINT ( 'NONE',  ( 0.6087096774193547777, 0.6317999999999998062, 0.000000000000000000 ) ) ;
#1305 = CARTESIAN_POINT ( 'NONE',  ( 2.143776874646535546, 0.6318999999999996842, -0.9474727321709829342 ) ) ;
#1306 = DIRECTION ( 'NONE',  ( -0.000000000000000000, -1.000000000000000000, -0.000000000000000000 ) ) ;
#1307 =( NAMED_UNIT ( * ) PLANE_ANGLE_UNIT ( ) SI_UNIT ( $, .RADIAN. ) );
#1308 = ORIENTED_EDGE ( 'NONE', *, *, #3343, .T. ) ;
#1309 = UNCERTAINTY_MEASURE_WITH_UNIT (LENGTH_MEASURE( 1.000000000000000082E-05 ), #2529, 'distance_accuracy_value', 'NONE');
#1310 = ORIENTED_EDGE ( 'NONE', *, *, #3172, .F. ) ;
#1311 = PRESENTATION_STYLE_ASSIGNMENT (( #1837 ) ) ;
#1312 = LINE ( 'NONE', #59, #3166 ) ;
#1313 = SURFACE_SIDE_STYLE ('',( #1364 ) ) ;
#1314 = VERTEX_POINT ( 'NONE', #2453 ) ;
#1315 = CARTESIAN_POINT ( 'NONE',  ( 2.040226769028148368, 0.6317999999999996952, -0.9171364618970205829 ) ) ;
#1316 = DIRECTION ( 'NONE',  ( 0.000000000000000000, 0.000000000000000000, 1.000000000000000000 ) ) ;
#1317 = DIRECTION ( 'NONE',  ( 1.000000000000000000, 0.000000000000000000, 0.000000000000000000 ) ) ;
#1318 = ORIENTED_EDGE ( 'NONE', *, *, #773, .T. ) ;
#1319 = LINE ( 'NONE', #3253, #2675 ) ;
#1320 = EDGE_CURVE ( 'NONE', #297, #2439, #2670, .T. ) ;
#1321 = CARTESIAN_POINT ( 'NONE',  ( 1.854030687919280274, 0.6318999999999996842, -0.8216764980901485327 ) ) ;
#1322 = EDGE_CURVE ( 'NONE', #112, #3013, #1916, .T. ) ;
#1323 = DIRECTION ( 'NONE',  ( 0.000000000000000000, 1.000000000000000000, 0.000000000000000000 ) ) ;
#1324 = DIRECTION ( 'NONE',  ( 1.000000000000000000, 0.000000000000000000, 0.000000000000000000 ) ) ;
#1325 = DIRECTION ( 'NONE',  ( 0.3878360833693558773, 0.000000000000000000, -0.9217283615234577177 ) ) ;
#1326 = FACE_OUTER_BOUND ( 'NONE', #34, .T. ) ;
#1327 = EDGE_CURVE ( 'NONE', #2087, #2015, #1988, .T. ) ;
#1328 = COLOUR_RGB ( '',0.8980392156862745390, 0.9215686274509803377, 0.9294117647058823817 ) ;
#1329 = CARTESIAN_POINT ( 'NONE',  ( 0.000000000000000000, 0.5954000000000000403, -1.700000000000000178 ) ) ;
#1330 = ORIENTED_EDGE ( 'NONE', *, *, #99, .F. ) ;
#1331 = STYLED_ITEM ( 'NONE', ( #40 ), #1256 ) ;
#1332 = CARTESIAN_POINT ( 'NONE',  ( 0.000000000000000000, 0.000000000000000000, -1.700000000000000178 ) ) ;
#1333 = STYLED_ITEM ( 'NONE', ( #2223 ), #1649 ) ;
#1334 = ADVANCED_FACE ( 'NONE', ( #3367 ), #1459, .F. ) ;
#1335 = ORIENTED_EDGE ( 'NONE', *, *, #2727, .T. ) ;
#1336 = CARTESIAN_POINT ( 'NONE',  ( 2.070467659642073244, 0.6318999999999996842, -0.8106317575729690139 ) ) ;
#1337 = CARTESIAN_POINT ( 'NONE',  ( 1.876194882181912993, 0.6317999999999996952, -0.7589945464341965042 ) ) ;
#1338 = SURFACE_STYLE_USAGE ( .BOTH. , #309 ) ;
#1339 = CARTESIAN_POINT ( 'NONE',  ( 1.513464877997732216, 0.6317999999999998062, -0.7808469582081406513 ) ) ;
#1340 = EDGE_CURVE ( 'NONE', #397, #1494, #1653, .T. ) ;
#1341 = VECTOR ( 'NONE', #3299, 1000.000000000000000 ) ;
#1342 = ORIENTED_EDGE ( 'NONE', *, *, #2973, .F. ) ;
#1343 = EDGE_CURVE ( 'NONE', #3393, #2564, #2756, .T. ) ;
#1344 = DIRECTION ( 'NONE',  ( 0.000000000000000000, 1.000000000000000000, 0.000000000000000000 ) ) ;
#1345 = SURFACE_SIDE_STYLE ('',( #770 ) ) ;
#1346 = CARTESIAN_POINT ( 'NONE',  ( 3.117419354838710355, 0.000000000000000000, -1.700000000000000178 ) ) ;
#1347 = ORIENTED_EDGE ( 'NONE', *, *, #2787, .T. ) ;
#1348 = UNCERTAINTY_MEASURE_WITH_UNIT (LENGTH_MEASURE( 1.000000000000000082E-05 ), #1969, 'distance_accuracy_value', 'NONE');
#1349 = ORIENTED_EDGE ( 'NONE', *, *, #541, .T. ) ;
#1350 = DIRECTION ( 'NONE',  ( 1.000000000000000000, 0.000000000000000000, 0.000000000000000000 ) ) ;
#1351 = FACE_OUTER_BOUND ( 'NONE', #3001, .T. ) ;
#1352 = LINE ( 'NONE', #3315, #155 ) ;
#1353 = AXIS2_PLACEMENT_3D ( 'NONE', #1908, #1860, #2730 ) ;
#1354 = ORIENTED_EDGE ( 'NONE', *, *, #3337, .F. ) ;
#1355 = CARTESIAN_POINT ( 'NONE',  ( 1.477140901517336458, 0.6317999999999996952, -0.8465279410138286664 ) ) ;
#1356 = VECTOR ( 'NONE', #1146, 1000.000000000000000 ) ;
#1357 = ORIENTED_EDGE ( 'NONE', *, *, #1228, .F. ) ;
#1358 = DIRECTION ( 'NONE',  ( 1.000000000000000000, 1.536438668180457580E-16, 0.000000000000000000 ) ) ;
#1359 = FILL_AREA_STYLE_COLOUR ( '', #1891 ) ;
#1360 = EDGE_LOOP ( 'NONE', ( #2246, #2836, #725, #3449 ) ) ;
#1361 =( NAMED_UNIT ( * ) SI_UNIT ( $, .STERADIAN. ) SOLID_ANGLE_UNIT ( ) );
#1362 = ORIENTED_EDGE ( 'NONE', *, *, #3106, .F. ) ;
#1363 = CARTESIAN_POINT ( 'NONE',  ( 1.529296437207103398, 0.6317999999999996952, -0.8185742333776780955 ) ) ;
#1364 = SURFACE_STYLE_FILL_AREA ( #858 ) ;
#1365 = ADVANCED_FACE ( 'NONE', ( #2209 ), #2793, .T. ) ;
#1366 = EDGE_CURVE ( 'NONE', #892, #1880, #2294, .T. ) ;
#1367 = ORIENTED_EDGE ( 'NONE', *, *, #1073, .T. ) ;
#1368 = EDGE_CURVE ( 'NONE', #2286, #3155, #2007, .T. ) ;
#1369 = LINE ( 'NONE', #1618, #1724 ) ;
#1370 = DIRECTION ( 'NONE',  ( 0.000000000000000000, 1.000000000000000000, 0.000000000000000000 ) ) ;
#1371 = PLANE ( 'NONE',  #3302 ) ;
#1372 = ORIENTED_EDGE ( 'NONE', *, *, #3314, .T. ) ;
#1373 = LINE ( 'NONE', #1587, #525 ) ;
#1374 = CARTESIAN_POINT ( 'NONE',  ( 1.164281206933811541, 0.6318999999999996842, -0.7118750000000001465 ) ) ;
#1375 = CARTESIAN_POINT ( 'NONE',  ( 1.164281206933811541, 0.6317999999999996952, -0.7118750000000001465 ) ) ;
#1376 = UNCERTAINTY_MEASURE_WITH_UNIT (LENGTH_MEASURE( 1.000000000000000082E-05 ), #2341, 'distance_accuracy_value', 'NONE');
#1377 = ORIENTED_EDGE ( 'NONE', *, *, #1517, .T. ) ;
#1378 = DIRECTION ( 'NONE',  ( -1.000000000000000000, 0.000000000000000000, 0.000000000000000000 ) ) ;
#1379 = AXIS2_PLACEMENT_3D ( 'NONE', #2779, #1194, #3372 ) ;
#1380 = DIRECTION ( 'NONE',  ( 0.000000000000000000, 1.000000000000000000, 0.000000000000000000 ) ) ;
#1381 = ORIENTED_EDGE ( 'NONE', *, *, #716, .T. ) ;
#1382 = VECTOR ( 'NONE', #180, 1000.000000000000000 ) ;
#1383 = EDGE_CURVE ( 'NONE', #669, #3499, #1753, .T. ) ;
#1384 = STYLED_ITEM ( 'NONE', ( #887 ), #1334 ) ;
#1385 = VERTEX_POINT ( 'NONE', #2884 ) ;
#1386 = CARTESIAN_POINT ( 'NONE',  ( 1.303500911416173302, 0.6317999999999996952, -0.8654986222233127524 ) ) ;
#1387 = STYLED_ITEM ( 'NONE', ( #718 ), #3239 ) ;
#1388 = VECTOR ( 'NONE', #3069, 1000.000000000000000 ) ;
#1389 = DIRECTION ( 'NONE',  ( 0.000000000000000000, 0.000000000000000000, -1.000000000000000000 ) ) ;
#1390 = CARTESIAN_POINT ( 'NONE',  ( 1.854030687919280274, 0.6317999999999996952, -0.8216764980901485327 ) ) ;
#1391 = PLANE ( 'NONE',  #1555 ) ;
#1392 = SURFACE_SIDE_STYLE ('',( #1122 ) ) ;
#1393 = VERTEX_POINT ( 'NONE', #1515 ) ;
#1394 = ORIENTED_EDGE ( 'NONE', *, *, #1228, .T. ) ;
#1395 = DIRECTION ( 'NONE',  ( 0.000000000000000000, 1.000000000000000000, 0.000000000000000000 ) ) ;
#1396 = VECTOR ( 'NONE', #1395, 1000.000000000000000 ) ;
#1397 = FACE_OUTER_BOUND ( 'NONE', #1101, .T. ) ;
#1398 = LINE ( 'NONE', #1415, #2732 ) ;
#1399 =( BOUNDED_CURVE ( )  B_SPLINE_CURVE ( 3, ( #1481, #2790, #2291, #705 ),
 .UNSPECIFIED., .F., .F. ) 
 B_SPLINE_CURVE_WITH_KNOTS ( ( 4, 4 ),
 ( 0.000000000000000000, 0.5000000000000003331 ),
 .UNSPECIFIED. ) 
 CURVE ( )  GEOMETRIC_REPRESENTATION_ITEM ( )  RATIONAL_B_SPLINE_CURVE ( ( 1.000000000000000000, 0.6666666666666665186, 0.4999999999999998335, 0.5000000000000000000 ) ) 
 REPRESENTATION_ITEM ( '' )  );
#1400 = CARTESIAN_POINT ( 'NONE',  ( 2.558709677419355177, 0.000000000000000000, -1.700000000000000178 ) ) ;
#1401 = ORIENTED_EDGE ( 'NONE', *, *, #2479, .F. ) ;
#1402 = CARTESIAN_POINT ( 'NONE',  ( 1.050197775985987514, 0.6317999999999996952, -0.9945922786051791809 ) ) ;
#1403 = EDGE_CURVE ( 'NONE', #1409, #3462, #979, .T. ) ;
#1404 = PRESENTATION_LAYER_ASSIGNMENT (  '', '', ( #1087 ) ) ;
#1405 = CARTESIAN_POINT ( 'NONE',  ( 1.627582568898592985, 0.6318999999999996842, -0.7118750000000001465 ) ) ;
#1406 = ADVANCED_FACE ( 'NONE', ( #3207 ), #702, .F. ) ;
#1407 =( NAMED_UNIT ( * ) PLANE_ANGLE_UNIT ( ) SI_UNIT ( $, .RADIAN. ) );
#1408 = AXIS2_PLACEMENT_3D ( 'NONE', #3098, #2287, #136 ) ;
#1409 = VERTEX_POINT ( 'NONE', #167 ) ;
#1410 = SURFACE_STYLE_USAGE ( .BOTH. , #1676 ) ;
#1411 = PLANE ( 'NONE',  #3347 ) ;
#1412 = ORIENTED_EDGE ( 'NONE', *, *, #3197, .T. ) ;
#1413 = DIRECTION ( 'NONE',  ( 0.3878360833693558773, 0.000000000000000000, 0.9217283615234577177 ) ) ;
#1414 = DIRECTION ( 'NONE',  ( 1.000000000000000000, 0.000000000000000000, 0.000000000000000000 ) ) ;
#1415 = CARTESIAN_POINT ( 'NONE',  ( 1.551958472390177368, 0.6318999999999996842, -0.8185742333776780955 ) ) ;
#1416 = SURFACE_STYLE_USAGE ( .BOTH. , #2982 ) ;
#1417 = CARTESIAN_POINT ( 'NONE',  ( 1.064890738813735860, 0.6317999999999996952, -0.8087244907140513916 ) ) ;
#1418 = ORIENTED_EDGE ( 'NONE', *, *, #2624, .T. ) ;
#1419 = CARTESIAN_POINT ( 'NONE',  ( 1.949504097186375517, 0.6317999999999996952, -0.8532336393025896637 ) ) ;
#1420 = CARTESIAN_POINT ( 'NONE',  ( 1.949504097186375740, 0.6317999999999995842, -0.7254279941137279364 ) ) ;
#1421 = DIRECTION ( 'NONE',  ( 1.000000000000000000, 0.000000000000000000, 0.000000000000000000 ) ) ;
#1422 = ADVANCED_FACE ( 'NONE', ( #2612 ), #2968, .T. ) ;
#1423 = DIRECTION ( 'NONE',  ( 0.000000000000000000, 0.000000000000000000, 1.000000000000000000 ) ) ;
#1424 = ORIENTED_EDGE ( 'NONE', *, *, #3328, .T. ) ;
#1425 = ADVANCED_FACE ( 'NONE', ( #3311 ), #1391, .F. ) ;
#1426 = ORIENTED_EDGE ( 'NONE', *, *, #1851, .T. ) ;
#1427 = CARTESIAN_POINT ( 'NONE',  ( 1.854030687919280274, 0.6317999999999996952, -0.8216764980901485327 ) ) ;
#1428 = CARTESIAN_POINT ( 'NONE',  ( 1.876194882181912549, 0.6318999999999993511, -0.8532336393025896637 ) ) ;
#1429 = VECTOR ( 'NONE', #3146, 1000.000000000000000 ) ;
#1430 = EDGE_CURVE ( 'NONE', #2286, #2005, #888, .T. ) ;
#1431 = PRODUCT_RELATED_PRODUCT_CATEGORY ( 'part', '', ( #1743 ) ) ;
#1432 = SURFACE_STYLE_FILL_AREA ( #654 ) ;
#1433 = VERTEX_POINT ( 'NONE', #2689 ) ;
#1434 = SURFACE_SIDE_STYLE ('',( #373 ) ) ;
#1435 = CARTESIAN_POINT ( 'NONE',  ( 1.164281206933811541, 0.6318999999999996842, -0.7118750000000001465 ) ) ;
#1436 = VECTOR ( 'NONE', #646, 1000.000000000000000 ) ;
#1437 = EDGE_CURVE ( 'NONE', #3403, #1648, #576, .T. ) ;
#1438 =( GEOMETRIC_REPRESENTATION_CONTEXT ( 3 ) GLOBAL_UNCERTAINTY_ASSIGNED_CONTEXT ( ( #1628 ) ) GLOBAL_UNIT_ASSIGNED_CONTEXT ( ( #1800, #1292, #511 ) ) REPRESENTATION_CONTEXT ( 'NONE', 'WORKASPACE' ) );
#1439 = DIRECTION ( 'NONE',  ( 1.000000000000000000, 0.000000000000000000, 0.000000000000000000 ) ) ;
#1440 = UNCERTAINTY_MEASURE_WITH_UNIT (LENGTH_MEASURE( 1.000000000000000082E-05 ), #1704, 'distance_accuracy_value', 'NONE');
#1441 =( GEOMETRIC_REPRESENTATION_CONTEXT ( 3 ) GLOBAL_UNCERTAINTY_ASSIGNED_CONTEXT ( ( #2299 ) ) GLOBAL_UNIT_ASSIGNED_CONTEXT ( ( #3497, #1771, #473 ) ) REPRESENTATION_CONTEXT ( 'NONE', 'WORKASPACE' ) );
#1442 = DIRECTION ( 'NONE',  ( 0.000000000000000000, 0.000000000000000000, -1.000000000000000000 ) ) ;
#1443 = FILL_AREA_STYLE_COLOUR ( '', #901 ) ;
#1444 = EDGE_LOOP ( 'NONE', ( #1008, #3055, #1218, #734 ) ) ;
#1445 = LINE ( 'NONE', #2554, #2141 ) ;
#1446 = EDGE_CURVE ( 'NONE', #1673, #594, #3291, .T. ) ;
#1447 = ORIENTED_EDGE ( 'NONE', *, *, #304, .F. ) ;
#1448 = CARTESIAN_POINT ( 'NONE',  ( 1.363942052780253489, 0.6318999999999996842, -0.7118750000000001465 ) ) ;
#1449 = DIRECTION ( 'NONE',  ( 0.000000000000000000, 0.000000000000000000, 1.000000000000000000 ) ) ;
#1450 = CARTESIAN_POINT ( 'NONE',  ( 1.876194882181912549, 0.6317999999999995842, -0.8532336393025896637 ) ) ;
#1451 = DIRECTION ( 'NONE',  ( -0.8899304864317402197, 0.000000000000000000, 0.4560961842850325687 ) ) ;
#1452 = ORIENTED_EDGE ( 'NONE', *, *, #3337, .T. ) ;
#1453 = VECTOR ( 'NONE', #334, 1000.000000000000000 ) ;
#1454 = CARTESIAN_POINT ( 'NONE',  ( 1.664898715595232614, 0.6317999999999996952, -0.7118750000000001465 ) ) ;
#1455 = FACE_OUTER_BOUND ( 'NONE', #1738, .T. ) ;
#1456 = ORIENTED_EDGE ( 'NONE', *, *, #1322, .T. ) ;
#1457 =( NAMED_UNIT ( * ) SI_UNIT ( $, .STERADIAN. ) SOLID_ANGLE_UNIT ( ) );
#1458 = LINE ( 'NONE', #2548, #132 ) ;
#1459 = PLANE ( 'NONE',  #2759 ) ;
#1460 = MECHANICAL_DESIGN_GEOMETRIC_PRESENTATION_REPRESENTATION (  '', ( #2434 ), #1465 ) ;
#1461 = LINE ( 'NONE', #432, #1548 ) ;
#1462 = VERTEX_POINT ( 'NONE', #3213 ) ;
#1463 =( LENGTH_UNIT ( ) NAMED_UNIT ( * ) SI_UNIT ( .MILLI., .METRE. ) );
#1464 = ORIENTED_EDGE ( 'NONE', *, *, #756, .F. ) ;
#1465 =( GEOMETRIC_REPRESENTATION_CONTEXT ( 3 ) GLOBAL_UNCERTAINTY_ASSIGNED_CONTEXT ( ( #2859 ) ) GLOBAL_UNIT_ASSIGNED_CONTEXT ( ( #528, #58, #1457 ) ) REPRESENTATION_CONTEXT ( 'NONE', 'WORKASPACE' ) );
#1466 = CARTESIAN_POINT ( 'NONE',  ( 9.147955830346443662E-17, 0.5954000000000000403, -1.700000000000000178 ) ) ;
#1467 = COLOUR_RGB ( '',0.7921568627450980005, 0.8196078431372548767, 0.9333333333333333481 ) ;
#1468 = VERTEX_POINT ( 'NONE', #1321 ) ;
#1469 = CARTESIAN_POINT ( 'NONE',  ( 2.070467659642073244, 0.6317999999999994731, -0.8532336393025896637 ) ) ;
#1470 = CARTESIAN_POINT ( 'NONE',  ( 1.438223537976555555, 0.6317999999999996952, -0.7118750000000001465 ) ) ;
#1471 = PLANE ( 'NONE',  #2205 ) ;
#1472 = ADVANCED_FACE ( 'NONE', ( #2421 ), #2240, .T. ) ;
#1473 = EDGE_CURVE ( 'NONE', #2176, #3421, #1882, .T. ) ;
#1474 = CARTESIAN_POINT ( 'NONE',  ( 1.244144700686121263, 0.6317999999999996952, -0.9945922786051791809 ) ) ;
#1475 = VERTEX_POINT ( 'NONE', #1866 ) ;
#1476 = EDGE_CURVE ( 'NONE', #3496, #938, #2697, .T. ) ;
#1477 = CARTESIAN_POINT ( 'NONE',  ( 2.143776874646535546, 0.6318999999999996842, -0.8532336393025896637 ) ) ;
#1478 = EDGE_CURVE ( 'NONE', #1250, #1790, #2186, .T. ) ;
#1479 = VERTEX_POINT ( 'NONE', #3284 ) ;
#1480 = CARTESIAN_POINT ( 'NONE',  ( 0.7474999999999999423, 0.5954000000000000403, -1.700000000000000178 ) ) ;
#1481 = CARTESIAN_POINT ( 'NONE',  ( 1.538527601647626142, 0.6318999999999996842, -0.9945922786051791809 ) ) ;
#1482 = PLANE ( 'NONE',  #77 ) ;
#1483 = UNCERTAINTY_MEASURE_WITH_UNIT (LENGTH_MEASURE( 1.000000000000000082E-05 ), #2282, 'distance_accuracy_value', 'NONE');
#1484 = EDGE_CURVE ( 'NONE', #1314, #1479, #2979, .T. ) ;
#1485 = DIRECTION ( 'NONE',  ( 1.000000000000000000, 0.000000000000000000, 0.000000000000000000 ) ) ;
#1486 =( NAMED_UNIT ( * ) PLANE_ANGLE_UNIT ( ) SI_UNIT ( $, .RADIAN. ) );
#1487 = ORIENTED_EDGE ( 'NONE', *, *, #2864, .F. ) ;
#1488 =( NAMED_UNIT ( * ) SI_UNIT ( $, .STERADIAN. ) SOLID_ANGLE_UNIT ( ) );
#1489 = UNCERTAINTY_MEASURE_WITH_UNIT (LENGTH_MEASURE( 1.000000000000000082E-05 ), #2851, 'distance_accuracy_value', 'NONE');
#1490 = CARTESIAN_POINT ( 'NONE',  ( 1.949504097186375740, 0.6318999999999996842, -0.8106317575729689029 ) ) ;
#1491 = ORIENTED_EDGE ( 'NONE', *, *, #3151, .T. ) ;
#1492 = DIRECTION ( 'NONE',  ( 0.000000000000000000, 0.000000000000000000, -1.000000000000000000 ) ) ;
#1493 = DIRECTION ( 'NONE',  ( -1.536438668180457334E-16, -1.000000000000000000, -0.000000000000000000 ) ) ;
#1494 = VERTEX_POINT ( 'NONE', #3306 ) ;
#1495 = CARTESIAN_POINT ( 'NONE',  ( 1.476774743695512759, 0.6317999999999995842, -0.8536267486281551298 ) ) ;
#1496 = DIRECTION ( 'NONE',  ( -3.282252670610414307E-16, 1.000000000000000000, 0.000000000000000000 ) ) ;
#1497 = VECTOR ( 'NONE', #2706, 1000.000000000000000 ) ;
#1498 = ORIENTED_EDGE ( 'NONE', *, *, #1017, .F. ) ;
#1499 = CARTESIAN_POINT ( 'NONE',  ( 1.867658053610169233, 0.6317999999999996952, -0.7118750000000001465 ) ) ;
#1500 = COLOUR_RGB ( '',0.7921568627450980005, 0.8196078431372548767, 0.9333333333333333481 ) ;
#1501 = CARTESIAN_POINT ( 'NONE',  ( 1.404736605415314532, 0.6317999999999998062, -0.7825543196526650869 ) ) ;
#1502 = DIRECTION ( 'NONE',  ( 0.000000000000000000, 1.000000000000000000, 0.000000000000000000 ) ) ;
#1503 = CARTESIAN_POINT ( 'NONE',  ( 0.000000000000000000, 0.000000000000000000, 0.000000000000000000 ) ) ;
#1504 = AXIS2_PLACEMENT_3D ( 'NONE', #624, #1684, #3375 ) ;
#1505 = ORIENTED_EDGE ( 'NONE', *, *, #170, .T. ) ;
#1506 = CARTESIAN_POINT ( 'NONE',  ( 0.000000000000000000, 0.000000000000000000, -1.700000000000000178 ) ) ;
#1507 = LINE ( 'NONE', #3429, #3233 ) ;
#1508 = CARTESIAN_POINT ( 'NONE',  ( 1.243059770052095336, 0.6317999999999996952, -0.7118750000000001465 ) ) ;
#1509 = SURFACE_SIDE_STYLE ('',( #441 ) ) ;
#1510 = ORIENTED_EDGE ( 'NONE', *, *, #3056, .F. ) ;
#1511 = PLANE ( 'NONE',  #1897 ) ;
#1512 = DIRECTION ( 'NONE',  ( 0.000000000000000000, 0.000000000000000000, 1.000000000000000000 ) ) ;
#1513 = EDGE_LOOP ( 'NONE', ( #830, #2992, #1936, #1765 ) ) ;
#1514 =( NAMED_UNIT ( * ) PLANE_ANGLE_UNIT ( ) SI_UNIT ( $, .RADIAN. ) );
#1515 = CARTESIAN_POINT ( 'NONE',  ( 2.558709677419355177, 0.000000000000000000, -1.700000000000000178 ) ) ;
#1516 =( BOUNDED_CURVE ( )  B_SPLINE_CURVE ( 3, ( #123, #891, #104, #1171, #1974, #1711, #2814 ),
 .UNSPECIFIED., .F., .F. ) 
 B_SPLINE_CURVE_WITH_KNOTS ( ( 4, 3, 4 ),
 ( 0.000000000000000000, 0.5000000000000000000, 0.5357290076124406886 ),
 .UNSPECIFIED. ) 
 CURVE ( )  GEOMETRIC_REPRESENTATION_ITEM ( )  RATIONAL_B_SPLINE_CURVE ( ( 1.000000000000000000, 0.7783869647857027951, 0.7783869647857027951, 1.000000000000000000, 0.9841639723556245833, 0.9694595558157625970, 0.9558867503804139298 ) ) 
 REPRESENTATION_ITEM ( '' )  );
#1517 = EDGE_CURVE ( 'NONE', #1462, #510, #845, .T. ) ;
#1518 = CARTESIAN_POINT ( 'NONE',  ( 1.743262369448356219, 0.6317999999999996952, -0.7818929250807219455 ) ) ;
#1519 = CARTESIAN_POINT ( 'NONE',  ( 1.867658053610169233, 0.6317999999999996952, -0.9215767395690224184 ) ) ;
#1520 = SURFACE_SIDE_STYLE ('',( #708 ) ) ;
#1521 = ORIENTED_EDGE ( 'NONE', *, *, #727, .T. ) ;
#1522 = ORIENTED_EDGE ( 'NONE', *, *, #86, .T. ) ;
#1523 = VECTOR ( 'NONE', #2347, 1000.000000000000000 ) ;
#1524 = DIRECTION ( 'NONE',  ( 0.000000000000000000, 1.000000000000000000, 0.000000000000000000 ) ) ;
#1525 = CARTESIAN_POINT ( 'NONE',  ( 1.347073867548432169, 0.6317999999999996952, -0.7519638040136090718 ) ) ;
#1526 = VECTOR ( 'NONE', #2610, 1000.000000000000000 ) ;
#1527 = EDGE_LOOP ( 'NONE', ( #235, #795, #3165, #536 ) ) ;
#1528 = FILL_AREA_STYLE ('',( #3167 ) ) ;
#1529 = CARTESIAN_POINT ( 'NONE',  ( 2.070467659642073244, 0.6317999999999998062, -0.8532336393025897747 ) ) ;
#1530 = EDGE_LOOP ( 'NONE', ( #153, #3027, #2595, #897 ) ) ;
#1531 = CARTESIAN_POINT ( 'NONE',  ( 2.070467659642073244, 0.6317999999999996952, -0.8106317575729690139 ) ) ;
#1532 = FACE_OUTER_BOUND ( 'NONE', #865, .T. ) ;
#1533 = DIRECTION ( 'NONE',  ( -1.000000000000000000, 0.000000000000000000, 0.000000000000000000 ) ) ;
#1534 = CARTESIAN_POINT ( 'NONE',  ( -0.01847750982451878965, 0.6318999999999996842, -0.06444191779597348291 ) ) ;
#1535 = EDGE_LOOP ( 'NONE', ( #1213, #2513, #2888, #2476 ) ) ;
#1536 = LINE ( 'NONE', #2920, #3150 ) ;
#1537 = ORIENTED_EDGE ( 'NONE', *, *, #3382, .T. ) ;
#1538 = ORIENTED_EDGE ( 'NONE', *, *, #1343, .F. ) ;
#1539 = CARTESIAN_POINT ( 'NONE',  ( 1.504012044009837457, 0.6317999999999995842, -0.7786368729990869042 ) ) ;
#1540 = DIRECTION ( 'NONE',  ( 0.000000000000000000, 1.000000000000000000, 0.000000000000000000 ) ) ;
#1541 = FACE_OUTER_BOUND ( 'NONE', #1123, .T. ) ;
#1542 = ORIENTED_EDGE ( 'NONE', *, *, #1221, .T. ) ;
#1543 = PLANE ( 'NONE',  #2352 ) ;
#1544 = DIRECTION ( 'NONE',  ( 0.000000000000000000, 1.000000000000000000, 0.000000000000000000 ) ) ;
#1545 = EDGE_CURVE ( 'NONE', #1139, #134, #862, .T. ) ;
#1546 = VECTOR ( 'NONE', #745, 1000.000000000000000 ) ;
#1547 = FACE_OUTER_BOUND ( 'NONE', #2605, .T. ) ;
#1548 = VECTOR ( 'NONE', #3102, 1000.000000000000000 ) ;
#1549 = CARTESIAN_POINT ( 'NONE',  ( 1.743262369448356219, 0.6317999999999996952, -0.7818929250807219455 ) ) ;
#1550 = SURFACE_STYLE_FILL_AREA ( #3425 ) ;
#1551 = EDGE_LOOP ( 'NONE', ( #162, #1921, #1293, #3256 ) ) ;
#1552 = PRESENTATION_LAYER_ASSIGNMENT (  '', '', ( #1615 ) ) ;
#1553 = DIRECTION ( 'NONE',  ( 0.000000000000000000, 1.000000000000000000, 0.000000000000000000 ) ) ;
#1554 = ORIENTED_EDGE ( 'NONE', *, *, #803, .T. ) ;
#1555 = AXIS2_PLACEMENT_3D ( 'NONE', #54, #3296, #2211 ) ;
#1556 = SURFACE_STYLE_USAGE ( .BOTH. , #2035 ) ;
#1557 = MECHANICAL_DESIGN_GEOMETRIC_PRESENTATION_REPRESENTATION (  '', ( #1948 ), #2885 ) ;
#1558 = CARTESIAN_POINT ( 'NONE',  ( 9.147955830346443662E-17, 0.5954000000000000403, 0.000000000000000000 ) ) ;
#1559 = AXIS2_PLACEMENT_3D ( 'NONE', #1585, #1036, #2093 ) ;
#1560 = ORIENTED_EDGE ( 'NONE', *, *, #130, .F. ) ;
#1561 = PRESENTATION_LAYER_ASSIGNMENT (  '', '', ( #2068 ) ) ;
#1562 =( LENGTH_UNIT ( ) NAMED_UNIT ( * ) SI_UNIT ( .MILLI., .METRE. ) );
#1563 = ADVANCED_FACE ( 'NONE', ( #1924 ), #3051, .T. ) ;
#1564 = SURFACE_STYLE_FILL_AREA ( #2925 ) ;
#1565 = VERTEX_POINT ( 'NONE', #652 ) ;
#1566 = CARTESIAN_POINT ( 'NONE',  ( 1.322531775426516676, 0.6317999999999996952, -0.8207132955265563634 ) ) ;
#1567 =( NAMED_UNIT ( * ) SI_UNIT ( $, .STERADIAN. ) SOLID_ANGLE_UNIT ( ) );
#1568 = VECTOR ( 'NONE', #93, 1000.000000000000000 ) ;
#1569 = DIRECTION ( 'NONE',  ( 0.000000000000000000, 0.000000000000000000, 1.000000000000000000 ) ) ;
#1570 = ORIENTED_EDGE ( 'NONE', *, *, #3061, .F. ) ;
#1571 = DIRECTION ( 'NONE',  ( 0.000000000000000000, 0.000000000000000000, -1.000000000000000000 ) ) ;
#1572 = VERTEX_POINT ( 'NONE', #549 ) ;
#1573 = DIRECTION ( 'NONE',  ( -0.000000000000000000, 0.000000000000000000, 1.000000000000000000 ) ) ;
#1574 = VECTOR ( 'NONE', #2688, 1000.000000000000000 ) ;
#1575 = CARTESIAN_POINT ( 'NONE',  ( 1.284470047405829929, 0.6317999999999996952, -0.8207132955265563634 ) ) ;
#1576 = MECHANICAL_DESIGN_GEOMETRIC_PRESENTATION_REPRESENTATION (  '', ( #2781 ), #2671 ) ;
#1577 = VERTEX_POINT ( 'NONE', #3442 ) ;
#1578 = DIRECTION ( 'NONE',  ( 0.000000000000000000, 1.000000000000000000, 0.000000000000000000 ) ) ;
#1579 = EDGE_CURVE ( 'NONE', #2120, #2947, #3464, .T. ) ;
#1580 = DIRECTION ( 'NONE',  ( 0.000000000000000000, 0.000000000000000000, -1.000000000000000000 ) ) ;
#1581 = ADVANCED_FACE ( 'NONE', ( #775 ), #1007, .F. ) ;
#1582 = COLOUR_RGB ( '',0.1019607843137254888, 0.1019607843137254888, 0.1019607843137254888 ) ;
#1583 = CARTESIAN_POINT ( 'NONE',  ( 1.476774743695512759, 0.6318999999999996842, -0.8536267486281551298 ) ) ;
#1584 = EDGE_CURVE ( 'NONE', #49, #594, #253, .T. ) ;
#1585 = CARTESIAN_POINT ( 'NONE',  ( 1.164281206933811541, 0.6317999999999996952, -0.7118750000000001465 ) ) ;
#1586 = ORIENTED_EDGE ( 'NONE', *, *, #1484, .F. ) ;
#1587 = CARTESIAN_POINT ( 'NONE',  ( 2.369919354838710301, 0.6136000000000000343, -1.700000000000000178 ) ) ;
#1588 = FILL_AREA_STYLE ('',( #524 ) ) ;
#1589 = CARTESIAN_POINT ( 'NONE',  ( 0.5587096774193549553, -0.01819999999999996967, -1.700000000000000178 ) ) ;
#1590 = ADVANCED_FACE ( 'NONE', ( #2955 ), #1613, .T. ) ;
#1591 = ORIENTED_EDGE ( 'NONE', *, *, #2563, .T. ) ;
#1592 = EDGE_CURVE ( 'NONE', #1433, #3369, #1536, .T. ) ;
#1593 = DIRECTION ( 'NONE',  ( -1.000000000000000000, -2.900875377887637630E-16, 0.000000000000000000 ) ) ;
#1594 = CARTESIAN_POINT ( 'NONE',  ( 0.9696320752089526707, 0.6317999999999996952, -0.9945922786051791809 ) ) ;
#1595 = DIRECTION ( 'NONE',  ( 1.000000000000000000, 0.000000000000000000, 0.000000000000000000 ) ) ;
#1596 = ORIENTED_EDGE ( 'NONE', *, *, #314, .F. ) ;
#1597 = CARTESIAN_POINT ( 'NONE',  ( 2.070467659642072356, 0.6318999999999997952, -0.9810392844914512800 ) ) ;
#1598 = LINE ( 'NONE', #270, #2256 ) ;
#1599 = MANIFOLD_SOLID_BREP ( 'Scale1[3]', #178 ) ;
#1600 =( NAMED_UNIT ( * ) PLANE_ANGLE_UNIT ( ) SI_UNIT ( $, .RADIAN. ) );
#1601 = ORIENTED_EDGE ( 'NONE', *, *, #3426, .T. ) ;
#1602 = FACE_OUTER_BOUND ( 'NONE', #2833, .T. ) ;
#1603 = FACE_OUTER_BOUND ( 'NONE', #749, .T. ) ;
#1604 =( NAMED_UNIT ( * ) SI_UNIT ( $, .STERADIAN. ) SOLID_ANGLE_UNIT ( ) );
#1605 = ORIENTED_EDGE ( 'NONE', *, *, #3080, .T. ) ;
#1606 = LINE ( 'NONE', #246, #3109 ) ;
#1607 = CARTESIAN_POINT ( 'NONE',  ( 2.009985878414224381, 0.6318999999999996842, -0.8532336393025896637 ) ) ;
#1608 = CARTESIAN_POINT ( 'NONE',  ( 1.627582568898592985, 0.6318999999999996842, -0.7118750000000001465 ) ) ;
#1609 = CARTESIAN_POINT ( 'NONE',  ( 1.243059770052095336, 0.6318999999999996842, -0.7118750000000001465 ) ) ;
#1610 = EDGE_LOOP ( 'NONE', ( #403, #1762, #3485, #3037 ) ) ;
#1611 = PRESENTATION_LAYER_ASSIGNMENT (  '', '', ( #325 ) ) ;
#1612 =( NAMED_UNIT ( * ) SI_UNIT ( $, .STERADIAN. ) SOLID_ANGLE_UNIT ( ) );
#1613 = PLANE ( 'NONE',  #729 ) ;
#1614 = ORIENTED_EDGE ( 'NONE', *, *, #3122, .F. ) ;
#1615 = STYLED_ITEM ( 'NONE', ( #476 ), #1258 ) ;
#1616 = ORIENTED_EDGE ( 'NONE', *, *, #1366, .T. ) ;
#1617 = DIRECTION ( 'NONE',  ( -1.000000000000000000, 0.000000000000000000, 0.000000000000000000 ) ) ;
#1618 = CARTESIAN_POINT ( 'NONE',  ( -0.04129032258064516125, 0.6135999999999998122, -1.700000000000000178 ) ) ;
#1619 = MECHANICAL_DESIGN_GEOMETRIC_PRESENTATION_REPRESENTATION (  '', ( #2465 ), #965 ) ;
#1620 = CARTESIAN_POINT ( 'NONE',  ( 1.867658053610169233, 0.6317999999999996952, -0.9215767395690224184 ) ) ;
#1621 = CARTESIAN_POINT ( 'NONE',  ( 0.000000000000000000, 0.000000000000000000, -1.700000000000000178 ) ) ;
#1622 = VECTOR ( 'NONE', #1306, 1000.000000000000000 ) ;
#1623 = ORIENTED_EDGE ( 'NONE', *, *, #177, .T. ) ;
#1624 = DIRECTION ( 'NONE',  ( -1.141265444721583264E-16, 1.000000000000000000, 0.000000000000000000 ) ) ;
#1625 = LINE ( 'NONE', #1474, #556 ) ;
#1626 = CARTESIAN_POINT ( 'NONE',  ( 0.6087096774193547777, 0.6135999999999998122, 0.000000000000000000 ) ) ;
#1627 = ORIENTED_EDGE ( 'NONE', *, *, #3381, .F. ) ;
#1628 = UNCERTAINTY_MEASURE_WITH_UNIT (LENGTH_MEASURE( 1.000000000000000082E-05 ), #1800, 'distance_accuracy_value', 'NONE');
#1629 = EDGE_CURVE ( 'NONE', #793, #2381, #2391, .T. ) ;
#1630 = SURFACE_STYLE_FILL_AREA ( #3042 ) ;
#1631 = EDGE_CURVE ( 'NONE', #2604, #889, #11, .T. ) ;
#1632 = ORIENTED_EDGE ( 'NONE', *, *, #2149, .T. ) ;
#1633 = DIRECTION ( 'NONE',  ( 1.000000000000000000, 0.000000000000000000, 0.000000000000000000 ) ) ;
#1634 = VECTOR ( 'NONE', #2368, 1000.000000000000114 ) ;
#1635 = ORIENTED_EDGE ( 'NONE', *, *, #1340, .T. ) ;
#1636 = VECTOR ( 'NONE', #648, 1000.000000000000000 ) ;
#1637 = PRESENTATION_STYLE_ASSIGNMENT (( #571 ) ) ;
#1638 = AXIS2_PLACEMENT_3D ( 'NONE', #1904, #2898, #1001 ) ;
#1639 = VERTEX_POINT ( 'NONE', #3245 ) ;
#1640 = EDGE_CURVE ( 'NONE', #3068, #1790, #3312, .T. ) ;
#1641 = ORIENTED_EDGE ( 'NONE', *, *, #2179, .F. ) ;
#1642 = FACE_OUTER_BOUND ( 'NONE', #1273, .T. ) ;
#1643 = ORIENTED_EDGE ( 'NONE', *, *, #573, .F. ) ;
#1644 = DIRECTION ( 'NONE',  ( 0.000000000000000000, 0.000000000000000000, 1.000000000000000000 ) ) ;
#1645 = DIRECTION ( 'NONE',  ( 0.000000000000000000, 0.000000000000000000, -1.000000000000000000 ) ) ;
#1646 = DIRECTION ( 'NONE',  ( 0.000000000000000000, 0.000000000000000000, 1.000000000000000000 ) ) ;
#1647 =( BOUNDED_CURVE ( )  B_SPLINE_CURVE ( 3, ( #2409, #10, #546, #1875 ),
 .UNSPECIFIED., .F., .F. ) 
 B_SPLINE_CURVE_WITH_KNOTS ( ( 4, 4 ),
 ( 0.5357290076124406886, 1.000000000000000000 ),
 .UNSPECIFIED. ) 
 CURVE ( )  GEOMETRIC_REPRESENTATION_ITEM ( )  RATIONAL_B_SPLINE_CURVE ( ( 0.9558867503804139298, 0.7795185758902162254, 0.7942229924300782118, 1.000000000000000000 ) ) 
 REPRESENTATION_ITEM ( '' )  );
#1648 = VERTEX_POINT ( 'NONE', #2774 ) ;
#1649 = MANIFOLD_SOLID_BREP ( 'Lead2', #1861 ) ;
#1650 =( NAMED_UNIT ( * ) SI_UNIT ( $, .STERADIAN. ) SOLID_ANGLE_UNIT ( ) );
#1651 = DIRECTION ( 'NONE',  ( 0.000000000000000000, 1.000000000000000000, 0.000000000000000000 ) ) ;
#1652 =( NAMED_UNIT ( * ) PLANE_ANGLE_UNIT ( ) SI_UNIT ( $, .RADIAN. ) );
#1653 = LINE ( 'NONE', #1691, #1436 ) ;
#1654 = ORIENTED_EDGE ( 'NONE', *, *, #1776, .F. ) ;
#1655 = SURFACE_STYLE_FILL_AREA ( #2760 ) ;
#1656 = VERTEX_POINT ( 'NONE', #1786 ) ;
#1657 =( GEOMETRIC_REPRESENTATION_CONTEXT ( 3 ) GLOBAL_UNCERTAINTY_ASSIGNED_CONTEXT ( ( #2889 ) ) GLOBAL_UNIT_ASSIGNED_CONTEXT ( ( #815, #2081, #1567 ) ) REPRESENTATION_CONTEXT ( 'NONE', 'WORKASPACE' ) );
#1658 = COLOUR_RGB ( '',0.7921568627450980005, 0.8196078431372548767, 0.9333333333333333481 ) ;
#1659 = EDGE_LOOP ( 'NONE', ( #1701, #2733, #2568, #2908 ) ) ;
#1660 = VECTOR ( 'NONE', #2242, 1000.000000000000227 ) ;
#1661 = LINE ( 'NONE', #80, #2363 ) ;
#1662 =( NAMED_UNIT ( * ) SI_UNIT ( $, .STERADIAN. ) SOLID_ANGLE_UNIT ( ) );
#1663 = VECTOR ( 'NONE', #2473, 1000.000000000000000 ) ;
#1664 = FACE_OUTER_BOUND ( 'NONE', #1127, .T. ) ;
#1665 = ORIENTED_EDGE ( 'NONE', *, *, #2592, .F. ) ;
#1666 = EDGE_CURVE ( 'NONE', #2497, #210, #1147, .T. ) ;
#1667 = VECTOR ( 'NONE', #1930, 1000.000000000000000 ) ;
#1668 = MANIFOLD_SOLID_BREP ( 'Base', #1752 ) ;
#1669 =( BOUNDED_SURFACE ( )  B_SPLINE_SURFACE ( 3, 1, ( 
 ( #3116, #357 ),
 ( #3072, #1699 ),
 ( #2799, #2821 ),
 ( #1450, #1428 ) ),
 .UNSPECIFIED., .F., .F., .F. ) 
 B_SPLINE_SURFACE_WITH_KNOTS ( ( 4, 4 ),
 ( 2, 2 ),
 ( 0.5000000001195255006, 1.000000000000000000 ),
 ( 0.000000000000000000, 1.000000000000000000 ),
 .UNSPECIFIED. ) 
 GEOMETRIC_REPRESENTATION_ITEM ( )  RATIONAL_B_SPLINE_SURFACE ( (
 ( 1.000000000000000000, 1.000000000000000000),
 ( 0.3333333333333333703, 0.3333333333333333703),
 ( 0.3333333333333333703, 0.3333333333333333703),
 ( 1.000000000000000000, 1.000000000000000000) ) ) 
 REPRESENTATION_ITEM ( '' )  SURFACE ( )  );
#1670 = DIRECTION ( 'NONE',  ( 0.000000000000000000, 0.000000000000000000, 1.000000000000000000 ) ) ;
#1671 = STYLED_ITEM ( 'NONE', ( #2657 ), #1991 ) ;
#1672 = SURFACE_SIDE_STYLE ('',( #84 ) ) ;
#1673 = VERTEX_POINT ( 'NONE', #3064 ) ;
#1674 = DIRECTION ( 'NONE',  ( 0.000000000000000000, 1.000000000000000000, 0.000000000000000000 ) ) ;
#1675 = PRODUCT_DEFINITION_SHAPE ( 'NONE', 'NONE',  #1088 ) ;
#1676 = SURFACE_SIDE_STYLE ('',( #1733 ) ) ;
#1677 = ORIENTED_EDGE ( 'NONE', *, *, #1696, .F. ) ;
#1678 = CARTESIAN_POINT ( 'NONE',  ( -0.04129032258064516125, 0.6135999999999998122, 0.000000000000000000 ) ) ;
#1679 = SURFACE_STYLE_USAGE ( .BOTH. , #636 ) ;
#1680 = FILL_AREA_STYLE ('',( #3397 ) ) ;
#1681 = CARTESIAN_POINT ( 'NONE',  ( 1.268619046028804043, 0.6317999999999996952, -0.9945922786051791809 ) ) ;
#1682 = EDGE_LOOP ( 'NONE', ( #143, #2858 ) ) ;
#1683 = EDGE_CURVE ( 'NONE', #1302, #2481, #994, .T. ) ;
#1684 = DIRECTION ( 'NONE',  ( 0.000000000000000000, 1.000000000000000000, 0.000000000000000000 ) ) ;
#1685 = VECTOR ( 'NONE', #2279, 1000.000000000000000 ) ;
#1686 = EDGE_CURVE ( 'NONE', #1276, #49, #2042, .T. ) ;
#1687 = CARTESIAN_POINT ( 'NONE',  ( 0.000000000000000000, 0.000000000000000000, 0.000000000000000000 ) ) ;
#1688 = VECTOR ( 'NONE', #902, 1000.000000000000000 ) ;
#1689 = EDGE_CURVE ( 'NONE', #1693, #2959, #3140, .T. ) ;
#1690 = ADVANCED_FACE ( 'NONE', ( #723 ), #102, .T. ) ;
#1691 = CARTESIAN_POINT ( 'NONE',  ( 1.529296437207103398, 0.6318999999999996842, -0.8185742333776780955 ) ) ;
#1692 = VECTOR ( 'NONE', #973, 1000.000000000000000 ) ;
#1693 = VERTEX_POINT ( 'NONE', #961 ) ;
#1694 = PRESENTATION_STYLE_ASSIGNMENT (( #1954 ) ) ;
#1695 = ORIENTED_EDGE ( 'NONE', *, *, #188, .T. ) ;
#1696 = EDGE_CURVE ( 'NONE', #3148, #1468, #2010, .T. ) ;
#1697 = ORIENTED_EDGE ( 'NONE', *, *, #3153, .F. ) ;
#1698 = CARTESIAN_POINT ( 'NONE',  ( 2.070467659642073244, 0.6317999999999996952, -0.8532336393025896637 ) ) ;
#1699 = CARTESIAN_POINT ( 'NONE',  ( 2.143776874646535546, 0.6318999999999994621, -1.135950917907769142 ) ) ;
#1700 = LINE ( 'NONE', #2253, #2828 ) ;
#1701 = ORIENTED_EDGE ( 'NONE', *, *, #461, .F. ) ;
#1702 = FACE_OUTER_BOUND ( 'NONE', #2392, .T. ) ;
#1703 = CARTESIAN_POINT ( 'NONE',  ( 1.538527601647626142, 0.6318999999999996842, -0.9945922786051791809 ) ) ;
#1704 =( LENGTH_UNIT ( ) NAMED_UNIT ( * ) SI_UNIT ( .MILLI., .METRE. ) );
#1705 = LINE ( 'NONE', #2191, #746 ) ;
#1706 = CARTESIAN_POINT ( 'NONE',  ( 3.117419354838710355, 0.000000000000000000, -1.700000000000000178 ) ) ;
#1707 = PRESENTATION_STYLE_ASSIGNMENT (( #1769 ) ) ;
#1708 = ORIENTED_EDGE ( 'NONE', *, *, #340, .T. ) ;
#1709 = PRESENTATION_STYLE_ASSIGNMENT (( #1410 ) ) ;
#1710 = VERTEX_POINT ( 'NONE', #1253 ) ;
#1711 = CARTESIAN_POINT ( 'NONE',  ( 1.476774743695512759, 0.6318999999999994621, -0.8512368380647596933 ) ) ;
#1712 = FILL_AREA_STYLE ('',( #2815 ) ) ;
#1713 = FILL_AREA_STYLE_COLOUR ( '', #1328 ) ;
#1714 = ORIENTED_EDGE ( 'NONE', *, *, #1476, .F. ) ;
#1715 =( NAMED_UNIT ( * ) SI_UNIT ( $, .STERADIAN. ) SOLID_ANGLE_UNIT ( ) );
#1716 = LINE ( 'NONE', #620, #1568 ) ;
#1717 = FACE_OUTER_BOUND ( 'NONE', #2114, .T. ) ;
#1718 = DIRECTION ( 'NONE',  ( -1.000000000000000000, 0.000000000000000000, 0.000000000000000000 ) ) ;
#1719 = VECTOR ( 'NONE', #195, 1000.000000000000000 ) ;
#1720 = LINE ( 'NONE', #1400, #2065 ) ;
#1721 = EDGE_LOOP ( 'NONE', ( #2969, #2183, #3181, #3171 ) ) ;
#1722 = CARTESIAN_POINT ( 'NONE',  ( 1.404736605415314754, 0.6317999999999998062, -0.8532336393025895527 ) ) ;
#1723 = AXIS2_PLACEMENT_3D ( 'NONE', #2899, #224, #2369 ) ;
#1724 = VECTOR ( 'NONE', #804, 1000.000000000000000 ) ;
#1725 = AXIS2_PLACEMENT_3D ( 'NONE', #267, #1858, #1571 ) ;
#1726 = PRESENTATION_LAYER_ASSIGNMENT (  '', '', ( #1387 ) ) ;
#1727 = PRESENTATION_LAYER_ASSIGNMENT (  '', '', ( #1671 ) ) ;
#1728 = CARTESIAN_POINT ( 'NONE',  ( 2.369919354838710301, 0.5954000000000000403, -1.700000000000000178 ) ) ;
#1729 = SURFACE_SIDE_STYLE ('',( #2315 ) ) ;
#1730 = VERTEX_POINT ( 'NONE', #3440 ) ;
#1731 = VECTOR ( 'NONE', #1747, 1000.000000000000000 ) ;
#1732 = EDGE_CURVE ( 'NONE', #210, #1077, #41, .T. ) ;
#1733 = SURFACE_STYLE_FILL_AREA ( #947 ) ;
#1734 = EDGE_CURVE ( 'NONE', #321, #2439, #2405, .T. ) ;
#1735 = EDGE_LOOP ( 'NONE', ( #1859, #3234, #1178, #1616 ) ) ;
#1736 = EDGE_CURVE ( 'NONE', #2034, #1730, #543, .T. ) ;
#1737 = CARTESIAN_POINT ( 'NONE',  ( 1.404736605415314310, 0.6318999999999996842, -0.8532336393025896637 ) ) ;
#1738 = EDGE_LOOP ( 'NONE', ( #2345, #2967, #145, #46 ) ) ;
#1739 = ADVANCED_FACE ( 'NONE', ( #1664 ), #65, .T. ) ;
#1740 = FILL_AREA_STYLE_COLOUR ( '', #3453 ) ;
#1741 =( NAMED_UNIT ( * ) SI_UNIT ( $, .STERADIAN. ) SOLID_ANGLE_UNIT ( ) );
#1742 = CARTESIAN_POINT ( 'NONE',  ( 0.6087096774193547777, 0.6317999999999998062, 0.000000000000000000 ) ) ;
#1743 = PRODUCT ( 'RS_SMDCHIP_1206_L3.2W1.7T0.65B10.65B20.6', 'RS_SMDCHIP_1206_L3.2W1.7T0.65B10.65B20.6', '', ( #535 ) ) ;
#1744 = VECTOR ( 'NONE', #2687, 1000.000000000000227 ) ;
#1745 = ORIENTED_EDGE ( 'NONE', *, *, #1020, .F. ) ;
#1746 = AXIS2_PLACEMENT_3D ( 'NONE', #1279, #1295, #2628 ) ;
#1747 = DIRECTION ( 'NONE',  ( -1.000000000000000000, 0.000000000000000000, 0.000000000000000000 ) ) ;
#1748 = DIRECTION ( 'NONE',  ( 1.000000000000000000, 0.000000000000000000, 0.000000000000000000 ) ) ;
#1749 = LINE ( 'NONE', #181, #501 ) ;
#1750 = ORIENTED_EDGE ( 'NONE', *, *, #916, .F. ) ;
#1751 = CARTESIAN_POINT ( 'NONE',  ( 1.322531775426516676, 0.6317999999999996952, -0.8207132955265563634 ) ) ;
#1752 = CLOSED_SHELL ( 'NONE', ( #1258, #2535, #2931, #241, #1903, #948 ) ) ;
#1753 = LINE ( 'NONE', #1782, #161 ) ;
#1754 = STYLED_ITEM ( 'NONE', ( #3357 ), #241 ) ;
#1755 = DIRECTION ( 'NONE',  ( 1.000000000000000000, 0.000000000000000000, 0.000000000000000000 ) ) ;
#1756 = ORIENTED_EDGE ( 'NONE', *, *, #3222, .F. ) ;
#1757 = PRESENTATION_STYLE_ASSIGNMENT (( #105 ) ) ;
#1758 = CARTESIAN_POINT ( 'NONE',  ( 1.449333604157881039, 0.6317999999999995842, -0.9945922786027430185 ) ) ;
#1759 = VERTEX_POINT ( 'NONE', #638 ) ;
#1760 = FACE_OUTER_BOUND ( 'NONE', #1049, .T. ) ;
#1761 =( NAMED_UNIT ( * ) SI_UNIT ( $, .STERADIAN. ) SOLID_ANGLE_UNIT ( ) );
#1762 = ORIENTED_EDGE ( 'NONE', *, *, #719, .F. ) ;
#1763 = DIRECTION ( 'NONE',  ( -0.9203523691216554115, 0.000000000000000000, -0.3910901643510818482 ) ) ;
#1764 = FACE_OUTER_BOUND ( 'NONE', #491, .T. ) ;
#1765 = ORIENTED_EDGE ( 'NONE', *, *, #36, .F. ) ;
#1766 = UNCERTAINTY_MEASURE_WITH_UNIT (LENGTH_MEASURE( 1.000000000000000082E-05 ), #2227, 'distance_accuracy_value', 'NONE');
#1767 =( BOUNDED_SURFACE ( )  B_SPLINE_SURFACE ( 3, 1, ( 
 ( #2715, #778 ),
 ( #2940, #1597 ),
 ( #534, #2693 ),
 ( #1294, #2676 ) ),
 .UNSPECIFIED., .F., .F., .F. ) 
 B_SPLINE_SURFACE_WITH_KNOTS ( ( 4, 4 ),
 ( 2, 2 ),
 ( 0.5000000011476735118, 1.000000000000000000 ),
 ( 0.000000000000000000, 1.000000000000000000 ),
 .UNSPECIFIED. ) 
 GEOMETRIC_REPRESENTATION_ITEM ( )  RATIONAL_B_SPLINE_SURFACE ( (
 ( 1.000000000000000000, 1.000000000000000000),
 ( 0.3333333333333333703, 0.3333333333333333703),
 ( 0.3333333333333333703, 0.3333333333333333703),
 ( 1.000000000000000000, 1.000000000000000000) ) ) 
 REPRESENTATION_ITEM ( '' )  SURFACE ( )  );
#1768 = CARTESIAN_POINT ( 'NONE',  ( 1.627582568898590765, 0.6317999999999996952, -0.9945922786051791809 ) ) ;
#1769 = SURFACE_STYLE_USAGE ( .BOTH. , #1729 ) ;
#1770 = ORIENTED_EDGE ( 'NONE', *, *, #3066, .T. ) ;
#1771 =( NAMED_UNIT ( * ) PLANE_ANGLE_UNIT ( ) SI_UNIT ( $, .RADIAN. ) );
#1772 = FACE_OUTER_BOUND ( 'NONE', #1191, .T. ) ;
#1773 = FACE_OUTER_BOUND ( 'NONE', #1530, .T. ) ;
#1774 = ORIENTED_EDGE ( 'NONE', *, *, #3274, .T. ) ;
#1775 = CARTESIAN_POINT ( 'NONE',  ( 1.664898715595232614, 0.6318999999999996842, -0.7118750000000001465 ) ) ;
#1776 = EDGE_CURVE ( 'NONE', #1759, #454, #1700, .T. ) ;
#1777 = DIRECTION ( 'NONE',  ( -1.000000000000000000, 0.000000000000000000, 0.000000000000000000 ) ) ;
#1778 = EDGE_CURVE ( 'NONE', #3421, #120, #3359, .T. ) ;
#1779 = EDGE_LOOP ( 'NONE', ( #946, #1801, #1447, #2456 ) ) ;
#1780 = CARTESIAN_POINT ( 'NONE',  ( 2.143776874646535546, 0.6317999999999995842, -0.8532336393025896637 ) ) ;
#1781 = VECTOR ( 'NONE', #2703, 1000.000000000000000 ) ;
#1782 = CARTESIAN_POINT ( 'NONE',  ( 1.284470047405829929, 0.6317999999999996952, -0.8207132955265563634 ) ) ;
#1783 = MECHANICAL_DESIGN_GEOMETRIC_PRESENTATION_REPRESENTATION (  '', ( #2233 ), #2641 ) ;
#1784 = PRESENTATION_STYLE_ASSIGNMENT (( #74 ) ) ;
#1785 = VECTOR ( 'NONE', #2130, 1000.000000000000000 ) ;
#1786 = CARTESIAN_POINT ( 'NONE',  ( 1.664898715595232614, 0.6317999999999996952, -0.9945922786051791809 ) ) ;
#1787 = ORIENTED_EDGE ( 'NONE', *, *, #1446, .T. ) ;
#1788 = LINE ( 'NONE', #1209, #506 ) ;
#1789 = DIRECTION ( 'NONE',  ( -1.000000000000000000, 0.000000000000000000, 0.000000000000000000 ) ) ;
#1790 = VERTEX_POINT ( 'NONE', #655 ) ;
#1791 = SURFACE_STYLE_USAGE ( .BOTH. , #3469 ) ;
#1792 = DIRECTION ( 'NONE',  ( 1.000000000000000000, 0.000000000000000000, -0.000000000000000000 ) ) ;
#1793 = PLANE ( 'NONE',  #1559 ) ;
#1794 = EDGE_CURVE ( 'NONE', #1393, #2120, #1720, .T. ) ;
#1795 = EDGE_LOOP ( 'NONE', ( #1697, #601, #1265, #788 ) ) ;
#1796 = ADVANCED_FACE ( 'NONE', ( #3286 ), #2752, .T. ) ;
#1797 = SURFACE_SIDE_STYLE ('',( #2155 ) ) ;
#1798 = CARTESIAN_POINT ( 'NONE',  ( 1.449333604157881483, 0.6317999999999998062, -0.7118750000024358648 ) ) ;
#1799 = DIRECTION ( 'NONE',  ( 0.000000000000000000, 1.000000000000000000, 0.000000000000000000 ) ) ;
#1800 =( LENGTH_UNIT ( ) NAMED_UNIT ( * ) SI_UNIT ( .MILLI., .METRE. ) );
#1801 = ORIENTED_EDGE ( 'NONE', *, *, #604, .F. ) ;
#1802 = EDGE_CURVE ( 'NONE', #134, #2501, #2014, .T. ) ;
#1803 = VECTOR ( 'NONE', #222, 1000.000000000000000 ) ;
#1804 = FACE_OUTER_BOUND ( 'NONE', #3408, .T. ) ;
#1805 = CARTESIAN_POINT ( 'NONE',  ( 2.143776874646535546, 0.6317999999999996952, -0.8532336393025896637 ) ) ;
#1806 = VECTOR ( 'NONE', #1748, 1000.000000000000000 ) ;
#1807 = EDGE_LOOP ( 'NONE', ( #1832, #929, #990 ) ) ;
#1808 = EDGE_CURVE ( 'NONE', #950, #550, #934, .T. ) ;
#1809 = PLANE ( 'NONE',  #6 ) ;
#1810 = ORIENTED_EDGE ( 'NONE', *, *, #1802, .T. ) ;
#1811 = DIRECTION ( 'NONE',  ( -1.000000000000000000, 3.282252670610414307E-16, 0.000000000000000000 ) ) ;
#1812 = DIRECTION ( 'NONE',  ( 0.000000000000000000, 0.000000000000000000, -1.000000000000000000 ) ) ;
#1813 = LINE ( 'NONE', #2934, #2647 ) ;
#1814 = CARTESIAN_POINT ( 'NONE',  ( 1.284470047405829929, 0.6318999999999996842, -0.8207132955265563634 ) ) ;
#1815 = DIRECTION ( 'NONE',  ( 0.000000000000000000, 0.000000000000000000, -1.000000000000000000 ) ) ;
#1816 = EDGE_CURVE ( 'NONE', #2354, #3137, #975, .T. ) ;
#1817 = EDGE_LOOP ( 'NONE', ( #1173, #3339, #570, #597 ) ) ;
#1818 = DIRECTION ( 'NONE',  ( -0.9217283615234578287, 0.000000000000000000, 0.3878360833693559329 ) ) ;
#1819 = DIRECTION ( 'NONE',  ( 0.000000000000000000, 0.000000000000000000, -1.000000000000000000 ) ) ;
#1820 =( LENGTH_UNIT ( ) NAMED_UNIT ( * ) SI_UNIT ( .MILLI., .METRE. ) );
#1821 = ORIENTED_EDGE ( 'NONE', *, *, #1478, .F. ) ;
#1822 = CARTESIAN_POINT ( 'NONE',  ( 2.009985878414224381, 0.6318999999999996842, -0.7893308167081587445 ) ) ;
#1823 = FILL_AREA_STYLE_COLOUR ( '', #2764 ) ;
#1824 = FILL_AREA_STYLE_COLOUR ( '', #3278 ) ;
#1825 = ORIENTED_EDGE ( 'NONE', *, *, #1261, .F. ) ;
#1826 = CARTESIAN_POINT ( 'NONE',  ( 1.148886037081338296, 0.6317999999999996952, -0.8087244907140513916 ) ) ;
#1827 = CARTESIAN_POINT ( 'NONE',  ( 1.438223537976555555, 0.6318999999999996842, -0.7118750000000001465 ) ) ;
#1828 = CARTESIAN_POINT ( 'NONE',  ( 1.338382776803542562, 0.6318999999999996842, -0.9945922786051791809 ) ) ;
#1829 = VECTOR ( 'NONE', #452, 1000.000000000000000 ) ;
#1830 = CARTESIAN_POINT ( 'NONE',  ( 1.259927955283916434, 0.6317999999999996952, -0.7519638040136090718 ) ) ;
#1831 = LINE ( 'NONE', #3460, #735 ) ;
#1832 = ORIENTED_EDGE ( 'NONE', *, *, #3071, .T. ) ;
#1833 = VECTOR ( 'NONE', #1344, 1000.000000000000000 ) ;
#1834 = VERTEX_POINT ( 'NONE', #2111 ) ;
#1835 = MECHANICAL_DESIGN_GEOMETRIC_PRESENTATION_REPRESENTATION (  '', ( #2123 ), #1009 ) ;
#1836 = EDGE_CURVE ( 'NONE', #2448, #2420, #3204, .T. ) ;
#1837 = SURFACE_STYLE_USAGE ( .BOTH. , #2108 ) ;
#1838 = PRESENTATION_STYLE_ASSIGNMENT (( #292 ) ) ;
#1839 = CARTESIAN_POINT ( 'NONE',  ( 1.259927955283916434, 0.6317999999999996952, -0.7519638040136090718 ) ) ;
#1840 = ADVANCED_FACE ( 'NONE', ( #1602 ), #1078, .T. ) ;
#1841 = VECTOR ( 'NONE', #216, 1000.000000000000000 ) ;
#1842 = EDGE_CURVE ( 'NONE', #297, #1244, #3282, .T. ) ;
#1843 = ORIENTED_EDGE ( 'NONE', *, *, #2865, .F. ) ;
#1844 = CARTESIAN_POINT ( 'NONE',  ( 1.438223537976555555, 0.6317999999999996952, -0.7118750000000001465 ) ) ;
#1845 = DIRECTION ( 'NONE',  ( 0.000000000000000000, 1.000000000000000000, 0.000000000000000000 ) ) ;
#1846 = CARTESIAN_POINT ( 'NONE',  ( 1.050197775985987514, 0.6317999999999996952, -0.9945922786051791809 ) ) ;
#1847 = CARTESIAN_POINT ( 'NONE',  ( 1.476774743695512759, 0.6317999999999996952, -0.8536267486281551298 ) ) ;
#1848 = CARTESIAN_POINT ( 'NONE',  ( 0.000000000000000000, 0.000000000000000000, -1.700000000000000178 ) ) ;
#1849 = ORIENTED_EDGE ( 'NONE', *, *, #2846, .T. ) ;
#1850 = PLANE ( 'NONE',  #3179 ) ;
#1851 = EDGE_CURVE ( 'NONE', #112, #3316, #3250, .T. ) ;
#1852 = LINE ( 'NONE', #3492, #2406 ) ;
#1853 = MECHANICAL_DESIGN_GEOMETRIC_PRESENTATION_REPRESENTATION (  '', ( #1863 ), #976 ) ;
#1854 = VECTOR ( 'NONE', #1031, 1000.000000000000227 ) ;
#1855 = DIRECTION ( 'NONE',  ( 0.000000000000000000, 0.000000000000000000, 1.000000000000000000 ) ) ;
#1856 = LINE ( 'NONE', #530, #1574 ) ;
#1857 = PLANE ( 'NONE',  #662 ) ;
#1858 = DIRECTION ( 'NONE',  ( 0.000000000000000000, -1.000000000000000000, 0.000000000000000000 ) ) ;
#1859 = ORIENTED_EDGE ( 'NONE', *, *, #2008, .T. ) ;
#1860 = DIRECTION ( 'NONE',  ( -0.8937192598764778229, 0.000000000000000000, -0.4486266649741640911 ) ) ;
#1861 = CLOSED_SHELL ( 'NONE', ( #1425, #713, #2067, #3265, #1184, #799, #2960, #3105, #3292, #1888 ) ) ;
#1862 = DIRECTION ( 'NONE',  ( 1.000000000000000000, 0.000000000000000000, 0.000000000000000000 ) ) ;
#1863 = STYLED_ITEM ( 'NONE', ( #2013 ), #2873 ) ;
#1864 =( GEOMETRIC_REPRESENTATION_CONTEXT ( 3 ) GLOBAL_UNCERTAINTY_ASSIGNED_CONTEXT ( ( #192 ) ) GLOBAL_UNIT_ASSIGNED_CONTEXT ( ( #538, #2698, #276 ) ) REPRESENTATION_CONTEXT ( 'NONE', 'WORKASPACE' ) );
#1865 = ORIENTED_EDGE ( 'NONE', *, *, #604, .T. ) ;
#1866 = CARTESIAN_POINT ( 'NONE',  ( 1.148886037081338296, 0.6318999999999996842, -0.7118750000000001465 ) ) ;
#1867 = FACE_OUTER_BOUND ( 'NONE', #3258, .T. ) ;
#1868 = VECTOR ( 'NONE', #3401, 1000.000000000000000 ) ;
#1869 = ORIENTED_EDGE ( 'NONE', *, *, #252, .T. ) ;
#1870 = DIRECTION ( 'NONE',  ( 0.000000000000000000, 0.000000000000000000, 1.000000000000000000 ) ) ;
#1871 = DIRECTION ( 'NONE',  ( 0.000000000000000000, 0.000000000000000000, 1.000000000000000000 ) ) ;
#1872 = SURFACE_STYLE_USAGE ( .BOTH. , #1345 ) ;
#1873 = CARTESIAN_POINT ( 'NONE',  ( 0.7474999999999999423, 0.5954000000000000403, -1.700000000000000178 ) ) ;
#1874 = DIRECTION ( 'NONE',  ( 1.000000000000000000, 0.000000000000000000, 0.000000000000000000 ) ) ;
#1875 = CARTESIAN_POINT ( 'NONE',  ( 1.538600510041130853, 0.6318999999999996842, -0.9189495764011172962 ) ) ;
#1876 = DIRECTION ( 'NONE',  ( 0.000000000000000000, 0.000000000000000000, 1.000000000000000000 ) ) ;
#1877 = CARTESIAN_POINT ( 'NONE',  ( 1.164281206933811541, 0.6317999999999996952, -0.7118750000000001465 ) ) ;
#1878 = ORIENTED_EDGE ( 'NONE', *, *, #388, .F. ) ;
#1879 =( BOUNDED_CURVE ( )  B_SPLINE_CURVE ( 3, ( #1529, #2681, #1315, #1264, #517, #1284, #1018 ),
 .UNSPECIFIED., .F., .F. ) 
 B_SPLINE_CURVE_WITH_KNOTS ( ( 4, 3, 4 ),
 ( 0.2500000000000003331, 0.5000000000000000000, 0.7500000000000004441 ),
 .UNSPECIFIED. ) 
 CURVE ( )  GEOMETRIC_REPRESENTATION_ITEM ( )  RATIONAL_B_SPLINE_CURVE ( ( 0.5000000000000000000, 0.5000000000000004441, 0.6666666666666671848, 1.000000000000000000, 0.6666666666666660745, 0.4999999999999994449, 0.5000000000000000000 ) ) 
 REPRESENTATION_ITEM ( '' )  );
#1880 = VERTEX_POINT ( 'NONE', #369 ) ;
#1881 = PRESENTATION_STYLE_ASSIGNMENT (( #1338 ) ) ;
#1882 = LINE ( 'NONE', #588, #1277 ) ;
#1883 = FILL_AREA_STYLE_COLOUR ( '', #2313 ) ;
#1884 = VERTEX_POINT ( 'NONE', #126 ) ;
#1885 = EDGE_CURVE ( 'NONE', #2364, #2878, #3090, .T. ) ;
#1886 = EDGE_CURVE ( 'NONE', #120, #2893, #911, .T. ) ;
#1887 = CARTESIAN_POINT ( 'NONE',  ( 1.538600510041130853, 0.6317999999999996952, -0.9189495764011172962 ) ) ;
#1888 = ADVANCED_FACE ( 'NONE', ( #1192 ), #951, .T. ) ;
#1889 = SURFACE_STYLE_FILL_AREA ( #1212 ) ;
#1890 = ORIENTED_EDGE ( 'NONE', *, *, #3244, .F. ) ;
#1891 = COLOUR_RGB ( '',0.8509803921568627194, 0.8509803921568627194, 0.8509803921568627194 ) ;
#1892 = VERTEX_POINT ( 'NONE', #1427 ) ;
#1893 = VECTOR ( 'NONE', #2399, 1000.000000000000000 ) ;
#1894 =( NAMED_UNIT ( * ) PLANE_ANGLE_UNIT ( ) SI_UNIT ( $, .RADIAN. ) );
#1895 = PRESENTATION_LAYER_ASSIGNMENT (  '', '', ( #2880 ) ) ;
#1896 = VERTEX_POINT ( 'NONE', #2247 ) ;
#1897 = AXIS2_PLACEMENT_3D ( 'NONE', #3470, #3168, #1792 ) ;
#1898 = VECTOR ( 'NONE', #1989, 1000.000000000000000 ) ;
#1899 = COLOUR_RGB ( '',0.8980392156862745390, 0.9215686274509803377, 0.9294117647058823817 ) ;
#1900 = ORIENTED_EDGE ( 'NONE', *, *, #304, .T. ) ;
#1901 = SURFACE_STYLE_USAGE ( .BOTH. , #2751 ) ;
#1902 = EDGE_CURVE ( 'NONE', #2959, #2953, #930, .T. ) ;
#1903 = ADVANCED_FACE ( 'NONE', ( #673 ), #2537, .T. ) ;
#1904 = CARTESIAN_POINT ( 'NONE',  ( 1.050197775985987514, 0.6317999999999996952, -0.9945922786051791809 ) ) ;
#1905 = UNCERTAINTY_MEASURE_WITH_UNIT (LENGTH_MEASURE( 1.000000000000000082E-05 ), #2411, 'distance_accuracy_value', 'NONE');
#1906 = AXIS2_PLACEMENT_3D ( 'NONE', #367, #3410, #2860 ) ;
#1907 = ORIENTED_EDGE ( 'NONE', *, *, #1802, .F. ) ;
#1908 = CARTESIAN_POINT ( 'NONE',  ( 1.163578999909084422, 0.6317999999999996952, -0.9945922786051791809 ) ) ;
#1909 = ORIENTED_EDGE ( 'NONE', *, *, #1686, .F. ) ;
#1910 = CARTESIAN_POINT ( 'NONE',  ( 1.050197775985987514, 0.6317999999999996952, -0.9945922786051791809 ) ) ;
#1911 =( NAMED_UNIT ( * ) PLANE_ANGLE_UNIT ( ) SI_UNIT ( $, .RADIAN. ) );
#1912 = SURFACE_SIDE_STYLE ('',( #2467 ) ) ;
#1913 = VECTOR ( 'NONE', #2311, 1000.000000000000000 ) ;
#1914 = EDGE_LOOP ( 'NONE', ( #877, #3427, #2838, #1347 ) ) ;
#1915 = CARTESIAN_POINT ( 'NONE',  ( 2.508709677419355355, 0.6136000000000000343, -1.700000000000000178 ) ) ;
#1916 = LINE ( 'NONE', #1168, #1660 ) ;
#1917 =( LENGTH_UNIT ( ) NAMED_UNIT ( * ) SI_UNIT ( .MILLI., .METRE. ) );
#1918 = EDGE_LOOP ( 'NONE', ( #582, #2921, #477, #2154 ) ) ;
#1919 = SURFACE_STYLE_FILL_AREA ( #3300 ) ;
#1920 = ADVANCED_FACE ( 'NONE', ( #3235 ), #1543, .T. ) ;
#1921 = ORIENTED_EDGE ( 'NONE', *, *, #1164, .F. ) ;
#1922 = DIRECTION ( 'NONE',  ( -1.000000000000000000, 0.000000000000000000, 0.000000000000000000 ) ) ;
#1923 =( NAMED_UNIT ( * ) PLANE_ANGLE_UNIT ( ) SI_UNIT ( $, .RADIAN. ) );
#1924 = FACE_OUTER_BOUND ( 'NONE', #516, .T. ) ;
#1925 = EDGE_LOOP ( 'NONE', ( #150, #1973, #1000, #1586, #1021, #2073, #1297, #2458, #2048, #3444, #1627, #966, #1487 ) ) ;
#1926 = DIRECTION ( 'NONE',  ( 0.000000000000000000, 1.000000000000000000, 0.000000000000000000 ) ) ;
#1927 =( NAMED_UNIT ( * ) SI_UNIT ( $, .STERADIAN. ) SOLID_ANGLE_UNIT ( ) );
#1928 = UNCERTAINTY_MEASURE_WITH_UNIT (LENGTH_MEASURE( 1.000000000000000082E-05 ), #942, 'distance_accuracy_value', 'NONE');
#1929 = CARTESIAN_POINT ( 'NONE',  ( 3.117419354838710355, -0.01819999999999994192, 0.000000000000000000 ) ) ;
#1930 = DIRECTION ( 'NONE',  ( 1.000000000000000000, 0.000000000000000000, 0.000000000000000000 ) ) ;
#1931 = ORIENTED_EDGE ( 'NONE', *, *, #1902, .T. ) ;
#1932 = DIRECTION ( 'NONE',  ( -0.000000000000000000, -1.000000000000000000, -0.000000000000000000 ) ) ;
#1933 = AXIS2_PLACEMENT_3D ( 'NONE', #1298, #198, #3135 ) ;
#1934 = FACE_OUTER_BOUND ( 'NONE', #1659, .T. ) ;
#1935 = ADVANCED_FACE ( 'NONE', ( #3471 ), #3435, .T. ) ;
#1936 = ORIENTED_EDGE ( 'NONE', *, *, #2585, .T. ) ;
#1937 = VECTOR ( 'NONE', #1423, 1000.000000000000000 ) ;
#1938 = SURFACE_STYLE_USAGE ( .BOTH. , #3371 ) ;
#1939 = CARTESIAN_POINT ( 'NONE',  ( 1.404736605415314754, 0.6317999999999998062, -0.8532336393025895527 ) ) ;
#1940 = LINE ( 'NONE', #1157, #2088 ) ;
#1941 = MECHANICAL_DESIGN_GEOMETRIC_PRESENTATION_REPRESENTATION (  '', ( #1333 ), #437 ) ;
#1942 = ADVANCED_FACE ( 'NONE', ( #764 ), #2113, .T. ) ;
#1943 = PLANE ( 'NONE',  #2195 ) ;
#1944 = ORIENTED_EDGE ( 'NONE', *, *, #1199, .F. ) ;
#1945 = PLANE ( 'NONE',  #1504 ) ;
#1946 = CARTESIAN_POINT ( 'NONE',  ( 0.9696320752089526707, 0.6318999999999996842, -0.9945922786051791809 ) ) ;
#1947 = CARTESIAN_POINT ( 'NONE',  ( 1.106888387947535968, 0.6317999999999996952, -0.8816576366860734426 ) ) ;
#1948 = STYLED_ITEM ( 'NONE', ( #1881 ), #3270 ) ;
#1949 = AXIS2_PLACEMENT_3D ( 'NONE', #2665, #2917, #486 ) ;
#1950 = CARTESIAN_POINT ( 'NONE',  ( 1.471632103531470115, 0.6318999999999996842, -0.7118749999999999245 ) ) ;
#1951 = SURFACE_STYLE_FILL_AREA ( #1970 ) ;
#1952 = VERTEX_POINT ( 'NONE', #2344 ) ;
#1953 = LINE ( 'NONE', #2245, #2717 ) ;
#1954 = SURFACE_STYLE_USAGE ( .BOTH. , #2477 ) ;
#1955 = ORIENTED_EDGE ( 'NONE', *, *, #2037, .F. ) ;
#1956 =( LENGTH_UNIT ( ) NAMED_UNIT ( * ) SI_UNIT ( .MILLI., .METRE. ) );
#1957 = CARTESIAN_POINT ( 'NONE',  ( 2.009985878414224381, 0.6318999999999996842, -0.9171364618970205829 ) ) ;
#1958 = AXIS2_PLACEMENT_3D ( 'NONE', #3271, #968, #2843 ) ;
#1959 = CARTESIAN_POINT ( 'NONE',  ( 1.163578999909084422, 0.6318999999999996842, -0.9945922786051791809 ) ) ;
#1960 = DIRECTION ( 'NONE',  ( 0.000000000000000000, -0.000000000000000000, -1.000000000000000000 ) ) ;
#1961 = CARTESIAN_POINT ( 'NONE',  ( 3.117419354838710355, 0.000000000000000000, -1.700000000000000178 ) ) ;
#1962 = CARTESIAN_POINT ( 'NONE',  ( 0.7474999999999999423, 0.5954000000000000403, 0.000000000000000000 ) ) ;
#1963 = ORIENTED_EDGE ( 'NONE', *, *, #1340, .F. ) ;
#1964 = LINE ( 'NONE', #2543, #1091 ) ;
#1965 = CARTESIAN_POINT ( 'NONE',  ( 1.148886037081338296, 0.6317999999999996952, -0.8087244907140513916 ) ) ;
#1966 = CLOSED_SHELL ( 'NONE', ( #3224, #2251, #1920, #2441, #322, #131, #1942, #2721, #3493, #2629, #1084, #3346, #714, #2902 ) ) ;
#1967 = CARTESIAN_POINT ( 'NONE',  ( 1.876194882181912993, 0.6318999999999996842, -0.7589945464341965042 ) ) ;
#1968 = COLOUR_RGB ( '',0.8509803921568627194, 0.8509803921568627194, 0.8509803921568627194 ) ;
#1969 =( LENGTH_UNIT ( ) NAMED_UNIT ( * ) SI_UNIT ( .MILLI., .METRE. ) );
#1970 = FILL_AREA_STYLE ('',( #923 ) ) ;
#1971 = VECTOR ( 'NONE', #1016, 1000.000000000000000 ) ;
#1972 = ADVANCED_FACE ( 'NONE', ( #1541 ), #1793, .T. ) ;
#1973 = ORIENTED_EDGE ( 'NONE', *, *, #449, .F. ) ;
#1974 = CARTESIAN_POINT ( 'NONE',  ( 1.476898760232089103, 0.6318999999999996842, -0.8488682013031654261 ) ) ;
#1975 = FILL_AREA_STYLE ('',( #421 ) ) ;
#1976 = DIRECTION ( 'NONE',  ( 0.000000000000000000, 1.000000000000000000, 0.000000000000000000 ) ) ;
#1977 = ORIENTED_EDGE ( 'NONE', *, *, #2743, .F. ) ;
#1978 = DIRECTION ( 'NONE',  ( 0.000000000000000000, 0.000000000000000000, 1.000000000000000000 ) ) ;
#1979 = CARTESIAN_POINT ( 'NONE',  ( 2.508709677419355355, 0.6318000000000000282, -1.700000000000000178 ) ) ;
#1980 =( NAMED_UNIT ( * ) PLANE_ANGLE_UNIT ( ) SI_UNIT ( $, .RADIAN. ) );
#1981 = CARTESIAN_POINT ( 'NONE',  ( 1.854030687919280274, 0.6317999999999996952, -0.8844702972540807728 ) ) ;
#1982 = DIRECTION ( 'NONE',  ( 0.000000000000000000, 1.000000000000000000, 0.000000000000000000 ) ) ;
#1983 = FACE_OUTER_BOUND ( 'NONE', #992, .T. ) ;
#1984 = EDGE_LOOP ( 'NONE', ( #1570, #256, #3287, #3107 ) ) ;
#1985 = PLANE ( 'NONE',  #1408 ) ;
#1986 = SURFACE_SIDE_STYLE ('',( #958 ) ) ;
#1987 = ADVANCED_FACE ( 'NONE', ( #519 ), #463, .F. ) ;
#1988 = LINE ( 'NONE', #1929, #2514 ) ;
#1989 = DIRECTION ( 'NONE',  ( -0.3462278365292665860, 0.000000000000000000, 0.9381504597943037815 ) ) ;
#1990 = ORIENTED_EDGE ( 'NONE', *, *, #2823, .T. ) ;
#1991 = ADVANCED_FACE ( 'NONE', ( #3452 ), #2385, .F. ) ;
#1992 = SURFACE_SIDE_STYLE ('',( #1655 ) ) ;
#1993 = PLANE ( 'NONE',  #1906 ) ;
#1994 = DIRECTION ( 'NONE',  ( 0.000000000000000000, 0.000000000000000000, 1.000000000000000000 ) ) ;
#1995 = CARTESIAN_POINT ( 'NONE',  ( 1.404736605415314532, 0.6317999999999995842, -0.9239129589525140185 ) ) ;
#1996 = ORIENTED_EDGE ( 'NONE', *, *, #1368, .T. ) ;
#1997 = CARTESIAN_POINT ( 'NONE',  ( 1.064890738813735860, 0.6317999999999996952, -0.8087244907140513916 ) ) ;
#1998 = LINE ( 'NONE', #1448, #2475 ) ;
#1999 = PLANE ( 'NONE',  #245 ) ;
#2000 = AXIS2_PLACEMENT_3D ( 'NONE', #2598, #2383, #479 ) ;
#2001 = DIRECTION ( 'NONE',  ( 0.000000000000000000, 0.000000000000000000, -1.000000000000000000 ) ) ;
#2002 = ORIENTED_EDGE ( 'NONE', *, *, #1808, .F. ) ;
#2003 = CARTESIAN_POINT ( 'NONE',  ( 1.268619046028804043, 0.6317999999999996952, -0.9945922786051791809 ) ) ;
#2004 = MECHANICAL_DESIGN_GEOMETRIC_PRESENTATION_REPRESENTATION (  '', ( #1331 ), #1060 ) ;
#2005 = VERTEX_POINT ( 'NONE', #318 ) ;
#2006 = DIRECTION ( 'NONE',  ( 0.000000000000000000, 0.000000000000000000, 1.000000000000000000 ) ) ;
#2007 = LINE ( 'NONE', #3405, #382 ) ;
#2008 = EDGE_CURVE ( 'NONE', #1880, #2928, #2461, .T. ) ;
#2009 = DIRECTION ( 'NONE',  ( -0.000000000000000000, 0.000000000000000000, -1.000000000000000000 ) ) ;
#2010 = LINE ( 'NONE', #2887, #3097 ) ;
#2011 = ORIENTED_EDGE ( 'NONE', *, *, #1736, .T. ) ;
#2012 = VECTOR ( 'NONE', #1674, 1000.000000000000000 ) ;
#2013 = PRESENTATION_STYLE_ASSIGNMENT (( #2298 ) ) ;
#2014 = LINE ( 'NONE', #1466, #3218 ) ;
#2015 = VERTEX_POINT ( 'NONE', #3110 ) ;
#2016 = PRESENTATION_STYLE_ASSIGNMENT (( #1938 ) ) ;
#2017 = CARTESIAN_POINT ( 'NONE',  ( 2.558709677419355177, 0.000000000000000000, 0.000000000000000000 ) ) ;
#2018 = DIRECTION ( 'NONE',  ( 1.000000000000000000, 0.000000000000000000, 0.000000000000000000 ) ) ;
#2019 = AXIS2_PLACEMENT_3D ( 'NONE', #3342, #1496, #429 ) ;
#2020 = ORIENTED_EDGE ( 'NONE', *, *, #716, .F. ) ;
#2021 = MECHANICAL_DESIGN_GEOMETRIC_PRESENTATION_REPRESENTATION (  '', ( #1239 ), #3290 ) ;
#2022 =( NAMED_UNIT ( * ) PLANE_ANGLE_UNIT ( ) SI_UNIT ( $, .RADIAN. ) );
#2023 = LINE ( 'NONE', #2561, #814 ) ;
#2024 = DIRECTION ( 'NONE',  ( 1.000000000000000000, 0.000000000000000000, 0.000000000000000000 ) ) ;
#2025 = ADVANCED_FACE ( 'NONE', ( #855 ), #417, .T. ) ;
#2026 = VERTEX_POINT ( 'NONE', #3404 ) ;
#2027 = VECTOR ( 'NONE', #1325, 1000.000000000000114 ) ;
#2028 = VECTOR ( 'NONE', #1238, 1000.000000000000000 ) ;
#2029 = CARTESIAN_POINT ( 'NONE',  ( 3.117419354838710355, 0.000000000000000000, -1.700000000000000178 ) ) ;
#2030 =( NAMED_UNIT ( * ) PLANE_ANGLE_UNIT ( ) SI_UNIT ( $, .RADIAN. ) );
#2031 =( BOUNDED_CURVE ( )  B_SPLINE_CURVE ( 3, ( #274, #1337, #1230, #3145, #1012, #2072, #1805 ),
 .UNSPECIFIED., .F., .T. ) 
 B_SPLINE_CURVE_WITH_KNOTS ( ( 4, 3, 4 ),
 ( 0.7500000000000000000, 1.000000000000000000, 1.250000000000000000 ),
 .UNSPECIFIED. ) 
 CURVE ( )  GEOMETRIC_REPRESENTATION_ITEM ( )  RATIONAL_B_SPLINE_CURVE ( ( 0.5000000000000000000, 0.5000000000000000000, 0.6666666666666667407, 1.000000000000000000, 0.6666666666666667407, 0.5000000000000000000, 0.5000000000000000000 ) ) 
 REPRESENTATION_ITEM ( '' )  );
#2032 =( GEOMETRIC_REPRESENTATION_CONTEXT ( 3 ) GLOBAL_UNCERTAINTY_ASSIGNED_CONTEXT ( ( #228 ) ) GLOBAL_UNIT_ASSIGNED_CONTEXT ( ( #1038, #1514, #1303 ) ) REPRESENTATION_CONTEXT ( 'NONE', 'WORKASPACE' ) );
#2033 = EDGE_CURVE ( 'NONE', #847, #1884, #3349, .T. ) ;
#2034 = VERTEX_POINT ( 'NONE', #2511 ) ;
#2035 = SURFACE_SIDE_STYLE ('',( #3414 ) ) ;
#2036 = CARTESIAN_POINT ( 'NONE',  ( 1.529296437207103398, 0.6317999999999996952, -0.8862684686757379415 ) ) ;
#2037 = EDGE_CURVE ( 'NONE', #594, #191, #3260, .T. ) ;
#2038 = ORIENTED_EDGE ( 'NONE', *, *, #2318, .T. ) ;
#2039 = PLANE ( 'NONE',  #1933 ) ;
#2040 = ORIENTED_EDGE ( 'NONE', *, *, #2581, .T. ) ;
#2041 = SURFACE_SIDE_STYLE ('',( #2661 ) ) ;
#2042 = LINE ( 'NONE', #156, #1898 ) ;
#2043 = PLANE ( 'NONE',  #809 ) ;
#2044 = ORIENTED_EDGE ( 'NONE', *, *, #3406, .F. ) ;
#2045 = CARTESIAN_POINT ( 'NONE',  ( 1.867658053610169233, 0.6318999999999996842, -0.7118750000000001465 ) ) ;
#2046 = LINE ( 'NONE', #2891, #1546 ) ;
#2047 = EDGE_CURVE ( 'NONE', #2682, #3130, #2181, .T. ) ;
#2048 = ORIENTED_EDGE ( 'NONE', *, *, #3463, .F. ) ;
#2049 = ADVANCED_FACE ( 'NONE', ( #3437 ), #2505, .T. ) ;
#2050 = SURFACE_STYLE_FILL_AREA ( #1528 ) ;
#2051 =( NAMED_UNIT ( * ) SI_UNIT ( $, .STERADIAN. ) SOLID_ANGLE_UNIT ( ) );
#2052 = EDGE_CURVE ( 'NONE', #3194, #1385, #1143, .T. ) ;
#2053 = VECTOR ( 'NONE', #1976, 1000.000000000000000 ) ;
#2054 = CARTESIAN_POINT ( 'NONE',  ( 1.284470047405829929, 0.6317999999999996952, -0.8207132955265563634 ) ) ;
#2055 = EDGE_LOOP ( 'NONE', ( #3189, #1601, #1096, #3249 ) ) ;
#2056 =( GEOMETRIC_REPRESENTATION_CONTEXT ( 3 ) GLOBAL_UNCERTAINTY_ASSIGNED_CONTEXT ( ( #3195 ) ) GLOBAL_UNIT_ASSIGNED_CONTEXT ( ( #1820, #1600, #2199 ) ) REPRESENTATION_CONTEXT ( 'NONE', 'WORKASPACE' ) );
#2057 = CARTESIAN_POINT ( 'NONE',  ( 1.404736605415314310, 0.6317999999999996952, -0.8532336393025896637 ) ) ;
#2058 = FACE_BOUND ( 'NONE', #1682, .T. ) ;
#2059 = DIRECTION ( 'NONE',  ( -1.000000000000000000, 0.000000000000000000, -0.000000000000000000 ) ) ;
#2060 = ADVANCED_FACE ( 'NONE', ( #2802 ), #1945, .F. ) ;
#2061 = STYLED_ITEM ( 'NONE', ( #43 ), #1425 ) ;
#2062 = EDGE_CURVE ( 'NONE', #1250, #2176, #3075, .T. ) ;
#2063 = DIRECTION ( 'NONE',  ( 0.000000000000000000, 1.000000000000000000, 0.000000000000000000 ) ) ;
#2064 = VECTOR ( 'NONE', #1540, 1000.000000000000000 ) ;
#2065 = VECTOR ( 'NONE', #2188, 1000.000000000000000 ) ;
#2066 = CARTESIAN_POINT ( 'NONE',  ( 0.9696320752089526707, 0.6318999999999996842, -0.9945922786051791809 ) ) ;
#2067 = ADVANCED_FACE ( 'NONE', ( #939 ), #2850, .T. ) ;
#2068 = STYLED_ITEM ( 'NONE', ( #1757 ), #2366 ) ;
#2069 = ORIENTED_EDGE ( 'NONE', *, *, #1885, .T. ) ;
#2070 = LINE ( 'NONE', #3162, #1341 ) ;
#2071 = DIRECTION ( 'NONE',  ( 1.536438668180457334E-16, -1.000000000000000000, 0.000000000000000000 ) ) ;
#2072 = CARTESIAN_POINT ( 'NONE',  ( 2.143776874646535546, 0.6317999999999996952, -0.7589945464341965042 ) ) ;
#2073 = ORIENTED_EDGE ( 'NONE', *, *, #3066, .F. ) ;
#2074 = CARTESIAN_POINT ( 'NONE',  ( 1.471632103531470559, 0.6317999999999996952, -0.9945922786051794029 ) ) ;
#2075 = FACE_OUTER_BOUND ( 'NONE', #3261, .T. ) ;
#2076 = VECTOR ( 'NONE', #2071, 1000.000000000000000 ) ;
#2077 = ORIENTED_EDGE ( 'NONE', *, *, #2033, .F. ) ;
#2078 = SURFACE_SIDE_STYLE ('',( #2419 ) ) ;
#2079 = VECTOR ( 'NONE', #2431, 1000.000000000000000 ) ;
#2080 = CARTESIAN_POINT ( 'NONE',  ( 2.070467659642073244, 0.6317999999999998062, -0.8532336393025897747 ) ) ;
#2081 =( NAMED_UNIT ( * ) PLANE_ANGLE_UNIT ( ) SI_UNIT ( $, .RADIAN. ) );
#2082 = CARTESIAN_POINT ( 'NONE',  ( 1.854030687919280274, 0.6317999999999996952, -0.8844702972540807728 ) ) ;
#2083 = SURFACE_SIDE_STYLE ('',( #1550 ) ) ;
#2084 = ORIENTED_EDGE ( 'NONE', *, *, #2727, .F. ) ;
#2085 = CLOSED_SHELL ( 'NONE', ( #1972, #2433, #3087, #135, #3057, #2596, #1076, #1935, #3491, #200, #1987, #697, #2430 ) ) ;
#2086 = SURFACE_STYLE_USAGE ( .BOTH. , #2121 ) ;
#2087 = VERTEX_POINT ( 'NONE', #23 ) ;
#2088 = VECTOR ( 'NONE', #2283, 1000.000000000000000 ) ;
#2089 = FACE_OUTER_BOUND ( 'NONE', #2876, .T. ) ;
#2090 = CARTESIAN_POINT ( 'NONE',  ( 1.627582568898590765, 0.6317999999999996952, -0.9945922786051791809 ) ) ;
#2091 = PLANE ( 'NONE',  #3266 ) ;
#2092 = ORIENTED_EDGE ( 'NONE', *, *, #3226, .F. ) ;
#2093 = DIRECTION ( 'NONE',  ( 1.000000000000000000, 0.000000000000000000, 0.000000000000000000 ) ) ;
#2094 = ORIENTED_EDGE ( 'NONE', *, *, #2592, .T. ) ;
#2095 = CARTESIAN_POINT ( 'NONE',  ( 9.147955830346443662E-17, 0.5954000000000000403, -1.700000000000000178 ) ) ;
#2096 = ADVANCED_FACE ( 'NONE', ( #526 ), #1267, .F. ) ;
#2097 = DIRECTION ( 'NONE',  ( 0.000000000000000000, 0.000000000000000000, 1.000000000000000000 ) ) ;
#2098 = EDGE_CURVE ( 'NONE', #1730, #1475, #1788, .T. ) ;
#2099 = DIRECTION ( 'NONE',  ( 1.000000000000000000, 0.000000000000000000, 0.000000000000000000 ) ) ;
#2100 = FILL_AREA_STYLE ('',( #1359 ) ) ;
#2101 = EDGE_CURVE ( 'NONE', #3393, #2236, #2970, .T. ) ;
#2102 = CARTESIAN_POINT ( 'NONE',  ( 2.143776874646535546, 0.6317999999999996952, -0.8532336393025896637 ) ) ;
#2103 = PRESENTATION_STYLE_ASSIGNMENT (( #83 ) ) ;
#2104 = ORIENTED_EDGE ( 'NONE', *, *, #527, .T. ) ;
#2105 = EDGE_CURVE ( 'NONE', #2297, #1892, #1201, .T. ) ;
#2106 = LINE ( 'NONE', #2713, #2175 ) ;
#2107 = ORIENTED_EDGE ( 'NONE', *, *, #981, .T. ) ;
#2108 = SURFACE_SIDE_STYLE ('',( #2650 ) ) ;
#2109 = CARTESIAN_POINT ( 'NONE',  ( 0.5587096774193549553, -0.01819999999999996967, 0.000000000000000000 ) ) ;
#2110 = VERTEX_POINT ( 'NONE', #2274 ) ;
#2111 = CARTESIAN_POINT ( 'NONE',  ( 0.9696320752089526707, 0.6318999999999996842, -0.9945922786051791809 ) ) ;
#2112 = FILL_AREA_STYLE ('',( #2633 ) ) ;
#2113 = PLANE ( 'NONE',  #1280 ) ;
#2114 = EDGE_LOOP ( 'NONE', ( #2305, #338, #2896, #2726 ) ) ;
#2115 = CARTESIAN_POINT ( 'NONE',  ( 1.664898715595232614, 0.6317999999999996952, -0.9945922786051791809 ) ) ;
#2116 = VECTOR ( 'NONE', #3467, 1000.000000000000000 ) ;
#2117 = DIRECTION ( 'NONE',  ( -0.3329926985273675699, -0.000000000000000000, -0.9429294049542953360 ) ) ;
#2118 = CARTESIAN_POINT ( 'NONE',  ( 2.143776874646535546, 0.6318999999999996842, -0.8532336393025896637 ) ) ;
#2119 = CARTESIAN_POINT ( 'NONE',  ( 2.009985878414224381, 0.6317999999999996952, -0.9945922786051794029 ) ) ;
#2120 = VERTEX_POINT ( 'NONE', #1166 ) ;
#2121 = SURFACE_SIDE_STYLE ('',( #229 ) ) ;
#2122 = ORIENTED_EDGE ( 'NONE', *, *, #2743, .T. ) ;
#2123 = STYLED_ITEM ( 'NONE', ( #1637 ), #1472 ) ;
#2124 =( NAMED_UNIT ( * ) SI_UNIT ( $, .STERADIAN. ) SOLID_ANGLE_UNIT ( ) );
#2125 = PRESENTATION_LAYER_ASSIGNMENT (  '', '', ( #2234 ) ) ;
#2126 = VECTOR ( 'NONE', #3413, 1000.000000000000000 ) ;
#2127 =( BOUNDED_CURVE ( )  B_SPLINE_CURVE ( 3, ( #2452, #643, #1950, #52 ),
 .UNSPECIFIED., .F., .F. ) 
 B_SPLINE_CURVE_WITH_KNOTS ( ( 4, 4 ),
 ( 0.5000000000000003331, 1.000000000000000000 ),
 .UNSPECIFIED. ) 
 CURVE ( )  GEOMETRIC_REPRESENTATION_ITEM ( )  RATIONAL_B_SPLINE_CURVE ( ( 0.5000000000000000000, 0.5000000000000002220, 0.6666666666666669627, 1.000000000000000000 ) ) 
 REPRESENTATION_ITEM ( '' )  );
#2128 = ORIENTED_EDGE ( 'NONE', *, *, #1732, .T. ) ;
#2129 = FILL_AREA_STYLE_COLOUR ( '', #787 ) ;
#2130 = DIRECTION ( 'NONE',  ( 1.000000000000000000, 0.000000000000000000, 0.000000000000000000 ) ) ;
#2131 = DIRECTION ( 'NONE',  ( 0.000000000000000000, 0.000000000000000000, 1.000000000000000000 ) ) ;
#2132 = ORIENTED_EDGE ( 'NONE', *, *, #2823, .F. ) ;
#2133 = DIRECTION ( 'NONE',  ( -1.000000000000000000, 0.000000000000000000, -0.000000000000000000 ) ) ;
#2134 = SURFACE_STYLE_USAGE ( .BOTH. , #811 ) ;
#2135 = LINE ( 'NONE', #282, #277 ) ;
#2136 = MECHANICAL_DESIGN_GEOMETRIC_PRESENTATION_REPRESENTATION (  '', ( #2951 ), #1236 ) ;
#2137 = VECTOR ( 'NONE', #2163, 1000.000000000000000 ) ;
#2138 = CARTESIAN_POINT ( 'NONE',  ( 1.943090380298068576, 0.6317999999999995842, -0.9945922786051794029 ) ) ;
#2139 = AXIS2_PLACEMENT_3D ( 'NONE', #1965, #3060, #640 ) ;
#2140 = DIRECTION ( 'NONE',  ( -1.000000000000000000, 0.000000000000000000, 0.000000000000000000 ) ) ;
#2141 = VECTOR ( 'NONE', #1124, 1000.000000000000000 ) ;
#2142 = VERTEX_POINT ( 'NONE', #377 ) ;
#2143 = CARTESIAN_POINT ( 'NONE',  ( 1.627582568898590765, 0.6318999999999996842, -0.9945922786051791809 ) ) ;
#2144 = VECTOR ( 'NONE', #1421, 1000.000000000000000 ) ;
#2145 = PRESENTATION_STYLE_ASSIGNMENT (( #2446 ) ) ;
#2146 = CARTESIAN_POINT ( 'NONE',  ( 1.497383332477374873, 0.6318999999999996842, -0.9189495764011010870 ) ) ;
#2147 = AXIS2_PLACEMENT_3D ( 'NONE', #311, #2736, #589 ) ;
#2148 = VERTEX_POINT ( 'NONE', #1751 ) ;
#2149 = EDGE_CURVE ( 'NONE', #3125, #1208, #1399, .T. ) ;
#2150 = PLANE ( 'NONE',  #2402 ) ;
#2151 = CARTESIAN_POINT ( 'NONE',  ( 2.369919354838710301, 0.6136000000000000343, 0.000000000000000000 ) ) ;
#2152 = MECHANICAL_DESIGN_GEOMETRIC_PRESENTATION_REPRESENTATION (  '', ( #868 ), #2032 ) ;
#2153 = CARTESIAN_POINT ( 'NONE',  ( 1.322531775426516676, 0.6317999999999996952, -0.8207132955265563634 ) ) ;
#2154 = ORIENTED_EDGE ( 'NONE', *, *, #1584, .T. ) ;
#2155 = SURFACE_STYLE_FILL_AREA ( #1588 ) ;
#2156 = CARTESIAN_POINT ( 'NONE',  ( 3.117419354838710355, 0.000000000000000000, -1.700000000000000178 ) ) ;
#2157 = ORIENTED_EDGE ( 'NONE', *, *, #2331, .F. ) ;
#2158 = UNCERTAINTY_MEASURE_WITH_UNIT (LENGTH_MEASURE( 1.000000000000000082E-05 ), #1562, 'distance_accuracy_value', 'NONE');
#2159 = SURFACE_STYLE_FILL_AREA ( #289 ) ;
#2160 = CARTESIAN_POINT ( 'NONE',  ( 1.551958472390177368, 0.6317999999999996952, -0.8185742333776780955 ) ) ;
#2161 = APPLICATION_CONTEXT ( 'automotive_design' ) ;
#2162 = ORIENTED_EDGE ( 'NONE', *, *, #540, .T. ) ;
#2163 = DIRECTION ( 'NONE',  ( -1.000000000000000000, 0.000000000000000000, -1.616929470395932369E-15 ) ) ;
#2164 = ORIENTED_EDGE ( 'NONE', *, *, #3236, .T. ) ;
#2165 = CARTESIAN_POINT ( 'NONE',  ( 3.117419354838710355, 0.5954000000000000403, -1.700000000000000178 ) ) ;
#2166 = SURFACE_STYLE_FILL_AREA ( #2734 ) ;
#2167 = PRESENTATION_STYLE_ASSIGNMENT (( #555 ) ) ;
#2168 = VERTEX_POINT ( 'NONE', #418 ) ;
#2169 = LINE ( 'NONE', #2916, #1270 ) ;
#2170 = DIRECTION ( 'NONE',  ( 0.000000000000000000, 0.000000000000000000, 1.000000000000000000 ) ) ;
#2171 = CARTESIAN_POINT ( 'NONE',  ( 0.7474999999999999423, 0.5954000000000000403, 0.000000000000000000 ) ) ;
#2172 = DIRECTION ( 'NONE',  ( -0.3329926985273675699, 0.000000000000000000, -0.9429294049542953360 ) ) ;
#2173 = PRESENTATION_LAYER_ASSIGNMENT (  '', '', ( #552 ) ) ;
#2174 = ADVANCED_FACE ( 'NONE', ( #7 ), #3192, .T. ) ;
#2175 = VECTOR ( 'NONE', #2728, 1000.000000000000000 ) ;
#2176 = VERTEX_POINT ( 'NONE', #189 ) ;
#2177 = VECTOR ( 'NONE', #3082, 1000.000000000000000 ) ;
#2178 = LINE ( 'NONE', #567, #2079 ) ;
#2179 = EDGE_CURVE ( 'NONE', #856, #2297, #1069, .T. ) ;
#2180 = CARTESIAN_POINT ( 'NONE',  ( 1.497383332477374873, 0.6317999999999996952, -0.9189495764011010870 ) ) ;
#2181 = LINE ( 'NONE', #876, #907 ) ;
#2182 = COLOUR_RGB ( '',0.8980392156862745390, 0.9215686274509803377, 0.9294117647058823817 ) ;
#2183 = ORIENTED_EDGE ( 'NONE', *, *, #1473, .F. ) ;
#2184 = DIRECTION ( 'NONE',  ( 1.000000000000000000, 0.000000000000000000, 0.000000000000000000 ) ) ;
#2185 = CARTESIAN_POINT ( 'NONE',  ( 1.529296437207103398, 0.6317999999999996952, -0.8862684686757379415 ) ) ;
#2186 = LINE ( 'NONE', #1620, #611 ) ;
#2187 = FACE_BOUND ( 'NONE', #2536, .T. ) ;
#2188 = DIRECTION ( 'NONE',  ( 0.000000000000000000, -1.000000000000000000, 0.000000000000000000 ) ) ;
#2189 =( GEOMETRIC_REPRESENTATION_CONTEXT ( 3 ) GLOBAL_UNCERTAINTY_ASSIGNED_CONTEXT ( ( #3383 ) ) GLOBAL_UNIT_ASSIGNED_CONTEXT ( ( #700, #2022, #972 ) ) REPRESENTATION_CONTEXT ( 'NONE', 'WORKASPACE' ) );
#2190 = ORIENTED_EDGE ( 'NONE', *, *, #2587, .T. ) ;
#2191 = CARTESIAN_POINT ( 'NONE',  ( 0.7474999999999999423, 0.000000000000000000, -1.700000000000000178 ) ) ;
#2192 = AXIS2_PLACEMENT_3D ( 'NONE', #2966, #1569, #817 ) ;
#2193 = CARTESIAN_POINT ( 'NONE',  ( 1.244144700686121263, 0.6317999999999996952, -0.9945922786051791809 ) ) ;
#2194 = SURFACE_SIDE_STYLE ('',( #1630 ) ) ;
#2195 = AXIS2_PLACEMENT_3D ( 'NONE', #622, #937, #1160 ) ;
#2196 = EDGE_LOOP ( 'NONE', ( #2866, #319, #1810, #1537 ) ) ;
#2197 = FILL_AREA_STYLE_COLOUR ( '', #2542 ) ;
#2198 = ORIENTED_EDGE ( 'NONE', *, *, #349, .F. ) ;
#2199 =( NAMED_UNIT ( * ) SI_UNIT ( $, .STERADIAN. ) SOLID_ANGLE_UNIT ( ) );
#2200 = MECHANICAL_DESIGN_GEOMETRIC_PRESENTATION_REPRESENTATION (  '', ( #922 ), #1133 ) ;
#2201 = ORIENTED_EDGE ( 'NONE', *, *, #3108, .F. ) ;
#2202 = FILL_AREA_STYLE ('',( #3262 ) ) ;
#2203 = VECTOR ( 'NONE', #3039, 1000.000000000000000 ) ;
#2204 = CARTESIAN_POINT ( 'NONE',  ( -0.04129032258064516125, -0.01819999999999992804, -1.700000000000000178 ) ) ;
#2205 = AXIS2_PLACEMENT_3D ( 'NONE', #379, #1237, #1811 ) ;
#2206 = ORIENTED_EDGE ( 'NONE', *, *, #2846, .F. ) ;
#2207 = VECTOR ( 'NONE', #559, 1000.000000000000114 ) ;
#2208 = DIRECTION ( 'NONE',  ( -1.000000000000000000, 3.282252670610414307E-16, 0.000000000000000000 ) ) ;
#2209 = FACE_OUTER_BOUND ( 'NONE', #591, .T. ) ;
#2210 = ADVANCED_FACE ( 'NONE', ( #206 ), #2903, .T. ) ;
#2211 = DIRECTION ( 'NONE',  ( 0.000000000000000000, 0.000000000000000000, -1.000000000000000000 ) ) ;
#2212 = EDGE_CURVE ( 'NONE', #3480, #297, #468, .T. ) ;
#2213 = ORIENTED_EDGE ( 'NONE', *, *, #130, .T. ) ;
#2214 =( NAMED_UNIT ( * ) SI_UNIT ( $, .STERADIAN. ) SOLID_ANGLE_UNIT ( ) );
#2215 = ORIENTED_EDGE ( 'NONE', *, *, #719, .T. ) ;
#2216 = DIRECTION ( 'NONE',  ( 0.000000000000000000, 0.000000000000000000, 1.000000000000000000 ) ) ;
#2217 = CARTESIAN_POINT ( 'NONE',  ( 0.000000000000000000, 0.000000000000000000, -1.700000000000000178 ) ) ;
#2218 = EDGE_CURVE ( 'NONE', #2918, #1250, #2371, .T. ) ;
#2219 = EDGE_CURVE ( 'NONE', #1952, #2692, #2773, .T. ) ;
#2220 = ORIENTED_EDGE ( 'NONE', *, *, #2512, .T. ) ;
#2221 = LINE ( 'NONE', #1346, #3417 ) ;
#2222 = CARTESIAN_POINT ( 'NONE',  ( 1.338382776803542562, 0.6317999999999996952, -0.9945922786051791809 ) ) ;
#2223 = PRESENTATION_STYLE_ASSIGNMENT (( #315 ) ) ;
#2224 = ORIENTED_EDGE ( 'NONE', *, *, #1851, .F. ) ;
#2225 = VECTOR ( 'NONE', #495, 1000.000000000000000 ) ;
#2226 = MECHANICAL_DESIGN_GEOMETRIC_PRESENTATION_REPRESENTATION (  '', ( #2753 ), #1657 ) ;
#2227 =( LENGTH_UNIT ( ) NAMED_UNIT ( * ) SI_UNIT ( .MILLI., .METRE. ) );
#2228 = VERTEX_POINT ( 'NONE', #3240 ) ;
#2229 = PRESENTATION_LAYER_ASSIGNMENT (  '', '', ( #2705 ) ) ;
#2230 =( LENGTH_UNIT ( ) NAMED_UNIT ( * ) SI_UNIT ( .MILLI., .METRE. ) );
#2231 = CARTESIAN_POINT ( 'NONE',  ( 1.664898715595232614, 0.6317999999999996952, -0.9945922786051791809 ) ) ;
#2232 =( NAMED_UNIT ( * ) PLANE_ANGLE_UNIT ( ) SI_UNIT ( $, .RADIAN. ) );
#2233 = STYLED_ITEM ( 'NONE', ( #3196 ), #1590 ) ;
#2234 = STYLED_ITEM ( 'NONE', ( #3283 ), #3265 ) ;
#2235 = CARTESIAN_POINT ( 'NONE',  ( 3.117419354838710355, 0.000000000000000000, 0.000000000000000000 ) ) ;
#2236 = VERTEX_POINT ( 'NONE', #3177 ) ;
#2237 = VECTOR ( 'NONE', #936, 1000.000000000000000 ) ;
#2238 = LINE ( 'NONE', #413, #1692 ) ;
#2239 = AXIS2_PLACEMENT_3D ( 'NONE', #2577, #327, #1389 ) ;
#2240 = PLANE ( 'NONE',  #218 ) ;
#2241 = LINE ( 'NONE', #3345, #1356 ) ;
#2242 = DIRECTION ( 'NONE',  ( -0.4486266649741639800, 0.000000000000000000, 0.8937192598764777118 ) ) ;
#2243 = CARTESIAN_POINT ( 'NONE',  ( 1.627582568898590765, 0.6317999999999996952, -0.9189495764011172962 ) ) ;
#2244 = ORIENTED_EDGE ( 'NONE', *, *, #839, .F. ) ;
#2245 = CARTESIAN_POINT ( 'NONE',  ( 1.338382776803542562, 0.6317999999999996952, -0.9945922786051791809 ) ) ;
#2246 = ORIENTED_EDGE ( 'NONE', *, *, #2624, .F. ) ;
#2247 = CARTESIAN_POINT ( 'NONE',  ( 1.529296437207103398, 0.6317999999999996952, -0.8185742333776780955 ) ) ;
#2248 = AXIS2_PLACEMENT_3D ( 'NONE', #2153, #359, #2769 ) ;
#2249 = LINE ( 'NONE', #894, #2508 ) ;
#2250 = SURFACE_SIDE_STYLE ('',( #653 ) ) ;
#2251 = ADVANCED_FACE ( 'NONE', ( #1053 ), #1271, .T. ) ;
#2252 =( LENGTH_UNIT ( ) NAMED_UNIT ( * ) SI_UNIT ( .MILLI., .METRE. ) );
#2253 = CARTESIAN_POINT ( 'NONE',  ( 1.627582568898592985, 0.6318999999999996842, -0.8862684686757379415 ) ) ;
#2254 = VERTEX_POINT ( 'NONE', #2351 ) ;
#2255 = FILL_AREA_STYLE_COLOUR ( '', #1899 ) ;
#2256 = VECTOR ( 'NONE', #2415, 1000.000000000000000 ) ;
#2257 =( NAMED_UNIT ( * ) PLANE_ANGLE_UNIT ( ) SI_UNIT ( $, .RADIAN. ) );
#2258 = CARTESIAN_POINT ( 'NONE',  ( 1.743262369448356219, 0.6318999999999996842, -0.7818929250807219455 ) ) ;
#2259 = VECTOR ( 'NONE', #921, 1000.000000000000000 ) ;
#2260 = AXIS2_PLACEMENT_3D ( 'NONE', #64, #16, #863 ) ;
#2261 = UNCERTAINTY_MEASURE_WITH_UNIT (LENGTH_MEASURE( 1.000000000000000082E-05 ), #2678, 'distance_accuracy_value', 'NONE');
#2262 = ORIENTED_EDGE ( 'NONE', *, *, #388, .T. ) ;
#2263 = CARTESIAN_POINT ( 'NONE',  ( -0.04129032258064516125, 0.000000000000000000, -1.700000000000000178 ) ) ;
#2264 = CARTESIAN_POINT ( 'NONE',  ( 1.244144700686121263, 0.6318999999999996842, -0.9945922786051791809 ) ) ;
#2265 = ORIENTED_EDGE ( 'NONE', *, *, #33, .T. ) ;
#2266 = LINE ( 'NONE', #107, #1453 ) ;
#2267 = CARTESIAN_POINT ( 'NONE',  ( 1.303500911416173302, 0.6318999999999996842, -0.8654986222233127524 ) ) ;
#2268 = CARTESIAN_POINT ( 'NONE',  ( 2.369919354838710301, 0.5954000000000000403, -1.700000000000000178 ) ) ;
#2269 = ORIENTED_EDGE ( 'NONE', *, *, #1842, .F. ) ;
#2270 = EDGE_CURVE ( 'NONE', #3360, #2087, #1831, .T. ) ;
#2271 = FILL_AREA_STYLE ('',( #2524 ) ) ;
#2272 = CARTESIAN_POINT ( 'NONE',  ( 0.5587096774193549553, 0.000000000000000000, -1.700000000000000178 ) ) ;
#2273 = EDGE_LOOP ( 'NONE', ( #422, #3264, #2435, #3465 ) ) ;
#2274 = CARTESIAN_POINT ( 'NONE',  ( 0.5587096774193549553, 0.000000000000000000, -1.700000000000000178 ) ) ;
#2275 = LINE ( 'NONE', #1499, #523 ) ;
#2276 = CARTESIAN_POINT ( 'NONE',  ( 1.538600510041107317, 0.6318999999999997952, -0.9189495764011179624 ) ) ;
#2277 = LINE ( 'NONE', #3386, #1219 ) ;
#2278 = EDGE_LOOP ( 'NONE', ( #125, #3416, #2122, #1554 ) ) ;
#2279 = DIRECTION ( 'NONE',  ( -1.536438668180457334E-16, -1.000000000000000000, -0.000000000000000000 ) ) ;
#2280 = ORIENTED_EDGE ( 'NONE', *, *, #350, .F. ) ;
#2281 = LINE ( 'NONE', #3395, #1181 ) ;
#2282 =( LENGTH_UNIT ( ) NAMED_UNIT ( * ) SI_UNIT ( .MILLI., .METRE. ) );
#2283 = DIRECTION ( 'NONE',  ( 0.000000000000000000, 1.000000000000000000, 0.000000000000000000 ) ) ;
#2284 = VECTOR ( 'NONE', #1414, 1000.000000000000000 ) ;
#2285 = PLANE ( 'NONE',  #3272 ) ;
#2286 = VERTEX_POINT ( 'NONE', #791 ) ;
#2287 = DIRECTION ( 'NONE',  ( 0.000000000000000000, 0.000000000000000000, -1.000000000000000000 ) ) ;
#2288 = SURFACE_SIDE_STYLE ('',( #2830 ) ) ;
#2289 = COLOUR_RGB ( '',0.7921568627450980005, 0.8196078431372548767, 0.9333333333333333481 ) ;
#2290 = ORIENTED_EDGE ( 'NONE', *, *, #490, .F. ) ;
#2291 = CARTESIAN_POINT ( 'NONE',  ( 1.404736605415314532, 0.6318999999999997952, -0.9474727321709829342 ) ) ;
#2292 = UNCERTAINTY_MEASURE_WITH_UNIT (LENGTH_MEASURE( 1.000000000000000082E-05 ), #332, 'distance_accuracy_value', 'NONE');
#2293 = AXIS2_PLACEMENT_3D ( 'NONE', #2054, #2131, #1317 ) ;
#2294 = LINE ( 'NONE', #431, #1893 ) ;
#2295 = LINE ( 'NONE', #2333, #2927 ) ;
#2296 = CARTESIAN_POINT ( 'NONE',  ( 0.9696320752089526707, 0.6317999999999996952, -0.9945922786051791809 ) ) ;
#2297 = VERTEX_POINT ( 'NONE', #1027 ) ;
#2298 = SURFACE_STYLE_USAGE ( .BOTH. , #1520 ) ;
#2299 = UNCERTAINTY_MEASURE_WITH_UNIT (LENGTH_MEASURE( 1.000000000000000082E-05 ), #3497, 'distance_accuracy_value', 'NONE');
#2300 = DIRECTION ( 'NONE',  ( -1.000000000000000000, -0.000000000000000000, -0.000000000000000000 ) ) ;
#2301 = ORIENTED_EDGE ( 'NONE', *, *, #1592, .F. ) ;
#2302 = CARTESIAN_POINT ( 'NONE',  ( 1.876194882181912993, 0.6317999999999998062, -0.8532336393025895527 ) ) ;
#2303 =( NAMED_UNIT ( * ) PLANE_ANGLE_UNIT ( ) SI_UNIT ( $, .RADIAN. ) );
#2304 = MECHANICAL_DESIGN_GEOMETRIC_PRESENTATION_REPRESENTATION (  '', ( #2666 ), #3289 ) ;
#2305 = ORIENTED_EDGE ( 'NONE', *, *, #1734, .F. ) ;
#2306 =( GEOMETRIC_REPRESENTATION_CONTEXT ( 3 ) GLOBAL_UNCERTAINTY_ASSIGNED_CONTEXT ( ( #2549 ) ) GLOBAL_UNIT_ASSIGNED_CONTEXT ( ( #2573, #711, #730 ) ) REPRESENTATION_CONTEXT ( 'NONE', 'WORKASPACE' ) );
#2307 = FACE_OUTER_BOUND ( 'NONE', #2560, .T. ) ;
#2308 = CARTESIAN_POINT ( 'NONE',  ( 9.147955830346443662E-17, 0.5954000000000000403, 0.000000000000000000 ) ) ;
#2309 = MECHANICAL_DESIGN_GEOMETRIC_PRESENTATION_REPRESENTATION (  '', ( #2662 ), #805 ) ;
#2310 = ORIENTED_EDGE ( 'NONE', *, *, #752, .T. ) ;
#2311 = DIRECTION ( 'NONE',  ( 0.000000000000000000, 0.000000000000000000, -1.000000000000000000 ) ) ;
#2312 = PRESENTATION_LAYER_ASSIGNMENT (  '', '', ( #2483 ) ) ;
#2313 = COLOUR_RGB ( '',0.8980392156862745390, 0.9215686274509803377, 0.9294117647058823817 ) ;
#2314 =( NAMED_UNIT ( * ) SI_UNIT ( $, .STERADIAN. ) SOLID_ANGLE_UNIT ( ) );
#2315 = SURFACE_STYLE_FILL_AREA ( #2589 ) ;
#2316 = EDGE_CURVE ( 'NONE', #2797, #3194, #2950, .T. ) ;
#2317 =( NAMED_UNIT ( * ) SI_UNIT ( $, .STERADIAN. ) SOLID_ANGLE_UNIT ( ) );
#2318 = EDGE_CURVE ( 'NONE', #743, #1693, #1813, .T. ) ;
#2319 = ORIENTED_EDGE ( 'NONE', *, *, #2834, .T. ) ;
#2320 = VECTOR ( 'NONE', #2170, 1000.000000000000000 ) ;
#2321 = ADVANCED_FACE ( 'NONE', ( #2089 ), #1767, .F. ) ;
#2322 = EDGE_LOOP ( 'NONE', ( #1708, #179, #1083, #312 ) ) ;
#2323 = EDGE_CURVE ( 'NONE', #1033, #1494, #2627, .T. ) ;
#2324 = CARTESIAN_POINT ( 'NONE',  ( 0.7474999999999999423, 0.6135999999999998122, -1.700000000000000178 ) ) ;
#2325 = LINE ( 'NONE', #3132, #209 ) ;
#2326 = ORIENTED_EDGE ( 'NONE', *, *, #252, .F. ) ;
#2327 = PLANE ( 'NONE',  #2000 ) ;
#2328 = FACE_OUTER_BOUND ( 'NONE', #634, .T. ) ;
#2329 = EDGE_CURVE ( 'NONE', #2750, #1139, #2393, .T. ) ;
#2330 = VERTEX_POINT ( 'NONE', #1010 ) ;
#2331 = EDGE_CURVE ( 'NONE', #221, #1302, #2070, .T. ) ;
#2332 = UNCERTAINTY_MEASURE_WITH_UNIT (LENGTH_MEASURE( 1.000000000000000082E-05 ), #1272, 'distance_accuracy_value', 'NONE');
#2333 = CARTESIAN_POINT ( 'NONE',  ( 1.743262369448356219, 0.6317999999999996952, -0.8844702972540807728 ) ) ;
#2334 = DIRECTION ( 'NONE',  ( -1.000000000000000000, -2.900875377887637630E-16, 0.000000000000000000 ) ) ;
#2335 = ORIENTED_EDGE ( 'NONE', *, *, #36, .T. ) ;
#2336 = UNCERTAINTY_MEASURE_WITH_UNIT (LENGTH_MEASURE( 1.000000000000000082E-05 ), #2857, 'distance_accuracy_value', 'NONE');
#2337 = ORIENTED_EDGE ( 'NONE', *, *, #1403, .F. ) ;
#2338 = LINE ( 'NONE', #3163, #1854 ) ;
#2339 = CARTESIAN_POINT ( 'NONE',  ( 1.627582568898590765, 0.6318999999999996842, -0.9945922786051791809 ) ) ;
#2340 = ORIENTED_EDGE ( 'NONE', *, *, #2742, .T. ) ;
#2341 =( LENGTH_UNIT ( ) NAMED_UNIT ( * ) SI_UNIT ( .MILLI., .METRE. ) );
#2342 = FACE_OUTER_BOUND ( 'NONE', #906, .T. ) ;
#2343 =( LENGTH_UNIT ( ) NAMED_UNIT ( * ) SI_UNIT ( .MILLI., .METRE. ) );
#2344 = CARTESIAN_POINT ( 'NONE',  ( 2.143776874646535546, 0.6317999999999996952, -0.8532336393025896637 ) ) ;
#2345 = ORIENTED_EDGE ( 'NONE', *, *, #1327, .F. ) ;
#2346 = AXIS2_PLACEMENT_3D ( 'NONE', #204, #1871, #247 ) ;
#2347 = DIRECTION ( 'NONE',  ( 0.000000000000000000, 0.000000000000000000, 1.000000000000000000 ) ) ;
#2348 = MECHANICAL_DESIGN_GEOMETRIC_PRESENTATION_REPRESENTATION (  '', ( #1006 ), #100 ) ;
#2349 = PRESENTATION_LAYER_ASSIGNMENT (  '', '', ( #2061 ) ) ;
#2350 = DIRECTION ( 'NONE',  ( 0.000000000000000000, 0.000000000000000000, 1.000000000000000000 ) ) ;
#2351 = CARTESIAN_POINT ( 'NONE',  ( 2.070467659642073244, 0.6317999999999998062, -0.8532336393025897747 ) ) ;
#2352 = AXIS2_PLACEMENT_3D ( 'NONE', #279, #1512, #182 ) ;
#2353 = FACE_OUTER_BOUND ( 'NONE', #801, .T. ) ;
#2354 = VERTEX_POINT ( 'NONE', #873 ) ;
#2355 = CARTESIAN_POINT ( 'NONE',  ( 1.163578999909084422, 0.6317999999999996952, -0.9945922786051791809 ) ) ;
#2356 = APPLICATION_PROTOCOL_DEFINITION ( 'draft international standard', 'automotive_design', 1998, #2161 ) ;
#2357 = ORIENTED_EDGE ( 'NONE', *, *, #2323, .F. ) ;
#2358 = PRESENTATION_STYLE_ASSIGNMENT (( #802 ) ) ;
#2359 = LINE ( 'NONE', #2449, #3203 ) ;
#2360 = EDGE_CURVE ( 'NONE', #1276, #1673, #595, .T. ) ;
#2361 = EDGE_CURVE ( 'NONE', #2448, #2, #1953, .T. ) ;
#2362 = EDGE_CURVE ( 'NONE', #221, #2005, #909, .T. ) ;
#2363 = VECTOR ( 'NONE', #1524, 1000.000000000000000 ) ;
#2364 = VERTEX_POINT ( 'NONE', #3129 ) ;
#2365 = VECTOR ( 'NONE', #2562, 1000.000000000000000 ) ;
#2366 = ADVANCED_FACE ( 'NONE', ( #90 ), #1993, .F. ) ;
#2367 = LINE ( 'NONE', #2115, #1523 ) ;
#2368 = DIRECTION ( 'NONE',  ( 0.4560961842850315695, 0.000000000000000000, -0.8899304864317406638 ) ) ;
#2369 = DIRECTION ( 'NONE',  ( 1.000000000000000000, 0.000000000000000000, 0.000000000000000000 ) ) ;
#2370 = MECHANICAL_DESIGN_GEOMETRIC_PRESENTATION_REPRESENTATION (  '', ( #2848 ), #518 ) ;
#2371 = LINE ( 'NONE', #2643, #563 ) ;
#2372 =( GEOMETRIC_REPRESENTATION_CONTEXT ( 3 ) GLOBAL_UNCERTAINTY_ASSIGNED_CONTEXT ( ( #328 ) ) GLOBAL_UNIT_ASSIGNED_CONTEXT ( ( #1463, #1150, #2214 ) ) REPRESENTATION_CONTEXT ( 'NONE', 'WORKASPACE' ) );
#2373 = FACE_OUTER_BOUND ( 'NONE', #1610, .T. ) ;
#2374 = ORIENTED_EDGE ( 'NONE', *, *, #3498, .T. ) ;
#2375 = UNCERTAINTY_MEASURE_WITH_UNIT (LENGTH_MEASURE( 1.000000000000000082E-05 ), #3009, 'distance_accuracy_value', 'NONE');
#2376 = ORIENTED_EDGE ( 'NONE', *, *, #3056, .T. ) ;
#2377 = VECTOR ( 'NONE', #67, 1000.000000000000000 ) ;
#2378 = LINE ( 'NONE', #3144, #2840 ) ;
#2379 = LINE ( 'NONE', #2339, #1429 ) ;
#2380 =( BOUNDED_CURVE ( )  B_SPLINE_CURVE ( 3, ( #790, #768, #2933, #3191, #1090, #1531, #2080 ),
 .UNSPECIFIED., .F., .F. ) 
 B_SPLINE_CURVE_WITH_KNOTS ( ( 4, 3, 4 ),
 ( 0.7500000000000004441, 1.000000000000000000, 1.250000000000000444 ),
 .UNSPECIFIED. ) 
 CURVE ( )  GEOMETRIC_REPRESENTATION_ITEM ( )  RATIONAL_B_SPLINE_CURVE ( ( 0.5000000000000000000, 0.5000000000000006661, 0.6666666666666672958, 1.000000000000000000, 0.6666666666666660745, 0.4999999999999994449, 0.5000000000000000000 ) ) 
 REPRESENTATION_ITEM ( '' )  );
#2381 = VERTEX_POINT ( 'NONE', #632 ) ;
#2382 = CARTESIAN_POINT ( 'NONE',  ( 2.070467659642073244, 0.6318999999999996842, -0.8532336393025897747 ) ) ;
#2383 = DIRECTION ( 'NONE',  ( 0.000000000000000000, 1.000000000000000000, 0.000000000000000000 ) ) ;
#2384 = CARTESIAN_POINT ( 'NONE',  ( 1.867658053610169233, 0.6317999999999996952, -0.9945922786051791809 ) ) ;
#2385 = PLANE ( 'NONE',  #445 ) ;
#2386 = ORIENTED_EDGE ( 'NONE', *, *, #95, .T. ) ;
#2387 = DIRECTION ( 'NONE',  ( -1.000000000000000000, -1.141265444721583264E-16, -0.000000000000000000 ) ) ;
#2388 = DIRECTION ( 'NONE',  ( 1.000000000000000000, 0.000000000000000000, 0.000000000000000000 ) ) ;
#2389 = CARTESIAN_POINT ( 'NONE',  ( 1.064890738813735860, 0.6317999999999996952, -0.8087244907140513916 ) ) ;
#2390 = ORIENTED_EDGE ( 'NONE', *, *, #2062, .F. ) ;
#2391 = LINE ( 'NONE', #1057, #2822 ) ;
#2392 = EDGE_LOOP ( 'NONE', ( #2646, #2020, #436, #2319 ) ) ;
#2393 = LINE ( 'NONE', #269, #1120 ) ;
#2394 = FILL_AREA_STYLE ('',( #823 ) ) ;
#2395 = ORIENTED_EDGE ( 'NONE', *, *, #1291, .T. ) ;
#2396 = ADVANCED_FACE ( 'NONE', ( #928 ), #1411, .F. ) ;
#2397 = LINE ( 'NONE', #1099, #3269 ) ;
#2398 = CARTESIAN_POINT ( 'NONE',  ( 0.6087096774193547777, 0.6317999999999998062, -1.700000000000000178 ) ) ;
#2399 = DIRECTION ( 'NONE',  ( 0.000000000000000000, 0.000000000000000000, 1.000000000000000000 ) ) ;
#2400 = DIRECTION ( 'NONE',  ( 0.000000000000000000, -0.000000000000000000, -1.000000000000000000 ) ) ;
#2401 = EDGE_LOOP ( 'NONE', ( #1843, #1310, #2038, #1094 ) ) ;
#2402 = AXIS2_PLACEMENT_3D ( 'NONE', #3115, #2499, #2844 ) ;
#2403 = MECHANICAL_DESIGN_GEOMETRIC_PRESENTATION_REPRESENTATION (  '', ( #1158 ), #1004 ) ;
#2404 = PLANE ( 'NONE',  #1723 ) ;
#2405 = LINE ( 'NONE', #2171, #733 ) ;
#2406 = VECTOR ( 'NONE', #542, 1000.000000000000000 ) ;
#2407 = PLANE ( 'NONE',  #842 ) ;
#2408 = CARTESIAN_POINT ( 'NONE',  ( 1.529296437207103398, 0.6317999999999996952, -0.8185742333776780955 ) ) ;
#2409 = CARTESIAN_POINT ( 'NONE',  ( 1.476774743695512981, 0.6318999999999996842, -0.8536267486281550187 ) ) ;
#2410 = VECTOR ( 'NONE', #1502, 1000.000000000000000 ) ;
#2411 =( LENGTH_UNIT ( ) NAMED_UNIT ( * ) SI_UNIT ( .MILLI., .METRE. ) );
#2412 = EDGE_CURVE ( 'NONE', #1204, #774, #1089, .T. ) ;
#2413 = EDGE_LOOP ( 'NONE', ( #56, #521, #699, #1394 ) ) ;
#2414 = AXIS2_PLACEMENT_3D ( 'NONE', #35, #1922, #1644 ) ;
#2415 = DIRECTION ( 'NONE',  ( 0.000000000000000000, 0.000000000000000000, 1.000000000000000000 ) ) ;
#2416 = AXIS2_PLACEMENT_3D ( 'NONE', #1480, #920, #141 ) ;
#2417 = ORIENTED_EDGE ( 'NONE', *, *, #86, .F. ) ;
#2418 =( LENGTH_UNIT ( ) NAMED_UNIT ( * ) SI_UNIT ( .MILLI., .METRE. ) );
#2419 = SURFACE_STYLE_FILL_AREA ( #572 ) ;
#2420 = VERTEX_POINT ( 'NONE', #1827 ) ;
#2421 = FACE_OUTER_BOUND ( 'NONE', #2679, .T. ) ;
#2422 = LINE ( 'NONE', #1566, #1781 ) ;
#2423 = CARTESIAN_POINT ( 'NONE',  ( 1.876194882181912993, 0.6318999999999996842, -0.9474727321709829342 ) ) ;
#2424 = COLOUR_RGB ( '',0.8980392156862745390, 0.9215686274509803377, 0.9294117647058823817 ) ;
#2425 = CARTESIAN_POINT ( 'NONE',  ( 1.743262369448356219, 0.6318999999999996842, -0.9215767395690224184 ) ) ;
#2426 = ORIENTED_EDGE ( 'NONE', *, *, #2742, .F. ) ;
#2427 = FILL_AREA_STYLE_COLOUR ( '', #2182 ) ;
#2428 = EDGE_CURVE ( 'NONE', #2959, #2034, #1606, .T. ) ;
#2429 = ORIENTED_EDGE ( 'NONE', *, *, #2563, .F. ) ;
#2430 = ADVANCED_FACE ( 'NONE', ( #3022 ), #1082, .F. ) ;
#2431 = DIRECTION ( 'NONE',  ( 0.000000000000000000, 0.000000000000000000, -1.000000000000000000 ) ) ;
#2432 = COLOUR_RGB ( '',0.8980392156862745390, 0.9215686274509803377, 0.9294117647058823817 ) ;
#2433 = ADVANCED_FACE ( 'NONE', ( #896 ), #1943, .T. ) ;
#2434 = STYLED_ITEM ( 'NONE', ( #2892 ), #343 ) ;
#2435 = ORIENTED_EDGE ( 'NONE', *, *, #1842, .T. ) ;
#2436 = SURFACE_STYLE_FILL_AREA ( #2202 ) ;
#2437 = CARTESIAN_POINT ( 'NONE',  ( 1.476774743695512759, 0.6317999999999996952, -0.8512368380647596933 ) ) ;
#2438 = COLOUR_RGB ( '',0.8980392156862745390, 0.9215686274509803377, 0.9294117647058823817 ) ;
#2439 = VERTEX_POINT ( 'NONE', #1962 ) ;
#2440 = LINE ( 'NONE', #2981, #2207 ) ;
#2441 = ADVANCED_FACE ( 'NONE', ( #1983 ), #954, .T. ) ;
#2442 = CARTESIAN_POINT ( 'NONE',  ( 1.529296437207103398, 0.6318999999999996842, -0.8862684686757379415 ) ) ;
#2443 = EDGE_CURVE ( 'NONE', #1244, #227, #2266, .T. ) ;
#2444 = EDGE_LOOP ( 'NONE', ( #672, #1137, #1424, #196 ) ) ;
#2445 = CARTESIAN_POINT ( 'NONE',  ( 1.854030687919280274, 0.6317999999999996952, -0.8844702972540807728 ) ) ;
#2446 = SURFACE_STYLE_USAGE ( .BOTH. , #1313 ) ;
#2447 = CARTESIAN_POINT ( 'NONE',  ( -1.779977131871853882E-16, 0.6135999999999998122, 0.000000000000000000 ) ) ;
#2448 = VERTEX_POINT ( 'NONE', #1470 ) ;
#2449 = CARTESIAN_POINT ( 'NONE',  ( 1.664898715595232614, 0.6317999999999996952, -0.9945922786051791809 ) ) ;
#2450 = FILL_AREA_STYLE_COLOUR ( '', #2710 ) ;
#2451 = ORIENTED_EDGE ( 'NONE', *, *, #2581, .F. ) ;
#2452 = CARTESIAN_POINT ( 'NONE',  ( 1.404736605415314754, 0.6318999999999996842, -0.8532336393025895527 ) ) ;
#2453 = CARTESIAN_POINT ( 'NONE',  ( 1.551958472390177368, 0.6317999999999996952, -0.7898468139375424135 ) ) ;
#2454 = VECTOR ( 'NONE', #2911, 1000.000000000000000 ) ;
#2455 =( NAMED_UNIT ( * ) PLANE_ANGLE_UNIT ( ) SI_UNIT ( $, .RADIAN. ) );
#2456 = ORIENTED_EDGE ( 'NONE', *, *, #3378, .T. ) ;
#2457 = DIRECTION ( 'NONE',  ( 0.000000000000000000, 0.000000000000000000, 1.000000000000000000 ) ) ;
#2458 = ORIENTED_EDGE ( 'NONE', *, *, #751, .F. ) ;
#2459 = DIRECTION ( 'NONE',  ( 0.000000000000000000, 0.000000000000000000, 1.000000000000000000 ) ) ;
#2460 = VECTOR ( 'NONE', #2673, 1000.000000000000000 ) ;
#2461 = LINE ( 'NONE', #352, #3456 ) ;
#2462 = VERTEX_POINT ( 'NONE', #2820 ) ;
#2463 =( GEOMETRIC_REPRESENTATION_CONTEXT ( 3 ) GLOBAL_UNCERTAINTY_ASSIGNED_CONTEXT ( ( #870 ) ) GLOBAL_UNIT_ASSIGNED_CONTEXT ( ( #2343, #3451, #2051 ) ) REPRESENTATION_CONTEXT ( 'NONE', 'WORKASPACE' ) );
#2464 = PLANE ( 'NONE',  #562 ) ;
#2465 = STYLED_ITEM ( 'NONE', ( #2358 ), #1840 ) ;
#2466 = CARTESIAN_POINT ( 'NONE',  ( 3.117419354838710355, 0.000000000000000000, -1.700000000000000178 ) ) ;
#2467 = SURFACE_STYLE_FILL_AREA ( #3285 ) ;
#2468 = MECHANICAL_DESIGN_GEOMETRIC_PRESENTATION_REPRESENTATION (  '', ( #3100 ), #223 ) ;
#2469 = VERTEX_POINT ( 'NONE', #1979 ) ;
#2470 = PRESENTATION_STYLE_ASSIGNMENT (( #2134 ) ) ;
#2471 = EDGE_CURVE ( 'NONE', #1693, #1834, #3332, .T. ) ;
#2472 = DIRECTION ( 'NONE',  ( 0.000000000000000000, 1.000000000000000000, -0.000000000000000000 ) ) ;
#2473 = DIRECTION ( 'NONE',  ( 1.536438668180457334E-16, -1.000000000000000000, 0.000000000000000000 ) ) ;
#2474 = COLOUR_RGB ( '',0.8980392156862745390, 0.9215686274509803377, 0.9294117647058823817 ) ;
#2475 = VECTOR ( 'NONE', #1413, 1000.000000000000114 ) ;
#2476 = ORIENTED_EDGE ( 'NONE', *, *, #871, .T. ) ;
#2477 = SURFACE_SIDE_STYLE ('',( #1919 ) ) ;
#2478 = ORIENTED_EDGE ( 'NONE', *, *, #2270, .T. ) ;
#2479 = EDGE_CURVE ( 'NONE', #2354, #3125, #2556, .T. ) ;
#2480 = VECTOR ( 'NONE', #724, 1000.000000000000000 ) ;
#2481 = VERTEX_POINT ( 'NONE', #1678 ) ;
#2482 = CARTESIAN_POINT ( 'NONE',  ( 9.147955830346443662E-17, 0.5954000000000000403, -1.700000000000000178 ) ) ;
#2483 = STYLED_ITEM ( 'NONE', ( #3402 ), #3105 ) ;
#2484 = CARTESIAN_POINT ( 'NONE',  ( 1.243059770052095336, 0.6317999999999996952, -0.7118750000000001465 ) ) ;
#2485 = DIRECTION ( 'NONE',  ( 0.000000000000000000, 0.000000000000000000, 1.000000000000000000 ) ) ;
#2486 = VECTOR ( 'NONE', #1131, 1000.000000000000000 ) ;
#2487 = ORIENTED_EDGE ( 'NONE', *, *, #681, .T. ) ;
#2488 = DIRECTION ( 'NONE',  ( -1.000000000000000000, 0.000000000000000000, 0.000000000000000000 ) ) ;
#2489 = LINE ( 'NONE', #113, #137 ) ;
#2490 = AXIS2_PLACEMENT_3D ( 'NONE', #898, #374, #1162 ) ;
#2491 = CARTESIAN_POINT ( 'NONE',  ( 1.064890738813735860, 0.6317999999999996952, -0.7118750000000001465 ) ) ;
#2492 = CARTESIAN_POINT ( 'NONE',  ( 0.000000000000000000, 0.000000000000000000, -1.700000000000000178 ) ) ;
#2493 =( NAMED_UNIT ( * ) SI_UNIT ( $, .STERADIAN. ) SOLID_ANGLE_UNIT ( ) );
#2494 = ORIENTED_EDGE ( 'NONE', *, *, #3038, .F. ) ;
#2495 = EDGE_LOOP ( 'NONE', ( #2417, #1614, #3246, #574 ) ) ;
#2496 = SURFACE_STYLE_FILL_AREA ( #1975 ) ;
#2497 = VERTEX_POINT ( 'NONE', #1140 ) ;
#2498 = CARTESIAN_POINT ( 'NONE',  ( 2.070467659642073244, 0.6318999999999996842, -0.8532336393025897747 ) ) ;
#2499 = DIRECTION ( 'NONE',  ( 0.000000000000000000, 0.000000000000000000, 1.000000000000000000 ) ) ;
#2500 = FILL_AREA_STYLE_COLOUR ( '', #726 ) ;
#2501 = VERTEX_POINT ( 'NONE', #2482 ) ;
#2502 = DIRECTION ( 'NONE',  ( -1.000000000000000000, -1.141265444721583264E-16, -0.000000000000000000 ) ) ;
#2503 = CARTESIAN_POINT ( 'NONE',  ( 3.117419354838710355, 0.5954000000000000403, -1.700000000000000178 ) ) ;
#2504 = CARTESIAN_POINT ( 'NONE',  ( -5.973699860510934652E-18, -0.01819999999999994192, -1.700000000000000178 ) ) ;
#2505 =( BOUNDED_SURFACE ( )  B_SPLINE_SURFACE ( 3, 1, ( 
 ( #3156, #2615 ),
 ( #766, #2660 ),
 ( #2871, #3490 ),
 ( #1780, #1477 ) ),
 .UNSPECIFIED., .F., .F., .F. ) 
 B_SPLINE_SURFACE_WITH_KNOTS ( ( 4, 4 ),
 ( 2, 2 ),
 ( 0.000000000000000000, 0.5000000001195255006 ),
 ( 0.000000000000000000, 1.000000000000000000 ),
 .UNSPECIFIED. ) 
 GEOMETRIC_REPRESENTATION_ITEM ( )  RATIONAL_B_SPLINE_SURFACE ( (
 ( 1.000000000000000000, 1.000000000000000000),
 ( 0.3333333333333333703, 0.3333333333333333703),
 ( 0.3333333333333333703, 0.3333333333333333703),
 ( 1.000000000000000000, 1.000000000000000000) ) ) 
 REPRESENTATION_ITEM ( '' )  SURFACE ( )  );
#2506 = ORIENTED_EDGE ( 'NONE', *, *, #1816, .T. ) ;
#2507 = EDGE_CURVE ( 'NONE', #3013, #2738, #1716, .T. ) ;
#2508 = VECTOR ( 'NONE', #1493, 1000.000000000000000 ) ;
#2509 = CARTESIAN_POINT ( 'NONE',  ( 2.508709677419355355, 0.6136000000000000343, -1.700000000000000178 ) ) ;
#2510 = EDGE_CURVE ( 'NONE', #704, #3047, #2516, .T. ) ;
#2511 = CARTESIAN_POINT ( 'NONE',  ( 1.064890738813735860, 0.6318999999999996842, -0.8087244907140513916 ) ) ;
#2512 = EDGE_CURVE ( 'NONE', #550, #950, #3133, .T. ) ;
#2513 = ORIENTED_EDGE ( 'NONE', *, *, #2792, .F. ) ;
#2514 = VECTOR ( 'NONE', #3011, 1000.000000000000000 ) ;
#2515 = PRESENTATION_STYLE_ASSIGNMENT (( #354 ) ) ;
#2516 = LINE ( 'NONE', #3049, #977 ) ;
#2517 = COLOUR_RGB ( '',0.8980392156862745390, 0.9215686274509803377, 0.9294117647058823817 ) ;
#2518 = LINE ( 'NONE', #1156, #376 ) ;
#2519 = DIRECTION ( 'NONE',  ( 1.000000000000000000, 0.000000000000000000, 0.000000000000000000 ) ) ;
#2520 =( NAMED_UNIT ( * ) SI_UNIT ( $, .STERADIAN. ) SOLID_ANGLE_UNIT ( ) );
#2521 = CARTESIAN_POINT ( 'NONE',  ( 1.404736605415314754, 0.6318999999999996842, -0.8532336393025895527 ) ) ;
#2522 = ORIENTED_EDGE ( 'NONE', *, *, #2711, .T. ) ;
#2523 = PRESENTATION_LAYER_ASSIGNMENT (  '', '', ( #904 ) ) ;
#2524 = FILL_AREA_STYLE_COLOUR ( '', #1582 ) ;
#2525 = DIRECTION ( 'NONE',  ( 0.000000000000000000, 1.000000000000000000, 0.000000000000000000 ) ) ;
#2526 = MECHANICAL_DESIGN_GEOMETRIC_PRESENTATION_REPRESENTATION (  '', ( #2068 ), #515 ) ;
#2527 = FILL_AREA_STYLE ('',( #3380 ) ) ;
#2528 = PLANE ( 'NONE',  #3174 ) ;
#2529 =( LENGTH_UNIT ( ) NAMED_UNIT ( * ) SI_UNIT ( .MILLI., .METRE. ) );
#2530 = CARTESIAN_POINT ( 'NONE',  ( -0.04129032258064516125, 0.000000000000000000, 0.000000000000000000 ) ) ;
#2531 = ORIENTED_EDGE ( 'NONE', *, *, #288, .F. ) ;
#2532 = DIRECTION ( 'NONE',  ( 1.000000000000000000, 0.000000000000000000, 0.000000000000000000 ) ) ;
#2533 =( NAMED_UNIT ( * ) PLANE_ANGLE_UNIT ( ) SI_UNIT ( $, .RADIAN. ) );
#2534 = COLOUR_RGB ( '',0.8980392156862745390, 0.9215686274509803377, 0.9294117647058823817 ) ;
#2535 = ADVANCED_FACE ( 'NONE', ( #893 ), #602, .T. ) ;
#2536 = EDGE_LOOP ( 'NONE', ( #3379, #157, #2541 ) ) ;
#2537 = PLANE ( 'NONE',  #1118 ) ;
#2538 = DIRECTION ( 'NONE',  ( 1.000000000000000000, 0.000000000000000000, 0.000000000000000000 ) ) ;
#2539 =( NAMED_UNIT ( * ) SI_UNIT ( $, .STERADIAN. ) SOLID_ANGLE_UNIT ( ) );
#2540 = CARTESIAN_POINT ( 'NONE',  ( 1.867658053610169233, 0.6317999999999996952, -0.7118750000000001465 ) ) ;
#2541 = ORIENTED_EDGE ( 'NONE', *, *, #32, .F. ) ;
#2542 = COLOUR_RGB ( '',0.7921568627450980005, 0.8196078431372548767, 0.9333333333333333481 ) ;
#2543 = CARTESIAN_POINT ( 'NONE',  ( 1.322531775426516676, 0.6317999999999996952, -0.8207132955265563634 ) ) ;
#2544 = DIRECTION ( 'NONE',  ( 0.000000000000000000, 0.000000000000000000, 1.000000000000000000 ) ) ;
#2545 = CLOSED_SHELL ( 'NONE', ( #2366, #2873, #1472, #2396, #203, #1991, #238, #343, #47, #2707 ) ) ;
#2546 = ORIENTED_EDGE ( 'NONE', *, *, #2787, .F. ) ;
#2547 = MECHANICAL_DESIGN_GEOMETRIC_PRESENTATION_REPRESENTATION (  '', ( #1754 ), #2853 ) ;
#2548 = CARTESIAN_POINT ( 'NONE',  ( 0.7474999999999999423, 0.000000000000000000, 0.000000000000000000 ) ) ;
#2549 = UNCERTAINTY_MEASURE_WITH_UNIT (LENGTH_MEASURE( 1.000000000000000082E-05 ), #2573, 'distance_accuracy_value', 'NONE');
#2550 = DIRECTION ( 'NONE',  ( 0.000000000000000000, 0.000000000000000000, 1.000000000000000000 ) ) ;
#2551 = APPLICATION_CONTEXT ( 'automotive_design' ) ;
#2552 = DIRECTION ( 'NONE',  ( 0.4560961842850325687, 0.000000000000000000, 0.8899304864317402197 ) ) ;
#2553 = ORIENTED_EDGE ( 'NONE', *, *, #1116, .F. ) ;
#2554 = CARTESIAN_POINT ( 'NONE',  ( -5.973699860510934652E-18, -0.01819999999999994192, 0.000000000000000000 ) ) ;
#2555 = EDGE_LOOP ( 'NONE', ( #2531, #2357, #607, #2386 ) ) ;
#2556 = LINE ( 'NONE', #355, #1396 ) ;
#2557 = DIRECTION ( 'NONE',  ( 0.000000000000000000, 0.000000000000000000, 1.000000000000000000 ) ) ;
#2558 =( LENGTH_UNIT ( ) NAMED_UNIT ( * ) SI_UNIT ( .MILLI., .METRE. ) );
#2559 =( LENGTH_UNIT ( ) NAMED_UNIT ( * ) SI_UNIT ( .MILLI., .METRE. ) );
#2560 = EDGE_LOOP ( 'NONE', ( #650, #15, #353, #1098 ) ) ;
#2561 = CARTESIAN_POINT ( 'NONE',  ( 1.338382776803542562, 0.6317999999999996952, -0.9945922786051791809 ) ) ;
#2562 = DIRECTION ( 'NONE',  ( -1.000000000000000000, -0.000000000000000000, -0.000000000000000000 ) ) ;
#2563 = EDGE_CURVE ( 'NONE', #1648, #2600, #1998, .T. ) ;
#2564 = VERTEX_POINT ( 'NONE', #3355 ) ;
#2565 = CARTESIAN_POINT ( 'NONE',  ( 1.949504097186375517, 0.6317999999999994731, -0.8532336393025896637 ) ) ;
#2566 = CARTESIAN_POINT ( 'NONE',  ( 0.7474999999999999423, 0.6135999999999998122, -1.700000000000000178 ) ) ;
#2567 =( NAMED_UNIT ( * ) SI_UNIT ( $, .STERADIAN. ) SOLID_ANGLE_UNIT ( ) );
#2568 = ORIENTED_EDGE ( 'NONE', *, *, #983, .T. ) ;
#2569 = CARTESIAN_POINT ( 'NONE',  ( 1.743262369448356219, 0.6317999999999996952, -0.9215767395690224184 ) ) ;
#2570 =( NAMED_UNIT ( * ) PLANE_ANGLE_UNIT ( ) SI_UNIT ( $, .RADIAN. ) );
#2571 = VERTEX_POINT ( 'NONE', #1210 ) ;
#2572 = AXIS2_PLACEMENT_3D ( 'NONE', #205, #1485, #666 ) ;
#2573 =( LENGTH_UNIT ( ) NAMED_UNIT ( * ) SI_UNIT ( .MILLI., .METRE. ) );
#2574 = CARTESIAN_POINT ( 'NONE',  ( 1.064890738813735860, 0.6317999999999996952, -0.7118750000000001465 ) ) ;
#2575 = AXIS2_PLACEMENT_3D ( 'NONE', #3254, #2099, #1812 ) ;
#2576 = ORIENTED_EDGE ( 'NONE', *, *, #1584, .F. ) ;
#2577 = CARTESIAN_POINT ( 'NONE',  ( 2.369919354838710301, 0.000000000000000000, -1.700000000000000178 ) ) ;
#2578 = LINE ( 'NONE', #717, #1382 ) ;
#2579 = MECHANICAL_DESIGN_GEOMETRIC_PRESENTATION_REPRESENTATION (  '', ( #2880 ), #57 ) ;
#2580 = ORIENTED_EDGE ( 'NONE', *, *, #751, .T. ) ;
#2581 = EDGE_CURVE ( 'NONE', #938, #3403, #2281, .T. ) ;
#2582 =( GEOMETRIC_REPRESENTATION_CONTEXT ( 3 ) GLOBAL_UNCERTAINTY_ASSIGNED_CONTEXT ( ( #903 ) ) GLOBAL_UNIT_ASSIGNED_CONTEXT ( ( #2418, #1080, #1662 ) ) REPRESENTATION_CONTEXT ( 'NONE', 'WORKASPACE' ) );
#2583 = SURFACE_STYLE_FILL_AREA ( #522 ) ;
#2584 = DIRECTION ( 'NONE',  ( 0.000000000000000000, 1.000000000000000000, 0.000000000000000000 ) ) ;
#2585 = EDGE_CURVE ( 'NONE', #1565, #2142, #1661, .T. ) ;
#2586 = PRODUCT_DEFINITION_CONTEXT ( 'detailed design', #2551, 'design' ) ;
#2587 = EDGE_CURVE ( 'NONE', #892, #76, #2651, .T. ) ;
#2588 = CARTESIAN_POINT ( 'NONE',  ( 1.449333604157881483, 0.6318999999999996842, -0.7118750000024358648 ) ) ;
#2589 = FILL_AREA_STYLE ('',( #1443 ) ) ;
#2590 = ORIENTED_EDGE ( 'NONE', *, *, #3122, .T. ) ;
#2591 = EDGE_LOOP ( 'NONE', ( #266, #348, #985, #1362, #2622, #2553, #2817, #2269 ) ) ;
#2592 = EDGE_CURVE ( 'NONE', #3313, #2777, #439, .T. ) ;
#2593 = DIRECTION ( 'NONE',  ( 0.000000000000000000, 1.000000000000000000, 0.000000000000000000 ) ) ;
#2594 = CARTESIAN_POINT ( 'NONE',  ( 0.7474999999999999423, 0.6135999999999998122, -1.700000000000000178 ) ) ;
#2595 = ORIENTED_EDGE ( 'NONE', *, *, #916, .T. ) ;
#2596 = ADVANCED_FACE ( 'NONE', ( #1772 ), #163, .T. ) ;
#2597 = VECTOR ( 'NONE', #3466, 1000.000000000000000 ) ;
#2598 = CARTESIAN_POINT ( 'NONE',  ( -0.01847750982451878965, 0.6317999999999996952, -0.06444191779597348291 ) ) ;
#2599 = SURFACE_STYLE_USAGE ( .BOTH. , #3205 ) ;
#2600 = VERTEX_POINT ( 'NONE', #2606 ) ;
#2601 = CARTESIAN_POINT ( 'NONE',  ( 2.558709677419355177, -0.01819999999999996967, -1.700000000000000178 ) ) ;
#2602 = DIRECTION ( 'NONE',  ( 1.000000000000000000, 0.000000000000000000, 0.000000000000000000 ) ) ;
#2603 = DIRECTION ( 'NONE',  ( 0.000000000000000000, 0.000000000000000000, -1.000000000000000000 ) ) ;
#2604 = VERTEX_POINT ( 'NONE', #2922 ) ;
#2605 = EDGE_LOOP ( 'NONE', ( #2244, #29, #2040, #2987 ) ) ;
#2606 = CARTESIAN_POINT ( 'NONE',  ( 1.363942052780253489, 0.6318999999999996842, -0.7118750000000001465 ) ) ;
#2607 = LINE ( 'NONE', #3201, #1719 ) ;
#2608 = ORIENTED_EDGE ( 'NONE', *, *, #99, .T. ) ;
#2609 = CARTESIAN_POINT ( 'NONE',  ( 1.404736605415314754, 0.6317999999999998062, -0.8532336393025895527 ) ) ;
#2610 = DIRECTION ( 'NONE',  ( 0.000000000000000000, 1.000000000000000000, 0.000000000000000000 ) ) ;
#2611 = CARTESIAN_POINT ( 'NONE',  ( 1.163578999909084422, 0.6317999999999996952, -0.9945922786051791809 ) ) ;
#2612 = FACE_OUTER_BOUND ( 'NONE', #2413, .T. ) ;
#2613 = DIRECTION ( 'NONE',  ( 0.000000000000000000, 0.000000000000000000, 1.000000000000000000 ) ) ;
#2614 = ORIENTED_EDGE ( 'NONE', *, *, #1776, .T. ) ;
#2615 = CARTESIAN_POINT ( 'NONE',  ( 1.876194882181912549, 0.6318999999999996842, -0.8532336393025896637 ) ) ;
#2616 = LINE ( 'NONE', #2057, #2900 ) ;
#2617 = UNCERTAINTY_MEASURE_WITH_UNIT (LENGTH_MEASURE( 1.000000000000000082E-05 ), #568, 'distance_accuracy_value', 'NONE');
#2618 = LINE ( 'NONE', #3238, #3325 ) ;
#2619 = PLANE ( 'NONE',  #2572 ) ;
#2620 = CARTESIAN_POINT ( 'NONE',  ( 1.876194882181912993, 0.6317999999999998062, -0.8532336393025895527 ) ) ;
#2621 = CARTESIAN_POINT ( 'NONE',  ( 2.369919354838710301, 0.6136000000000000343, 0.000000000000000000 ) ) ;
#2622 = ORIENTED_EDGE ( 'NONE', *, *, #540, .F. ) ;
#2623 = PRESENTATION_STYLE_ASSIGNMENT (( #2086 ) ) ;
#2624 = EDGE_CURVE ( 'NONE', #2236, #1243, #2863, .T. ) ;
#2625 = ORIENTED_EDGE ( 'NONE', *, *, #531, .T. ) ;
#2626 = EDGE_CURVE ( 'NONE', #3480, #321, #232, .T. ) ;
#2627 = LINE ( 'NONE', #1278, #970 ) ;
#2628 = DIRECTION ( 'NONE',  ( 0.000000000000000000, 0.000000000000000000, -1.000000000000000000 ) ) ;
#2629 = ADVANCED_FACE ( 'NONE', ( #1804 ), #194, .T. ) ;
#2630 = ORIENTED_EDGE ( 'NONE', *, *, #1473, .T. ) ;
#2631 = CARTESIAN_POINT ( 'NONE',  ( 1.404736605415314532, 0.6317999999999998062, -0.9474727321709829342 ) ) ;
#2632 = PLANE ( 'NONE',  #464 ) ;
#2633 = FILL_AREA_STYLE_COLOUR ( '', #164 ) ;
#2634 = MECHANICAL_DESIGN_GEOMETRIC_PRESENTATION_REPRESENTATION (  '', ( #1003 ), #2926 ) ;
#2635 = VECTOR ( 'NONE', #1095, 1000.000000000000000 ) ;
#2636 = DIRECTION ( 'NONE',  ( 0.000000000000000000, -1.000000000000000000, 0.000000000000000000 ) ) ;
#2637 = EDGE_LOOP ( 'NONE', ( #3096, #260, #962, #1591, #924, #3488, #720, #1787 ) ) ;
#2638 = FACE_OUTER_BOUND ( 'NONE', #1037, .T. ) ;
#2639 = VECTOR ( 'NONE', #2117, 1000.000000000000114 ) ;
#2640 = LINE ( 'NONE', #1286, #750 ) ;
#2641 =( GEOMETRIC_REPRESENTATION_CONTEXT ( 3 ) GLOBAL_UNCERTAINTY_ASSIGNED_CONTEXT ( ( #1905 ) ) GLOBAL_UNIT_ASSIGNED_CONTEXT ( ( #2411, #794, #489 ) ) REPRESENTATION_CONTEXT ( 'NONE', 'WORKASPACE' ) );
#2642 = CARTESIAN_POINT ( 'NONE',  ( 1.529296437207103398, 0.6317999999999996952, -0.8185742333776780955 ) ) ;
#2643 = CARTESIAN_POINT ( 'NONE',  ( 1.743262369448356219, 0.6317999999999996952, -0.9215767395690224184 ) ) ;
#2644 = PRESENTATION_LAYER_ASSIGNMENT (  '', '', ( #2465 ) ) ;
#2645 = LINE ( 'NONE', #1589, #341 ) ;
#2646 = ORIENTED_EDGE ( 'NONE', *, *, #1732, .F. ) ;
#2647 = VECTOR ( 'NONE', #3199, 1000.000000000000000 ) ;
#2648 = CARTESIAN_POINT ( 'NONE',  ( 2.508709677419355355, 0.6136000000000000343, -1.700000000000000178 ) ) ;
#2649 = VERTEX_POINT ( 'NONE', #759 ) ;
#2650 = SURFACE_STYLE_FILL_AREA ( #3445 ) ;
#2651 = LINE ( 'NONE', #1011, #3411 ) ;
#2652 = CARTESIAN_POINT ( 'NONE',  ( 1.538527601647626142, 0.6317999999999996952, -0.7118750000000001465 ) ) ;
#2653 = VERTEX_POINT ( 'NONE', #1229 ) ;
#2654 = FACE_OUTER_BOUND ( 'NONE', #2055, .T. ) ;
#2655 = CARTESIAN_POINT ( 'NONE',  ( 0.7474999999999999423, 0.6136000000000000343, 0.000000000000000000 ) ) ;
#2656 = PRESENTATION_LAYER_ASSIGNMENT (  '', '', ( #2666 ) ) ;
#2657 = PRESENTATION_STYLE_ASSIGNMENT (( #786 ) ) ;
#2658 = MECHANICAL_DESIGN_GEOMETRIC_PRESENTATION_REPRESENTATION (  '', ( #344 ), #2306 ) ;
#2659 = ORIENTED_EDGE ( 'NONE', *, *, #1221, .F. ) ;
#2660 = CARTESIAN_POINT ( 'NONE',  ( 1.876194882181912771, 0.6318999999999996842, -0.5705163606974100743 ) ) ;
#2661 = SURFACE_STYLE_FILL_AREA ( #3157 ) ;
#2662 = STYLED_ITEM ( 'NONE', ( #1694 ), #2855 ) ;
#2663 = LINE ( 'NONE', #1304, #2818 ) ;
#2664 = DIRECTION ( 'NONE',  ( 0.000000000000000000, 0.000000000000000000, -1.000000000000000000 ) ) ;
#2665 = CARTESIAN_POINT ( 'NONE',  ( 1.627582568898590765, 0.6317999999999996952, -0.9945922786051791809 ) ) ;
#2666 = STYLED_ITEM ( 'NONE', ( #2103 ), #2960 ) ;
#2667 = CARTESIAN_POINT ( 'NONE',  ( 2.508709677419355355, 0.6136000000000000343, 0.000000000000000000 ) ) ;
#2668 = ORIENTED_EDGE ( 'NONE', *, *, #773, .F. ) ;
#2669 = UNCERTAINTY_MEASURE_WITH_UNIT (LENGTH_MEASURE( 1.000000000000000082E-05 ), #1085, 'distance_accuracy_value', 'NONE');
#2670 = LINE ( 'NONE', #905, #1937 ) ;
#2671 =( GEOMETRIC_REPRESENTATION_CONTEXT ( 3 ) GLOBAL_UNCERTAINTY_ASSIGNED_CONTEXT ( ( #2919 ) ) GLOBAL_UNIT_ASSIGNED_CONTEXT ( ( #879, #1081, #48 ) ) REPRESENTATION_CONTEXT ( 'NONE', 'WORKASPACE' ) );
#2672 = EDGE_CURVE ( 'NONE', #2738, #1572, #2338, .T. ) ;
#2673 = DIRECTION ( 'NONE',  ( 1.000000000000000000, 3.282252670610414307E-16, 0.000000000000000000 ) ) ;
#2674 = VERTEX_POINT ( 'NONE', #2090 ) ;
#2675 = VECTOR ( 'NONE', #324, 1000.000000000000000 ) ;
#2676 = CARTESIAN_POINT ( 'NONE',  ( 1.949504097186375517, 0.6318999999999997952, -0.8532336393025896637 ) ) ;
#2677 = CARTESIAN_POINT ( 'NONE',  ( 0.000000000000000000, 0.000000000000000000, 0.000000000000000000 ) ) ;
#2678 =( LENGTH_UNIT ( ) NAMED_UNIT ( * ) SI_UNIT ( .MILLI., .METRE. ) );
#2679 = EDGE_LOOP ( 'NONE', ( #2763, #1498, #2213, #1996 ) ) ;
#2680 = LINE ( 'NONE', #2696, #895 ) ;
#2681 = CARTESIAN_POINT ( 'NONE',  ( 2.070467659642073244, 0.6317999999999998062, -0.8958355210322105355 ) ) ;
#2682 = VERTEX_POINT ( 'NONE', #3114 ) ;
#2683 = CARTESIAN_POINT ( 'NONE',  ( 1.502722857736906503, 0.6317999999999999172, -0.9189495764011178514 ) ) ;
#2684 = EDGE_CURVE ( 'NONE', #2469, #1577, #2378, .T. ) ;
#2685 = FACE_BOUND ( 'NONE', #1104, .T. ) ;
#2686 = CARTESIAN_POINT ( 'NONE',  ( 1.867658053610169233, 0.6317999999999996952, -0.7818929250807219455 ) ) ;
#2687 = DIRECTION ( 'NONE',  ( -0.4486266649741639800, -0.000000000000000000, -0.8937192598764777118 ) ) ;
#2688 = DIRECTION ( 'NONE',  ( 0.000000000000000000, 1.000000000000000000, 0.000000000000000000 ) ) ;
#2689 = CARTESIAN_POINT ( 'NONE',  ( 1.148886037081338296, 0.6317999999999996952, -0.8087244907140513916 ) ) ;
#2690 = DIRECTION ( 'NONE',  ( 0.000000000000000000, 0.000000000000000000, -1.000000000000000000 ) ) ;
#2691 = FILL_AREA_STYLE_COLOUR ( '', #2289 ) ;
#2692 = VERTEX_POINT ( 'NONE', #2302 ) ;
#2693 = CARTESIAN_POINT ( 'NONE',  ( 1.949504097186375740, 0.6318999999999997952, -0.9810392844914512800 ) ) ;
#2694 = SURFACE_SIDE_STYLE ('',( #779 ) ) ;
#2695 = EDGE_LOOP ( 'NONE', ( #3353, #1015, #444, #3104 ) ) ;
#2696 = CARTESIAN_POINT ( 'NONE',  ( 1.243059770052095336, 0.6317999999999996952, -0.7118750000000001465 ) ) ;
#2697 = LINE ( 'NONE', #2484, #558 ) ;
#2698 =( NAMED_UNIT ( * ) PLANE_ANGLE_UNIT ( ) SI_UNIT ( $, .RADIAN. ) );
#2699 = ORIENTED_EDGE ( 'NONE', *, *, #754, .T. ) ;
#2700 = EDGE_CURVE ( 'NONE', #971, #1759, #1507, .T. ) ;
#2701 = CARTESIAN_POINT ( 'NONE',  ( 1.347073867548432169, 0.6317999999999996952, -0.7519638040136090718 ) ) ;
#2702 = ADVANCED_FACE ( 'NONE', ( #744 ), #212, .T. ) ;
#2703 = DIRECTION ( 'NONE',  ( 0.000000000000000000, 1.000000000000000000, 0.000000000000000000 ) ) ;
#2704 = CARTESIAN_POINT ( 'NONE',  ( 1.064890738813735860, 0.6318999999999996842, -0.8087244907140513916 ) ) ;
#2705 = STYLED_ITEM ( 'NONE', ( #3175 ), #1184 ) ;
#2706 = DIRECTION ( 'NONE',  ( -1.000000000000000000, 0.000000000000000000, 0.000000000000000000 ) ) ;
#2707 = ADVANCED_FACE ( 'NONE', ( #1760 ), #2909, .T. ) ;
#2708 = LINE ( 'NONE', #2408, #689 ) ;
#2709 = ORIENTED_EDGE ( 'NONE', *, *, #1902, .F. ) ;
#2710 = COLOUR_RGB ( '',0.8980392156862745390, 0.9215686274509803377, 0.9294117647058823817 ) ;
#2711 = EDGE_CURVE ( 'NONE', #1892, #2797, #2178, .T. ) ;
#2712 = MECHANICAL_DESIGN_GEOMETRIC_PRESENTATION_REPRESENTATION (  '', ( #2234 ), #2582 ) ;
#2713 = CARTESIAN_POINT ( 'NONE',  ( 0.7474999999999999423, 0.5954000000000000403, -1.700000000000000178 ) ) ;
#2714 = ORIENTED_EDGE ( 'NONE', *, *, #569, .F. ) ;
#2715 = CARTESIAN_POINT ( 'NONE',  ( 2.070467659642073244, 0.6317999999999994731, -0.8532336393025896637 ) ) ;
#2716 = DIRECTION ( 'NONE',  ( 1.000000000000000000, 0.000000000000000000, 0.000000000000000000 ) ) ;
#2717 = VECTOR ( 'NONE', #1190, 1000.000000000000114 ) ;
#2718 = ADVANCED_FACE ( 'NONE', ( #1351 ), #1105, .T. ) ;
#2719 = ORIENTED_EDGE ( 'NONE', *, *, #2219, .T. ) ;
#2720 = CARTESIAN_POINT ( 'NONE',  ( 1.481425299460066070, 0.6317999999999998062, -0.8051198582953492666 ) ) ;
#2721 = ADVANCED_FACE ( 'NONE', ( #1642 ), #31, .T. ) ;
#2722 = ORIENTED_EDGE ( 'NONE', *, *, #2831, .T. ) ;
#2723 = CARTESIAN_POINT ( 'NONE',  ( 2.369919354838710301, 0.5954000000000000403, -1.700000000000000178 ) ) ;
#2724 = CARTESIAN_POINT ( 'NONE',  ( 2.076881376530379963, 0.6318999999999995731, -0.9945922786051794029 ) ) ;
#2725 = AXIS2_PLACEMENT_3D ( 'NONE', #146, #392, #2778 ) ;
#2726 = ORIENTED_EDGE ( 'NONE', *, *, #1320, .T. ) ;
#2727 = EDGE_CURVE ( 'NONE', #1385, #3068, #857, .T. ) ;
#2728 = DIRECTION ( 'NONE',  ( 0.000000000000000000, 0.000000000000000000, 1.000000000000000000 ) ) ;
#2729 = ORIENTED_EDGE ( 'NONE', *, *, #1640, .F. ) ;
#2730 = DIRECTION ( 'NONE',  ( -0.4486266649741640911, 0.000000000000000000, 0.8937192598764778229 ) ) ;
#2731 = AXIS2_PLACEMENT_3D ( 'NONE', #1390, #1439, #593 ) ;
#2732 = VECTOR ( 'NONE', #2485, 1000.000000000000000 ) ;
#2733 = ORIENTED_EDGE ( 'NONE', *, *, #2999, .F. ) ;
#2734 = FILL_AREA_STYLE ('',( #861 ) ) ;
#2735 = DIRECTION ( 'NONE',  ( 0.000000000000000000, 1.000000000000000000, 0.000000000000000000 ) ) ;
#2736 = DIRECTION ( 'NONE',  ( -1.000000000000000000, 1.536438668180457580E-16, 0.000000000000000000 ) ) ;
#2737 = STYLED_ITEM ( 'NONE', ( #1134 ), #450 ) ;
#2738 = VERTEX_POINT ( 'NONE', #3002 ) ;
#2739 = LINE ( 'NONE', #364, #1688 ) ;
#2740 = ORIENTED_EDGE ( 'NONE', *, *, #3498, .F. ) ;
#2741 = DIRECTION ( 'NONE',  ( 1.000000000000000000, 0.000000000000000000, 0.000000000000000000 ) ) ;
#2742 = EDGE_CURVE ( 'NONE', #1710, #3125, #584, .T. ) ;
#2743 = EDGE_CURVE ( 'NONE', #2797, #2649, #317, .T. ) ;
#2744 = ORIENTED_EDGE ( 'NONE', *, *, #569, .T. ) ;
#2745 = ADVANCED_FACE ( 'NONE', ( #837 ), #551, .T. ) ;
#2746 = DIRECTION ( 'NONE',  ( 0.000000000000000000, 1.000000000000000000, 0.000000000000000000 ) ) ;
#2747 = CARTESIAN_POINT ( 'NONE',  ( 1.476774743695512981, 0.6317999999999996952, -0.8536267486281550187 ) ) ;
#2748 = PLANE ( 'NONE',  #2260 ) ;
#2749 = EDGE_CURVE ( 'NONE', #889, #472, #1312, .T. ) ;
#2750 = VERTEX_POINT ( 'NONE', #3225 ) ;
#2751 = SURFACE_SIDE_STYLE ('',( #2583 ) ) ;
#2752 =( BOUNDED_SURFACE ( )  B_SPLINE_SURFACE ( 3, 1, ( 
 ( #864, #709 ),
 ( #1758, #406 ),
 ( #1995, #3086 ),
 ( #671, #1737 ) ),
 .UNSPECIFIED., .F., .F., .F. ) 
 B_SPLINE_SURFACE_WITH_KNOTS ( ( 4, 4 ),
 ( 2, 2 ),
 ( 0.7500000000032318592, 1.000000000000000000 ),
 ( 0.000000000000000000, 1.000000000000000000 ),
 .UNSPECIFIED. ) 
 GEOMETRIC_REPRESENTATION_ITEM ( )  RATIONAL_B_SPLINE_SURFACE ( (
 ( 0.5000000000000000000, 0.5000000000000000000),
 ( 0.5000000000043092196, 0.5000000000043092196),
 ( 0.6666666666709758493, 0.6666666666709758493),
 ( 1.000000000000000000, 1.000000000000000000) ) ) 
 REPRESENTATION_ITEM ( '' )  SURFACE ( )  );
#2753 = STYLED_ITEM ( 'NONE', ( #264 ), #948 ) ;
#2754 = FILL_AREA_STYLE_COLOUR ( '', #2432 ) ;
#2755 = VECTOR ( 'NONE', #1296, 1000.000000000000000 ) ;
#2756 = LINE ( 'NONE', #1706, #1663 ) ;
#2757 = VECTOR ( 'NONE', #3459, 1000.000000000000000 ) ;
#2758 = VERTEX_POINT ( 'NONE', #2109 ) ;
#2759 = AXIS2_PLACEMENT_3D ( 'NONE', #3063, #3295, #1186 ) ;
#2760 = FILL_AREA_STYLE ('',( #2971 ) ) ;
#2761 = CARTESIAN_POINT ( 'NONE',  ( 2.143776874646535546, 0.6318999999999996842, -0.7589945464341965042 ) ) ;
#2762 = VECTOR ( 'NONE', #878, 1000.000000000000000 ) ;
#2763 = ORIENTED_EDGE ( 'NONE', *, *, #188, .F. ) ;
#2764 = COLOUR_RGB ( '',0.8980392156862745390, 0.9215686274509803377, 0.9294117647058823817 ) ;
#2765 = DIRECTION ( 'NONE',  ( -1.000000000000000000, 0.000000000000000000, 0.000000000000000000 ) ) ;
#2766 = DIRECTION ( 'NONE',  ( 0.000000000000000000, 1.000000000000000000, 0.000000000000000000 ) ) ;
#2767 = DIRECTION ( 'NONE',  ( 1.000000000000000000, -0.000000000000000000, -0.000000000000000000 ) ) ;
#2768 = DIRECTION ( 'NONE',  ( 0.000000000000000000, 0.000000000000000000, 1.000000000000000000 ) ) ;
#2769 = DIRECTION ( 'NONE',  ( -0.3910901643510818482, 0.000000000000000000, -0.9203523691216554115 ) ) ;
#2770 = ORIENTED_EDGE ( 'NONE', *, *, #2033, .T. ) ;
#2771 = CARTESIAN_POINT ( 'NONE',  ( 2.070467659642073244, 0.6318999999999996842, -0.8532336393025897747 ) ) ;
#2772 = PRESENTATION_STYLE_ASSIGNMENT (( #70 ) ) ;
#2773 =( BOUNDED_CURVE ( )  B_SPLINE_CURVE ( 3, ( #2102, #453, #771, #2119, #2138, #1254, #2620 ),
 .UNSPECIFIED., .F., .F. ) 
 B_SPLINE_CURVE_WITH_KNOTS ( ( 4, 3, 4 ),
 ( 0.2500000000000000000, 0.5000000000000000000, 0.7500000000000000000 ),
 .UNSPECIFIED. ) 
 CURVE ( )  GEOMETRIC_REPRESENTATION_ITEM ( )  RATIONAL_B_SPLINE_CURVE ( ( 0.5000000000000000000, 0.5000000000000000000, 0.6666666666666667407, 1.000000000000000000, 0.6666666666666667407, 0.5000000000000000000, 0.5000000000000000000 ) ) 
 REPRESENTATION_ITEM ( '' )  );
#2774 = CARTESIAN_POINT ( 'NONE',  ( 1.347073867548432169, 0.6318999999999996842, -0.7519638040136090718 ) ) ;
#2775 = ORIENTED_EDGE ( 'NONE', *, *, #2867, .T. ) ;
#2776 = PRESENTATION_LAYER_ASSIGNMENT (  '', '', ( #124 ) ) ;
#2777 = VERTEX_POINT ( 'NONE', #45 ) ;
#2778 = DIRECTION ( 'NONE',  ( 0.000000000000000000, -0.000000000000000000, 1.000000000000000000 ) ) ;
#2779 = CARTESIAN_POINT ( 'NONE',  ( 0.7474999999999999423, 0.5954000000000000403, -1.700000000000000178 ) ) ;
#2780 = DIRECTION ( 'NONE',  ( 0.000000000000000000, -1.000000000000000000, 0.000000000000000000 ) ) ;
#2781 = STYLED_ITEM ( 'NONE', ( #2167 ), #203 ) ;
#2782 = DIRECTION ( 'NONE',  ( 0.000000000000000000, 0.000000000000000000, 1.000000000000000000 ) ) ;
#2783 = ORIENTED_EDGE ( 'NONE', *, *, #3314, .F. ) ;
#2784 = FACE_OUTER_BOUND ( 'NONE', #553, .T. ) ;
#2785 =( GEOMETRIC_REPRESENTATION_CONTEXT ( 3 ) GLOBAL_UNCERTAINTY_ASSIGNED_CONTEXT ( ( #2669 ) ) GLOBAL_UNIT_ASSIGNED_CONTEXT ( ( #1085, #39, #1650 ) ) REPRESENTATION_CONTEXT ( 'NONE', 'WORKASPACE' ) );
#2786 = LINE ( 'NONE', #2308, #2365 ) ;
#2787 = EDGE_CURVE ( 'NONE', #2228, #2893, #2958, .T. ) ;
#2788 = MANIFOLD_SOLID_BREP ( 'Scale1[4]', #2085 ) ;
#2789 = CARTESIAN_POINT ( 'NONE',  ( 1.949504097186375517, 0.6318999999999996842, -0.8532336393025896637 ) ) ;
#2790 = CARTESIAN_POINT ( 'NONE',  ( 1.471632103531470559, 0.6318999999999996842, -0.9945922786051794029 ) ) ;
#2791 = DIRECTION ( 'NONE',  ( 1.000000000000000000, 0.000000000000000000, 0.000000000000000000 ) ) ;
#2792 = EDGE_CURVE ( 'NONE', #1393, #3360, #1598, .T. ) ;
#2793 = PLANE ( 'NONE',  #3208 ) ;
#2794 = ORIENTED_EDGE ( 'NONE', *, *, #1885, .F. ) ;
#2795 = ADVANCED_BREP_SHAPE_REPRESENTATION ( 'RS_SMDCHIP_1206_L3.2W1.7T0.65B10.65B20.6', ( #1668, #2855, #1649, #457, #2837, #438, #1599, #2788, #2806, #1109 ), #1217 ) ;
#2796 = DIRECTION ( 'NONE',  ( -1.000000000000000000, -2.900875377887637630E-16, 0.000000000000000000 ) ) ;
#2797 = VERTEX_POINT ( 'NONE', #3200 ) ;
#2798 = DIRECTION ( 'NONE',  ( 1.000000000000000000, 0.000000000000000000, 0.000000000000000000 ) ) ;
#2799 = CARTESIAN_POINT ( 'NONE',  ( 1.876194882181912771, 0.6317999999999996952, -1.135950917907769364 ) ) ;
#2800 =( NAMED_UNIT ( * ) SI_UNIT ( $, .STERADIAN. ) SOLID_ANGLE_UNIT ( ) );
#2801 = ORIENTED_EDGE ( 'NONE', *, *, #2428, .F. ) ;
#2802 = FACE_OUTER_BOUND ( 'NONE', #1925, .T. ) ;
#2803 = SURFACE_STYLE_USAGE ( .BOTH. , #625 ) ;
#2804 = DIRECTION ( 'NONE',  ( 0.000000000000000000, 1.000000000000000000, 0.000000000000000000 ) ) ;
#2805 =( NAMED_UNIT ( * ) SI_UNIT ( $, .STERADIAN. ) SOLID_ANGLE_UNIT ( ) );
#2806 = MANIFOLD_SOLID_BREP ( 'Scale1[5]', #867 ) ;
#2807 = FACE_OUTER_BOUND ( 'NONE', #1290, .T. ) ;
#2808 = CARTESIAN_POINT ( 'NONE',  ( -0.01847750982451878965, 0.6317999999999996952, -0.06444191779597348291 ) ) ;
#2809 = CARTESIAN_POINT ( 'NONE',  ( 1.538600510041107317, 0.6317999999999998062, -0.9189495764011179624 ) ) ;
#2810 = VERTEX_POINT ( 'NONE', #89 ) ;
#2811 = VECTOR ( 'NONE', #1449, 1000.000000000000000 ) ;
#2812 =( NAMED_UNIT ( * ) PLANE_ANGLE_UNIT ( ) SI_UNIT ( $, .RADIAN. ) );
#2813 = VECTOR ( 'NONE', #2488, 1000.000000000000000 ) ;
#2814 = CARTESIAN_POINT ( 'NONE',  ( 1.476774743695512981, 0.6318999999999996842, -0.8536267486281550187 ) ) ;
#2815 = FILL_AREA_STYLE_COLOUR ( '', #3335 ) ;
#2816 = FILL_AREA_STYLE ('',( #1713 ) ) ;
#2817 = ORIENTED_EDGE ( 'NONE', *, *, #2443, .F. ) ;
#2818 = VECTOR ( 'NONE', #2387, 1000.000000000000000 ) ;
#2819 = DIRECTION ( 'NONE',  ( 0.000000000000000000, 0.000000000000000000, 1.000000000000000000 ) ) ;
#2820 = CARTESIAN_POINT ( 'NONE',  ( 1.949504097186375740, 0.6317999999999998062, -0.8532336393025895527 ) ) ;
#2821 = CARTESIAN_POINT ( 'NONE',  ( 1.876194882181912771, 0.6318999999999994621, -1.135950917907769364 ) ) ;
#2822 = VECTOR ( 'NONE', #1029, 1000.000000000000000 ) ;
#2823 = EDGE_CURVE ( 'NONE', #2810, #1161, #13, .T. ) ;
#2824 = EDGE_CURVE ( 'NONE', #1880, #2236, #630, .T. ) ;
#2825 = SURFACE_STYLE_USAGE ( .BOTH. , #3338 ) ;
#2826 = ORIENTED_EDGE ( 'NONE', *, *, #681, .F. ) ;
#2827 = PRESENTATION_STYLE_ASSIGNMENT (( #657 ) ) ;
#2828 = VECTOR ( 'NONE', #590, 1000.000000000000000 ) ;
#2829 = LINE ( 'NONE', #1454, #3059 ) ;
#2830 = SURFACE_STYLE_FILL_AREA ( #3121 ) ;
#2831 = EDGE_CURVE ( 'NONE', #3227, #2364, #387, .T. ) ;
#2832 = VECTOR ( 'NONE', #1108, 1000.000000000000000 ) ;
#2833 = EDGE_LOOP ( 'NONE', ( #1148, #1464, #2722, #2069 ) ) ;
#2834 = EDGE_CURVE ( 'NONE', #2937, #1077, #668, .T. ) ;
#2835 = CARTESIAN_POINT ( 'NONE',  ( 1.538527601644168019, 0.6317999999999996952, -0.7118750000000000355 ) ) ;
#2836 = ORIENTED_EDGE ( 'NONE', *, *, #2101, .F. ) ;
#2837 = MANIFOLD_SOLID_BREP ( 'Scale1[1]', #404 ) ;
#2838 = ORIENTED_EDGE ( 'NONE', *, *, #349, .T. ) ;
#2839 = AXIS2_PLACEMENT_3D ( 'NONE', #3390, #1255, #2334 ) ;
#2840 = VECTOR ( 'NONE', #175, 1000.000000000000000 ) ;
#2841 = CARTESIAN_POINT ( 'NONE',  ( 1.627582568898590765, 0.6317999999999996952, -0.9189495764011172962 ) ) ;
#2842 = ORIENTED_EDGE ( 'NONE', *, *, #1736, .F. ) ;
#2843 = DIRECTION ( 'NONE',  ( 0.000000000000000000, 0.000000000000000000, -1.000000000000000000 ) ) ;
#2844 = DIRECTION ( 'NONE',  ( -1.000000000000000000, 0.000000000000000000, 0.000000000000000000 ) ) ;
#2845 = LINE ( 'NONE', #2217, #3420 ) ;
#2846 = EDGE_CURVE ( 'NONE', #2758, #1302, #1445, .T. ) ;
#2847 = FACE_OUTER_BOUND ( 'NONE', #3198, .T. ) ;
#2848 = STYLED_ITEM ( 'NONE', ( #2772 ), #47 ) ;
#2849 = EDGE_LOOP ( 'NONE', ( #1849, #2157, #821, #201 ) ) ;
#2850 = PLANE ( 'NONE',  #2239 ) ;
#2851 =( LENGTH_UNIT ( ) NAMED_UNIT ( * ) SI_UNIT ( .MILLI., .METRE. ) );
#2852 = DIRECTION ( 'NONE',  ( 0.000000000000000000, 0.000000000000000000, -1.000000000000000000 ) ) ;
#2853 =( GEOMETRIC_REPRESENTATION_CONTEXT ( 3 ) GLOBAL_UNCERTAINTY_ASSIGNED_CONTEXT ( ( #26 ) ) GLOBAL_UNIT_ASSIGNED_CONTEXT ( ( #2558, #2232, #2520 ) ) REPRESENTATION_CONTEXT ( 'NONE', 'WORKASPACE' ) );
#2854 = ORIENTED_EDGE ( 'NONE', *, *, #1430, .T. ) ;
#2855 = MANIFOLD_SOLID_BREP ( 'Lead1', #2545 ) ;
#2856 = LINE ( 'NONE', #2601, #3023 ) ;
#2857 =( LENGTH_UNIT ( ) NAMED_UNIT ( * ) SI_UNIT ( .MILLI., .METRE. ) );
#2858 = ORIENTED_EDGE ( 'NONE', *, *, #3222, .T. ) ;
#2859 = UNCERTAINTY_MEASURE_WITH_UNIT (LENGTH_MEASURE( 1.000000000000000082E-05 ), #528, 'distance_accuracy_value', 'NONE');
#2860 = DIRECTION ( 'NONE',  ( 0.000000000000000000, 0.000000000000000000, -1.000000000000000000 ) ) ;
#2861 = CARTESIAN_POINT ( 'NONE',  ( 1.949504097186375740, 0.6318999999999996842, -0.8532336393025895527 ) ) ;
#2862 = EDGE_LOOP ( 'NONE', ( #3074, #2910, #2310, #1030 ) ) ;
#2863 = LINE ( 'NONE', #1259, #2076 ) ;
#2864 = EDGE_CURVE ( 'NONE', #2674, #2354, #366, .T. ) ;
#2865 = EDGE_CURVE ( 'NONE', #1572, #1834, #158, .T. ) ;
#2866 = ORIENTED_EDGE ( 'NONE', *, *, #3112, .F. ) ;
#2867 = EDGE_CURVE ( 'NONE', #3412, #2653, #3159, .T. ) ;
#2868 = CARTESIAN_POINT ( 'NONE',  ( 1.284470047405829929, 0.6318999999999996842, -0.8207132955265563634 ) ) ;
#2869 = CARTESIAN_POINT ( 'NONE',  ( 1.284470047405829929, 0.6317999999999996952, -0.8207132955265563634 ) ) ;
#2870 = ORIENTED_EDGE ( 'NONE', *, *, #2428, .T. ) ;
#2871 = CARTESIAN_POINT ( 'NONE',  ( 2.143776874646535546, 0.6317999999999996952, -0.5705163606974100743 ) ) ;
#2872 = CARTESIAN_POINT ( 'NONE',  ( 2.009985878414224381, 0.6317999999999996952, -0.8532336393025896637 ) ) ;
#2873 = ADVANCED_FACE ( 'NONE', ( #487 ), #207, .T. ) ;
#2874 = DIRECTION ( 'NONE',  ( -1.000000000000000000, 0.000000000000000000, 0.000000000000000000 ) ) ;
#2875 = CARTESIAN_POINT ( 'NONE',  ( 1.538600510041130853, 0.6318999999999996842, -0.8536267486281551298 ) ) ;
#2876 = EDGE_LOOP ( 'NONE', ( #1756, #1452, #2220, #915 ) ) ;
#2877 = CARTESIAN_POINT ( 'NONE',  ( 1.867658053610169233, 0.6317999999999996952, -0.7818929250807219455 ) ) ;
#2878 = VERTEX_POINT ( 'NONE', #3441 ) ;
#2879 = LINE ( 'NONE', #3187, #284 ) ;
#2880 = STYLED_ITEM ( 'NONE', ( #1707 ), #1668 ) ;
#2881 = ORIENTED_EDGE ( 'NONE', *, *, #190, .T. ) ;
#2882 = CARTESIAN_POINT ( 'NONE',  ( 1.148886037081338296, 0.6317999999999996952, -0.8087244907140513916 ) ) ;
#2883 = VECTOR ( 'NONE', #683, 1000.000000000000000 ) ;
#2884 = CARTESIAN_POINT ( 'NONE',  ( 1.743262369448356219, 0.6318999999999996842, -0.8844702972540807728 ) ) ;
#2885 =( GEOMETRIC_REPRESENTATION_CONTEXT ( 3 ) GLOBAL_UNCERTAINTY_ASSIGNED_CONTEXT ( ( #3126 ) ) GLOBAL_UNIT_ASSIGNED_CONTEXT ( ( #2975, #1911, #3230 ) ) REPRESENTATION_CONTEXT ( 'NONE', 'WORKASPACE' ) );
#2886 = LINE ( 'NONE', #1768, #1829 ) ;
#2887 = CARTESIAN_POINT ( 'NONE',  ( 1.743262369448356219, 0.6318999999999996842, -0.8216764980901485327 ) ) ;
#2888 = ORIENTED_EDGE ( 'NONE', *, *, #1794, .T. ) ;
#2889 = UNCERTAINTY_MEASURE_WITH_UNIT (LENGTH_MEASURE( 1.000000000000000082E-05 ), #815, 'distance_accuracy_value', 'NONE');
#2890 = ORIENTED_EDGE ( 'NONE', *, *, #1322, .F. ) ;
#2891 = CARTESIAN_POINT ( 'NONE',  ( 1.476774743695512759, 0.6317999999999996952, -0.8536267486281551298 ) ) ;
#2892 = PRESENTATION_STYLE_ASSIGNMENT (( #3431 ) ) ;
#2893 = VERTEX_POINT ( 'NONE', #740 ) ;
#2894 =( NAMED_UNIT ( * ) PLANE_ANGLE_UNIT ( ) SI_UNIT ( $, .RADIAN. ) );
#2895 = LINE ( 'NONE', #2611, #281 ) ;
#2896 = ORIENTED_EDGE ( 'NONE', *, *, #2212, .T. ) ;
#2897 = VECTOR ( 'NONE', #2208, 1000.000000000000000 ) ;
#2898 = DIRECTION ( 'NONE',  ( 0.8937192598764778229, 0.000000000000000000, -0.4486266649741640911 ) ) ;
#2899 = CARTESIAN_POINT ( 'NONE',  ( 1.664898715595232614, 0.6317999999999996952, -0.7118750000000001465 ) ) ;
#2900 = VECTOR ( 'NONE', #2914, 1000.000000000000000 ) ;
#2901 = CARTESIAN_POINT ( 'NONE',  ( 1.538527601644168019, 0.6318999999999996842, -0.7118750000000000355 ) ) ;
#2902 = ADVANCED_FACE ( 'NONE', ( #469 ), #2043, .T. ) ;
#2903 = PLANE ( 'NONE',  #8 ) ;
#2904 = DIRECTION ( 'NONE',  ( 0.000000000000000000, 0.000000000000000000, 1.000000000000000000 ) ) ;
#2905 = ORIENTED_EDGE ( 'NONE', *, *, #339, .T. ) ;
#2906 = MECHANICAL_DESIGN_GEOMETRIC_PRESENTATION_REPRESENTATION (  '', ( #3303 ), #2785 ) ;
#2907 = SURFACE_STYLE_USAGE ( .BOTH. , #820 ) ;
#2908 = ORIENTED_EDGE ( 'NONE', *, *, #2792, .T. ) ;
#2909 = PLANE ( 'NONE',  #1128 ) ;
#2910 = ORIENTED_EDGE ( 'NONE', *, *, #1366, .F. ) ;
#2911 = DIRECTION ( 'NONE',  ( 0.000000000000000000, 1.000000000000000000, 0.000000000000000000 ) ) ;
#2912 = DIRECTION ( 'NONE',  ( -1.000000000000000000, 0.000000000000000000, 0.000000000000000000 ) ) ;
#2913 = ORIENTED_EDGE ( 'NONE', *, *, #314, .T. ) ;
#2914 = DIRECTION ( 'NONE',  ( 0.000000000000000000, 1.000000000000000000, 0.000000000000000000 ) ) ;
#2915 = LINE ( 'NONE', #1828, #2639 ) ;
#2916 = CARTESIAN_POINT ( 'NONE',  ( 1.743262369448356219, 0.6317999999999996952, -0.7818929250807219455 ) ) ;
#2917 = DIRECTION ( 'NONE',  ( 1.616929470395932369E-15, 0.000000000000000000, -1.000000000000000000 ) ) ;
#2918 = VERTEX_POINT ( 'NONE', #2569 ) ;
#2919 = UNCERTAINTY_MEASURE_WITH_UNIT (LENGTH_MEASURE( 1.000000000000000082E-05 ), #879, 'distance_accuracy_value', 'NONE');
#2920 = CARTESIAN_POINT ( 'NONE',  ( 1.244144700686121263, 0.6317999999999996952, -0.9945922786051791809 ) ) ;
#2921 = ORIENTED_EDGE ( 'NONE', *, *, #2360, .F. ) ;
#2922 = CARTESIAN_POINT ( 'NONE',  ( 0.7474999999999999423, 0.5954000000000000403, -1.700000000000000178 ) ) ;
#2923 = CARTESIAN_POINT ( 'NONE',  ( 9.147955830346443662E-17, 0.5954000000000000403, 0.000000000000000000 ) ) ;
#2924 = EDGE_LOOP ( 'NONE', ( #1677, #980, #3281, #1318 ) ) ;
#2925 = FILL_AREA_STYLE ('',( #1823 ) ) ;
#2926 =( GEOMETRIC_REPRESENTATION_CONTEXT ( 3 ) GLOBAL_UNCERTAINTY_ASSIGNED_CONTEXT ( ( #1483 ) ) GLOBAL_UNIT_ASSIGNED_CONTEXT ( ( #2282, #1980, #1761 ) ) REPRESENTATION_CONTEXT ( 'NONE', 'WORKASPACE' ) );
#2927 = VECTOR ( 'NONE', #706, 1000.000000000000000 ) ;
#2928 = VERTEX_POINT ( 'NONE', #2621 ) ;
#2929 = AXIS2_PLACEMENT_3D ( 'NONE', #1332, #14, #2972 ) ;
#2930 = DIRECTION ( 'NONE',  ( 1.000000000000000000, 0.000000000000000000, 0.000000000000000000 ) ) ;
#2931 = ADVANCED_FACE ( 'NONE', ( #2353 ), #1225, .T. ) ;
#2932 = PRESENTATION_LAYER_ASSIGNMENT (  '', '', ( #2233 ) ) ;
#2933 = CARTESIAN_POINT ( 'NONE',  ( 1.979744987800300393, 0.6317999999999996952, -0.7893308167081588556 ) ) ;
#2934 = CARTESIAN_POINT ( 'NONE',  ( 0.9696320752089526707, 0.6317999999999996952, -0.9945922786051791809 ) ) ;
#2935 = PRESENTATION_LAYER_ASSIGNMENT (  '', '', ( #560 ) ) ;
#2936 = DIRECTION ( 'NONE',  ( 1.000000000000000000, 0.000000000000000000, -0.000000000000000000 ) ) ;
#2937 = VERTEX_POINT ( 'NONE', #529 ) ;
#2938 = COLOUR_RGB ( '',0.1019607843137254888, 0.1019607843137254888, 0.1019607843137254888 ) ;
#2939 = ORIENTED_EDGE ( 'NONE', *, *, #1073, .F. ) ;
#2940 = CARTESIAN_POINT ( 'NONE',  ( 2.070467659642072356, 0.6317999999999995842, -0.9810392844914512800 ) ) ;
#2941 = CARTESIAN_POINT ( 'NONE',  ( 9.147955830346443662E-17, 0.5954000000000000403, -1.700000000000000178 ) ) ;
#2942 = ORIENTED_EDGE ( 'NONE', *, *, #641, .F. ) ;
#2943 = FILL_AREA_STYLE ('',( #2129 ) ) ;
#2944 = AXIS2_PLACEMENT_3D ( 'NONE', #899, #2936, #3219 ) ;
#2945 = FILL_AREA_STYLE ('',( #1824 ) ) ;
#2946 = STYLED_ITEM ( 'NONE', ( #1207 ), #2396 ) ;
#2947 = VERTEX_POINT ( 'NONE', #3321 ) ;
#2948 = FILL_AREA_STYLE_COLOUR ( '', #633 ) ;
#2949 = PLANE ( 'NONE',  #1220 ) ;
#2950 = LINE ( 'NONE', #2082, #3034 ) ;
#2951 = STYLED_ITEM ( 'NONE', ( #1242 ), #2931 ) ;
#2952 = CARTESIAN_POINT ( 'NONE',  ( 1.627582568898592985, 0.6317999999999996952, -0.8862684686757379415 ) ) ;
#2953 = VERTEX_POINT ( 'NONE', #2491 ) ;
#2954 = MECHANICAL_DESIGN_GEOMETRIC_PRESENTATION_REPRESENTATION (  '', ( #1087 ), #1864 ) ;
#2955 = FACE_OUTER_BOUND ( 'NONE', #728, .T. ) ;
#2956 = ORIENTED_EDGE ( 'NONE', *, *, #829, .T. ) ;
#2957 = VECTOR ( 'NONE', #1214, 1000.000000000000114 ) ;
#2958 = LINE ( 'NONE', #3259, #119 ) ;
#2959 = VERTEX_POINT ( 'NONE', #2389 ) ;
#2960 = ADVANCED_FACE ( 'NONE', ( #286 ), #609, .F. ) ;
#2961 = ORIENTED_EDGE ( 'NONE', *, *, #1696, .T. ) ;
#2962 = CARTESIAN_POINT ( 'NONE',  ( 0.6087096774193547777, 0.6317999999999998062, -1.700000000000000178 ) ) ;
#2963 = CARTESIAN_POINT ( 'NONE',  ( 2.369919354838710301, 0.6136000000000000343, -1.700000000000000178 ) ) ;
#2964 = DIRECTION ( 'NONE',  ( -0.000000000000000000, -1.000000000000000000, -0.000000000000000000 ) ) ;
#2965 = CARTESIAN_POINT ( 'NONE',  ( 0.000000000000000000, 0.000000000000000000, 0.000000000000000000 ) ) ;
#2966 = CARTESIAN_POINT ( 'NONE',  ( 1.363942052780253489, 0.6317999999999996952, -0.7118750000000001465 ) ) ;
#2967 = ORIENTED_EDGE ( 'NONE', *, *, #871, .F. ) ;
#2968 = PLANE ( 'NONE',  #3028 ) ;
#2969 = ORIENTED_EDGE ( 'NONE', *, *, #1778, .F. ) ;
#2970 = LINE ( 'NONE', #2503, #852 ) ;
#2971 = FILL_AREA_STYLE_COLOUR ( '', #3415 ) ;
#2972 = DIRECTION ( 'NONE',  ( -1.536438668180457580E-16, -1.000000000000000000, 0.000000000000000000 ) ) ;
#2973 = EDGE_CURVE ( 'NONE', #1077, #1577, #626, .T. ) ;
#2974 = ORIENTED_EDGE ( 'NONE', *, *, #2684, .T. ) ;
#2975 =( LENGTH_UNIT ( ) NAMED_UNIT ( * ) SI_UNIT ( .MILLI., .METRE. ) );
#2976 =( NAMED_UNIT ( * ) PLANE_ANGLE_UNIT ( ) SI_UNIT ( $, .RADIAN. ) );
#2977 = LINE ( 'NONE', #3251, #1189 ) ;
#2978 = EDGE_LOOP ( 'NONE', ( #2506, #2262, #777, #1401 ) ) ;
#2979 =( BOUNDED_CURVE ( )  B_SPLINE_CURVE ( 3, ( #275, #1339, #2720, #1355, #3005, #2437, #2747 ),
 .UNSPECIFIED., .F., .F. ) 
 B_SPLINE_CURVE_WITH_KNOTS ( ( 4, 3, 4 ),
 ( 0.000000000000000000, 0.5000000000000000000, 0.5357290076124406886 ),
 .UNSPECIFIED. ) 
 CURVE ( )  GEOMETRIC_REPRESENTATION_ITEM ( )  RATIONAL_B_SPLINE_CURVE ( ( 1.000000000000000000, 0.7783869647857027951, 0.7783869647857027951, 1.000000000000000000, 0.9841639723556245833, 0.9694595558157625970, 0.9558867503804139298 ) ) 
 REPRESENTATION_ITEM ( '' )  );
#2980 = VECTOR ( 'NONE', #128, 1000.000000000000000 ) ;
#2981 = CARTESIAN_POINT ( 'NONE',  ( 1.363942052780253489, 0.6317999999999996952, -0.7118750000000001465 ) ) ;
#2982 = SURFACE_SIDE_STYLE ('',( #1889 ) ) ;
#2983 = LINE ( 'NONE', #2686, #1497 ) ;
#2984 = ORIENTED_EDGE ( 'NONE', *, *, #752, .F. ) ;
#2985 = UNCERTAINTY_MEASURE_WITH_UNIT (LENGTH_MEASURE( 1.000000000000000082E-05 ), #63, 'distance_accuracy_value', 'NONE');
#2986 = MECHANICAL_DESIGN_GEOMETRIC_PRESENTATION_REPRESENTATION (  '', ( #386 ), #1438 ) ;
#2987 = ORIENTED_EDGE ( 'NONE', *, *, #1437, .T. ) ;
#2988 = MECHANICAL_DESIGN_GEOMETRIC_PRESENTATION_REPRESENTATION (  '', ( #904 ), #1441 ) ;
#2989 = DIRECTION ( 'NONE',  ( 0.000000000000000000, 0.000000000000000000, -1.000000000000000000 ) ) ;
#2990 = CARTESIAN_POINT ( 'NONE',  ( 2.009985878414224381, 0.6318999999999996842, -0.7118749999999999245 ) ) ;
#2991 = ORIENTED_EDGE ( 'NONE', *, *, #1261, .T. ) ;
#2992 = ORIENTED_EDGE ( 'NONE', *, *, #492, .T. ) ;
#2993 = CARTESIAN_POINT ( 'NONE',  ( 3.117419354838710355, 0.000000000000000000, -1.700000000000000178 ) ) ;
#2994 =( GEOMETRIC_REPRESENTATION_CONTEXT ( 3 ) GLOBAL_UNCERTAINTY_ASSIGNED_CONTEXT ( ( #1766 ) ) GLOBAL_UNIT_ASSIGNED_CONTEXT ( ( #2227, #2533, #949 ) ) REPRESENTATION_CONTEXT ( 'NONE', 'WORKASPACE' ) );
#2995 = LINE ( 'NONE', #1681, #1113 ) ;
#2996 =( BOUNDED_SURFACE ( )  B_SPLINE_SURFACE ( 3, 1, ( 
 ( #166, #1047 ),
 ( #1539, #3120 ),
 ( #237, #736 ),
 ( #1495, #3186 ) ),
 .UNSPECIFIED., .F., .F., .F. ) 
 B_SPLINE_SURFACE_WITH_KNOTS ( ( 4, 4 ),
 ( 2, 2 ),
 ( 0.000000000000000000, 0.2773300319145386439 ),
 ( 0.000000000000000000, 1.000000000000000000 ),
 .UNSPECIFIED. ) 
 GEOMETRIC_REPRESENTATION_ITEM ( )  RATIONAL_B_SPLINE_SURFACE ( (
 ( 0.5059754451555976695, 0.5059754451555976695),
 ( 0.4655517724991476980, 0.4655517724991476980),
 ( 0.6302266241139484748, 0.6302266241139484748),
 ( 1.000000000000000000, 1.000000000000000000) ) ) 
 REPRESENTATION_ITEM ( '' )  SURFACE ( )  );
#2997 = CARTESIAN_POINT ( 'NONE',  ( -0.04129032258064516125, -0.01819999999999992804, 0.000000000000000000 ) ) ;
#2998 = EDGE_CURVE ( 'NONE', #2649, #2918, #3494, .T. ) ;
#2999 = EDGE_CURVE ( 'NONE', #2564, #1243, #2221, .T. ) ;
#3000 = MECHANICAL_DESIGN_GEOMETRIC_PRESENTATION_REPRESENTATION (  '', ( #3170 ), #240 ) ;
#3001 = EDGE_LOOP ( 'NONE', ( #2783, #2224, #1456, #103 ) ) ;
#3002 = CARTESIAN_POINT ( 'NONE',  ( 1.106888387947535968, 0.6318999999999996842, -0.8816576366860734426 ) ) ;
#3003 = PRESENTATION_LAYER_ASSIGNMENT (  '', '', ( #2434 ) ) ;
#3004 = ORIENTED_EDGE ( 'NONE', *, *, #642, .F. ) ;
#3005 = CARTESIAN_POINT ( 'NONE',  ( 1.476898760232089103, 0.6317999999999998062, -0.8488682013031654261 ) ) ;
#3006 = CARTESIAN_POINT ( 'NONE',  ( 0.5587096774193549553, 0.000000000000000000, -1.700000000000000178 ) ) ;
#3007 = PRESENTATION_LAYER_ASSIGNMENT (  '', '', ( #2737 ) ) ;
#3008 = ORIENTED_EDGE ( 'NONE', *, *, #1086, .F. ) ;
#3009 =( LENGTH_UNIT ( ) NAMED_UNIT ( * ) SI_UNIT ( .MILLI., .METRE. ) );
#3010 = FILL_AREA_STYLE ('',( #2754 ) ) ;
#3011 = DIRECTION ( 'NONE',  ( 1.000000000000000000, 3.282252670610414307E-16, 0.000000000000000000 ) ) ;
#3012 =( NAMED_UNIT ( * ) PLANE_ANGLE_UNIT ( ) SI_UNIT ( $, .RADIAN. ) );
#3013 = VERTEX_POINT ( 'NONE', #1947 ) ;
#3014 =( NAMED_UNIT ( * ) SI_UNIT ( $, .STERADIAN. ) SOLID_ANGLE_UNIT ( ) );
#3015 = EDGE_LOOP ( 'NONE', ( #1878, #3433, #2590, #1330 ) ) ;
#3016 = CARTESIAN_POINT ( 'NONE',  ( 0.7474999999999999423, 0.5954000000000000403, -1.700000000000000178 ) ) ;
#3017 = SURFACE_SIDE_STYLE ('',( #1564 ) ) ;
#3018 = FACE_OUTER_BOUND ( 'NONE', #2637, .T. ) ;
#3019 = ORIENTED_EDGE ( 'NONE', *, *, #3476, .F. ) ;
#3020 = CARTESIAN_POINT ( 'NONE',  ( 3.117419354838710355, 0.5954000000000000403, 0.000000000000000000 ) ) ;
#3021 = DIRECTION ( 'NONE',  ( 0.000000000000000000, 1.000000000000000000, 0.000000000000000000 ) ) ;
#3022 = FACE_OUTER_BOUND ( 'NONE', #215, .T. ) ;
#3023 = VECTOR ( 'NONE', #2550, 1000.000000000000000 ) ;
#3024 = VECTOR ( 'NONE', #2525, 1000.000000000000000 ) ;
#3025 = LINE ( 'NONE', #1405, #2144 ) ;
#3026 = MECHANICAL_DESIGN_GEOMETRIC_PRESENTATION_REPRESENTATION (  '', ( #2705 ), #3147 ) ;
#3027 = ORIENTED_EDGE ( 'NONE', *, *, #599, .F. ) ;
#3028 = AXIS2_PLACEMENT_3D ( 'NONE', #2193, #1103, #548 ) ;
#3029 = COLOUR_RGB ( '',0.8980392156862745390, 0.9215686274509803377, 0.9294117647058823817 ) ;
#3030 = ORIENTED_EDGE ( 'NONE', *, *, #2008, .F. ) ;
#3031 =( NAMED_UNIT ( * ) PLANE_ANGLE_UNIT ( ) SI_UNIT ( $, .RADIAN. ) );
#3032 =( NAMED_UNIT ( * ) SI_UNIT ( $, .STERADIAN. ) SOLID_ANGLE_UNIT ( ) );
#3033 = DIRECTION ( 'NONE',  ( -0.4486266649741639800, 0.000000000000000000, 0.8937192598764777118 ) ) ;
#3034 = VECTOR ( 'NONE', #755, 1000.000000000000000 ) ;
#3035 = CARTESIAN_POINT ( 'NONE',  ( 0.7474999999999999423, 0.6135999999999998122, 0.000000000000000000 ) ) ;
#3036 = EDGE_CURVE ( 'NONE', #1639, #1759, #792, .T. ) ;
#3037 = ORIENTED_EDGE ( 'NONE', *, *, #1836, .T. ) ;
#3038 = EDGE_CURVE ( 'NONE', #1257, #2758, #2645, .T. ) ;
#3039 = DIRECTION ( 'NONE',  ( 0.000000000000000000, 1.000000000000000000, 0.000000000000000000 ) ) ;
#3040 = CARTESIAN_POINT ( 'NONE',  ( 1.163578999909084422, 0.6317999999999996952, -0.9945922786051791809 ) ) ;
#3041 = UNCERTAINTY_MEASURE_WITH_UNIT (LENGTH_MEASURE( 1.000000000000000082E-05 ), #1170, 'distance_accuracy_value', 'NONE');
#3042 = FILL_AREA_STYLE ('',( #581 ) ) ;
#3043 = MECHANICAL_DESIGN_GEOMETRIC_PRESENTATION_REPRESENTATION (  '', ( #2946 ), #2994 ) ;
#3044 = ORIENTED_EDGE ( 'NONE', *, *, #1683, .T. ) ;
#3045 = CARTESIAN_POINT ( 'NONE',  ( 2.076881376530379963, 0.6318999999999995731, -0.7118749999999998135 ) ) ;
#3046 =( NAMED_UNIT ( * ) SI_UNIT ( $, .STERADIAN. ) SOLID_ANGLE_UNIT ( ) );
#3047 = VERTEX_POINT ( 'NONE', #226 ) ;
#3048 = FILL_AREA_STYLE_COLOUR ( '', #3029 ) ;
#3049 = CARTESIAN_POINT ( 'NONE',  ( 1.284470047405829929, 0.6318999999999996842, -0.8207132955265563634 ) ) ;
#3050 = SURFACE_STYLE_FILL_AREA ( #108 ) ;
#3051 = PLANE ( 'NONE',  #500 ) ;
#3052 = CARTESIAN_POINT ( 'NONE',  ( 0.000000000000000000, 0.000000000000000000, -1.700000000000000178 ) ) ;
#3053 = AXIS2_PLACEMENT_3D ( 'NONE', #3052, #2780, #1960 ) ;
#3054 = DIRECTION ( 'NONE',  ( -1.000000000000000000, 0.000000000000000000, 0.000000000000000000 ) ) ;
#3055 = ORIENTED_EDGE ( 'NONE', *, *, #345, .F. ) ;
#3056 = EDGE_CURVE ( 'NONE', #3013, #743, #250, .T. ) ;
#3057 = ADVANCED_FACE ( 'NONE', ( #2373 ), #509, .T. ) ;
#3058 = DIRECTION ( 'NONE',  ( -0.3910901643510817927, 0.000000000000000000, -0.9203523691216554115 ) ) ;
#3059 = VECTOR ( 'NONE', #3450, 1000.000000000000000 ) ;
#3060 = DIRECTION ( 'NONE',  ( 1.000000000000000000, 0.000000000000000000, 0.000000000000000000 ) ) ;
#3061 = EDGE_CURVE ( 'NONE', #191, #293, #265, .T. ) ;
#3062 = CARTESIAN_POINT ( 'NONE',  ( 1.943090380298068576, 0.6318999999999995731, -0.7118749999999998135 ) ) ;
#3063 = CARTESIAN_POINT ( 'NONE',  ( 0.000000000000000000, 0.000000000000000000, -1.700000000000000178 ) ) ;
#3064 = CARTESIAN_POINT ( 'NONE',  ( 1.268619046028804043, 0.6318999999999996842, -0.9945922786051791809 ) ) ;
#3065 = ORIENTED_EDGE ( 'NONE', *, *, #2329, .F. ) ;
#3066 = EDGE_CURVE ( 'NONE', #1896, #1033, #2708, .T. ) ;
#3067 = SURFACE_STYLE_USAGE ( .BOTH. , #1152 ) ;
#3068 = VERTEX_POINT ( 'NONE', #2425 ) ;
#3069 = DIRECTION ( 'NONE',  ( 0.000000000000000000, 1.000000000000000000, 0.000000000000000000 ) ) ;
#3070 = CARTESIAN_POINT ( 'NONE',  ( 2.040226769028148368, 0.6318999999999996842, -0.9171364618970205829 ) ) ;
#3071 = EDGE_CURVE ( 'NONE', #3499, #2148, #24, .T. ) ;
#3072 = CARTESIAN_POINT ( 'NONE',  ( 2.143776874646535546, 0.6317999999999996952, -1.135950917907769142 ) ) ;
#3073 = FACE_OUTER_BOUND ( 'NONE', #1187, .T. ) ;
#3074 = ORIENTED_EDGE ( 'NONE', *, *, #2824, .F. ) ;
#3075 = LINE ( 'NONE', #361, #285 ) ;
#3076 = CARTESIAN_POINT ( 'NONE',  ( 0.5587096774193549553, 0.000000000000000000, 0.000000000000000000 ) ) ;
#3077 = SURFACE_STYLE_USAGE ( .BOTH. , #2288 ) ;
#3078 = PRESENTATION_STYLE_ASSIGNMENT (( #3365 ) ) ;
#3079 = CARTESIAN_POINT ( 'NONE',  ( 2.070467659642072356, 0.6317999999999995842, -0.7254279941137279364 ) ) ;
#3080 = EDGE_CURVE ( 'NONE', #2462, #950, #1163, .T. ) ;
#3081 = SURFACE_STYLE_USAGE ( .BOTH. , #347 ) ;
#3082 = DIRECTION ( 'NONE',  ( -1.000000000000000000, 0.000000000000000000, 0.000000000000000000 ) ) ;
#3083 = CARTESIAN_POINT ( 'NONE',  ( 1.404736605415314310, 0.6317999999999996952, -0.8532336393025896637 ) ) ;
#3084 = DIRECTION ( 'NONE',  ( 0.000000000000000000, 0.000000000000000000, 1.000000000000000000 ) ) ;
#3085 = ORIENTED_EDGE ( 'NONE', *, *, #1149, .F. ) ;
#3086 = CARTESIAN_POINT ( 'NONE',  ( 1.404736605415314532, 0.6318999999999995731, -0.9239129589525140185 ) ) ;
#3087 = ADVANCED_FACE ( 'NONE', ( #1215 ), #98, .T. ) ;
#3088 = ORIENTED_EDGE ( 'NONE', *, *, #527, .F. ) ;
#3089 = PRESENTATION_LAYER_ASSIGNMENT (  '', '', ( #1331 ) ) ;
#3090 = LINE ( 'NONE', #3370, #3329 ) ;
#3091 = CARTESIAN_POINT ( 'NONE',  ( 0.9696320752089526707, 0.6317999999999996952, -0.9945922786051791809 ) ) ;
#3092 = LINE ( 'NONE', #3334, #2811 ) ;
#3093 = CARTESIAN_POINT ( 'NONE',  ( -0.000000000000000000, 0.000000000000000000, 0.000000000000000000 ) ) ;
#3094 =( GEOMETRIC_REPRESENTATION_CONTEXT ( 3 ) GLOBAL_UNCERTAINTY_ASSIGNED_CONTEXT ( ( #3160 ) ) GLOBAL_UNIT_ASSIGNED_CONTEXT ( ( #1917, #3012, #1612 ) ) REPRESENTATION_CONTEXT ( 'NONE', 'WORKASPACE' ) );
#3095 = FACE_OUTER_BOUND ( 'NONE', #2444, .T. ) ;
#3096 = ORIENTED_EDGE ( 'NONE', *, *, #2037, .T. ) ;
#3097 = VECTOR ( 'NONE', #2602, 1000.000000000000000 ) ;
#3098 = CARTESIAN_POINT ( 'NONE',  ( 1.627582568898592985, 0.6317999999999996952, -0.8862684686757379415 ) ) ;
#3099 = LINE ( 'NONE', #2272, #3331 ) ;
#3100 = STYLED_ITEM ( 'NONE', ( #3078 ), #2025 ) ;
#3101 = ORIENTED_EDGE ( 'NONE', *, *, #983, .F. ) ;
#3102 = DIRECTION ( 'NONE',  ( 1.000000000000000000, 0.000000000000000000, 0.000000000000000000 ) ) ;
#3103 = CARTESIAN_POINT ( 'NONE',  ( 2.369919354838710301, 0.5954000000000000403, 0.000000000000000000 ) ) ;
#3104 = ORIENTED_EDGE ( 'NONE', *, *, #1629, .T. ) ;
#3105 = ADVANCED_FACE ( 'NONE', ( #1455 ), #3377, .F. ) ;
#3106 = EDGE_CURVE ( 'NONE', #2469, #3227, #974, .T. ) ;
#3107 = ORIENTED_EDGE ( 'NONE', *, *, #3432, .T. ) ;
#3108 = EDGE_CURVE ( 'NONE', #2674, #1710, #415, .T. ) ;
#3109 = VECTOR ( 'NONE', #1050, 1000.000000000000000 ) ;
#3110 = CARTESIAN_POINT ( 'NONE',  ( 3.158709677419355266, -0.01819999999999992804, 0.000000000000000000 ) ) ;
#3111 = ORIENTED_EDGE ( 'NONE', *, *, #1478, .T. ) ;
#3112 = EDGE_CURVE ( 'NONE', #510, #3412, #2786, .T. ) ;
#3113 = SURFACE_STYLE_FILL_AREA ( #692 ) ;
#3114 = CARTESIAN_POINT ( 'NONE',  ( 1.538527601647626142, 0.6317999999999996952, -0.7118750000000001465 ) ) ;
#3115 = CARTESIAN_POINT ( 'NONE',  ( 3.117419354838710355, 0.000000000000000000, -1.700000000000000178 ) ) ;
#3116 = CARTESIAN_POINT ( 'NONE',  ( 2.143776874646535546, 0.6317999999999995842, -0.8532336393025896637 ) ) ;
#3117 = COLOUR_RGB ( '',0.7921568627450980005, 0.8196078431372548767, 0.9333333333333333481 ) ;
#3118 = VERTEX_POINT ( 'NONE', #2258 ) ;
#3119 = AXIS2_PLACEMENT_3D ( 'NONE', #2003, #2852, #152 ) ;
#3120 = CARTESIAN_POINT ( 'NONE',  ( 1.504012044009837457, 0.6318999999999997952, -0.7786368729990869042 ) ) ;
#3121 = FILL_AREA_STYLE ('',( #659 ) ) ;
#3122 = EDGE_CURVE ( 'NONE', #2682, #859, #3136, .T. ) ;
#3123 = PRESENTATION_LAYER_ASSIGNMENT (  '', '', ( #1754 ) ) ;
#3124 = ADVANCED_FACE ( 'NONE', ( #1764 ), #3419, .T. ) ;
#3125 = VERTEX_POINT ( 'NONE', #1703 ) ;
#3126 = UNCERTAINTY_MEASURE_WITH_UNIT (LENGTH_MEASURE( 1.000000000000000082E-05 ), #2975, 'distance_accuracy_value', 'NONE');
#3127 = DIRECTION ( 'NONE',  ( 0.000000000000000000, -1.000000000000000000, -0.000000000000000000 ) ) ;
#3128 = FILL_AREA_STYLE_COLOUR ( '', #3297 ) ;
#3129 = CARTESIAN_POINT ( 'NONE',  ( 0.6087096774193547777, 0.6135999999999998122, -1.700000000000000178 ) ) ;
#3130 = VERTEX_POINT ( 'NONE', #375 ) ;
#3131 = CARTESIAN_POINT ( 'NONE',  ( 1.163578999909084422, 0.6317999999999996952, -0.9945922786051791809 ) ) ;
#3132 = CARTESIAN_POINT ( 'NONE',  ( 1.867658053610169233, 0.6318999999999996842, -0.9215767395690224184 ) ) ;
#3133 =( BOUNDED_CURVE ( )  B_SPLINE_CURVE ( 3, ( #2498, #1155, #3070, #1957, #3317, #127, #931 ),
 .UNSPECIFIED., .F., .F. ) 
 B_SPLINE_CURVE_WITH_KNOTS ( ( 4, 3, 4 ),
 ( 0.2500000000000003331, 0.5000000000000000000, 0.7500000000000004441 ),
 .UNSPECIFIED. ) 
 CURVE ( )  GEOMETRIC_REPRESENTATION_ITEM ( )  RATIONAL_B_SPLINE_CURVE ( ( 0.5000000000000000000, 0.5000000000000004441, 0.6666666666666671848, 1.000000000000000000, 0.6666666666666660745, 0.4999999999999994449, 0.5000000000000000000 ) ) 
 REPRESENTATION_ITEM ( '' )  );
#3134 = EDGE_LOOP ( 'NONE', ( #2770, #3210 ) ) ;
#3135 = DIRECTION ( 'NONE',  ( 1.000000000000000000, -2.900875377887637630E-16, 0.000000000000000000 ) ) ;
#3136 = LINE ( 'NONE', #363, #800 ) ;
#3137 = VERTEX_POINT ( 'NONE', #1722 ) ;
#3138 = DIRECTION ( 'NONE',  ( 0.000000000000000000, 1.000000000000000000, 0.000000000000000000 ) ) ;
#3139 = LINE ( 'NONE', #722, #273 ) ;
#3140 = LINE ( 'NONE', #2296, #3154 ) ;
#3141 = FILL_AREA_STYLE_COLOUR ( '', #984 ) ;
#3142 = EDGE_LOOP ( 'NONE', ( #3304, #300 ) ) ;
#3143 = VECTOR ( 'NONE', #1617, 1000.000000000000000 ) ;
#3144 = CARTESIAN_POINT ( 'NONE',  ( 2.508709677419355355, 0.6318000000000000282, -1.700000000000000178 ) ) ;
#3145 = CARTESIAN_POINT ( 'NONE',  ( 2.009985878414224381, 0.6317999999999996952, -0.7118749999999999245 ) ) ;
#3146 = DIRECTION ( 'NONE',  ( 0.000000000000000000, 0.000000000000000000, -1.000000000000000000 ) ) ;
#3147 =( GEOMETRIC_REPRESENTATION_CONTEXT ( 3 ) GLOBAL_UNCERTAINTY_ASSIGNED_CONTEXT ( ( #833 ) ) GLOBAL_UNIT_ASSIGNED_CONTEXT ( ( #2252, #914, #2800 ) ) REPRESENTATION_CONTEXT ( 'NONE', 'WORKASPACE' ) );
#3148 = VERTEX_POINT ( 'NONE', #1180 ) ;
#3149 = ADVANCED_FACE ( 'NONE', ( #138 ), #3363, .T. ) ;
#3150 = VECTOR ( 'NONE', #742, 1000.000000000000114 ) ;
#3151 = EDGE_CURVE ( 'NONE', #2110, #1257, #3099, .T. ) ;
#3152 = SURFACE_SIDE_STYLE ('',( #1065 ) ) ;
#3153 = EDGE_CURVE ( 'NONE', #2026, #1673, #1749, .T. ) ;
#3154 = VECTOR ( 'NONE', #2552, 1000.000000000000114 ) ;
#3155 = VERTEX_POINT ( 'NONE', #2655 ) ;
#3156 = CARTESIAN_POINT ( 'NONE',  ( 1.876194882181912549, 0.6317999999999995842, -0.8532336393025896637 ) ) ;
#3157 = FILL_AREA_STYLE ('',( #1022 ) ) ;
#3158 = VECTOR ( 'NONE', #351, 1000.000000000000000 ) ;
#3159 = LINE ( 'NONE', #1503, #1685 ) ;
#3160 = UNCERTAINTY_MEASURE_WITH_UNIT (LENGTH_MEASURE( 1.000000000000000082E-05 ), #1917, 'distance_accuracy_value', 'NONE');
#3161 = EDGE_LOOP ( 'NONE', ( #2740, #106, #2913, #1990 ) ) ;
#3162 = CARTESIAN_POINT ( 'NONE',  ( -0.04129032258064516125, -0.01819999999999992804, -1.700000000000000178 ) ) ;
#3163 = CARTESIAN_POINT ( 'NONE',  ( 1.050197775985987514, 0.6318999999999996842, -0.9945922786051791809 ) ) ;
#3164 = LINE ( 'NONE', #1013, #323 ) ;
#3165 = ORIENTED_EDGE ( 'NONE', *, *, #3106, .T. ) ;
#3166 = VECTOR ( 'NONE', #1097, 1000.000000000000000 ) ;
#3167 = FILL_AREA_STYLE_COLOUR ( '', #2438 ) ;
#3168 = DIRECTION ( 'NONE',  ( 0.000000000000000000, -0.000000000000000000, 1.000000000000000000 ) ) ;
#3169 = CARTESIAN_POINT ( 'NONE',  ( 1.243059770052095336, 0.6317999999999996952, -0.7118750000000001465 ) ) ;
#3170 = STYLED_ITEM ( 'NONE', ( #1838 ), #2788 ) ;
#3171 = ORIENTED_EDGE ( 'NONE', *, *, #721, .T. ) ;
#3172 = EDGE_CURVE ( 'NONE', #743, #1572, #1, .T. ) ;
#3173 = LINE ( 'NONE', #2882, #414 ) ;
#3174 = AXIS2_PLACEMENT_3D ( 'NONE', #2222, #116, #2172 ) ;
#3175 = PRESENTATION_STYLE_ASSIGNMENT (( #466 ) ) ;
#3176 = CARTESIAN_POINT ( 'NONE',  ( 2.009985878414224381, 0.6318999999999996842, -0.9945922786051794029 ) ) ;
#3177 = CARTESIAN_POINT ( 'NONE',  ( 3.117419354838710355, 0.5954000000000000403, 0.000000000000000000 ) ) ;
#3178 = LINE ( 'NONE', #1814, #687 ) ;
#3179 = AXIS2_PLACEMENT_3D ( 'NONE', #2962, #1624, #3268 ) ;
#3180 = CARTESIAN_POINT ( 'NONE',  ( 3.117419354838710355, -0.01819999999999994192, -1.700000000000000178 ) ) ;
#3181 = ORIENTED_EDGE ( 'NONE', *, *, #1071, .T. ) ;
#3182 = DIRECTION ( 'NONE',  ( 0.000000000000000000, 0.000000000000000000, -1.000000000000000000 ) ) ;
#3183 = DIRECTION ( 'NONE',  ( 0.000000000000000000, 0.000000000000000000, -1.000000000000000000 ) ) ;
#3184 = ORIENTED_EDGE ( 'NONE', *, *, #2973, .T. ) ;
#3185 = EDGE_CURVE ( 'NONE', #1244, #2497, #2879, .T. ) ;
#3186 = CARTESIAN_POINT ( 'NONE',  ( 1.476774743695512759, 0.6318999999999997952, -0.8536267486281551298 ) ) ;
#3187 = CARTESIAN_POINT ( 'NONE',  ( 2.369919354838710301, 0.5954000000000000403, -1.700000000000000178 ) ) ;
#3188 = DIRECTION ( 'NONE',  ( 0.3878360833693559329, 0.000000000000000000, -0.9217283615234578287 ) ) ;
#3189 = ORIENTED_EDGE ( 'NONE', *, *, #1484, .T. ) ;
#3190 = DIRECTION ( 'NONE',  ( -1.000000000000000000, 0.000000000000000000, 0.000000000000000000 ) ) ;
#3191 = CARTESIAN_POINT ( 'NONE',  ( 2.009985878414224381, 0.6317999999999996952, -0.7893308167081587445 ) ) ;
#3192 = PLANE ( 'NONE',  #1949 ) ;
#3193 = SURFACE_SIDE_STYLE ('',( #772 ) ) ;
#3194 = VERTEX_POINT ( 'NONE', #258 ) ;
#3195 = UNCERTAINTY_MEASURE_WITH_UNIT (LENGTH_MEASURE( 1.000000000000000082E-05 ), #1820, 'distance_accuracy_value', 'NONE');
#3196 = PRESENTATION_STYLE_ASSIGNMENT (( #2907 ) ) ;
#3197 = EDGE_CURVE ( 'NONE', #2928, #1161, #1299, .T. ) ;
#3198 = EDGE_LOOP ( 'NONE', ( #2714, #272, #3326, #2870 ) ) ;
#3199 = DIRECTION ( 'NONE',  ( -1.000000000000000000, 0.000000000000000000, 0.000000000000000000 ) ) ;
#3200 = CARTESIAN_POINT ( 'NONE',  ( 1.854030687919280274, 0.6317999999999996952, -0.8844702972540807728 ) ) ;
#3201 = CARTESIAN_POINT ( 'NONE',  ( 3.158709677419355266, 0.000000000000000000, 0.000000000000000000 ) ) ;
#3202 = ORIENTED_EDGE ( 'NONE', *, *, #71, .T. ) ;
#3203 = VECTOR ( 'NONE', #1845, 1000.000000000000000 ) ;
#3204 = LINE ( 'NONE', #1844, #1841 ) ;
#3205 = SURFACE_SIDE_STYLE ('',( #783 ) ) ;
#3206 = PRODUCT_DEFINITION_FORMATION_WITH_SPECIFIED_SOURCE ( 'ANY', '', #1743, .NOT_KNOWN. ) ;
#3207 = FACE_OUTER_BOUND ( 'NONE', #1513, .T. ) ;
#3208 = AXIS2_PLACEMENT_3D ( 'NONE', #2808, #381, #1442 ) ;
#3209 = CARTESIAN_POINT ( 'NONE',  ( 1.743262369448356219, 0.6317999999999996952, -0.8216764980901485327 ) ) ;
#3210 = ORIENTED_EDGE ( 'NONE', *, *, #940, .T. ) ;
#3211 = PLANE ( 'NONE',  #211 ) ;
#3212 = FACE_OUTER_BOUND ( 'NONE', #1527, .T. ) ;
#3213 = CARTESIAN_POINT ( 'NONE',  ( 3.117419354838710355, 0.000000000000000000, 0.000000000000000000 ) ) ;
#3214 = FACE_OUTER_BOUND ( 'NONE', #616, .T. ) ;
#3215 = FACE_OUTER_BOUND ( 'NONE', #910, .T. ) ;
#3216 = VECTOR ( 'NONE', #1249, 1000.000000000000000 ) ;
#3217 = DIRECTION ( 'NONE',  ( 1.000000000000000000, 0.000000000000000000, 0.000000000000000000 ) ) ;
#3218 = VECTOR ( 'NONE', #2300, 1000.000000000000000 ) ;
#3219 = DIRECTION ( 'NONE',  ( 0.000000000000000000, 0.000000000000000000, 1.000000000000000000 ) ) ;
#3220 = DIRECTION ( 'NONE',  ( -0.3910901643510817927, 0.000000000000000000, 0.9203523691216554115 ) ) ;
#3221 = FILL_AREA_STYLE_COLOUR ( '', #963 ) ;
#3222 = EDGE_CURVE ( 'NONE', #2254, #2462, #1879, .T. ) ;
#3223 = ORIENTED_EDGE ( 'NONE', *, *, #2316, .T. ) ;
#3224 = ADVANCED_FACE ( 'NONE', ( #199 ), #1809, .T. ) ;
#3225 = CARTESIAN_POINT ( 'NONE',  ( 0.000000000000000000, 0.000000000000000000, -1.700000000000000178 ) ) ;
#3226 = EDGE_CURVE ( 'NONE', #303, #2448, #3487, .T. ) ;
#3227 = VERTEX_POINT ( 'NONE', #2398 ) ;
#3228 = SURFACE_SIDE_STYLE ('',( #197 ) ) ;
#3229 = LINE ( 'NONE', #2165, #959 ) ;
#3230 =( NAMED_UNIT ( * ) SI_UNIT ( $, .STERADIAN. ) SOLID_ANGLE_UNIT ( ) );
#3231 = SURFACE_STYLE_USAGE ( .BOTH. , #1912 ) ;
#3232 = VECTOR ( 'NONE', #3021, 1000.000000000000000 ) ;
#3233 = VECTOR ( 'NONE', #1492, 1000.000000000000000 ) ;
#3234 = ORIENTED_EDGE ( 'NONE', *, *, #531, .F. ) ;
#3235 = FACE_OUTER_BOUND ( 'NONE', #140, .T. ) ;
#3236 = EDGE_CURVE ( 'NONE', #2439, #2497, #1035, .T. ) ;
#3237 = CARTESIAN_POINT ( 'NONE',  ( 1.244144700686121263, 0.6318999999999996842, -0.9945922786051791809 ) ) ;
#3238 = CARTESIAN_POINT ( 'NONE',  ( 1.064890738813735860, 0.6317999999999996952, -0.7118750000000001465 ) ) ;
#3239 = ADVANCED_FACE ( 'NONE', ( #2328 ), #1511, .T. ) ;
#3240 = CARTESIAN_POINT ( 'NONE',  ( 1.664898715595232614, 0.6317999999999996952, -0.7118750000000001465 ) ) ;
#3241 = DIRECTION ( 'NONE',  ( 0.000000000000000000, 0.000000000000000000, -1.000000000000000000 ) ) ;
#3242 = CARTESIAN_POINT ( 'NONE',  ( 1.338382776803542562, 0.6317999999999996952, -0.9945922786051791809 ) ) ;
#3243 = COLOUR_RGB ( '',0.8980392156862745390, 0.9215686274509803377, 0.9294117647058823817 ) ;
#3244 = EDGE_CURVE ( 'NONE', #3369, #112, #2895, .T. ) ;
#3245 = CARTESIAN_POINT ( 'NONE',  ( 1.627582568898592985, 0.6317999999999996952, -0.8862684686757379415 ) ) ;
#3246 = ORIENTED_EDGE ( 'NONE', *, *, #2047, .T. ) ;
#3247 = DIRECTION ( 'NONE',  ( 0.000000000000000000, 1.000000000000000000, 0.000000000000000000 ) ) ;
#3248 = CARTESIAN_POINT ( 'NONE',  ( 0.000000000000000000, 0.000000000000000000, 0.000000000000000000 ) ) ;
#3249 = ORIENTED_EDGE ( 'NONE', *, *, #95, .F. ) ;
#3250 = LINE ( 'NONE', #3131, #1388 ) ;
#3251 = CARTESIAN_POINT ( 'NONE',  ( 2.143776874646535546, 0.6317999999999996952, -0.8532336393025896637 ) ) ;
#3252 = ORIENTED_EDGE ( 'NONE', *, *, #2626, .T. ) ;
#3253 = CARTESIAN_POINT ( 'NONE',  ( 3.117419354838710355, 0.000000000000000000, 0.000000000000000000 ) ) ;
#3254 = CARTESIAN_POINT ( 'NONE',  ( 1.627582568898590765, 0.6317999999999996952, -0.9945922786051791809 ) ) ;
#3255 = FILL_AREA_STYLE_COLOUR ( '', #2474 ) ;
#3256 = ORIENTED_EDGE ( 'NONE', *, *, #644, .T. ) ;
#3257 =( LENGTH_UNIT ( ) NAMED_UNIT ( * ) SI_UNIT ( .MILLI., .METRE. ) );
#3258 = EDGE_LOOP ( 'NONE', ( #193, #2494, #656, #1865 ) ) ;
#3259 = CARTESIAN_POINT ( 'NONE',  ( 1.664898715595232614, 0.6317999999999996952, -0.7118750000000001465 ) ) ;
#3260 = LINE ( 'NONE', #307, #2832 ) ;
#3261 = EDGE_LOOP ( 'NONE', ( #1412, #2132, #782, #2625 ) ) ;
#3262 = FILL_AREA_STYLE_COLOUR ( '', #2517 ) ;
#3263 = CARTESIAN_POINT ( 'NONE',  ( 1.243059770052095336, 0.6318999999999996842, -0.7118750000000001465 ) ) ;
#3264 = ORIENTED_EDGE ( 'NONE', *, *, #1320, .F. ) ;
#3265 = ADVANCED_FACE ( 'NONE', ( #763 ), #480, .F. ) ;
#3266 = AXIS2_PLACEMENT_3D ( 'NONE', #2877, #3183, #760 ) ;
#3267 = ADVANCED_FACE ( 'NONE', ( #1100 ), #1112, .T. ) ;
#3268 = DIRECTION ( 'NONE',  ( -1.000000000000000000, -1.141265444721583264E-16, 0.000000000000000000 ) ) ;
#3269 = VECTOR ( 'NONE', #2184, 1000.000000000000000 ) ;
#3270 = ADVANCED_FACE ( 'NONE', ( #1397 ), #2464, .T. ) ;
#3271 = CARTESIAN_POINT ( 'NONE',  ( 1.743262369448356219, 0.6317999999999996952, -0.8844702972540807728 ) ) ;
#3272 = AXIS2_PLACEMENT_3D ( 'NONE', #2268, #851, #2001 ) ;
#3273 = FACE_OUTER_BOUND ( 'NONE', #1227, .T. ) ;
#3274 = EDGE_CURVE ( 'NONE', #2005, #2481, #1369, .T. ) ;
#3275 = PRESENTATION_LAYER_ASSIGNMENT (  '', '', ( #386 ) ) ;
#3276 = MECHANICAL_DESIGN_GEOMETRIC_PRESENTATION_REPRESENTATION (  '', ( #1387 ), #2463 ) ;
#3277 = ORIENTED_EDGE ( 'NONE', *, *, #496, .F. ) ;
#3278 = COLOUR_RGB ( '',0.8980392156862745390, 0.9215686274509803377, 0.9294117647058823817 ) ;
#3279 = CARTESIAN_POINT ( 'NONE',  ( 1.743262369448356219, 0.6317999999999996952, -0.7818929250807219455 ) ) ;
#3280 = VECTOR ( 'NONE', #508, 1000.000000000000000 ) ;
#3281 = ORIENTED_EDGE ( 'NONE', *, *, #2105, .T. ) ;
#3282 = LINE ( 'NONE', #3016, #3400 ) ;
#3283 = PRESENTATION_STYLE_ASSIGNMENT (( #587 ) ) ;
#3284 = CARTESIAN_POINT ( 'NONE',  ( 1.476774743695512981, 0.6317999999999996952, -0.8536267486281550187 ) ) ;
#3285 = FILL_AREA_STYLE ('',( #846 ) ) ;
#3286 = FACE_OUTER_BOUND ( 'NONE', #2978, .T. ) ;
#3287 = ORIENTED_EDGE ( 'NONE', *, *, #1476, .T. ) ;
#3288 = CARTESIAN_POINT ( 'NONE',  ( 1.476774743695512981, 0.6317999999999996952, -0.8536267486281550187 ) ) ;
#3289 =( GEOMETRIC_REPRESENTATION_CONTEXT ( 3 ) GLOBAL_UNCERTAINTY_ASSIGNED_CONTEXT ( ( #645 ) ) GLOBAL_UNIT_ASSIGNED_CONTEXT ( ( #1145, #1307, #1093 ) ) REPRESENTATION_CONTEXT ( 'NONE', 'WORKASPACE' ) );
#3290 =( GEOMETRIC_REPRESENTATION_CONTEXT ( 3 ) GLOBAL_UNCERTAINTY_ASSIGNED_CONTEXT ( ( #118 ) ) GLOBAL_UNIT_ASSIGNED_CONTEXT ( ( #2230, #3031, #1741 ) ) REPRESENTATION_CONTEXT ( 'NONE', 'WORKASPACE' ) );
#3291 = LINE ( 'NONE', #1374, #1165 ) ;
#3292 = ADVANCED_FACE ( 'NONE', ( #1603 ), #2150, .F. ) ;
#3293 = CARTESIAN_POINT ( 'NONE',  ( 3.117419354838710355, 0.5954000000000000403, -1.700000000000000178 ) ) ;
#3294 = PRESENTATION_LAYER_ASSIGNMENT (  '', '', ( #922 ) ) ;
#3295 = DIRECTION ( 'NONE',  ( 0.000000000000000000, -0.000000000000000000, 1.000000000000000000 ) ) ;
#3296 = DIRECTION ( 'NONE',  ( -1.000000000000000000, 0.000000000000000000, 0.000000000000000000 ) ) ;
#3297 = COLOUR_RGB ( '',0.8980392156862745390, 0.9215686274509803377, 0.9294117647058823817 ) ;
#3298 = ORIENTED_EDGE ( 'NONE', *, *, #1794, .F. ) ;
#3299 = DIRECTION ( 'NONE',  ( 0.000000000000000000, 0.000000000000000000, 1.000000000000000000 ) ) ;
#3300 = FILL_AREA_STYLE ('',( #2197 ) ) ;
#3301 = ORIENTED_EDGE ( 'NONE', *, *, #350, .T. ) ;
#3302 = AXIS2_PLACEMENT_3D ( 'NONE', #3006, #1023, #1646 ) ;
#3303 = STYLED_ITEM ( 'NONE', ( #2470 ), #457 ) ;
#3304 = ORIENTED_EDGE ( 'NONE', *, *, #754, .F. ) ;
#3305 = SURFACE_STYLE_USAGE ( .BOTH. , #37 ) ;
#3306 = CARTESIAN_POINT ( 'NONE',  ( 1.551958472390177368, 0.6318999999999996842, -0.8185742333776780955 ) ) ;
#3307 = FACE_OUTER_BOUND ( 'NONE', #2322, .T. ) ;
#3308 = VERTEX_POINT ( 'NONE', #932 ) ;
#3309 =( NAMED_UNIT ( * ) PLANE_ANGLE_UNIT ( ) SI_UNIT ( $, .RADIAN. ) );
#3310 = CARTESIAN_POINT ( 'NONE',  ( 2.369919354838710301, 0.6136000000000000343, -1.700000000000000178 ) ) ;
#3311 = FACE_OUTER_BOUND ( 'NONE', #3161, .T. ) ;
#3312 = LINE ( 'NONE', #55, #1667 ) ;
#3313 = VERTEX_POINT ( 'NONE', #675 ) ;
#3314 = EDGE_CURVE ( 'NONE', #3316, #2738, #952, .T. ) ;
#3315 = CARTESIAN_POINT ( 'NONE',  ( 0.6087096774193547777, 0.6317999999999998062, -1.700000000000000178 ) ) ;
#3316 = VERTEX_POINT ( 'NONE', #912 ) ;
#3317 = CARTESIAN_POINT ( 'NONE',  ( 1.979744987800300171, 0.6318999999999996842, -0.9171364618970205829 ) ) ;
#3318 = LINE ( 'NONE', #2941, #2225 ) ;
#3319 = DIRECTION ( 'NONE',  ( 0.000000000000000000, 0.000000000000000000, -1.000000000000000000 ) ) ;
#3320 = VERTEX_POINT ( 'NONE', #1742 ) ;
#3321 = CARTESIAN_POINT ( 'NONE',  ( 3.158709677419355266, -0.01819999999999992804, -1.700000000000000178 ) ) ;
#3322 =( GEOMETRIC_REPRESENTATION_CONTEXT ( 3 ) GLOBAL_UNCERTAINTY_ASSIGNED_CONTEXT ( ( #2617 ) ) GLOBAL_UNIT_ASSIGNED_CONTEXT ( ( #568, #1125, #1075 ) ) REPRESENTATION_CONTEXT ( 'NONE', 'WORKASPACE' ) );
#3323 = MECHANICAL_DESIGN_GEOMETRIC_PRESENTATION_REPRESENTATION (  '', ( #325 ), #3392 ) ;
#3324 = DIRECTION ( 'NONE',  ( -0.000000000000000000, 0.000000000000000000, 1.000000000000000000 ) ) ;
#3325 = VECTOR ( 'NONE', #263, 1000.000000000000000 ) ;
#3326 = ORIENTED_EDGE ( 'NONE', *, *, #1689, .T. ) ;
#3327 = VECTOR ( 'NONE', #1370, 1000.000000000000000 ) ;
#3328 = EDGE_CURVE ( 'NONE', #2501, #2750, #2249, .T. ) ;
#3329 = VECTOR ( 'NONE', #423, 1000.000000000000000 ) ;
#3330 = ORIENTED_EDGE ( 'NONE', *, *, #172, .F. ) ;
#3331 = VECTOR ( 'NONE', #680, 1000.000000000000000 ) ;
#3332 = LINE ( 'NONE', #3091, #741 ) ;
#3333 = EDGE_CURVE ( 'NONE', #2953, #3308, #425, .T. ) ;
#3334 = CARTESIAN_POINT ( 'NONE',  ( 0.000000000000000000, 0.000000000000000000, -1.700000000000000178 ) ) ;
#3335 = COLOUR_RGB ( '',0.8980392156862745390, 0.9215686274509803377, 0.9294117647058823817 ) ;
#3336 = FILL_AREA_STYLE_COLOUR ( '', #1968 ) ;
#3337 = EDGE_CURVE ( 'NONE', #2254, #550, #3356, .T. ) ;
#3338 = SURFACE_SIDE_STYLE ('',( #1432 ) ) ;
#3339 = ORIENTED_EDGE ( 'NONE', *, *, #1629, .F. ) ;
#3340 = FILL_AREA_STYLE ('',( #2255 ) ) ;
#3341 = LINE ( 'NONE', #3076, #184 ) ;
#3342 = CARTESIAN_POINT ( 'NONE',  ( 3.117419354838710355, -0.01819999999999994192, -1.700000000000000178 ) ) ;
#3343 = EDGE_CURVE ( 'NONE', #3436, #1896, #2518, .T. ) ;
#3344 = ADVANCED_FACE ( 'NONE', ( #1717 ), #3396, .T. ) ;
#3345 = CARTESIAN_POINT ( 'NONE',  ( 1.529296437207103398, 0.6317999999999996952, -0.8862684686757379415 ) ) ;
#3346 = ADVANCED_FACE ( 'NONE', ( #969 ), #695, .T. ) ;
#3347 = AXIS2_PLACEMENT_3D ( 'NONE', #964, #262, #2097 ) ;
#3348 = ORIENTED_EDGE ( 'NONE', *, *, #3185, .F. ) ;
#3349 =( BOUNDED_CURVE ( )  B_SPLINE_CURVE ( 3, ( #154, #1967, #3062, #2990, #3045, #2761, #631 ),
 .UNSPECIFIED., .F., .F. ) 
 B_SPLINE_CURVE_WITH_KNOTS ( ( 4, 3, 4 ),
 ( 0.7500000000000000000, 1.000000000000000000, 1.250000000000000000 ),
 .UNSPECIFIED. ) 
 CURVE ( )  GEOMETRIC_REPRESENTATION_ITEM ( )  RATIONAL_B_SPLINE_CURVE ( ( 0.5000000000000000000, 0.5000000000000000000, 0.6666666666666667407, 1.000000000000000000, 0.6666666666666667407, 0.5000000000000000000, 0.5000000000000000000 ) ) 
 REPRESENTATION_ITEM ( '' )  );
#3350 =( LENGTH_UNIT ( ) NAMED_UNIT ( * ) SI_UNIT ( .MILLI., .METRE. ) );
#3351 = VECTOR ( 'NONE', #1932, 1000.000000000000000 ) ;
#3352 = LINE ( 'NONE', #91, #2053 ) ;
#3353 = ORIENTED_EDGE ( 'NONE', *, *, #732, .F. ) ;
#3354 = CARTESIAN_POINT ( 'NONE',  ( 1.664898715595232614, 0.6318999999999996842, -0.9945922786051791809 ) ) ;
#3355 = CARTESIAN_POINT ( 'NONE',  ( 3.117419354838710355, 0.000000000000000000, -1.700000000000000178 ) ) ;
#3356 = LINE ( 'NONE', #1698, #2980 ) ;
#3357 = PRESENTATION_STYLE_ASSIGNMENT (( #637 ) ) ;
#3358 = COLOUR_RGB ( '',0.8980392156862745390, 0.9215686274509803377, 0.9294117647058823817 ) ;
#3359 = LINE ( 'NONE', #337, #2237 ) ;
#3360 = VERTEX_POINT ( 'NONE', #2017 ) ;
#3361 = LINE ( 'NONE', #1946, #2957 ) ;
#3362 = VECTOR ( 'NONE', #1926, 1000.000000000000000 ) ;
#3363 = PLANE ( 'NONE',  #1182 ) ;
#3364 = DIRECTION ( 'NONE',  ( 1.000000000000000000, 0.000000000000000000, 0.000000000000000000 ) ) ;
#3365 = SURFACE_STYLE_USAGE ( .BOTH. , #1986 ) ;
#3366 = DIRECTION ( 'NONE',  ( 1.000000000000000000, -2.900875377887637630E-16, 0.000000000000000000 ) ) ;
#3367 = FACE_OUTER_BOUND ( 'NONE', #2591, .T. ) ;
#3368 = ORIENTED_EDGE ( 'NONE', *, *, #2052, .T. ) ;
#3369 = VERTEX_POINT ( 'NONE', #393 ) ;
#3370 = CARTESIAN_POINT ( 'NONE',  ( 0.6087096774193547777, 0.6135999999999998122, -1.700000000000000178 ) ) ;
#3371 = SURFACE_SIDE_STYLE ('',( #674 ) ) ;
#3372 = DIRECTION ( 'NONE',  ( 0.000000000000000000, 0.000000000000000000, 1.000000000000000000 ) ) ;
#3373 = CARTESIAN_POINT ( 'NONE',  ( 0.7474999999999999423, 0.6135999999999998122, 0.000000000000000000 ) ) ;
#3374 = VERTEX_POINT ( 'NONE', #2267 ) ;
#3375 = DIRECTION ( 'NONE',  ( 0.000000000000000000, 0.000000000000000000, 1.000000000000000000 ) ) ;
#3376 =( NAMED_UNIT ( * ) SI_UNIT ( $, .STERADIAN. ) SOLID_ANGLE_UNIT ( ) );
#3377 = PLANE ( 'NONE',  #2019 ) ;
#3378 = EDGE_CURVE ( 'NONE', #472, #87, #3092, .T. ) ;
#3379 = ORIENTED_EDGE ( 'NONE', *, *, #982, .F. ) ;
#3380 = FILL_AREA_STYLE_COLOUR ( '', #2938 ) ;
#3381 = EDGE_CURVE ( 'NONE', #3137, #2682, #3489, .T. ) ;
#3382 = EDGE_CURVE ( 'NONE', #2501, #3412, #3318, .T. ) ;
#3383 = UNCERTAINTY_MEASURE_WITH_UNIT (LENGTH_MEASURE( 1.000000000000000082E-05 ), #700, 'distance_accuracy_value', 'NONE');
#3384 = DIRECTION ( 'NONE',  ( -0.3910901643510817927, 0.000000000000000000, 0.9203523691216554115 ) ) ;
#3385 = EDGE_CURVE ( 'NONE', #2777, #3118, #514, .T. ) ;
#3386 = CARTESIAN_POINT ( 'NONE',  ( 1.854030687919280274, 0.6318999999999996842, -0.8216764980901485327 ) ) ;
#3387 = DIRECTION ( 'NONE',  ( 1.000000000000000000, 0.000000000000000000, 0.000000000000000000 ) ) ;
#3388 = ORIENTED_EDGE ( 'NONE', *, *, #2479, .T. ) ;
#3389 = VECTOR ( 'NONE', #3033, 1000.000000000000227 ) ;
#3390 = CARTESIAN_POINT ( 'NONE',  ( -1.779977131871853882E-16, 0.6135999999999998122, -1.700000000000000178 ) ) ;
#3391 = ORIENTED_EDGE ( 'NONE', *, *, #3457, .T. ) ;
#3392 =( GEOMETRIC_REPRESENTATION_CONTEXT ( 3 ) GLOBAL_UNCERTAINTY_ASSIGNED_CONTEXT ( ( #1042 ) ) GLOBAL_UNIT_ASSIGNED_CONTEXT ( ( #3407, #171, #2314 ) ) REPRESENTATION_CONTEXT ( 'NONE', 'WORKASPACE' ) );
#3393 = VERTEX_POINT ( 'NONE', #780 ) ;
#3394 = AXIS2_PLACEMENT_3D ( 'NONE', #1607, #1323, #2350 ) ;
#3395 = CARTESIAN_POINT ( 'NONE',  ( 1.259927955283916434, 0.6317999999999996952, -0.7519638040136090718 ) ) ;
#3396 = PLANE ( 'NONE',  #1379 ) ;
#3397 = FILL_AREA_STYLE_COLOUR ( '', #3243 ) ;
#3398 = MECHANICAL_DESIGN_GEOMETRIC_PRESENTATION_REPRESENTATION (  '', ( #2061 ), #3094 ) ;
#3399 = ORIENTED_EDGE ( 'NONE', *, *, #2672, .T. ) ;
#3400 = VECTOR ( 'NONE', #603, 1000.000000000000000 ) ;
#3401 = DIRECTION ( 'NONE',  ( 0.000000000000000000, 1.000000000000000000, 0.000000000000000000 ) ) ;
#3402 = PRESENTATION_STYLE_ASSIGNMENT (( #3077 ) ) ;
#3403 = VERTEX_POINT ( 'NONE', #1525 ) ;
#3404 = CARTESIAN_POINT ( 'NONE',  ( 1.338382776803542562, 0.6318999999999996842, -0.9945922786051791809 ) ) ;
#3405 = CARTESIAN_POINT ( 'NONE',  ( 0.7474999999999999423, 0.6136000000000000343, -1.700000000000000178 ) ) ;
#3406 = EDGE_CURVE ( 'NONE', #1790, #3421, #2325, .T. ) ;
#3407 =( LENGTH_UNIT ( ) NAMED_UNIT ( * ) SI_UNIT ( .MILLI., .METRE. ) );
#3408 = EDGE_LOOP ( 'NONE', ( #1665, #3330, #1869, #564 ) ) ;
#3409 =( LENGTH_UNIT ( ) NAMED_UNIT ( * ) SI_UNIT ( .MILLI., .METRE. ) );
#3410 = DIRECTION ( 'NONE',  ( 1.000000000000000000, -0.000000000000000000, 0.000000000000000000 ) ) ;
#3411 = VECTOR ( 'NONE', #2593, 1000.000000000000000 ) ;
#3412 = VERTEX_POINT ( 'NONE', #2923 ) ;
#3413 = DIRECTION ( 'NONE',  ( 0.000000000000000000, 0.000000000000000000, 1.000000000000000000 ) ) ;
#3414 = SURFACE_STYLE_FILL_AREA ( #3446 ) ;
#3415 = COLOUR_RGB ( '',0.7921568627450980005, 0.8196078431372548767, 0.9333333333333333481 ) ;
#3416 = ORIENTED_EDGE ( 'NONE', *, *, #2316, .F. ) ;
#3417 = VECTOR ( 'NONE', #1670, 1000.000000000000000 ) ;
#3418 = CARTESIAN_POINT ( 'NONE',  ( 1.867658053610169233, 0.6317999999999996952, -0.7818929250807219455 ) ) ;
#3419 = PLANE ( 'NONE',  #2139 ) ;
#3420 = VECTOR ( 'NONE', #2018, 1000.000000000000000 ) ;
#3421 = VERTEX_POINT ( 'NONE', #475 ) ;
#3422 = VECTOR ( 'NONE', #1197, 1000.000000000000000 ) ;
#3423 = CARTESIAN_POINT ( 'NONE',  ( 1.163578999909084422, 0.6318999999999996842, -0.9945922786051791809 ) ) ;
#3424 = FACE_OUTER_BOUND ( 'NONE', #3142, .T. ) ;
#3425 = FILL_AREA_STYLE ('',( #3141 ) ) ;
#3426 = EDGE_CURVE ( 'NONE', #1479, #2571, #2046, .T. ) ;
#3427 = ORIENTED_EDGE ( 'NONE', *, *, #721, .F. ) ;
#3428 = CARTESIAN_POINT ( 'NONE',  ( 2.070467659642073244, 0.6318999999999996842, -0.8532336393025896637 ) ) ;
#3429 = CARTESIAN_POINT ( 'NONE',  ( 1.627582568898592985, 0.6318999999999996842, -0.8862684686757379415 ) ) ;
#3430 = FACE_OUTER_BOUND ( 'NONE', #25, .T. ) ;
#3431 = SURFACE_STYLE_USAGE ( .BOTH. , #1509 ) ;
#3432 = EDGE_CURVE ( 'NONE', #938, #293, #1231, .T. ) ;
#3433 = ORIENTED_EDGE ( 'NONE', *, *, #3381, .T. ) ;
#3434 = CARTESIAN_POINT ( 'NONE',  ( 1.876194882181912549, 0.6317999999999996952, -0.8532336393025896637 ) ) ;
#3435 = PLANE ( 'NONE',  #850 ) ;
#3436 = VERTEX_POINT ( 'NONE', #2036 ) ;
#3437 = FACE_OUTER_BOUND ( 'NONE', #142, .T. ) ;
#3438 = DIRECTION ( 'NONE',  ( 1.000000000000000000, 0.000000000000000000, 0.000000000000000000 ) ) ;
#3439 = CARTESIAN_POINT ( 'NONE',  ( 1.876194882181912993, 0.6318999999999996842, -0.8532336393025895527 ) ) ;
#3440 = CARTESIAN_POINT ( 'NONE',  ( 1.064890738813735860, 0.6318999999999996842, -0.7118750000000001465 ) ) ;
#3441 = CARTESIAN_POINT ( 'NONE',  ( 0.6087096774193547777, 0.6135999999999998122, 0.000000000000000000 ) ) ;
#3442 = CARTESIAN_POINT ( 'NONE',  ( 2.508709677419355355, 0.6318000000000000282, 0.000000000000000000 ) ) ;
#3443 = AXIS2_PLACEMENT_3D ( 'NONE', #731, #712, #458 ) ;
#3444 = ORIENTED_EDGE ( 'NONE', *, *, #2047, .F. ) ;
#3445 = FILL_AREA_STYLE ('',( #1740 ) ) ;
#3446 = FILL_AREA_STYLE ('',( #474 ) ) ;
#3447 = CARTESIAN_POINT ( 'NONE',  ( 1.471632103531470115, 0.6317999999999996952, -0.7118749999999999245 ) ) ;
#3448 = MECHANICAL_DESIGN_GEOMETRIC_PRESENTATION_REPRESENTATION (  '', ( #1615 ), #2056 ) ;
#3449 = ORIENTED_EDGE ( 'NONE', *, *, #2999, .T. ) ;
#3450 = DIRECTION ( 'NONE',  ( 1.000000000000000000, 0.000000000000000000, 0.000000000000000000 ) ) ;
#3451 =( NAMED_UNIT ( * ) PLANE_ANGLE_UNIT ( ) SI_UNIT ( $, .RADIAN. ) );
#3452 = FACE_OUTER_BOUND ( 'NONE', #1779, .T. ) ;
#3453 = COLOUR_RGB ( '',0.8509803921568627194, 0.8509803921568627194, 0.8509803921568627194 ) ;
#3454 = ORIENTED_EDGE ( 'NONE', *, *, #172, .T. ) ;
#3455 = PLANE ( 'NONE',  #2147 ) ;
#3456 = VECTOR ( 'NONE', #1380, 1000.000000000000000 ) ;
#3457 = EDGE_CURVE ( 'NONE', #2381, #1710, #2379, .T. ) ;
#3458 = FACE_OUTER_BOUND ( 'NONE', #1817, .T. ) ;
#3459 = DIRECTION ( 'NONE',  ( -0.3910901643510817927, 0.000000000000000000, -0.9203523691216554115 ) ) ;
#3460 = CARTESIAN_POINT ( 'NONE',  ( 2.558709677419355177, 0.000000000000000000, 0.000000000000000000 ) ) ;
#3461 = SURFACE_STYLE_USAGE ( .BOTH. , #2083 ) ;
#3462 = VERTEX_POINT ( 'NONE', #1558 ) ;
#3463 = EDGE_CURVE ( 'NONE', #3130, #1639, #440, .T. ) ;
#3464 = LINE ( 'NONE', #3180, #2460 ) ;
#3465 = ORIENTED_EDGE ( 'NONE', *, *, #3185, .T. ) ;
#3466 = DIRECTION ( 'NONE',  ( 0.000000000000000000, 0.000000000000000000, -1.000000000000000000 ) ) ;
#3467 = DIRECTION ( 'NONE',  ( 0.000000000000000000, 1.000000000000000000, 0.000000000000000000 ) ) ;
#3468 = ORIENTED_EDGE ( 'NONE', *, *, #2318, .F. ) ;
#3469 = SURFACE_SIDE_STYLE ('',( #2050 ) ) ;
#3470 = CARTESIAN_POINT ( 'NONE',  ( 0.000000000000000000, 0.000000000000000000, 0.000000000000000000 ) ) ;
#3471 = FACE_OUTER_BOUND ( 'NONE', #1984, .T. ) ;
#3472 = VECTOR ( 'NONE', #2532, 1000.000000000000000 ) ;
#3473 = ORIENTED_EDGE ( 'NONE', *, *, #1086, .T. ) ;
#3474 = DIRECTION ( 'NONE',  ( 1.000000000000000000, 0.000000000000000000, 0.000000000000000000 ) ) ;
#3475 = VECTOR ( 'NONE', #3438, 1000.000000000000000 ) ;
#3476 = EDGE_CURVE ( 'NONE', #1475, #1204, #3164, .T. ) ;
#3477 = LINE ( 'NONE', #2963, #960 ) ;
#3478 = PRESENTATION_LAYER_ASSIGNMENT (  '', '', ( #2781 ) ) ;
#3479 = FILL_AREA_STYLE ('',( #3255 ) ) ;
#3480 = VERTEX_POINT ( 'NONE', #2594 ) ;
#3481 = FILL_AREA_STYLE ('',( #2691 ) ) ;
#3482 = ORIENTED_EDGE ( 'NONE', *, *, #940, .F. ) ;
#3483 = CARTESIAN_POINT ( 'NONE',  ( 1.363942052780253489, 0.6317999999999996952, -0.7118750000000001465 ) ) ;
#3484 = FACE_BOUND ( 'NONE', #1807, .T. ) ;
#3485 = ORIENTED_EDGE ( 'NONE', *, *, #3226, .T. ) ;
#3486 = LINE ( 'NONE', #498, #30 ) ;
#3487 = LINE ( 'NONE', #1048, #3216 ) ;
#3488 = ORIENTED_EDGE ( 'NONE', *, *, #1149, .T. ) ;
#3489 =( BOUNDED_CURVE ( )  B_SPLINE_CURVE ( 3, ( #1939, #996, #3447, #2652 ),
 .UNSPECIFIED., .F., .F. ) 
 B_SPLINE_CURVE_WITH_KNOTS ( ( 4, 4 ),
 ( 0.5000000000000003331, 1.000000000000000000 ),
 .UNSPECIFIED. ) 
 CURVE ( )  GEOMETRIC_REPRESENTATION_ITEM ( )  RATIONAL_B_SPLINE_CURVE ( ( 0.5000000000000000000, 0.5000000000000002220, 0.6666666666666669627, 1.000000000000000000 ) ) 
 REPRESENTATION_ITEM ( '' )  );
#3490 = CARTESIAN_POINT ( 'NONE',  ( 2.143776874646535546, 0.6318999999999996842, -0.5705163606974100743 ) ) ;
#3491 = ADVANCED_FACE ( 'NONE', ( #3484, #3430 ), #1045, .T. ) ;
#3492 = CARTESIAN_POINT ( 'NONE',  ( 3.158709677419355266, -0.01819999999999992804, -1.700000000000000178 ) ) ;
#3493 = ADVANCED_FACE ( 'NONE', ( #1773 ), #2091, .T. ) ;
#3494 = LINE ( 'NONE', #545, #1288 ) ;
#3495 = ORIENTED_EDGE ( 'NONE', *, *, #2323, .T. ) ;
#3496 = VERTEX_POINT ( 'NONE', #1508 ) ;
#3497 =( LENGTH_UNIT ( ) NAMED_UNIT ( * ) SI_UNIT ( .MILLI., .METRE. ) );
#3498 = EDGE_CURVE ( 'NONE', #2015, #1161, #2607, .T. ) ;
#3499 = VERTEX_POINT ( 'NONE', #1575 ) ;
#3500 = VECTOR ( 'NONE', #299, 1000.000000000000000 ) ;
#3501 = CARTESIAN_POINT ( 'NONE',  ( 1.538527601647626142, 0.6317999999999996952, -0.9945922786051791809 ) ) ;
ENDSEC;
END-ISO-10303-21;
