ISO-10303-21;
HEADER;
/* Generated by software containing ST-Developer
 * from STEP Tools, Inc. (www.steptools.com) 
 */

FILE_DESCRIPTION(
/* description */ (''),
/* implementation_level */ '2;1');

FILE_NAME(
/* name */ 
'D:\\YandexDisk\\Projects\\Headphone Amplifier HA-1\\Hardware\\Control
_PCB Lite\\Output Files\\SA1Control_PCB_Lite.stp',
/* time_stamp */ '2023-09-28T22:44:44+04:00',
/* author */ ('micha'),
/* organization */ (''),
/* preprocessor_version */ 'ST-DEVELOPER v18.1',
/* originating_system */ 'Autodesk Inventor 2021',
/* authorisation */ '');

FILE_SCHEMA (('AUTOMOTIVE_DESIGN { 1 0 10303 214 3 1 1 }'));
ENDSEC;

DATA;
#10=MECHANICAL_DESIGN_GEOMETRIC_PRESENTATION_REPRESENTATION('',(#99,#100,
#101,#102,#103,#104,#105,#106,#107,#108,#109,#110,#111),#19477);
#11=ITEM_DEFINED_TRANSFORMATION($,$,#10739,#11451);
#12=(
REPRESENTATION_RELATIONSHIP($,$,#19488,#19487)
REPRESENTATION_RELATIONSHIP_WITH_TRANSFORMATION(#11)
SHAPE_REPRESENTATION_RELATIONSHIP()
);
#13=CONTEXT_DEPENDENT_SHAPE_REPRESENTATION(#12,#19486);
#14=NEXT_ASSEMBLY_USAGE_OCCURRENCE('Push_Switch_8x8_6pin_with_Lock_15',
'Push_Switch_8x8_6pin_with_Lock_15','Push_Switch_8x8_6pin_with_Lock_15',
#19490,#19491,'Push_Switch_8x8_6pin_with_Lock_15');
#15=SHAPE_REPRESENTATION_RELATIONSHIP('SRR','None',#19488,#16);
#16=ADVANCED_BREP_SHAPE_REPRESENTATION('',(#112,#113,#114,#115,#116,#117,
#118,#119,#120,#121,#122,#123,#124),#19476);
#17=TOROIDAL_SURFACE('',#11429,0.5,0.25);
#18=TOROIDAL_SURFACE('',#11436,0.5,0.25);
#19=TOROIDAL_SURFACE('',#11443,0.5,0.25);
#20=(
BOUNDED_SURFACE()
B_SPLINE_SURFACE(5,5,((#17131,#17132,#17133,#17134,#17135,#17136),(#17137,
#17138,#17139,#17140,#17141,#17142),(#17143,#17144,#17145,#17146,#17147,
#17148),(#17149,#17150,#17151,#17152,#17153,#17154),(#17155,#17156,#17157,
#17158,#17159,#17160),(#17161,#17162,#17163,#17164,#17165,#17166),(#17167,
#17168,#17169,#17170,#17171,#17172),(#17173,#17174,#17175,#17176,#17177,
#17178),(#17179,#17180,#17181,#17182,#17183,#17184)),.UNSPECIFIED.,.F.,
 .T.,.F.)
B_SPLINE_SURFACE_WITH_KNOTS((6,3,6),(6,6),(0.,1.55061343358,3.01715423978),
(0.,0.628318530718),.UNSPECIFIED.)
GEOMETRIC_REPRESENTATION_ITEM()
RATIONAL_B_SPLINE_SURFACE(((1.,0.2,0.2,0.2,0.2,1.),(1.,0.2,0.2,0.2,0.2,
1.),(1.,0.2,0.2,0.2,0.2,1.),(1.,0.2,0.2,0.2,0.2,1.),(1.,0.2,0.2,0.2,0.2,
1.),(1.,0.2,0.2,0.2,0.2,1.),(1.,0.2,0.2,0.2,0.2,1.),(1.,0.2,0.2,0.2,0.2,
1.),(1.,0.2,0.2,0.2,0.2,1.)))
REPRESENTATION_ITEM('')
SURFACE()
);
#21=(
BOUNDED_SURFACE()
B_SPLINE_SURFACE(5,5,((#17209,#17210,#17211,#17212,#17213,#17214),(#17215,
#17216,#17217,#17218,#17219,#17220),(#17221,#17222,#17223,#17224,#17225,
#17226),(#17227,#17228,#17229,#17230,#17231,#17232),(#17233,#17234,#17235,
#17236,#17237,#17238),(#17239,#17240,#17241,#17242,#17243,#17244),(#17245,
#17246,#17247,#17248,#17249,#17250),(#17251,#17252,#17253,#17254,#17255,
#17256),(#17257,#17258,#17259,#17260,#17261,#17262)),.UNSPECIFIED.,.F.,
 .T.,.F.)
B_SPLINE_SURFACE_WITH_KNOTS((6,3,6),(6,6),(0.,1.54962886743,3.01538007417),
(0.,0.628318530718),.UNSPECIFIED.)
GEOMETRIC_REPRESENTATION_ITEM()
RATIONAL_B_SPLINE_SURFACE(((1.,0.2,0.2,0.2,0.2,1.),(1.,0.2,0.2,0.2,0.2,
1.),(1.,0.2,0.2,0.2,0.2,1.),(1.,0.2,0.2,0.2,0.2,1.),(1.,0.2,0.2,0.2,0.2,
1.),(1.,0.2,0.2,0.2,0.2,1.),(1.,0.2,0.2,0.2,0.2,1.),(1.,0.2,0.2,0.2,0.2,
1.),(1.,0.2,0.2,0.2,0.2,1.)))
REPRESENTATION_ITEM('')
SURFACE()
);
#22=(
BOUNDED_SURFACE()
B_SPLINE_SURFACE(5,5,((#17284,#17285,#17286,#17287,#17288,#17289),(#17290,
#17291,#17292,#17293,#17294,#17295),(#17296,#17297,#17298,#17299,#17300,
#17301),(#17302,#17303,#17304,#17305,#17306,#17307),(#17308,#17309,#17310,
#17311,#17312,#17313),(#17314,#17315,#17316,#17317,#17318,#17319),(#17320,
#17321,#17322,#17323,#17324,#17325),(#17326,#17327,#17328,#17329,#17330,
#17331),(#17332,#17333,#17334,#17335,#17336,#17337)),.UNSPECIFIED.,.F.,
 .T.,.F.)
B_SPLINE_SURFACE_WITH_KNOTS((6,3,6),(6,6),(0.,1.59050780876,3.01068009867),
(0.,0.628318530718),.UNSPECIFIED.)
GEOMETRIC_REPRESENTATION_ITEM()
RATIONAL_B_SPLINE_SURFACE(((1.,0.2,0.2,0.2,0.2,1.),(1.,0.2,0.2,0.2,0.2,
1.),(1.,0.2,0.2,0.2,0.2,1.),(1.,0.2,0.2,0.2,0.2,1.),(1.,0.2,0.2,0.2,0.2,
1.),(1.,0.2,0.2,0.2,0.2,1.),(1.,0.2,0.2,0.2,0.2,1.),(1.,0.2,0.2,0.2,0.2,
1.),(1.,0.2,0.2,0.2,0.2,1.)))
REPRESENTATION_ITEM('')
SURFACE()
);
#23=(
BOUNDED_SURFACE()
B_SPLINE_SURFACE(5,5,((#17359,#17360,#17361,#17362,#17363,#17364),(#17365,
#17366,#17367,#17368,#17369,#17370),(#17371,#17372,#17373,#17374,#17375,
#17376),(#17377,#17378,#17379,#17380,#17381,#17382),(#17383,#17384,#17385,
#17386,#17387,#17388),(#17389,#17390,#17391,#17392,#17393,#17394),(#17395,
#17396,#17397,#17398,#17399,#17400),(#17401,#17402,#17403,#17404,#17405,
#17406),(#17407,#17408,#17409,#17410,#17411,#17412)),.UNSPECIFIED.,.F.,
 .T.,.F.)
B_SPLINE_SURFACE_WITH_KNOTS((6,3,6),(6,6),(0.,1.58526349519,2.99790141617),
(0.,0.628318530718),.UNSPECIFIED.)
GEOMETRIC_REPRESENTATION_ITEM()
RATIONAL_B_SPLINE_SURFACE(((1.,0.2,0.2,0.2,0.2,1.),(1.,0.2,0.2,0.2,0.2,
1.),(1.,0.2,0.2,0.2,0.2,1.),(1.,0.2,0.2,0.2,0.2,1.),(1.,0.2,0.2,0.2,0.2,
1.),(1.,0.2,0.2,0.2,0.2,1.),(1.,0.2,0.2,0.2,0.2,1.),(1.,0.2,0.2,0.2,0.2,
1.),(1.,0.2,0.2,0.2,0.2,1.)))
REPRESENTATION_ITEM('')
SURFACE()
);
#24=(
BOUNDED_SURFACE()
B_SPLINE_SURFACE(5,5,((#17434,#17435,#17436,#17437,#17438,#17439),(#17440,
#17441,#17442,#17443,#17444,#17445),(#17446,#17447,#17448,#17449,#17450,
#17451),(#17452,#17453,#17454,#17455,#17456,#17457),(#17458,#17459,#17460,
#17461,#17462,#17463),(#17464,#17465,#17466,#17467,#17468,#17469),(#17470,
#17471,#17472,#17473,#17474,#17475),(#17476,#17477,#17478,#17479,#17480,
#17481),(#17482,#17483,#17484,#17485,#17486,#17487)),.UNSPECIFIED.,.F.,
 .T.,.F.)
B_SPLINE_SURFACE_WITH_KNOTS((6,3,6),(6,6),(0.,1.65777073423,2.97475050995),
(0.,0.628318530718),.UNSPECIFIED.)
GEOMETRIC_REPRESENTATION_ITEM()
RATIONAL_B_SPLINE_SURFACE(((1.,0.2,0.2,0.2,0.2,1.),(1.,0.2,0.2,0.2,0.2,
1.),(1.,0.2,0.2,0.2,0.2,1.),(1.,0.2,0.2,0.2,0.2,1.),(1.,0.2,0.2,0.2,0.2,
1.),(1.,0.2,0.2,0.2,0.2,1.),(1.,0.2,0.2,0.2,0.2,1.),(1.,0.2,0.2,0.2,0.2,
1.),(1.,0.2,0.2,0.2,0.2,1.)))
REPRESENTATION_ITEM('')
SURFACE()
);
#25=(
BOUNDED_SURFACE()
B_SPLINE_SURFACE(5,5,((#17509,#17510,#17511,#17512,#17513,#17514),(#17515,
#17516,#17517,#17518,#17519,#17520),(#17521,#17522,#17523,#17524,#17525,
#17526),(#17527,#17528,#17529,#17530,#17531,#17532),(#17533,#17534,#17535,
#17536,#17537,#17538),(#17539,#17540,#17541,#17542,#17543,#17544),(#17545,
#17546,#17547,#17548,#17549,#17550),(#17551,#17552,#17553,#17554,#17555,
#17556),(#17557,#17558,#17559,#17560,#17561,#17562)),.UNSPECIFIED.,.F.,
 .T.,.F.)
B_SPLINE_SURFACE_WITH_KNOTS((6,3,6),(6,6),(0.,1.64029773286,2.94109908547),
(0.,0.628318530718),.UNSPECIFIED.)
GEOMETRIC_REPRESENTATION_ITEM()
RATIONAL_B_SPLINE_SURFACE(((1.,0.2,0.2,0.2,0.2,1.),(1.,0.2,0.2,0.2,0.2,
1.),(1.,0.2,0.2,0.2,0.2,1.),(1.,0.2,0.2,0.2,0.2,1.),(1.,0.2,0.2,0.2,0.2,
1.),(1.,0.2,0.2,0.2,0.2,1.),(1.,0.2,0.2,0.2,0.2,1.),(1.,0.2,0.2,0.2,0.2,
1.),(1.,0.2,0.2,0.2,0.2,1.)))
REPRESENTATION_ITEM('')
SURFACE()
);
#26=(
BOUNDED_SURFACE()
B_SPLINE_SURFACE(5,5,((#17584,#17585,#17586,#17587,#17588,#17589),(#17590,
#17591,#17592,#17593,#17594,#17595),(#17596,#17597,#17598,#17599,#17600,
#17601),(#17602,#17603,#17604,#17605,#17606,#17607),(#17608,#17609,#17610,
#17611,#17612,#17613),(#17614,#17615,#17616,#17617,#17618,#17619),(#17620,
#17621,#17622,#17623,#17624,#17625),(#17626,#17627,#17628,#17629,#17630,
#17631),(#17632,#17633,#17634,#17635,#17636,#17637)),.UNSPECIFIED.,.F.,
 .T.,.F.)
B_SPLINE_SURFACE_WITH_KNOTS((6,3,6),(6,6),(0.,1.53597167114,2.89918596907),
(0.,0.628318530718),.UNSPECIFIED.)
GEOMETRIC_REPRESENTATION_ITEM()
RATIONAL_B_SPLINE_SURFACE(((1.,0.2,0.2,0.2,0.2,1.),(1.,0.2,0.2,0.2,0.2,
1.),(1.,0.2,0.2,0.2,0.2,1.),(1.,0.2,0.2,0.2,0.2,1.),(1.,0.2,0.2,0.2,0.2,
1.),(1.,0.2,0.2,0.2,0.2,1.),(1.,0.2,0.2,0.2,0.2,1.),(1.,0.2,0.2,0.2,0.2,
1.),(1.,0.2,0.2,0.2,0.2,1.)))
REPRESENTATION_ITEM('')
SURFACE()
);
#27=(
BOUNDED_SURFACE()
B_SPLINE_SURFACE(5,5,((#17659,#17660,#17661,#17662,#17663,#17664),(#17665,
#17666,#17667,#17668,#17669,#17670),(#17671,#17672,#17673,#17674,#17675,
#17676),(#17677,#17678,#17679,#17680,#17681,#17682),(#17683,#17684,#17685,
#17686,#17687,#17688),(#17689,#17690,#17691,#17692,#17693,#17694),(#17695,
#17696,#17697,#17698,#17699,#17700),(#17701,#17702,#17703,#17704,#17705,
#17706),(#17707,#17708,#17709,#17710,#17711,#17712),(#17713,#17714,#17715,
#17716,#17717,#17718),(#17719,#17720,#17721,#17722,#17723,#17724),(#17725,
#17726,#17727,#17728,#17729,#17730)),.UNSPECIFIED.,.F.,.T.,.F.)
B_SPLINE_SURFACE_WITH_KNOTS((6,3,3,6),(6,6),(0.,0.969863704829,1.92086024448,
2.85420665774),(0.,0.628318530718),.UNSPECIFIED.)
GEOMETRIC_REPRESENTATION_ITEM()
RATIONAL_B_SPLINE_SURFACE(((1.,0.2,0.2,0.2,0.2,1.),(1.,0.2,0.2,0.2,0.2,
1.),(1.,0.2,0.2,0.2,0.2,1.),(1.,0.2,0.2,0.2,0.2,1.),(1.,0.2,0.2,0.2,0.2,
1.),(1.,0.2,0.2,0.2,0.2,1.),(1.,0.2,0.2,0.2,0.2,1.),(1.,0.2,0.2,0.2,0.2,
1.),(1.,0.2,0.2,0.2,0.2,1.),(1.,0.2,0.2,0.2,0.2,1.),(1.,0.2,0.2,0.2,0.2,
1.),(1.,0.2,0.2,0.2,0.2,1.)))
REPRESENTATION_ITEM('')
SURFACE()
);
#28=(
BOUNDED_SURFACE()
B_SPLINE_SURFACE(5,5,((#17758,#17759,#17760,#17761,#17762,#17763),(#17764,
#17765,#17766,#17767,#17768,#17769),(#17770,#17771,#17772,#17773,#17774,
#17775),(#17776,#17777,#17778,#17779,#17780,#17781),(#17782,#17783,#17784,
#17785,#17786,#17787),(#17788,#17789,#17790,#17791,#17792,#17793),(#17794,
#17795,#17796,#17797,#17798,#17799),(#17800,#17801,#17802,#17803,#17804,
#17805),(#17806,#17807,#17808,#17809,#17810,#17811),(#17812,#17813,#17814,
#17815,#17816,#17817),(#17818,#17819,#17820,#17821,#17822,#17823),(#17824,
#17825,#17826,#17827,#17828,#17829)),.UNSPECIFIED.,.F.,.T.,.F.)
B_SPLINE_SURFACE_WITH_KNOTS((6,3,3,6),(6,6),(0.,0.940233112365,1.88108429406,
2.82394391985),(0.,0.628318530718),.UNSPECIFIED.)
GEOMETRIC_REPRESENTATION_ITEM()
RATIONAL_B_SPLINE_SURFACE(((1.,0.2,0.2,0.2,0.2,1.),(1.,0.2,0.2,0.2,0.2,
1.),(1.,0.2,0.2,0.2,0.2,1.),(1.,0.2,0.2,0.2,0.2,1.),(1.,0.2,0.2,0.2,0.2,
1.),(1.,0.2,0.2,0.2,0.2,1.),(1.,0.2,0.2,0.2,0.2,1.),(1.,0.2,0.2,0.2,0.2,
1.),(1.,0.2,0.2,0.2,0.2,1.),(1.,0.2,0.2,0.2,0.2,1.),(1.,0.2,0.2,0.2,0.2,
1.),(1.,0.2,0.2,0.2,0.2,1.)))
REPRESENTATION_ITEM('')
SURFACE()
);
#29=(
BOUNDED_SURFACE()
B_SPLINE_SURFACE(5,5,((#17857,#17858,#17859,#17860,#17861,#17862),(#17863,
#17864,#17865,#17866,#17867,#17868),(#17869,#17870,#17871,#17872,#17873,
#17874),(#17875,#17876,#17877,#17878,#17879,#17880),(#17881,#17882,#17883,
#17884,#17885,#17886),(#17887,#17888,#17889,#17890,#17891,#17892),(#17893,
#17894,#17895,#17896,#17897,#17898),(#17899,#17900,#17901,#17902,#17903,
#17904),(#17905,#17906,#17907,#17908,#17909,#17910),(#17911,#17912,#17913,
#17914,#17915,#17916),(#17917,#17918,#17919,#17920,#17921,#17922),(#17923,
#17924,#17925,#17926,#17927,#17928)),.UNSPECIFIED.,.F.,.T.,.F.)
B_SPLINE_SURFACE_WITH_KNOTS((6,3,3,6),(6,6),(0.,0.917926820616,1.85440724238,
2.81181143529),(0.,0.628318530718),.UNSPECIFIED.)
GEOMETRIC_REPRESENTATION_ITEM()
RATIONAL_B_SPLINE_SURFACE(((1.,0.2,0.2,0.2,0.2,1.),(1.,0.2,0.2,0.2,0.2,
1.),(1.,0.2,0.2,0.2,0.2,1.),(1.,0.2,0.2,0.2,0.2,1.),(1.,0.2,0.2,0.2,0.2,
1.),(1.,0.2,0.2,0.2,0.2,1.),(1.,0.2,0.2,0.2,0.2,1.),(1.,0.2,0.2,0.2,0.2,
1.),(1.,0.2,0.2,0.2,0.2,1.),(1.,0.2,0.2,0.2,0.2,1.),(1.,0.2,0.2,0.2,0.2,
1.),(1.,0.2,0.2,0.2,0.2,1.)))
REPRESENTATION_ITEM('')
SURFACE()
);
#30=(
BOUNDED_SURFACE()
B_SPLINE_SURFACE(5,5,((#17956,#17957,#17958,#17959,#17960,#17961),(#17962,
#17963,#17964,#17965,#17966,#17967),(#17968,#17969,#17970,#17971,#17972,
#17973),(#17974,#17975,#17976,#17977,#17978,#17979),(#17980,#17981,#17982,
#17983,#17984,#17985),(#17986,#17987,#17988,#17989,#17990,#17991),(#17992,
#17993,#17994,#17995,#17996,#17997),(#17998,#17999,#18000,#18001,#18002,
#18003),(#18004,#18005,#18006,#18007,#18008,#18009),(#18010,#18011,#18012,
#18013,#18014,#18015),(#18016,#18017,#18018,#18019,#18020,#18021),(#18022,
#18023,#18024,#18025,#18026,#18027)),.UNSPECIFIED.,.F.,.T.,.F.)
B_SPLINE_SURFACE_WITH_KNOTS((6,3,3,6),(6,6),(0.,0.933636387937,1.87334326657,
2.82064386192),(0.,0.628318530718),.UNSPECIFIED.)
GEOMETRIC_REPRESENTATION_ITEM()
RATIONAL_B_SPLINE_SURFACE(((1.,0.2,0.2,0.2,0.2,1.),(1.,0.2,0.2,0.2,0.2,
1.),(1.,0.2,0.2,0.2,0.2,1.),(1.,0.2,0.2,0.2,0.2,1.),(1.,0.2,0.2,0.2,0.2,
1.),(1.,0.2,0.2,0.2,0.2,1.),(1.,0.2,0.2,0.2,0.2,1.),(1.,0.2,0.2,0.2,0.2,
1.),(1.,0.2,0.2,0.2,0.2,1.),(1.,0.2,0.2,0.2,0.2,1.),(1.,0.2,0.2,0.2,0.2,
1.),(1.,0.2,0.2,0.2,0.2,1.)))
REPRESENTATION_ITEM('')
SURFACE()
);
#31=(
BOUNDED_SURFACE()
B_SPLINE_SURFACE(5,5,((#18055,#18056,#18057,#18058,#18059,#18060),(#18061,
#18062,#18063,#18064,#18065,#18066),(#18067,#18068,#18069,#18070,#18071,
#18072),(#18073,#18074,#18075,#18076,#18077,#18078),(#18079,#18080,#18081,
#18082,#18083,#18084),(#18085,#18086,#18087,#18088,#18089,#18090),(#18091,
#18092,#18093,#18094,#18095,#18096),(#18097,#18098,#18099,#18100,#18101,
#18102),(#18103,#18104,#18105,#18106,#18107,#18108),(#18109,#18110,#18111,
#18112,#18113,#18114),(#18115,#18116,#18117,#18118,#18119,#18120),(#18121,
#18122,#18123,#18124,#18125,#18126)),.UNSPECIFIED.,.F.,.T.,.F.)
B_SPLINE_SURFACE_WITH_KNOTS((6,3,3,6),(6,6),(0.,0.940773717495,1.88997553418,
2.84858090028),(0.,0.628318530718),.UNSPECIFIED.)
GEOMETRIC_REPRESENTATION_ITEM()
RATIONAL_B_SPLINE_SURFACE(((1.,0.2,0.2,0.2,0.2,1.),(1.,0.2,0.2,0.2,0.2,
1.),(1.,0.2,0.2,0.2,0.2,1.),(1.,0.2,0.2,0.2,0.2,1.),(1.,0.2,0.2,0.2,0.2,
1.),(1.,0.2,0.2,0.2,0.2,1.),(1.,0.2,0.2,0.2,0.2,1.),(1.,0.2,0.2,0.2,0.2,
1.),(1.,0.2,0.2,0.2,0.2,1.),(1.,0.2,0.2,0.2,0.2,1.),(1.,0.2,0.2,0.2,0.2,
1.),(1.,0.2,0.2,0.2,0.2,1.)))
REPRESENTATION_ITEM('')
SURFACE()
);
#32=(
BOUNDED_SURFACE()
B_SPLINE_SURFACE(5,5,((#18154,#18155,#18156,#18157,#18158,#18159),(#18160,
#18161,#18162,#18163,#18164,#18165),(#18166,#18167,#18168,#18169,#18170,
#18171),(#18172,#18173,#18174,#18175,#18176,#18177),(#18178,#18179,#18180,
#18181,#18182,#18183),(#18184,#18185,#18186,#18187,#18188,#18189),(#18190,
#18191,#18192,#18193,#18194,#18195),(#18196,#18197,#18198,#18199,#18200,
#18201),(#18202,#18203,#18204,#18205,#18206,#18207)),.UNSPECIFIED.,.F.,
 .T.,.F.)
B_SPLINE_SURFACE_WITH_KNOTS((6,3,6),(6,6),(0.,1.52185491867,2.89292459429),
(0.,0.628318530718),.UNSPECIFIED.)
GEOMETRIC_REPRESENTATION_ITEM()
RATIONAL_B_SPLINE_SURFACE(((1.,0.2,0.2,0.2,0.2,1.),(1.,0.2,0.2,0.2,0.2,
1.),(1.,0.2,0.2,0.2,0.2,1.),(1.,0.2,0.2,0.2,0.2,1.),(1.,0.2,0.2,0.2,0.2,
1.),(1.,0.2,0.2,0.2,0.2,1.),(1.,0.2,0.2,0.2,0.2,1.),(1.,0.2,0.2,0.2,0.2,
1.),(1.,0.2,0.2,0.2,0.2,1.)))
REPRESENTATION_ITEM('')
SURFACE()
);
#33=(
BOUNDED_SURFACE()
B_SPLINE_SURFACE(5,5,((#18229,#18230,#18231,#18232,#18233,#18234),(#18235,
#18236,#18237,#18238,#18239,#18240),(#18241,#18242,#18243,#18244,#18245,
#18246),(#18247,#18248,#18249,#18250,#18251,#18252),(#18253,#18254,#18255,
#18256,#18257,#18258),(#18259,#18260,#18261,#18262,#18263,#18264),(#18265,
#18266,#18267,#18268,#18269,#18270),(#18271,#18272,#18273,#18274,#18275,
#18276),(#18277,#18278,#18279,#18280,#18281,#18282)),.UNSPECIFIED.,.F.,
 .T.,.F.)
B_SPLINE_SURFACE_WITH_KNOTS((6,3,6),(6,6),(0.,1.62565007952,2.93490687153),
(0.,0.628318530718),.UNSPECIFIED.)
GEOMETRIC_REPRESENTATION_ITEM()
RATIONAL_B_SPLINE_SURFACE(((1.,0.2,0.2,0.2,0.2,1.),(1.,0.2,0.2,0.2,0.2,
1.),(1.,0.2,0.2,0.2,0.2,1.),(1.,0.2,0.2,0.2,0.2,1.),(1.,0.2,0.2,0.2,0.2,
1.),(1.,0.2,0.2,0.2,0.2,1.),(1.,0.2,0.2,0.2,0.2,1.),(1.,0.2,0.2,0.2,0.2,
1.),(1.,0.2,0.2,0.2,0.2,1.)))
REPRESENTATION_ITEM('')
SURFACE()
);
#34=(
BOUNDED_SURFACE()
B_SPLINE_SURFACE(5,5,((#18304,#18305,#18306,#18307,#18308,#18309),(#18310,
#18311,#18312,#18313,#18314,#18315),(#18316,#18317,#18318,#18319,#18320,
#18321),(#18322,#18323,#18324,#18325,#18326,#18327),(#18328,#18329,#18330,
#18331,#18332,#18333),(#18334,#18335,#18336,#18337,#18338,#18339),(#18340,
#18341,#18342,#18343,#18344,#18345),(#18346,#18347,#18348,#18349,#18350,
#18351),(#18352,#18353,#18354,#18355,#18356,#18357)),.UNSPECIFIED.,.F.,
 .T.,.F.)
B_SPLINE_SURFACE_WITH_KNOTS((6,3,6),(6,6),(0.,1.646884689,2.97046336841),
(0.,0.628318530718),.UNSPECIFIED.)
GEOMETRIC_REPRESENTATION_ITEM()
RATIONAL_B_SPLINE_SURFACE(((1.,0.2,0.2,0.2,0.2,1.),(1.,0.2,0.2,0.2,0.2,
1.),(1.,0.2,0.2,0.2,0.2,1.),(1.,0.2,0.2,0.2,0.2,1.),(1.,0.2,0.2,0.2,0.2,
1.),(1.,0.2,0.2,0.2,0.2,1.),(1.,0.2,0.2,0.2,0.2,1.),(1.,0.2,0.2,0.2,0.2,
1.),(1.,0.2,0.2,0.2,0.2,1.)))
REPRESENTATION_ITEM('')
SURFACE()
);
#35=(
BOUNDED_SURFACE()
B_SPLINE_SURFACE(5,5,((#18379,#18380,#18381,#18382,#18383,#18384),(#18385,
#18386,#18387,#18388,#18389,#18390),(#18391,#18392,#18393,#18394,#18395,
#18396),(#18397,#18398,#18399,#18400,#18401,#18402),(#18403,#18404,#18405,
#18406,#18407,#18408),(#18409,#18410,#18411,#18412,#18413,#18414),(#18415,
#18416,#18417,#18418,#18419,#18420),(#18421,#18422,#18423,#18424,#18425,
#18426),(#18427,#18428,#18429,#18430,#18431,#18432)),.UNSPECIFIED.,.F.,
 .T.,.F.)
B_SPLINE_SURFACE_WITH_KNOTS((6,3,6),(6,6),(0.,1.57954940326,2.99628521206),
(0.,0.628318530718),.UNSPECIFIED.)
GEOMETRIC_REPRESENTATION_ITEM()
RATIONAL_B_SPLINE_SURFACE(((1.,0.2,0.2,0.2,0.2,1.),(1.,0.2,0.2,0.2,0.2,
1.),(1.,0.2,0.2,0.2,0.2,1.),(1.,0.2,0.2,0.2,0.2,1.),(1.,0.2,0.2,0.2,0.2,
1.),(1.,0.2,0.2,0.2,0.2,1.),(1.,0.2,0.2,0.2,0.2,1.),(1.,0.2,0.2,0.2,0.2,
1.),(1.,0.2,0.2,0.2,0.2,1.)))
REPRESENTATION_ITEM('')
SURFACE()
);
#36=(
BOUNDED_SURFACE()
B_SPLINE_SURFACE(5,5,((#18454,#18455,#18456,#18457,#18458,#18459),(#18460,
#18461,#18462,#18463,#18464,#18465),(#18466,#18467,#18468,#18469,#18470,
#18471),(#18472,#18473,#18474,#18475,#18476,#18477),(#18478,#18479,#18480,
#18481,#18482,#18483),(#18484,#18485,#18486,#18487,#18488,#18489),(#18490,
#18491,#18492,#18493,#18494,#18495),(#18496,#18497,#18498,#18499,#18500,
#18501),(#18502,#18503,#18504,#18505,#18506,#18507)),.UNSPECIFIED.,.F.,
 .T.,.F.)
B_SPLINE_SURFACE_WITH_KNOTS((6,3,6),(6,6),(0.,1.55061343358,3.01715423978),
(0.,0.628318530718),.UNSPECIFIED.)
GEOMETRIC_REPRESENTATION_ITEM()
RATIONAL_B_SPLINE_SURFACE(((1.,0.2,0.2,0.2,0.2,1.),(1.,0.2,0.2,0.2,0.2,
1.),(1.,0.2,0.2,0.2,0.2,1.),(1.,0.2,0.2,0.2,0.2,1.),(1.,0.2,0.2,0.2,0.2,
1.),(1.,0.2,0.2,0.2,0.2,1.),(1.,0.2,0.2,0.2,0.2,1.),(1.,0.2,0.2,0.2,0.2,
1.),(1.,0.2,0.2,0.2,0.2,1.)))
REPRESENTATION_ITEM('')
SURFACE()
);
#37=(
BOUNDED_SURFACE()
B_SPLINE_SURFACE(5,5,((#18510,#18511,#18512,#18513,#18514,#18515),(#18516,
#18517,#18518,#18519,#18520,#18521),(#18522,#18523,#18524,#18525,#18526,
#18527),(#18528,#18529,#18530,#18531,#18532,#18533),(#18534,#18535,#18536,
#18537,#18538,#18539),(#18540,#18541,#18542,#18543,#18544,#18545),(#18546,
#18547,#18548,#18549,#18550,#18551),(#18552,#18553,#18554,#18555,#18556,
#18557),(#18558,#18559,#18560,#18561,#18562,#18563)),.UNSPECIFIED.,.F.,
 .T.,.F.)
B_SPLINE_SURFACE_WITH_KNOTS((6,3,6),(6,6),(0.,1.54962886743,3.01538007417),
(0.,0.628318530718),.UNSPECIFIED.)
GEOMETRIC_REPRESENTATION_ITEM()
RATIONAL_B_SPLINE_SURFACE(((1.,0.2,0.2,0.2,0.2,1.),(1.,0.2,0.2,0.2,0.2,
1.),(1.,0.2,0.2,0.2,0.2,1.),(1.,0.2,0.2,0.2,0.2,1.),(1.,0.2,0.2,0.2,0.2,
1.),(1.,0.2,0.2,0.2,0.2,1.),(1.,0.2,0.2,0.2,0.2,1.),(1.,0.2,0.2,0.2,0.2,
1.),(1.,0.2,0.2,0.2,0.2,1.)))
REPRESENTATION_ITEM('')
SURFACE()
);
#38=(
BOUNDED_SURFACE()
B_SPLINE_SURFACE(5,5,((#18565,#18566,#18567,#18568,#18569,#18570),(#18571,
#18572,#18573,#18574,#18575,#18576),(#18577,#18578,#18579,#18580,#18581,
#18582),(#18583,#18584,#18585,#18586,#18587,#18588),(#18589,#18590,#18591,
#18592,#18593,#18594),(#18595,#18596,#18597,#18598,#18599,#18600),(#18601,
#18602,#18603,#18604,#18605,#18606),(#18607,#18608,#18609,#18610,#18611,
#18612),(#18613,#18614,#18615,#18616,#18617,#18618)),.UNSPECIFIED.,.F.,
 .T.,.F.)
B_SPLINE_SURFACE_WITH_KNOTS((6,3,6),(6,6),(0.,1.59050780876,3.01068009867),
(0.,0.628318530718),.UNSPECIFIED.)
GEOMETRIC_REPRESENTATION_ITEM()
RATIONAL_B_SPLINE_SURFACE(((1.,0.2,0.2,0.2,0.2,1.),(1.,0.2,0.2,0.2,0.2,
1.),(1.,0.2,0.2,0.2,0.2,1.),(1.,0.2,0.2,0.2,0.2,1.),(1.,0.2,0.2,0.2,0.2,
1.),(1.,0.2,0.2,0.2,0.2,1.),(1.,0.2,0.2,0.2,0.2,1.),(1.,0.2,0.2,0.2,0.2,
1.),(1.,0.2,0.2,0.2,0.2,1.)))
REPRESENTATION_ITEM('')
SURFACE()
);
#39=(
BOUNDED_SURFACE()
B_SPLINE_SURFACE(5,5,((#18620,#18621,#18622,#18623,#18624,#18625),(#18626,
#18627,#18628,#18629,#18630,#18631),(#18632,#18633,#18634,#18635,#18636,
#18637),(#18638,#18639,#18640,#18641,#18642,#18643),(#18644,#18645,#18646,
#18647,#18648,#18649),(#18650,#18651,#18652,#18653,#18654,#18655),(#18656,
#18657,#18658,#18659,#18660,#18661),(#18662,#18663,#18664,#18665,#18666,
#18667),(#18668,#18669,#18670,#18671,#18672,#18673)),.UNSPECIFIED.,.F.,
 .T.,.F.)
B_SPLINE_SURFACE_WITH_KNOTS((6,3,6),(6,6),(0.,1.58526349519,2.99790141617),
(0.,0.628318530718),.UNSPECIFIED.)
GEOMETRIC_REPRESENTATION_ITEM()
RATIONAL_B_SPLINE_SURFACE(((1.,0.2,0.2,0.2,0.2,1.),(1.,0.2,0.2,0.2,0.2,
1.),(1.,0.2,0.2,0.2,0.2,1.),(1.,0.2,0.2,0.2,0.2,1.),(1.,0.2,0.2,0.2,0.2,
1.),(1.,0.2,0.2,0.2,0.2,1.),(1.,0.2,0.2,0.2,0.2,1.),(1.,0.2,0.2,0.2,0.2,
1.),(1.,0.2,0.2,0.2,0.2,1.)))
REPRESENTATION_ITEM('')
SURFACE()
);
#40=(
BOUNDED_SURFACE()
B_SPLINE_SURFACE(5,5,((#18675,#18676,#18677,#18678,#18679,#18680),(#18681,
#18682,#18683,#18684,#18685,#18686),(#18687,#18688,#18689,#18690,#18691,
#18692),(#18693,#18694,#18695,#18696,#18697,#18698),(#18699,#18700,#18701,
#18702,#18703,#18704),(#18705,#18706,#18707,#18708,#18709,#18710),(#18711,
#18712,#18713,#18714,#18715,#18716),(#18717,#18718,#18719,#18720,#18721,
#18722),(#18723,#18724,#18725,#18726,#18727,#18728)),.UNSPECIFIED.,.F.,
 .T.,.F.)
B_SPLINE_SURFACE_WITH_KNOTS((6,3,6),(6,6),(0.,1.65777073423,2.97475050995),
(0.,0.628318530718),.UNSPECIFIED.)
GEOMETRIC_REPRESENTATION_ITEM()
RATIONAL_B_SPLINE_SURFACE(((1.,0.2,0.2,0.2,0.2,1.),(1.,0.2,0.2,0.2,0.2,
1.),(1.,0.2,0.2,0.2,0.2,1.),(1.,0.2,0.2,0.2,0.2,1.),(1.,0.2,0.2,0.2,0.2,
1.),(1.,0.2,0.2,0.2,0.2,1.),(1.,0.2,0.2,0.2,0.2,1.),(1.,0.2,0.2,0.2,0.2,
1.),(1.,0.2,0.2,0.2,0.2,1.)))
REPRESENTATION_ITEM('')
SURFACE()
);
#41=(
BOUNDED_SURFACE()
B_SPLINE_SURFACE(5,5,((#18730,#18731,#18732,#18733,#18734,#18735),(#18736,
#18737,#18738,#18739,#18740,#18741),(#18742,#18743,#18744,#18745,#18746,
#18747),(#18748,#18749,#18750,#18751,#18752,#18753),(#18754,#18755,#18756,
#18757,#18758,#18759),(#18760,#18761,#18762,#18763,#18764,#18765),(#18766,
#18767,#18768,#18769,#18770,#18771),(#18772,#18773,#18774,#18775,#18776,
#18777),(#18778,#18779,#18780,#18781,#18782,#18783)),.UNSPECIFIED.,.F.,
 .T.,.F.)
B_SPLINE_SURFACE_WITH_KNOTS((6,3,6),(6,6),(0.,1.64029773286,2.94109908547),
(0.,0.628318530718),.UNSPECIFIED.)
GEOMETRIC_REPRESENTATION_ITEM()
RATIONAL_B_SPLINE_SURFACE(((1.,0.2,0.2,0.2,0.2,1.),(1.,0.2,0.2,0.2,0.2,
1.),(1.,0.2,0.2,0.2,0.2,1.),(1.,0.2,0.2,0.2,0.2,1.),(1.,0.2,0.2,0.2,0.2,
1.),(1.,0.2,0.2,0.2,0.2,1.),(1.,0.2,0.2,0.2,0.2,1.),(1.,0.2,0.2,0.2,0.2,
1.),(1.,0.2,0.2,0.2,0.2,1.)))
REPRESENTATION_ITEM('')
SURFACE()
);
#42=(
BOUNDED_SURFACE()
B_SPLINE_SURFACE(5,5,((#18785,#18786,#18787,#18788,#18789,#18790),(#18791,
#18792,#18793,#18794,#18795,#18796),(#18797,#18798,#18799,#18800,#18801,
#18802),(#18803,#18804,#18805,#18806,#18807,#18808),(#18809,#18810,#18811,
#18812,#18813,#18814),(#18815,#18816,#18817,#18818,#18819,#18820),(#18821,
#18822,#18823,#18824,#18825,#18826),(#18827,#18828,#18829,#18830,#18831,
#18832),(#18833,#18834,#18835,#18836,#18837,#18838)),.UNSPECIFIED.,.F.,
 .T.,.F.)
B_SPLINE_SURFACE_WITH_KNOTS((6,3,6),(6,6),(0.,1.53597167114,2.89918596907),
(0.,0.628318530718),.UNSPECIFIED.)
GEOMETRIC_REPRESENTATION_ITEM()
RATIONAL_B_SPLINE_SURFACE(((1.,0.2,0.2,0.2,0.2,1.),(1.,0.2,0.2,0.2,0.2,
1.),(1.,0.2,0.2,0.2,0.2,1.),(1.,0.2,0.2,0.2,0.2,1.),(1.,0.2,0.2,0.2,0.2,
1.),(1.,0.2,0.2,0.2,0.2,1.),(1.,0.2,0.2,0.2,0.2,1.),(1.,0.2,0.2,0.2,0.2,
1.),(1.,0.2,0.2,0.2,0.2,1.)))
REPRESENTATION_ITEM('')
SURFACE()
);
#43=(
BOUNDED_SURFACE()
B_SPLINE_SURFACE(5,5,((#18840,#18841,#18842,#18843,#18844,#18845),(#18846,
#18847,#18848,#18849,#18850,#18851),(#18852,#18853,#18854,#18855,#18856,
#18857),(#18858,#18859,#18860,#18861,#18862,#18863),(#18864,#18865,#18866,
#18867,#18868,#18869),(#18870,#18871,#18872,#18873,#18874,#18875),(#18876,
#18877,#18878,#18879,#18880,#18881),(#18882,#18883,#18884,#18885,#18886,
#18887),(#18888,#18889,#18890,#18891,#18892,#18893),(#18894,#18895,#18896,
#18897,#18898,#18899),(#18900,#18901,#18902,#18903,#18904,#18905),(#18906,
#18907,#18908,#18909,#18910,#18911)),.UNSPECIFIED.,.F.,.T.,.F.)
B_SPLINE_SURFACE_WITH_KNOTS((6,3,3,6),(6,6),(0.,0.969863704829,1.92086024448,
2.85420665774),(0.,0.628318530718),.UNSPECIFIED.)
GEOMETRIC_REPRESENTATION_ITEM()
RATIONAL_B_SPLINE_SURFACE(((1.,0.2,0.2,0.2,0.2,1.),(1.,0.2,0.2,0.2,0.2,
1.),(1.,0.2,0.2,0.2,0.2,1.),(1.,0.2,0.2,0.2,0.2,1.),(1.,0.2,0.2,0.2,0.2,
1.),(1.,0.2,0.2,0.2,0.2,1.),(1.,0.2,0.2,0.2,0.2,1.),(1.,0.2,0.2,0.2,0.2,
1.),(1.,0.2,0.2,0.2,0.2,1.),(1.,0.2,0.2,0.2,0.2,1.),(1.,0.2,0.2,0.2,0.2,
1.),(1.,0.2,0.2,0.2,0.2,1.)))
REPRESENTATION_ITEM('')
SURFACE()
);
#44=(
BOUNDED_SURFACE()
B_SPLINE_SURFACE(5,5,((#18913,#18914,#18915,#18916,#18917,#18918),(#18919,
#18920,#18921,#18922,#18923,#18924),(#18925,#18926,#18927,#18928,#18929,
#18930),(#18931,#18932,#18933,#18934,#18935,#18936),(#18937,#18938,#18939,
#18940,#18941,#18942),(#18943,#18944,#18945,#18946,#18947,#18948),(#18949,
#18950,#18951,#18952,#18953,#18954),(#18955,#18956,#18957,#18958,#18959,
#18960),(#18961,#18962,#18963,#18964,#18965,#18966),(#18967,#18968,#18969,
#18970,#18971,#18972),(#18973,#18974,#18975,#18976,#18977,#18978),(#18979,
#18980,#18981,#18982,#18983,#18984)),.UNSPECIFIED.,.F.,.T.,.F.)
B_SPLINE_SURFACE_WITH_KNOTS((6,3,3,6),(6,6),(0.,0.940233112365,1.88108429406,
2.82394391985),(0.,0.628318530718),.UNSPECIFIED.)
GEOMETRIC_REPRESENTATION_ITEM()
RATIONAL_B_SPLINE_SURFACE(((1.,0.2,0.2,0.2,0.2,1.),(1.,0.2,0.2,0.2,0.2,
1.),(1.,0.2,0.2,0.2,0.2,1.),(1.,0.2,0.2,0.2,0.2,1.),(1.,0.2,0.2,0.2,0.2,
1.),(1.,0.2,0.2,0.2,0.2,1.),(1.,0.2,0.2,0.2,0.2,1.),(1.,0.2,0.2,0.2,0.2,
1.),(1.,0.2,0.2,0.2,0.2,1.),(1.,0.2,0.2,0.2,0.2,1.),(1.,0.2,0.2,0.2,0.2,
1.),(1.,0.2,0.2,0.2,0.2,1.)))
REPRESENTATION_ITEM('')
SURFACE()
);
#45=(
BOUNDED_SURFACE()
B_SPLINE_SURFACE(5,5,((#18986,#18987,#18988,#18989,#18990,#18991),(#18992,
#18993,#18994,#18995,#18996,#18997),(#18998,#18999,#19000,#19001,#19002,
#19003),(#19004,#19005,#19006,#19007,#19008,#19009),(#19010,#19011,#19012,
#19013,#19014,#19015),(#19016,#19017,#19018,#19019,#19020,#19021),(#19022,
#19023,#19024,#19025,#19026,#19027),(#19028,#19029,#19030,#19031,#19032,
#19033),(#19034,#19035,#19036,#19037,#19038,#19039),(#19040,#19041,#19042,
#19043,#19044,#19045),(#19046,#19047,#19048,#19049,#19050,#19051),(#19052,
#19053,#19054,#19055,#19056,#19057)),.UNSPECIFIED.,.F.,.T.,.F.)
B_SPLINE_SURFACE_WITH_KNOTS((6,3,3,6),(6,6),(0.,0.917926820616,1.85440724238,
2.81181143529),(0.,0.628318530718),.UNSPECIFIED.)
GEOMETRIC_REPRESENTATION_ITEM()
RATIONAL_B_SPLINE_SURFACE(((1.,0.2,0.2,0.2,0.2,1.),(1.,0.2,0.2,0.2,0.2,
1.),(1.,0.2,0.2,0.2,0.2,1.),(1.,0.2,0.2,0.2,0.2,1.),(1.,0.2,0.2,0.2,0.2,
1.),(1.,0.2,0.2,0.2,0.2,1.),(1.,0.2,0.2,0.2,0.2,1.),(1.,0.2,0.2,0.2,0.2,
1.),(1.,0.2,0.2,0.2,0.2,1.),(1.,0.2,0.2,0.2,0.2,1.),(1.,0.2,0.2,0.2,0.2,
1.),(1.,0.2,0.2,0.2,0.2,1.)))
REPRESENTATION_ITEM('')
SURFACE()
);
#46=(
BOUNDED_SURFACE()
B_SPLINE_SURFACE(5,5,((#19059,#19060,#19061,#19062,#19063,#19064),(#19065,
#19066,#19067,#19068,#19069,#19070),(#19071,#19072,#19073,#19074,#19075,
#19076),(#19077,#19078,#19079,#19080,#19081,#19082),(#19083,#19084,#19085,
#19086,#19087,#19088),(#19089,#19090,#19091,#19092,#19093,#19094),(#19095,
#19096,#19097,#19098,#19099,#19100),(#19101,#19102,#19103,#19104,#19105,
#19106),(#19107,#19108,#19109,#19110,#19111,#19112),(#19113,#19114,#19115,
#19116,#19117,#19118),(#19119,#19120,#19121,#19122,#19123,#19124),(#19125,
#19126,#19127,#19128,#19129,#19130)),.UNSPECIFIED.,.F.,.T.,.F.)
B_SPLINE_SURFACE_WITH_KNOTS((6,3,3,6),(6,6),(0.,0.933636387937,1.87334326657,
2.82064386192),(0.,0.628318530718),.UNSPECIFIED.)
GEOMETRIC_REPRESENTATION_ITEM()
RATIONAL_B_SPLINE_SURFACE(((1.,0.2,0.2,0.2,0.2,1.),(1.,0.2,0.2,0.2,0.2,
1.),(1.,0.2,0.2,0.2,0.2,1.),(1.,0.2,0.2,0.2,0.2,1.),(1.,0.2,0.2,0.2,0.2,
1.),(1.,0.2,0.2,0.2,0.2,1.),(1.,0.2,0.2,0.2,0.2,1.),(1.,0.2,0.2,0.2,0.2,
1.),(1.,0.2,0.2,0.2,0.2,1.),(1.,0.2,0.2,0.2,0.2,1.),(1.,0.2,0.2,0.2,0.2,
1.),(1.,0.2,0.2,0.2,0.2,1.)))
REPRESENTATION_ITEM('')
SURFACE()
);
#47=(
BOUNDED_SURFACE()
B_SPLINE_SURFACE(5,5,((#19132,#19133,#19134,#19135,#19136,#19137),(#19138,
#19139,#19140,#19141,#19142,#19143),(#19144,#19145,#19146,#19147,#19148,
#19149),(#19150,#19151,#19152,#19153,#19154,#19155),(#19156,#19157,#19158,
#19159,#19160,#19161),(#19162,#19163,#19164,#19165,#19166,#19167),(#19168,
#19169,#19170,#19171,#19172,#19173),(#19174,#19175,#19176,#19177,#19178,
#19179),(#19180,#19181,#19182,#19183,#19184,#19185),(#19186,#19187,#19188,
#19189,#19190,#19191),(#19192,#19193,#19194,#19195,#19196,#19197),(#19198,
#19199,#19200,#19201,#19202,#19203)),.UNSPECIFIED.,.F.,.T.,.F.)
B_SPLINE_SURFACE_WITH_KNOTS((6,3,3,6),(6,6),(0.,0.940773717495,1.88997553418,
2.84858090028),(0.,0.628318530718),.UNSPECIFIED.)
GEOMETRIC_REPRESENTATION_ITEM()
RATIONAL_B_SPLINE_SURFACE(((1.,0.2,0.2,0.2,0.2,1.),(1.,0.2,0.2,0.2,0.2,
1.),(1.,0.2,0.2,0.2,0.2,1.),(1.,0.2,0.2,0.2,0.2,1.),(1.,0.2,0.2,0.2,0.2,
1.),(1.,0.2,0.2,0.2,0.2,1.),(1.,0.2,0.2,0.2,0.2,1.),(1.,0.2,0.2,0.2,0.2,
1.),(1.,0.2,0.2,0.2,0.2,1.),(1.,0.2,0.2,0.2,0.2,1.),(1.,0.2,0.2,0.2,0.2,
1.),(1.,0.2,0.2,0.2,0.2,1.)))
REPRESENTATION_ITEM('')
SURFACE()
);
#48=(
BOUNDED_SURFACE()
B_SPLINE_SURFACE(5,5,((#19205,#19206,#19207,#19208,#19209,#19210),(#19211,
#19212,#19213,#19214,#19215,#19216),(#19217,#19218,#19219,#19220,#19221,
#19222),(#19223,#19224,#19225,#19226,#19227,#19228),(#19229,#19230,#19231,
#19232,#19233,#19234),(#19235,#19236,#19237,#19238,#19239,#19240),(#19241,
#19242,#19243,#19244,#19245,#19246),(#19247,#19248,#19249,#19250,#19251,
#19252),(#19253,#19254,#19255,#19256,#19257,#19258)),.UNSPECIFIED.,.F.,
 .T.,.F.)
B_SPLINE_SURFACE_WITH_KNOTS((6,3,6),(6,6),(0.,1.52185491867,2.89292459429),
(0.,0.628318530718),.UNSPECIFIED.)
GEOMETRIC_REPRESENTATION_ITEM()
RATIONAL_B_SPLINE_SURFACE(((1.,0.2,0.2,0.2,0.2,1.),(1.,0.2,0.2,0.2,0.2,
1.),(1.,0.2,0.2,0.2,0.2,1.),(1.,0.2,0.2,0.2,0.2,1.),(1.,0.2,0.2,0.2,0.2,
1.),(1.,0.2,0.2,0.2,0.2,1.),(1.,0.2,0.2,0.2,0.2,1.),(1.,0.2,0.2,0.2,0.2,
1.),(1.,0.2,0.2,0.2,0.2,1.)))
REPRESENTATION_ITEM('')
SURFACE()
);
#49=(
BOUNDED_SURFACE()
B_SPLINE_SURFACE(5,5,((#19260,#19261,#19262,#19263,#19264,#19265),(#19266,
#19267,#19268,#19269,#19270,#19271),(#19272,#19273,#19274,#19275,#19276,
#19277),(#19278,#19279,#19280,#19281,#19282,#19283),(#19284,#19285,#19286,
#19287,#19288,#19289),(#19290,#19291,#19292,#19293,#19294,#19295),(#19296,
#19297,#19298,#19299,#19300,#19301),(#19302,#19303,#19304,#19305,#19306,
#19307),(#19308,#19309,#19310,#19311,#19312,#19313)),.UNSPECIFIED.,.F.,
 .T.,.F.)
B_SPLINE_SURFACE_WITH_KNOTS((6,3,6),(6,6),(0.,1.62565007952,2.93490687153),
(0.,0.628318530718),.UNSPECIFIED.)
GEOMETRIC_REPRESENTATION_ITEM()
RATIONAL_B_SPLINE_SURFACE(((1.,0.2,0.2,0.2,0.2,1.),(1.,0.2,0.2,0.2,0.2,
1.),(1.,0.2,0.2,0.2,0.2,1.),(1.,0.2,0.2,0.2,0.2,1.),(1.,0.2,0.2,0.2,0.2,
1.),(1.,0.2,0.2,0.2,0.2,1.),(1.,0.2,0.2,0.2,0.2,1.),(1.,0.2,0.2,0.2,0.2,
1.),(1.,0.2,0.2,0.2,0.2,1.)))
REPRESENTATION_ITEM('')
SURFACE()
);
#50=(
BOUNDED_SURFACE()
B_SPLINE_SURFACE(5,5,((#19315,#19316,#19317,#19318,#19319,#19320),(#19321,
#19322,#19323,#19324,#19325,#19326),(#19327,#19328,#19329,#19330,#19331,
#19332),(#19333,#19334,#19335,#19336,#19337,#19338),(#19339,#19340,#19341,
#19342,#19343,#19344),(#19345,#19346,#19347,#19348,#19349,#19350),(#19351,
#19352,#19353,#19354,#19355,#19356),(#19357,#19358,#19359,#19360,#19361,
#19362),(#19363,#19364,#19365,#19366,#19367,#19368)),.UNSPECIFIED.,.F.,
 .T.,.F.)
B_SPLINE_SURFACE_WITH_KNOTS((6,3,6),(6,6),(0.,1.646884689,2.97046336841),
(0.,0.628318530718),.UNSPECIFIED.)
GEOMETRIC_REPRESENTATION_ITEM()
RATIONAL_B_SPLINE_SURFACE(((1.,0.2,0.2,0.2,0.2,1.),(1.,0.2,0.2,0.2,0.2,
1.),(1.,0.2,0.2,0.2,0.2,1.),(1.,0.2,0.2,0.2,0.2,1.),(1.,0.2,0.2,0.2,0.2,
1.),(1.,0.2,0.2,0.2,0.2,1.),(1.,0.2,0.2,0.2,0.2,1.),(1.,0.2,0.2,0.2,0.2,
1.),(1.,0.2,0.2,0.2,0.2,1.)))
REPRESENTATION_ITEM('')
SURFACE()
);
#51=(
BOUNDED_SURFACE()
B_SPLINE_SURFACE(5,5,((#19370,#19371,#19372,#19373,#19374,#19375),(#19376,
#19377,#19378,#19379,#19380,#19381),(#19382,#19383,#19384,#19385,#19386,
#19387),(#19388,#19389,#19390,#19391,#19392,#19393),(#19394,#19395,#19396,
#19397,#19398,#19399),(#19400,#19401,#19402,#19403,#19404,#19405),(#19406,
#19407,#19408,#19409,#19410,#19411),(#19412,#19413,#19414,#19415,#19416,
#19417),(#19418,#19419,#19420,#19421,#19422,#19423)),.UNSPECIFIED.,.F.,
 .T.,.F.)
B_SPLINE_SURFACE_WITH_KNOTS((6,3,6),(6,6),(0.,1.57954940326,2.99628521206),
(0.,0.628318530718),.UNSPECIFIED.)
GEOMETRIC_REPRESENTATION_ITEM()
RATIONAL_B_SPLINE_SURFACE(((1.,0.2,0.2,0.2,0.2,1.),(1.,0.2,0.2,0.2,0.2,
1.),(1.,0.2,0.2,0.2,0.2,1.),(1.,0.2,0.2,0.2,0.2,1.),(1.,0.2,0.2,0.2,0.2,
1.),(1.,0.2,0.2,0.2,0.2,1.),(1.,0.2,0.2,0.2,0.2,1.),(1.,0.2,0.2,0.2,0.2,
1.),(1.,0.2,0.2,0.2,0.2,1.)))
REPRESENTATION_ITEM('')
SURFACE()
);
#52=ELLIPSE('',#11053,1.414213562373,1.);
#53=ELLIPSE('',#11055,1.414213562373,1.);
#54=ELLIPSE('',#11211,0.874642784227,0.75);
#55=(
BOUNDED_CURVE()
B_SPLINE_CURVE(2,(#15766,#15767,#15768),.UNSPECIFIED.,.F.,.F.)
B_SPLINE_CURVE_WITH_KNOTS((3,3),(-0.224216686217,-0.11586373909),
 .UNSPECIFIED.)
CURVE()
GEOMETRIC_REPRESENTATION_ITEM()
RATIONAL_B_SPLINE_CURVE((1.180394159019,1.18410475101694,1.142101317114))
REPRESENTATION_ITEM('')
);
#56=(
BOUNDED_CURVE()
B_SPLINE_CURVE(2,(#15769,#15770,#15771),.UNSPECIFIED.,.F.,.F.)
B_SPLINE_CURVE_WITH_KNOTS((3,3),(0.206626742173,0.314979671993),
 .UNSPECIFIED.)
CURVE()
GEOMETRIC_REPRESENTATION_ITEM()
RATIONAL_B_SPLINE_CURVE((1.180394159009,1.184104750417,1.142101330529))
REPRESENTATION_ITEM('')
);
#57=(
BOUNDED_CURVE()
B_SPLINE_CURVE(2,(#15840,#15841,#15842),.UNSPECIFIED.,.F.,.F.)
B_SPLINE_CURVE_WITH_KNOTS((3,3),(-0.224216686216,-0.115863694702),
 .UNSPECIFIED.)
CURVE()
GEOMETRIC_REPRESENTATION_ITEM()
RATIONAL_B_SPLINE_CURVE((1.18039415902,1.18410475253917,1.1421012827))
REPRESENTATION_ITEM('')
);
#58=(
BOUNDED_CURVE()
B_SPLINE_CURVE(2,(#15843,#15844,#15845),.UNSPECIFIED.,.F.,.F.)
B_SPLINE_CURVE_WITH_KNOTS((3,3),(0.206626742181,0.314979635863),
 .UNSPECIFIED.)
CURVE()
GEOMETRIC_REPRESENTATION_ITEM()
RATIONAL_B_SPLINE_CURVE((1.18039415902,1.184104749188,1.14210135855))
REPRESENTATION_ITEM('')
);
#59=CONICAL_SURFACE('',#11028,1.,0.174532925199);
#60=CONICAL_SURFACE('',#11038,1.,0.174532925199);
#61=B_SPLINE_CURVE_WITH_KNOTS('',3,(#15748,#15749,#15750,#15751,#15752,
#15753),.UNSPECIFIED.,.F.,.F.,(4,2,4),(-0.0174845509837815,-0.00874228967521858,
-1.76529051792995E-10),.UNSPECIFIED.);
#62=B_SPLINE_CURVE_WITH_KNOTS('',3,(#15756,#15757,#15758,#15759,#15760,
#15761),.UNSPECIFIED.,.F.,.F.,(4,2,4),(0.,0.00874204130396675,0.0174841109156447),
 .UNSPECIFIED.);
#63=B_SPLINE_CURVE_WITH_KNOTS('',3,(#15822,#15823,#15824,#15825,#15826,
#15827),.UNSPECIFIED.,.F.,.F.,(4,2,4),(0.,0.0087420400800201,0.0174841082445356),
 .UNSPECIFIED.);
#64=B_SPLINE_CURVE_WITH_KNOTS('',3,(#15830,#15831,#15832,#15833,#15834,
#15835),.UNSPECIFIED.,.F.,.F.,(4,2,4),(-0.0174845511277516,-0.00874229008173355,
-5.18744699973261E-10),.UNSPECIFIED.);
#65=B_SPLINE_CURVE_WITH_KNOTS('',5,(#17189,#17190,#17191,#17192,#17193,
#17194,#17195,#17196,#17197),.UNSPECIFIED.,.F.,.F.,(6,3,6),(0.,1.55061343358,
3.01715423978),.UNSPECIFIED.);
#66=B_SPLINE_CURVE_WITH_KNOTS('',5,(#17200,#17201,#17202,#17203,#17204,
#17205,#17206,#17207,#17208),.UNSPECIFIED.,.F.,.F.,(6,3,6),(0.,1.55061343358,
3.01715423978),.UNSPECIFIED.);
#67=B_SPLINE_CURVE_WITH_KNOTS('',5,(#17266,#17267,#17268,#17269,#17270,
#17271,#17272,#17273,#17274),.UNSPECIFIED.,.F.,.F.,(6,3,6),(0.,1.54962886743,
3.01538007417),.UNSPECIFIED.);
#68=B_SPLINE_CURVE_WITH_KNOTS('',5,(#17275,#17276,#17277,#17278,#17279,
#17280,#17281,#17282,#17283),.UNSPECIFIED.,.F.,.F.,(6,3,6),(0.,1.54962886743,
3.01538007417),.UNSPECIFIED.);
#69=B_SPLINE_CURVE_WITH_KNOTS('',5,(#17341,#17342,#17343,#17344,#17345,
#17346,#17347,#17348,#17349),.UNSPECIFIED.,.F.,.F.,(6,3,6),(0.,1.59050780876,
3.01068009867),.UNSPECIFIED.);
#70=B_SPLINE_CURVE_WITH_KNOTS('',5,(#17350,#17351,#17352,#17353,#17354,
#17355,#17356,#17357,#17358),.UNSPECIFIED.,.F.,.F.,(6,3,6),(0.,1.59050780876,
3.01068009867),.UNSPECIFIED.);
#71=B_SPLINE_CURVE_WITH_KNOTS('',5,(#17416,#17417,#17418,#17419,#17420,
#17421,#17422,#17423,#17424),.UNSPECIFIED.,.F.,.F.,(6,3,6),(0.,1.58526349519,
2.99790141617),.UNSPECIFIED.);
#72=B_SPLINE_CURVE_WITH_KNOTS('',5,(#17425,#17426,#17427,#17428,#17429,
#17430,#17431,#17432,#17433),.UNSPECIFIED.,.F.,.F.,(6,3,6),(0.,1.58526349519,
2.99790141617),.UNSPECIFIED.);
#73=B_SPLINE_CURVE_WITH_KNOTS('',5,(#17491,#17492,#17493,#17494,#17495,
#17496,#17497,#17498,#17499),.UNSPECIFIED.,.F.,.F.,(6,3,6),(0.,1.65777073423,
2.97475050995),.UNSPECIFIED.);
#74=B_SPLINE_CURVE_WITH_KNOTS('',5,(#17500,#17501,#17502,#17503,#17504,
#17505,#17506,#17507,#17508),.UNSPECIFIED.,.F.,.F.,(6,3,6),(0.,1.65777073423,
2.97475050995),.UNSPECIFIED.);
#75=B_SPLINE_CURVE_WITH_KNOTS('',5,(#17566,#17567,#17568,#17569,#17570,
#17571,#17572,#17573,#17574),.UNSPECIFIED.,.F.,.F.,(6,3,6),(0.,1.64029773286,
2.94109908547),.UNSPECIFIED.);
#76=B_SPLINE_CURVE_WITH_KNOTS('',5,(#17575,#17576,#17577,#17578,#17579,
#17580,#17581,#17582,#17583),.UNSPECIFIED.,.F.,.F.,(6,3,6),(0.,1.64029773286,
2.94109908547),.UNSPECIFIED.);
#77=B_SPLINE_CURVE_WITH_KNOTS('',5,(#17641,#17642,#17643,#17644,#17645,
#17646,#17647,#17648,#17649),.UNSPECIFIED.,.F.,.F.,(6,3,6),(0.,1.53597167114,
2.89918596907),.UNSPECIFIED.);
#78=B_SPLINE_CURVE_WITH_KNOTS('',5,(#17650,#17651,#17652,#17653,#17654,
#17655,#17656,#17657,#17658),.UNSPECIFIED.,.F.,.F.,(6,3,6),(0.,1.53597167114,
2.89918596907),.UNSPECIFIED.);
#79=B_SPLINE_CURVE_WITH_KNOTS('',5,(#17734,#17735,#17736,#17737,#17738,
#17739,#17740,#17741,#17742,#17743,#17744,#17745),.UNSPECIFIED.,.F.,.F.,
(6,3,3,6),(0.,0.969863704829,1.92086024448,2.85420665774),.UNSPECIFIED.);
#80=B_SPLINE_CURVE_WITH_KNOTS('',5,(#17746,#17747,#17748,#17749,#17750,
#17751,#17752,#17753,#17754,#17755,#17756,#17757),.UNSPECIFIED.,.F.,.F.,
(6,3,3,6),(0.,0.969863704829,1.92086024448,2.85420665774),.UNSPECIFIED.);
#81=B_SPLINE_CURVE_WITH_KNOTS('',5,(#17833,#17834,#17835,#17836,#17837,
#17838,#17839,#17840,#17841,#17842,#17843,#17844),.UNSPECIFIED.,.F.,.F.,
(6,3,3,6),(0.,0.940233112365,1.88108429406,2.82394391985),.UNSPECIFIED.);
#82=B_SPLINE_CURVE_WITH_KNOTS('',5,(#17845,#17846,#17847,#17848,#17849,
#17850,#17851,#17852,#17853,#17854,#17855,#17856),.UNSPECIFIED.,.F.,.F.,
(6,3,3,6),(0.,0.940233112365,1.88108429406,2.82394391985),.UNSPECIFIED.);
#83=B_SPLINE_CURVE_WITH_KNOTS('',5,(#17932,#17933,#17934,#17935,#17936,
#17937,#17938,#17939,#17940,#17941,#17942,#17943),.UNSPECIFIED.,.F.,.F.,
(6,3,3,6),(0.,0.917926820616,1.85440724238,2.81181143529),.UNSPECIFIED.);
#84=B_SPLINE_CURVE_WITH_KNOTS('',5,(#17944,#17945,#17946,#17947,#17948,
#17949,#17950,#17951,#17952,#17953,#17954,#17955),.UNSPECIFIED.,.F.,.F.,
(6,3,3,6),(0.,0.917926820616,1.85440724238,2.81181143529),.UNSPECIFIED.);
#85=B_SPLINE_CURVE_WITH_KNOTS('',5,(#18031,#18032,#18033,#18034,#18035,
#18036,#18037,#18038,#18039,#18040,#18041,#18042),.UNSPECIFIED.,.F.,.F.,
(6,3,3,6),(0.,0.933636387937,1.87334326657,2.82064386192),.UNSPECIFIED.);
#86=B_SPLINE_CURVE_WITH_KNOTS('',5,(#18043,#18044,#18045,#18046,#18047,
#18048,#18049,#18050,#18051,#18052,#18053,#18054),.UNSPECIFIED.,.F.,.F.,
(6,3,3,6),(0.,0.933636387937,1.87334326657,2.82064386192),.UNSPECIFIED.);
#87=B_SPLINE_CURVE_WITH_KNOTS('',5,(#18130,#18131,#18132,#18133,#18134,
#18135,#18136,#18137,#18138,#18139,#18140,#18141),.UNSPECIFIED.,.F.,.F.,
(6,3,3,6),(0.,0.940773717495,1.88997553418,2.84858090028),.UNSPECIFIED.);
#88=B_SPLINE_CURVE_WITH_KNOTS('',5,(#18142,#18143,#18144,#18145,#18146,
#18147,#18148,#18149,#18150,#18151,#18152,#18153),.UNSPECIFIED.,.F.,.F.,
(6,3,3,6),(0.,0.940773717495,1.88997553418,2.84858090028),.UNSPECIFIED.);
#89=B_SPLINE_CURVE_WITH_KNOTS('',5,(#18211,#18212,#18213,#18214,#18215,
#18216,#18217,#18218,#18219),.UNSPECIFIED.,.F.,.F.,(6,3,6),(0.,1.52185491867,
2.89292459429),.UNSPECIFIED.);
#90=B_SPLINE_CURVE_WITH_KNOTS('',5,(#18220,#18221,#18222,#18223,#18224,
#18225,#18226,#18227,#18228),.UNSPECIFIED.,.F.,.F.,(6,3,6),(0.,1.52185491867,
2.89292459429),.UNSPECIFIED.);
#91=B_SPLINE_CURVE_WITH_KNOTS('',5,(#18286,#18287,#18288,#18289,#18290,
#18291,#18292,#18293,#18294),.UNSPECIFIED.,.F.,.F.,(6,3,6),(0.,1.62565007952,
2.93490687153),.UNSPECIFIED.);
#92=B_SPLINE_CURVE_WITH_KNOTS('',5,(#18295,#18296,#18297,#18298,#18299,
#18300,#18301,#18302,#18303),.UNSPECIFIED.,.F.,.F.,(6,3,6),(0.,1.62565007952,
2.93490687153),.UNSPECIFIED.);
#93=B_SPLINE_CURVE_WITH_KNOTS('',5,(#18361,#18362,#18363,#18364,#18365,
#18366,#18367,#18368,#18369),.UNSPECIFIED.,.F.,.F.,(6,3,6),(0.,1.646884689,
2.97046336841),.UNSPECIFIED.);
#94=B_SPLINE_CURVE_WITH_KNOTS('',5,(#18370,#18371,#18372,#18373,#18374,
#18375,#18376,#18377,#18378),.UNSPECIFIED.,.F.,.F.,(6,3,6),(0.,1.646884689,
2.97046336841),.UNSPECIFIED.);
#95=B_SPLINE_CURVE_WITH_KNOTS('',5,(#18436,#18437,#18438,#18439,#18440,
#18441,#18442,#18443,#18444),.UNSPECIFIED.,.F.,.F.,(6,3,6),(0.,1.57954940326,
2.99628521206),.UNSPECIFIED.);
#96=B_SPLINE_CURVE_WITH_KNOTS('',5,(#18445,#18446,#18447,#18448,#18449,
#18450,#18451,#18452,#18453),.UNSPECIFIED.,.F.,.F.,(6,3,6),(0.,1.57954940326,
2.99628521206),.UNSPECIFIED.);
#97=B_SPLINE_SURFACE_WITH_KNOTS('',5,2,((#15720,#15721,#15722),(#15723,
#15724,#15725),(#15726,#15727,#15728),(#15729,#15730,#15731),(#15732,#15733,
#15734),(#15735,#15736,#15737),(#15738,#15739,#15740),(#15741,#15742,#15743),
(#15744,#15745,#15746)),.UNSPECIFIED.,.F.,.F.,.F.,(6,3,6),(3,3),(44.3168891925,
157.291642036,270.357054866),(0.,1.),.UNSPECIFIED.);
#98=B_SPLINE_SURFACE_WITH_KNOTS('',5,2,((#15794,#15795,#15796),(#15797,
#15798,#15799),(#15800,#15801,#15802),(#15803,#15804,#15805),(#15806,#15807,
#15808),(#15809,#15810,#15811),(#15812,#15813,#15814),(#15815,#15816,#15817),
(#15818,#15819,#15820)),.UNSPECIFIED.,.F.,.F.,.F.,(6,3,6),(3,3),(44.3274011108,
176.298114363,270.445374205),(0.,1.),.UNSPECIFIED.);
#99=STYLED_ITEM('',(#10673),#112);
#100=STYLED_ITEM('',(#10674),#113);
#101=STYLED_ITEM('',(#10675),#114);
#102=STYLED_ITEM('',(#10675),#115);
#103=STYLED_ITEM('',(#10675),#116);
#104=STYLED_ITEM('',(#10675),#117);
#105=STYLED_ITEM('',(#10675),#118);
#106=STYLED_ITEM('',(#10675),#119);
#107=STYLED_ITEM('',(#10676),#120);
#108=STYLED_ITEM('',(#10677),#121);
#109=STYLED_ITEM('',(#10677),#122);
#110=STYLED_ITEM('',(#10675),#123);
#111=STYLED_ITEM('',(#10677),#124);
#112=MANIFOLD_SOLID_BREP('\X2\04220432043504400434043E0435\X0\ \X2\04420435043B043E\X0\1',
#10647);
#113=MANIFOLD_SOLID_BREP('\X2\04220432043504400434043E0435\X0\ \X2\04420435043B043E\X0\2',
#10648);
#114=MANIFOLD_SOLID_BREP('\X2\04220432043504400434043E0435\X0\ \X2\04420435043B043E\X0\3',
#10649);
#115=MANIFOLD_SOLID_BREP('\X2\04220432043504400434043E0435\X0\ \X2\04420435043B043E\X0\4',
#10650);
#116=MANIFOLD_SOLID_BREP('\X2\04220432043504400434043E0435\X0\ \X2\04420435043B043E\X0\5',
#10651);
#117=MANIFOLD_SOLID_BREP('\X2\04220432043504400434043E0435\X0\ \X2\04420435043B043E\X0\6',
#10652);
#118=MANIFOLD_SOLID_BREP('\X2\04220432043504400434043E0435\X0\ \X2\04420435043B043E\X0\7',
#10653);
#119=MANIFOLD_SOLID_BREP('\X2\04220432043504400434043E0435\X0\ \X2\04420435043B043E\X0\8',
#10654);
#120=MANIFOLD_SOLID_BREP('\X2\04220432043504400434043E0435\X0\ \X2\04420435043B043E\X0\9',
#10655);
#121=MANIFOLD_SOLID_BREP('\X2\04220432043504400434043E0435\X0\ \X2\04420435043B043E\X0\1
0',#10656);
#122=MANIFOLD_SOLID_BREP('\X2\04220432043504400434043E0435\X0\ \X2\04420435043B043E\X0\1
1',#10657);
#123=MANIFOLD_SOLID_BREP('\X2\04220432043504400434043E0435\X0\ \X2\04420435043B043E\X0\1
2',#10658);
#124=MANIFOLD_SOLID_BREP('\X2\04220432043504400434043E0435\X0\ \X2\04420435043B043E\X0\1
3',#10659);
#125=SPHERICAL_SURFACE('',#10830,0.5);
#126=SPHERICAL_SURFACE('',#10831,0.5);
#127=SPHERICAL_SURFACE('',#10832,0.5);
#128=SPHERICAL_SURFACE('',#10833,0.5);
#129=CYLINDRICAL_SURFACE('',#10775,0.74);
#130=CYLINDRICAL_SURFACE('',#10778,0.74);
#131=CYLINDRICAL_SURFACE('',#10797,0.74);
#132=CYLINDRICAL_SURFACE('',#10800,0.74);
#133=CYLINDRICAL_SURFACE('',#10808,0.5);
#134=CYLINDRICAL_SURFACE('',#10811,0.5);
#135=CYLINDRICAL_SURFACE('',#10814,0.5);
#136=CYLINDRICAL_SURFACE('',#10816,0.5);
#137=CYLINDRICAL_SURFACE('',#10818,0.5);
#138=CYLINDRICAL_SURFACE('',#10821,0.5);
#139=CYLINDRICAL_SURFACE('',#10824,0.5);
#140=CYLINDRICAL_SURFACE('',#10827,0.5);
#141=CYLINDRICAL_SURFACE('',#10872,0.5);
#142=CYLINDRICAL_SURFACE('',#10874,0.5);
#143=CYLINDRICAL_SURFACE('',#10880,0.5);
#144=CYLINDRICAL_SURFACE('',#10882,0.5);
#145=CYLINDRICAL_SURFACE('',#11025,0.7);
#146=CYLINDRICAL_SURFACE('',#11035,0.7);
#147=CYLINDRICAL_SURFACE('',#11050,0.2);
#148=CYLINDRICAL_SURFACE('',#11052,1.);
#149=CYLINDRICAL_SURFACE('',#11054,1.);
#150=CYLINDRICAL_SURFACE('',#11056,1.);
#151=CYLINDRICAL_SURFACE('',#11060,0.3);
#152=CYLINDRICAL_SURFACE('',#11072,0.3);
#153=CYLINDRICAL_SURFACE('',#11085,0.3);
#154=CYLINDRICAL_SURFACE('',#11095,0.3);
#155=CYLINDRICAL_SURFACE('',#11105,0.3);
#156=CYLINDRICAL_SURFACE('',#11115,0.3);
#157=CYLINDRICAL_SURFACE('',#11130,0.18);
#158=CYLINDRICAL_SURFACE('',#11143,0.18);
#159=CYLINDRICAL_SURFACE('',#11145,0.2);
#160=CYLINDRICAL_SURFACE('',#11157,0.2);
#161=CYLINDRICAL_SURFACE('',#11161,0.18);
#162=CYLINDRICAL_SURFACE('',#11165,0.2);
#163=CYLINDRICAL_SURFACE('',#11175,0.2);
#164=CYLINDRICAL_SURFACE('',#11176,0.2);
#165=CYLINDRICAL_SURFACE('',#11179,0.3);
#166=CYLINDRICAL_SURFACE('',#11182,0.3);
#167=CYLINDRICAL_SURFACE('',#11186,0.3);
#168=CYLINDRICAL_SURFACE('',#11189,0.3);
#169=CYLINDRICAL_SURFACE('',#11192,0.2);
#170=CYLINDRICAL_SURFACE('',#11195,0.25);
#171=CYLINDRICAL_SURFACE('',#11200,0.25);
#172=CYLINDRICAL_SURFACE('',#11203,0.18);
#173=CYLINDRICAL_SURFACE('',#11210,0.75);
#174=CYLINDRICAL_SURFACE('',#11228,0.1);
#175=CYLINDRICAL_SURFACE('',#11235,0.2);
#176=CYLINDRICAL_SURFACE('',#11237,0.25);
#177=CYLINDRICAL_SURFACE('',#11240,0.1);
#178=CYLINDRICAL_SURFACE('',#11244,0.2);
#179=CYLINDRICAL_SURFACE('',#11248,0.2);
#180=CYLINDRICAL_SURFACE('',#11253,0.06);
#181=CYLINDRICAL_SURFACE('',#11260,0.06);
#182=CYLINDRICAL_SURFACE('',#11266,0.06);
#183=CYLINDRICAL_SURFACE('',#11274,0.06);
#184=CYLINDRICAL_SURFACE('',#11275,0.15);
#185=CYLINDRICAL_SURFACE('',#11280,0.15);
#186=CYLINDRICAL_SURFACE('',#11285,0.15);
#187=CYLINDRICAL_SURFACE('',#11288,0.15);
#188=CYLINDRICAL_SURFACE('',#11293,0.15);
#189=CYLINDRICAL_SURFACE('',#11298,0.15);
#190=CYLINDRICAL_SURFACE('',#11303,0.15);
#191=CYLINDRICAL_SURFACE('',#11312,0.15);
#192=CYLINDRICAL_SURFACE('',#11323,0.5);
#193=CYLINDRICAL_SURFACE('',#11331,0.2);
#194=CYLINDRICAL_SURFACE('',#11333,0.4);
#195=CYLINDRICAL_SURFACE('',#11336,0.2);
#196=CYLINDRICAL_SURFACE('',#11341,0.1);
#197=CYLINDRICAL_SURFACE('',#11347,0.1);
#198=CYLINDRICAL_SURFACE('',#11361,0.5);
#199=CYLINDRICAL_SURFACE('',#11369,0.2);
#200=CYLINDRICAL_SURFACE('',#11371,0.4);
#201=CYLINDRICAL_SURFACE('',#11374,0.2);
#202=CYLINDRICAL_SURFACE('',#11379,0.1);
#203=CYLINDRICAL_SURFACE('',#11385,0.1);
#204=CYLINDRICAL_SURFACE('',#11425,0.25);
#205=CYLINDRICAL_SURFACE('',#11433,0.25);
#206=CYLINDRICAL_SURFACE('',#11440,0.25);
#207=CYLINDRICAL_SURFACE('',#11447,0.25);
#208=CIRCLE('',#10755,0.74);
#209=CIRCLE('',#10756,0.74);
#210=CIRCLE('',#10760,0.74);
#211=CIRCLE('',#10761,0.74);
#212=CIRCLE('',#10770,0.5);
#213=CIRCLE('',#10771,0.5);
#214=CIRCLE('',#10776,0.74);
#215=CIRCLE('',#10779,0.74);
#216=CIRCLE('',#10784,0.5);
#217=CIRCLE('',#10785,0.5);
#218=CIRCLE('',#10798,0.74);
#219=CIRCLE('',#10801,0.74);
#220=CIRCLE('',#10809,0.5);
#221=CIRCLE('',#10812,0.5);
#222=CIRCLE('',#10815,0.5);
#223=CIRCLE('',#10817,0.5);
#224=CIRCLE('',#10819,0.5);
#225=CIRCLE('',#10820,0.5);
#226=CIRCLE('',#10822,0.5);
#227=CIRCLE('',#10823,0.5);
#228=CIRCLE('',#10825,0.5);
#229=CIRCLE('',#10826,0.5);
#230=CIRCLE('',#10828,0.5);
#231=CIRCLE('',#10829,0.5);
#232=CIRCLE('',#10849,0.5);
#233=CIRCLE('',#10850,0.5);
#234=CIRCLE('',#10851,0.5);
#235=CIRCLE('',#10852,0.5);
#236=CIRCLE('',#10855,0.5);
#237=CIRCLE('',#10856,0.5);
#238=CIRCLE('',#10868,0.5);
#239=CIRCLE('',#10869,0.5);
#240=CIRCLE('',#10884,1.);
#241=CIRCLE('',#10885,1.);
#242=CIRCLE('',#11024,0.7);
#243=CIRCLE('',#11026,0.7);
#244=CIRCLE('',#11027,0.684813589042);
#245=CIRCLE('',#11029,0.48840762315);
#246=CIRCLE('',#11034,0.7);
#247=CIRCLE('',#11036,0.7);
#248=CIRCLE('',#11037,0.684812367075);
#249=CIRCLE('',#11039,0.48840762315);
#250=CIRCLE('',#11045,0.2);
#251=CIRCLE('',#11047,0.2);
#252=CIRCLE('',#11061,0.3);
#253=CIRCLE('',#11062,0.3);
#254=CIRCLE('',#11073,0.3);
#255=CIRCLE('',#11074,0.3);
#256=CIRCLE('',#11086,0.3);
#257=CIRCLE('',#11087,0.3);
#258=CIRCLE('',#11096,0.3);
#259=CIRCLE('',#11097,0.3);
#260=CIRCLE('',#11106,0.3);
#261=CIRCLE('',#11107,0.3);
#262=CIRCLE('',#11116,0.3);
#263=CIRCLE('',#11117,0.3);
#264=CIRCLE('',#11124,0.18);
#265=CIRCLE('',#11127,0.18);
#266=CIRCLE('',#11131,0.18);
#267=CIRCLE('',#11133,0.18);
#268=CIRCLE('',#11134,0.2);
#269=CIRCLE('',#11135,0.2);
#270=CIRCLE('',#11136,0.18);
#271=CIRCLE('',#11137,0.2);
#272=CIRCLE('',#11138,0.2);
#273=CIRCLE('',#11141,0.2);
#274=CIRCLE('',#11142,0.2);
#275=CIRCLE('',#11148,0.2);
#276=CIRCLE('',#11149,0.3);
#277=CIRCLE('',#11150,0.3);
#278=CIRCLE('',#11151,0.3);
#279=CIRCLE('',#11152,0.3);
#280=CIRCLE('',#11153,0.2);
#281=CIRCLE('',#11154,0.25);
#282=CIRCLE('',#11155,0.25);
#283=CIRCLE('',#11158,0.2);
#284=CIRCLE('',#11162,0.18);
#285=CIRCLE('',#11166,0.2);
#286=CIRCLE('',#11171,0.75);
#287=CIRCLE('',#11177,0.2);
#288=CIRCLE('',#11180,0.3);
#289=CIRCLE('',#11183,0.3);
#290=CIRCLE('',#11185,0.18);
#291=CIRCLE('',#11187,0.3);
#292=CIRCLE('',#11190,0.3);
#293=CIRCLE('',#11193,0.2);
#294=CIRCLE('',#11196,0.25);
#295=CIRCLE('',#11201,0.25);
#296=CIRCLE('',#11204,0.18);
#297=CIRCLE('',#11229,0.1);
#298=CIRCLE('',#11230,0.1);
#299=CIRCLE('',#11234,0.2);
#300=CIRCLE('',#11236,0.2);
#301=CIRCLE('',#11238,0.25);
#302=CIRCLE('',#11239,0.25);
#303=CIRCLE('',#11241,0.1);
#304=CIRCLE('',#11242,0.1);
#305=CIRCLE('',#11245,0.2);
#306=CIRCLE('',#11246,0.2);
#307=CIRCLE('',#11249,0.2);
#308=CIRCLE('',#11250,0.2);
#309=CIRCLE('',#11254,0.06);
#310=CIRCLE('',#11255,0.06);
#311=CIRCLE('',#11259,0.06);
#312=CIRCLE('',#11261,0.06);
#313=CIRCLE('',#11265,0.06);
#314=CIRCLE('',#11267,0.06);
#315=CIRCLE('',#11269,0.06);
#316=CIRCLE('',#11272,0.06);
#317=CIRCLE('',#11276,0.15);
#318=CIRCLE('',#11277,0.15);
#319=CIRCLE('',#11281,0.15);
#320=CIRCLE('',#11282,0.15);
#321=CIRCLE('',#11286,0.15);
#322=CIRCLE('',#11287,0.15);
#323=CIRCLE('',#11289,0.15);
#324=CIRCLE('',#11290,0.15);
#325=CIRCLE('',#11294,0.15);
#326=CIRCLE('',#11295,0.15);
#327=CIRCLE('',#11299,0.15);
#328=CIRCLE('',#11300,0.15);
#329=CIRCLE('',#11304,0.15);
#330=CIRCLE('',#11305,0.15);
#331=CIRCLE('',#11309,0.15);
#332=CIRCLE('',#11311,0.15);
#333=CIRCLE('',#11317,0.2);
#334=CIRCLE('',#11318,0.4);
#335=CIRCLE('',#11319,0.2);
#336=CIRCLE('',#11320,0.1);
#337=CIRCLE('',#11321,0.5);
#338=CIRCLE('',#11322,0.1);
#339=CIRCLE('',#11324,0.5);
#340=CIRCLE('',#11332,0.2);
#341=CIRCLE('',#11334,0.4);
#342=CIRCLE('',#11337,0.2);
#343=CIRCLE('',#11342,0.1);
#344=CIRCLE('',#11346,0.1);
#345=CIRCLE('',#11355,0.1);
#346=CIRCLE('',#11356,0.5);
#347=CIRCLE('',#11357,0.1);
#348=CIRCLE('',#11358,0.2);
#349=CIRCLE('',#11359,0.4);
#350=CIRCLE('',#11360,0.2);
#351=CIRCLE('',#11362,0.5);
#352=CIRCLE('',#11370,0.2);
#353=CIRCLE('',#11372,0.4);
#354=CIRCLE('',#11375,0.2);
#355=CIRCLE('',#11380,0.1);
#356=CIRCLE('',#11384,0.1);
#357=CIRCLE('',#11389,0.09999999999887);
#358=CIRCLE('',#11390,0.1);
#359=CIRCLE('',#11391,0.09999999999967);
#360=CIRCLE('',#11392,0.100000000001);
#361=CIRCLE('',#11393,0.100000000001);
#362=CIRCLE('',#11394,0.1);
#363=CIRCLE('',#11395,0.09999999999992);
#364=CIRCLE('',#11396,0.100000000001);
#365=CIRCLE('',#11397,0.1);
#366=CIRCLE('',#11398,0.1);
#367=CIRCLE('',#11399,0.09999999999974);
#368=CIRCLE('',#11400,0.100000000001);
#369=CIRCLE('',#11401,0.1);
#370=CIRCLE('',#11402,0.09999999999867);
#371=CIRCLE('',#11403,0.0999999999995);
#372=CIRCLE('',#11404,0.100000000001);
#373=CIRCLE('',#11405,0.09999999999759);
#374=CIRCLE('',#11406,0.09999999999887);
#375=CIRCLE('',#11407,0.1);
#376=CIRCLE('',#11408,0.09999999999967);
#377=CIRCLE('',#11409,0.100000000001);
#378=CIRCLE('',#11410,0.100000000001);
#379=CIRCLE('',#11411,0.1);
#380=CIRCLE('',#11412,0.09999999999992);
#381=CIRCLE('',#11413,0.100000000001);
#382=CIRCLE('',#11414,0.1);
#383=CIRCLE('',#11415,0.1);
#384=CIRCLE('',#11416,0.09999999999974);
#385=CIRCLE('',#11417,0.100000000001);
#386=CIRCLE('',#11418,0.1);
#387=CIRCLE('',#11419,0.09999999999867);
#388=CIRCLE('',#11420,0.0999999999995);
#389=CIRCLE('',#11421,0.100000000001);
#390=CIRCLE('',#11422,0.09999999999759);
#391=CIRCLE('',#11426,0.25);
#392=CIRCLE('',#11427,0.25);
#393=CIRCLE('',#11428,0.25);
#394=CIRCLE('',#11430,0.25);
#395=CIRCLE('',#11431,0.25);
#396=CIRCLE('',#11432,0.25);
#397=CIRCLE('',#11434,0.25);
#398=CIRCLE('',#11435,0.25);
#399=CIRCLE('',#11437,0.25);
#400=CIRCLE('',#11438,0.25);
#401=CIRCLE('',#11439,0.25);
#402=CIRCLE('',#11441,0.25);
#403=CIRCLE('',#11442,0.25);
#404=CIRCLE('',#11444,0.25);
#405=CIRCLE('',#11445,0.25);
#406=CIRCLE('',#11446,0.25);
#407=CIRCLE('',#11448,0.25);
#408=FACE_BOUND('',#989,.T.);
#409=FACE_BOUND('',#1030,.T.);
#410=FACE_BOUND('',#1062,.T.);
#411=FACE_BOUND('',#1063,.T.);
#412=FACE_BOUND('',#1064,.T.);
#413=FACE_BOUND('',#1065,.T.);
#414=FACE_BOUND('',#1066,.T.);
#415=FACE_BOUND('',#1067,.T.);
#416=FACE_BOUND('',#1068,.T.);
#417=FACE_BOUND('',#1072,.T.);
#418=FACE_BOUND('',#1073,.T.);
#419=FACE_BOUND('',#1083,.T.);
#420=FACE_BOUND('',#1084,.T.);
#421=FACE_BOUND('',#1258,.T.);
#422=FACE_BOUND('',#1342,.T.);
#423=FACE_BOUND('',#1362,.T.);
#424=FACE_BOUND('',#1412,.T.);
#425=FACE_BOUND('',#1453,.T.);
#426=FACE_BOUND('',#1460,.T.);
#427=FACE_BOUND('',#1465,.T.);
#428=FACE_BOUND('',#1467,.T.);
#429=FACE_BOUND('',#1483,.T.);
#430=FACE_BOUND('',#1490,.T.);
#431=FACE_BOUND('',#1495,.T.);
#432=FACE_BOUND('',#1497,.T.);
#433=FACE_OUTER_BOUND('',#975,.T.);
#434=FACE_OUTER_BOUND('',#976,.T.);
#435=FACE_OUTER_BOUND('',#977,.T.);
#436=FACE_OUTER_BOUND('',#978,.T.);
#437=FACE_OUTER_BOUND('',#979,.T.);
#438=FACE_OUTER_BOUND('',#980,.T.);
#439=FACE_OUTER_BOUND('',#981,.T.);
#440=FACE_OUTER_BOUND('',#982,.T.);
#441=FACE_OUTER_BOUND('',#983,.T.);
#442=FACE_OUTER_BOUND('',#984,.T.);
#443=FACE_OUTER_BOUND('',#985,.T.);
#444=FACE_OUTER_BOUND('',#986,.T.);
#445=FACE_OUTER_BOUND('',#987,.T.);
#446=FACE_OUTER_BOUND('',#988,.T.);
#447=FACE_OUTER_BOUND('',#990,.T.);
#448=FACE_OUTER_BOUND('',#991,.T.);
#449=FACE_OUTER_BOUND('',#992,.T.);
#450=FACE_OUTER_BOUND('',#993,.T.);
#451=FACE_OUTER_BOUND('',#994,.T.);
#452=FACE_OUTER_BOUND('',#995,.T.);
#453=FACE_OUTER_BOUND('',#996,.T.);
#454=FACE_OUTER_BOUND('',#997,.T.);
#455=FACE_OUTER_BOUND('',#998,.T.);
#456=FACE_OUTER_BOUND('',#999,.T.);
#457=FACE_OUTER_BOUND('',#1000,.T.);
#458=FACE_OUTER_BOUND('',#1001,.T.);
#459=FACE_OUTER_BOUND('',#1002,.T.);
#460=FACE_OUTER_BOUND('',#1003,.T.);
#461=FACE_OUTER_BOUND('',#1004,.T.);
#462=FACE_OUTER_BOUND('',#1005,.T.);
#463=FACE_OUTER_BOUND('',#1006,.T.);
#464=FACE_OUTER_BOUND('',#1007,.T.);
#465=FACE_OUTER_BOUND('',#1008,.T.);
#466=FACE_OUTER_BOUND('',#1009,.T.);
#467=FACE_OUTER_BOUND('',#1010,.T.);
#468=FACE_OUTER_BOUND('',#1011,.T.);
#469=FACE_OUTER_BOUND('',#1012,.T.);
#470=FACE_OUTER_BOUND('',#1013,.T.);
#471=FACE_OUTER_BOUND('',#1014,.T.);
#472=FACE_OUTER_BOUND('',#1015,.T.);
#473=FACE_OUTER_BOUND('',#1016,.T.);
#474=FACE_OUTER_BOUND('',#1017,.T.);
#475=FACE_OUTER_BOUND('',#1018,.T.);
#476=FACE_OUTER_BOUND('',#1019,.T.);
#477=FACE_OUTER_BOUND('',#1020,.T.);
#478=FACE_OUTER_BOUND('',#1021,.T.);
#479=FACE_OUTER_BOUND('',#1022,.T.);
#480=FACE_OUTER_BOUND('',#1023,.T.);
#481=FACE_OUTER_BOUND('',#1024,.T.);
#482=FACE_OUTER_BOUND('',#1025,.T.);
#483=FACE_OUTER_BOUND('',#1026,.T.);
#484=FACE_OUTER_BOUND('',#1027,.T.);
#485=FACE_OUTER_BOUND('',#1028,.T.);
#486=FACE_OUTER_BOUND('',#1029,.T.);
#487=FACE_OUTER_BOUND('',#1031,.T.);
#488=FACE_OUTER_BOUND('',#1032,.T.);
#489=FACE_OUTER_BOUND('',#1033,.T.);
#490=FACE_OUTER_BOUND('',#1034,.T.);
#491=FACE_OUTER_BOUND('',#1035,.T.);
#492=FACE_OUTER_BOUND('',#1036,.T.);
#493=FACE_OUTER_BOUND('',#1037,.T.);
#494=FACE_OUTER_BOUND('',#1038,.T.);
#495=FACE_OUTER_BOUND('',#1039,.T.);
#496=FACE_OUTER_BOUND('',#1040,.T.);
#497=FACE_OUTER_BOUND('',#1041,.T.);
#498=FACE_OUTER_BOUND('',#1042,.T.);
#499=FACE_OUTER_BOUND('',#1043,.T.);
#500=FACE_OUTER_BOUND('',#1044,.T.);
#501=FACE_OUTER_BOUND('',#1045,.T.);
#502=FACE_OUTER_BOUND('',#1046,.T.);
#503=FACE_OUTER_BOUND('',#1047,.T.);
#504=FACE_OUTER_BOUND('',#1048,.T.);
#505=FACE_OUTER_BOUND('',#1049,.T.);
#506=FACE_OUTER_BOUND('',#1050,.T.);
#507=FACE_OUTER_BOUND('',#1051,.T.);
#508=FACE_OUTER_BOUND('',#1052,.T.);
#509=FACE_OUTER_BOUND('',#1053,.T.);
#510=FACE_OUTER_BOUND('',#1054,.T.);
#511=FACE_OUTER_BOUND('',#1055,.T.);
#512=FACE_OUTER_BOUND('',#1056,.T.);
#513=FACE_OUTER_BOUND('',#1057,.T.);
#514=FACE_OUTER_BOUND('',#1058,.T.);
#515=FACE_OUTER_BOUND('',#1059,.T.);
#516=FACE_OUTER_BOUND('',#1060,.T.);
#517=FACE_OUTER_BOUND('',#1061,.T.);
#518=FACE_OUTER_BOUND('',#1069,.T.);
#519=FACE_OUTER_BOUND('',#1070,.T.);
#520=FACE_OUTER_BOUND('',#1071,.T.);
#521=FACE_OUTER_BOUND('',#1074,.T.);
#522=FACE_OUTER_BOUND('',#1075,.T.);
#523=FACE_OUTER_BOUND('',#1076,.T.);
#524=FACE_OUTER_BOUND('',#1077,.T.);
#525=FACE_OUTER_BOUND('',#1078,.T.);
#526=FACE_OUTER_BOUND('',#1079,.T.);
#527=FACE_OUTER_BOUND('',#1080,.T.);
#528=FACE_OUTER_BOUND('',#1081,.T.);
#529=FACE_OUTER_BOUND('',#1082,.T.);
#530=FACE_OUTER_BOUND('',#1085,.T.);
#531=FACE_OUTER_BOUND('',#1086,.T.);
#532=FACE_OUTER_BOUND('',#1087,.T.);
#533=FACE_OUTER_BOUND('',#1088,.T.);
#534=FACE_OUTER_BOUND('',#1089,.T.);
#535=FACE_OUTER_BOUND('',#1090,.T.);
#536=FACE_OUTER_BOUND('',#1091,.T.);
#537=FACE_OUTER_BOUND('',#1092,.T.);
#538=FACE_OUTER_BOUND('',#1093,.T.);
#539=FACE_OUTER_BOUND('',#1094,.T.);
#540=FACE_OUTER_BOUND('',#1095,.T.);
#541=FACE_OUTER_BOUND('',#1096,.T.);
#542=FACE_OUTER_BOUND('',#1097,.T.);
#543=FACE_OUTER_BOUND('',#1098,.T.);
#544=FACE_OUTER_BOUND('',#1099,.T.);
#545=FACE_OUTER_BOUND('',#1100,.T.);
#546=FACE_OUTER_BOUND('',#1101,.T.);
#547=FACE_OUTER_BOUND('',#1102,.T.);
#548=FACE_OUTER_BOUND('',#1103,.T.);
#549=FACE_OUTER_BOUND('',#1104,.T.);
#550=FACE_OUTER_BOUND('',#1105,.T.);
#551=FACE_OUTER_BOUND('',#1106,.T.);
#552=FACE_OUTER_BOUND('',#1107,.T.);
#553=FACE_OUTER_BOUND('',#1108,.T.);
#554=FACE_OUTER_BOUND('',#1109,.T.);
#555=FACE_OUTER_BOUND('',#1110,.T.);
#556=FACE_OUTER_BOUND('',#1111,.T.);
#557=FACE_OUTER_BOUND('',#1112,.T.);
#558=FACE_OUTER_BOUND('',#1113,.T.);
#559=FACE_OUTER_BOUND('',#1114,.T.);
#560=FACE_OUTER_BOUND('',#1115,.T.);
#561=FACE_OUTER_BOUND('',#1116,.T.);
#562=FACE_OUTER_BOUND('',#1117,.T.);
#563=FACE_OUTER_BOUND('',#1118,.T.);
#564=FACE_OUTER_BOUND('',#1119,.T.);
#565=FACE_OUTER_BOUND('',#1120,.T.);
#566=FACE_OUTER_BOUND('',#1121,.T.);
#567=FACE_OUTER_BOUND('',#1122,.T.);
#568=FACE_OUTER_BOUND('',#1123,.T.);
#569=FACE_OUTER_BOUND('',#1124,.T.);
#570=FACE_OUTER_BOUND('',#1125,.T.);
#571=FACE_OUTER_BOUND('',#1126,.T.);
#572=FACE_OUTER_BOUND('',#1127,.T.);
#573=FACE_OUTER_BOUND('',#1128,.T.);
#574=FACE_OUTER_BOUND('',#1129,.T.);
#575=FACE_OUTER_BOUND('',#1130,.T.);
#576=FACE_OUTER_BOUND('',#1131,.T.);
#577=FACE_OUTER_BOUND('',#1132,.T.);
#578=FACE_OUTER_BOUND('',#1133,.T.);
#579=FACE_OUTER_BOUND('',#1134,.T.);
#580=FACE_OUTER_BOUND('',#1135,.T.);
#581=FACE_OUTER_BOUND('',#1136,.T.);
#582=FACE_OUTER_BOUND('',#1137,.T.);
#583=FACE_OUTER_BOUND('',#1138,.T.);
#584=FACE_OUTER_BOUND('',#1139,.T.);
#585=FACE_OUTER_BOUND('',#1140,.T.);
#586=FACE_OUTER_BOUND('',#1141,.T.);
#587=FACE_OUTER_BOUND('',#1142,.T.);
#588=FACE_OUTER_BOUND('',#1143,.T.);
#589=FACE_OUTER_BOUND('',#1144,.T.);
#590=FACE_OUTER_BOUND('',#1145,.T.);
#591=FACE_OUTER_BOUND('',#1146,.T.);
#592=FACE_OUTER_BOUND('',#1147,.T.);
#593=FACE_OUTER_BOUND('',#1148,.T.);
#594=FACE_OUTER_BOUND('',#1149,.T.);
#595=FACE_OUTER_BOUND('',#1150,.T.);
#596=FACE_OUTER_BOUND('',#1151,.T.);
#597=FACE_OUTER_BOUND('',#1152,.T.);
#598=FACE_OUTER_BOUND('',#1153,.T.);
#599=FACE_OUTER_BOUND('',#1154,.T.);
#600=FACE_OUTER_BOUND('',#1155,.T.);
#601=FACE_OUTER_BOUND('',#1156,.T.);
#602=FACE_OUTER_BOUND('',#1157,.T.);
#603=FACE_OUTER_BOUND('',#1158,.T.);
#604=FACE_OUTER_BOUND('',#1159,.T.);
#605=FACE_OUTER_BOUND('',#1160,.T.);
#606=FACE_OUTER_BOUND('',#1161,.T.);
#607=FACE_OUTER_BOUND('',#1162,.T.);
#608=FACE_OUTER_BOUND('',#1163,.T.);
#609=FACE_OUTER_BOUND('',#1164,.T.);
#610=FACE_OUTER_BOUND('',#1165,.T.);
#611=FACE_OUTER_BOUND('',#1166,.T.);
#612=FACE_OUTER_BOUND('',#1167,.T.);
#613=FACE_OUTER_BOUND('',#1168,.T.);
#614=FACE_OUTER_BOUND('',#1169,.T.);
#615=FACE_OUTER_BOUND('',#1170,.T.);
#616=FACE_OUTER_BOUND('',#1171,.T.);
#617=FACE_OUTER_BOUND('',#1172,.T.);
#618=FACE_OUTER_BOUND('',#1173,.T.);
#619=FACE_OUTER_BOUND('',#1174,.T.);
#620=FACE_OUTER_BOUND('',#1175,.T.);
#621=FACE_OUTER_BOUND('',#1176,.T.);
#622=FACE_OUTER_BOUND('',#1177,.T.);
#623=FACE_OUTER_BOUND('',#1178,.T.);
#624=FACE_OUTER_BOUND('',#1179,.T.);
#625=FACE_OUTER_BOUND('',#1180,.T.);
#626=FACE_OUTER_BOUND('',#1181,.T.);
#627=FACE_OUTER_BOUND('',#1182,.T.);
#628=FACE_OUTER_BOUND('',#1183,.T.);
#629=FACE_OUTER_BOUND('',#1184,.T.);
#630=FACE_OUTER_BOUND('',#1185,.T.);
#631=FACE_OUTER_BOUND('',#1186,.T.);
#632=FACE_OUTER_BOUND('',#1187,.T.);
#633=FACE_OUTER_BOUND('',#1188,.T.);
#634=FACE_OUTER_BOUND('',#1189,.T.);
#635=FACE_OUTER_BOUND('',#1190,.T.);
#636=FACE_OUTER_BOUND('',#1191,.T.);
#637=FACE_OUTER_BOUND('',#1192,.T.);
#638=FACE_OUTER_BOUND('',#1193,.T.);
#639=FACE_OUTER_BOUND('',#1194,.T.);
#640=FACE_OUTER_BOUND('',#1195,.T.);
#641=FACE_OUTER_BOUND('',#1196,.T.);
#642=FACE_OUTER_BOUND('',#1197,.T.);
#643=FACE_OUTER_BOUND('',#1198,.T.);
#644=FACE_OUTER_BOUND('',#1199,.T.);
#645=FACE_OUTER_BOUND('',#1200,.T.);
#646=FACE_OUTER_BOUND('',#1201,.T.);
#647=FACE_OUTER_BOUND('',#1202,.T.);
#648=FACE_OUTER_BOUND('',#1203,.T.);
#649=FACE_OUTER_BOUND('',#1204,.T.);
#650=FACE_OUTER_BOUND('',#1205,.T.);
#651=FACE_OUTER_BOUND('',#1206,.T.);
#652=FACE_OUTER_BOUND('',#1207,.T.);
#653=FACE_OUTER_BOUND('',#1208,.T.);
#654=FACE_OUTER_BOUND('',#1209,.T.);
#655=FACE_OUTER_BOUND('',#1210,.T.);
#656=FACE_OUTER_BOUND('',#1211,.T.);
#657=FACE_OUTER_BOUND('',#1212,.T.);
#658=FACE_OUTER_BOUND('',#1213,.T.);
#659=FACE_OUTER_BOUND('',#1214,.T.);
#660=FACE_OUTER_BOUND('',#1215,.T.);
#661=FACE_OUTER_BOUND('',#1216,.T.);
#662=FACE_OUTER_BOUND('',#1217,.T.);
#663=FACE_OUTER_BOUND('',#1218,.T.);
#664=FACE_OUTER_BOUND('',#1219,.T.);
#665=FACE_OUTER_BOUND('',#1220,.T.);
#666=FACE_OUTER_BOUND('',#1221,.T.);
#667=FACE_OUTER_BOUND('',#1222,.T.);
#668=FACE_OUTER_BOUND('',#1223,.T.);
#669=FACE_OUTER_BOUND('',#1224,.T.);
#670=FACE_OUTER_BOUND('',#1225,.T.);
#671=FACE_OUTER_BOUND('',#1226,.T.);
#672=FACE_OUTER_BOUND('',#1227,.T.);
#673=FACE_OUTER_BOUND('',#1228,.T.);
#674=FACE_OUTER_BOUND('',#1229,.T.);
#675=FACE_OUTER_BOUND('',#1230,.T.);
#676=FACE_OUTER_BOUND('',#1231,.T.);
#677=FACE_OUTER_BOUND('',#1232,.T.);
#678=FACE_OUTER_BOUND('',#1233,.T.);
#679=FACE_OUTER_BOUND('',#1234,.T.);
#680=FACE_OUTER_BOUND('',#1235,.T.);
#681=FACE_OUTER_BOUND('',#1236,.T.);
#682=FACE_OUTER_BOUND('',#1237,.T.);
#683=FACE_OUTER_BOUND('',#1238,.T.);
#684=FACE_OUTER_BOUND('',#1239,.T.);
#685=FACE_OUTER_BOUND('',#1240,.T.);
#686=FACE_OUTER_BOUND('',#1241,.T.);
#687=FACE_OUTER_BOUND('',#1242,.T.);
#688=FACE_OUTER_BOUND('',#1243,.T.);
#689=FACE_OUTER_BOUND('',#1244,.T.);
#690=FACE_OUTER_BOUND('',#1245,.T.);
#691=FACE_OUTER_BOUND('',#1246,.T.);
#692=FACE_OUTER_BOUND('',#1247,.T.);
#693=FACE_OUTER_BOUND('',#1248,.T.);
#694=FACE_OUTER_BOUND('',#1249,.T.);
#695=FACE_OUTER_BOUND('',#1250,.T.);
#696=FACE_OUTER_BOUND('',#1251,.T.);
#697=FACE_OUTER_BOUND('',#1252,.T.);
#698=FACE_OUTER_BOUND('',#1253,.T.);
#699=FACE_OUTER_BOUND('',#1254,.T.);
#700=FACE_OUTER_BOUND('',#1255,.T.);
#701=FACE_OUTER_BOUND('',#1256,.T.);
#702=FACE_OUTER_BOUND('',#1257,.T.);
#703=FACE_OUTER_BOUND('',#1259,.T.);
#704=FACE_OUTER_BOUND('',#1260,.T.);
#705=FACE_OUTER_BOUND('',#1261,.T.);
#706=FACE_OUTER_BOUND('',#1262,.T.);
#707=FACE_OUTER_BOUND('',#1263,.T.);
#708=FACE_OUTER_BOUND('',#1264,.T.);
#709=FACE_OUTER_BOUND('',#1265,.T.);
#710=FACE_OUTER_BOUND('',#1266,.T.);
#711=FACE_OUTER_BOUND('',#1267,.T.);
#712=FACE_OUTER_BOUND('',#1268,.T.);
#713=FACE_OUTER_BOUND('',#1269,.T.);
#714=FACE_OUTER_BOUND('',#1270,.T.);
#715=FACE_OUTER_BOUND('',#1271,.T.);
#716=FACE_OUTER_BOUND('',#1272,.T.);
#717=FACE_OUTER_BOUND('',#1273,.T.);
#718=FACE_OUTER_BOUND('',#1274,.T.);
#719=FACE_OUTER_BOUND('',#1275,.T.);
#720=FACE_OUTER_BOUND('',#1276,.T.);
#721=FACE_OUTER_BOUND('',#1277,.T.);
#722=FACE_OUTER_BOUND('',#1278,.T.);
#723=FACE_OUTER_BOUND('',#1279,.T.);
#724=FACE_OUTER_BOUND('',#1280,.T.);
#725=FACE_OUTER_BOUND('',#1281,.T.);
#726=FACE_OUTER_BOUND('',#1282,.T.);
#727=FACE_OUTER_BOUND('',#1283,.T.);
#728=FACE_OUTER_BOUND('',#1284,.T.);
#729=FACE_OUTER_BOUND('',#1285,.T.);
#730=FACE_OUTER_BOUND('',#1286,.T.);
#731=FACE_OUTER_BOUND('',#1287,.T.);
#732=FACE_OUTER_BOUND('',#1288,.T.);
#733=FACE_OUTER_BOUND('',#1289,.T.);
#734=FACE_OUTER_BOUND('',#1290,.T.);
#735=FACE_OUTER_BOUND('',#1291,.T.);
#736=FACE_OUTER_BOUND('',#1292,.T.);
#737=FACE_OUTER_BOUND('',#1293,.T.);
#738=FACE_OUTER_BOUND('',#1294,.T.);
#739=FACE_OUTER_BOUND('',#1295,.T.);
#740=FACE_OUTER_BOUND('',#1296,.T.);
#741=FACE_OUTER_BOUND('',#1297,.T.);
#742=FACE_OUTER_BOUND('',#1298,.T.);
#743=FACE_OUTER_BOUND('',#1299,.T.);
#744=FACE_OUTER_BOUND('',#1300,.T.);
#745=FACE_OUTER_BOUND('',#1301,.T.);
#746=FACE_OUTER_BOUND('',#1302,.T.);
#747=FACE_OUTER_BOUND('',#1303,.T.);
#748=FACE_OUTER_BOUND('',#1304,.T.);
#749=FACE_OUTER_BOUND('',#1305,.T.);
#750=FACE_OUTER_BOUND('',#1306,.T.);
#751=FACE_OUTER_BOUND('',#1307,.T.);
#752=FACE_OUTER_BOUND('',#1308,.T.);
#753=FACE_OUTER_BOUND('',#1309,.T.);
#754=FACE_OUTER_BOUND('',#1310,.T.);
#755=FACE_OUTER_BOUND('',#1311,.T.);
#756=FACE_OUTER_BOUND('',#1312,.T.);
#757=FACE_OUTER_BOUND('',#1313,.T.);
#758=FACE_OUTER_BOUND('',#1314,.T.);
#759=FACE_OUTER_BOUND('',#1315,.T.);
#760=FACE_OUTER_BOUND('',#1316,.T.);
#761=FACE_OUTER_BOUND('',#1317,.T.);
#762=FACE_OUTER_BOUND('',#1318,.T.);
#763=FACE_OUTER_BOUND('',#1319,.T.);
#764=FACE_OUTER_BOUND('',#1320,.T.);
#765=FACE_OUTER_BOUND('',#1321,.T.);
#766=FACE_OUTER_BOUND('',#1322,.T.);
#767=FACE_OUTER_BOUND('',#1323,.T.);
#768=FACE_OUTER_BOUND('',#1324,.T.);
#769=FACE_OUTER_BOUND('',#1325,.T.);
#770=FACE_OUTER_BOUND('',#1326,.T.);
#771=FACE_OUTER_BOUND('',#1327,.T.);
#772=FACE_OUTER_BOUND('',#1328,.T.);
#773=FACE_OUTER_BOUND('',#1329,.T.);
#774=FACE_OUTER_BOUND('',#1330,.T.);
#775=FACE_OUTER_BOUND('',#1331,.T.);
#776=FACE_OUTER_BOUND('',#1332,.T.);
#777=FACE_OUTER_BOUND('',#1333,.T.);
#778=FACE_OUTER_BOUND('',#1334,.T.);
#779=FACE_OUTER_BOUND('',#1335,.T.);
#780=FACE_OUTER_BOUND('',#1336,.T.);
#781=FACE_OUTER_BOUND('',#1337,.T.);
#782=FACE_OUTER_BOUND('',#1338,.T.);
#783=FACE_OUTER_BOUND('',#1339,.T.);
#784=FACE_OUTER_BOUND('',#1340,.T.);
#785=FACE_OUTER_BOUND('',#1341,.T.);
#786=FACE_OUTER_BOUND('',#1343,.T.);
#787=FACE_OUTER_BOUND('',#1344,.T.);
#788=FACE_OUTER_BOUND('',#1345,.T.);
#789=FACE_OUTER_BOUND('',#1346,.T.);
#790=FACE_OUTER_BOUND('',#1347,.T.);
#791=FACE_OUTER_BOUND('',#1348,.T.);
#792=FACE_OUTER_BOUND('',#1349,.T.);
#793=FACE_OUTER_BOUND('',#1350,.T.);
#794=FACE_OUTER_BOUND('',#1351,.T.);
#795=FACE_OUTER_BOUND('',#1352,.T.);
#796=FACE_OUTER_BOUND('',#1353,.T.);
#797=FACE_OUTER_BOUND('',#1354,.T.);
#798=FACE_OUTER_BOUND('',#1355,.T.);
#799=FACE_OUTER_BOUND('',#1356,.T.);
#800=FACE_OUTER_BOUND('',#1357,.T.);
#801=FACE_OUTER_BOUND('',#1358,.T.);
#802=FACE_OUTER_BOUND('',#1359,.T.);
#803=FACE_OUTER_BOUND('',#1360,.T.);
#804=FACE_OUTER_BOUND('',#1361,.T.);
#805=FACE_OUTER_BOUND('',#1363,.T.);
#806=FACE_OUTER_BOUND('',#1364,.T.);
#807=FACE_OUTER_BOUND('',#1365,.T.);
#808=FACE_OUTER_BOUND('',#1366,.T.);
#809=FACE_OUTER_BOUND('',#1367,.T.);
#810=FACE_OUTER_BOUND('',#1368,.T.);
#811=FACE_OUTER_BOUND('',#1369,.T.);
#812=FACE_OUTER_BOUND('',#1370,.T.);
#813=FACE_OUTER_BOUND('',#1371,.T.);
#814=FACE_OUTER_BOUND('',#1372,.T.);
#815=FACE_OUTER_BOUND('',#1373,.T.);
#816=FACE_OUTER_BOUND('',#1374,.T.);
#817=FACE_OUTER_BOUND('',#1375,.T.);
#818=FACE_OUTER_BOUND('',#1376,.T.);
#819=FACE_OUTER_BOUND('',#1377,.T.);
#820=FACE_OUTER_BOUND('',#1378,.T.);
#821=FACE_OUTER_BOUND('',#1379,.T.);
#822=FACE_OUTER_BOUND('',#1380,.T.);
#823=FACE_OUTER_BOUND('',#1381,.T.);
#824=FACE_OUTER_BOUND('',#1382,.T.);
#825=FACE_OUTER_BOUND('',#1383,.T.);
#826=FACE_OUTER_BOUND('',#1384,.T.);
#827=FACE_OUTER_BOUND('',#1385,.T.);
#828=FACE_OUTER_BOUND('',#1386,.T.);
#829=FACE_OUTER_BOUND('',#1387,.T.);
#830=FACE_OUTER_BOUND('',#1388,.T.);
#831=FACE_OUTER_BOUND('',#1389,.T.);
#832=FACE_OUTER_BOUND('',#1390,.T.);
#833=FACE_OUTER_BOUND('',#1391,.T.);
#834=FACE_OUTER_BOUND('',#1392,.T.);
#835=FACE_OUTER_BOUND('',#1393,.T.);
#836=FACE_OUTER_BOUND('',#1394,.T.);
#837=FACE_OUTER_BOUND('',#1395,.T.);
#838=FACE_OUTER_BOUND('',#1396,.T.);
#839=FACE_OUTER_BOUND('',#1397,.T.);
#840=FACE_OUTER_BOUND('',#1398,.T.);
#841=FACE_OUTER_BOUND('',#1399,.T.);
#842=FACE_OUTER_BOUND('',#1400,.T.);
#843=FACE_OUTER_BOUND('',#1401,.T.);
#844=FACE_OUTER_BOUND('',#1402,.T.);
#845=FACE_OUTER_BOUND('',#1403,.T.);
#846=FACE_OUTER_BOUND('',#1404,.T.);
#847=FACE_OUTER_BOUND('',#1405,.T.);
#848=FACE_OUTER_BOUND('',#1406,.T.);
#849=FACE_OUTER_BOUND('',#1407,.T.);
#850=FACE_OUTER_BOUND('',#1408,.T.);
#851=FACE_OUTER_BOUND('',#1409,.T.);
#852=FACE_OUTER_BOUND('',#1410,.T.);
#853=FACE_OUTER_BOUND('',#1411,.T.);
#854=FACE_OUTER_BOUND('',#1413,.T.);
#855=FACE_OUTER_BOUND('',#1414,.T.);
#856=FACE_OUTER_BOUND('',#1415,.T.);
#857=FACE_OUTER_BOUND('',#1416,.T.);
#858=FACE_OUTER_BOUND('',#1417,.T.);
#859=FACE_OUTER_BOUND('',#1418,.T.);
#860=FACE_OUTER_BOUND('',#1419,.T.);
#861=FACE_OUTER_BOUND('',#1420,.T.);
#862=FACE_OUTER_BOUND('',#1421,.T.);
#863=FACE_OUTER_BOUND('',#1422,.T.);
#864=FACE_OUTER_BOUND('',#1423,.T.);
#865=FACE_OUTER_BOUND('',#1424,.T.);
#866=FACE_OUTER_BOUND('',#1425,.T.);
#867=FACE_OUTER_BOUND('',#1426,.T.);
#868=FACE_OUTER_BOUND('',#1427,.T.);
#869=FACE_OUTER_BOUND('',#1428,.T.);
#870=FACE_OUTER_BOUND('',#1429,.T.);
#871=FACE_OUTER_BOUND('',#1430,.T.);
#872=FACE_OUTER_BOUND('',#1431,.T.);
#873=FACE_OUTER_BOUND('',#1432,.T.);
#874=FACE_OUTER_BOUND('',#1433,.T.);
#875=FACE_OUTER_BOUND('',#1434,.T.);
#876=FACE_OUTER_BOUND('',#1435,.T.);
#877=FACE_OUTER_BOUND('',#1436,.T.);
#878=FACE_OUTER_BOUND('',#1437,.T.);
#879=FACE_OUTER_BOUND('',#1438,.T.);
#880=FACE_OUTER_BOUND('',#1439,.T.);
#881=FACE_OUTER_BOUND('',#1440,.T.);
#882=FACE_OUTER_BOUND('',#1441,.T.);
#883=FACE_OUTER_BOUND('',#1442,.T.);
#884=FACE_OUTER_BOUND('',#1443,.T.);
#885=FACE_OUTER_BOUND('',#1444,.T.);
#886=FACE_OUTER_BOUND('',#1445,.T.);
#887=FACE_OUTER_BOUND('',#1446,.T.);
#888=FACE_OUTER_BOUND('',#1447,.T.);
#889=FACE_OUTER_BOUND('',#1448,.T.);
#890=FACE_OUTER_BOUND('',#1449,.T.);
#891=FACE_OUTER_BOUND('',#1450,.T.);
#892=FACE_OUTER_BOUND('',#1451,.T.);
#893=FACE_OUTER_BOUND('',#1452,.T.);
#894=FACE_OUTER_BOUND('',#1454,.T.);
#895=FACE_OUTER_BOUND('',#1455,.T.);
#896=FACE_OUTER_BOUND('',#1456,.T.);
#897=FACE_OUTER_BOUND('',#1457,.T.);
#898=FACE_OUTER_BOUND('',#1458,.T.);
#899=FACE_OUTER_BOUND('',#1459,.T.);
#900=FACE_OUTER_BOUND('',#1461,.T.);
#901=FACE_OUTER_BOUND('',#1462,.T.);
#902=FACE_OUTER_BOUND('',#1463,.T.);
#903=FACE_OUTER_BOUND('',#1464,.T.);
#904=FACE_OUTER_BOUND('',#1466,.T.);
#905=FACE_OUTER_BOUND('',#1468,.T.);
#906=FACE_OUTER_BOUND('',#1469,.T.);
#907=FACE_OUTER_BOUND('',#1470,.T.);
#908=FACE_OUTER_BOUND('',#1471,.T.);
#909=FACE_OUTER_BOUND('',#1472,.T.);
#910=FACE_OUTER_BOUND('',#1473,.T.);
#911=FACE_OUTER_BOUND('',#1474,.T.);
#912=FACE_OUTER_BOUND('',#1475,.T.);
#913=FACE_OUTER_BOUND('',#1476,.T.);
#914=FACE_OUTER_BOUND('',#1477,.T.);
#915=FACE_OUTER_BOUND('',#1478,.T.);
#916=FACE_OUTER_BOUND('',#1479,.T.);
#917=FACE_OUTER_BOUND('',#1480,.T.);
#918=FACE_OUTER_BOUND('',#1481,.T.);
#919=FACE_OUTER_BOUND('',#1482,.T.);
#920=FACE_OUTER_BOUND('',#1484,.T.);
#921=FACE_OUTER_BOUND('',#1485,.T.);
#922=FACE_OUTER_BOUND('',#1486,.T.);
#923=FACE_OUTER_BOUND('',#1487,.T.);
#924=FACE_OUTER_BOUND('',#1488,.T.);
#925=FACE_OUTER_BOUND('',#1489,.T.);
#926=FACE_OUTER_BOUND('',#1491,.T.);
#927=FACE_OUTER_BOUND('',#1492,.T.);
#928=FACE_OUTER_BOUND('',#1493,.T.);
#929=FACE_OUTER_BOUND('',#1494,.T.);
#930=FACE_OUTER_BOUND('',#1496,.T.);
#931=FACE_OUTER_BOUND('',#1498,.T.);
#932=FACE_OUTER_BOUND('',#1499,.T.);
#933=FACE_OUTER_BOUND('',#1500,.T.);
#934=FACE_OUTER_BOUND('',#1501,.T.);
#935=FACE_OUTER_BOUND('',#1502,.T.);
#936=FACE_OUTER_BOUND('',#1503,.T.);
#937=FACE_OUTER_BOUND('',#1504,.T.);
#938=FACE_OUTER_BOUND('',#1505,.T.);
#939=FACE_OUTER_BOUND('',#1506,.T.);
#940=FACE_OUTER_BOUND('',#1507,.T.);
#941=FACE_OUTER_BOUND('',#1508,.T.);
#942=FACE_OUTER_BOUND('',#1509,.T.);
#943=FACE_OUTER_BOUND('',#1510,.T.);
#944=FACE_OUTER_BOUND('',#1511,.T.);
#945=FACE_OUTER_BOUND('',#1512,.T.);
#946=FACE_OUTER_BOUND('',#1513,.T.);
#947=FACE_OUTER_BOUND('',#1514,.T.);
#948=FACE_OUTER_BOUND('',#1515,.T.);
#949=FACE_OUTER_BOUND('',#1516,.T.);
#950=FACE_OUTER_BOUND('',#1517,.T.);
#951=FACE_OUTER_BOUND('',#1518,.T.);
#952=FACE_OUTER_BOUND('',#1519,.T.);
#953=FACE_OUTER_BOUND('',#1520,.T.);
#954=FACE_OUTER_BOUND('',#1521,.T.);
#955=FACE_OUTER_BOUND('',#1522,.T.);
#956=FACE_OUTER_BOUND('',#1523,.T.);
#957=FACE_OUTER_BOUND('',#1524,.T.);
#958=FACE_OUTER_BOUND('',#1525,.T.);
#959=FACE_OUTER_BOUND('',#1526,.T.);
#960=FACE_OUTER_BOUND('',#1527,.T.);
#961=FACE_OUTER_BOUND('',#1528,.T.);
#962=FACE_OUTER_BOUND('',#1529,.T.);
#963=FACE_OUTER_BOUND('',#1530,.T.);
#964=FACE_OUTER_BOUND('',#1531,.T.);
#965=FACE_OUTER_BOUND('',#1532,.T.);
#966=FACE_OUTER_BOUND('',#1533,.T.);
#967=FACE_OUTER_BOUND('',#1534,.T.);
#968=FACE_OUTER_BOUND('',#1535,.T.);
#969=FACE_OUTER_BOUND('',#1536,.T.);
#970=FACE_OUTER_BOUND('',#1537,.T.);
#971=FACE_OUTER_BOUND('',#1538,.T.);
#972=FACE_OUTER_BOUND('',#1539,.T.);
#973=FACE_OUTER_BOUND('',#1540,.T.);
#974=FACE_OUTER_BOUND('',#1541,.T.);
#975=EDGE_LOOP('',(#6631,#6632,#6633,#6634));
#976=EDGE_LOOP('',(#6635,#6636,#6637,#6638));
#977=EDGE_LOOP('',(#6639,#6640,#6641,#6642,#6643,#6644,#6645,#6646,#6647,
#6648,#6649,#6650));
#978=EDGE_LOOP('',(#6651,#6652,#6653,#6654));
#979=EDGE_LOOP('',(#6655,#6656,#6657,#6658));
#980=EDGE_LOOP('',(#6659,#6660,#6661,#6662));
#981=EDGE_LOOP('',(#6663,#6664,#6665,#6666));
#982=EDGE_LOOP('',(#6667,#6668,#6669,#6670));
#983=EDGE_LOOP('',(#6671,#6672,#6673,#6674));
#984=EDGE_LOOP('',(#6675,#6676,#6677,#6678));
#985=EDGE_LOOP('',(#6679,#6680,#6681,#6682));
#986=EDGE_LOOP('',(#6683,#6684,#6685,#6686));
#987=EDGE_LOOP('',(#6687,#6688,#6689,#6690));
#988=EDGE_LOOP('',(#6691,#6692,#6693,#6694,#6695,#6696,#6697,#6698,#6699,
#6700,#6701,#6702));
#989=EDGE_LOOP('',(#6703,#6704,#6705,#6706));
#990=EDGE_LOOP('',(#6707,#6708,#6709,#6710,#6711,#6712,#6713,#6714,#6715,
#6716,#6717,#6718,#6719,#6720,#6721,#6722,#6723,#6724,#6725,#6726,#6727,
#6728,#6729,#6730,#6731,#6732));
#991=EDGE_LOOP('',(#6733,#6734,#6735,#6736));
#992=EDGE_LOOP('',(#6737,#6738,#6739,#6740,#6741,#6742,#6743,#6744,#6745,
#6746,#6747,#6748));
#993=EDGE_LOOP('',(#6749,#6750,#6751,#6752,#6753,#6754,#6755,#6756,#6757,
#6758,#6759,#6760,#6761,#6762,#6763,#6764,#6765,#6766,#6767,#6768,#6769,
#6770,#6771,#6772,#6773,#6774));
#994=EDGE_LOOP('',(#6775,#6776,#6777,#6778));
#995=EDGE_LOOP('',(#6779,#6780,#6781,#6782));
#996=EDGE_LOOP('',(#6783,#6784,#6785,#6786));
#997=EDGE_LOOP('',(#6787,#6788,#6789,#6790));
#998=EDGE_LOOP('',(#6791,#6792,#6793,#6794));
#999=EDGE_LOOP('',(#6795,#6796,#6797,#6798));
#1000=EDGE_LOOP('',(#6799,#6800,#6801,#6802));
#1001=EDGE_LOOP('',(#6803,#6804,#6805,#6806,#6807,#6808,#6809,#6810,#6811,
#6812));
#1002=EDGE_LOOP('',(#6813,#6814,#6815,#6816));
#1003=EDGE_LOOP('',(#6817,#6818,#6819,#6820));
#1004=EDGE_LOOP('',(#6821,#6822,#6823,#6824));
#1005=EDGE_LOOP('',(#6825,#6826,#6827,#6828));
#1006=EDGE_LOOP('',(#6829,#6830,#6831,#6832));
#1007=EDGE_LOOP('',(#6833,#6834,#6835,#6836));
#1008=EDGE_LOOP('',(#6837,#6838,#6839,#6840));
#1009=EDGE_LOOP('',(#6841,#6842,#6843,#6844));
#1010=EDGE_LOOP('',(#6845,#6846,#6847,#6848));
#1011=EDGE_LOOP('',(#6849,#6850,#6851,#6852,#6853,#6854,#6855,#6856,#6857,
#6858));
#1012=EDGE_LOOP('',(#6859,#6860,#6861,#6862));
#1013=EDGE_LOOP('',(#6863,#6864,#6865,#6866));
#1014=EDGE_LOOP('',(#6867,#6868,#6869,#6870));
#1015=EDGE_LOOP('',(#6871,#6872,#6873,#6874));
#1016=EDGE_LOOP('',(#6875,#6876,#6877,#6878));
#1017=EDGE_LOOP('',(#6879,#6880,#6881,#6882));
#1018=EDGE_LOOP('',(#6883,#6884,#6885,#6886));
#1019=EDGE_LOOP('',(#6887,#6888,#6889,#6890));
#1020=EDGE_LOOP('',(#6891,#6892,#6893,#6894));
#1021=EDGE_LOOP('',(#6895,#6896,#6897,#6898));
#1022=EDGE_LOOP('',(#6899,#6900,#6901,#6902));
#1023=EDGE_LOOP('',(#6903,#6904,#6905,#6906));
#1024=EDGE_LOOP('',(#6907,#6908,#6909,#6910));
#1025=EDGE_LOOP('',(#6911,#6912,#6913,#6914));
#1026=EDGE_LOOP('',(#6915,#6916,#6917,#6918));
#1027=EDGE_LOOP('',(#6919,#6920,#6921,#6922));
#1028=EDGE_LOOP('',(#6923,#6924,#6925,#6926));
#1029=EDGE_LOOP('',(#6927,#6928,#6929,#6930));
#1030=EDGE_LOOP('',(#6931,#6932,#6933,#6934));
#1031=EDGE_LOOP('',(#6935,#6936,#6937,#6938,#6939,#6940,#6941,#6942,#6943,
#6944,#6945,#6946,#6947,#6948));
#1032=EDGE_LOOP('',(#6949,#6950,#6951,#6952,#6953,#6954,#6955,#6956,#6957,
#6958,#6959,#6960,#6961,#6962));
#1033=EDGE_LOOP('',(#6963,#6964,#6965,#6966));
#1034=EDGE_LOOP('',(#6967,#6968,#6969,#6970));
#1035=EDGE_LOOP('',(#6971,#6972,#6973,#6974));
#1036=EDGE_LOOP('',(#6975,#6976,#6977,#6978));
#1037=EDGE_LOOP('',(#6979,#6980,#6981,#6982));
#1038=EDGE_LOOP('',(#6983,#6984,#6985,#6986));
#1039=EDGE_LOOP('',(#6987,#6988,#6989,#6990));
#1040=EDGE_LOOP('',(#6991,#6992,#6993,#6994));
#1041=EDGE_LOOP('',(#6995,#6996,#6997,#6998));
#1042=EDGE_LOOP('',(#6999,#7000,#7001,#7002));
#1043=EDGE_LOOP('',(#7003,#7004,#7005));
#1044=EDGE_LOOP('',(#7006,#7007,#7008));
#1045=EDGE_LOOP('',(#7009,#7010,#7011));
#1046=EDGE_LOOP('',(#7012,#7013,#7014));
#1047=EDGE_LOOP('',(#7015,#7016,#7017,#7018));
#1048=EDGE_LOOP('',(#7019,#7020,#7021,#7022));
#1049=EDGE_LOOP('',(#7023,#7024,#7025,#7026));
#1050=EDGE_LOOP('',(#7027,#7028,#7029,#7030));
#1051=EDGE_LOOP('',(#7031,#7032,#7033,#7034));
#1052=EDGE_LOOP('',(#7035,#7036,#7037,#7038));
#1053=EDGE_LOOP('',(#7039,#7040,#7041,#7042));
#1054=EDGE_LOOP('',(#7043,#7044,#7045,#7046));
#1055=EDGE_LOOP('',(#7047,#7048,#7049,#7050));
#1056=EDGE_LOOP('',(#7051,#7052,#7053,#7054,#7055,#7056,#7057,#7058,#7059,
#7060,#7061,#7062,#7063,#7064,#7065,#7066,#7067,#7068,#7069,#7070,#7071,
#7072,#7073,#7074));
#1057=EDGE_LOOP('',(#7075,#7076,#7077,#7078,#7079,#7080,#7081,#7082));
#1058=EDGE_LOOP('',(#7083,#7084,#7085,#7086));
#1059=EDGE_LOOP('',(#7087,#7088,#7089,#7090));
#1060=EDGE_LOOP('',(#7091,#7092,#7093,#7094,#7095,#7096,#7097,#7098));
#1061=EDGE_LOOP('',(#7099,#7100,#7101,#7102,#7103,#7104,#7105,#7106,#7107,
#7108,#7109,#7110,#7111,#7112,#7113,#7114));
#1062=EDGE_LOOP('',(#7115,#7116,#7117,#7118));
#1063=EDGE_LOOP('',(#7119,#7120,#7121,#7122,#7123,#7124,#7125,#7126));
#1064=EDGE_LOOP('',(#7127,#7128,#7129,#7130));
#1065=EDGE_LOOP('',(#7131,#7132,#7133,#7134,#7135,#7136,#7137,#7138));
#1066=EDGE_LOOP('',(#7139,#7140,#7141,#7142));
#1067=EDGE_LOOP('',(#7143,#7144,#7145,#7146));
#1068=EDGE_LOOP('',(#7147,#7148,#7149,#7150));
#1069=EDGE_LOOP('',(#7151,#7152,#7153,#7154));
#1070=EDGE_LOOP('',(#7155,#7156,#7157,#7158,#7159,#7160,#7161,#7162,#7163,
#7164,#7165,#7166,#7167,#7168,#7169,#7170,#7171,#7172));
#1071=EDGE_LOOP('',(#7173,#7174,#7175,#7176,#7177,#7178,#7179,#7180,#7181,
#7182,#7183,#7184,#7185,#7186,#7187,#7188,#7189,#7190));
#1072=EDGE_LOOP('',(#7191,#7192,#7193,#7194));
#1073=EDGE_LOOP('',(#7195,#7196,#7197,#7198));
#1074=EDGE_LOOP('',(#7199,#7200,#7201,#7202));
#1075=EDGE_LOOP('',(#7203,#7204,#7205,#7206,#7207,#7208,#7209));
#1076=EDGE_LOOP('',(#7210,#7211,#7212,#7213));
#1077=EDGE_LOOP('',(#7214,#7215,#7216,#7217));
#1078=EDGE_LOOP('',(#7218,#7219,#7220,#7221));
#1079=EDGE_LOOP('',(#7222,#7223,#7224,#7225));
#1080=EDGE_LOOP('',(#7226,#7227,#7228,#7229,#7230,#7231,#7232));
#1081=EDGE_LOOP('',(#7233,#7234,#7235,#7236));
#1082=EDGE_LOOP('',(#7237,#7238,#7239,#7240,#7241,#7242,#7243,#7244,#7245,
#7246,#7247,#7248,#7249,#7250,#7251,#7252,#7253,#7254));
#1083=EDGE_LOOP('',(#7255,#7256,#7257,#7258));
#1084=EDGE_LOOP('',(#7259,#7260,#7261,#7262));
#1085=EDGE_LOOP('',(#7263,#7264,#7265,#7266,#7267,#7268,#7269,#7270,#7271,
#7272,#7273,#7274,#7275,#7276,#7277,#7278,#7279,#7280));
#1086=EDGE_LOOP('',(#7281,#7282,#7283,#7284));
#1087=EDGE_LOOP('',(#7285,#7286,#7287,#7288));
#1088=EDGE_LOOP('',(#7289,#7290,#7291,#7292));
#1089=EDGE_LOOP('',(#7293,#7294,#7295,#7296));
#1090=EDGE_LOOP('',(#7297,#7298,#7299,#7300));
#1091=EDGE_LOOP('',(#7301,#7302,#7303,#7304));
#1092=EDGE_LOOP('',(#7305,#7306,#7307,#7308,#7309,#7310,#7311,#7312));
#1093=EDGE_LOOP('',(#7313,#7314,#7315,#7316,#7317,#7318,#7319,#7320,#7321,
#7322,#7323,#7324,#7325,#7326,#7327,#7328,#7329,#7330,#7331,#7332,#7333,
#7334,#7335,#7336));
#1094=EDGE_LOOP('',(#7337,#7338,#7339,#7340,#7341,#7342,#7343,#7344));
#1095=EDGE_LOOP('',(#7345,#7346,#7347,#7348));
#1096=EDGE_LOOP('',(#7349,#7350,#7351,#7352));
#1097=EDGE_LOOP('',(#7353,#7354,#7355,#7356));
#1098=EDGE_LOOP('',(#7357,#7358,#7359,#7360));
#1099=EDGE_LOOP('',(#7361,#7362,#7363,#7364));
#1100=EDGE_LOOP('',(#7365,#7366,#7367,#7368,#7369,#7370));
#1101=EDGE_LOOP('',(#7371,#7372,#7373,#7374,#7375,#7376));
#1102=EDGE_LOOP('',(#7377,#7378,#7379,#7380));
#1103=EDGE_LOOP('',(#7381,#7382,#7383,#7384,#7385,#7386,#7387,#7388,#7389,
#7390,#7391,#7392,#7393,#7394,#7395));
#1104=EDGE_LOOP('',(#7396,#7397,#7398,#7399));
#1105=EDGE_LOOP('',(#7400,#7401,#7402,#7403));
#1106=EDGE_LOOP('',(#7404,#7405,#7406,#7407));
#1107=EDGE_LOOP('',(#7408,#7409,#7410,#7411));
#1108=EDGE_LOOP('',(#7412,#7413,#7414,#7415,#7416,#7417));
#1109=EDGE_LOOP('',(#7418,#7419,#7420,#7421));
#1110=EDGE_LOOP('',(#7422,#7423,#7424,#7425,#7426,#7427));
#1111=EDGE_LOOP('',(#7428,#7429,#7430,#7431));
#1112=EDGE_LOOP('',(#7432,#7433,#7434,#7435,#7436,#7437,#7438));
#1113=EDGE_LOOP('',(#7439,#7440,#7441,#7442));
#1114=EDGE_LOOP('',(#7443,#7444,#7445,#7446,#7447,#7448));
#1115=EDGE_LOOP('',(#7449,#7450,#7451,#7452,#7453,#7454));
#1116=EDGE_LOOP('',(#7455,#7456,#7457,#7458));
#1117=EDGE_LOOP('',(#7459,#7460,#7461,#7462));
#1118=EDGE_LOOP('',(#7463,#7464,#7465,#7466));
#1119=EDGE_LOOP('',(#7467,#7468,#7469,#7470));
#1120=EDGE_LOOP('',(#7471,#7472,#7473,#7474));
#1121=EDGE_LOOP('',(#7475,#7476,#7477,#7478,#7479,#7480));
#1122=EDGE_LOOP('',(#7481,#7482,#7483,#7484));
#1123=EDGE_LOOP('',(#7485,#7486,#7487,#7488,#7489,#7490,#7491,#7492,#7493,
#7494,#7495,#7496,#7497,#7498));
#1124=EDGE_LOOP('',(#7499,#7500,#7501,#7502));
#1125=EDGE_LOOP('',(#7503,#7504,#7505,#7506,#7507));
#1126=EDGE_LOOP('',(#7508,#7509,#7510,#7511,#7512,#7513,#7514,#7515));
#1127=EDGE_LOOP('',(#7516,#7517,#7518,#7519,#7520));
#1128=EDGE_LOOP('',(#7521,#7522,#7523,#7524,#7525));
#1129=EDGE_LOOP('',(#7526,#7527,#7528,#7529));
#1130=EDGE_LOOP('',(#7530,#7531,#7532,#7533,#7534));
#1131=EDGE_LOOP('',(#7535,#7536,#7537,#7538,#7539,#7540,#7541,#7542));
#1132=EDGE_LOOP('',(#7543,#7544,#7545,#7546));
#1133=EDGE_LOOP('',(#7547,#7548,#7549,#7550));
#1134=EDGE_LOOP('',(#7551,#7552,#7553,#7554));
#1135=EDGE_LOOP('',(#7555,#7556,#7557,#7558));
#1136=EDGE_LOOP('',(#7559,#7560,#7561,#7562,#7563,#7564,#7565,#7566,#7567,
#7568));
#1137=EDGE_LOOP('',(#7569,#7570,#7571,#7572));
#1138=EDGE_LOOP('',(#7573,#7574,#7575,#7576));
#1139=EDGE_LOOP('',(#7577,#7578,#7579,#7580));
#1140=EDGE_LOOP('',(#7581,#7582,#7583,#7584,#7585,#7586,#7587,#7588,#7589,
#7590));
#1141=EDGE_LOOP('',(#7591,#7592,#7593,#7594,#7595,#7596,#7597,#7598,#7599,
#7600,#7601,#7602,#7603,#7604));
#1142=EDGE_LOOP('',(#7605,#7606,#7607,#7608));
#1143=EDGE_LOOP('',(#7609,#7610,#7611,#7612,#7613,#7614,#7615,#7616,#7617,
#7618,#7619,#7620,#7621,#7622));
#1144=EDGE_LOOP('',(#7623,#7624,#7625,#7626));
#1145=EDGE_LOOP('',(#7627,#7628,#7629,#7630,#7631,#7632,#7633,#7634,#7635,
#7636,#7637,#7638,#7639,#7640));
#1146=EDGE_LOOP('',(#7641,#7642,#7643,#7644));
#1147=EDGE_LOOP('',(#7645,#7646,#7647,#7648));
#1148=EDGE_LOOP('',(#7649,#7650,#7651,#7652));
#1149=EDGE_LOOP('',(#7653,#7654,#7655,#7656));
#1150=EDGE_LOOP('',(#7657,#7658,#7659,#7660));
#1151=EDGE_LOOP('',(#7661,#7662,#7663,#7664));
#1152=EDGE_LOOP('',(#7665,#7666,#7667,#7668,#7669,#7670,#7671,#7672,#7673,
#7674,#7675,#7676));
#1153=EDGE_LOOP('',(#7677,#7678,#7679,#7680));
#1154=EDGE_LOOP('',(#7681,#7682,#7683,#7684));
#1155=EDGE_LOOP('',(#7685,#7686,#7687,#7688,#7689,#7690,#7691,#7692,#7693,
#7694,#7695,#7696));
#1156=EDGE_LOOP('',(#7697,#7698,#7699,#7700));
#1157=EDGE_LOOP('',(#7701,#7702,#7703,#7704));
#1158=EDGE_LOOP('',(#7705,#7706,#7707,#7708));
#1159=EDGE_LOOP('',(#7709,#7710,#7711,#7712));
#1160=EDGE_LOOP('',(#7713,#7714,#7715,#7716,#7717,#7718,#7719));
#1161=EDGE_LOOP('',(#7720,#7721,#7722,#7723));
#1162=EDGE_LOOP('',(#7724,#7725,#7726,#7727));
#1163=EDGE_LOOP('',(#7728,#7729,#7730,#7731));
#1164=EDGE_LOOP('',(#7732,#7733,#7734,#7735));
#1165=EDGE_LOOP('',(#7736,#7737,#7738,#7739,#7740,#7741,#7742));
#1166=EDGE_LOOP('',(#7743,#7744,#7745,#7746));
#1167=EDGE_LOOP('',(#7747,#7748,#7749,#7750));
#1168=EDGE_LOOP('',(#7751,#7752,#7753,#7754));
#1169=EDGE_LOOP('',(#7755,#7756,#7757,#7758));
#1170=EDGE_LOOP('',(#7759,#7760,#7761,#7762,#7763,#7764,#7765,#7766,#7767,
#7768,#7769,#7770));
#1171=EDGE_LOOP('',(#7771,#7772,#7773,#7774));
#1172=EDGE_LOOP('',(#7775,#7776,#7777,#7778));
#1173=EDGE_LOOP('',(#7779,#7780,#7781,#7782,#7783,#7784,#7785,#7786,#7787,
#7788,#7789,#7790));
#1174=EDGE_LOOP('',(#7791,#7792,#7793,#7794));
#1175=EDGE_LOOP('',(#7795,#7796,#7797,#7798));
#1176=EDGE_LOOP('',(#7799,#7800,#7801,#7802));
#1177=EDGE_LOOP('',(#7803,#7804,#7805,#7806));
#1178=EDGE_LOOP('',(#7807,#7808,#7809,#7810));
#1179=EDGE_LOOP('',(#7811,#7812,#7813,#7814));
#1180=EDGE_LOOP('',(#7815,#7816,#7817,#7818));
#1181=EDGE_LOOP('',(#7819,#7820,#7821,#7822,#7823,#7824,#7825,#7826));
#1182=EDGE_LOOP('',(#7827,#7828,#7829,#7830));
#1183=EDGE_LOOP('',(#7831,#7832,#7833,#7834));
#1184=EDGE_LOOP('',(#7835,#7836,#7837,#7838,#7839,#7840,#7841,#7842));
#1185=EDGE_LOOP('',(#7843,#7844,#7845,#7846,#7847,#7848,#7849,#7850,#7851,
#7852));
#1186=EDGE_LOOP('',(#7853,#7854,#7855,#7856,#7857,#7858,#7859,#7860,#7861,
#7862));
#1187=EDGE_LOOP('',(#7863,#7864,#7865,#7866));
#1188=EDGE_LOOP('',(#7867,#7868,#7869,#7870));
#1189=EDGE_LOOP('',(#7871,#7872,#7873,#7874));
#1190=EDGE_LOOP('',(#7875,#7876,#7877,#7878));
#1191=EDGE_LOOP('',(#7879,#7880,#7881,#7882,#7883,#7884,#7885,#7886,#7887,
#7888,#7889,#7890,#7891,#7892));
#1192=EDGE_LOOP('',(#7893,#7894,#7895,#7896));
#1193=EDGE_LOOP('',(#7897,#7898,#7899,#7900));
#1194=EDGE_LOOP('',(#7901,#7902,#7903,#7904));
#1195=EDGE_LOOP('',(#7905,#7906,#7907,#7908));
#1196=EDGE_LOOP('',(#7909,#7910,#7911,#7912,#7913,#7914,#7915,#7916,#7917,
#7918,#7919,#7920,#7921,#7922));
#1197=EDGE_LOOP('',(#7923,#7924,#7925,#7926));
#1198=EDGE_LOOP('',(#7927,#7928,#7929,#7930,#7931,#7932,#7933,#7934,#7935,
#7936,#7937,#7938,#7939,#7940));
#1199=EDGE_LOOP('',(#7941,#7942,#7943,#7944));
#1200=EDGE_LOOP('',(#7945,#7946,#7947,#7948));
#1201=EDGE_LOOP('',(#7949,#7950,#7951,#7952));
#1202=EDGE_LOOP('',(#7953,#7954,#7955,#7956));
#1203=EDGE_LOOP('',(#7957,#7958,#7959,#7960));
#1204=EDGE_LOOP('',(#7961,#7962,#7963,#7964));
#1205=EDGE_LOOP('',(#7965,#7966,#7967,#7968));
#1206=EDGE_LOOP('',(#7969,#7970,#7971,#7972));
#1207=EDGE_LOOP('',(#7973,#7974,#7975,#7976));
#1208=EDGE_LOOP('',(#7977,#7978,#7979,#7980,#7981,#7982));
#1209=EDGE_LOOP('',(#7983,#7984,#7985,#7986,#7987));
#1210=EDGE_LOOP('',(#7988,#7989,#7990,#7991));
#1211=EDGE_LOOP('',(#7992,#7993,#7994,#7995,#7996));
#1212=EDGE_LOOP('',(#7997,#7998,#7999,#8000,#8001,#8002));
#1213=EDGE_LOOP('',(#8003,#8004,#8005,#8006));
#1214=EDGE_LOOP('',(#8007,#8008,#8009,#8010));
#1215=EDGE_LOOP('',(#8011,#8012,#8013,#8014));
#1216=EDGE_LOOP('',(#8015,#8016,#8017,#8018));
#1217=EDGE_LOOP('',(#8019,#8020,#8021,#8022));
#1218=EDGE_LOOP('',(#8023,#8024,#8025,#8026));
#1219=EDGE_LOOP('',(#8027,#8028,#8029,#8030));
#1220=EDGE_LOOP('',(#8031,#8032,#8033,#8034,#8035,#8036,#8037,#8038));
#1221=EDGE_LOOP('',(#8039,#8040,#8041,#8042));
#1222=EDGE_LOOP('',(#8043,#8044,#8045,#8046));
#1223=EDGE_LOOP('',(#8047,#8048,#8049,#8050));
#1224=EDGE_LOOP('',(#8051,#8052,#8053,#8054));
#1225=EDGE_LOOP('',(#8055,#8056,#8057,#8058));
#1226=EDGE_LOOP('',(#8059,#8060,#8061,#8062));
#1227=EDGE_LOOP('',(#8063,#8064,#8065,#8066));
#1228=EDGE_LOOP('',(#8067,#8068,#8069,#8070,#8071,#8072,#8073,#8074));
#1229=EDGE_LOOP('',(#8075,#8076,#8077,#8078));
#1230=EDGE_LOOP('',(#8079,#8080,#8081,#8082));
#1231=EDGE_LOOP('',(#8083,#8084,#8085,#8086));
#1232=EDGE_LOOP('',(#8087,#8088,#8089,#8090));
#1233=EDGE_LOOP('',(#8091,#8092,#8093,#8094));
#1234=EDGE_LOOP('',(#8095,#8096,#8097,#8098,#8099,#8100,#8101,#8102));
#1235=EDGE_LOOP('',(#8103,#8104,#8105,#8106));
#1236=EDGE_LOOP('',(#8107,#8108,#8109,#8110));
#1237=EDGE_LOOP('',(#8111,#8112,#8113,#8114,#8115,#8116));
#1238=EDGE_LOOP('',(#8117,#8118,#8119,#8120));
#1239=EDGE_LOOP('',(#8121,#8122,#8123,#8124));
#1240=EDGE_LOOP('',(#8125,#8126,#8127,#8128));
#1241=EDGE_LOOP('',(#8129,#8130));
#1242=EDGE_LOOP('',(#8131,#8132,#8133,#8134));
#1243=EDGE_LOOP('',(#8135,#8136,#8137,#8138));
#1244=EDGE_LOOP('',(#8139,#8140,#8141,#8142,#8143,#8144));
#1245=EDGE_LOOP('',(#8145,#8146,#8147,#8148));
#1246=EDGE_LOOP('',(#8149,#8150,#8151,#8152));
#1247=EDGE_LOOP('',(#8153,#8154,#8155,#8156));
#1248=EDGE_LOOP('',(#8157,#8158));
#1249=EDGE_LOOP('',(#8159,#8160,#8161,#8162));
#1250=EDGE_LOOP('',(#8163,#8164,#8165,#8166));
#1251=EDGE_LOOP('',(#8167,#8168,#8169,#8170));
#1252=EDGE_LOOP('',(#8171,#8172,#8173,#8174,#8175,#8176,#8177,#8178,#8179,
#8180,#8181,#8182,#8183,#8184,#8185,#8186,#8187,#8188));
#1253=EDGE_LOOP('',(#8189,#8190,#8191,#8192,#8193,#8194,#8195,#8196,#8197,
#8198,#8199,#8200,#8201,#8202,#8203,#8204,#8205,#8206));
#1254=EDGE_LOOP('',(#8207,#8208,#8209,#8210,#8211,#8212,#8213,#8214));
#1255=EDGE_LOOP('',(#8215,#8216,#8217,#8218));
#1256=EDGE_LOOP('',(#8219,#8220,#8221,#8222));
#1257=EDGE_LOOP('',(#8223,#8224,#8225,#8226,#8227,#8228,#8229,#8230,#8231,
#8232,#8233,#8234,#8235,#8236,#8237,#8238,#8239,#8240,#8241,#8242,#8243,
#8244,#8245,#8246,#8247,#8248,#8249,#8250,#8251,#8252,#8253,#8254,#8255,
#8256,#8257,#8258,#8259,#8260,#8261,#8262));
#1258=EDGE_LOOP('',(#8263,#8264,#8265,#8266,#8267,#8268,#8269,#8270,#8271,
#8272));
#1259=EDGE_LOOP('',(#8273,#8274,#8275,#8276));
#1260=EDGE_LOOP('',(#8277,#8278,#8279,#8280));
#1261=EDGE_LOOP('',(#8281,#8282,#8283,#8284));
#1262=EDGE_LOOP('',(#8285,#8286,#8287,#8288));
#1263=EDGE_LOOP('',(#8289,#8290,#8291,#8292));
#1264=EDGE_LOOP('',(#8293,#8294,#8295,#8296));
#1265=EDGE_LOOP('',(#8297,#8298,#8299,#8300));
#1266=EDGE_LOOP('',(#8301,#8302,#8303,#8304));
#1267=EDGE_LOOP('',(#8305,#8306,#8307,#8308));
#1268=EDGE_LOOP('',(#8309,#8310,#8311,#8312));
#1269=EDGE_LOOP('',(#8313,#8314,#8315,#8316));
#1270=EDGE_LOOP('',(#8317,#8318,#8319,#8320,#8321,#8322,#8323,#8324));
#1271=EDGE_LOOP('',(#8325,#8326,#8327,#8328,#8329,#8330,#8331,#8332));
#1272=EDGE_LOOP('',(#8333,#8334,#8335,#8336));
#1273=EDGE_LOOP('',(#8337,#8338,#8339,#8340));
#1274=EDGE_LOOP('',(#8341,#8342,#8343,#8344));
#1275=EDGE_LOOP('',(#8345,#8346,#8347,#8348));
#1276=EDGE_LOOP('',(#8349,#8350,#8351,#8352));
#1277=EDGE_LOOP('',(#8353,#8354,#8355,#8356));
#1278=EDGE_LOOP('',(#8357,#8358,#8359,#8360));
#1279=EDGE_LOOP('',(#8361,#8362,#8363,#8364));
#1280=EDGE_LOOP('',(#8365,#8366,#8367,#8368,#8369,#8370,#8371,#8372));
#1281=EDGE_LOOP('',(#8373,#8374,#8375,#8376,#8377,#8378,#8379,#8380));
#1282=EDGE_LOOP('',(#8381,#8382,#8383,#8384));
#1283=EDGE_LOOP('',(#8385,#8386,#8387,#8388));
#1284=EDGE_LOOP('',(#8389,#8390,#8391,#8392));
#1285=EDGE_LOOP('',(#8393,#8394,#8395,#8396));
#1286=EDGE_LOOP('',(#8397,#8398,#8399,#8400));
#1287=EDGE_LOOP('',(#8401,#8402,#8403,#8404));
#1288=EDGE_LOOP('',(#8405,#8406,#8407,#8408,#8409,#8410));
#1289=EDGE_LOOP('',(#8411,#8412,#8413,#8414,#8415,#8416));
#1290=EDGE_LOOP('',(#8417,#8418,#8419,#8420));
#1291=EDGE_LOOP('',(#8421,#8422,#8423,#8424));
#1292=EDGE_LOOP('',(#8425,#8426,#8427,#8428));
#1293=EDGE_LOOP('',(#8429,#8430,#8431,#8432));
#1294=EDGE_LOOP('',(#8433,#8434,#8435,#8436));
#1295=EDGE_LOOP('',(#8437,#8438,#8439,#8440));
#1296=EDGE_LOOP('',(#8441,#8442,#8443,#8444,#8445,#8446));
#1297=EDGE_LOOP('',(#8447,#8448,#8449,#8450,#8451,#8452));
#1298=EDGE_LOOP('',(#8453,#8454,#8455,#8456));
#1299=EDGE_LOOP('',(#8457,#8458,#8459,#8460));
#1300=EDGE_LOOP('',(#8461,#8462,#8463,#8464));
#1301=EDGE_LOOP('',(#8465,#8466,#8467,#8468));
#1302=EDGE_LOOP('',(#8469,#8470,#8471,#8472));
#1303=EDGE_LOOP('',(#8473,#8474,#8475,#8476));
#1304=EDGE_LOOP('',(#8477,#8478,#8479,#8480,#8481,#8482));
#1305=EDGE_LOOP('',(#8483,#8484,#8485,#8486,#8487,#8488));
#1306=EDGE_LOOP('',(#8489,#8490,#8491,#8492));
#1307=EDGE_LOOP('',(#8493,#8494,#8495,#8496));
#1308=EDGE_LOOP('',(#8497,#8498,#8499,#8500));
#1309=EDGE_LOOP('',(#8501,#8502,#8503,#8504));
#1310=EDGE_LOOP('',(#8505,#8506,#8507,#8508));
#1311=EDGE_LOOP('',(#8509,#8510,#8511,#8512));
#1312=EDGE_LOOP('',(#8513,#8514,#8515,#8516,#8517,#8518));
#1313=EDGE_LOOP('',(#8519,#8520,#8521,#8522,#8523,#8524));
#1314=EDGE_LOOP('',(#8525,#8526,#8527,#8528));
#1315=EDGE_LOOP('',(#8529,#8530,#8531,#8532));
#1316=EDGE_LOOP('',(#8533,#8534,#8535,#8536,#8537,#8538));
#1317=EDGE_LOOP('',(#8539,#8540,#8541,#8542,#8543,#8544,#8545,#8546));
#1318=EDGE_LOOP('',(#8547,#8548,#8549,#8550,#8551,#8552));
#1319=EDGE_LOOP('',(#8553,#8554,#8555,#8556));
#1320=EDGE_LOOP('',(#8557,#8558,#8559,#8560,#8561,#8562,#8563,#8564));
#1321=EDGE_LOOP('',(#8565,#8566,#8567,#8568));
#1322=EDGE_LOOP('',(#8569,#8570,#8571,#8572,#8573,#8574,#8575,#8576,#8577,
#8578,#8579,#8580,#8581,#8582,#8583,#8584,#8585,#8586,#8587,#8588,#8589,
#8590,#8591,#8592));
#1323=EDGE_LOOP('',(#8593,#8594,#8595,#8596));
#1324=EDGE_LOOP('',(#8597,#8598,#8599,#8600,#8601,#8602,#8603,#8604,#8605,
#8606,#8607,#8608));
#1325=EDGE_LOOP('',(#8609,#8610,#8611,#8612));
#1326=EDGE_LOOP('',(#8613,#8614,#8615,#8616));
#1327=EDGE_LOOP('',(#8617,#8618,#8619,#8620));
#1328=EDGE_LOOP('',(#8621,#8622,#8623,#8624));
#1329=EDGE_LOOP('',(#8625,#8626,#8627,#8628,#8629,#8630,#8631,#8632,#8633,
#8634,#8635,#8636,#8637,#8638,#8639,#8640,#8641,#8642,#8643,#8644,#8645,
#8646,#8647,#8648,#8649,#8650));
#1330=EDGE_LOOP('',(#8651,#8652,#8653,#8654));
#1331=EDGE_LOOP('',(#8655,#8656,#8657,#8658));
#1332=EDGE_LOOP('',(#8659,#8660,#8661,#8662));
#1333=EDGE_LOOP('',(#8663,#8664,#8665,#8666,#8667,#8668,#8669,#8670));
#1334=EDGE_LOOP('',(#8671,#8672,#8673,#8674));
#1335=EDGE_LOOP('',(#8675,#8676,#8677,#8678,#8679,#8680,#8681,#8682));
#1336=EDGE_LOOP('',(#8683,#8684,#8685,#8686));
#1337=EDGE_LOOP('',(#8687,#8688,#8689,#8690));
#1338=EDGE_LOOP('',(#8691,#8692,#8693,#8694));
#1339=EDGE_LOOP('',(#8695,#8696,#8697,#8698));
#1340=EDGE_LOOP('',(#8699,#8700,#8701,#8702,#8703,#8704,#8705,#8706,#8707,
#8708,#8709,#8710));
#1341=EDGE_LOOP('',(#8711,#8712,#8713,#8714));
#1342=EDGE_LOOP('',(#8715));
#1343=EDGE_LOOP('',(#8716,#8717,#8718,#8719,#8720,#8721,#8722,#8723,#8724,
#8725,#8726,#8727));
#1344=EDGE_LOOP('',(#8728,#8729,#8730,#8731));
#1345=EDGE_LOOP('',(#8732,#8733,#8734,#8735));
#1346=EDGE_LOOP('',(#8736,#8737,#8738,#8739));
#1347=EDGE_LOOP('',(#8740,#8741,#8742,#8743));
#1348=EDGE_LOOP('',(#8744,#8745,#8746,#8747));
#1349=EDGE_LOOP('',(#8748,#8749,#8750,#8751));
#1350=EDGE_LOOP('',(#8752,#8753,#8754,#8755));
#1351=EDGE_LOOP('',(#8756,#8757,#8758,#8759,#8760));
#1352=EDGE_LOOP('',(#8761,#8762,#8763,#8764,#8765,#8766,#8767,#8768,#8769,
#8770,#8771,#8772));
#1353=EDGE_LOOP('',(#8773,#8774,#8775,#8776,#8777));
#1354=EDGE_LOOP('',(#8778,#8779,#8780,#8781));
#1355=EDGE_LOOP('',(#8782,#8783,#8784,#8785));
#1356=EDGE_LOOP('',(#8786,#8787,#8788,#8789));
#1357=EDGE_LOOP('',(#8790,#8791,#8792,#8793));
#1358=EDGE_LOOP('',(#8794,#8795,#8796,#8797));
#1359=EDGE_LOOP('',(#8798,#8799,#8800,#8801));
#1360=EDGE_LOOP('',(#8802,#8803,#8804,#8805));
#1361=EDGE_LOOP('',(#8806,#8807,#8808,#8809));
#1362=EDGE_LOOP('',(#8810,#8811,#8812,#8813));
#1363=EDGE_LOOP('',(#8814,#8815,#8816,#8817));
#1364=EDGE_LOOP('',(#8818,#8819,#8820,#8821));
#1365=EDGE_LOOP('',(#8822,#8823,#8824,#8825));
#1366=EDGE_LOOP('',(#8826,#8827,#8828,#8829));
#1367=EDGE_LOOP('',(#8830,#8831,#8832,#8833,#8834,#8835));
#1368=EDGE_LOOP('',(#8836,#8837,#8838,#8839));
#1369=EDGE_LOOP('',(#8840,#8841,#8842,#8843,#8844,#8845));
#1370=EDGE_LOOP('',(#8846,#8847,#8848,#8849));
#1371=EDGE_LOOP('',(#8850,#8851,#8852,#8853,#8854,#8855,#8856,#8857,#8858,
#8859));
#1372=EDGE_LOOP('',(#8860,#8861,#8862,#8863));
#1373=EDGE_LOOP('',(#8864,#8865,#8866,#8867,#8868,#8869,#8870,#8871,#8872,
#8873,#8874,#8875,#8876,#8877,#8878,#8879));
#1374=EDGE_LOOP('',(#8880,#8881,#8882,#8883));
#1375=EDGE_LOOP('',(#8884,#8885,#8886,#8887,#8888,#8889,#8890,#8891));
#1376=EDGE_LOOP('',(#8892,#8893,#8894,#8895));
#1377=EDGE_LOOP('',(#8896,#8897,#8898,#8899));
#1378=EDGE_LOOP('',(#8900,#8901,#8902,#8903));
#1379=EDGE_LOOP('',(#8904,#8905,#8906,#8907));
#1380=EDGE_LOOP('',(#8908,#8909,#8910,#8911));
#1381=EDGE_LOOP('',(#8912));
#1382=EDGE_LOOP('',(#8913,#8914,#8915,#8916));
#1383=EDGE_LOOP('',(#8917,#8918,#8919,#8920));
#1384=EDGE_LOOP('',(#8921,#8922,#8923,#8924));
#1385=EDGE_LOOP('',(#8925,#8926,#8927,#8928));
#1386=EDGE_LOOP('',(#8929,#8930,#8931,#8932,#8933,#8934));
#1387=EDGE_LOOP('',(#8935,#8936,#8937,#8938));
#1388=EDGE_LOOP('',(#8939,#8940,#8941,#8942));
#1389=EDGE_LOOP('',(#8943,#8944,#8945,#8946));
#1390=EDGE_LOOP('',(#8947,#8948,#8949,#8950));
#1391=EDGE_LOOP('',(#8951,#8952,#8953,#8954));
#1392=EDGE_LOOP('',(#8955,#8956,#8957,#8958,#8959));
#1393=EDGE_LOOP('',(#8960,#8961,#8962,#8963));
#1394=EDGE_LOOP('',(#8964,#8965,#8966,#8967));
#1395=EDGE_LOOP('',(#8968,#8969,#8970,#8971));
#1396=EDGE_LOOP('',(#8972,#8973,#8974,#8975));
#1397=EDGE_LOOP('',(#8976,#8977,#8978,#8979));
#1398=EDGE_LOOP('',(#8980,#8981,#8982,#8983));
#1399=EDGE_LOOP('',(#8984,#8985,#8986,#8987));
#1400=EDGE_LOOP('',(#8988,#8989,#8990,#8991));
#1401=EDGE_LOOP('',(#8992,#8993,#8994,#8995));
#1402=EDGE_LOOP('',(#8996,#8997,#8998,#8999));
#1403=EDGE_LOOP('',(#9000,#9001,#9002,#9003));
#1404=EDGE_LOOP('',(#9004,#9005,#9006,#9007));
#1405=EDGE_LOOP('',(#9008,#9009,#9010,#9011,#9012,#9013,#9014,#9015,#9016,
#9017,#9018,#9019));
#1406=EDGE_LOOP('',(#9020,#9021,#9022,#9023));
#1407=EDGE_LOOP('',(#9024,#9025,#9026,#9027));
#1408=EDGE_LOOP('',(#9028,#9029,#9030,#9031));
#1409=EDGE_LOOP('',(#9032,#9033,#9034,#9035,#9036));
#1410=EDGE_LOOP('',(#9037,#9038,#9039,#9040));
#1411=EDGE_LOOP('',(#9041,#9042,#9043,#9044,#9045,#9046,#9047,#9048,#9049,
#9050,#9051,#9052,#9053,#9054,#9055,#9056));
#1412=EDGE_LOOP('',(#9057,#9058,#9059,#9060,#9061,#9062,#9063,#9064,#9065,
#9066,#9067,#9068));
#1413=EDGE_LOOP('',(#9069,#9070,#9071,#9072));
#1414=EDGE_LOOP('',(#9073,#9074,#9075,#9076,#9077,#9078));
#1415=EDGE_LOOP('',(#9079,#9080,#9081,#9082));
#1416=EDGE_LOOP('',(#9083,#9084,#9085,#9086));
#1417=EDGE_LOOP('',(#9087,#9088,#9089,#9090));
#1418=EDGE_LOOP('',(#9091,#9092,#9093,#9094));
#1419=EDGE_LOOP('',(#9095,#9096,#9097,#9098));
#1420=EDGE_LOOP('',(#9099,#9100,#9101,#9102));
#1421=EDGE_LOOP('',(#9103,#9104,#9105,#9106,#9107,#9108,#9109,#9110));
#1422=EDGE_LOOP('',(#9111,#9112,#9113,#9114));
#1423=EDGE_LOOP('',(#9115,#9116,#9117,#9118));
#1424=EDGE_LOOP('',(#9119,#9120,#9121,#9122));
#1425=EDGE_LOOP('',(#9123,#9124,#9125,#9126));
#1426=EDGE_LOOP('',(#9127,#9128,#9129,#9130));
#1427=EDGE_LOOP('',(#9131,#9132,#9133,#9134));
#1428=EDGE_LOOP('',(#9135,#9136,#9137,#9138,#9139,#9140,#9141,#9142));
#1429=EDGE_LOOP('',(#9143,#9144,#9145,#9146));
#1430=EDGE_LOOP('',(#9147,#9148,#9149,#9150));
#1431=EDGE_LOOP('',(#9151,#9152,#9153,#9154));
#1432=EDGE_LOOP('',(#9155,#9156,#9157,#9158));
#1433=EDGE_LOOP('',(#9159,#9160,#9161,#9162));
#1434=EDGE_LOOP('',(#9163,#9164,#9165,#9166));
#1435=EDGE_LOOP('',(#9167,#9168,#9169,#9170));
#1436=EDGE_LOOP('',(#9171,#9172,#9173,#9174,#9175,#9176,#9177,#9178,#9179,
#9180,#9181,#9182,#9183,#9184,#9185,#9186,#9187,#9188,#9189,#9190,#9191,
#9192,#9193,#9194));
#1437=EDGE_LOOP('',(#9195,#9196,#9197,#9198,#9199,#9200,#9201,#9202,#9203,
#9204,#9205,#9206,#9207,#9208,#9209,#9210,#9211,#9212,#9213,#9214,#9215,
#9216,#9217,#9218));
#1438=EDGE_LOOP('',(#9219,#9220,#9221,#9222));
#1439=EDGE_LOOP('',(#9223,#9224,#9225,#9226));
#1440=EDGE_LOOP('',(#9227,#9228,#9229,#9230));
#1441=EDGE_LOOP('',(#9231,#9232,#9233,#9234));
#1442=EDGE_LOOP('',(#9235,#9236,#9237,#9238,#9239,#9240,#9241,#9242,#9243,
#9244,#9245,#9246,#9247,#9248,#9249,#9250));
#1443=EDGE_LOOP('',(#9251,#9252,#9253,#9254));
#1444=EDGE_LOOP('',(#9255,#9256,#9257,#9258));
#1445=EDGE_LOOP('',(#9259,#9260,#9261,#9262));
#1446=EDGE_LOOP('',(#9263,#9264,#9265,#9266));
#1447=EDGE_LOOP('',(#9267,#9268,#9269,#9270));
#1448=EDGE_LOOP('',(#9271,#9272,#9273,#9274));
#1449=EDGE_LOOP('',(#9275,#9276,#9277,#9278));
#1450=EDGE_LOOP('',(#9279,#9280,#9281,#9282));
#1451=EDGE_LOOP('',(#9283,#9284,#9285,#9286));
#1452=EDGE_LOOP('',(#9287,#9288,#9289,#9290));
#1453=EDGE_LOOP('',(#9291,#9292,#9293,#9294));
#1454=EDGE_LOOP('',(#9295,#9296,#9297,#9298));
#1455=EDGE_LOOP('',(#9299,#9300,#9301,#9302));
#1456=EDGE_LOOP('',(#9303,#9304,#9305,#9306));
#1457=EDGE_LOOP('',(#9307,#9308,#9309,#9310));
#1458=EDGE_LOOP('',(#9311,#9312,#9313,#9314));
#1459=EDGE_LOOP('',(#9315,#9316,#9317,#9318));
#1460=EDGE_LOOP('',(#9319,#9320,#9321,#9322));
#1461=EDGE_LOOP('',(#9323,#9324,#9325,#9326));
#1462=EDGE_LOOP('',(#9327,#9328,#9329,#9330,#9331,#9332,#9333,#9334,#9335,
#9336,#9337,#9338,#9339,#9340,#9341,#9342));
#1463=EDGE_LOOP('',(#9343,#9344,#9345,#9346));
#1464=EDGE_LOOP('',(#9347,#9348,#9349,#9350));
#1465=EDGE_LOOP('',(#9351,#9352,#9353,#9354));
#1466=EDGE_LOOP('',(#9355,#9356,#9357,#9358));
#1467=EDGE_LOOP('',(#9359,#9360,#9361,#9362));
#1468=EDGE_LOOP('',(#9363,#9364,#9365,#9366));
#1469=EDGE_LOOP('',(#9367,#9368,#9369,#9370));
#1470=EDGE_LOOP('',(#9371,#9372,#9373,#9374));
#1471=EDGE_LOOP('',(#9375,#9376,#9377,#9378));
#1472=EDGE_LOOP('',(#9379,#9380,#9381,#9382,#9383,#9384,#9385,#9386,#9387,
#9388,#9389,#9390,#9391,#9392,#9393,#9394));
#1473=EDGE_LOOP('',(#9395,#9396,#9397,#9398));
#1474=EDGE_LOOP('',(#9399,#9400,#9401,#9402));
#1475=EDGE_LOOP('',(#9403,#9404,#9405,#9406));
#1476=EDGE_LOOP('',(#9407,#9408,#9409,#9410));
#1477=EDGE_LOOP('',(#9411,#9412,#9413,#9414));
#1478=EDGE_LOOP('',(#9415,#9416,#9417,#9418));
#1479=EDGE_LOOP('',(#9419,#9420,#9421,#9422));
#1480=EDGE_LOOP('',(#9423,#9424,#9425,#9426));
#1481=EDGE_LOOP('',(#9427,#9428,#9429,#9430));
#1482=EDGE_LOOP('',(#9431,#9432,#9433,#9434));
#1483=EDGE_LOOP('',(#9435,#9436,#9437,#9438));
#1484=EDGE_LOOP('',(#9439,#9440,#9441,#9442));
#1485=EDGE_LOOP('',(#9443,#9444,#9445,#9446));
#1486=EDGE_LOOP('',(#9447,#9448,#9449,#9450));
#1487=EDGE_LOOP('',(#9451,#9452,#9453,#9454));
#1488=EDGE_LOOP('',(#9455,#9456,#9457,#9458));
#1489=EDGE_LOOP('',(#9459,#9460,#9461,#9462));
#1490=EDGE_LOOP('',(#9463,#9464,#9465,#9466));
#1491=EDGE_LOOP('',(#9467,#9468,#9469,#9470));
#1492=EDGE_LOOP('',(#9471,#9472,#9473,#9474,#9475,#9476,#9477,#9478,#9479,
#9480,#9481,#9482,#9483,#9484,#9485,#9486));
#1493=EDGE_LOOP('',(#9487,#9488,#9489,#9490));
#1494=EDGE_LOOP('',(#9491,#9492,#9493,#9494));
#1495=EDGE_LOOP('',(#9495,#9496,#9497,#9498));
#1496=EDGE_LOOP('',(#9499,#9500,#9501,#9502));
#1497=EDGE_LOOP('',(#9503,#9504,#9505,#9506));
#1498=EDGE_LOOP('',(#9507,#9508,#9509,#9510));
#1499=EDGE_LOOP('',(#9511,#9512,#9513,#9514));
#1500=EDGE_LOOP('',(#9515,#9516,#9517,#9518));
#1501=EDGE_LOOP('',(#9519,#9520,#9521,#9522));
#1502=EDGE_LOOP('',(#9523,#9524,#9525,#9526));
#1503=EDGE_LOOP('',(#9527,#9528,#9529,#9530));
#1504=EDGE_LOOP('',(#9531,#9532,#9533,#9534));
#1505=EDGE_LOOP('',(#9535,#9536,#9537,#9538));
#1506=EDGE_LOOP('',(#9539,#9540,#9541,#9542));
#1507=EDGE_LOOP('',(#9543,#9544,#9545,#9546));
#1508=EDGE_LOOP('',(#9547,#9548,#9549,#9550));
#1509=EDGE_LOOP('',(#9551,#9552,#9553,#9554));
#1510=EDGE_LOOP('',(#9555,#9556,#9557,#9558));
#1511=EDGE_LOOP('',(#9559,#9560,#9561,#9562));
#1512=EDGE_LOOP('',(#9563,#9564,#9565,#9566));
#1513=EDGE_LOOP('',(#9567,#9568,#9569,#9570));
#1514=EDGE_LOOP('',(#9571,#9572,#9573,#9574));
#1515=EDGE_LOOP('',(#9575,#9576,#9577,#9578));
#1516=EDGE_LOOP('',(#9579,#9580,#9581,#9582));
#1517=EDGE_LOOP('',(#9583,#9584,#9585,#9586));
#1518=EDGE_LOOP('',(#9587,#9588,#9589,#9590));
#1519=EDGE_LOOP('',(#9591,#9592,#9593,#9594));
#1520=EDGE_LOOP('',(#9595,#9596,#9597,#9598));
#1521=EDGE_LOOP('',(#9599,#9600,#9601,#9602));
#1522=EDGE_LOOP('',(#9603,#9604,#9605,#9606));
#1523=EDGE_LOOP('',(#9607,#9608,#9609,#9610));
#1524=EDGE_LOOP('',(#9611,#9612,#9613,#9614));
#1525=EDGE_LOOP('',(#9615,#9616,#9617,#9618));
#1526=EDGE_LOOP('',(#9619,#9620,#9621,#9622));
#1527=EDGE_LOOP('',(#9623,#9624,#9625,#9626));
#1528=EDGE_LOOP('',(#9627,#9628,#9629,#9630));
#1529=EDGE_LOOP('',(#9631,#9632,#9633,#9634));
#1530=EDGE_LOOP('',(#9635,#9636,#9637,#9638));
#1531=EDGE_LOOP('',(#9639,#9640));
#1532=EDGE_LOOP('',(#9641,#9642));
#1533=EDGE_LOOP('',(#9643,#9644,#9645,#9646,#9647));
#1534=EDGE_LOOP('',(#9648,#9649,#9650,#9651,#9652,#9653));
#1535=EDGE_LOOP('',(#9654,#9655,#9656,#9657,#9658,#9659));
#1536=EDGE_LOOP('',(#9660,#9661,#9662,#9663,#9664,#9665));
#1537=EDGE_LOOP('',(#9666,#9667,#9668,#9669,#9670,#9671));
#1538=EDGE_LOOP('',(#9672,#9673,#9674,#9675,#9676,#9677));
#1539=EDGE_LOOP('',(#9678,#9679,#9680,#9681,#9682));
#1540=EDGE_LOOP('',(#9683));
#1541=EDGE_LOOP('',(#9684));
#1542=LINE('',#14169,#2826);
#1543=LINE('',#14171,#2827);
#1544=LINE('',#14173,#2828);
#1545=LINE('',#14174,#2829);
#1546=LINE('',#14177,#2830);
#1547=LINE('',#14179,#2831);
#1548=LINE('',#14180,#2832);
#1549=LINE('',#14184,#2833);
#1550=LINE('',#14186,#2834);
#1551=LINE('',#14188,#2835);
#1552=LINE('',#14190,#2836);
#1553=LINE('',#14192,#2837);
#1554=LINE('',#14194,#2838);
#1555=LINE('',#14196,#2839);
#1556=LINE('',#14198,#2840);
#1557=LINE('',#14199,#2841);
#1558=LINE('',#14200,#2842);
#1559=LINE('',#14203,#2843);
#1560=LINE('',#14204,#2844);
#1561=LINE('',#14207,#2845);
#1562=LINE('',#14208,#2846);
#1563=LINE('',#14211,#2847);
#1564=LINE('',#14212,#2848);
#1565=LINE('',#14215,#2849);
#1566=LINE('',#14216,#2850);
#1567=LINE('',#14219,#2851);
#1568=LINE('',#14220,#2852);
#1569=LINE('',#14223,#2853);
#1570=LINE('',#14224,#2854);
#1571=LINE('',#14227,#2855);
#1572=LINE('',#14228,#2856);
#1573=LINE('',#14231,#2857);
#1574=LINE('',#14232,#2858);
#1575=LINE('',#14235,#2859);
#1576=LINE('',#14236,#2860);
#1577=LINE('',#14240,#2861);
#1578=LINE('',#14242,#2862);
#1579=LINE('',#14244,#2863);
#1580=LINE('',#14245,#2864);
#1581=LINE('',#14248,#2865);
#1582=LINE('',#14250,#2866);
#1583=LINE('',#14251,#2867);
#1584=LINE('',#14253,#2868);
#1585=LINE('',#14255,#2869);
#1586=LINE('',#14257,#2870);
#1587=LINE('',#14259,#2871);
#1588=LINE('',#14260,#2872);
#1589=LINE('',#14263,#2873);
#1590=LINE('',#14265,#2874);
#1591=LINE('',#14267,#2875);
#1592=LINE('',#14268,#2876);
#1593=LINE('',#14271,#2877);
#1594=LINE('',#14273,#2878);
#1595=LINE('',#14275,#2879);
#1596=LINE('',#14277,#2880);
#1597=LINE('',#14279,#2881);
#1598=LINE('',#14281,#2882);
#1599=LINE('',#14283,#2883);
#1600=LINE('',#14285,#2884);
#1601=LINE('',#14287,#2885);
#1602=LINE('',#14288,#2886);
#1603=LINE('',#14290,#2887);
#1604=LINE('',#14292,#2888);
#1605=LINE('',#14294,#2889);
#1606=LINE('',#14296,#2890);
#1607=LINE('',#14298,#2891);
#1608=LINE('',#14302,#2892);
#1609=LINE('',#14306,#2893);
#1610=LINE('',#14308,#2894);
#1611=LINE('',#14310,#2895);
#1612=LINE('',#14312,#2896);
#1613=LINE('',#14313,#2897);
#1614=LINE('',#14316,#2898);
#1615=LINE('',#14317,#2899);
#1616=LINE('',#14320,#2900);
#1617=LINE('',#14322,#2901);
#1618=LINE('',#14324,#2902);
#1619=LINE('',#14326,#2903);
#1620=LINE('',#14328,#2904);
#1621=LINE('',#14330,#2905);
#1622=LINE('',#14332,#2906);
#1623=LINE('',#14334,#2907);
#1624=LINE('',#14335,#2908);
#1625=LINE('',#14338,#2909);
#1626=LINE('',#14340,#2910);
#1627=LINE('',#14342,#2911);
#1628=LINE('',#14344,#2912);
#1629=LINE('',#14346,#2913);
#1630=LINE('',#14350,#2914);
#1631=LINE('',#14354,#2915);
#1632=LINE('',#14356,#2916);
#1633=LINE('',#14358,#2917);
#1634=LINE('',#14360,#2918);
#1635=LINE('',#14361,#2919);
#1636=LINE('',#14363,#2920);
#1637=LINE('',#14365,#2921);
#1638=LINE('',#14367,#2922);
#1639=LINE('',#14370,#2923);
#1640=LINE('',#14372,#2924);
#1641=LINE('',#14373,#2925);
#1642=LINE('',#14376,#2926);
#1643=LINE('',#14377,#2927);
#1644=LINE('',#14380,#2928);
#1645=LINE('',#14381,#2929);
#1646=LINE('',#14383,#2930);
#1647=LINE('',#14389,#2931);
#1648=LINE('',#14393,#2932);
#1649=LINE('',#14394,#2933);
#1650=LINE('',#14396,#2934);
#1651=LINE('',#14397,#2935);
#1652=LINE('',#14400,#2936);
#1653=LINE('',#14401,#2937);
#1654=LINE('',#14404,#2938);
#1655=LINE('',#14405,#2939);
#1656=LINE('',#14408,#2940);
#1657=LINE('',#14409,#2941);
#1658=LINE('',#14412,#2942);
#1659=LINE('',#14416,#2943);
#1660=LINE('',#14417,#2944);
#1661=LINE('',#14420,#2945);
#1662=LINE('',#14424,#2946);
#1663=LINE('',#14425,#2947);
#1664=LINE('',#14428,#2948);
#1665=LINE('',#14429,#2949);
#1666=LINE('',#14432,#2950);
#1667=LINE('',#14433,#2951);
#1668=LINE('',#14438,#2952);
#1669=LINE('',#14440,#2953);
#1670=LINE('',#14442,#2954);
#1671=LINE('',#14445,#2955);
#1672=LINE('',#14447,#2956);
#1673=LINE('',#14449,#2957);
#1674=LINE('',#14451,#2958);
#1675=LINE('',#14453,#2959);
#1676=LINE('',#14455,#2960);
#1677=LINE('',#14457,#2961);
#1678=LINE('',#14459,#2962);
#1679=LINE('',#14463,#2963);
#1680=LINE('',#14464,#2964);
#1681=LINE('',#14467,#2965);
#1682=LINE('',#14468,#2966);
#1683=LINE('',#14471,#2967);
#1684=LINE('',#14472,#2968);
#1685=LINE('',#14475,#2969);
#1686=LINE('',#14479,#2970);
#1687=LINE('',#14480,#2971);
#1688=LINE('',#14483,#2972);
#1689=LINE('',#14487,#2973);
#1690=LINE('',#14488,#2974);
#1691=LINE('',#14491,#2975);
#1692=LINE('',#14492,#2976);
#1693=LINE('',#14494,#2977);
#1694=LINE('',#14498,#2978);
#1695=LINE('',#14500,#2979);
#1696=LINE('',#14502,#2980);
#1697=LINE('',#14503,#2981);
#1698=LINE('',#14506,#2982);
#1699=LINE('',#14508,#2983);
#1700=LINE('',#14509,#2984);
#1701=LINE('',#14512,#2985);
#1702=LINE('',#14514,#2986);
#1703=LINE('',#14515,#2987);
#1704=LINE('',#14518,#2988);
#1705=LINE('',#14522,#2989);
#1706=LINE('',#14523,#2990);
#1707=LINE('',#14528,#2991);
#1708=LINE('',#14530,#2992);
#1709=LINE('',#14531,#2993);
#1710=LINE('',#14555,#2994);
#1711=LINE('',#14557,#2995);
#1712=LINE('',#14559,#2996);
#1713=LINE('',#14560,#2997);
#1714=LINE('',#14563,#2998);
#1715=LINE('',#14565,#2999);
#1716=LINE('',#14566,#3000);
#1717=LINE('',#14569,#3001);
#1718=LINE('',#14570,#3002);
#1719=LINE('',#14573,#3003);
#1720=LINE('',#14574,#3004);
#1721=LINE('',#14578,#3005);
#1722=LINE('',#14580,#3006);
#1723=LINE('',#14582,#3007);
#1724=LINE('',#14583,#3008);
#1725=LINE('',#14587,#3009);
#1726=LINE('',#14588,#3010);
#1727=LINE('',#14589,#3011);
#1728=LINE('',#14592,#3012);
#1729=LINE('',#14593,#3013);
#1730=LINE('',#14596,#3014);
#1731=LINE('',#14597,#3015);
#1732=LINE('',#14601,#3016);
#1733=LINE('',#14603,#3017);
#1734=LINE('',#14605,#3018);
#1735=LINE('',#14606,#3019);
#1736=LINE('',#14609,#3020);
#1737=LINE('',#14611,#3021);
#1738=LINE('',#14613,#3022);
#1739=LINE('',#14615,#3023);
#1740=LINE('',#14617,#3024);
#1741=LINE('',#14619,#3025);
#1742=LINE('',#14621,#3026);
#1743=LINE('',#14623,#3027);
#1744=LINE('',#14625,#3028);
#1745=LINE('',#14627,#3029);
#1746=LINE('',#14629,#3030);
#1747=LINE('',#14631,#3031);
#1748=LINE('',#14633,#3032);
#1749=LINE('',#14635,#3033);
#1750=LINE('',#14636,#3034);
#1751=LINE('',#14638,#3035);
#1752=LINE('',#14640,#3036);
#1753=LINE('',#14642,#3037);
#1754=LINE('',#14644,#3038);
#1755=LINE('',#14645,#3039);
#1756=LINE('',#14648,#3040);
#1757=LINE('',#14649,#3041);
#1758=LINE('',#14651,#3042);
#1759=LINE('',#14653,#3043);
#1760=LINE('',#14654,#3044);
#1761=LINE('',#14657,#3045);
#1762=LINE('',#14658,#3046);
#1763=LINE('',#14660,#3047);
#1764=LINE('',#14663,#3048);
#1765=LINE('',#14665,#3049);
#1766=LINE('',#14666,#3050);
#1767=LINE('',#14672,#3051);
#1768=LINE('',#14676,#3052);
#1769=LINE('',#14678,#3053);
#1770=LINE('',#14680,#3054);
#1771=LINE('',#14682,#3055);
#1772=LINE('',#14684,#3056);
#1773=LINE('',#14688,#3057);
#1774=LINE('',#14691,#3058);
#1775=LINE('',#14692,#3059);
#1776=LINE('',#14695,#3060);
#1777=LINE('',#14697,#3061);
#1778=LINE('',#14699,#3062);
#1779=LINE('',#14700,#3063);
#1780=LINE('',#14703,#3064);
#1781=LINE('',#14705,#3065);
#1782=LINE('',#14707,#3066);
#1783=LINE('',#14709,#3067);
#1784=LINE('',#14711,#3068);
#1785=LINE('',#14713,#3069);
#1786=LINE('',#14715,#3070);
#1787=LINE('',#14716,#3071);
#1788=LINE('',#14719,#3072);
#1789=LINE('',#14721,#3073);
#1790=LINE('',#14723,#3074);
#1791=LINE('',#14724,#3075);
#1792=LINE('',#14727,#3076);
#1793=LINE('',#14729,#3077);
#1794=LINE('',#14731,#3078);
#1795=LINE('',#14733,#3079);
#1796=LINE('',#14735,#3080);
#1797=LINE('',#14737,#3081);
#1798=LINE('',#14739,#3082);
#1799=LINE('',#14740,#3083);
#1800=LINE('',#14743,#3084);
#1801=LINE('',#14745,#3085);
#1802=LINE('',#14747,#3086);
#1803=LINE('',#14748,#3087);
#1804=LINE('',#14751,#3088);
#1805=LINE('',#14753,#3089);
#1806=LINE('',#14755,#3090);
#1807=LINE('',#14756,#3091);
#1808=LINE('',#14759,#3092);
#1809=LINE('',#14761,#3093);
#1810=LINE('',#14763,#3094);
#1811=LINE('',#14764,#3095);
#1812=LINE('',#14768,#3096);
#1813=LINE('',#14770,#3097);
#1814=LINE('',#14772,#3098);
#1815=LINE('',#14774,#3099);
#1816=LINE('',#14776,#3100);
#1817=LINE('',#14778,#3101);
#1818=LINE('',#14780,#3102);
#1819=LINE('',#14782,#3103);
#1820=LINE('',#14784,#3104);
#1821=LINE('',#14786,#3105);
#1822=LINE('',#14788,#3106);
#1823=LINE('',#14790,#3107);
#1824=LINE('',#14792,#3108);
#1825=LINE('',#14796,#3109);
#1826=LINE('',#14801,#3110);
#1827=LINE('',#14802,#3111);
#1828=LINE('',#14804,#3112);
#1829=LINE('',#14806,#3113);
#1830=LINE('',#14807,#3114);
#1831=LINE('',#14809,#3115);
#1832=LINE('',#14811,#3116);
#1833=LINE('',#14812,#3117);
#1834=LINE('',#14814,#3118);
#1835=LINE('',#14816,#3119);
#1836=LINE('',#14818,#3120);
#1837=LINE('',#14820,#3121);
#1838=LINE('',#14822,#3122);
#1839=LINE('',#14823,#3123);
#1840=LINE('',#14826,#3124);
#1841=LINE('',#14828,#3125);
#1842=LINE('',#14830,#3126);
#1843=LINE('',#14831,#3127);
#1844=LINE('',#14834,#3128);
#1845=LINE('',#14836,#3129);
#1846=LINE('',#14838,#3130);
#1847=LINE('',#14839,#3131);
#1848=LINE('',#14842,#3132);
#1849=LINE('',#14843,#3133);
#1850=LINE('',#14846,#3134);
#1851=LINE('',#14848,#3135);
#1852=LINE('',#14850,#3136);
#1853=LINE('',#14852,#3137);
#1854=LINE('',#14853,#3138);
#1855=LINE('',#14856,#3139);
#1856=LINE('',#14857,#3140);
#1857=LINE('',#14860,#3141);
#1858=LINE('',#14861,#3142);
#1859=LINE('',#14865,#3143);
#1860=LINE('',#14866,#3144);
#1861=LINE('',#14867,#3145);
#1862=LINE('',#14870,#3146);
#1863=LINE('',#14871,#3147);
#1864=LINE('',#14875,#3148);
#1865=LINE('',#14876,#3149);
#1866=LINE('',#14878,#3150);
#1867=LINE('',#14880,#3151);
#1868=LINE('',#14881,#3152);
#1869=LINE('',#14884,#3153);
#1870=LINE('',#14885,#3154);
#1871=LINE('',#14889,#3155);
#1872=LINE('',#14891,#3156);
#1873=LINE('',#14893,#3157);
#1874=LINE('',#14895,#3158);
#1875=LINE('',#14896,#3159);
#1876=LINE('',#14898,#3160);
#1877=LINE('',#14900,#3161);
#1878=LINE('',#14902,#3162);
#1879=LINE('',#14904,#3163);
#1880=LINE('',#14906,#3164);
#1881=LINE('',#14908,#3165);
#1882=LINE('',#14910,#3166);
#1883=LINE('',#14912,#3167);
#1884=LINE('',#14914,#3168);
#1885=LINE('',#14916,#3169);
#1886=LINE('',#14917,#3170);
#1887=LINE('',#14920,#3171);
#1888=LINE('',#14922,#3172);
#1889=LINE('',#14924,#3173);
#1890=LINE('',#14925,#3174);
#1891=LINE('',#14928,#3175);
#1892=LINE('',#14930,#3176);
#1893=LINE('',#14932,#3177);
#1894=LINE('',#14933,#3178);
#1895=LINE('',#14937,#3179);
#1896=LINE('',#14939,#3180);
#1897=LINE('',#14940,#3181);
#1898=LINE('',#14942,#3182);
#1899=LINE('',#14944,#3183);
#1900=LINE('',#14945,#3184);
#1901=LINE('',#14947,#3185);
#1902=LINE('',#14949,#3186);
#1903=LINE('',#14950,#3187);
#1904=LINE('',#14952,#3188);
#1905=LINE('',#14956,#3189);
#1906=LINE('',#14959,#3190);
#1907=LINE('',#14961,#3191);
#1908=LINE('',#14963,#3192);
#1909=LINE('',#14965,#3193);
#1910=LINE('',#14967,#3194);
#1911=LINE('',#14969,#3195);
#1912=LINE('',#14971,#3196);
#1913=LINE('',#14972,#3197);
#1914=LINE('',#14975,#3198);
#1915=LINE('',#14977,#3199);
#1916=LINE('',#14979,#3200);
#1917=LINE('',#14981,#3201);
#1918=LINE('',#14982,#3202);
#1919=LINE('',#14984,#3203);
#1920=LINE('',#14986,#3204);
#1921=LINE('',#14988,#3205);
#1922=LINE('',#14990,#3206);
#1923=LINE('',#14992,#3207);
#1924=LINE('',#14994,#3208);
#1925=LINE('',#14996,#3209);
#1926=LINE('',#14998,#3210);
#1927=LINE('',#14999,#3211);
#1928=LINE('',#15002,#3212);
#1929=LINE('',#15004,#3213);
#1930=LINE('',#15005,#3214);
#1931=LINE('',#15006,#3215);
#1932=LINE('',#15008,#3216);
#1933=LINE('',#15010,#3217);
#1934=LINE('',#15012,#3218);
#1935=LINE('',#15019,#3219);
#1936=LINE('',#15022,#3220);
#1937=LINE('',#15024,#3221);
#1938=LINE('',#15026,#3222);
#1939=LINE('',#15028,#3223);
#1940=LINE('',#15029,#3224);
#1941=LINE('',#15032,#3225);
#1942=LINE('',#15034,#3226);
#1943=LINE('',#15036,#3227);
#1944=LINE('',#15037,#3228);
#1945=LINE('',#15040,#3229);
#1946=LINE('',#15041,#3230);
#1947=LINE('',#15045,#3231);
#1948=LINE('',#15046,#3232);
#1949=LINE('',#15048,#3233);
#1950=LINE('',#15049,#3234);
#1951=LINE('',#15050,#3235);
#1952=LINE('',#15052,#3236);
#1953=LINE('',#15054,#3237);
#1954=LINE('',#15056,#3238);
#1955=LINE('',#15057,#3239);
#1956=LINE('',#15058,#3240);
#1957=LINE('',#15061,#3241);
#1958=LINE('',#15062,#3242);
#1959=LINE('',#15065,#3243);
#1960=LINE('',#15066,#3244);
#1961=LINE('',#15069,#3245);
#1962=LINE('',#15070,#3246);
#1963=LINE('',#15072,#3247);
#1964=LINE('',#15076,#3248);
#1965=LINE('',#15077,#3249);
#1966=LINE('',#15079,#3250);
#1967=LINE('',#15081,#3251);
#1968=LINE('',#15082,#3252);
#1969=LINE('',#15085,#3253);
#1970=LINE('',#15086,#3254);
#1971=LINE('',#15089,#3255);
#1972=LINE('',#15091,#3256);
#1973=LINE('',#15093,#3257);
#1974=LINE('',#15094,#3258);
#1975=LINE('',#15096,#3259);
#1976=LINE('',#15100,#3260);
#1977=LINE('',#15102,#3261);
#1978=LINE('',#15104,#3262);
#1979=LINE('',#15105,#3263);
#1980=LINE('',#15107,#3264);
#1981=LINE('',#15108,#3265);
#1982=LINE('',#15111,#3266);
#1983=LINE('',#15112,#3267);
#1984=LINE('',#15115,#3268);
#1985=LINE('',#15117,#3269);
#1986=LINE('',#15119,#3270);
#1987=LINE('',#15120,#3271);
#1988=LINE('',#15122,#3272);
#1989=LINE('',#15124,#3273);
#1990=LINE('',#15125,#3274);
#1991=LINE('',#15128,#3275);
#1992=LINE('',#15129,#3276);
#1993=LINE('',#15132,#3277);
#1994=LINE('',#15133,#3278);
#1995=LINE('',#15136,#3279);
#1996=LINE('',#15137,#3280);
#1997=LINE('',#15139,#3281);
#1998=LINE('',#15142,#3282);
#1999=LINE('',#15144,#3283);
#2000=LINE('',#15145,#3284);
#2001=LINE('',#15148,#3285);
#2002=LINE('',#15150,#3286);
#2003=LINE('',#15152,#3287);
#2004=LINE('',#15153,#3288);
#2005=LINE('',#15156,#3289);
#2006=LINE('',#15157,#3290);
#2007=LINE('',#15160,#3291);
#2008=LINE('',#15162,#3292);
#2009=LINE('',#15163,#3293);
#2010=LINE('',#15165,#3294);
#2011=LINE('',#15167,#3295);
#2012=LINE('',#15169,#3296);
#2013=LINE('',#15170,#3297);
#2014=LINE('',#15172,#3298);
#2015=LINE('',#15173,#3299);
#2016=LINE('',#15177,#3300);
#2017=LINE('',#15178,#3301);
#2018=LINE('',#15179,#3302);
#2019=LINE('',#15182,#3303);
#2020=LINE('',#15184,#3304);
#2021=LINE('',#15185,#3305);
#2022=LINE('',#15188,#3306);
#2023=LINE('',#15190,#3307);
#2024=LINE('',#15192,#3308);
#2025=LINE('',#15194,#3309);
#2026=LINE('',#15196,#3310);
#2027=LINE('',#15197,#3311);
#2028=LINE('',#15200,#3312);
#2029=LINE('',#15201,#3313);
#2030=LINE('',#15204,#3314);
#2031=LINE('',#15206,#3315);
#2032=LINE('',#15208,#3316);
#2033=LINE('',#15209,#3317);
#2034=LINE('',#15212,#3318);
#2035=LINE('',#15213,#3319);
#2036=LINE('',#15216,#3320);
#2037=LINE('',#15218,#3321);
#2038=LINE('',#15219,#3322);
#2039=LINE('',#15222,#3323);
#2040=LINE('',#15224,#3324);
#2041=LINE('',#15226,#3325);
#2042=LINE('',#15228,#3326);
#2043=LINE('',#15229,#3327);
#2044=LINE('',#15231,#3328);
#2045=LINE('',#15233,#3329);
#2046=LINE('',#15235,#3330);
#2047=LINE('',#15237,#3331);
#2048=LINE('',#15240,#3332);
#2049=LINE('',#15242,#3333);
#2050=LINE('',#15244,#3334);
#2051=LINE('',#15246,#3335);
#2052=LINE('',#15248,#3336);
#2053=LINE('',#15250,#3337);
#2054=LINE('',#15252,#3338);
#2055=LINE('',#15254,#3339);
#2056=LINE('',#15255,#3340);
#2057=LINE('',#15258,#3341);
#2058=LINE('',#15259,#3342);
#2059=LINE('',#15262,#3343);
#2060=LINE('',#15263,#3344);
#2061=LINE('',#15266,#3345);
#2062=LINE('',#15267,#3346);
#2063=LINE('',#15270,#3347);
#2064=LINE('',#15272,#3348);
#2065=LINE('',#15274,#3349);
#2066=LINE('',#15276,#3350);
#2067=LINE('',#15278,#3351);
#2068=LINE('',#15279,#3352);
#2069=LINE('',#15282,#3353);
#2070=LINE('',#15284,#3354);
#2071=LINE('',#15285,#3355);
#2072=LINE('',#15287,#3356);
#2073=LINE('',#15290,#3357);
#2074=LINE('',#15291,#3358);
#2075=LINE('',#15293,#3359);
#2076=LINE('',#15295,#3360);
#2077=LINE('',#15296,#3361);
#2078=LINE('',#15298,#3362);
#2079=LINE('',#15300,#3363);
#2080=LINE('',#15302,#3364);
#2081=LINE('',#15303,#3365);
#2082=LINE('',#15306,#3366);
#2083=LINE('',#15307,#3367);
#2084=LINE('',#15310,#3368);
#2085=LINE('',#15312,#3369);
#2086=LINE('',#15314,#3370);
#2087=LINE('',#15315,#3371);
#2088=LINE('',#15317,#3372);
#2089=LINE('',#15319,#3373);
#2090=LINE('',#15320,#3374);
#2091=LINE('',#15321,#3375);
#2092=LINE('',#15323,#3376);
#2093=LINE('',#15326,#3377);
#2094=LINE('',#15328,#3378);
#2095=LINE('',#15331,#3379);
#2096=LINE('',#15332,#3380);
#2097=LINE('',#15335,#3381);
#2098=LINE('',#15337,#3382);
#2099=LINE('',#15338,#3383);
#2100=LINE('',#15341,#3384);
#2101=LINE('',#15343,#3385);
#2102=LINE('',#15344,#3386);
#2103=LINE('',#15346,#3387);
#2104=LINE('',#15347,#3388);
#2105=LINE('',#15348,#3389);
#2106=LINE('',#15349,#3390);
#2107=LINE('',#15350,#3391);
#2108=LINE('',#15352,#3392);
#2109=LINE('',#15353,#3393);
#2110=LINE('',#15356,#3394);
#2111=LINE('',#15358,#3395);
#2112=LINE('',#15359,#3396);
#2113=LINE('',#15361,#3397);
#2114=LINE('',#15362,#3398);
#2115=LINE('',#15364,#3399);
#2116=LINE('',#15366,#3400);
#2117=LINE('',#15367,#3401);
#2118=LINE('',#15368,#3402);
#2119=LINE('',#15370,#3403);
#2120=LINE('',#15371,#3404);
#2121=LINE('',#15374,#3405);
#2122=LINE('',#15375,#3406);
#2123=LINE('',#15378,#3407);
#2124=LINE('',#15379,#3408);
#2125=LINE('',#15382,#3409);
#2126=LINE('',#15383,#3410);
#2127=LINE('',#15386,#3411);
#2128=LINE('',#15387,#3412);
#2129=LINE('',#15390,#3413);
#2130=LINE('',#15392,#3414);
#2131=LINE('',#15393,#3415);
#2132=LINE('',#15396,#3416);
#2133=LINE('',#15398,#3417);
#2134=LINE('',#15399,#3418);
#2135=LINE('',#15401,#3419);
#2136=LINE('',#15402,#3420);
#2137=LINE('',#15406,#3421);
#2138=LINE('',#15407,#3422);
#2139=LINE('',#15408,#3423);
#2140=LINE('',#15411,#3424);
#2141=LINE('',#15413,#3425);
#2142=LINE('',#15414,#3426);
#2143=LINE('',#15418,#3427);
#2144=LINE('',#15419,#3428);
#2145=LINE('',#15420,#3429);
#2146=LINE('',#15422,#3430);
#2147=LINE('',#15423,#3431);
#2148=LINE('',#15426,#3432);
#2149=LINE('',#15428,#3433);
#2150=LINE('',#15429,#3434);
#2151=LINE('',#15432,#3435);
#2152=LINE('',#15434,#3436);
#2153=LINE('',#15435,#3437);
#2154=LINE('',#15438,#3438);
#2155=LINE('',#15440,#3439);
#2156=LINE('',#15441,#3440);
#2157=LINE('',#15444,#3441);
#2158=LINE('',#15446,#3442);
#2159=LINE('',#15447,#3443);
#2160=LINE('',#15450,#3444);
#2161=LINE('',#15452,#3445);
#2162=LINE('',#15454,#3446);
#2163=LINE('',#15455,#3447);
#2164=LINE('',#15457,#3448);
#2165=LINE('',#15458,#3449);
#2166=LINE('',#15460,#3450);
#2167=LINE('',#15462,#3451);
#2168=LINE('',#15463,#3452);
#2169=LINE('',#15465,#3453);
#2170=LINE('',#15466,#3454);
#2171=LINE('',#15469,#3455);
#2172=LINE('',#15471,#3456);
#2173=LINE('',#15472,#3457);
#2174=LINE('',#15476,#3458);
#2175=LINE('',#15477,#3459);
#2176=LINE('',#15479,#3460);
#2177=LINE('',#15481,#3461);
#2178=LINE('',#15483,#3462);
#2179=LINE('',#15484,#3463);
#2180=LINE('',#15485,#3464);
#2181=LINE('',#15487,#3465);
#2182=LINE('',#15488,#3466);
#2183=LINE('',#15491,#3467);
#2184=LINE('',#15493,#3468);
#2185=LINE('',#15494,#3469);
#2186=LINE('',#15497,#3470);
#2187=LINE('',#15499,#3471);
#2188=LINE('',#15500,#3472);
#2189=LINE('',#15503,#3473);
#2190=LINE('',#15505,#3474);
#2191=LINE('',#15506,#3475);
#2192=LINE('',#15508,#3476);
#2193=LINE('',#15509,#3477);
#2194=LINE('',#15511,#3478);
#2195=LINE('',#15514,#3479);
#2196=LINE('',#15515,#3480);
#2197=LINE('',#15517,#3481);
#2198=LINE('',#15521,#3482);
#2199=LINE('',#15523,#3483);
#2200=LINE('',#15525,#3484);
#2201=LINE('',#15527,#3485);
#2202=LINE('',#15529,#3486);
#2203=LINE('',#15531,#3487);
#2204=LINE('',#15533,#3488);
#2205=LINE('',#15534,#3489);
#2206=LINE('',#15537,#3490);
#2207=LINE('',#15539,#3491);
#2208=LINE('',#15540,#3492);
#2209=LINE('',#15544,#3493);
#2210=LINE('',#15546,#3494);
#2211=LINE('',#15548,#3495);
#2212=LINE('',#15549,#3496);
#2213=LINE('',#15552,#3497);
#2214=LINE('',#15554,#3498);
#2215=LINE('',#15556,#3499);
#2216=LINE('',#15558,#3500);
#2217=LINE('',#15560,#3501);
#2218=LINE('',#15562,#3502);
#2219=LINE('',#15563,#3503);
#2220=LINE('',#15566,#3504);
#2221=LINE('',#15567,#3505);
#2222=LINE('',#15570,#3506);
#2223=LINE('',#15571,#3507);
#2224=LINE('',#15572,#3508);
#2225=LINE('',#15575,#3509);
#2226=LINE('',#15576,#3510);
#2227=LINE('',#15579,#3511);
#2228=LINE('',#15580,#3512);
#2229=LINE('',#15582,#3513);
#2230=LINE('',#15584,#3514);
#2231=LINE('',#15586,#3515);
#2232=LINE('',#15588,#3516);
#2233=LINE('',#15589,#3517);
#2234=LINE('',#15590,#3518);
#2235=LINE('',#15591,#3519);
#2236=LINE('',#15592,#3520);
#2237=LINE('',#15598,#3521);
#2238=LINE('',#15600,#3522);
#2239=LINE('',#15602,#3523);
#2240=LINE('',#15603,#3524);
#2241=LINE('',#15605,#3525);
#2242=LINE('',#15607,#3526);
#2243=LINE('',#15609,#3527);
#2244=LINE('',#15610,#3528);
#2245=LINE('',#15611,#3529);
#2246=LINE('',#15613,#3530);
#2247=LINE('',#15616,#3531);
#2248=LINE('',#15617,#3532);
#2249=LINE('',#15619,#3533);
#2250=LINE('',#15621,#3534);
#2251=LINE('',#15623,#3535);
#2252=LINE('',#15624,#3536);
#2253=LINE('',#15626,#3537);
#2254=LINE('',#15627,#3538);
#2255=LINE('',#15629,#3539);
#2256=LINE('',#15631,#3540);
#2257=LINE('',#15633,#3541);
#2258=LINE('',#15636,#3542);
#2259=LINE('',#15637,#3543);
#2260=LINE('',#15640,#3544);
#2261=LINE('',#15641,#3545);
#2262=LINE('',#15643,#3546);
#2263=LINE('',#15648,#3547);
#2264=LINE('',#15650,#3548);
#2265=LINE('',#15651,#3549);
#2266=LINE('',#15654,#3550);
#2267=LINE('',#15657,#3551);
#2268=LINE('',#15659,#3552);
#2269=LINE('',#15660,#3553);
#2270=LINE('',#15662,#3554);
#2271=LINE('',#15666,#3555);
#2272=LINE('',#15670,#3556);
#2273=LINE('',#15675,#3557);
#2274=LINE('',#15677,#3558);
#2275=LINE('',#15683,#3559);
#2276=LINE('',#15688,#3560);
#2277=LINE('',#15689,#3561);
#2278=LINE('',#15692,#3562);
#2279=LINE('',#15694,#3563);
#2280=LINE('',#15696,#3564);
#2281=LINE('',#15698,#3565);
#2282=LINE('',#15699,#3566);
#2283=LINE('',#15702,#3567);
#2284=LINE('',#15703,#3568);
#2285=LINE('',#15706,#3569);
#2286=LINE('',#15707,#3570);
#2287=LINE('',#15710,#3571);
#2288=LINE('',#15712,#3572);
#2289=LINE('',#15716,#3573);
#2290=LINE('',#15719,#3574);
#2291=LINE('',#15773,#3575);
#2292=LINE('',#15776,#3576);
#2293=LINE('',#15777,#3577);
#2294=LINE('',#15780,#3578);
#2295=LINE('',#15781,#3579);
#2296=LINE('',#15784,#3580);
#2297=LINE('',#15786,#3581);
#2298=LINE('',#15790,#3582);
#2299=LINE('',#15793,#3583);
#2300=LINE('',#15847,#3584);
#2301=LINE('',#15849,#3585);
#2302=LINE('',#15855,#3586);
#2303=LINE('',#15856,#3587);
#2304=LINE('',#15857,#3588);
#2305=LINE('',#15859,#3589);
#2306=LINE('',#15863,#3590);
#2307=LINE('',#15864,#3591);
#2308=LINE('',#15866,#3592);
#2309=LINE('',#15868,#3593);
#2310=LINE('',#15871,#3594);
#2311=LINE('',#15872,#3595);
#2312=LINE('',#15873,#3596);
#2313=LINE('',#15875,#3597);
#2314=LINE('',#15878,#3598);
#2315=LINE('',#15887,#3599);
#2316=LINE('',#15889,#3600);
#2317=LINE('',#15891,#3601);
#2318=LINE('',#15892,#3602);
#2319=LINE('',#15895,#3603);
#2320=LINE('',#15897,#3604);
#2321=LINE('',#15898,#3605);
#2322=LINE('',#15901,#3606);
#2323=LINE('',#15903,#3607);
#2324=LINE('',#15904,#3608);
#2325=LINE('',#15909,#3609);
#2326=LINE('',#15913,#3610);
#2327=LINE('',#15915,#3611);
#2328=LINE('',#15916,#3612);
#2329=LINE('',#15919,#3613);
#2330=LINE('',#15921,#3614);
#2331=LINE('',#15922,#3615);
#2332=LINE('',#15925,#3616);
#2333=LINE('',#15927,#3617);
#2334=LINE('',#15928,#3618);
#2335=LINE('',#15930,#3619);
#2336=LINE('',#15931,#3620);
#2337=LINE('',#15937,#3621);
#2338=LINE('',#15939,#3622);
#2339=LINE('',#15941,#3623);
#2340=LINE('',#15942,#3624);
#2341=LINE('',#15945,#3625);
#2342=LINE('',#15947,#3626);
#2343=LINE('',#15948,#3627);
#2344=LINE('',#15951,#3628);
#2345=LINE('',#15953,#3629);
#2346=LINE('',#15954,#3630);
#2347=LINE('',#15959,#3631);
#2348=LINE('',#15963,#3632);
#2349=LINE('',#15965,#3633);
#2350=LINE('',#15966,#3634);
#2351=LINE('',#15969,#3635);
#2352=LINE('',#15971,#3636);
#2353=LINE('',#15972,#3637);
#2354=LINE('',#15975,#3638);
#2355=LINE('',#15977,#3639);
#2356=LINE('',#15978,#3640);
#2357=LINE('',#15980,#3641);
#2358=LINE('',#15981,#3642);
#2359=LINE('',#15987,#3643);
#2360=LINE('',#15989,#3644);
#2361=LINE('',#15991,#3645);
#2362=LINE('',#15992,#3646);
#2363=LINE('',#15995,#3647);
#2364=LINE('',#15997,#3648);
#2365=LINE('',#15998,#3649);
#2366=LINE('',#16001,#3650);
#2367=LINE('',#16003,#3651);
#2368=LINE('',#16004,#3652);
#2369=LINE('',#16007,#3653);
#2370=LINE('',#16009,#3654);
#2371=LINE('',#16010,#3655);
#2372=LINE('',#16015,#3656);
#2373=LINE('',#16018,#3657);
#2374=LINE('',#16019,#3658);
#2375=LINE('',#16025,#3659);
#2376=LINE('',#16027,#3660);
#2377=LINE('',#16029,#3661);
#2378=LINE('',#16030,#3662);
#2379=LINE('',#16033,#3663);
#2380=LINE('',#16035,#3664);
#2381=LINE('',#16036,#3665);
#2382=LINE('',#16039,#3666);
#2383=LINE('',#16041,#3667);
#2384=LINE('',#16042,#3668);
#2385=LINE('',#16045,#3669);
#2386=LINE('',#16047,#3670);
#2387=LINE('',#16048,#3671);
#2388=LINE('',#16053,#3672);
#2389=LINE('',#16056,#3673);
#2390=LINE('',#16057,#3674);
#2391=LINE('',#16063,#3675);
#2392=LINE('',#16065,#3676);
#2393=LINE('',#16067,#3677);
#2394=LINE('',#16068,#3678);
#2395=LINE('',#16071,#3679);
#2396=LINE('',#16073,#3680);
#2397=LINE('',#16074,#3681);
#2398=LINE('',#16077,#3682);
#2399=LINE('',#16079,#3683);
#2400=LINE('',#16080,#3684);
#2401=LINE('',#16083,#3685);
#2402=LINE('',#16085,#3686);
#2403=LINE('',#16086,#3687);
#2404=LINE('',#16091,#3688);
#2405=LINE('',#16094,#3689);
#2406=LINE('',#16095,#3690);
#2407=LINE('',#16101,#3691);
#2408=LINE('',#16103,#3692);
#2409=LINE('',#16105,#3693);
#2410=LINE('',#16106,#3694);
#2411=LINE('',#16109,#3695);
#2412=LINE('',#16111,#3696);
#2413=LINE('',#16112,#3697);
#2414=LINE('',#16115,#3698);
#2415=LINE('',#16117,#3699);
#2416=LINE('',#16118,#3700);
#2417=LINE('',#16121,#3701);
#2418=LINE('',#16123,#3702);
#2419=LINE('',#16124,#3703);
#2420=LINE('',#16129,#3704);
#2421=LINE('',#16132,#3705);
#2422=LINE('',#16133,#3706);
#2423=LINE('',#16139,#3707);
#2424=LINE('',#16141,#3708);
#2425=LINE('',#16143,#3709);
#2426=LINE('',#16144,#3710);
#2427=LINE('',#16147,#3711);
#2428=LINE('',#16149,#3712);
#2429=LINE('',#16150,#3713);
#2430=LINE('',#16155,#3714);
#2431=LINE('',#16157,#3715);
#2432=LINE('',#16158,#3716);
#2433=LINE('',#16162,#3717);
#2434=LINE('',#16163,#3718);
#2435=LINE('',#16165,#3719);
#2436=LINE('',#16167,#3720);
#2437=LINE('',#16169,#3721);
#2438=LINE('',#16170,#3722);
#2439=LINE('',#16175,#3723);
#2440=LINE('',#16176,#3724);
#2441=LINE('',#16178,#3725);
#2442=LINE('',#16181,#3726);
#2443=LINE('',#16183,#3727);
#2444=LINE('',#16185,#3728);
#2445=LINE('',#16187,#3729);
#2446=LINE('',#16188,#3730);
#2447=LINE('',#16193,#3731);
#2448=LINE('',#16196,#3732);
#2449=LINE('',#16200,#3733);
#2450=LINE('',#16202,#3734);
#2451=LINE('',#16204,#3735);
#2452=LINE('',#16208,#3736);
#2453=LINE('',#16210,#3737);
#2454=LINE('',#16214,#3738);
#2455=LINE('',#16216,#3739);
#2456=LINE('',#16220,#3740);
#2457=LINE('',#16222,#3741);
#2458=LINE('',#16224,#3742);
#2459=LINE('',#16226,#3743);
#2460=LINE('',#16228,#3744);
#2461=LINE('',#16230,#3745);
#2462=LINE('',#16232,#3746);
#2463=LINE('',#16236,#3747);
#2464=LINE('',#16237,#3748);
#2465=LINE('',#16243,#3749);
#2466=LINE('',#16245,#3750);
#2467=LINE('',#16247,#3751);
#2468=LINE('',#16249,#3752);
#2469=LINE('',#16251,#3753);
#2470=LINE('',#16253,#3754);
#2471=LINE('',#16256,#3755);
#2472=LINE('',#16258,#3756);
#2473=LINE('',#16260,#3757);
#2474=LINE('',#16266,#3758);
#2475=LINE('',#16270,#3759);
#2476=LINE('',#16274,#3760);
#2477=LINE('',#16276,#3761);
#2478=LINE('',#16277,#3762);
#2479=LINE('',#16279,#3763);
#2480=LINE('',#16283,#3764);
#2481=LINE('',#16287,#3765);
#2482=LINE('',#16291,#3766);
#2483=LINE('',#16293,#3767);
#2484=LINE('',#16297,#3768);
#2485=LINE('',#16299,#3769);
#2486=LINE('',#16301,#3770);
#2487=LINE('',#16305,#3771);
#2488=LINE('',#16306,#3772);
#2489=LINE('',#16309,#3773);
#2490=LINE('',#16310,#3774);
#2491=LINE('',#16314,#3775);
#2492=LINE('',#16317,#3776);
#2493=LINE('',#16318,#3777);
#2494=LINE('',#16321,#3778);
#2495=LINE('',#16323,#3779);
#2496=LINE('',#16325,#3780);
#2497=LINE('',#16327,#3781);
#2498=LINE('',#16329,#3782);
#2499=LINE('',#16330,#3783);
#2500=LINE('',#16333,#3784);
#2501=LINE('',#16338,#3785);
#2502=LINE('',#16339,#3786);
#2503=LINE('',#16341,#3787);
#2504=LINE('',#16343,#3788);
#2505=LINE('',#16345,#3789);
#2506=LINE('',#16346,#3790);
#2507=LINE('',#16349,#3791);
#2508=LINE('',#16350,#3792);
#2509=LINE('',#16354,#3793);
#2510=LINE('',#16357,#3794);
#2511=LINE('',#16358,#3795);
#2512=LINE('',#16361,#3796);
#2513=LINE('',#16362,#3797);
#2514=LINE('',#16366,#3798);
#2515=LINE('',#16368,#3799);
#2516=LINE('',#16370,#3800);
#2517=LINE('',#16372,#3801);
#2518=LINE('',#16374,#3802);
#2519=LINE('',#16375,#3803);
#2520=LINE('',#16376,#3804);
#2521=LINE('',#16378,#3805);
#2522=LINE('',#16379,#3806);
#2523=LINE('',#16382,#3807);
#2524=LINE('',#16383,#3808);
#2525=LINE('',#16389,#3809);
#2526=LINE('',#16391,#3810);
#2527=LINE('',#16393,#3811);
#2528=LINE('',#16395,#3812);
#2529=LINE('',#16397,#3813);
#2530=LINE('',#16398,#3814);
#2531=LINE('',#16399,#3815);
#2532=LINE('',#16400,#3816);
#2533=LINE('',#16402,#3817);
#2534=LINE('',#16404,#3818);
#2535=LINE('',#16408,#3819);
#2536=LINE('',#16411,#3820);
#2537=LINE('',#16414,#3821);
#2538=LINE('',#16415,#3822);
#2539=LINE('',#16419,#3823);
#2540=LINE('',#16422,#3824);
#2541=LINE('',#16423,#3825);
#2542=LINE('',#16427,#3826);
#2543=LINE('',#16434,#3827);
#2544=LINE('',#16435,#3828);
#2545=LINE('',#16438,#3829);
#2546=LINE('',#16439,#3830);
#2547=LINE('',#16443,#3831);
#2548=LINE('',#16446,#3832);
#2549=LINE('',#16447,#3833);
#2550=LINE('',#16451,#3834);
#2551=LINE('',#16454,#3835);
#2552=LINE('',#16455,#3836);
#2553=LINE('',#16458,#3837);
#2554=LINE('',#16461,#3838);
#2555=LINE('',#16464,#3839);
#2556=LINE('',#16465,#3840);
#2557=LINE('',#16468,#3841);
#2558=LINE('',#16469,#3842);
#2559=LINE('',#16472,#3843);
#2560=LINE('',#16474,#3844);
#2561=LINE('',#16476,#3845);
#2562=LINE('',#16477,#3846);
#2563=LINE('',#16480,#3847);
#2564=LINE('',#16481,#3848);
#2565=LINE('',#16485,#3849);
#2566=LINE('',#16488,#3850);
#2567=LINE('',#16489,#3851);
#2568=LINE('',#16494,#3852);
#2569=LINE('',#16496,#3853);
#2570=LINE('',#16497,#3854);
#2571=LINE('',#16500,#3855);
#2572=LINE('',#16501,#3856);
#2573=LINE('',#16504,#3857);
#2574=LINE('',#16505,#3858);
#2575=LINE('',#16507,#3859);
#2576=LINE('',#16511,#3860);
#2577=LINE('',#16513,#3861);
#2578=LINE('',#16514,#3862);
#2579=LINE('',#16515,#3863);
#2580=LINE('',#16517,#3864);
#2581=LINE('',#16519,#3865);
#2582=LINE('',#16521,#3866);
#2583=LINE('',#16522,#3867);
#2584=LINE('',#16526,#3868);
#2585=LINE('',#16529,#3869);
#2586=LINE('',#16531,#3870);
#2587=LINE('',#16532,#3871);
#2588=LINE('',#16533,#3872);
#2589=LINE('',#16537,#3873);
#2590=LINE('',#16539,#3874);
#2591=LINE('',#16540,#3875);
#2592=LINE('',#16543,#3876);
#2593=LINE('',#16545,#3877);
#2594=LINE('',#16546,#3878);
#2595=LINE('',#16549,#3879);
#2596=LINE('',#16550,#3880);
#2597=LINE('',#16553,#3881);
#2598=LINE('',#16554,#3882);
#2599=LINE('',#16556,#3883);
#2600=LINE('',#16562,#3884);
#2601=LINE('',#16564,#3885);
#2602=LINE('',#16566,#3886);
#2603=LINE('',#16567,#3887);
#2604=LINE('',#16571,#3888);
#2605=LINE('',#16573,#3889);
#2606=LINE('',#16575,#3890);
#2607=LINE('',#16576,#3891);
#2608=LINE('',#16580,#3892);
#2609=LINE('',#16582,#3893);
#2610=LINE('',#16584,#3894);
#2611=LINE('',#16585,#3895);
#2612=LINE('',#16588,#3896);
#2613=LINE('',#16590,#3897);
#2614=LINE('',#16592,#3898);
#2615=LINE('',#16593,#3899);
#2616=LINE('',#16598,#3900);
#2617=LINE('',#16599,#3901);
#2618=LINE('',#16600,#3902);
#2619=LINE('',#16605,#3903);
#2620=LINE('',#16609,#3904);
#2621=LINE('',#16611,#3905);
#2622=LINE('',#16612,#3906);
#2623=LINE('',#16615,#3907);
#2624=LINE('',#16617,#3908);
#2625=LINE('',#16618,#3909);
#2626=LINE('',#16628,#3910);
#2627=LINE('',#16631,#3911);
#2628=LINE('',#16637,#3912);
#2629=LINE('',#16640,#3913);
#2630=LINE('',#16644,#3914);
#2631=LINE('',#16645,#3915);
#2632=LINE('',#16646,#3916);
#2633=LINE('',#16652,#3917);
#2634=LINE('',#16655,#3918);
#2635=LINE('',#16657,#3919);
#2636=LINE('',#16658,#3920);
#2637=LINE('',#16663,#3921);
#2638=LINE('',#16667,#3922);
#2639=LINE('',#16669,#3923);
#2640=LINE('',#16670,#3924);
#2641=LINE('',#16673,#3925);
#2642=LINE('',#16675,#3926);
#2643=LINE('',#16676,#3927);
#2644=LINE('',#16683,#3928);
#2645=LINE('',#16684,#3929);
#2646=LINE('',#16685,#3930);
#2647=LINE('',#16689,#3931);
#2648=LINE('',#16690,#3932);
#2649=LINE('',#16691,#3933);
#2650=LINE('',#16698,#3934);
#2651=LINE('',#16700,#3935);
#2652=LINE('',#16701,#3936);
#2653=LINE('',#16704,#3937);
#2654=LINE('',#16706,#3938);
#2655=LINE('',#16707,#3939);
#2656=LINE('',#16714,#3940);
#2657=LINE('',#16716,#3941);
#2658=LINE('',#16720,#3942);
#2659=LINE('',#16721,#3943);
#2660=LINE('',#16724,#3944);
#2661=LINE('',#16727,#3945);
#2662=LINE('',#16734,#3946);
#2663=LINE('',#16737,#3947);
#2664=LINE('',#16740,#3948);
#2665=LINE('',#16742,#3949);
#2666=LINE('',#16743,#3950);
#2667=LINE('',#16747,#3951);
#2668=LINE('',#16748,#3952);
#2669=LINE('',#16749,#3953);
#2670=LINE('',#16756,#3954);
#2671=LINE('',#16757,#3955);
#2672=LINE('',#16758,#3956);
#2673=LINE('',#16761,#3957);
#2674=LINE('',#16763,#3958);
#2675=LINE('',#16764,#3959);
#2676=LINE('',#16773,#3960);
#2677=LINE('',#16776,#3961);
#2678=LINE('',#16779,#3962);
#2679=LINE('',#16781,#3963);
#2680=LINE('',#16782,#3964);
#2681=LINE('',#16785,#3965);
#2682=LINE('',#16787,#3966);
#2683=LINE('',#16788,#3967);
#2684=LINE('',#16794,#3968);
#2685=LINE('',#16796,#3969);
#2686=LINE('',#16797,#3970);
#2687=LINE('',#16800,#3971);
#2688=LINE('',#16802,#3972);
#2689=LINE('',#16803,#3973);
#2690=LINE('',#16809,#3974);
#2691=LINE('',#16811,#3975);
#2692=LINE('',#16812,#3976);
#2693=LINE('',#16815,#3977);
#2694=LINE('',#16817,#3978);
#2695=LINE('',#16818,#3979);
#2696=LINE('',#16824,#3980);
#2697=LINE('',#16826,#3981);
#2698=LINE('',#16827,#3982);
#2699=LINE('',#16830,#3983);
#2700=LINE('',#16832,#3984);
#2701=LINE('',#16833,#3985);
#2702=LINE('',#16842,#3986);
#2703=LINE('',#16844,#3987);
#2704=LINE('',#16846,#3988);
#2705=LINE('',#16847,#3989);
#2706=LINE('',#16850,#3990);
#2707=LINE('',#16852,#3991);
#2708=LINE('',#16853,#3992);
#2709=LINE('',#16856,#3993);
#2710=LINE('',#16858,#3994);
#2711=LINE('',#16859,#3995);
#2712=LINE('',#16863,#3996);
#2713=LINE('',#16865,#3997);
#2714=LINE('',#16869,#3998);
#2715=LINE('',#16873,#3999);
#2716=LINE('',#16877,#4000);
#2717=LINE('',#16879,#4001);
#2718=LINE('',#16881,#4002);
#2719=LINE('',#16885,#4003);
#2720=LINE('',#16889,#4004);
#2721=LINE('',#16892,#4005);
#2722=LINE('',#16895,#4006);
#2723=LINE('',#16897,#4007);
#2724=LINE('',#16902,#4008);
#2725=LINE('',#16904,#4009);
#2726=LINE('',#16906,#4010);
#2727=LINE('',#16907,#4011);
#2728=LINE('',#16910,#4012);
#2729=LINE('',#16912,#4013);
#2730=LINE('',#16913,#4014);
#2731=LINE('',#16916,#4015);
#2732=LINE('',#16918,#4016);
#2733=LINE('',#16919,#4017);
#2734=LINE('',#16921,#4018);
#2735=LINE('',#16922,#4019);
#2736=LINE('',#16926,#4020);
#2737=LINE('',#16927,#4021);
#2738=LINE('',#16928,#4022);
#2739=LINE('',#16931,#4023);
#2740=LINE('',#16932,#4024);
#2741=LINE('',#16935,#4025);
#2742=LINE('',#16939,#4026);
#2743=LINE('',#16942,#4027);
#2744=LINE('',#16945,#4028);
#2745=LINE('',#16946,#4029);
#2746=LINE('',#16949,#4030);
#2747=LINE('',#16953,#4031);
#2748=LINE('',#16954,#4032);
#2749=LINE('',#16957,#4033);
#2750=LINE('',#16958,#4034);
#2751=LINE('',#16961,#4035);
#2752=LINE('',#16962,#4036);
#2753=LINE('',#16966,#4037);
#2754=LINE('',#16968,#4038);
#2755=LINE('',#16971,#4039);
#2756=LINE('',#16972,#4040);
#2757=LINE('',#16976,#4041);
#2758=LINE('',#16977,#4042);
#2759=LINE('',#16979,#4043);
#2760=LINE('',#16981,#4044);
#2761=LINE('',#16983,#4045);
#2762=LINE('',#16988,#4046);
#2763=LINE('',#16990,#4047);
#2764=LINE('',#16992,#4048);
#2765=LINE('',#16993,#4049);
#2766=LINE('',#16997,#4050);
#2767=LINE('',#16998,#4051);
#2768=LINE('',#16999,#4052);
#2769=LINE('',#17002,#4053);
#2770=LINE('',#17004,#4054);
#2771=LINE('',#17005,#4055);
#2772=LINE('',#17009,#4056);
#2773=LINE('',#17013,#4057);
#2774=LINE('',#17017,#4058);
#2775=LINE('',#17021,#4059);
#2776=LINE('',#17023,#4060);
#2777=LINE('',#17025,#4061);
#2778=LINE('',#17029,#4062);
#2779=LINE('',#17033,#4063);
#2780=LINE('',#17037,#4064);
#2781=LINE('',#17038,#4065);
#2782=LINE('',#17043,#4066);
#2783=LINE('',#17044,#4067);
#2784=LINE('',#17048,#4068);
#2785=LINE('',#17050,#4069);
#2786=LINE('',#17052,#4070);
#2787=LINE('',#17053,#4071);
#2788=LINE('',#17056,#4072);
#2789=LINE('',#17058,#4073);
#2790=LINE('',#17059,#4074);
#2791=LINE('',#17062,#4075);
#2792=LINE('',#17064,#4076);
#2793=LINE('',#17065,#4077);
#2794=LINE('',#17067,#4078);
#2795=LINE('',#17068,#4079);
#2796=LINE('',#17071,#4080);
#2797=LINE('',#17073,#4081);
#2798=LINE('',#17074,#4082);
#2799=LINE('',#17077,#4083);
#2800=LINE('',#17078,#4084);
#2801=LINE('',#17082,#4085);
#2802=LINE('',#17087,#4086);
#2803=LINE('',#17088,#4087);
#2804=LINE('',#17091,#4088);
#2805=LINE('',#17092,#4089);
#2806=LINE('',#17096,#4090);
#2807=LINE('',#17099,#4091);
#2808=LINE('',#17100,#4092);
#2809=LINE('',#17103,#4093);
#2810=LINE('',#17104,#4094);
#2811=LINE('',#17107,#4095);
#2812=LINE('',#17108,#4096);
#2813=LINE('',#17112,#4097);
#2814=LINE('',#17114,#4098);
#2815=LINE('',#17117,#4099);
#2816=LINE('',#17118,#4100);
#2817=LINE('',#17120,#4101);
#2818=LINE('',#17122,#4102);
#2819=LINE('',#17125,#4103);
#2820=LINE('',#17127,#4104);
#2821=LINE('',#17129,#4105);
#2822=LINE('',#19433,#4106);
#2823=LINE('',#19446,#4107);
#2824=LINE('',#19458,#4108);
#2825=LINE('',#19468,#4109);
#2826=VECTOR('',#11458,1.);
#2827=VECTOR('',#11459,1.);
#2828=VECTOR('',#11460,1.);
#2829=VECTOR('',#11461,1.);
#2830=VECTOR('',#11464,1.);
#2831=VECTOR('',#11465,1.);
#2832=VECTOR('',#11466,1.);
#2833=VECTOR('',#11469,1.);
#2834=VECTOR('',#11470,1.);
#2835=VECTOR('',#11471,1.);
#2836=VECTOR('',#11472,1.);
#2837=VECTOR('',#11473,1.);
#2838=VECTOR('',#11474,1.);
#2839=VECTOR('',#11475,1.);
#2840=VECTOR('',#11476,1.);
#2841=VECTOR('',#11477,1.);
#2842=VECTOR('',#11478,1.);
#2843=VECTOR('',#11481,1.);
#2844=VECTOR('',#11482,1.);
#2845=VECTOR('',#11485,1.);
#2846=VECTOR('',#11486,1.);
#2847=VECTOR('',#11489,1.);
#2848=VECTOR('',#11490,1.);
#2849=VECTOR('',#11493,1.);
#2850=VECTOR('',#11494,1.);
#2851=VECTOR('',#11497,1.);
#2852=VECTOR('',#11498,1.);
#2853=VECTOR('',#11501,1.);
#2854=VECTOR('',#11502,1.);
#2855=VECTOR('',#11505,1.);
#2856=VECTOR('',#11506,1.);
#2857=VECTOR('',#11509,1.);
#2858=VECTOR('',#11510,1.);
#2859=VECTOR('',#11513,1.);
#2860=VECTOR('',#11514,1.);
#2861=VECTOR('',#11517,1.);
#2862=VECTOR('',#11518,1.);
#2863=VECTOR('',#11519,1.);
#2864=VECTOR('',#11520,1.);
#2865=VECTOR('',#11523,1.);
#2866=VECTOR('',#11524,1.);
#2867=VECTOR('',#11525,1.);
#2868=VECTOR('',#11526,1.);
#2869=VECTOR('',#11527,1.);
#2870=VECTOR('',#11528,1.);
#2871=VECTOR('',#11529,1.);
#2872=VECTOR('',#11530,1.);
#2873=VECTOR('',#11531,1.);
#2874=VECTOR('',#11532,1.);
#2875=VECTOR('',#11533,1.);
#2876=VECTOR('',#11534,1.);
#2877=VECTOR('',#11537,1.);
#2878=VECTOR('',#11538,1.);
#2879=VECTOR('',#11539,1.);
#2880=VECTOR('',#11540,1.);
#2881=VECTOR('',#11541,1.);
#2882=VECTOR('',#11542,1.);
#2883=VECTOR('',#11543,1.);
#2884=VECTOR('',#11544,1.);
#2885=VECTOR('',#11545,1.);
#2886=VECTOR('',#11546,1.);
#2887=VECTOR('',#11547,1.);
#2888=VECTOR('',#11548,1.);
#2889=VECTOR('',#11549,1.);
#2890=VECTOR('',#11550,1.);
#2891=VECTOR('',#11551,1.);
#2892=VECTOR('',#11554,1.);
#2893=VECTOR('',#11557,1.);
#2894=VECTOR('',#11558,1.);
#2895=VECTOR('',#11559,1.);
#2896=VECTOR('',#11560,1.);
#2897=VECTOR('',#11561,1.);
#2898=VECTOR('',#11564,1.);
#2899=VECTOR('',#11565,1.);
#2900=VECTOR('',#11568,1.);
#2901=VECTOR('',#11569,1.);
#2902=VECTOR('',#11570,1.);
#2903=VECTOR('',#11571,1.);
#2904=VECTOR('',#11572,1.);
#2905=VECTOR('',#11573,1.);
#2906=VECTOR('',#11574,1.);
#2907=VECTOR('',#11575,1.);
#2908=VECTOR('',#11576,1.);
#2909=VECTOR('',#11579,1.);
#2910=VECTOR('',#11580,1.);
#2911=VECTOR('',#11581,1.);
#2912=VECTOR('',#11582,1.);
#2913=VECTOR('',#11583,1.);
#2914=VECTOR('',#11586,1.);
#2915=VECTOR('',#11589,1.);
#2916=VECTOR('',#11590,1.);
#2917=VECTOR('',#11591,1.);
#2918=VECTOR('',#11592,1.);
#2919=VECTOR('',#11593,1.);
#2920=VECTOR('',#11596,1.);
#2921=VECTOR('',#11599,1.);
#2922=VECTOR('',#11602,1.);
#2923=VECTOR('',#11605,1.);
#2924=VECTOR('',#11606,1.);
#2925=VECTOR('',#11607,1.);
#2926=VECTOR('',#11610,1.);
#2927=VECTOR('',#11611,1.);
#2928=VECTOR('',#11614,1.);
#2929=VECTOR('',#11615,1.);
#2930=VECTOR('',#11618,1.);
#2931=VECTOR('',#11623,1.);
#2932=VECTOR('',#11626,1.);
#2933=VECTOR('',#11627,1.);
#2934=VECTOR('',#11628,1.);
#2935=VECTOR('',#11629,1.);
#2936=VECTOR('',#11632,1.);
#2937=VECTOR('',#11633,1.);
#2938=VECTOR('',#11636,1.);
#2939=VECTOR('',#11637,1.);
#2940=VECTOR('',#11640,1.);
#2941=VECTOR('',#11641,1.);
#2942=VECTOR('',#11644,1.);
#2943=VECTOR('',#11649,1.);
#2944=VECTOR('',#11650,1.);
#2945=VECTOR('',#11653,1.);
#2946=VECTOR('',#11658,1.);
#2947=VECTOR('',#11659,1.);
#2948=VECTOR('',#11662,1.);
#2949=VECTOR('',#11663,1.);
#2950=VECTOR('',#11666,1.);
#2951=VECTOR('',#11667,1.);
#2952=VECTOR('',#11672,1.);
#2953=VECTOR('',#11673,1.);
#2954=VECTOR('',#11674,1.);
#2955=VECTOR('',#11677,1.);
#2956=VECTOR('',#11680,1.);
#2957=VECTOR('',#11683,1.);
#2958=VECTOR('',#11686,1.);
#2959=VECTOR('',#11689,1.);
#2960=VECTOR('',#11692,1.);
#2961=VECTOR('',#11695,1.);
#2962=VECTOR('',#11698,1.);
#2963=VECTOR('',#11703,1.);
#2964=VECTOR('',#11704,1.);
#2965=VECTOR('',#11707,1.);
#2966=VECTOR('',#11708,1.);
#2967=VECTOR('',#11711,1.);
#2968=VECTOR('',#11712,1.);
#2969=VECTOR('',#11715,1.);
#2970=VECTOR('',#11720,1.);
#2971=VECTOR('',#11721,1.);
#2972=VECTOR('',#11724,1.);
#2973=VECTOR('',#11729,1.);
#2974=VECTOR('',#11730,1.);
#2975=VECTOR('',#11733,1.);
#2976=VECTOR('',#11734,1.);
#2977=VECTOR('',#11737,1.);
#2978=VECTOR('',#11740,1.);
#2979=VECTOR('',#11741,1.);
#2980=VECTOR('',#11742,1.);
#2981=VECTOR('',#11743,1.);
#2982=VECTOR('',#11746,1.);
#2983=VECTOR('',#11747,1.);
#2984=VECTOR('',#11748,1.);
#2985=VECTOR('',#11751,1.);
#2986=VECTOR('',#11752,1.);
#2987=VECTOR('',#11753,1.);
#2988=VECTOR('',#11756,1.);
#2989=VECTOR('',#11761,1.);
#2990=VECTOR('',#11762,1.);
#2991=VECTOR('',#11769,1.);
#2992=VECTOR('',#11770,1.);
#2993=VECTOR('',#11771,1.);
#2994=VECTOR('',#11814,1.00000000000044);
#2995=VECTOR('',#11815,1.);
#2996=VECTOR('',#11816,1.00000000000044);
#2997=VECTOR('',#11817,1.);
#2998=VECTOR('',#11820,1.);
#2999=VECTOR('',#11821,1.);
#3000=VECTOR('',#11822,1.);
#3001=VECTOR('',#11825,1.);
#3002=VECTOR('',#11826,1.);
#3003=VECTOR('',#11829,1.);
#3004=VECTOR('',#11830,1.);
#3005=VECTOR('',#11833,1.);
#3006=VECTOR('',#11834,1.);
#3007=VECTOR('',#11835,1.);
#3008=VECTOR('',#11836,1.);
#3009=VECTOR('',#11839,1.00000000000044);
#3010=VECTOR('',#11840,1.);
#3011=VECTOR('',#11841,1.);
#3012=VECTOR('',#11844,1.);
#3013=VECTOR('',#11845,1.);
#3014=VECTOR('',#11848,1.);
#3015=VECTOR('',#11849,1.00000000000044);
#3016=VECTOR('',#11852,1.);
#3017=VECTOR('',#11853,1.00000000000044);
#3018=VECTOR('',#11854,1.);
#3019=VECTOR('',#11855,1.00000000000044);
#3020=VECTOR('',#11858,1.);
#3021=VECTOR('',#11859,1.);
#3022=VECTOR('',#11860,1.);
#3023=VECTOR('',#11861,1.);
#3024=VECTOR('',#11862,1.);
#3025=VECTOR('',#11863,1.);
#3026=VECTOR('',#11864,1.);
#3027=VECTOR('',#11865,1.);
#3028=VECTOR('',#11866,1.);
#3029=VECTOR('',#11867,1.);
#3030=VECTOR('',#11868,1.);
#3031=VECTOR('',#11869,1.);
#3032=VECTOR('',#11870,1.);
#3033=VECTOR('',#11871,1.);
#3034=VECTOR('',#11872,1.);
#3035=VECTOR('',#11873,1.);
#3036=VECTOR('',#11874,1.);
#3037=VECTOR('',#11875,1.);
#3038=VECTOR('',#11876,1.);
#3039=VECTOR('',#11877,1.);
#3040=VECTOR('',#11880,1.);
#3041=VECTOR('',#11881,1.);
#3042=VECTOR('',#11882,1.);
#3043=VECTOR('',#11883,1.);
#3044=VECTOR('',#11884,1.);
#3045=VECTOR('',#11887,1.);
#3046=VECTOR('',#11888,1.);
#3047=VECTOR('',#11891,1.);
#3048=VECTOR('',#11894,1.);
#3049=VECTOR('',#11895,1.);
#3050=VECTOR('',#11896,1.);
#3051=VECTOR('',#11901,1.);
#3052=VECTOR('',#11904,1.);
#3053=VECTOR('',#11905,1.);
#3054=VECTOR('',#11906,1.);
#3055=VECTOR('',#11907,1.);
#3056=VECTOR('',#11908,1.);
#3057=VECTOR('',#11911,1.);
#3058=VECTOR('',#11914,1.);
#3059=VECTOR('',#11915,1.);
#3060=VECTOR('',#11916,1.);
#3061=VECTOR('',#11917,1.);
#3062=VECTOR('',#11918,1.);
#3063=VECTOR('',#11919,1.);
#3064=VECTOR('',#11920,1.);
#3065=VECTOR('',#11921,1.);
#3066=VECTOR('',#11922,1.);
#3067=VECTOR('',#11923,1.);
#3068=VECTOR('',#11924,1.);
#3069=VECTOR('',#11925,1.);
#3070=VECTOR('',#11926,1.);
#3071=VECTOR('',#11927,1.);
#3072=VECTOR('',#11928,1.);
#3073=VECTOR('',#11929,1.);
#3074=VECTOR('',#11930,1.);
#3075=VECTOR('',#11931,1.);
#3076=VECTOR('',#11932,1.);
#3077=VECTOR('',#11933,1.);
#3078=VECTOR('',#11934,1.);
#3079=VECTOR('',#11935,1.);
#3080=VECTOR('',#11936,1.);
#3081=VECTOR('',#11937,1.);
#3082=VECTOR('',#11938,1.);
#3083=VECTOR('',#11939,1.);
#3084=VECTOR('',#11940,1.);
#3085=VECTOR('',#11941,1.);
#3086=VECTOR('',#11942,1.);
#3087=VECTOR('',#11943,1.);
#3088=VECTOR('',#11944,1.);
#3089=VECTOR('',#11945,1.);
#3090=VECTOR('',#11946,1.);
#3091=VECTOR('',#11947,1.);
#3092=VECTOR('',#11948,1.);
#3093=VECTOR('',#11949,1.);
#3094=VECTOR('',#11950,1.);
#3095=VECTOR('',#11951,1.);
#3096=VECTOR('',#11956,1.);
#3097=VECTOR('',#11957,1.);
#3098=VECTOR('',#11958,1.);
#3099=VECTOR('',#11959,1.);
#3100=VECTOR('',#11960,1.);
#3101=VECTOR('',#11961,1.);
#3102=VECTOR('',#11962,1.);
#3103=VECTOR('',#11963,1.);
#3104=VECTOR('',#11964,1.);
#3105=VECTOR('',#11965,1.);
#3106=VECTOR('',#11966,1.);
#3107=VECTOR('',#11967,1.);
#3108=VECTOR('',#11968,1.);
#3109=VECTOR('',#11971,1.);
#3110=VECTOR('',#11976,0.99999999999962);
#3111=VECTOR('',#11977,1.);
#3112=VECTOR('',#11978,1.);
#3113=VECTOR('',#11979,1.);
#3114=VECTOR('',#11980,1.);
#3115=VECTOR('',#11981,1.);
#3116=VECTOR('',#11982,1.);
#3117=VECTOR('',#11983,1.);
#3118=VECTOR('',#11984,0.99999999999962);
#3119=VECTOR('',#11985,1.);
#3120=VECTOR('',#11986,1.00000000000064);
#3121=VECTOR('',#11987,1.);
#3122=VECTOR('',#11988,1.00000000000064);
#3123=VECTOR('',#11989,1.);
#3124=VECTOR('',#11990,1.);
#3125=VECTOR('',#11991,1.);
#3126=VECTOR('',#11992,1.);
#3127=VECTOR('',#11993,1.);
#3128=VECTOR('',#11994,1.);
#3129=VECTOR('',#11995,1.);
#3130=VECTOR('',#11996,1.);
#3131=VECTOR('',#11997,1.);
#3132=VECTOR('',#12000,0.99999999999962);
#3133=VECTOR('',#12001,1.);
#3134=VECTOR('',#12004,1.);
#3135=VECTOR('',#12005,1.);
#3136=VECTOR('',#12006,1.);
#3137=VECTOR('',#12007,1.);
#3138=VECTOR('',#12008,1.);
#3139=VECTOR('',#12011,1.);
#3140=VECTOR('',#12012,1.);
#3141=VECTOR('',#12015,1.);
#3142=VECTOR('',#12016,1.);
#3143=VECTOR('',#12019,1.);
#3144=VECTOR('',#12020,1.);
#3145=VECTOR('',#12021,1.);
#3146=VECTOR('',#12024,1.);
#3147=VECTOR('',#12025,1.);
#3148=VECTOR('',#12028,1.);
#3149=VECTOR('',#12029,1.);
#3150=VECTOR('',#12030,0.99999999999962);
#3151=VECTOR('',#12031,1.);
#3152=VECTOR('',#12032,1.);
#3153=VECTOR('',#12035,0.99999999999962);
#3154=VECTOR('',#12036,1.);
#3155=VECTOR('',#12039,1.);
#3156=VECTOR('',#12040,1.00000000000064);
#3157=VECTOR('',#12041,1.);
#3158=VECTOR('',#12042,1.00000000000064);
#3159=VECTOR('',#12043,1.);
#3160=VECTOR('',#12044,1.);
#3161=VECTOR('',#12045,1.);
#3162=VECTOR('',#12046,1.);
#3163=VECTOR('',#12047,1.);
#3164=VECTOR('',#12048,1.);
#3165=VECTOR('',#12049,1.);
#3166=VECTOR('',#12050,1.);
#3167=VECTOR('',#12051,1.);
#3168=VECTOR('',#12052,1.);
#3169=VECTOR('',#12053,1.);
#3170=VECTOR('',#12054,0.99999999999962);
#3171=VECTOR('',#12055,1.);
#3172=VECTOR('',#12056,1.);
#3173=VECTOR('',#12057,1.);
#3174=VECTOR('',#12058,1.);
#3175=VECTOR('',#12059,1.);
#3176=VECTOR('',#12060,1.);
#3177=VECTOR('',#12061,1.);
#3178=VECTOR('',#12062,1.);
#3179=VECTOR('',#12065,1.);
#3180=VECTOR('',#12066,1.);
#3181=VECTOR('',#12067,1.);
#3182=VECTOR('',#12068,1.);
#3183=VECTOR('',#12069,1.);
#3184=VECTOR('',#12070,1.);
#3185=VECTOR('',#12071,1.);
#3186=VECTOR('',#12072,1.);
#3187=VECTOR('',#12073,1.);
#3188=VECTOR('',#12074,1.);
#3189=VECTOR('',#12077,1.);
#3190=VECTOR('',#12082,1.);
#3191=VECTOR('',#12085,1.);
#3192=VECTOR('',#12088,1.);
#3193=VECTOR('',#12091,1.);
#3194=VECTOR('',#12094,1.);
#3195=VECTOR('',#12097,1.);
#3196=VECTOR('',#12100,1.);
#3197=VECTOR('',#12101,1.);
#3198=VECTOR('',#12104,1.);
#3199=VECTOR('',#12105,1.);
#3200=VECTOR('',#12106,1.);
#3201=VECTOR('',#12107,1.);
#3202=VECTOR('',#12108,1.);
#3203=VECTOR('',#12109,1.);
#3204=VECTOR('',#12110,1.);
#3205=VECTOR('',#12111,1.);
#3206=VECTOR('',#12112,1.);
#3207=VECTOR('',#12113,1.);
#3208=VECTOR('',#12114,1.);
#3209=VECTOR('',#12115,1.);
#3210=VECTOR('',#12116,1.);
#3211=VECTOR('',#12117,1.);
#3212=VECTOR('',#12120,1.00000000000044);
#3213=VECTOR('',#12121,1.);
#3214=VECTOR('',#12122,1.);
#3215=VECTOR('',#12123,1.);
#3216=VECTOR('',#12126,1.);
#3217=VECTOR('',#12129,1.);
#3218=VECTOR('',#12132,1.);
#3219=VECTOR('',#12141,1.);
#3220=VECTOR('',#12144,1.);
#3221=VECTOR('',#12145,1.);
#3222=VECTOR('',#12146,1.);
#3223=VECTOR('',#12147,1.);
#3224=VECTOR('',#12148,1.);
#3225=VECTOR('',#12151,1.);
#3226=VECTOR('',#12152,1.);
#3227=VECTOR('',#12153,1.);
#3228=VECTOR('',#12154,1.);
#3229=VECTOR('',#12157,1.);
#3230=VECTOR('',#12158,1.);
#3231=VECTOR('',#12161,1.);
#3232=VECTOR('',#12162,1.);
#3233=VECTOR('',#12163,1.);
#3234=VECTOR('',#12164,1.);
#3235=VECTOR('',#12165,1.);
#3236=VECTOR('',#12166,1.);
#3237=VECTOR('',#12167,1.);
#3238=VECTOR('',#12168,1.);
#3239=VECTOR('',#12169,1.);
#3240=VECTOR('',#12170,1.);
#3241=VECTOR('',#12173,1.);
#3242=VECTOR('',#12174,1.);
#3243=VECTOR('',#12177,1.);
#3244=VECTOR('',#12178,1.);
#3245=VECTOR('',#12181,1.);
#3246=VECTOR('',#12182,1.);
#3247=VECTOR('',#12185,1.);
#3248=VECTOR('',#12188,1.);
#3249=VECTOR('',#12189,1.);
#3250=VECTOR('',#12190,1.);
#3251=VECTOR('',#12191,1.);
#3252=VECTOR('',#12192,1.);
#3253=VECTOR('',#12195,1.);
#3254=VECTOR('',#12196,1.);
#3255=VECTOR('',#12199,1.);
#3256=VECTOR('',#12200,1.);
#3257=VECTOR('',#12201,1.);
#3258=VECTOR('',#12202,1.);
#3259=VECTOR('',#12205,1.);
#3260=VECTOR('',#12208,1.);
#3261=VECTOR('',#12209,1.);
#3262=VECTOR('',#12210,1.);
#3263=VECTOR('',#12211,1.);
#3264=VECTOR('',#12212,1.);
#3265=VECTOR('',#12213,1.);
#3266=VECTOR('',#12216,1.);
#3267=VECTOR('',#12217,1.);
#3268=VECTOR('',#12220,1.);
#3269=VECTOR('',#12221,1.);
#3270=VECTOR('',#12222,1.);
#3271=VECTOR('',#12223,1.);
#3272=VECTOR('',#12226,1.);
#3273=VECTOR('',#12227,1.);
#3274=VECTOR('',#12228,1.);
#3275=VECTOR('',#12231,1.);
#3276=VECTOR('',#12232,1.);
#3277=VECTOR('',#12235,1.);
#3278=VECTOR('',#12236,1.);
#3279=VECTOR('',#12239,1.);
#3280=VECTOR('',#12240,1.);
#3281=VECTOR('',#12243,1.);
#3282=VECTOR('',#12246,1.);
#3283=VECTOR('',#12247,1.);
#3284=VECTOR('',#12248,1.);
#3285=VECTOR('',#12251,1.);
#3286=VECTOR('',#12252,1.);
#3287=VECTOR('',#12253,1.);
#3288=VECTOR('',#12254,1.);
#3289=VECTOR('',#12257,1.);
#3290=VECTOR('',#12258,1.);
#3291=VECTOR('',#12261,1.);
#3292=VECTOR('',#12262,1.);
#3293=VECTOR('',#12263,1.);
#3294=VECTOR('',#12264,1.);
#3295=VECTOR('',#12265,1.);
#3296=VECTOR('',#12266,1.);
#3297=VECTOR('',#12267,1.);
#3298=VECTOR('',#12268,1.);
#3299=VECTOR('',#12269,1.);
#3300=VECTOR('',#12272,1.);
#3301=VECTOR('',#12273,1.);
#3302=VECTOR('',#12274,1.);
#3303=VECTOR('',#12277,1.);
#3304=VECTOR('',#12278,1.);
#3305=VECTOR('',#12279,1.);
#3306=VECTOR('',#12282,1.);
#3307=VECTOR('',#12283,1.);
#3308=VECTOR('',#12284,1.);
#3309=VECTOR('',#12285,1.);
#3310=VECTOR('',#12286,1.);
#3311=VECTOR('',#12287,1.);
#3312=VECTOR('',#12290,1.);
#3313=VECTOR('',#12291,1.);
#3314=VECTOR('',#12294,1.);
#3315=VECTOR('',#12295,1.);
#3316=VECTOR('',#12296,1.);
#3317=VECTOR('',#12297,1.);
#3318=VECTOR('',#12300,1.);
#3319=VECTOR('',#12301,1.);
#3320=VECTOR('',#12304,1.);
#3321=VECTOR('',#12305,1.);
#3322=VECTOR('',#12306,1.);
#3323=VECTOR('',#12309,1.);
#3324=VECTOR('',#12310,1.);
#3325=VECTOR('',#12311,1.);
#3326=VECTOR('',#12312,1.);
#3327=VECTOR('',#12313,1.);
#3328=VECTOR('',#12316,1.);
#3329=VECTOR('',#12319,1.);
#3330=VECTOR('',#12322,1.);
#3331=VECTOR('',#12325,1.);
#3332=VECTOR('',#12328,1.);
#3333=VECTOR('',#12329,1.);
#3334=VECTOR('',#12330,1.);
#3335=VECTOR('',#12331,1.);
#3336=VECTOR('',#12332,1.);
#3337=VECTOR('',#12333,1.);
#3338=VECTOR('',#12334,1.);
#3339=VECTOR('',#12335,1.);
#3340=VECTOR('',#12336,1.);
#3341=VECTOR('',#12339,1.);
#3342=VECTOR('',#12340,1.00000000000064);
#3343=VECTOR('',#12343,1.);
#3344=VECTOR('',#12344,1.);
#3345=VECTOR('',#12347,1.00000000000064);
#3346=VECTOR('',#12348,1.);
#3347=VECTOR('',#12351,1.);
#3348=VECTOR('',#12352,1.);
#3349=VECTOR('',#12353,1.);
#3350=VECTOR('',#12354,1.);
#3351=VECTOR('',#12355,1.);
#3352=VECTOR('',#12356,1.);
#3353=VECTOR('',#12359,1.);
#3354=VECTOR('',#12360,1.);
#3355=VECTOR('',#12361,1.);
#3356=VECTOR('',#12364,0.99999999999962);
#3357=VECTOR('',#12367,1.);
#3358=VECTOR('',#12368,1.);
#3359=VECTOR('',#12369,1.);
#3360=VECTOR('',#12370,1.);
#3361=VECTOR('',#12371,1.);
#3362=VECTOR('',#12372,1.);
#3363=VECTOR('',#12373,1.);
#3364=VECTOR('',#12374,1.);
#3365=VECTOR('',#12375,1.);
#3366=VECTOR('',#12378,1.);
#3367=VECTOR('',#12379,1.);
#3368=VECTOR('',#12382,1.);
#3369=VECTOR('',#12383,1.);
#3370=VECTOR('',#12384,1.);
#3371=VECTOR('',#12385,1.);
#3372=VECTOR('',#12386,1.);
#3373=VECTOR('',#12387,1.);
#3374=VECTOR('',#12388,1.);
#3375=VECTOR('',#12389,1.);
#3376=VECTOR('',#12392,1.);
#3377=VECTOR('',#12397,1.);
#3378=VECTOR('',#12400,1.);
#3379=VECTOR('',#12403,1.);
#3380=VECTOR('',#12404,1.);
#3381=VECTOR('',#12407,1.);
#3382=VECTOR('',#12408,1.);
#3383=VECTOR('',#12409,1.);
#3384=VECTOR('',#12412,1.);
#3385=VECTOR('',#12413,1.);
#3386=VECTOR('',#12414,1.);
#3387=VECTOR('',#12415,1.);
#3388=VECTOR('',#12416,1.);
#3389=VECTOR('',#12417,1.);
#3390=VECTOR('',#12418,1.);
#3391=VECTOR('',#12419,1.);
#3392=VECTOR('',#12422,1.);
#3393=VECTOR('',#12423,1.);
#3394=VECTOR('',#12426,1.);
#3395=VECTOR('',#12427,1.);
#3396=VECTOR('',#12428,1.);
#3397=VECTOR('',#12431,1.);
#3398=VECTOR('',#12432,1.);
#3399=VECTOR('',#12433,1.);
#3400=VECTOR('',#12434,1.);
#3401=VECTOR('',#12435,1.);
#3402=VECTOR('',#12436,1.);
#3403=VECTOR('',#12437,1.);
#3404=VECTOR('',#12438,1.);
#3405=VECTOR('',#12441,1.);
#3406=VECTOR('',#12442,1.);
#3407=VECTOR('',#12445,1.);
#3408=VECTOR('',#12446,1.);
#3409=VECTOR('',#12449,1.);
#3410=VECTOR('',#12450,1.);
#3411=VECTOR('',#12453,1.);
#3412=VECTOR('',#12454,1.);
#3413=VECTOR('',#12457,1.);
#3414=VECTOR('',#12458,1.);
#3415=VECTOR('',#12459,1.);
#3416=VECTOR('',#12462,1.);
#3417=VECTOR('',#12463,1.);
#3418=VECTOR('',#12464,1.);
#3419=VECTOR('',#12467,1.);
#3420=VECTOR('',#12468,1.);
#3421=VECTOR('',#12471,1.);
#3422=VECTOR('',#12472,1.);
#3423=VECTOR('',#12473,1.);
#3424=VECTOR('',#12476,1.);
#3425=VECTOR('',#12477,1.);
#3426=VECTOR('',#12478,1.);
#3427=VECTOR('',#12481,1.);
#3428=VECTOR('',#12482,0.99999999999962);
#3429=VECTOR('',#12483,1.);
#3430=VECTOR('',#12484,1.);
#3431=VECTOR('',#12485,1.);
#3432=VECTOR('',#12488,1.);
#3433=VECTOR('',#12489,1.);
#3434=VECTOR('',#12490,1.);
#3435=VECTOR('',#12493,1.);
#3436=VECTOR('',#12494,1.);
#3437=VECTOR('',#12495,1.);
#3438=VECTOR('',#12498,1.);
#3439=VECTOR('',#12499,1.);
#3440=VECTOR('',#12500,1.);
#3441=VECTOR('',#12503,1.);
#3442=VECTOR('',#12504,1.);
#3443=VECTOR('',#12505,1.);
#3444=VECTOR('',#12508,1.);
#3445=VECTOR('',#12509,1.);
#3446=VECTOR('',#12510,1.);
#3447=VECTOR('',#12511,1.);
#3448=VECTOR('',#12512,1.);
#3449=VECTOR('',#12513,1.);
#3450=VECTOR('',#12514,1.);
#3451=VECTOR('',#12515,1.);
#3452=VECTOR('',#12516,1.);
#3453=VECTOR('',#12519,1.);
#3454=VECTOR('',#12520,1.);
#3455=VECTOR('',#12523,1.);
#3456=VECTOR('',#12524,1.);
#3457=VECTOR('',#12525,1.);
#3458=VECTOR('',#12528,1.);
#3459=VECTOR('',#12529,1.);
#3460=VECTOR('',#12530,1.);
#3461=VECTOR('',#12531,1.);
#3462=VECTOR('',#12532,1.);
#3463=VECTOR('',#12533,1.);
#3464=VECTOR('',#12534,1.);
#3465=VECTOR('',#12535,1.);
#3466=VECTOR('',#12536,1.);
#3467=VECTOR('',#12539,1.);
#3468=VECTOR('',#12540,1.);
#3469=VECTOR('',#12541,1.);
#3470=VECTOR('',#12544,1.);
#3471=VECTOR('',#12545,1.);
#3472=VECTOR('',#12546,1.);
#3473=VECTOR('',#12549,1.);
#3474=VECTOR('',#12550,1.);
#3475=VECTOR('',#12551,1.);
#3476=VECTOR('',#12554,1.);
#3477=VECTOR('',#12555,1.);
#3478=VECTOR('',#12558,1.);
#3479=VECTOR('',#12561,1.);
#3480=VECTOR('',#12562,1.);
#3481=VECTOR('',#12565,1.);
#3482=VECTOR('',#12568,1.);
#3483=VECTOR('',#12569,1.);
#3484=VECTOR('',#12570,1.);
#3485=VECTOR('',#12571,1.);
#3486=VECTOR('',#12572,1.);
#3487=VECTOR('',#12573,1.);
#3488=VECTOR('',#12574,1.);
#3489=VECTOR('',#12575,1.);
#3490=VECTOR('',#12578,1.);
#3491=VECTOR('',#12579,1.);
#3492=VECTOR('',#12580,1.);
#3493=VECTOR('',#12583,1.);
#3494=VECTOR('',#12584,1.);
#3495=VECTOR('',#12585,1.);
#3496=VECTOR('',#12586,1.);
#3497=VECTOR('',#12589,1.);
#3498=VECTOR('',#12590,1.);
#3499=VECTOR('',#12591,1.);
#3500=VECTOR('',#12592,1.);
#3501=VECTOR('',#12593,1.);
#3502=VECTOR('',#12594,1.);
#3503=VECTOR('',#12595,1.);
#3504=VECTOR('',#12598,1.);
#3505=VECTOR('',#12599,1.);
#3506=VECTOR('',#12602,1.);
#3507=VECTOR('',#12603,1.);
#3508=VECTOR('',#12604,1.);
#3509=VECTOR('',#12607,1.);
#3510=VECTOR('',#12608,1.00000000000064);
#3511=VECTOR('',#12611,1.);
#3512=VECTOR('',#12612,1.);
#3513=VECTOR('',#12615,1.00000000000064);
#3514=VECTOR('',#12618,1.);
#3515=VECTOR('',#12621,1.);
#3516=VECTOR('',#12622,1.);
#3517=VECTOR('',#12623,1.);
#3518=VECTOR('',#12624,1.);
#3519=VECTOR('',#12625,1.);
#3520=VECTOR('',#12626,1.);
#3521=VECTOR('',#12637,1.);
#3522=VECTOR('',#12638,1.);
#3523=VECTOR('',#12639,1.);
#3524=VECTOR('',#12640,1.);
#3525=VECTOR('',#12641,1.);
#3526=VECTOR('',#12642,1.);
#3527=VECTOR('',#12643,1.);
#3528=VECTOR('',#12644,1.);
#3529=VECTOR('',#12645,1.);
#3530=VECTOR('',#12648,1.);
#3531=VECTOR('',#12651,1.);
#3532=VECTOR('',#12652,1.);
#3533=VECTOR('',#12653,1.);
#3534=VECTOR('',#12654,1.);
#3535=VECTOR('',#12655,1.);
#3536=VECTOR('',#12656,1.);
#3537=VECTOR('',#12657,1.);
#3538=VECTOR('',#12658,1.);
#3539=VECTOR('',#12661,1.);
#3540=VECTOR('',#12664,1.);
#3541=VECTOR('',#12667,1.);
#3542=VECTOR('',#12670,1.);
#3543=VECTOR('',#12671,1.);
#3544=VECTOR('',#12674,1.);
#3545=VECTOR('',#12675,1.00000000000044);
#3546=VECTOR('',#12678,1.);
#3547=VECTOR('',#12687,1.);
#3548=VECTOR('',#12688,1.);
#3549=VECTOR('',#12689,1.);
#3550=VECTOR('',#12694,1.);
#3551=VECTOR('',#12699,1.);
#3552=VECTOR('',#12700,1.);
#3553=VECTOR('',#12701,1.);
#3554=VECTOR('',#12704,1.);
#3555=VECTOR('',#12711,1.);
#3556=VECTOR('',#12718,1.);
#3557=VECTOR('',#12727,1.);
#3558=VECTOR('',#12730,1.);
#3559=VECTOR('',#12741,1.);
#3560=VECTOR('',#12750,1.);
#3561=VECTOR('',#12751,1.);
#3562=VECTOR('',#12754,1.);
#3563=VECTOR('',#12755,1.);
#3564=VECTOR('',#12756,1.);
#3565=VECTOR('',#12757,1.);
#3566=VECTOR('',#12758,1.);
#3567=VECTOR('',#12761,1.);
#3568=VECTOR('',#12762,1.);
#3569=VECTOR('',#12765,1.);
#3570=VECTOR('',#12766,1.);
#3571=VECTOR('',#12769,1.);
#3572=VECTOR('',#12770,1.);
#3573=VECTOR('',#12775,1.);
#3574=VECTOR('',#12778,1.);
#3575=VECTOR('',#12787,1.);
#3576=VECTOR('',#12790,1.);
#3577=VECTOR('',#12791,1.);
#3578=VECTOR('',#12794,1.);
#3579=VECTOR('',#12795,1.);
#3580=VECTOR('',#12798,1.);
#3581=VECTOR('',#12799,1.);
#3582=VECTOR('',#12804,1.);
#3583=VECTOR('',#12807,1.);
#3584=VECTOR('',#12816,1.);
#3585=VECTOR('',#12819,1.);
#3586=VECTOR('',#12826,1.);
#3587=VECTOR('',#12827,1.);
#3588=VECTOR('',#12828,1.);
#3589=VECTOR('',#12829,1.);
#3590=VECTOR('',#12834,1.);
#3591=VECTOR('',#12835,1.);
#3592=VECTOR('',#12836,1.);
#3593=VECTOR('',#12837,1.);
#3594=VECTOR('',#12842,1.);
#3595=VECTOR('',#12843,1.);
#3596=VECTOR('',#12844,1.);
#3597=VECTOR('',#12847,1.);
#3598=VECTOR('',#12852,1.);
#3599=VECTOR('',#12865,1.);
#3600=VECTOR('',#12866,1.);
#3601=VECTOR('',#12867,1.);
#3602=VECTOR('',#12868,1.);
#3603=VECTOR('',#12871,1.);
#3604=VECTOR('',#12872,1.);
#3605=VECTOR('',#12873,1.);
#3606=VECTOR('',#12876,1.);
#3607=VECTOR('',#12877,1.);
#3608=VECTOR('',#12878,1.);
#3609=VECTOR('',#12883,1.);
#3610=VECTOR('',#12888,1.);
#3611=VECTOR('',#12889,1.);
#3612=VECTOR('',#12890,1.);
#3613=VECTOR('',#12893,1.);
#3614=VECTOR('',#12894,1.);
#3615=VECTOR('',#12895,1.);
#3616=VECTOR('',#12898,1.);
#3617=VECTOR('',#12899,1.);
#3618=VECTOR('',#12900,1.);
#3619=VECTOR('',#12903,1.);
#3620=VECTOR('',#12904,1.);
#3621=VECTOR('',#12911,1.);
#3622=VECTOR('',#12912,1.);
#3623=VECTOR('',#12913,1.);
#3624=VECTOR('',#12914,1.);
#3625=VECTOR('',#12917,1.);
#3626=VECTOR('',#12918,1.);
#3627=VECTOR('',#12919,1.);
#3628=VECTOR('',#12922,1.);
#3629=VECTOR('',#12923,1.);
#3630=VECTOR('',#12924,1.);
#3631=VECTOR('',#12929,1.);
#3632=VECTOR('',#12934,1.);
#3633=VECTOR('',#12935,1.);
#3634=VECTOR('',#12936,1.);
#3635=VECTOR('',#12939,1.);
#3636=VECTOR('',#12940,1.);
#3637=VECTOR('',#12941,1.);
#3638=VECTOR('',#12944,1.);
#3639=VECTOR('',#12945,1.);
#3640=VECTOR('',#12946,1.);
#3641=VECTOR('',#12949,1.);
#3642=VECTOR('',#12950,1.);
#3643=VECTOR('',#12957,1.);
#3644=VECTOR('',#12958,1.);
#3645=VECTOR('',#12959,1.);
#3646=VECTOR('',#12960,1.);
#3647=VECTOR('',#12963,1.);
#3648=VECTOR('',#12964,1.);
#3649=VECTOR('',#12965,1.);
#3650=VECTOR('',#12968,1.);
#3651=VECTOR('',#12969,1.);
#3652=VECTOR('',#12970,1.);
#3653=VECTOR('',#12973,1.);
#3654=VECTOR('',#12974,1.);
#3655=VECTOR('',#12975,1.);
#3656=VECTOR('',#12980,1.);
#3657=VECTOR('',#12985,1.);
#3658=VECTOR('',#12986,1.);
#3659=VECTOR('',#12993,1.);
#3660=VECTOR('',#12994,1.);
#3661=VECTOR('',#12995,1.);
#3662=VECTOR('',#12996,1.);
#3663=VECTOR('',#12999,1.);
#3664=VECTOR('',#13000,1.);
#3665=VECTOR('',#13001,1.);
#3666=VECTOR('',#13004,1.);
#3667=VECTOR('',#13005,1.);
#3668=VECTOR('',#13006,1.);
#3669=VECTOR('',#13009,1.);
#3670=VECTOR('',#13010,1.);
#3671=VECTOR('',#13011,1.);
#3672=VECTOR('',#13016,1.);
#3673=VECTOR('',#13021,1.);
#3674=VECTOR('',#13022,1.);
#3675=VECTOR('',#13029,1.);
#3676=VECTOR('',#13030,1.);
#3677=VECTOR('',#13031,1.);
#3678=VECTOR('',#13032,1.);
#3679=VECTOR('',#13035,1.);
#3680=VECTOR('',#13036,1.);
#3681=VECTOR('',#13037,1.);
#3682=VECTOR('',#13040,1.);
#3683=VECTOR('',#13041,1.);
#3684=VECTOR('',#13042,1.);
#3685=VECTOR('',#13045,1.);
#3686=VECTOR('',#13046,1.);
#3687=VECTOR('',#13047,1.);
#3688=VECTOR('',#13052,1.);
#3689=VECTOR('',#13057,1.);
#3690=VECTOR('',#13058,1.);
#3691=VECTOR('',#13065,1.);
#3692=VECTOR('',#13066,1.);
#3693=VECTOR('',#13067,1.);
#3694=VECTOR('',#13068,1.);
#3695=VECTOR('',#13071,1.);
#3696=VECTOR('',#13072,1.);
#3697=VECTOR('',#13073,1.);
#3698=VECTOR('',#13076,1.);
#3699=VECTOR('',#13077,1.);
#3700=VECTOR('',#13078,1.);
#3701=VECTOR('',#13081,1.);
#3702=VECTOR('',#13082,1.);
#3703=VECTOR('',#13083,1.);
#3704=VECTOR('',#13088,1.);
#3705=VECTOR('',#13093,1.);
#3706=VECTOR('',#13094,1.);
#3707=VECTOR('',#13101,1.);
#3708=VECTOR('',#13102,1.);
#3709=VECTOR('',#13103,1.);
#3710=VECTOR('',#13104,1.);
#3711=VECTOR('',#13107,1.);
#3712=VECTOR('',#13108,1.);
#3713=VECTOR('',#13109,1.);
#3714=VECTOR('',#13114,1.);
#3715=VECTOR('',#13115,1.);
#3716=VECTOR('',#13116,1.);
#3717=VECTOR('',#13119,1.);
#3718=VECTOR('',#13120,1.);
#3719=VECTOR('',#13121,1.);
#3720=VECTOR('',#13122,1.);
#3721=VECTOR('',#13123,1.);
#3722=VECTOR('',#13124,1.);
#3723=VECTOR('',#13129,1.);
#3724=VECTOR('',#13130,1.);
#3725=VECTOR('',#13133,1.);
#3726=VECTOR('',#13136,1.);
#3727=VECTOR('',#13137,1.);
#3728=VECTOR('',#13138,1.);
#3729=VECTOR('',#13139,1.);
#3730=VECTOR('',#13140,1.);
#3731=VECTOR('',#13147,1.);
#3732=VECTOR('',#13150,1.);
#3733=VECTOR('',#13153,1.);
#3734=VECTOR('',#13154,1.);
#3735=VECTOR('',#13155,1.);
#3736=VECTOR('',#13158,1.);
#3737=VECTOR('',#13159,1.);
#3738=VECTOR('',#13162,1.);
#3739=VECTOR('',#13163,1.);
#3740=VECTOR('',#13166,1.);
#3741=VECTOR('',#13167,1.);
#3742=VECTOR('',#13168,1.);
#3743=VECTOR('',#13169,1.);
#3744=VECTOR('',#13170,1.);
#3745=VECTOR('',#13171,1.);
#3746=VECTOR('',#13172,1.);
#3747=VECTOR('',#13177,1.);
#3748=VECTOR('',#13178,1.);
#3749=VECTOR('',#13183,1.);
#3750=VECTOR('',#13184,1.);
#3751=VECTOR('',#13185,1.);
#3752=VECTOR('',#13186,1.);
#3753=VECTOR('',#13187,1.);
#3754=VECTOR('',#13190,1.);
#3755=VECTOR('',#13195,1.);
#3756=VECTOR('',#13198,1.);
#3757=VECTOR('',#13201,1.);
#3758=VECTOR('',#13206,1.);
#3759=VECTOR('',#13209,1.);
#3760=VECTOR('',#13212,1.);
#3761=VECTOR('',#13213,1.);
#3762=VECTOR('',#13214,1.);
#3763=VECTOR('',#13215,1.);
#3764=VECTOR('',#13218,1.);
#3765=VECTOR('',#13221,1.);
#3766=VECTOR('',#13224,1.);
#3767=VECTOR('',#13225,1.);
#3768=VECTOR('',#13228,1.);
#3769=VECTOR('',#13229,1.);
#3770=VECTOR('',#13230,1.);
#3771=VECTOR('',#13233,1.);
#3772=VECTOR('',#13234,1.);
#3773=VECTOR('',#13237,1.);
#3774=VECTOR('',#13238,1.);
#3775=VECTOR('',#13243,1.);
#3776=VECTOR('',#13246,1.);
#3777=VECTOR('',#13247,1.);
#3778=VECTOR('',#13250,1.);
#3779=VECTOR('',#13251,1.);
#3780=VECTOR('',#13252,1.);
#3781=VECTOR('',#13253,1.);
#3782=VECTOR('',#13254,1.);
#3783=VECTOR('',#13255,1.);
#3784=VECTOR('',#13258,1.);
#3785=VECTOR('',#13263,1.);
#3786=VECTOR('',#13264,1.);
#3787=VECTOR('',#13265,1.);
#3788=VECTOR('',#13266,1.);
#3789=VECTOR('',#13267,1.);
#3790=VECTOR('',#13268,1.);
#3791=VECTOR('',#13271,1.);
#3792=VECTOR('',#13272,1.);
#3793=VECTOR('',#13277,1.);
#3794=VECTOR('',#13280,1.);
#3795=VECTOR('',#13281,1.);
#3796=VECTOR('',#13284,1.);
#3797=VECTOR('',#13285,1.);
#3798=VECTOR('',#13288,1.);
#3799=VECTOR('',#13289,1.);
#3800=VECTOR('',#13290,1.);
#3801=VECTOR('',#13291,1.);
#3802=VECTOR('',#13292,1.);
#3803=VECTOR('',#13293,1.);
#3804=VECTOR('',#13294,1.);
#3805=VECTOR('',#13295,1.);
#3806=VECTOR('',#13296,1.);
#3807=VECTOR('',#13299,1.);
#3808=VECTOR('',#13300,1.);
#3809=VECTOR('',#13305,1.);
#3810=VECTOR('',#13306,1.);
#3811=VECTOR('',#13307,1.);
#3812=VECTOR('',#13308,1.);
#3813=VECTOR('',#13309,1.);
#3814=VECTOR('',#13310,1.);
#3815=VECTOR('',#13311,1.);
#3816=VECTOR('',#13312,1.);
#3817=VECTOR('',#13315,1.);
#3818=VECTOR('',#13318,1.);
#3819=VECTOR('',#13323,1.);
#3820=VECTOR('',#13326,1.);
#3821=VECTOR('',#13329,1.);
#3822=VECTOR('',#13330,1.);
#3823=VECTOR('',#13335,1.);
#3824=VECTOR('',#13338,1.);
#3825=VECTOR('',#13339,1.);
#3826=VECTOR('',#13344,1.);
#3827=VECTOR('',#13353,1.);
#3828=VECTOR('',#13354,1.);
#3829=VECTOR('',#13357,1.);
#3830=VECTOR('',#13358,1.);
#3831=VECTOR('',#13363,1.);
#3832=VECTOR('',#13366,1.);
#3833=VECTOR('',#13367,1.);
#3834=VECTOR('',#13372,1.);
#3835=VECTOR('',#13375,1.);
#3836=VECTOR('',#13376,1.);
#3837=VECTOR('',#13379,1.);
#3838=VECTOR('',#13382,1.);
#3839=VECTOR('',#13385,1.);
#3840=VECTOR('',#13386,1.);
#3841=VECTOR('',#13389,1.);
#3842=VECTOR('',#13390,1.);
#3843=VECTOR('',#13391,1.);
#3844=VECTOR('',#13392,1.);
#3845=VECTOR('',#13393,1.);
#3846=VECTOR('',#13394,1.);
#3847=VECTOR('',#13397,1.);
#3848=VECTOR('',#13398,1.);
#3849=VECTOR('',#13403,1.);
#3850=VECTOR('',#13406,1.);
#3851=VECTOR('',#13407,1.);
#3852=VECTOR('',#13414,1.);
#3853=VECTOR('',#13415,1.);
#3854=VECTOR('',#13416,1.);
#3855=VECTOR('',#13419,1.);
#3856=VECTOR('',#13420,1.);
#3857=VECTOR('',#13423,1.);
#3858=VECTOR('',#13424,1.);
#3859=VECTOR('',#13427,1.);
#3860=VECTOR('',#13430,1.);
#3861=VECTOR('',#13431,1.);
#3862=VECTOR('',#13432,1.);
#3863=VECTOR('',#13433,1.);
#3864=VECTOR('',#13434,1.);
#3865=VECTOR('',#13435,1.);
#3866=VECTOR('',#13436,1.);
#3867=VECTOR('',#13437,1.);
#3868=VECTOR('',#13442,0.75);
#3869=VECTOR('',#13445,1.);
#3870=VECTOR('',#13446,1.);
#3871=VECTOR('',#13447,1.);
#3872=VECTOR('',#13448,1.);
#3873=VECTOR('',#13453,1.);
#3874=VECTOR('',#13454,1.);
#3875=VECTOR('',#13455,1.);
#3876=VECTOR('',#13458,1.00000000000042);
#3877=VECTOR('',#13459,1.);
#3878=VECTOR('',#13460,1.00000000000042);
#3879=VECTOR('',#13463,1.00000000000042);
#3880=VECTOR('',#13464,1.);
#3881=VECTOR('',#13467,1.);
#3882=VECTOR('',#13468,1.00000000000042);
#3883=VECTOR('',#13471,1.);
#3884=VECTOR('',#13478,1.);
#3885=VECTOR('',#13479,1.);
#3886=VECTOR('',#13480,1.);
#3887=VECTOR('',#13481,1.);
#3888=VECTOR('',#13484,1.);
#3889=VECTOR('',#13485,1.);
#3890=VECTOR('',#13486,1.);
#3891=VECTOR('',#13487,1.);
#3892=VECTOR('',#13490,1.);
#3893=VECTOR('',#13491,1.);
#3894=VECTOR('',#13492,1.);
#3895=VECTOR('',#13493,1.);
#3896=VECTOR('',#13498,1.);
#3897=VECTOR('',#13499,1.);
#3898=VECTOR('',#13500,1.);
#3899=VECTOR('',#13501,1.);
#3900=VECTOR('',#13506,1.);
#3901=VECTOR('',#13507,1.);
#3902=VECTOR('',#13508,1.);
#3903=VECTOR('',#13513,1.);
#3904=VECTOR('',#13518,1.);
#3905=VECTOR('',#13519,1.);
#3906=VECTOR('',#13520,1.);
#3907=VECTOR('',#13523,1.00000000000064);
#3908=VECTOR('',#13524,1.00000000000064);
#3909=VECTOR('',#13525,1.);
#3910=VECTOR('',#13538,1.);
#3911=VECTOR('',#13541,1.);
#3912=VECTOR('',#13546,1.);
#3913=VECTOR('',#13549,1.);
#3914=VECTOR('',#13552,1.);
#3915=VECTOR('',#13553,1.00000000000001);
#3916=VECTOR('',#13554,1.00000000000001);
#3917=VECTOR('',#13561,1.);
#3918=VECTOR('',#13564,1.00000000000064);
#3919=VECTOR('',#13565,1.00000000000064);
#3920=VECTOR('',#13566,1.);
#3921=VECTOR('',#13571,1.);
#3922=VECTOR('',#13576,0.99999999999962);
#3923=VECTOR('',#13577,0.99999999999962);
#3924=VECTOR('',#13578,1.);
#3925=VECTOR('',#13581,1.);
#3926=VECTOR('',#13582,1.);
#3927=VECTOR('',#13583,1.);
#3928=VECTOR('',#13592,1.);
#3929=VECTOR('',#13593,0.99999999999962);
#3930=VECTOR('',#13594,0.99999999999962);
#3931=VECTOR('',#13597,1.);
#3932=VECTOR('',#13598,1.);
#3933=VECTOR('',#13599,1.);
#3934=VECTOR('',#13610,0.99999999999998);
#3935=VECTOR('',#13611,0.99999999999998);
#3936=VECTOR('',#13612,1.);
#3937=VECTOR('',#13615,1.00000000000064);
#3938=VECTOR('',#13616,1.00000000000064);
#3939=VECTOR('',#13617,1.);
#3940=VECTOR('',#13628,1.);
#3941=VECTOR('',#13629,1.00000000000064);
#3942=VECTOR('',#13634,1.);
#3943=VECTOR('',#13635,1.);
#3944=VECTOR('',#13638,1.00000000000064);
#3945=VECTOR('',#13643,1.);
#3946=VECTOR('',#13650,1.);
#3947=VECTOR('',#13653,1.);
#3948=VECTOR('',#13656,1.);
#3949=VECTOR('',#13657,1.);
#3950=VECTOR('',#13658,1.);
#3951=VECTOR('',#13661,1.);
#3952=VECTOR('',#13662,1.);
#3953=VECTOR('',#13663,1.);
#3954=VECTOR('',#13672,1.);
#3955=VECTOR('',#13673,1.);
#3956=VECTOR('',#13674,1.);
#3957=VECTOR('',#13677,1.);
#3958=VECTOR('',#13678,1.);
#3959=VECTOR('',#13679,1.);
#3960=VECTOR('',#13690,1.);
#3961=VECTOR('',#13693,1.);
#3962=VECTOR('',#13696,1.);
#3963=VECTOR('',#13697,1.);
#3964=VECTOR('',#13698,1.);
#3965=VECTOR('',#13701,1.);
#3966=VECTOR('',#13702,1.);
#3967=VECTOR('',#13703,1.);
#3968=VECTOR('',#13712,1.);
#3969=VECTOR('',#13713,1.);
#3970=VECTOR('',#13714,1.);
#3971=VECTOR('',#13717,1.);
#3972=VECTOR('',#13718,1.);
#3973=VECTOR('',#13719,1.);
#3974=VECTOR('',#13728,1.);
#3975=VECTOR('',#13729,1.);
#3976=VECTOR('',#13730,1.);
#3977=VECTOR('',#13733,1.);
#3978=VECTOR('',#13734,1.);
#3979=VECTOR('',#13735,1.);
#3980=VECTOR('',#13744,1.);
#3981=VECTOR('',#13745,1.);
#3982=VECTOR('',#13746,1.);
#3983=VECTOR('',#13749,1.);
#3984=VECTOR('',#13750,1.);
#3985=VECTOR('',#13751,1.);
#3986=VECTOR('',#13764,0.999999999999865);
#3987=VECTOR('',#13765,1.);
#3988=VECTOR('',#13766,0.999999999999865);
#3989=VECTOR('',#13767,1.);
#3990=VECTOR('',#13770,0.999999999999865);
#3991=VECTOR('',#13771,0.999999999999865);
#3992=VECTOR('',#13772,0.999999999999865);
#3993=VECTOR('',#13775,1.);
#3994=VECTOR('',#13776,0.999999999999865);
#3995=VECTOR('',#13777,1.);
#3996=VECTOR('',#13780,1.);
#3997=VECTOR('',#13781,1.);
#3998=VECTOR('',#13784,0.999999999999865);
#3999=VECTOR('',#13787,0.999999999999865);
#4000=VECTOR('',#13790,1.);
#4001=VECTOR('',#13791,1.);
#4002=VECTOR('',#13792,1.);
#4003=VECTOR('',#13795,0.999999999999865);
#4004=VECTOR('',#13798,0.999999999999865);
#4005=VECTOR('',#13801,1.);
#4006=VECTOR('',#13804,1.);
#4007=VECTOR('',#13805,1.);
#4008=VECTOR('',#13810,0.999999999999865);
#4009=VECTOR('',#13811,0.999999999999865);
#4010=VECTOR('',#13812,0.999999999999865);
#4011=VECTOR('',#13813,0.999999999999865);
#4012=VECTOR('',#13816,1.);
#4013=VECTOR('',#13817,0.999999999999865);
#4014=VECTOR('',#13818,1.);
#4015=VECTOR('',#13821,0.999999999999865);
#4016=VECTOR('',#13822,0.999999999999865);
#4017=VECTOR('',#13823,0.999999999999865);
#4018=VECTOR('',#13826,1.);
#4019=VECTOR('',#13827,1.);
#4020=VECTOR('',#13830,1.);
#4021=VECTOR('',#13831,1.);
#4022=VECTOR('',#13832,1.);
#4023=VECTOR('',#13835,1.);
#4024=VECTOR('',#13836,1.);
#4025=VECTOR('',#13839,1.);
#4026=VECTOR('',#13844,1.);
#4027=VECTOR('',#13847,1.);
#4028=VECTOR('',#13850,1.);
#4029=VECTOR('',#13851,0.999999999999865);
#4030=VECTOR('',#13854,1.);
#4031=VECTOR('',#13859,1.);
#4032=VECTOR('',#13860,1.);
#4033=VECTOR('',#13863,1.);
#4034=VECTOR('',#13864,1.);
#4035=VECTOR('',#13867,1.);
#4036=VECTOR('',#13868,1.);
#4037=VECTOR('',#13873,1.);
#4038=VECTOR('',#13876,0.999999999999865);
#4039=VECTOR('',#13879,1.);
#4040=VECTOR('',#13880,1.);
#4041=VECTOR('',#13885,0.999999999999865);
#4042=VECTOR('',#13886,0.999999999999865);
#4043=VECTOR('',#13889,1.);
#4044=VECTOR('',#13892,0.999999999999865);
#4045=VECTOR('',#13895,0.999999999999865);
#4046=VECTOR('',#13900,1.);
#4047=VECTOR('',#13901,0.999999999999865);
#4048=VECTOR('',#13902,1.);
#4049=VECTOR('',#13903,0.999999999999865);
#4050=VECTOR('',#13906,0.999999999999865);
#4051=VECTOR('',#13907,0.999999999999865);
#4052=VECTOR('',#13908,0.999999999999865);
#4053=VECTOR('',#13911,1.);
#4054=VECTOR('',#13912,0.999999999999865);
#4055=VECTOR('',#13913,1.);
#4056=VECTOR('',#13916,1.);
#4057=VECTOR('',#13919,0.999999999999865);
#4058=VECTOR('',#13922,0.999999999999865);
#4059=VECTOR('',#13925,1.);
#4060=VECTOR('',#13926,1.);
#4061=VECTOR('',#13927,1.);
#4062=VECTOR('',#13930,0.999999999999865);
#4063=VECTOR('',#13933,0.999999999999865);
#4064=VECTOR('',#13936,1.);
#4065=VECTOR('',#13937,1.);
#4066=VECTOR('',#13942,1.);
#4067=VECTOR('',#13943,1.);
#4068=VECTOR('',#13946,0.999999999999865);
#4069=VECTOR('',#13947,0.999999999999865);
#4070=VECTOR('',#13948,0.999999999999865);
#4071=VECTOR('',#13949,0.999999999999865);
#4072=VECTOR('',#13952,1.);
#4073=VECTOR('',#13953,0.999999999999865);
#4074=VECTOR('',#13954,1.);
#4075=VECTOR('',#13957,0.999999999999865);
#4076=VECTOR('',#13958,0.999999999999865);
#4077=VECTOR('',#13959,0.999999999999865);
#4078=VECTOR('',#13962,1.);
#4079=VECTOR('',#13963,1.);
#4080=VECTOR('',#13966,1.);
#4081=VECTOR('',#13967,1.);
#4082=VECTOR('',#13968,1.);
#4083=VECTOR('',#13971,1.);
#4084=VECTOR('',#13972,1.);
#4085=VECTOR('',#13977,1.);
#4086=VECTOR('',#13982,1.);
#4087=VECTOR('',#13983,1.);
#4088=VECTOR('',#13986,0.999999999999865);
#4089=VECTOR('',#13987,1.);
#4090=VECTOR('',#13992,1.);
#4091=VECTOR('',#13995,1.);
#4092=VECTOR('',#13996,1.);
#4093=VECTOR('',#13999,1.);
#4094=VECTOR('',#14000,1.);
#4095=VECTOR('',#14003,1.);
#4096=VECTOR('',#14004,1.);
#4097=VECTOR('',#14009,1.);
#4098=VECTOR('',#14012,0.999999999999865);
#4099=VECTOR('',#14015,1.);
#4100=VECTOR('',#14016,1.);
#4101=VECTOR('',#14019,0.999999999999865);
#4102=VECTOR('',#14020,0.999999999999865);
#4103=VECTOR('',#14025,1.);
#4104=VECTOR('',#14028,0.999999999999865);
#4105=VECTOR('',#14031,0.999999999999865);
#4106=VECTOR('',#14112,0.25);
#4107=VECTOR('',#14129,0.25);
#4108=VECTOR('',#14144,0.25);
#4109=VECTOR('',#14157,0.25);
#4110=VERTEX_POINT('',#14167);
#4111=VERTEX_POINT('',#14168);
#4112=VERTEX_POINT('',#14170);
#4113=VERTEX_POINT('',#14172);
#4114=VERTEX_POINT('',#14176);
#4115=VERTEX_POINT('',#14178);
#4116=VERTEX_POINT('',#14182);
#4117=VERTEX_POINT('',#14183);
#4118=VERTEX_POINT('',#14185);
#4119=VERTEX_POINT('',#14187);
#4120=VERTEX_POINT('',#14189);
#4121=VERTEX_POINT('',#14191);
#4122=VERTEX_POINT('',#14193);
#4123=VERTEX_POINT('',#14195);
#4124=VERTEX_POINT('',#14197);
#4125=VERTEX_POINT('',#14202);
#4126=VERTEX_POINT('',#14206);
#4127=VERTEX_POINT('',#14210);
#4128=VERTEX_POINT('',#14214);
#4129=VERTEX_POINT('',#14218);
#4130=VERTEX_POINT('',#14222);
#4131=VERTEX_POINT('',#14226);
#4132=VERTEX_POINT('',#14230);
#4133=VERTEX_POINT('',#14234);
#4134=VERTEX_POINT('',#14238);
#4135=VERTEX_POINT('',#14239);
#4136=VERTEX_POINT('',#14241);
#4137=VERTEX_POINT('',#14243);
#4138=VERTEX_POINT('',#14247);
#4139=VERTEX_POINT('',#14249);
#4140=VERTEX_POINT('',#14252);
#4141=VERTEX_POINT('',#14254);
#4142=VERTEX_POINT('',#14256);
#4143=VERTEX_POINT('',#14258);
#4144=VERTEX_POINT('',#14261);
#4145=VERTEX_POINT('',#14262);
#4146=VERTEX_POINT('',#14264);
#4147=VERTEX_POINT('',#14266);
#4148=VERTEX_POINT('',#14270);
#4149=VERTEX_POINT('',#14272);
#4150=VERTEX_POINT('',#14274);
#4151=VERTEX_POINT('',#14276);
#4152=VERTEX_POINT('',#14278);
#4153=VERTEX_POINT('',#14280);
#4154=VERTEX_POINT('',#14282);
#4155=VERTEX_POINT('',#14284);
#4156=VERTEX_POINT('',#14286);
#4157=VERTEX_POINT('',#14289);
#4158=VERTEX_POINT('',#14291);
#4159=VERTEX_POINT('',#14293);
#4160=VERTEX_POINT('',#14295);
#4161=VERTEX_POINT('',#14297);
#4162=VERTEX_POINT('',#14299);
#4163=VERTEX_POINT('',#14301);
#4164=VERTEX_POINT('',#14303);
#4165=VERTEX_POINT('',#14305);
#4166=VERTEX_POINT('',#14307);
#4167=VERTEX_POINT('',#14309);
#4168=VERTEX_POINT('',#14311);
#4169=VERTEX_POINT('',#14315);
#4170=VERTEX_POINT('',#14319);
#4171=VERTEX_POINT('',#14321);
#4172=VERTEX_POINT('',#14323);
#4173=VERTEX_POINT('',#14325);
#4174=VERTEX_POINT('',#14327);
#4175=VERTEX_POINT('',#14329);
#4176=VERTEX_POINT('',#14331);
#4177=VERTEX_POINT('',#14333);
#4178=VERTEX_POINT('',#14337);
#4179=VERTEX_POINT('',#14339);
#4180=VERTEX_POINT('',#14341);
#4181=VERTEX_POINT('',#14343);
#4182=VERTEX_POINT('',#14345);
#4183=VERTEX_POINT('',#14347);
#4184=VERTEX_POINT('',#14349);
#4185=VERTEX_POINT('',#14351);
#4186=VERTEX_POINT('',#14353);
#4187=VERTEX_POINT('',#14355);
#4188=VERTEX_POINT('',#14357);
#4189=VERTEX_POINT('',#14359);
#4190=VERTEX_POINT('',#14369);
#4191=VERTEX_POINT('',#14371);
#4192=VERTEX_POINT('',#14375);
#4193=VERTEX_POINT('',#14379);
#4194=VERTEX_POINT('',#14385);
#4195=VERTEX_POINT('',#14386);
#4196=VERTEX_POINT('',#14388);
#4197=VERTEX_POINT('',#14390);
#4198=VERTEX_POINT('',#14392);
#4199=VERTEX_POINT('',#14395);
#4200=VERTEX_POINT('',#14399);
#4201=VERTEX_POINT('',#14403);
#4202=VERTEX_POINT('',#14407);
#4203=VERTEX_POINT('',#14411);
#4204=VERTEX_POINT('',#14415);
#4205=VERTEX_POINT('',#14419);
#4206=VERTEX_POINT('',#14423);
#4207=VERTEX_POINT('',#14427);
#4208=VERTEX_POINT('',#14431);
#4209=VERTEX_POINT('',#14435);
#4210=VERTEX_POINT('',#14436);
#4211=VERTEX_POINT('',#14439);
#4212=VERTEX_POINT('',#14441);
#4213=VERTEX_POINT('',#14443);
#4214=VERTEX_POINT('',#14462);
#4215=VERTEX_POINT('',#14466);
#4216=VERTEX_POINT('',#14470);
#4217=VERTEX_POINT('',#14474);
#4218=VERTEX_POINT('',#14478);
#4219=VERTEX_POINT('',#14482);
#4220=VERTEX_POINT('',#14486);
#4221=VERTEX_POINT('',#14490);
#4222=VERTEX_POINT('',#14496);
#4223=VERTEX_POINT('',#14497);
#4224=VERTEX_POINT('',#14499);
#4225=VERTEX_POINT('',#14501);
#4226=VERTEX_POINT('',#14505);
#4227=VERTEX_POINT('',#14507);
#4228=VERTEX_POINT('',#14511);
#4229=VERTEX_POINT('',#14513);
#4230=VERTEX_POINT('',#14517);
#4231=VERTEX_POINT('',#14521);
#4232=VERTEX_POINT('',#14527);
#4233=VERTEX_POINT('',#14529);
#4234=VERTEX_POINT('',#14553);
#4235=VERTEX_POINT('',#14554);
#4236=VERTEX_POINT('',#14556);
#4237=VERTEX_POINT('',#14558);
#4238=VERTEX_POINT('',#14562);
#4239=VERTEX_POINT('',#14564);
#4240=VERTEX_POINT('',#14568);
#4241=VERTEX_POINT('',#14572);
#4242=VERTEX_POINT('',#14576);
#4243=VERTEX_POINT('',#14577);
#4244=VERTEX_POINT('',#14579);
#4245=VERTEX_POINT('',#14581);
#4246=VERTEX_POINT('',#14585);
#4247=VERTEX_POINT('',#14586);
#4248=VERTEX_POINT('',#14591);
#4249=VERTEX_POINT('',#14595);
#4250=VERTEX_POINT('',#14599);
#4251=VERTEX_POINT('',#14600);
#4252=VERTEX_POINT('',#14602);
#4253=VERTEX_POINT('',#14604);
#4254=VERTEX_POINT('',#14608);
#4255=VERTEX_POINT('',#14610);
#4256=VERTEX_POINT('',#14612);
#4257=VERTEX_POINT('',#14614);
#4258=VERTEX_POINT('',#14616);
#4259=VERTEX_POINT('',#14618);
#4260=VERTEX_POINT('',#14620);
#4261=VERTEX_POINT('',#14622);
#4262=VERTEX_POINT('',#14624);
#4263=VERTEX_POINT('',#14626);
#4264=VERTEX_POINT('',#14628);
#4265=VERTEX_POINT('',#14630);
#4266=VERTEX_POINT('',#14632);
#4267=VERTEX_POINT('',#14634);
#4268=VERTEX_POINT('',#14637);
#4269=VERTEX_POINT('',#14639);
#4270=VERTEX_POINT('',#14641);
#4271=VERTEX_POINT('',#14643);
#4272=VERTEX_POINT('',#14647);
#4273=VERTEX_POINT('',#14650);
#4274=VERTEX_POINT('',#14652);
#4275=VERTEX_POINT('',#14656);
#4276=VERTEX_POINT('',#14662);
#4277=VERTEX_POINT('',#14664);
#4278=VERTEX_POINT('',#14668);
#4279=VERTEX_POINT('',#14669);
#4280=VERTEX_POINT('',#14671);
#4281=VERTEX_POINT('',#14673);
#4282=VERTEX_POINT('',#14675);
#4283=VERTEX_POINT('',#14677);
#4284=VERTEX_POINT('',#14679);
#4285=VERTEX_POINT('',#14681);
#4286=VERTEX_POINT('',#14683);
#4287=VERTEX_POINT('',#14685);
#4288=VERTEX_POINT('',#14687);
#4289=VERTEX_POINT('',#14689);
#4290=VERTEX_POINT('',#14693);
#4291=VERTEX_POINT('',#14694);
#4292=VERTEX_POINT('',#14696);
#4293=VERTEX_POINT('',#14698);
#4294=VERTEX_POINT('',#14701);
#4295=VERTEX_POINT('',#14702);
#4296=VERTEX_POINT('',#14704);
#4297=VERTEX_POINT('',#14706);
#4298=VERTEX_POINT('',#14708);
#4299=VERTEX_POINT('',#14710);
#4300=VERTEX_POINT('',#14712);
#4301=VERTEX_POINT('',#14714);
#4302=VERTEX_POINT('',#14717);
#4303=VERTEX_POINT('',#14718);
#4304=VERTEX_POINT('',#14720);
#4305=VERTEX_POINT('',#14722);
#4306=VERTEX_POINT('',#14725);
#4307=VERTEX_POINT('',#14726);
#4308=VERTEX_POINT('',#14728);
#4309=VERTEX_POINT('',#14730);
#4310=VERTEX_POINT('',#14732);
#4311=VERTEX_POINT('',#14734);
#4312=VERTEX_POINT('',#14736);
#4313=VERTEX_POINT('',#14738);
#4314=VERTEX_POINT('',#14741);
#4315=VERTEX_POINT('',#14742);
#4316=VERTEX_POINT('',#14744);
#4317=VERTEX_POINT('',#14746);
#4318=VERTEX_POINT('',#14749);
#4319=VERTEX_POINT('',#14750);
#4320=VERTEX_POINT('',#14752);
#4321=VERTEX_POINT('',#14754);
#4322=VERTEX_POINT('',#14757);
#4323=VERTEX_POINT('',#14758);
#4324=VERTEX_POINT('',#14760);
#4325=VERTEX_POINT('',#14762);
#4326=VERTEX_POINT('',#14767);
#4327=VERTEX_POINT('',#14769);
#4328=VERTEX_POINT('',#14771);
#4329=VERTEX_POINT('',#14773);
#4330=VERTEX_POINT('',#14775);
#4331=VERTEX_POINT('',#14777);
#4332=VERTEX_POINT('',#14779);
#4333=VERTEX_POINT('',#14781);
#4334=VERTEX_POINT('',#14783);
#4335=VERTEX_POINT('',#14785);
#4336=VERTEX_POINT('',#14787);
#4337=VERTEX_POINT('',#14789);
#4338=VERTEX_POINT('',#14791);
#4339=VERTEX_POINT('',#14793);
#4340=VERTEX_POINT('',#14795);
#4341=VERTEX_POINT('',#14799);
#4342=VERTEX_POINT('',#14800);
#4343=VERTEX_POINT('',#14803);
#4344=VERTEX_POINT('',#14805);
#4345=VERTEX_POINT('',#14808);
#4346=VERTEX_POINT('',#14810);
#4347=VERTEX_POINT('',#14813);
#4348=VERTEX_POINT('',#14815);
#4349=VERTEX_POINT('',#14817);
#4350=VERTEX_POINT('',#14819);
#4351=VERTEX_POINT('',#14821);
#4352=VERTEX_POINT('',#14824);
#4353=VERTEX_POINT('',#14825);
#4354=VERTEX_POINT('',#14827);
#4355=VERTEX_POINT('',#14829);
#4356=VERTEX_POINT('',#14832);
#4357=VERTEX_POINT('',#14833);
#4358=VERTEX_POINT('',#14835);
#4359=VERTEX_POINT('',#14837);
#4360=VERTEX_POINT('',#14841);
#4361=VERTEX_POINT('',#14845);
#4362=VERTEX_POINT('',#14847);
#4363=VERTEX_POINT('',#14849);
#4364=VERTEX_POINT('',#14851);
#4365=VERTEX_POINT('',#14855);
#4366=VERTEX_POINT('',#14859);
#4367=VERTEX_POINT('',#14863);
#4368=VERTEX_POINT('',#14864);
#4369=VERTEX_POINT('',#14869);
#4370=VERTEX_POINT('',#14873);
#4371=VERTEX_POINT('',#14874);
#4372=VERTEX_POINT('',#14877);
#4373=VERTEX_POINT('',#14879);
#4374=VERTEX_POINT('',#14883);
#4375=VERTEX_POINT('',#14887);
#4376=VERTEX_POINT('',#14888);
#4377=VERTEX_POINT('',#14890);
#4378=VERTEX_POINT('',#14892);
#4379=VERTEX_POINT('',#14894);
#4380=VERTEX_POINT('',#14897);
#4381=VERTEX_POINT('',#14899);
#4382=VERTEX_POINT('',#14901);
#4383=VERTEX_POINT('',#14903);
#4384=VERTEX_POINT('',#14905);
#4385=VERTEX_POINT('',#14907);
#4386=VERTEX_POINT('',#14909);
#4387=VERTEX_POINT('',#14911);
#4388=VERTEX_POINT('',#14913);
#4389=VERTEX_POINT('',#14915);
#4390=VERTEX_POINT('',#14918);
#4391=VERTEX_POINT('',#14919);
#4392=VERTEX_POINT('',#14921);
#4393=VERTEX_POINT('',#14923);
#4394=VERTEX_POINT('',#14926);
#4395=VERTEX_POINT('',#14927);
#4396=VERTEX_POINT('',#14929);
#4397=VERTEX_POINT('',#14931);
#4398=VERTEX_POINT('',#14935);
#4399=VERTEX_POINT('',#14936);
#4400=VERTEX_POINT('',#14938);
#4401=VERTEX_POINT('',#14941);
#4402=VERTEX_POINT('',#14943);
#4403=VERTEX_POINT('',#14946);
#4404=VERTEX_POINT('',#14948);
#4405=VERTEX_POINT('',#14951);
#4406=VERTEX_POINT('',#14953);
#4407=VERTEX_POINT('',#14955);
#4408=VERTEX_POINT('',#14974);
#4409=VERTEX_POINT('',#14976);
#4410=VERTEX_POINT('',#14978);
#4411=VERTEX_POINT('',#14980);
#4412=VERTEX_POINT('',#14983);
#4413=VERTEX_POINT('',#14985);
#4414=VERTEX_POINT('',#14987);
#4415=VERTEX_POINT('',#14989);
#4416=VERTEX_POINT('',#14991);
#4417=VERTEX_POINT('',#14993);
#4418=VERTEX_POINT('',#14995);
#4419=VERTEX_POINT('',#14997);
#4420=VERTEX_POINT('',#15001);
#4421=VERTEX_POINT('',#15003);
#4422=VERTEX_POINT('',#15015);
#4423=VERTEX_POINT('',#15017);
#4424=VERTEX_POINT('',#15021);
#4425=VERTEX_POINT('',#15023);
#4426=VERTEX_POINT('',#15025);
#4427=VERTEX_POINT('',#15027);
#4428=VERTEX_POINT('',#15031);
#4429=VERTEX_POINT('',#15033);
#4430=VERTEX_POINT('',#15035);
#4431=VERTEX_POINT('',#15039);
#4432=VERTEX_POINT('',#15043);
#4433=VERTEX_POINT('',#15044);
#4434=VERTEX_POINT('',#15047);
#4435=VERTEX_POINT('',#15051);
#4436=VERTEX_POINT('',#15053);
#4437=VERTEX_POINT('',#15055);
#4438=VERTEX_POINT('',#15060);
#4439=VERTEX_POINT('',#15064);
#4440=VERTEX_POINT('',#15068);
#4441=VERTEX_POINT('',#15074);
#4442=VERTEX_POINT('',#15075);
#4443=VERTEX_POINT('',#15078);
#4444=VERTEX_POINT('',#15080);
#4445=VERTEX_POINT('',#15084);
#4446=VERTEX_POINT('',#15088);
#4447=VERTEX_POINT('',#15090);
#4448=VERTEX_POINT('',#15092);
#4449=VERTEX_POINT('',#15098);
#4450=VERTEX_POINT('',#15099);
#4451=VERTEX_POINT('',#15101);
#4452=VERTEX_POINT('',#15103);
#4453=VERTEX_POINT('',#15106);
#4454=VERTEX_POINT('',#15110);
#4455=VERTEX_POINT('',#15114);
#4456=VERTEX_POINT('',#15116);
#4457=VERTEX_POINT('',#15118);
#4458=VERTEX_POINT('',#15123);
#4459=VERTEX_POINT('',#15127);
#4460=VERTEX_POINT('',#15131);
#4461=VERTEX_POINT('',#15135);
#4462=VERTEX_POINT('',#15141);
#4463=VERTEX_POINT('',#15143);
#4464=VERTEX_POINT('',#15147);
#4465=VERTEX_POINT('',#15149);
#4466=VERTEX_POINT('',#15151);
#4467=VERTEX_POINT('',#15155);
#4468=VERTEX_POINT('',#15159);
#4469=VERTEX_POINT('',#15161);
#4470=VERTEX_POINT('',#15164);
#4471=VERTEX_POINT('',#15166);
#4472=VERTEX_POINT('',#15168);
#4473=VERTEX_POINT('',#15171);
#4474=VERTEX_POINT('',#15175);
#4475=VERTEX_POINT('',#15176);
#4476=VERTEX_POINT('',#15181);
#4477=VERTEX_POINT('',#15183);
#4478=VERTEX_POINT('',#15187);
#4479=VERTEX_POINT('',#15189);
#4480=VERTEX_POINT('',#15191);
#4481=VERTEX_POINT('',#15193);
#4482=VERTEX_POINT('',#15195);
#4483=VERTEX_POINT('',#15199);
#4484=VERTEX_POINT('',#15203);
#4485=VERTEX_POINT('',#15205);
#4486=VERTEX_POINT('',#15207);
#4487=VERTEX_POINT('',#15211);
#4488=VERTEX_POINT('',#15215);
#4489=VERTEX_POINT('',#15217);
#4490=VERTEX_POINT('',#15221);
#4491=VERTEX_POINT('',#15223);
#4492=VERTEX_POINT('',#15225);
#4493=VERTEX_POINT('',#15227);
#4494=VERTEX_POINT('',#15239);
#4495=VERTEX_POINT('',#15241);
#4496=VERTEX_POINT('',#15243);
#4497=VERTEX_POINT('',#15245);
#4498=VERTEX_POINT('',#15247);
#4499=VERTEX_POINT('',#15249);
#4500=VERTEX_POINT('',#15251);
#4501=VERTEX_POINT('',#15253);
#4502=VERTEX_POINT('',#15257);
#4503=VERTEX_POINT('',#15261);
#4504=VERTEX_POINT('',#15265);
#4505=VERTEX_POINT('',#15269);
#4506=VERTEX_POINT('',#15271);
#4507=VERTEX_POINT('',#15273);
#4508=VERTEX_POINT('',#15275);
#4509=VERTEX_POINT('',#15277);
#4510=VERTEX_POINT('',#15281);
#4511=VERTEX_POINT('',#15283);
#4512=VERTEX_POINT('',#15289);
#4513=VERTEX_POINT('',#15292);
#4514=VERTEX_POINT('',#15294);
#4515=VERTEX_POINT('',#15297);
#4516=VERTEX_POINT('',#15299);
#4517=VERTEX_POINT('',#15301);
#4518=VERTEX_POINT('',#15305);
#4519=VERTEX_POINT('',#15309);
#4520=VERTEX_POINT('',#15311);
#4521=VERTEX_POINT('',#15313);
#4522=VERTEX_POINT('',#15316);
#4523=VERTEX_POINT('',#15318);
#4524=VERTEX_POINT('',#15330);
#4525=VERTEX_POINT('',#15334);
#4526=VERTEX_POINT('',#15336);
#4527=VERTEX_POINT('',#15340);
#4528=VERTEX_POINT('',#15342);
#4529=VERTEX_POINT('',#15345);
#4530=VERTEX_POINT('',#15355);
#4531=VERTEX_POINT('',#15357);
#4532=VERTEX_POINT('',#15363);
#4533=VERTEX_POINT('',#15365);
#4534=VERTEX_POINT('',#15369);
#4535=VERTEX_POINT('',#15373);
#4536=VERTEX_POINT('',#15377);
#4537=VERTEX_POINT('',#15381);
#4538=VERTEX_POINT('',#15385);
#4539=VERTEX_POINT('',#15389);
#4540=VERTEX_POINT('',#15391);
#4541=VERTEX_POINT('',#15395);
#4542=VERTEX_POINT('',#15397);
#4543=VERTEX_POINT('',#15404);
#4544=VERTEX_POINT('',#15405);
#4545=VERTEX_POINT('',#15410);
#4546=VERTEX_POINT('',#15412);
#4547=VERTEX_POINT('',#15416);
#4548=VERTEX_POINT('',#15417);
#4549=VERTEX_POINT('',#15421);
#4550=VERTEX_POINT('',#15425);
#4551=VERTEX_POINT('',#15427);
#4552=VERTEX_POINT('',#15431);
#4553=VERTEX_POINT('',#15433);
#4554=VERTEX_POINT('',#15437);
#4555=VERTEX_POINT('',#15439);
#4556=VERTEX_POINT('',#15443);
#4557=VERTEX_POINT('',#15445);
#4558=VERTEX_POINT('',#15449);
#4559=VERTEX_POINT('',#15451);
#4560=VERTEX_POINT('',#15453);
#4561=VERTEX_POINT('',#15456);
#4562=VERTEX_POINT('',#15459);
#4563=VERTEX_POINT('',#15461);
#4564=VERTEX_POINT('',#15468);
#4565=VERTEX_POINT('',#15470);
#4566=VERTEX_POINT('',#15474);
#4567=VERTEX_POINT('',#15475);
#4568=VERTEX_POINT('',#15478);
#4569=VERTEX_POINT('',#15480);
#4570=VERTEX_POINT('',#15482);
#4571=VERTEX_POINT('',#15486);
#4572=VERTEX_POINT('',#15490);
#4573=VERTEX_POINT('',#15492);
#4574=VERTEX_POINT('',#15496);
#4575=VERTEX_POINT('',#15498);
#4576=VERTEX_POINT('',#15502);
#4577=VERTEX_POINT('',#15504);
#4578=VERTEX_POINT('',#15513);
#4579=VERTEX_POINT('',#15519);
#4580=VERTEX_POINT('',#15520);
#4581=VERTEX_POINT('',#15522);
#4582=VERTEX_POINT('',#15524);
#4583=VERTEX_POINT('',#15526);
#4584=VERTEX_POINT('',#15528);
#4585=VERTEX_POINT('',#15530);
#4586=VERTEX_POINT('',#15532);
#4587=VERTEX_POINT('',#15536);
#4588=VERTEX_POINT('',#15538);
#4589=VERTEX_POINT('',#15542);
#4590=VERTEX_POINT('',#15543);
#4591=VERTEX_POINT('',#15545);
#4592=VERTEX_POINT('',#15547);
#4593=VERTEX_POINT('',#15551);
#4594=VERTEX_POINT('',#15553);
#4595=VERTEX_POINT('',#15555);
#4596=VERTEX_POINT('',#15557);
#4597=VERTEX_POINT('',#15559);
#4598=VERTEX_POINT('',#15561);
#4599=VERTEX_POINT('',#15565);
#4600=VERTEX_POINT('',#15569);
#4601=VERTEX_POINT('',#15574);
#4602=VERTEX_POINT('',#15578);
#4603=VERTEX_POINT('',#15587);
#4604=VERTEX_POINT('',#15599);
#4605=VERTEX_POINT('',#15601);
#4606=VERTEX_POINT('',#15604);
#4607=VERTEX_POINT('',#15606);
#4608=VERTEX_POINT('',#15608);
#4609=VERTEX_POINT('',#15615);
#4610=VERTEX_POINT('',#15618);
#4611=VERTEX_POINT('',#15620);
#4612=VERTEX_POINT('',#15622);
#4613=VERTEX_POINT('',#15625);
#4614=VERTEX_POINT('',#15635);
#4615=VERTEX_POINT('',#15639);
#4616=VERTEX_POINT('',#15649);
#4617=VERTEX_POINT('',#15658);
#4618=VERTEX_POINT('',#15691);
#4619=VERTEX_POINT('',#15693);
#4620=VERTEX_POINT('',#15695);
#4621=VERTEX_POINT('',#15697);
#4622=VERTEX_POINT('',#15701);
#4623=VERTEX_POINT('',#15705);
#4624=VERTEX_POINT('',#15709);
#4625=VERTEX_POINT('',#15711);
#4626=VERTEX_POINT('',#15715);
#4627=VERTEX_POINT('',#15717);
#4628=VERTEX_POINT('',#15747);
#4629=VERTEX_POINT('',#15754);
#4630=VERTEX_POINT('',#15763);
#4631=VERTEX_POINT('',#15764);
#4632=VERTEX_POINT('',#15775);
#4633=VERTEX_POINT('',#15779);
#4634=VERTEX_POINT('',#15783);
#4635=VERTEX_POINT('',#15785);
#4636=VERTEX_POINT('',#15789);
#4637=VERTEX_POINT('',#15791);
#4638=VERTEX_POINT('',#15821);
#4639=VERTEX_POINT('',#15828);
#4640=VERTEX_POINT('',#15837);
#4641=VERTEX_POINT('',#15838);
#4642=VERTEX_POINT('',#15853);
#4643=VERTEX_POINT('',#15854);
#4644=VERTEX_POINT('',#15858);
#4645=VERTEX_POINT('',#15862);
#4646=VERTEX_POINT('',#15865);
#4647=VERTEX_POINT('',#15867);
#4648=VERTEX_POINT('',#15885);
#4649=VERTEX_POINT('',#15886);
#4650=VERTEX_POINT('',#15888);
#4651=VERTEX_POINT('',#15890);
#4652=VERTEX_POINT('',#15894);
#4653=VERTEX_POINT('',#15896);
#4654=VERTEX_POINT('',#15900);
#4655=VERTEX_POINT('',#15902);
#4656=VERTEX_POINT('',#15906);
#4657=VERTEX_POINT('',#15908);
#4658=VERTEX_POINT('',#15912);
#4659=VERTEX_POINT('',#15914);
#4660=VERTEX_POINT('',#15918);
#4661=VERTEX_POINT('',#15920);
#4662=VERTEX_POINT('',#15924);
#4663=VERTEX_POINT('',#15926);
#4664=VERTEX_POINT('',#15935);
#4665=VERTEX_POINT('',#15936);
#4666=VERTEX_POINT('',#15938);
#4667=VERTEX_POINT('',#15940);
#4668=VERTEX_POINT('',#15944);
#4669=VERTEX_POINT('',#15946);
#4670=VERTEX_POINT('',#15950);
#4671=VERTEX_POINT('',#15952);
#4672=VERTEX_POINT('',#15956);
#4673=VERTEX_POINT('',#15958);
#4674=VERTEX_POINT('',#15962);
#4675=VERTEX_POINT('',#15964);
#4676=VERTEX_POINT('',#15968);
#4677=VERTEX_POINT('',#15970);
#4678=VERTEX_POINT('',#15974);
#4679=VERTEX_POINT('',#15976);
#4680=VERTEX_POINT('',#15985);
#4681=VERTEX_POINT('',#15986);
#4682=VERTEX_POINT('',#15988);
#4683=VERTEX_POINT('',#15990);
#4684=VERTEX_POINT('',#15994);
#4685=VERTEX_POINT('',#15996);
#4686=VERTEX_POINT('',#16000);
#4687=VERTEX_POINT('',#16002);
#4688=VERTEX_POINT('',#16006);
#4689=VERTEX_POINT('',#16008);
#4690=VERTEX_POINT('',#16012);
#4691=VERTEX_POINT('',#16014);
#4692=VERTEX_POINT('',#16023);
#4693=VERTEX_POINT('',#16024);
#4694=VERTEX_POINT('',#16026);
#4695=VERTEX_POINT('',#16028);
#4696=VERTEX_POINT('',#16032);
#4697=VERTEX_POINT('',#16034);
#4698=VERTEX_POINT('',#16038);
#4699=VERTEX_POINT('',#16040);
#4700=VERTEX_POINT('',#16044);
#4701=VERTEX_POINT('',#16046);
#4702=VERTEX_POINT('',#16050);
#4703=VERTEX_POINT('',#16052);
#4704=VERTEX_POINT('',#16061);
#4705=VERTEX_POINT('',#16062);
#4706=VERTEX_POINT('',#16064);
#4707=VERTEX_POINT('',#16066);
#4708=VERTEX_POINT('',#16070);
#4709=VERTEX_POINT('',#16072);
#4710=VERTEX_POINT('',#16076);
#4711=VERTEX_POINT('',#16078);
#4712=VERTEX_POINT('',#16082);
#4713=VERTEX_POINT('',#16084);
#4714=VERTEX_POINT('',#16088);
#4715=VERTEX_POINT('',#16090);
#4716=VERTEX_POINT('',#16099);
#4717=VERTEX_POINT('',#16100);
#4718=VERTEX_POINT('',#16102);
#4719=VERTEX_POINT('',#16104);
#4720=VERTEX_POINT('',#16108);
#4721=VERTEX_POINT('',#16110);
#4722=VERTEX_POINT('',#16114);
#4723=VERTEX_POINT('',#16116);
#4724=VERTEX_POINT('',#16120);
#4725=VERTEX_POINT('',#16122);
#4726=VERTEX_POINT('',#16126);
#4727=VERTEX_POINT('',#16128);
#4728=VERTEX_POINT('',#16137);
#4729=VERTEX_POINT('',#16138);
#4730=VERTEX_POINT('',#16140);
#4731=VERTEX_POINT('',#16142);
#4732=VERTEX_POINT('',#16146);
#4733=VERTEX_POINT('',#16148);
#4734=VERTEX_POINT('',#16152);
#4735=VERTEX_POINT('',#16153);
#4736=VERTEX_POINT('',#16156);
#4737=VERTEX_POINT('',#16160);
#4738=VERTEX_POINT('',#16161);
#4739=VERTEX_POINT('',#16164);
#4740=VERTEX_POINT('',#16166);
#4741=VERTEX_POINT('',#16168);
#4742=VERTEX_POINT('',#16172);
#4743=VERTEX_POINT('',#16174);
#4744=VERTEX_POINT('',#16180);
#4745=VERTEX_POINT('',#16182);
#4746=VERTEX_POINT('',#16184);
#4747=VERTEX_POINT('',#16186);
#4748=VERTEX_POINT('',#16192);
#4749=VERTEX_POINT('',#16195);
#4750=VERTEX_POINT('',#16197);
#4751=VERTEX_POINT('',#16199);
#4752=VERTEX_POINT('',#16201);
#4753=VERTEX_POINT('',#16203);
#4754=VERTEX_POINT('',#16205);
#4755=VERTEX_POINT('',#16207);
#4756=VERTEX_POINT('',#16209);
#4757=VERTEX_POINT('',#16211);
#4758=VERTEX_POINT('',#16213);
#4759=VERTEX_POINT('',#16215);
#4760=VERTEX_POINT('',#16217);
#4761=VERTEX_POINT('',#16219);
#4762=VERTEX_POINT('',#16221);
#4763=VERTEX_POINT('',#16223);
#4764=VERTEX_POINT('',#16225);
#4765=VERTEX_POINT('',#16227);
#4766=VERTEX_POINT('',#16229);
#4767=VERTEX_POINT('',#16231);
#4768=VERTEX_POINT('',#16235);
#4769=VERTEX_POINT('',#16239);
#4770=VERTEX_POINT('',#16240);
#4771=VERTEX_POINT('',#16242);
#4772=VERTEX_POINT('',#16244);
#4773=VERTEX_POINT('',#16246);
#4774=VERTEX_POINT('',#16248);
#4775=VERTEX_POINT('',#16250);
#4776=VERTEX_POINT('',#16262);
#4777=VERTEX_POINT('',#16263);
#4778=VERTEX_POINT('',#16265);
#4779=VERTEX_POINT('',#16267);
#4780=VERTEX_POINT('',#16269);
#4781=VERTEX_POINT('',#16271);
#4782=VERTEX_POINT('',#16273);
#4783=VERTEX_POINT('',#16275);
#4784=VERTEX_POINT('',#16278);
#4785=VERTEX_POINT('',#16280);
#4786=VERTEX_POINT('',#16282);
#4787=VERTEX_POINT('',#16284);
#4788=VERTEX_POINT('',#16286);
#4789=VERTEX_POINT('',#16288);
#4790=VERTEX_POINT('',#16290);
#4791=VERTEX_POINT('',#16292);
#4792=VERTEX_POINT('',#16294);
#4793=VERTEX_POINT('',#16296);
#4794=VERTEX_POINT('',#16298);
#4795=VERTEX_POINT('',#16300);
#4796=VERTEX_POINT('',#16302);
#4797=VERTEX_POINT('',#16304);
#4798=VERTEX_POINT('',#16308);
#4799=VERTEX_POINT('',#16312);
#4800=VERTEX_POINT('',#16316);
#4801=VERTEX_POINT('',#16320);
#4802=VERTEX_POINT('',#16322);
#4803=VERTEX_POINT('',#16324);
#4804=VERTEX_POINT('',#16326);
#4805=VERTEX_POINT('',#16328);
#4806=VERTEX_POINT('',#16332);
#4807=VERTEX_POINT('',#16336);
#4808=VERTEX_POINT('',#16337);
#4809=VERTEX_POINT('',#16340);
#4810=VERTEX_POINT('',#16342);
#4811=VERTEX_POINT('',#16344);
#4812=VERTEX_POINT('',#16348);
#4813=VERTEX_POINT('',#16352);
#4814=VERTEX_POINT('',#16356);
#4815=VERTEX_POINT('',#16360);
#4816=VERTEX_POINT('',#16364);
#4817=VERTEX_POINT('',#16365);
#4818=VERTEX_POINT('',#16367);
#4819=VERTEX_POINT('',#16369);
#4820=VERTEX_POINT('',#16371);
#4821=VERTEX_POINT('',#16373);
#4822=VERTEX_POINT('',#16377);
#4823=VERTEX_POINT('',#16381);
#4824=VERTEX_POINT('',#16384);
#4825=VERTEX_POINT('',#16387);
#4826=VERTEX_POINT('',#16388);
#4827=VERTEX_POINT('',#16390);
#4828=VERTEX_POINT('',#16392);
#4829=VERTEX_POINT('',#16394);
#4830=VERTEX_POINT('',#16396);
#4831=VERTEX_POINT('',#16407);
#4832=VERTEX_POINT('',#16409);
#4833=VERTEX_POINT('',#16413);
#4834=VERTEX_POINT('',#16417);
#4835=VERTEX_POINT('',#16421);
#4836=VERTEX_POINT('',#16425);
#4837=VERTEX_POINT('',#16431);
#4838=VERTEX_POINT('',#16432);
#4839=VERTEX_POINT('',#16437);
#4840=VERTEX_POINT('',#16441);
#4841=VERTEX_POINT('',#16445);
#4842=VERTEX_POINT('',#16449);
#4843=VERTEX_POINT('',#16453);
#4844=VERTEX_POINT('',#16457);
#4845=VERTEX_POINT('',#16459);
#4846=VERTEX_POINT('',#16463);
#4847=VERTEX_POINT('',#16467);
#4848=VERTEX_POINT('',#16470);
#4849=VERTEX_POINT('',#16471);
#4850=VERTEX_POINT('',#16473);
#4851=VERTEX_POINT('',#16475);
#4852=VERTEX_POINT('',#16479);
#4853=VERTEX_POINT('',#16483);
#4854=VERTEX_POINT('',#16487);
#4855=VERTEX_POINT('',#16493);
#4856=VERTEX_POINT('',#16495);
#4857=VERTEX_POINT('',#16499);
#4858=VERTEX_POINT('',#16503);
#4859=VERTEX_POINT('',#16509);
#4860=VERTEX_POINT('',#16510);
#4861=VERTEX_POINT('',#16512);
#4862=VERTEX_POINT('',#16516);
#4863=VERTEX_POINT('',#16518);
#4864=VERTEX_POINT('',#16520);
#4865=VERTEX_POINT('',#16524);
#4866=VERTEX_POINT('',#16528);
#4867=VERTEX_POINT('',#16530);
#4868=VERTEX_POINT('',#16536);
#4869=VERTEX_POINT('',#16538);
#4870=VERTEX_POINT('',#16542);
#4871=VERTEX_POINT('',#16544);
#4872=VERTEX_POINT('',#16548);
#4873=VERTEX_POINT('',#16552);
#4874=VERTEX_POINT('',#16560);
#4875=VERTEX_POINT('',#16561);
#4876=VERTEX_POINT('',#16563);
#4877=VERTEX_POINT('',#16565);
#4878=VERTEX_POINT('',#16569);
#4879=VERTEX_POINT('',#16570);
#4880=VERTEX_POINT('',#16572);
#4881=VERTEX_POINT('',#16574);
#4882=VERTEX_POINT('',#16578);
#4883=VERTEX_POINT('',#16579);
#4884=VERTEX_POINT('',#16581);
#4885=VERTEX_POINT('',#16583);
#4886=VERTEX_POINT('',#16589);
#4887=VERTEX_POINT('',#16591);
#4888=VERTEX_POINT('',#16596);
#4889=VERTEX_POINT('',#16597);
#4890=VERTEX_POINT('',#16602);
#4891=VERTEX_POINT('',#16604);
#4892=VERTEX_POINT('',#16608);
#4893=VERTEX_POINT('',#16610);
#4894=VERTEX_POINT('',#16614);
#4895=VERTEX_POINT('',#16616);
#4896=VERTEX_POINT('',#16624);
#4897=VERTEX_POINT('',#16625);
#4898=VERTEX_POINT('',#16627);
#4899=VERTEX_POINT('',#16629);
#4900=VERTEX_POINT('',#16633);
#4901=VERTEX_POINT('',#16634);
#4902=VERTEX_POINT('',#16636);
#4903=VERTEX_POINT('',#16638);
#4904=VERTEX_POINT('',#16642);
#4905=VERTEX_POINT('',#16643);
#4906=VERTEX_POINT('',#16648);
#4907=VERTEX_POINT('',#16650);
#4908=VERTEX_POINT('',#16654);
#4909=VERTEX_POINT('',#16656);
#4910=VERTEX_POINT('',#16660);
#4911=VERTEX_POINT('',#16662);
#4912=VERTEX_POINT('',#16666);
#4913=VERTEX_POINT('',#16668);
#4914=VERTEX_POINT('',#16672);
#4915=VERTEX_POINT('',#16674);
#4916=VERTEX_POINT('',#16681);
#4917=VERTEX_POINT('',#16682);
#4918=VERTEX_POINT('',#16687);
#4919=VERTEX_POINT('',#16688);
#4920=VERTEX_POINT('',#16697);
#4921=VERTEX_POINT('',#16699);
#4922=VERTEX_POINT('',#16703);
#4923=VERTEX_POINT('',#16705);
#4924=VERTEX_POINT('',#16713);
#4925=VERTEX_POINT('',#16715);
#4926=VERTEX_POINT('',#16719);
#4927=VERTEX_POINT('',#16723);
#4928=VERTEX_POINT('',#16730);
#4929=VERTEX_POINT('',#16731);
#4930=VERTEX_POINT('',#16733);
#4931=VERTEX_POINT('',#16735);
#4932=VERTEX_POINT('',#16739);
#4933=VERTEX_POINT('',#16741);
#4934=VERTEX_POINT('',#16745);
#4935=VERTEX_POINT('',#16746);
#4936=VERTEX_POINT('',#16754);
#4937=VERTEX_POINT('',#16755);
#4938=VERTEX_POINT('',#16760);
#4939=VERTEX_POINT('',#16762);
#4940=VERTEX_POINT('',#16769);
#4941=VERTEX_POINT('',#16770);
#4942=VERTEX_POINT('',#16772);
#4943=VERTEX_POINT('',#16774);
#4944=VERTEX_POINT('',#16778);
#4945=VERTEX_POINT('',#16780);
#4946=VERTEX_POINT('',#16784);
#4947=VERTEX_POINT('',#16786);
#4948=VERTEX_POINT('',#16793);
#4949=VERTEX_POINT('',#16795);
#4950=VERTEX_POINT('',#16799);
#4951=VERTEX_POINT('',#16801);
#4952=VERTEX_POINT('',#16808);
#4953=VERTEX_POINT('',#16810);
#4954=VERTEX_POINT('',#16814);
#4955=VERTEX_POINT('',#16816);
#4956=VERTEX_POINT('',#16823);
#4957=VERTEX_POINT('',#16825);
#4958=VERTEX_POINT('',#16829);
#4959=VERTEX_POINT('',#16831);
#4960=VERTEX_POINT('',#16840);
#4961=VERTEX_POINT('',#16841);
#4962=VERTEX_POINT('',#16843);
#4963=VERTEX_POINT('',#16845);
#4964=VERTEX_POINT('',#16849);
#4965=VERTEX_POINT('',#16851);
#4966=VERTEX_POINT('',#16855);
#4967=VERTEX_POINT('',#16857);
#4968=VERTEX_POINT('',#16861);
#4969=VERTEX_POINT('',#16862);
#4970=VERTEX_POINT('',#16864);
#4971=VERTEX_POINT('',#16866);
#4972=VERTEX_POINT('',#16868);
#4973=VERTEX_POINT('',#16870);
#4974=VERTEX_POINT('',#16872);
#4975=VERTEX_POINT('',#16874);
#4976=VERTEX_POINT('',#16876);
#4977=VERTEX_POINT('',#16878);
#4978=VERTEX_POINT('',#16880);
#4979=VERTEX_POINT('',#16882);
#4980=VERTEX_POINT('',#16884);
#4981=VERTEX_POINT('',#16886);
#4982=VERTEX_POINT('',#16888);
#4983=VERTEX_POINT('',#16890);
#4984=VERTEX_POINT('',#16894);
#4985=VERTEX_POINT('',#16896);
#4986=VERTEX_POINT('',#16900);
#4987=VERTEX_POINT('',#16901);
#4988=VERTEX_POINT('',#16903);
#4989=VERTEX_POINT('',#16905);
#4990=VERTEX_POINT('',#16909);
#4991=VERTEX_POINT('',#16911);
#4992=VERTEX_POINT('',#16915);
#4993=VERTEX_POINT('',#16917);
#4994=VERTEX_POINT('',#16924);
#4995=VERTEX_POINT('',#16925);
#4996=VERTEX_POINT('',#16930);
#4997=VERTEX_POINT('',#16934);
#4998=VERTEX_POINT('',#16938);
#4999=VERTEX_POINT('',#16940);
#5000=VERTEX_POINT('',#16944);
#5001=VERTEX_POINT('',#16948);
#5002=VERTEX_POINT('',#16952);
#5003=VERTEX_POINT('',#16956);
#5004=VERTEX_POINT('',#16960);
#5005=VERTEX_POINT('',#16964);
#5006=VERTEX_POINT('',#16970);
#5007=VERTEX_POINT('',#16974);
#5008=VERTEX_POINT('',#16986);
#5009=VERTEX_POINT('',#16987);
#5010=VERTEX_POINT('',#16989);
#5011=VERTEX_POINT('',#16991);
#5012=VERTEX_POINT('',#16995);
#5013=VERTEX_POINT('',#16996);
#5014=VERTEX_POINT('',#17001);
#5015=VERTEX_POINT('',#17003);
#5016=VERTEX_POINT('',#17007);
#5017=VERTEX_POINT('',#17008);
#5018=VERTEX_POINT('',#17010);
#5019=VERTEX_POINT('',#17012);
#5020=VERTEX_POINT('',#17014);
#5021=VERTEX_POINT('',#17016);
#5022=VERTEX_POINT('',#17018);
#5023=VERTEX_POINT('',#17020);
#5024=VERTEX_POINT('',#17022);
#5025=VERTEX_POINT('',#17024);
#5026=VERTEX_POINT('',#17026);
#5027=VERTEX_POINT('',#17028);
#5028=VERTEX_POINT('',#17030);
#5029=VERTEX_POINT('',#17032);
#5030=VERTEX_POINT('',#17034);
#5031=VERTEX_POINT('',#17036);
#5032=VERTEX_POINT('',#17040);
#5033=VERTEX_POINT('',#17041);
#5034=VERTEX_POINT('',#17046);
#5035=VERTEX_POINT('',#17047);
#5036=VERTEX_POINT('',#17049);
#5037=VERTEX_POINT('',#17051);
#5038=VERTEX_POINT('',#17055);
#5039=VERTEX_POINT('',#17057);
#5040=VERTEX_POINT('',#17061);
#5041=VERTEX_POINT('',#17063);
#5042=VERTEX_POINT('',#17070);
#5043=VERTEX_POINT('',#17072);
#5044=VERTEX_POINT('',#17076);
#5045=VERTEX_POINT('',#17080);
#5046=VERTEX_POINT('',#17084);
#5047=VERTEX_POINT('',#17085);
#5048=VERTEX_POINT('',#17090);
#5049=VERTEX_POINT('',#17094);
#5050=VERTEX_POINT('',#17098);
#5051=VERTEX_POINT('',#17102);
#5052=VERTEX_POINT('',#17106);
#5053=VERTEX_POINT('',#17110);
#5054=VERTEX_POINT('',#17116);
#5055=VERTEX_POINT('',#17121);
#5056=VERTEX_POINT('',#17185);
#5057=VERTEX_POINT('',#17186);
#5058=VERTEX_POINT('',#17188);
#5059=VERTEX_POINT('',#17198);
#5060=VERTEX_POINT('',#17263);
#5061=VERTEX_POINT('',#17264);
#5062=VERTEX_POINT('',#17338);
#5063=VERTEX_POINT('',#17339);
#5064=VERTEX_POINT('',#17413);
#5065=VERTEX_POINT('',#17414);
#5066=VERTEX_POINT('',#17488);
#5067=VERTEX_POINT('',#17489);
#5068=VERTEX_POINT('',#17563);
#5069=VERTEX_POINT('',#17564);
#5070=VERTEX_POINT('',#17638);
#5071=VERTEX_POINT('',#17639);
#5072=VERTEX_POINT('',#17731);
#5073=VERTEX_POINT('',#17732);
#5074=VERTEX_POINT('',#17830);
#5075=VERTEX_POINT('',#17831);
#5076=VERTEX_POINT('',#17929);
#5077=VERTEX_POINT('',#17930);
#5078=VERTEX_POINT('',#18028);
#5079=VERTEX_POINT('',#18029);
#5080=VERTEX_POINT('',#18127);
#5081=VERTEX_POINT('',#18128);
#5082=VERTEX_POINT('',#18208);
#5083=VERTEX_POINT('',#18209);
#5084=VERTEX_POINT('',#18283);
#5085=VERTEX_POINT('',#18284);
#5086=VERTEX_POINT('',#18358);
#5087=VERTEX_POINT('',#18359);
#5088=VERTEX_POINT('',#18433);
#5089=VERTEX_POINT('',#18434);
#5090=VERTEX_POINT('',#19428);
#5091=VERTEX_POINT('',#19429);
#5092=VERTEX_POINT('',#19432);
#5093=VERTEX_POINT('',#19436);
#5094=VERTEX_POINT('',#19437);
#5095=VERTEX_POINT('',#19442);
#5096=VERTEX_POINT('',#19443);
#5097=VERTEX_POINT('',#19448);
#5098=VERTEX_POINT('',#19449);
#5099=VERTEX_POINT('',#19454);
#5100=VERTEX_POINT('',#19455);
#5101=VERTEX_POINT('',#19460);
#5102=VERTEX_POINT('',#19461);
#5103=VERTEX_POINT('',#19466);
#5104=EDGE_CURVE('',#4110,#4111,#1542,.T.);
#5105=EDGE_CURVE('',#4112,#4111,#1543,.T.);
#5106=EDGE_CURVE('',#4113,#4112,#1544,.T.);
#5107=EDGE_CURVE('',#4113,#4110,#1545,.T.);
#5108=EDGE_CURVE('',#4111,#4114,#1546,.T.);
#5109=EDGE_CURVE('',#4115,#4114,#1547,.T.);
#5110=EDGE_CURVE('',#4112,#4115,#1548,.T.);
#5111=EDGE_CURVE('',#4116,#4117,#1549,.T.);
#5112=EDGE_CURVE('',#4117,#4118,#1550,.T.);
#5113=EDGE_CURVE('',#4118,#4119,#1551,.T.);
#5114=EDGE_CURVE('',#4119,#4120,#1552,.T.);
#5115=EDGE_CURVE('',#4120,#4121,#1553,.T.);
#5116=EDGE_CURVE('',#4121,#4122,#1554,.T.);
#5117=EDGE_CURVE('',#4123,#4122,#1555,.T.);
#5118=EDGE_CURVE('',#4124,#4123,#1556,.T.);
#5119=EDGE_CURVE('',#4114,#4124,#1557,.T.);
#5120=EDGE_CURVE('',#4116,#4110,#1558,.T.);
#5121=EDGE_CURVE('',#4125,#4124,#1559,.T.);
#5122=EDGE_CURVE('',#4115,#4125,#1560,.T.);
#5123=EDGE_CURVE('',#4126,#4123,#1561,.T.);
#5124=EDGE_CURVE('',#4125,#4126,#1562,.T.);
#5125=EDGE_CURVE('',#4127,#4122,#1563,.T.);
#5126=EDGE_CURVE('',#4126,#4127,#1564,.T.);
#5127=EDGE_CURVE('',#4128,#4121,#1565,.T.);
#5128=EDGE_CURVE('',#4128,#4127,#1566,.T.);
#5129=EDGE_CURVE('',#4129,#4120,#1567,.T.);
#5130=EDGE_CURVE('',#4129,#4128,#1568,.T.);
#5131=EDGE_CURVE('',#4130,#4119,#1569,.T.);
#5132=EDGE_CURVE('',#4130,#4129,#1570,.T.);
#5133=EDGE_CURVE('',#4131,#4118,#1571,.T.);
#5134=EDGE_CURVE('',#4131,#4130,#1572,.T.);
#5135=EDGE_CURVE('',#4132,#4117,#1573,.T.);
#5136=EDGE_CURVE('',#4132,#4131,#1574,.T.);
#5137=EDGE_CURVE('',#4133,#4116,#1575,.T.);
#5138=EDGE_CURVE('',#4133,#4132,#1576,.T.);
#5139=EDGE_CURVE('',#4134,#4135,#1577,.T.);
#5140=EDGE_CURVE('',#4134,#4136,#1578,.T.);
#5141=EDGE_CURVE('',#4136,#4137,#1579,.T.);
#5142=EDGE_CURVE('',#4135,#4137,#1580,.T.);
#5143=EDGE_CURVE('',#4138,#4113,#1581,.T.);
#5144=EDGE_CURVE('',#4139,#4138,#1582,.T.);
#5145=EDGE_CURVE('',#4139,#4134,#1583,.T.);
#5146=EDGE_CURVE('',#4135,#4140,#1584,.T.);
#5147=EDGE_CURVE('',#4141,#4140,#1585,.T.);
#5148=EDGE_CURVE('',#4141,#4142,#1586,.T.);
#5149=EDGE_CURVE('',#4142,#4143,#1587,.T.);
#5150=EDGE_CURVE('',#4133,#4143,#1588,.T.);
#5151=EDGE_CURVE('',#4144,#4145,#1589,.T.);
#5152=EDGE_CURVE('',#4146,#4145,#1590,.T.);
#5153=EDGE_CURVE('',#4147,#4146,#1591,.T.);
#5154=EDGE_CURVE('',#4147,#4144,#1592,.T.);
#5155=EDGE_CURVE('',#4141,#4148,#1593,.T.);
#5156=EDGE_CURVE('',#4149,#4148,#1594,.T.);
#5157=EDGE_CURVE('',#4149,#4150,#1595,.T.);
#5158=EDGE_CURVE('',#4151,#4150,#1596,.T.);
#5159=EDGE_CURVE('',#4151,#4152,#1597,.T.);
#5160=EDGE_CURVE('',#4153,#4152,#1598,.T.);
#5161=EDGE_CURVE('',#4154,#4153,#1599,.T.);
#5162=EDGE_CURVE('',#4155,#4154,#1600,.T.);
#5163=EDGE_CURVE('',#4156,#4155,#1601,.T.);
#5164=EDGE_CURVE('',#4136,#4156,#1602,.T.);
#5165=EDGE_CURVE('',#4139,#4157,#1603,.T.);
#5166=EDGE_CURVE('',#4157,#4158,#1604,.T.);
#5167=EDGE_CURVE('',#4158,#4159,#1605,.T.);
#5168=EDGE_CURVE('',#4160,#4159,#1606,.T.);
#5169=EDGE_CURVE('',#4160,#4161,#1607,.T.);
#5170=EDGE_CURVE('',#4162,#4161,#208,.T.);
#5171=EDGE_CURVE('',#4162,#4163,#1608,.T.);
#5172=EDGE_CURVE('',#4164,#4163,#209,.T.);
#5173=EDGE_CURVE('',#4165,#4164,#1609,.T.);
#5174=EDGE_CURVE('',#4166,#4165,#1610,.T.);
#5175=EDGE_CURVE('',#4167,#4166,#1611,.T.);
#5176=EDGE_CURVE('',#4167,#4168,#1612,.T.);
#5177=EDGE_CURVE('',#4142,#4168,#1613,.T.);
#5178=EDGE_CURVE('',#4156,#4169,#1614,.T.);
#5179=EDGE_CURVE('',#4137,#4169,#1615,.T.);
#5180=EDGE_CURVE('',#4169,#4170,#1616,.T.);
#5181=EDGE_CURVE('',#4170,#4171,#1617,.T.);
#5182=EDGE_CURVE('',#4171,#4172,#1618,.T.);
#5183=EDGE_CURVE('',#4173,#4172,#1619,.T.);
#5184=EDGE_CURVE('',#4174,#4173,#1620,.T.);
#5185=EDGE_CURVE('',#4175,#4174,#1621,.T.);
#5186=EDGE_CURVE('',#4176,#4175,#1622,.T.);
#5187=EDGE_CURVE('',#4177,#4176,#1623,.T.);
#5188=EDGE_CURVE('',#4140,#4177,#1624,.T.);
#5189=EDGE_CURVE('',#4143,#4178,#1625,.T.);
#5190=EDGE_CURVE('',#4178,#4179,#1626,.T.);
#5191=EDGE_CURVE('',#4179,#4180,#1627,.T.);
#5192=EDGE_CURVE('',#4181,#4180,#1628,.T.);
#5193=EDGE_CURVE('',#4181,#4182,#1629,.T.);
#5194=EDGE_CURVE('',#4183,#4182,#210,.T.);
#5195=EDGE_CURVE('',#4183,#4184,#1630,.T.);
#5196=EDGE_CURVE('',#4185,#4184,#211,.T.);
#5197=EDGE_CURVE('',#4186,#4185,#1631,.T.);
#5198=EDGE_CURVE('',#4187,#4186,#1632,.T.);
#5199=EDGE_CURVE('',#4188,#4187,#1633,.T.);
#5200=EDGE_CURVE('',#4188,#4189,#1634,.T.);
#5201=EDGE_CURVE('',#4138,#4189,#1635,.T.);
#5202=EDGE_CURVE('',#4168,#4178,#1636,.T.);
#5203=EDGE_CURVE('',#4148,#4177,#1637,.T.);
#5204=EDGE_CURVE('',#4189,#4157,#1638,.T.);
#5205=EDGE_CURVE('',#4190,#4147,#1639,.T.);
#5206=EDGE_CURVE('',#4191,#4190,#1640,.T.);
#5207=EDGE_CURVE('',#4191,#4144,#1641,.T.);
#5208=EDGE_CURVE('',#4192,#4146,#1642,.T.);
#5209=EDGE_CURVE('',#4190,#4192,#1643,.T.);
#5210=EDGE_CURVE('',#4193,#4145,#1644,.T.);
#5211=EDGE_CURVE('',#4192,#4193,#1645,.T.);
#5212=EDGE_CURVE('',#4193,#4191,#1646,.T.);
#5213=EDGE_CURVE('',#4194,#4195,#212,.T.);
#5214=EDGE_CURVE('',#4194,#4196,#1647,.T.);
#5215=EDGE_CURVE('',#4197,#4196,#213,.T.);
#5216=EDGE_CURVE('',#4197,#4198,#1648,.T.);
#5217=EDGE_CURVE('',#4179,#4198,#1649,.T.);
#5218=EDGE_CURVE('',#4199,#4167,#1650,.T.);
#5219=EDGE_CURVE('',#4195,#4199,#1651,.T.);
#5220=EDGE_CURVE('',#4200,#4166,#1652,.T.);
#5221=EDGE_CURVE('',#4199,#4200,#1653,.T.);
#5222=EDGE_CURVE('',#4201,#4165,#1654,.T.);
#5223=EDGE_CURVE('',#4201,#4200,#1655,.T.);
#5224=EDGE_CURVE('',#4202,#4164,#1656,.T.);
#5225=EDGE_CURVE('',#4201,#4202,#1657,.T.);
#5226=EDGE_CURVE('',#4203,#4163,#1658,.T.);
#5227=EDGE_CURVE('',#4203,#4202,#214,.T.);
#5228=EDGE_CURVE('',#4204,#4203,#1659,.T.);
#5229=EDGE_CURVE('',#4204,#4162,#1660,.T.);
#5230=EDGE_CURVE('',#4205,#4161,#1661,.T.);
#5231=EDGE_CURVE('',#4205,#4204,#215,.T.);
#5232=EDGE_CURVE('',#4206,#4160,#1662,.T.);
#5233=EDGE_CURVE('',#4206,#4205,#1663,.T.);
#5234=EDGE_CURVE('',#4207,#4159,#1664,.T.);
#5235=EDGE_CURVE('',#4207,#4206,#1665,.T.);
#5236=EDGE_CURVE('',#4208,#4158,#1666,.T.);
#5237=EDGE_CURVE('',#4208,#4207,#1667,.T.);
#5238=EDGE_CURVE('',#4209,#4210,#216,.T.);
#5239=EDGE_CURVE('',#4209,#4208,#1668,.T.);
#5240=EDGE_CURVE('',#4188,#4211,#1669,.T.);
#5241=EDGE_CURVE('',#4212,#4211,#1670,.T.);
#5242=EDGE_CURVE('',#4213,#4212,#217,.T.);
#5243=EDGE_CURVE('',#4213,#4210,#1671,.T.);
#5244=EDGE_CURVE('',#4155,#4170,#1672,.T.);
#5245=EDGE_CURVE('',#4154,#4171,#1673,.T.);
#5246=EDGE_CURVE('',#4153,#4172,#1674,.T.);
#5247=EDGE_CURVE('',#4152,#4173,#1675,.T.);
#5248=EDGE_CURVE('',#4151,#4174,#1676,.T.);
#5249=EDGE_CURVE('',#4150,#4175,#1677,.T.);
#5250=EDGE_CURVE('',#4149,#4176,#1678,.T.);
#5251=EDGE_CURVE('',#4187,#4214,#1679,.T.);
#5252=EDGE_CURVE('',#4211,#4214,#1680,.T.);
#5253=EDGE_CURVE('',#4186,#4215,#1681,.T.);
#5254=EDGE_CURVE('',#4214,#4215,#1682,.T.);
#5255=EDGE_CURVE('',#4185,#4216,#1683,.T.);
#5256=EDGE_CURVE('',#4215,#4216,#1684,.T.);
#5257=EDGE_CURVE('',#4184,#4217,#1685,.T.);
#5258=EDGE_CURVE('',#4216,#4217,#218,.T.);
#5259=EDGE_CURVE('',#4183,#4218,#1686,.T.);
#5260=EDGE_CURVE('',#4218,#4217,#1687,.T.);
#5261=EDGE_CURVE('',#4182,#4219,#1688,.T.);
#5262=EDGE_CURVE('',#4218,#4219,#219,.T.);
#5263=EDGE_CURVE('',#4181,#4220,#1689,.T.);
#5264=EDGE_CURVE('',#4220,#4219,#1690,.T.);
#5265=EDGE_CURVE('',#4180,#4221,#1691,.T.);
#5266=EDGE_CURVE('',#4220,#4221,#1692,.T.);
#5267=EDGE_CURVE('',#4198,#4221,#1693,.T.);
#5268=EDGE_CURVE('',#4222,#4223,#1694,.T.);
#5269=EDGE_CURVE('',#4224,#4222,#1695,.T.);
#5270=EDGE_CURVE('',#4225,#4224,#1696,.T.);
#5271=EDGE_CURVE('',#4223,#4225,#1697,.T.);
#5272=EDGE_CURVE('',#4226,#4195,#1698,.T.);
#5273=EDGE_CURVE('',#4227,#4209,#1699,.T.);
#5274=EDGE_CURVE('',#4227,#4226,#1700,.T.);
#5275=EDGE_CURVE('',#4228,#4212,#1701,.T.);
#5276=EDGE_CURVE('',#4229,#4197,#1702,.T.);
#5277=EDGE_CURVE('',#4229,#4228,#1703,.T.);
#5278=EDGE_CURVE('',#4230,#4196,#1704,.T.);
#5279=EDGE_CURVE('',#4230,#4229,#220,.T.);
#5280=EDGE_CURVE('',#4231,#4194,#1705,.T.);
#5281=EDGE_CURVE('',#4231,#4230,#1706,.T.);
#5282=EDGE_CURVE('',#4226,#4231,#221,.T.);
#5283=EDGE_CURVE('',#4232,#4210,#1707,.T.);
#5284=EDGE_CURVE('',#4233,#4213,#1708,.T.);
#5285=EDGE_CURVE('',#4233,#4232,#1709,.T.);
#5286=EDGE_CURVE('',#4228,#4233,#222,.T.);
#5287=EDGE_CURVE('',#4232,#4227,#223,.T.);
#5288=EDGE_CURVE('',#4228,#4223,#224,.T.);
#5289=EDGE_CURVE('',#4229,#4222,#225,.T.);
#5290=EDGE_CURVE('',#4230,#4222,#226,.T.);
#5291=EDGE_CURVE('',#4231,#4224,#227,.T.);
#5292=EDGE_CURVE('',#4226,#4224,#228,.T.);
#5293=EDGE_CURVE('',#4227,#4225,#229,.T.);
#5294=EDGE_CURVE('',#4232,#4225,#230,.T.);
#5295=EDGE_CURVE('',#4233,#4223,#231,.T.);
#5296=EDGE_CURVE('',#4234,#4235,#1710,.T.);
#5297=EDGE_CURVE('',#4236,#4235,#1711,.T.);
#5298=EDGE_CURVE('',#4237,#4236,#1712,.T.);
#5299=EDGE_CURVE('',#4237,#4234,#1713,.T.);
#5300=EDGE_CURVE('',#4235,#4238,#1714,.T.);
#5301=EDGE_CURVE('',#4239,#4238,#1715,.T.);
#5302=EDGE_CURVE('',#4236,#4239,#1716,.T.);
#5303=EDGE_CURVE('',#4240,#4234,#1717,.T.);
#5304=EDGE_CURVE('',#4238,#4240,#1718,.T.);
#5305=EDGE_CURVE('',#4241,#4240,#1719,.T.);
#5306=EDGE_CURVE('',#4239,#4241,#1720,.T.);
#5307=EDGE_CURVE('',#4242,#4243,#1721,.T.);
#5308=EDGE_CURVE('',#4244,#4242,#1722,.T.);
#5309=EDGE_CURVE('',#4244,#4245,#1723,.T.);
#5310=EDGE_CURVE('',#4245,#4243,#1724,.T.);
#5311=EDGE_CURVE('',#4246,#4247,#1725,.T.);
#5312=EDGE_CURVE('',#4247,#4242,#1726,.T.);
#5313=EDGE_CURVE('',#4243,#4246,#1727,.T.);
#5314=EDGE_CURVE('',#4248,#4247,#1728,.T.);
#5315=EDGE_CURVE('',#4248,#4244,#1729,.T.);
#5316=EDGE_CURVE('',#4249,#4246,#1730,.T.);
#5317=EDGE_CURVE('',#4249,#4248,#1731,.T.);
#5318=EDGE_CURVE('',#4250,#4251,#1732,.T.);
#5319=EDGE_CURVE('',#4250,#4252,#1733,.T.);
#5320=EDGE_CURVE('',#4252,#4253,#1734,.T.);
#5321=EDGE_CURVE('',#4251,#4253,#1735,.T.);
#5322=EDGE_CURVE('',#4237,#4254,#1736,.T.);
#5323=EDGE_CURVE('',#4254,#4255,#1737,.T.);
#5324=EDGE_CURVE('',#4255,#4256,#1738,.T.);
#5325=EDGE_CURVE('',#4257,#4256,#1739,.T.);
#5326=EDGE_CURVE('',#4258,#4257,#1740,.T.);
#5327=EDGE_CURVE('',#4258,#4259,#1741,.T.);
#5328=EDGE_CURVE('',#4259,#4260,#1742,.T.);
#5329=EDGE_CURVE('',#4261,#4260,#1743,.T.);
#5330=EDGE_CURVE('',#4262,#4261,#1744,.T.);
#5331=EDGE_CURVE('',#4262,#4263,#1745,.T.);
#5332=EDGE_CURVE('',#4263,#4264,#1746,.T.);
#5333=EDGE_CURVE('',#4265,#4264,#1747,.T.);
#5334=EDGE_CURVE('',#4266,#4265,#1748,.T.);
#5335=EDGE_CURVE('',#4267,#4266,#1749,.T.);
#5336=EDGE_CURVE('',#4250,#4267,#1750,.T.);
#5337=EDGE_CURVE('',#4268,#4251,#1751,.T.);
#5338=EDGE_CURVE('',#4269,#4268,#1752,.T.);
#5339=EDGE_CURVE('',#4270,#4269,#1753,.T.);
#5340=EDGE_CURVE('',#4271,#4270,#1754,.T.);
#5341=EDGE_CURVE('',#4271,#4241,#1755,.T.);
#5342=EDGE_CURVE('',#4272,#4269,#1756,.T.);
#5343=EDGE_CURVE('',#4252,#4272,#1757,.T.);
#5344=EDGE_CURVE('',#4267,#4273,#1758,.T.);
#5345=EDGE_CURVE('',#4274,#4273,#1759,.T.);
#5346=EDGE_CURVE('',#4270,#4274,#1760,.T.);
#5347=EDGE_CURVE('',#4272,#4275,#1761,.T.);
#5348=EDGE_CURVE('',#4253,#4275,#1762,.T.);
#5349=EDGE_CURVE('',#4275,#4268,#1763,.T.);
#5350=EDGE_CURVE('',#4276,#4271,#1764,.T.);
#5351=EDGE_CURVE('',#4276,#4277,#1765,.T.);
#5352=EDGE_CURVE('',#4277,#4254,#1766,.T.);
#5353=EDGE_CURVE('',#4278,#4279,#232,.T.);
#5354=EDGE_CURVE('',#4278,#4280,#1767,.T.);
#5355=EDGE_CURVE('',#4281,#4280,#233,.T.);
#5356=EDGE_CURVE('',#4281,#4282,#1768,.T.);
#5357=EDGE_CURVE('',#4283,#4282,#1769,.T.);
#5358=EDGE_CURVE('',#4284,#4283,#1770,.T.);
#5359=EDGE_CURVE('',#4285,#4284,#1771,.T.);
#5360=EDGE_CURVE('',#4285,#4286,#1772,.T.);
#5361=EDGE_CURVE('',#4287,#4286,#234,.T.);
#5362=EDGE_CURVE('',#4287,#4288,#1773,.T.);
#5363=EDGE_CURVE('',#4289,#4288,#235,.T.);
#5364=EDGE_CURVE('',#4289,#4276,#1774,.T.);
#5365=EDGE_CURVE('',#4274,#4279,#1775,.T.);
#5366=EDGE_CURVE('',#4290,#4291,#1776,.T.);
#5367=EDGE_CURVE('',#4292,#4290,#1777,.T.);
#5368=EDGE_CURVE('',#4292,#4293,#1778,.T.);
#5369=EDGE_CURVE('',#4291,#4293,#1779,.T.);
#5370=EDGE_CURVE('',#4294,#4295,#1780,.T.);
#5371=EDGE_CURVE('',#4296,#4294,#1781,.T.);
#5372=EDGE_CURVE('',#4297,#4296,#1782,.T.);
#5373=EDGE_CURVE('',#4298,#4297,#1783,.T.);
#5374=EDGE_CURVE('',#4298,#4299,#1784,.T.);
#5375=EDGE_CURVE('',#4299,#4300,#1785,.T.);
#5376=EDGE_CURVE('',#4300,#4301,#1786,.T.);
#5377=EDGE_CURVE('',#4301,#4295,#1787,.T.);
#5378=EDGE_CURVE('',#4302,#4303,#1788,.T.);
#5379=EDGE_CURVE('',#4304,#4302,#1789,.T.);
#5380=EDGE_CURVE('',#4305,#4304,#1790,.T.);
#5381=EDGE_CURVE('',#4303,#4305,#1791,.T.);
#5382=EDGE_CURVE('',#4306,#4307,#1792,.T.);
#5383=EDGE_CURVE('',#4307,#4308,#1793,.T.);
#5384=EDGE_CURVE('',#4308,#4309,#1794,.T.);
#5385=EDGE_CURVE('',#4309,#4310,#1795,.T.);
#5386=EDGE_CURVE('',#4311,#4310,#1796,.T.);
#5387=EDGE_CURVE('',#4312,#4311,#1797,.T.);
#5388=EDGE_CURVE('',#4313,#4312,#1798,.T.);
#5389=EDGE_CURVE('',#4306,#4313,#1799,.T.);
#5390=EDGE_CURVE('',#4314,#4315,#1800,.T.);
#5391=EDGE_CURVE('',#4315,#4316,#1801,.T.);
#5392=EDGE_CURVE('',#4316,#4317,#1802,.T.);
#5393=EDGE_CURVE('',#4317,#4314,#1803,.T.);
#5394=EDGE_CURVE('',#4318,#4319,#1804,.T.);
#5395=EDGE_CURVE('',#4320,#4318,#1805,.T.);
#5396=EDGE_CURVE('',#4321,#4320,#1806,.T.);
#5397=EDGE_CURVE('',#4319,#4321,#1807,.T.);
#5398=EDGE_CURVE('',#4322,#4323,#1808,.T.);
#5399=EDGE_CURVE('',#4323,#4324,#1809,.T.);
#5400=EDGE_CURVE('',#4324,#4325,#1810,.T.);
#5401=EDGE_CURVE('',#4325,#4322,#1811,.T.);
#5402=EDGE_CURVE('',#4273,#4326,#1812,.T.);
#5403=EDGE_CURVE('',#4266,#4327,#1813,.T.);
#5404=EDGE_CURVE('',#4327,#4328,#1814,.T.);
#5405=EDGE_CURVE('',#4328,#4329,#1815,.T.);
#5406=EDGE_CURVE('',#4330,#4329,#1816,.T.);
#5407=EDGE_CURVE('',#4330,#4331,#1817,.T.);
#5408=EDGE_CURVE('',#4331,#4332,#1818,.T.);
#5409=EDGE_CURVE('',#4332,#4333,#1819,.T.);
#5410=EDGE_CURVE('',#4334,#4333,#1820,.T.);
#5411=EDGE_CURVE('',#4334,#4335,#1821,.T.);
#5412=EDGE_CURVE('',#4335,#4336,#1822,.T.);
#5413=EDGE_CURVE('',#4336,#4337,#1823,.T.);
#5414=EDGE_CURVE('',#4338,#4337,#1824,.T.);
#5415=EDGE_CURVE('',#4338,#4339,#236,.T.);
#5416=EDGE_CURVE('',#4340,#4339,#1825,.T.);
#5417=EDGE_CURVE('',#4340,#4326,#237,.T.);
#5418=EDGE_CURVE('',#4341,#4342,#1826,.T.);
#5419=EDGE_CURVE('',#4335,#4341,#1827,.T.);
#5420=EDGE_CURVE('',#4334,#4343,#1828,.T.);
#5421=EDGE_CURVE('',#4343,#4344,#1829,.T.);
#5422=EDGE_CURVE('',#4344,#4331,#1830,.T.);
#5423=EDGE_CURVE('',#4345,#4330,#1831,.T.);
#5424=EDGE_CURVE('',#4346,#4345,#1832,.T.);
#5425=EDGE_CURVE('',#4327,#4346,#1833,.T.);
#5426=EDGE_CURVE('',#4265,#4347,#1834,.T.);
#5427=EDGE_CURVE('',#4347,#4348,#1835,.T.);
#5428=EDGE_CURVE('',#4349,#4348,#1836,.T.);
#5429=EDGE_CURVE('',#4349,#4350,#1837,.T.);
#5430=EDGE_CURVE('',#4350,#4351,#1838,.T.);
#5431=EDGE_CURVE('',#4342,#4351,#1839,.T.);
#5432=EDGE_CURVE('',#4352,#4353,#1840,.T.);
#5433=EDGE_CURVE('',#4353,#4354,#1841,.T.);
#5434=EDGE_CURVE('',#4354,#4355,#1842,.T.);
#5435=EDGE_CURVE('',#4355,#4352,#1843,.T.);
#5436=EDGE_CURVE('',#4356,#4357,#1844,.T.);
#5437=EDGE_CURVE('',#4358,#4356,#1845,.T.);
#5438=EDGE_CURVE('',#4359,#4358,#1846,.T.);
#5439=EDGE_CURVE('',#4357,#4359,#1847,.T.);
#5440=EDGE_CURVE('',#4264,#4360,#1848,.T.);
#5441=EDGE_CURVE('',#4347,#4360,#1849,.T.);
#5442=EDGE_CURVE('',#4360,#4361,#1850,.T.);
#5443=EDGE_CURVE('',#4362,#4263,#1851,.T.);
#5444=EDGE_CURVE('',#4363,#4362,#1852,.T.);
#5445=EDGE_CURVE('',#4363,#4364,#1853,.T.);
#5446=EDGE_CURVE('',#4364,#4361,#1854,.T.);
#5447=EDGE_CURVE('',#4365,#4262,#1855,.T.);
#5448=EDGE_CURVE('',#4362,#4365,#1856,.T.);
#5449=EDGE_CURVE('',#4366,#4365,#1857,.T.);
#5450=EDGE_CURVE('',#4366,#4261,#1858,.T.);
#5451=EDGE_CURVE('',#4367,#4368,#1859,.T.);
#5452=EDGE_CURVE('',#4367,#4260,#1860,.T.);
#5453=EDGE_CURVE('',#4368,#4259,#1861,.T.);
#5454=EDGE_CURVE('',#4369,#4368,#1862,.T.);
#5455=EDGE_CURVE('',#4369,#4258,#1863,.T.);
#5456=EDGE_CURVE('',#4370,#4371,#1864,.T.);
#5457=EDGE_CURVE('',#4371,#4369,#1865,.T.);
#5458=EDGE_CURVE('',#4257,#4372,#1866,.T.);
#5459=EDGE_CURVE('',#4372,#4373,#1867,.T.);
#5460=EDGE_CURVE('',#4370,#4373,#1868,.T.);
#5461=EDGE_CURVE('',#4256,#4374,#1869,.T.);
#5462=EDGE_CURVE('',#4372,#4374,#1870,.T.);
#5463=EDGE_CURVE('',#4375,#4376,#1871,.T.);
#5464=EDGE_CURVE('',#4377,#4376,#1872,.T.);
#5465=EDGE_CURVE('',#4378,#4377,#1873,.T.);
#5466=EDGE_CURVE('',#4378,#4379,#1874,.T.);
#5467=EDGE_CURVE('',#4374,#4379,#1875,.T.);
#5468=EDGE_CURVE('',#4255,#4380,#1876,.T.);
#5469=EDGE_CURVE('',#4380,#4381,#1877,.T.);
#5470=EDGE_CURVE('',#4381,#4382,#1878,.T.);
#5471=EDGE_CURVE('',#4383,#4382,#1879,.T.);
#5472=EDGE_CURVE('',#4383,#4384,#1880,.T.);
#5473=EDGE_CURVE('',#4384,#4385,#1881,.T.);
#5474=EDGE_CURVE('',#4385,#4386,#1882,.T.);
#5475=EDGE_CURVE('',#4387,#4386,#1883,.T.);
#5476=EDGE_CURVE('',#4387,#4388,#1884,.T.);
#5477=EDGE_CURVE('',#4388,#4389,#1885,.T.);
#5478=EDGE_CURVE('',#4389,#4375,#1886,.T.);
#5479=EDGE_CURVE('',#4390,#4391,#1887,.T.);
#5480=EDGE_CURVE('',#4391,#4392,#1888,.T.);
#5481=EDGE_CURVE('',#4392,#4393,#1889,.T.);
#5482=EDGE_CURVE('',#4393,#4390,#1890,.T.);
#5483=EDGE_CURVE('',#4394,#4395,#1891,.T.);
#5484=EDGE_CURVE('',#4396,#4395,#1892,.T.);
#5485=EDGE_CURVE('',#4396,#4397,#1893,.T.);
#5486=EDGE_CURVE('',#4394,#4397,#1894,.T.);
#5487=EDGE_CURVE('',#4398,#4399,#1895,.T.);
#5488=EDGE_CURVE('',#4398,#4400,#1896,.T.);
#5489=EDGE_CURVE('',#4388,#4400,#1897,.T.);
#5490=EDGE_CURVE('',#4401,#4387,#1898,.T.);
#5491=EDGE_CURVE('',#4402,#4401,#1899,.T.);
#5492=EDGE_CURVE('',#4402,#4384,#1900,.T.);
#5493=EDGE_CURVE('',#4403,#4383,#1901,.T.);
#5494=EDGE_CURVE('',#4404,#4403,#1902,.T.);
#5495=EDGE_CURVE('',#4404,#4380,#1903,.T.);
#5496=EDGE_CURVE('',#4405,#4277,#1904,.T.);
#5497=EDGE_CURVE('',#4405,#4406,#238,.T.);
#5498=EDGE_CURVE('',#4407,#4406,#1905,.T.);
#5499=EDGE_CURVE('',#4407,#4399,#239,.T.);
#5500=EDGE_CURVE('',#4279,#4326,#1906,.T.);
#5501=EDGE_CURVE('',#4289,#4405,#1907,.T.);
#5502=EDGE_CURVE('',#4288,#4406,#1908,.T.);
#5503=EDGE_CURVE('',#4287,#4407,#1909,.T.);
#5504=EDGE_CURVE('',#4286,#4399,#1910,.T.);
#5505=EDGE_CURVE('',#4285,#4398,#1911,.T.);
#5506=EDGE_CURVE('',#4249,#4400,#1912,.T.);
#5507=EDGE_CURVE('',#4284,#4245,#1913,.T.);
#5508=EDGE_CURVE('',#4283,#4408,#1914,.T.);
#5509=EDGE_CURVE('',#4408,#4409,#1915,.T.);
#5510=EDGE_CURVE('',#4409,#4410,#1916,.T.);
#5511=EDGE_CURVE('',#4411,#4410,#1917,.T.);
#5512=EDGE_CURVE('',#4411,#4336,#1918,.T.);
#5513=EDGE_CURVE('',#4341,#4412,#1919,.T.);
#5514=EDGE_CURVE('',#4413,#4412,#1920,.T.);
#5515=EDGE_CURVE('',#4414,#4413,#1921,.T.);
#5516=EDGE_CURVE('',#4414,#4415,#1922,.T.);
#5517=EDGE_CURVE('',#4415,#4416,#1923,.T.);
#5518=EDGE_CURVE('',#4417,#4416,#1924,.T.);
#5519=EDGE_CURVE('',#4418,#4417,#1925,.T.);
#5520=EDGE_CURVE('',#4418,#4419,#1926,.T.);
#5521=EDGE_CURVE('',#4419,#4389,#1927,.T.);
#5522=EDGE_CURVE('',#4411,#4420,#1928,.T.);
#5523=EDGE_CURVE('',#4420,#4421,#1929,.T.);
#5524=EDGE_CURVE('',#4421,#4408,#1930,.T.);
#5525=EDGE_CURVE('',#4282,#4337,#1931,.T.);
#5526=EDGE_CURVE('',#4281,#4338,#1932,.T.);
#5527=EDGE_CURVE('',#4280,#4339,#1933,.T.);
#5528=EDGE_CURVE('',#4278,#4340,#1934,.T.);
#5529=EDGE_CURVE('',#4291,#4422,#240,.T.);
#5530=EDGE_CURVE('',#4423,#4293,#241,.T.);
#5531=EDGE_CURVE('',#4422,#4423,#1935,.T.);
#5532=EDGE_CURVE('',#4424,#4301,#1936,.T.);
#5533=EDGE_CURVE('',#4425,#4424,#1937,.T.);
#5534=EDGE_CURVE('',#4425,#4426,#1938,.T.);
#5535=EDGE_CURVE('',#4427,#4426,#1939,.T.);
#5536=EDGE_CURVE('',#4295,#4427,#1940,.T.);
#5537=EDGE_CURVE('',#4428,#4300,#1941,.T.);
#5538=EDGE_CURVE('',#4429,#4428,#1942,.T.);
#5539=EDGE_CURVE('',#4429,#4430,#1943,.T.);
#5540=EDGE_CURVE('',#4424,#4430,#1944,.T.);
#5541=EDGE_CURVE('',#4299,#4431,#1945,.T.);
#5542=EDGE_CURVE('',#4431,#4428,#1946,.T.);
#5543=EDGE_CURVE('',#4432,#4433,#1947,.T.);
#5544=EDGE_CURVE('',#4432,#4402,#1948,.T.);
#5545=EDGE_CURVE('',#4434,#4401,#1949,.T.);
#5546=EDGE_CURVE('',#4431,#4434,#1950,.T.);
#5547=EDGE_CURVE('',#4426,#4298,#1951,.T.);
#5548=EDGE_CURVE('',#4435,#4425,#1952,.T.);
#5549=EDGE_CURVE('',#4436,#4435,#1953,.T.);
#5550=EDGE_CURVE('',#4437,#4436,#1954,.T.);
#5551=EDGE_CURVE('',#4437,#4404,#1955,.T.);
#5552=EDGE_CURVE('',#4433,#4403,#1956,.T.);
#5553=EDGE_CURVE('',#4297,#4438,#1957,.T.);
#5554=EDGE_CURVE('',#4426,#4438,#1958,.T.);
#5555=EDGE_CURVE('',#4296,#4439,#1959,.T.);
#5556=EDGE_CURVE('',#4438,#4439,#1960,.T.);
#5557=EDGE_CURVE('',#4294,#4440,#1961,.T.);
#5558=EDGE_CURVE('',#4439,#4440,#1962,.T.);
#5559=EDGE_CURVE('',#4440,#4427,#1963,.T.);
#5560=EDGE_CURVE('',#4441,#4442,#1964,.T.);
#5561=EDGE_CURVE('',#4303,#4441,#1965,.T.);
#5562=EDGE_CURVE('',#4443,#4305,#1966,.T.);
#5563=EDGE_CURVE('',#4444,#4443,#1967,.T.);
#5564=EDGE_CURVE('',#4444,#4442,#1968,.T.);
#5565=EDGE_CURVE('',#4445,#4304,#1969,.T.);
#5566=EDGE_CURVE('',#4443,#4445,#1970,.T.);
#5567=EDGE_CURVE('',#4446,#4302,#1971,.T.);
#5568=EDGE_CURVE('',#4447,#4446,#1972,.T.);
#5569=EDGE_CURVE('',#4448,#4447,#1973,.T.);
#5570=EDGE_CURVE('',#4445,#4448,#1974,.T.);
#5571=EDGE_CURVE('',#4441,#4446,#1975,.T.);
#5572=EDGE_CURVE('',#4449,#4450,#1976,.T.);
#5573=EDGE_CURVE('',#4451,#4450,#1977,.T.);
#5574=EDGE_CURVE('',#4452,#4451,#1978,.T.);
#5575=EDGE_CURVE('',#4306,#4452,#1979,.T.);
#5576=EDGE_CURVE('',#4453,#4313,#1980,.T.);
#5577=EDGE_CURVE('',#4449,#4453,#1981,.T.);
#5578=EDGE_CURVE('',#4454,#4312,#1982,.T.);
#5579=EDGE_CURVE('',#4453,#4454,#1983,.T.);
#5580=EDGE_CURVE('',#4455,#4311,#1984,.T.);
#5581=EDGE_CURVE('',#4455,#4456,#1985,.T.);
#5582=EDGE_CURVE('',#4457,#4456,#1986,.T.);
#5583=EDGE_CURVE('',#4457,#4454,#1987,.T.);
#5584=EDGE_CURVE('',#4451,#4455,#1988,.T.);
#5585=EDGE_CURVE('',#4310,#4458,#1989,.T.);
#5586=EDGE_CURVE('',#4458,#4452,#1990,.T.);
#5587=EDGE_CURVE('',#4309,#4459,#1991,.T.);
#5588=EDGE_CURVE('',#4459,#4458,#1992,.T.);
#5589=EDGE_CURVE('',#4308,#4460,#1993,.T.);
#5590=EDGE_CURVE('',#4460,#4459,#1994,.T.);
#5591=EDGE_CURVE('',#4307,#4461,#1995,.T.);
#5592=EDGE_CURVE('',#4461,#4460,#1996,.T.);
#5593=EDGE_CURVE('',#4452,#4461,#1997,.T.);
#5594=EDGE_CURVE('',#4462,#4314,#1998,.T.);
#5595=EDGE_CURVE('',#4463,#4317,#1999,.T.);
#5596=EDGE_CURVE('',#4462,#4463,#2000,.T.);
#5597=EDGE_CURVE('',#4464,#4316,#2001,.T.);
#5598=EDGE_CURVE('',#4464,#4465,#2002,.T.);
#5599=EDGE_CURVE('',#4465,#4466,#2003,.T.);
#5600=EDGE_CURVE('',#4466,#4463,#2004,.T.);
#5601=EDGE_CURVE('',#4315,#4467,#2005,.T.);
#5602=EDGE_CURVE('',#4467,#4464,#2006,.T.);
#5603=EDGE_CURVE('',#4468,#4329,#2007,.T.);
#5604=EDGE_CURVE('',#4469,#4328,#2008,.T.);
#5605=EDGE_CURVE('',#4467,#4469,#2009,.T.);
#5606=EDGE_CURVE('',#4470,#4462,#2010,.T.);
#5607=EDGE_CURVE('',#4471,#4470,#2011,.T.);
#5608=EDGE_CURVE('',#4472,#4471,#2012,.T.);
#5609=EDGE_CURVE('',#4472,#4333,#2013,.T.);
#5610=EDGE_CURVE('',#4473,#4332,#2014,.T.);
#5611=EDGE_CURVE('',#4468,#4473,#2015,.T.);
#5612=EDGE_CURVE('',#4474,#4475,#2016,.T.);
#5613=EDGE_CURVE('',#4319,#4474,#2017,.T.);
#5614=EDGE_CURVE('',#4321,#4475,#2018,.T.);
#5615=EDGE_CURVE('',#4476,#4320,#2019,.T.);
#5616=EDGE_CURVE('',#4477,#4476,#2020,.T.);
#5617=EDGE_CURVE('',#4475,#4477,#2021,.T.);
#5618=EDGE_CURVE('',#4478,#4318,#2022,.T.);
#5619=EDGE_CURVE('',#4479,#4478,#2023,.T.);
#5620=EDGE_CURVE('',#4480,#4479,#2024,.T.);
#5621=EDGE_CURVE('',#4480,#4481,#2025,.T.);
#5622=EDGE_CURVE('',#4482,#4481,#2026,.T.);
#5623=EDGE_CURVE('',#4476,#4482,#2027,.T.);
#5624=EDGE_CURVE('',#4483,#4474,#2028,.T.);
#5625=EDGE_CURVE('',#4483,#4478,#2029,.T.);
#5626=EDGE_CURVE('',#4484,#4322,#2030,.T.);
#5627=EDGE_CURVE('',#4325,#4485,#2031,.T.);
#5628=EDGE_CURVE('',#4485,#4486,#2032,.T.);
#5629=EDGE_CURVE('',#4486,#4484,#2033,.T.);
#5630=EDGE_CURVE('',#4324,#4487,#2034,.T.);
#5631=EDGE_CURVE('',#4487,#4485,#2035,.T.);
#5632=EDGE_CURVE('',#4488,#4323,#2036,.T.);
#5633=EDGE_CURVE('',#4489,#4488,#2037,.T.);
#5634=EDGE_CURVE('',#4487,#4489,#2038,.T.);
#5635=EDGE_CURVE('',#4484,#4490,#2039,.T.);
#5636=EDGE_CURVE('',#4490,#4491,#2040,.T.);
#5637=EDGE_CURVE('',#4492,#4491,#2041,.T.);
#5638=EDGE_CURVE('',#4492,#4493,#2042,.T.);
#5639=EDGE_CURVE('',#4493,#4488,#2043,.T.);
#5640=EDGE_CURVE('',#4346,#4469,#2044,.T.);
#5641=EDGE_CURVE('',#4345,#4468,#2045,.T.);
#5642=EDGE_CURVE('',#4344,#4473,#2046,.T.);
#5643=EDGE_CURVE('',#4343,#4472,#2047,.T.);
#5644=EDGE_CURVE('',#4351,#4494,#2048,.T.);
#5645=EDGE_CURVE('',#4495,#4494,#2049,.T.);
#5646=EDGE_CURVE('',#4496,#4495,#2050,.T.);
#5647=EDGE_CURVE('',#4497,#4496,#2051,.T.);
#5648=EDGE_CURVE('',#4498,#4497,#2052,.T.);
#5649=EDGE_CURVE('',#4499,#4498,#2053,.T.);
#5650=EDGE_CURVE('',#4500,#4499,#2054,.T.);
#5651=EDGE_CURVE('',#4501,#4500,#2055,.T.);
#5652=EDGE_CURVE('',#4342,#4501,#2056,.T.);
#5653=EDGE_CURVE('',#4350,#4502,#2057,.T.);
#5654=EDGE_CURVE('',#4494,#4502,#2058,.T.);
#5655=EDGE_CURVE('',#4503,#4502,#2059,.T.);
#5656=EDGE_CURVE('',#4349,#4503,#2060,.T.);
#5657=EDGE_CURVE('',#4504,#4503,#2061,.T.);
#5658=EDGE_CURVE('',#4348,#4504,#2062,.T.);
#5659=EDGE_CURVE('',#4504,#4505,#2063,.T.);
#5660=EDGE_CURVE('',#4506,#4361,#2064,.T.);
#5661=EDGE_CURVE('',#4507,#4506,#2065,.T.);
#5662=EDGE_CURVE('',#4507,#4508,#2066,.T.);
#5663=EDGE_CURVE('',#4509,#4508,#2067,.T.);
#5664=EDGE_CURVE('',#4509,#4505,#2068,.T.);
#5665=EDGE_CURVE('',#4465,#4510,#2069,.T.);
#5666=EDGE_CURVE('',#4471,#4511,#2070,.T.);
#5667=EDGE_CURVE('',#4510,#4511,#2071,.T.);
#5668=EDGE_CURVE('',#4412,#4501,#2072,.T.);
#5669=EDGE_CURVE('',#4456,#4512,#2073,.T.);
#5670=EDGE_CURVE('',#4358,#4450,#2074,.T.);
#5671=EDGE_CURVE('',#4356,#4513,#2075,.T.);
#5672=EDGE_CURVE('',#4513,#4514,#2076,.T.);
#5673=EDGE_CURVE('',#4352,#4514,#2077,.T.);
#5674=EDGE_CURVE('',#4355,#4515,#2078,.T.);
#5675=EDGE_CURVE('',#4515,#4516,#2079,.T.);
#5676=EDGE_CURVE('',#4516,#4517,#2080,.T.);
#5677=EDGE_CURVE('',#4512,#4517,#2081,.T.);
#5678=EDGE_CURVE('',#4354,#4518,#2082,.T.);
#5679=EDGE_CURVE('',#4515,#4518,#2083,.T.);
#5680=EDGE_CURVE('',#4519,#4457,#2084,.T.);
#5681=EDGE_CURVE('',#4520,#4519,#2085,.T.);
#5682=EDGE_CURVE('',#4521,#4520,#2086,.T.);
#5683=EDGE_CURVE('',#4521,#4518,#2087,.T.);
#5684=EDGE_CURVE('',#4353,#4522,#2088,.T.);
#5685=EDGE_CURVE('',#4522,#4523,#2089,.T.);
#5686=EDGE_CURVE('',#4357,#4523,#2090,.T.);
#5687=EDGE_CURVE('',#4359,#4449,#2091,.T.);
#5688=EDGE_CURVE('',#4522,#4514,#2092,.T.);
#5689=EDGE_CURVE('',#4523,#4513,#2093,.T.);
#5690=EDGE_CURVE('',#4366,#4363,#2094,.T.);
#5691=EDGE_CURVE('',#4364,#4524,#2095,.T.);
#5692=EDGE_CURVE('',#4524,#4506,#2096,.T.);
#5693=EDGE_CURVE('',#4525,#4508,#2097,.T.);
#5694=EDGE_CURVE('',#4525,#4526,#2098,.T.);
#5695=EDGE_CURVE('',#4509,#4526,#2099,.T.);
#5696=EDGE_CURVE('',#4527,#4526,#2100,.T.);
#5697=EDGE_CURVE('',#4528,#4527,#2101,.T.);
#5698=EDGE_CURVE('',#4528,#4493,#2102,.T.);
#5699=EDGE_CURVE('',#4529,#4492,#2103,.T.);
#5700=EDGE_CURVE('',#4466,#4529,#2104,.T.);
#5701=EDGE_CURVE('',#4512,#4465,#2105,.T.);
#5702=EDGE_CURVE('',#4519,#4512,#2106,.T.);
#5703=EDGE_CURVE('',#4505,#4519,#2107,.T.);
#5704=EDGE_CURVE('',#4528,#4489,#2108,.T.);
#5705=EDGE_CURVE('',#4527,#4487,#2109,.T.);
#5706=EDGE_CURVE('',#4530,#4486,#2110,.T.);
#5707=EDGE_CURVE('',#4485,#4531,#2111,.T.);
#5708=EDGE_CURVE('',#4530,#4531,#2112,.T.);
#5709=EDGE_CURVE('',#4495,#4457,#2113,.T.);
#5710=EDGE_CURVE('',#4456,#4510,#2114,.T.);
#5711=EDGE_CURVE('',#4510,#4532,#2115,.T.);
#5712=EDGE_CURVE('',#4532,#4533,#2116,.T.);
#5713=EDGE_CURVE('',#4533,#4491,#2117,.T.);
#5714=EDGE_CURVE('',#4530,#4490,#2118,.T.);
#5715=EDGE_CURVE('',#4531,#4534,#2119,.T.);
#5716=EDGE_CURVE('',#4496,#4534,#2120,.T.);
#5717=EDGE_CURVE('',#4534,#4535,#2121,.T.);
#5718=EDGE_CURVE('',#4535,#4497,#2122,.T.);
#5719=EDGE_CURVE('',#4536,#4535,#2123,.T.);
#5720=EDGE_CURVE('',#4536,#4498,#2124,.T.);
#5721=EDGE_CURVE('',#4537,#4536,#2125,.T.);
#5722=EDGE_CURVE('',#4537,#4499,#2126,.T.);
#5723=EDGE_CURVE('',#4538,#4537,#2127,.T.);
#5724=EDGE_CURVE('',#4538,#4500,#2128,.T.);
#5725=EDGE_CURVE('',#4538,#4539,#2129,.T.);
#5726=EDGE_CURVE('',#4539,#4540,#2130,.T.);
#5727=EDGE_CURVE('',#4413,#4540,#2131,.T.);
#5728=EDGE_CURVE('',#4539,#4541,#2132,.T.);
#5729=EDGE_CURVE('',#4541,#4542,#2133,.T.);
#5730=EDGE_CURVE('',#4540,#4542,#2134,.T.);
#5731=EDGE_CURVE('',#4415,#4541,#2135,.T.);
#5732=EDGE_CURVE('',#4414,#4542,#2136,.T.);
#5733=EDGE_CURVE('',#4543,#4544,#2137,.T.);
#5734=EDGE_CURVE('',#4417,#4544,#2138,.T.);
#5735=EDGE_CURVE('',#4416,#4543,#2139,.T.);
#5736=EDGE_CURVE('',#4543,#4545,#2140,.T.);
#5737=EDGE_CURVE('',#4545,#4546,#2141,.T.);
#5738=EDGE_CURVE('',#4546,#4544,#2142,.T.);
#5739=EDGE_CURVE('',#4547,#4548,#2143,.T.);
#5740=EDGE_CURVE('',#4419,#4547,#2144,.T.);
#5741=EDGE_CURVE('',#4418,#4546,#2145,.T.);
#5742=EDGE_CURVE('',#4545,#4549,#2146,.T.);
#5743=EDGE_CURVE('',#4549,#4548,#2147,.T.);
#5744=EDGE_CURVE('',#4550,#4548,#2148,.T.);
#5745=EDGE_CURVE('',#4549,#4551,#2149,.T.);
#5746=EDGE_CURVE('',#4551,#4550,#2150,.T.);
#5747=EDGE_CURVE('',#4551,#4552,#2151,.T.);
#5748=EDGE_CURVE('',#4552,#4553,#2152,.T.);
#5749=EDGE_CURVE('',#4550,#4553,#2153,.T.);
#5750=EDGE_CURVE('',#4554,#4553,#2154,.T.);
#5751=EDGE_CURVE('',#4552,#4555,#2155,.T.);
#5752=EDGE_CURVE('',#4555,#4554,#2156,.T.);
#5753=EDGE_CURVE('',#4555,#4556,#2157,.T.);
#5754=EDGE_CURVE('',#4557,#4556,#2158,.T.);
#5755=EDGE_CURVE('',#4554,#4557,#2159,.T.);
#5756=EDGE_CURVE('',#4557,#4558,#2160,.T.);
#5757=EDGE_CURVE('',#4556,#4559,#2161,.T.);
#5758=EDGE_CURVE('',#4560,#4559,#2162,.T.);
#5759=EDGE_CURVE('',#4560,#4482,#2163,.T.);
#5760=EDGE_CURVE('',#4561,#4481,#2164,.T.);
#5761=EDGE_CURVE('',#4430,#4561,#2165,.T.);
#5762=EDGE_CURVE('',#4562,#4429,#2166,.T.);
#5763=EDGE_CURVE('',#4563,#4562,#2167,.T.);
#5764=EDGE_CURVE('',#4558,#4563,#2168,.T.);
#5765=EDGE_CURVE('',#4475,#4559,#2169,.T.);
#5766=EDGE_CURVE('',#4477,#4560,#2170,.T.);
#5767=EDGE_CURVE('',#4564,#4474,#2171,.T.);
#5768=EDGE_CURVE('',#4565,#4564,#2172,.T.);
#5769=EDGE_CURVE('',#4565,#4483,#2173,.T.);
#5770=EDGE_CURVE('',#4566,#4567,#2174,.T.);
#5771=EDGE_CURVE('',#4567,#4448,#2175,.T.);
#5772=EDGE_CURVE('',#4447,#4568,#2176,.T.);
#5773=EDGE_CURVE('',#4568,#4569,#2177,.T.);
#5774=EDGE_CURVE('',#4569,#4570,#2178,.T.);
#5775=EDGE_CURVE('',#4570,#4480,#2179,.T.);
#5776=EDGE_CURVE('',#4565,#4479,#2180,.T.);
#5777=EDGE_CURVE('',#4571,#4564,#2181,.T.);
#5778=EDGE_CURVE('',#4566,#4571,#2182,.T.);
#5779=EDGE_CURVE('',#4571,#4572,#2183,.T.);
#5780=EDGE_CURVE('',#4572,#4573,#2184,.T.);
#5781=EDGE_CURVE('',#4566,#4573,#2185,.T.);
#5782=EDGE_CURVE('',#4574,#4572,#2186,.T.);
#5783=EDGE_CURVE('',#4574,#4575,#2187,.T.);
#5784=EDGE_CURVE('',#4573,#4575,#2188,.T.);
#5785=EDGE_CURVE('',#4576,#4574,#2189,.T.);
#5786=EDGE_CURVE('',#4576,#4577,#2190,.T.);
#5787=EDGE_CURVE('',#4575,#4577,#2191,.T.);
#5788=EDGE_CURVE('',#4373,#4577,#2192,.T.);
#5789=EDGE_CURVE('',#4370,#4576,#2193,.T.);
#5790=EDGE_CURVE('',#4371,#4367,#2194,.T.);
#5791=EDGE_CURVE('',#4524,#4578,#2195,.T.);
#5792=EDGE_CURVE('',#4578,#4507,#2196,.T.);
#5793=EDGE_CURVE('',#4578,#4525,#2197,.T.);
#5794=EDGE_CURVE('',#4579,#4580,#2198,.T.);
#5795=EDGE_CURVE('',#4579,#4581,#2199,.T.);
#5796=EDGE_CURVE('',#4581,#4582,#2200,.T.);
#5797=EDGE_CURVE('',#4582,#4583,#2201,.T.);
#5798=EDGE_CURVE('',#4584,#4583,#2202,.T.);
#5799=EDGE_CURVE('',#4584,#4585,#2203,.T.);
#5800=EDGE_CURVE('',#4585,#4586,#2204,.T.);
#5801=EDGE_CURVE('',#4580,#4586,#2205,.T.);
#5802=EDGE_CURVE('',#4587,#4579,#2206,.T.);
#5803=EDGE_CURVE('',#4587,#4588,#2207,.T.);
#5804=EDGE_CURVE('',#4588,#4581,#2208,.T.);
#5805=EDGE_CURVE('',#4589,#4590,#2209,.T.);
#5806=EDGE_CURVE('',#4589,#4591,#2210,.T.);
#5807=EDGE_CURVE('',#4591,#4592,#2211,.T.);
#5808=EDGE_CURVE('',#4590,#4592,#2212,.T.);
#5809=EDGE_CURVE('',#4593,#4591,#2213,.T.);
#5810=EDGE_CURVE('',#4593,#4594,#2214,.T.);
#5811=EDGE_CURVE('',#4594,#4595,#2215,.T.);
#5812=EDGE_CURVE('',#4596,#4595,#2216,.T.);
#5813=EDGE_CURVE('',#4596,#4597,#2217,.T.);
#5814=EDGE_CURVE('',#4598,#4597,#2218,.T.);
#5815=EDGE_CURVE('',#4592,#4598,#2219,.T.);
#5816=EDGE_CURVE('',#4599,#4379,#2220,.T.);
#5817=EDGE_CURVE('',#4599,#4567,#2221,.T.);
#5818=EDGE_CURVE('',#4558,#4600,#2222,.T.);
#5819=EDGE_CURVE('',#4600,#4376,#2223,.T.);
#5820=EDGE_CURVE('',#4547,#4375,#2224,.T.);
#5821=EDGE_CURVE('',#4601,#4377,#2225,.T.);
#5822=EDGE_CURVE('',#4600,#4601,#2226,.T.);
#5823=EDGE_CURVE('',#4602,#4601,#2227,.T.);
#5824=EDGE_CURVE('',#4602,#4378,#2228,.T.);
#5825=EDGE_CURVE('',#4599,#4602,#2229,.T.);
#5826=EDGE_CURVE('',#4437,#4381,#2230,.T.);
#5827=EDGE_CURVE('',#4433,#4382,#2231,.T.);
#5828=EDGE_CURVE('',#4436,#4603,#2232,.T.);
#5829=EDGE_CURVE('',#4603,#4568,#2233,.T.);
#5830=EDGE_CURVE('',#4429,#4568,#2234,.T.);
#5831=EDGE_CURVE('',#4434,#4386,#2235,.T.);
#5832=EDGE_CURVE('',#4432,#4385,#2236,.T.);
#5833=EDGE_CURVE('',#4442,#4391,#2237,.T.);
#5834=EDGE_CURVE('',#4604,#4390,#2238,.T.);
#5835=EDGE_CURVE('',#4604,#4605,#2239,.T.);
#5836=EDGE_CURVE('',#4605,#4397,#2240,.T.);
#5837=EDGE_CURVE('',#4606,#4396,#2241,.T.);
#5838=EDGE_CURVE('',#4606,#4607,#2242,.T.);
#5839=EDGE_CURVE('',#4607,#4608,#2243,.T.);
#5840=EDGE_CURVE('',#4608,#4562,#2244,.T.);
#5841=EDGE_CURVE('',#4447,#4562,#2245,.T.);
#5842=EDGE_CURVE('',#4444,#4392,#2246,.T.);
#5843=EDGE_CURVE('',#4609,#4393,#2247,.T.);
#5844=EDGE_CURVE('',#4563,#4448,#2248,.T.);
#5845=EDGE_CURVE('',#4563,#4610,#2249,.T.);
#5846=EDGE_CURVE('',#4611,#4610,#2250,.T.);
#5847=EDGE_CURVE('',#4611,#4612,#2251,.T.);
#5848=EDGE_CURVE('',#4612,#4395,#2252,.T.);
#5849=EDGE_CURVE('',#4613,#4394,#2253,.T.);
#5850=EDGE_CURVE('',#4613,#4609,#2254,.T.);
#5851=EDGE_CURVE('',#4609,#4604,#2255,.T.);
#5852=EDGE_CURVE('',#4612,#4606,#2256,.T.);
#5853=EDGE_CURVE('',#4613,#4605,#2257,.T.);
#5854=EDGE_CURVE('',#4421,#4614,#2258,.T.);
#5855=EDGE_CURVE('',#4614,#4409,#2259,.T.);
#5856=EDGE_CURVE('',#4615,#4614,#2260,.T.);
#5857=EDGE_CURVE('',#4410,#4615,#2261,.T.);
#5858=EDGE_CURVE('',#4420,#4615,#2262,.T.);
#5859=EDGE_CURVE('',#4569,#4430,#2263,.T.);
#5860=EDGE_CURVE('',#4569,#4616,#2264,.T.);
#5861=EDGE_CURVE('',#4435,#4616,#2265,.T.);
#5862=EDGE_CURVE('',#4603,#4616,#2266,.T.);
#5863=EDGE_CURVE('',#4532,#4466,#2267,.T.);
#5864=EDGE_CURVE('',#4617,#4532,#2268,.T.);
#5865=EDGE_CURVE('',#4470,#4617,#2269,.T.);
#5866=EDGE_CURVE('',#4511,#4617,#2270,.T.);
#5867=EDGE_CURVE('',#4561,#4570,#2271,.T.);
#5868=EDGE_CURVE('',#4529,#4533,#2272,.T.);
#5869=EDGE_CURVE('',#4520,#4517,#2273,.T.);
#5870=EDGE_CURVE('',#4516,#4521,#2274,.T.);
#5871=EDGE_CURVE('',#4610,#4608,#2275,.T.);
#5872=EDGE_CURVE('',#4586,#4594,#2276,.T.);
#5873=EDGE_CURVE('',#4595,#4585,#2277,.T.);
#5874=EDGE_CURVE('',#4618,#4584,#2278,.T.);
#5875=EDGE_CURVE('',#4619,#4618,#2279,.T.);
#5876=EDGE_CURVE('',#4620,#4619,#2280,.T.);
#5877=EDGE_CURVE('',#4621,#4620,#2281,.T.);
#5878=EDGE_CURVE('',#4621,#4596,#2282,.T.);
#5879=EDGE_CURVE('',#4583,#4622,#2283,.T.);
#5880=EDGE_CURVE('',#4622,#4618,#2284,.T.);
#5881=EDGE_CURVE('',#4582,#4623,#2285,.T.);
#5882=EDGE_CURVE('',#4623,#4622,#2286,.T.);
#5883=EDGE_CURVE('',#4623,#4624,#2287,.T.);
#5884=EDGE_CURVE('',#4625,#4588,#2288,.T.);
#5885=EDGE_CURVE('',#4624,#4625,#242,.T.);
#5886=EDGE_CURVE('',#4625,#4626,#2289,.T.);
#5887=EDGE_CURVE('',#4627,#4626,#243,.T.);
#5888=EDGE_CURVE('',#4624,#4627,#2290,.T.);
#5889=EDGE_CURVE('',#4628,#4626,#61,.T.);
#5890=EDGE_CURVE('',#4628,#4629,#244,.T.);
#5891=EDGE_CURVE('',#4629,#4627,#62,.T.);
#5892=EDGE_CURVE('',#4630,#4631,#245,.T.);
#5893=EDGE_CURVE('',#4630,#4629,#55,.T.);
#5894=EDGE_CURVE('',#4631,#4628,#56,.T.);
#5895=EDGE_CURVE('',#4631,#4630,#2291,.T.);
#5896=EDGE_CURVE('',#4632,#4621,#2292,.T.);
#5897=EDGE_CURVE('',#4597,#4632,#2293,.T.);
#5898=EDGE_CURVE('',#4598,#4633,#2294,.T.);
#5899=EDGE_CURVE('',#4633,#4632,#2295,.T.);
#5900=EDGE_CURVE('',#4634,#4590,#2296,.T.);
#5901=EDGE_CURVE('',#4633,#4635,#2297,.T.);
#5902=EDGE_CURVE('',#4634,#4635,#246,.T.);
#5903=EDGE_CURVE('',#4635,#4636,#2298,.T.);
#5904=EDGE_CURVE('',#4637,#4636,#247,.T.);
#5905=EDGE_CURVE('',#4634,#4637,#2299,.T.);
#5906=EDGE_CURVE('',#4638,#4636,#63,.T.);
#5907=EDGE_CURVE('',#4639,#4638,#248,.T.);
#5908=EDGE_CURVE('',#4639,#4637,#64,.T.);
#5909=EDGE_CURVE('',#4640,#4641,#249,.T.);
#5910=EDGE_CURVE('',#4640,#4639,#57,.T.);
#5911=EDGE_CURVE('',#4641,#4638,#58,.T.);
#5912=EDGE_CURVE('',#4641,#4640,#2300,.T.);
#5913=EDGE_CURVE('',#4607,#4611,#2301,.T.);
#5914=EDGE_CURVE('',#4642,#4643,#2302,.T.);
#5915=EDGE_CURVE('',#4643,#4422,#2303,.T.);
#5916=EDGE_CURVE('',#4422,#4589,#2304,.T.);
#5917=EDGE_CURVE('',#4644,#4620,#2305,.T.);
#5918=EDGE_CURVE('',#4644,#4642,#250,.T.);
#5919=EDGE_CURVE('',#4645,#4619,#2306,.T.);
#5920=EDGE_CURVE('',#4587,#4423,#2307,.T.);
#5921=EDGE_CURVE('',#4646,#4423,#2308,.T.);
#5922=EDGE_CURVE('',#4647,#4646,#2309,.T.);
#5923=EDGE_CURVE('',#4647,#4645,#251,.T.);
#5924=EDGE_CURVE('',#4642,#4647,#2310,.T.);
#5925=EDGE_CURVE('',#4580,#4646,#2311,.T.);
#5926=EDGE_CURVE('',#4643,#4593,#2312,.T.);
#5927=EDGE_CURVE('',#4644,#4645,#2313,.T.);
#5928=EDGE_CURVE('',#4646,#4643,#2314,.T.);
#5929=EDGE_CURVE('',#4292,#4646,#52,.T.);
#5930=EDGE_CURVE('',#4290,#4643,#53,.T.);
#5931=EDGE_CURVE('',#4648,#4649,#2315,.T.);
#5932=EDGE_CURVE('',#4648,#4650,#2316,.T.);
#5933=EDGE_CURVE('',#4650,#4651,#2317,.T.);
#5934=EDGE_CURVE('',#4649,#4651,#2318,.T.);
#5935=EDGE_CURVE('',#4650,#4652,#2319,.T.);
#5936=EDGE_CURVE('',#4652,#4653,#2320,.T.);
#5937=EDGE_CURVE('',#4651,#4653,#2321,.T.);
#5938=EDGE_CURVE('',#4654,#4652,#2322,.T.);
#5939=EDGE_CURVE('',#4654,#4655,#2323,.T.);
#5940=EDGE_CURVE('',#4655,#4653,#2324,.T.);
#5941=EDGE_CURVE('',#4654,#4656,#252,.T.);
#5942=EDGE_CURVE('',#4656,#4657,#2325,.T.);
#5943=EDGE_CURVE('',#4655,#4657,#253,.T.);
#5944=EDGE_CURVE('',#4658,#4656,#2326,.T.);
#5945=EDGE_CURVE('',#4658,#4659,#2327,.T.);
#5946=EDGE_CURVE('',#4659,#4657,#2328,.T.);
#5947=EDGE_CURVE('',#4658,#4660,#2329,.T.);
#5948=EDGE_CURVE('',#4660,#4661,#2330,.T.);
#5949=EDGE_CURVE('',#4659,#4661,#2331,.T.);
#5950=EDGE_CURVE('',#4660,#4662,#2332,.T.);
#5951=EDGE_CURVE('',#4662,#4663,#2333,.T.);
#5952=EDGE_CURVE('',#4661,#4663,#2334,.T.);
#5953=EDGE_CURVE('',#4648,#4662,#2335,.T.);
#5954=EDGE_CURVE('',#4649,#4663,#2336,.T.);
#5955=EDGE_CURVE('',#4664,#4665,#2337,.T.);
#5956=EDGE_CURVE('',#4665,#4666,#2338,.T.);
#5957=EDGE_CURVE('',#4667,#4666,#2339,.T.);
#5958=EDGE_CURVE('',#4664,#4667,#2340,.T.);
#5959=EDGE_CURVE('',#4665,#4668,#2341,.T.);
#5960=EDGE_CURVE('',#4668,#4669,#2342,.T.);
#5961=EDGE_CURVE('',#4666,#4669,#2343,.T.);
#5962=EDGE_CURVE('',#4670,#4668,#2344,.T.);
#5963=EDGE_CURVE('',#4670,#4671,#2345,.T.);
#5964=EDGE_CURVE('',#4671,#4669,#2346,.T.);
#5965=EDGE_CURVE('',#4670,#4672,#254,.T.);
#5966=EDGE_CURVE('',#4672,#4673,#2347,.T.);
#5967=EDGE_CURVE('',#4671,#4673,#255,.T.);
#5968=EDGE_CURVE('',#4674,#4672,#2348,.T.);
#5969=EDGE_CURVE('',#4674,#4675,#2349,.T.);
#5970=EDGE_CURVE('',#4675,#4673,#2350,.T.);
#5971=EDGE_CURVE('',#4674,#4676,#2351,.T.);
#5972=EDGE_CURVE('',#4676,#4677,#2352,.T.);
#5973=EDGE_CURVE('',#4675,#4677,#2353,.T.);
#5974=EDGE_CURVE('',#4676,#4678,#2354,.T.);
#5975=EDGE_CURVE('',#4678,#4679,#2355,.T.);
#5976=EDGE_CURVE('',#4677,#4679,#2356,.T.);
#5977=EDGE_CURVE('',#4664,#4678,#2357,.T.);
#5978=EDGE_CURVE('',#4667,#4679,#2358,.T.);
#5979=EDGE_CURVE('',#4680,#4681,#2359,.T.);
#5980=EDGE_CURVE('',#4680,#4682,#2360,.T.);
#5981=EDGE_CURVE('',#4682,#4683,#2361,.T.);
#5982=EDGE_CURVE('',#4681,#4683,#2362,.T.);
#5983=EDGE_CURVE('',#4682,#4684,#2363,.T.);
#5984=EDGE_CURVE('',#4684,#4685,#2364,.T.);
#5985=EDGE_CURVE('',#4683,#4685,#2365,.T.);
#5986=EDGE_CURVE('',#4684,#4686,#2366,.T.);
#5987=EDGE_CURVE('',#4686,#4687,#2367,.T.);
#5988=EDGE_CURVE('',#4685,#4687,#2368,.T.);
#5989=EDGE_CURVE('',#4688,#4686,#2369,.T.);
#5990=EDGE_CURVE('',#4688,#4689,#2370,.T.);
#5991=EDGE_CURVE('',#4689,#4687,#2371,.T.);
#5992=EDGE_CURVE('',#4688,#4690,#256,.T.);
#5993=EDGE_CURVE('',#4690,#4691,#2372,.T.);
#5994=EDGE_CURVE('',#4689,#4691,#257,.T.);
#5995=EDGE_CURVE('',#4680,#4690,#2373,.T.);
#5996=EDGE_CURVE('',#4681,#4691,#2374,.T.);
#5997=EDGE_CURVE('',#4692,#4693,#2375,.T.);
#5998=EDGE_CURVE('',#4692,#4694,#2376,.T.);
#5999=EDGE_CURVE('',#4694,#4695,#2377,.T.);
#6000=EDGE_CURVE('',#4693,#4695,#2378,.T.);
#6001=EDGE_CURVE('',#4694,#4696,#2379,.T.);
#6002=EDGE_CURVE('',#4696,#4697,#2380,.T.);
#6003=EDGE_CURVE('',#4695,#4697,#2381,.T.);
#6004=EDGE_CURVE('',#4696,#4698,#2382,.T.);
#6005=EDGE_CURVE('',#4698,#4699,#2383,.T.);
#6006=EDGE_CURVE('',#4697,#4699,#2384,.T.);
#6007=EDGE_CURVE('',#4700,#4698,#2385,.T.);
#6008=EDGE_CURVE('',#4700,#4701,#2386,.T.);
#6009=EDGE_CURVE('',#4701,#4699,#2387,.T.);
#6010=EDGE_CURVE('',#4700,#4702,#258,.T.);
#6011=EDGE_CURVE('',#4702,#4703,#2388,.T.);
#6012=EDGE_CURVE('',#4701,#4703,#259,.T.);
#6013=EDGE_CURVE('',#4692,#4702,#2389,.T.);
#6014=EDGE_CURVE('',#4693,#4703,#2390,.T.);
#6015=EDGE_CURVE('',#4704,#4705,#2391,.T.);
#6016=EDGE_CURVE('',#4706,#4704,#2392,.T.);
#6017=EDGE_CURVE('',#4706,#4707,#2393,.T.);
#6018=EDGE_CURVE('',#4707,#4705,#2394,.T.);
#6019=EDGE_CURVE('',#4708,#4706,#2395,.T.);
#6020=EDGE_CURVE('',#4708,#4709,#2396,.T.);
#6021=EDGE_CURVE('',#4709,#4707,#2397,.T.);
#6022=EDGE_CURVE('',#4710,#4708,#2398,.T.);
#6023=EDGE_CURVE('',#4710,#4711,#2399,.T.);
#6024=EDGE_CURVE('',#4711,#4709,#2400,.T.);
#6025=EDGE_CURVE('',#4712,#4710,#2401,.T.);
#6026=EDGE_CURVE('',#4712,#4713,#2402,.T.);
#6027=EDGE_CURVE('',#4713,#4711,#2403,.T.);
#6028=EDGE_CURVE('',#4712,#4714,#260,.T.);
#6029=EDGE_CURVE('',#4714,#4715,#2404,.T.);
#6030=EDGE_CURVE('',#4713,#4715,#261,.T.);
#6031=EDGE_CURVE('',#4704,#4714,#2405,.T.);
#6032=EDGE_CURVE('',#4705,#4715,#2406,.T.);
#6033=EDGE_CURVE('',#4716,#4717,#2407,.T.);
#6034=EDGE_CURVE('',#4718,#4716,#2408,.T.);
#6035=EDGE_CURVE('',#4718,#4719,#2409,.T.);
#6036=EDGE_CURVE('',#4719,#4717,#2410,.T.);
#6037=EDGE_CURVE('',#4720,#4718,#2411,.T.);
#6038=EDGE_CURVE('',#4720,#4721,#2412,.T.);
#6039=EDGE_CURVE('',#4721,#4719,#2413,.T.);
#6040=EDGE_CURVE('',#4722,#4720,#2414,.T.);
#6041=EDGE_CURVE('',#4722,#4723,#2415,.T.);
#6042=EDGE_CURVE('',#4723,#4721,#2416,.T.);
#6043=EDGE_CURVE('',#4724,#4722,#2417,.T.);
#6044=EDGE_CURVE('',#4724,#4725,#2418,.T.);
#6045=EDGE_CURVE('',#4725,#4723,#2419,.T.);
#6046=EDGE_CURVE('',#4724,#4726,#262,.T.);
#6047=EDGE_CURVE('',#4726,#4727,#2420,.T.);
#6048=EDGE_CURVE('',#4725,#4727,#263,.T.);
#6049=EDGE_CURVE('',#4716,#4726,#2421,.T.);
#6050=EDGE_CURVE('',#4717,#4727,#2422,.T.);
#6051=EDGE_CURVE('',#4728,#4729,#2423,.T.);
#6052=EDGE_CURVE('',#4730,#4728,#2424,.T.);
#6053=EDGE_CURVE('',#4730,#4731,#2425,.T.);
#6054=EDGE_CURVE('',#4731,#4729,#2426,.T.);
#6055=EDGE_CURVE('',#4729,#4732,#2427,.T.);
#6056=EDGE_CURVE('',#4732,#4733,#2428,.T.);
#6057=EDGE_CURVE('',#4733,#4728,#2429,.T.);
#6058=EDGE_CURVE('',#4734,#4735,#264,.T.);
#6059=EDGE_CURVE('',#4735,#4730,#2430,.T.);
#6060=EDGE_CURVE('',#4736,#4733,#2431,.T.);
#6061=EDGE_CURVE('',#4736,#4734,#2432,.T.);
#6062=EDGE_CURVE('',#4737,#4738,#2433,.T.);
#6063=EDGE_CURVE('',#4731,#4737,#2434,.T.);
#6064=EDGE_CURVE('',#4739,#4735,#2435,.T.);
#6065=EDGE_CURVE('',#4740,#4739,#2436,.T.);
#6066=EDGE_CURVE('',#4740,#4741,#2437,.T.);
#6067=EDGE_CURVE('',#4741,#4738,#2438,.T.);
#6068=EDGE_CURVE('',#4737,#4742,#265,.T.);
#6069=EDGE_CURVE('',#4742,#4743,#2439,.T.);
#6070=EDGE_CURVE('',#4743,#4732,#2440,.T.);
#6071=EDGE_CURVE('',#4743,#4736,#2441,.T.);
#6072=EDGE_CURVE('',#4742,#4744,#2442,.T.);
#6073=EDGE_CURVE('',#4744,#4745,#2443,.T.);
#6074=EDGE_CURVE('',#4746,#4745,#2444,.T.);
#6075=EDGE_CURVE('',#4747,#4746,#2445,.T.);
#6076=EDGE_CURVE('',#4747,#4734,#2446,.T.);
#6077=EDGE_CURVE('',#4747,#4739,#266,.T.);
#6078=EDGE_CURVE('',#4745,#4748,#2447,.T.);
#6079=EDGE_CURVE('',#4744,#4738,#267,.T.);
#6080=EDGE_CURVE('',#4749,#4741,#2448,.T.);
#6081=EDGE_CURVE('',#4749,#4750,#268,.T.);
#6082=EDGE_CURVE('',#4751,#4750,#2449,.T.);
#6083=EDGE_CURVE('',#4752,#4751,#2450,.T.);
#6084=EDGE_CURVE('',#4752,#4753,#2451,.T.);
#6085=EDGE_CURVE('',#4753,#4754,#269,.T.);
#6086=EDGE_CURVE('',#4754,#4755,#2452,.T.);
#6087=EDGE_CURVE('',#4755,#4756,#2453,.T.);
#6088=EDGE_CURVE('',#4756,#4757,#270,.T.);
#6089=EDGE_CURVE('',#4757,#4758,#2454,.T.);
#6090=EDGE_CURVE('',#4758,#4759,#2455,.T.);
#6091=EDGE_CURVE('',#4759,#4760,#271,.T.);
#6092=EDGE_CURVE('',#4760,#4761,#2456,.T.);
#6093=EDGE_CURVE('',#4761,#4762,#2457,.T.);
#6094=EDGE_CURVE('',#4762,#4763,#2458,.T.);
#6095=EDGE_CURVE('',#4763,#4764,#2459,.T.);
#6096=EDGE_CURVE('',#4765,#4764,#2460,.T.);
#6097=EDGE_CURVE('',#4766,#4765,#2461,.T.);
#6098=EDGE_CURVE('',#4767,#4766,#2462,.T.);
#6099=EDGE_CURVE('',#4767,#4748,#272,.T.);
#6100=EDGE_CURVE('',#4768,#4740,#2463,.T.);
#6101=EDGE_CURVE('',#4768,#4749,#2464,.T.);
#6102=EDGE_CURVE('',#4769,#4770,#273,.T.);
#6103=EDGE_CURVE('',#4769,#4771,#2465,.T.);
#6104=EDGE_CURVE('',#4771,#4772,#2466,.T.);
#6105=EDGE_CURVE('',#4772,#4773,#2467,.T.);
#6106=EDGE_CURVE('',#4774,#4773,#2468,.T.);
#6107=EDGE_CURVE('',#4774,#4775,#2469,.T.);
#6108=EDGE_CURVE('',#4768,#4775,#274,.T.);
#6109=EDGE_CURVE('',#4746,#4770,#2470,.T.);
#6110=EDGE_CURVE('',#4770,#4748,#2471,.T.);
#6111=EDGE_CURVE('',#4775,#4750,#2472,.T.);
#6112=EDGE_CURVE('',#4774,#4751,#2473,.T.);
#6113=EDGE_CURVE('',#4776,#4777,#275,.T.);
#6114=EDGE_CURVE('',#4778,#4776,#2474,.T.);
#6115=EDGE_CURVE('',#4779,#4778,#276,.T.);
#6116=EDGE_CURVE('',#4780,#4779,#2475,.T.);
#6117=EDGE_CURVE('',#4781,#4780,#277,.T.);
#6118=EDGE_CURVE('',#4781,#4782,#2476,.T.);
#6119=EDGE_CURVE('',#4782,#4783,#2477,.T.);
#6120=EDGE_CURVE('',#4783,#4752,#2478,.T.);
#6121=EDGE_CURVE('',#4784,#4773,#2479,.T.);
#6122=EDGE_CURVE('',#4785,#4784,#278,.T.);
#6123=EDGE_CURVE('',#4786,#4785,#2480,.T.);
#6124=EDGE_CURVE('',#4787,#4786,#279,.T.);
#6125=EDGE_CURVE('',#4787,#4788,#2481,.T.);
#6126=EDGE_CURVE('',#4789,#4788,#280,.T.);
#6127=EDGE_CURVE('',#4790,#4789,#2482,.T.);
#6128=EDGE_CURVE('',#4791,#4790,#2483,.T.);
#6129=EDGE_CURVE('',#4792,#4791,#281,.T.);
#6130=EDGE_CURVE('',#4793,#4792,#2484,.T.);
#6131=EDGE_CURVE('',#4794,#4793,#2485,.T.);
#6132=EDGE_CURVE('',#4795,#4794,#2486,.T.);
#6133=EDGE_CURVE('',#4796,#4795,#282,.T.);
#6134=EDGE_CURVE('',#4796,#4797,#2487,.T.);
#6135=EDGE_CURVE('',#4777,#4797,#2488,.T.);
#6136=EDGE_CURVE('',#4783,#4798,#2489,.T.);
#6137=EDGE_CURVE('',#4798,#4753,#2490,.T.);
#6138=EDGE_CURVE('',#4798,#4799,#283,.T.);
#6139=EDGE_CURVE('',#4799,#4754,#2491,.T.);
#6140=EDGE_CURVE('',#4799,#4800,#2492,.T.);
#6141=EDGE_CURVE('',#4800,#4755,#2493,.T.);
#6142=EDGE_CURVE('',#4801,#4756,#2494,.T.);
#6143=EDGE_CURVE('',#4800,#4802,#2495,.T.);
#6144=EDGE_CURVE('',#4802,#4803,#2496,.T.);
#6145=EDGE_CURVE('',#4803,#4804,#2497,.T.);
#6146=EDGE_CURVE('',#4804,#4805,#2498,.T.);
#6147=EDGE_CURVE('',#4805,#4801,#2499,.T.);
#6148=EDGE_CURVE('',#4806,#4757,#2500,.T.);
#6149=EDGE_CURVE('',#4801,#4806,#284,.T.);
#6150=EDGE_CURVE('',#4807,#4808,#2501,.T.);
#6151=EDGE_CURVE('',#4808,#4758,#2502,.T.);
#6152=EDGE_CURVE('',#4806,#4809,#2503,.T.);
#6153=EDGE_CURVE('',#4809,#4810,#2504,.T.);
#6154=EDGE_CURVE('',#4810,#4811,#2505,.T.);
#6155=EDGE_CURVE('',#4807,#4811,#2506,.T.);
#6156=EDGE_CURVE('',#4808,#4812,#2507,.T.);
#6157=EDGE_CURVE('',#4812,#4759,#2508,.T.);
#6158=EDGE_CURVE('',#4812,#4813,#285,.T.);
#6159=EDGE_CURVE('',#4813,#4760,#2509,.T.);
#6160=EDGE_CURVE('',#4813,#4814,#2510,.T.);
#6161=EDGE_CURVE('',#4814,#4761,#2511,.T.);
#6162=EDGE_CURVE('',#4814,#4815,#2512,.T.);
#6163=EDGE_CURVE('',#4815,#4762,#2513,.T.);
#6164=EDGE_CURVE('',#4816,#4817,#2514,.T.);
#6165=EDGE_CURVE('',#4818,#4816,#2515,.T.);
#6166=EDGE_CURVE('',#4819,#4818,#2516,.T.);
#6167=EDGE_CURVE('',#4819,#4820,#2517,.T.);
#6168=EDGE_CURVE('',#4820,#4821,#2518,.T.);
#6169=EDGE_CURVE('',#4821,#4763,#2519,.T.);
#6170=EDGE_CURVE('',#4815,#4782,#2520,.T.);
#6171=EDGE_CURVE('',#4822,#4781,#2521,.T.);
#6172=EDGE_CURVE('',#4822,#4817,#2522,.T.);
#6173=EDGE_CURVE('',#4823,#4821,#2523,.T.);
#6174=EDGE_CURVE('',#4764,#4823,#2524,.T.);
#6175=EDGE_CURVE('',#4824,#4824,#286,.T.);
#6176=EDGE_CURVE('',#4825,#4826,#2525,.T.);
#6177=EDGE_CURVE('',#4827,#4825,#2526,.T.);
#6178=EDGE_CURVE('',#4828,#4827,#2527,.T.);
#6179=EDGE_CURVE('',#4828,#4829,#2528,.T.);
#6180=EDGE_CURVE('',#4829,#4830,#2529,.T.);
#6181=EDGE_CURVE('',#4830,#4784,#2530,.T.);
#6182=EDGE_CURVE('',#4765,#4772,#2531,.T.);
#6183=EDGE_CURVE('',#4826,#4823,#2532,.T.);
#6184=EDGE_CURVE('',#4771,#4766,#2533,.T.);
#6185=EDGE_CURVE('',#4769,#4767,#2534,.T.);
#6186=EDGE_CURVE('',#4831,#4777,#2535,.T.);
#6187=EDGE_CURVE('',#4831,#4832,#287,.T.);
#6188=EDGE_CURVE('',#4832,#4776,#2536,.T.);
#6189=EDGE_CURVE('',#4833,#4832,#2537,.T.);
#6190=EDGE_CURVE('',#4833,#4778,#2538,.T.);
#6191=EDGE_CURVE('',#4833,#4834,#288,.T.);
#6192=EDGE_CURVE('',#4834,#4779,#2539,.T.);
#6193=EDGE_CURVE('',#4835,#4834,#2540,.T.);
#6194=EDGE_CURVE('',#4835,#4780,#2541,.T.);
#6195=EDGE_CURVE('',#4835,#4836,#289,.T.);
#6196=EDGE_CURVE('',#4836,#4822,#2542,.T.);
#6197=EDGE_CURVE('',#4802,#4807,#290,.T.);
#6198=EDGE_CURVE('',#4837,#4838,#291,.T.);
#6199=EDGE_CURVE('',#4838,#4785,#2543,.T.);
#6200=EDGE_CURVE('',#4837,#4830,#2544,.T.);
#6201=EDGE_CURVE('',#4839,#4838,#2545,.T.);
#6202=EDGE_CURVE('',#4839,#4786,#2546,.T.);
#6203=EDGE_CURVE('',#4839,#4840,#292,.T.);
#6204=EDGE_CURVE('',#4840,#4787,#2547,.T.);
#6205=EDGE_CURVE('',#4841,#4788,#2548,.T.);
#6206=EDGE_CURVE('',#4840,#4841,#2549,.T.);
#6207=EDGE_CURVE('',#4841,#4842,#293,.T.);
#6208=EDGE_CURVE('',#4842,#4789,#2550,.T.);
#6209=EDGE_CURVE('',#4842,#4843,#2551,.T.);
#6210=EDGE_CURVE('',#4843,#4790,#2552,.T.);
#6211=EDGE_CURVE('',#4844,#4791,#2553,.T.);
#6212=EDGE_CURVE('',#4844,#4845,#294,.T.);
#6213=EDGE_CURVE('',#4845,#4792,#2554,.T.);
#6214=EDGE_CURVE('',#4846,#4845,#2555,.T.);
#6215=EDGE_CURVE('',#4846,#4793,#2556,.T.);
#6216=EDGE_CURVE('',#4847,#4846,#2557,.T.);
#6217=EDGE_CURVE('',#4847,#4794,#2558,.T.);
#6218=EDGE_CURVE('',#4848,#4849,#2559,.T.);
#6219=EDGE_CURVE('',#4850,#4848,#2560,.T.);
#6220=EDGE_CURVE('',#4850,#4851,#2561,.T.);
#6221=EDGE_CURVE('',#4851,#4849,#2562,.T.);
#6222=EDGE_CURVE('',#4852,#4795,#2563,.T.);
#6223=EDGE_CURVE('',#4852,#4847,#2564,.T.);
#6224=EDGE_CURVE('',#4852,#4853,#295,.T.);
#6225=EDGE_CURVE('',#4853,#4796,#2565,.T.);
#6226=EDGE_CURVE('',#4854,#4797,#2566,.T.);
#6227=EDGE_CURVE('',#4831,#4854,#2567,.T.);
#6228=EDGE_CURVE('',#4803,#4811,#296,.T.);
#6229=EDGE_CURVE('',#4810,#4855,#2568,.T.);
#6230=EDGE_CURVE('',#4855,#4856,#2569,.T.);
#6231=EDGE_CURVE('',#4804,#4856,#2570,.T.);
#6232=EDGE_CURVE('',#4805,#4857,#2571,.T.);
#6233=EDGE_CURVE('',#4856,#4857,#2572,.T.);
#6234=EDGE_CURVE('',#4857,#4858,#2573,.T.);
#6235=EDGE_CURVE('',#4809,#4858,#2574,.T.);
#6236=EDGE_CURVE('',#4858,#4855,#2575,.T.);
#6237=EDGE_CURVE('',#4859,#4860,#2576,.T.);
#6238=EDGE_CURVE('',#4859,#4861,#2577,.T.);
#6239=EDGE_CURVE('',#4817,#4861,#2578,.T.);
#6240=EDGE_CURVE('',#4822,#4830,#2579,.T.);
#6241=EDGE_CURVE('',#4862,#4829,#2580,.T.);
#6242=EDGE_CURVE('',#4862,#4863,#2581,.T.);
#6243=EDGE_CURVE('',#4863,#4864,#2582,.T.);
#6244=EDGE_CURVE('',#4860,#4864,#2583,.T.);
#6245=EDGE_CURVE('',#4865,#4865,#54,.T.);
#6246=EDGE_CURVE('',#4865,#4824,#2584,.T.);
#6247=EDGE_CURVE('',#4866,#4854,#2585,.T.);
#6248=EDGE_CURVE('',#4867,#4866,#2586,.T.);
#6249=EDGE_CURVE('',#4867,#4843,#2587,.T.);
#6250=EDGE_CURVE('',#4836,#4837,#2588,.T.);
#6251=EDGE_CURVE('',#4844,#4868,#2589,.T.);
#6252=EDGE_CURVE('',#4868,#4869,#2590,.T.);
#6253=EDGE_CURVE('',#4853,#4869,#2591,.T.);
#6254=EDGE_CURVE('',#4851,#4870,#2592,.T.);
#6255=EDGE_CURVE('',#4870,#4871,#2593,.T.);
#6256=EDGE_CURVE('',#4849,#4871,#2594,.T.);
#6257=EDGE_CURVE('',#4850,#4872,#2595,.T.);
#6258=EDGE_CURVE('',#4872,#4870,#2596,.T.);
#6259=EDGE_CURVE('',#4872,#4873,#2597,.T.);
#6260=EDGE_CURVE('',#4848,#4873,#2598,.T.);
#6261=EDGE_CURVE('',#4873,#4871,#2599,.T.);
#6262=EDGE_CURVE('',#4874,#4875,#2600,.T.);
#6263=EDGE_CURVE('',#4874,#4876,#2601,.T.);
#6264=EDGE_CURVE('',#4876,#4877,#2602,.T.);
#6265=EDGE_CURVE('',#4875,#4877,#2603,.T.);
#6266=EDGE_CURVE('',#4878,#4879,#2604,.T.);
#6267=EDGE_CURVE('',#4878,#4880,#2605,.T.);
#6268=EDGE_CURVE('',#4880,#4881,#2606,.T.);
#6269=EDGE_CURVE('',#4879,#4881,#2607,.T.);
#6270=EDGE_CURVE('',#4882,#4883,#2608,.T.);
#6271=EDGE_CURVE('',#4882,#4884,#2609,.T.);
#6272=EDGE_CURVE('',#4884,#4885,#2610,.T.);
#6273=EDGE_CURVE('',#4883,#4885,#2611,.T.);
#6274=EDGE_CURVE('',#4826,#4820,#2612,.T.);
#6275=EDGE_CURVE('',#4886,#4819,#2613,.T.);
#6276=EDGE_CURVE('',#4886,#4887,#2614,.T.);
#6277=EDGE_CURVE('',#4825,#4887,#2615,.T.);
#6278=EDGE_CURVE('',#4888,#4889,#2616,.T.);
#6279=EDGE_CURVE('',#4860,#4888,#2617,.T.);
#6280=EDGE_CURVE('',#4864,#4889,#2618,.T.);
#6281=EDGE_CURVE('',#4890,#4889,#297,.T.);
#6282=EDGE_CURVE('',#4891,#4890,#2619,.T.);
#6283=EDGE_CURVE('',#4891,#4888,#298,.T.);
#6284=EDGE_CURVE('',#4861,#4892,#2620,.T.);
#6285=EDGE_CURVE('',#4859,#4893,#2621,.T.);
#6286=EDGE_CURVE('',#4893,#4892,#2622,.T.);
#6287=EDGE_CURVE('',#4894,#4818,#2623,.T.);
#6288=EDGE_CURVE('',#4895,#4816,#2624,.T.);
#6289=EDGE_CURVE('',#4894,#4895,#2625,.T.);
#6290=EDGE_CURVE('',#4892,#4895,#299,.T.);
#6291=EDGE_CURVE('',#4893,#4894,#300,.T.);
#6292=EDGE_CURVE('',#4896,#4897,#301,.T.);
#6293=EDGE_CURVE('',#4896,#4898,#2626,.T.);
#6294=EDGE_CURVE('',#4898,#4899,#302,.T.);
#6295=EDGE_CURVE('',#4897,#4899,#2627,.T.);
#6296=EDGE_CURVE('',#4900,#4901,#303,.T.);
#6297=EDGE_CURVE('',#4902,#4900,#2628,.T.);
#6298=EDGE_CURVE('',#4902,#4903,#304,.T.);
#6299=EDGE_CURVE('',#4903,#4901,#2629,.T.);
#6300=EDGE_CURVE('',#4904,#4905,#2630,.T.);
#6301=EDGE_CURVE('',#4905,#4901,#2631,.T.);
#6302=EDGE_CURVE('',#4904,#4903,#2632,.T.);
#6303=EDGE_CURVE('',#4905,#4906,#305,.T.);
#6304=EDGE_CURVE('',#4904,#4907,#306,.T.);
#6305=EDGE_CURVE('',#4907,#4906,#2633,.T.);
#6306=EDGE_CURVE('',#4908,#4902,#2634,.T.);
#6307=EDGE_CURVE('',#4909,#4900,#2635,.T.);
#6308=EDGE_CURVE('',#4908,#4909,#2636,.T.);
#6309=EDGE_CURVE('',#4910,#4909,#307,.T.);
#6310=EDGE_CURVE('',#4911,#4910,#2637,.T.);
#6311=EDGE_CURVE('',#4911,#4908,#308,.T.);
#6312=EDGE_CURVE('',#4898,#4912,#2638,.T.);
#6313=EDGE_CURVE('',#4896,#4913,#2639,.T.);
#6314=EDGE_CURVE('',#4913,#4912,#2640,.T.);
#6315=EDGE_CURVE('',#4914,#4911,#2641,.T.);
#6316=EDGE_CURVE('',#4915,#4910,#2642,.T.);
#6317=EDGE_CURVE('',#4914,#4915,#2643,.T.);
#6318=EDGE_CURVE('',#4912,#4915,#309,.T.);
#6319=EDGE_CURVE('',#4913,#4914,#310,.T.);
#6320=EDGE_CURVE('',#4916,#4917,#2644,.T.);
#6321=EDGE_CURVE('',#4897,#4916,#2645,.T.);
#6322=EDGE_CURVE('',#4899,#4917,#2646,.T.);
#6323=EDGE_CURVE('',#4918,#4919,#2647,.T.);
#6324=EDGE_CURVE('',#4919,#4906,#2648,.T.);
#6325=EDGE_CURVE('',#4918,#4907,#2649,.T.);
#6326=EDGE_CURVE('',#4919,#4917,#311,.T.);
#6327=EDGE_CURVE('',#4918,#4916,#312,.T.);
#6328=EDGE_CURVE('',#4887,#4920,#2650,.T.);
#6329=EDGE_CURVE('',#4886,#4921,#2651,.T.);
#6330=EDGE_CURVE('',#4921,#4920,#2652,.T.);
#6331=EDGE_CURVE('',#4922,#4828,#2653,.T.);
#6332=EDGE_CURVE('',#4923,#4827,#2654,.T.);
#6333=EDGE_CURVE('',#4922,#4923,#2655,.T.);
#6334=EDGE_CURVE('',#4920,#4923,#313,.T.);
#6335=EDGE_CURVE('',#4921,#4922,#314,.T.);
#6336=EDGE_CURVE('',#4924,#4862,#2656,.T.);
#6337=EDGE_CURVE('',#4891,#4925,#2657,.T.);
#6338=EDGE_CURVE('',#4925,#4924,#315,.T.);
#6339=EDGE_CURVE('',#4926,#4863,#2658,.T.);
#6340=EDGE_CURVE('',#4924,#4926,#2659,.T.);
#6341=EDGE_CURVE('',#4890,#4927,#2660,.T.);
#6342=EDGE_CURVE('',#4926,#4927,#316,.T.);
#6343=EDGE_CURVE('',#4925,#4927,#2661,.T.);
#6344=EDGE_CURVE('',#4928,#4929,#317,.T.);
#6345=EDGE_CURVE('',#4930,#4928,#2662,.T.);
#6346=EDGE_CURVE('',#4930,#4931,#318,.T.);
#6347=EDGE_CURVE('',#4931,#4929,#2663,.T.);
#6348=EDGE_CURVE('',#4881,#4932,#2664,.T.);
#6349=EDGE_CURVE('',#4880,#4933,#2665,.T.);
#6350=EDGE_CURVE('',#4933,#4932,#2666,.T.);
#6351=EDGE_CURVE('',#4934,#4935,#2667,.T.);
#6352=EDGE_CURVE('',#4930,#4934,#2668,.T.);
#6353=EDGE_CURVE('',#4928,#4935,#2669,.T.);
#6354=EDGE_CURVE('',#4932,#4935,#319,.T.);
#6355=EDGE_CURVE('',#4933,#4934,#320,.T.);
#6356=EDGE_CURVE('',#4936,#4937,#2670,.T.);
#6357=EDGE_CURVE('',#4868,#4937,#2671,.T.);
#6358=EDGE_CURVE('',#4867,#4936,#2672,.T.);
#6359=EDGE_CURVE('',#4938,#4878,#2673,.T.);
#6360=EDGE_CURVE('',#4939,#4879,#2674,.T.);
#6361=EDGE_CURVE('',#4938,#4939,#2675,.T.);
#6362=EDGE_CURVE('',#4937,#4939,#321,.T.);
#6363=EDGE_CURVE('',#4936,#4938,#322,.T.);
#6364=EDGE_CURVE('',#4940,#4941,#323,.T.);
#6365=EDGE_CURVE('',#4942,#4940,#2676,.T.);
#6366=EDGE_CURVE('',#4942,#4943,#324,.T.);
#6367=EDGE_CURVE('',#4943,#4941,#2677,.T.);
#6368=EDGE_CURVE('',#4944,#4882,#2678,.T.);
#6369=EDGE_CURVE('',#4945,#4883,#2679,.T.);
#6370=EDGE_CURVE('',#4944,#4945,#2680,.T.);
#6371=EDGE_CURVE('',#4941,#4946,#2681,.T.);
#6372=EDGE_CURVE('',#4943,#4947,#2682,.T.);
#6373=EDGE_CURVE('',#4947,#4946,#2683,.T.);
#6374=EDGE_CURVE('',#4946,#4945,#325,.T.);
#6375=EDGE_CURVE('',#4947,#4944,#326,.T.);
#6376=EDGE_CURVE('',#4866,#4948,#2684,.T.);
#6377=EDGE_CURVE('',#4869,#4949,#2685,.T.);
#6378=EDGE_CURVE('',#4948,#4949,#2686,.T.);
#6379=EDGE_CURVE('',#4885,#4950,#2687,.T.);
#6380=EDGE_CURVE('',#4884,#4951,#2688,.T.);
#6381=EDGE_CURVE('',#4951,#4950,#2689,.T.);
#6382=EDGE_CURVE('',#4950,#4949,#327,.T.);
#6383=EDGE_CURVE('',#4951,#4948,#328,.T.);
#6384=EDGE_CURVE('',#4952,#4877,#2690,.T.);
#6385=EDGE_CURVE('',#4953,#4876,#2691,.T.);
#6386=EDGE_CURVE('',#4953,#4952,#2692,.T.);
#6387=EDGE_CURVE('',#4954,#4942,#2693,.T.);
#6388=EDGE_CURVE('',#4955,#4940,#2694,.T.);
#6389=EDGE_CURVE('',#4954,#4955,#2695,.T.);
#6390=EDGE_CURVE('',#4952,#4955,#329,.T.);
#6391=EDGE_CURVE('',#4953,#4954,#330,.T.);
#6392=EDGE_CURVE('',#4956,#4874,#2696,.T.);
#6393=EDGE_CURVE('',#4957,#4875,#2697,.T.);
#6394=EDGE_CURVE('',#4956,#4957,#2698,.T.);
#6395=EDGE_CURVE('',#4929,#4958,#2699,.T.);
#6396=EDGE_CURVE('',#4931,#4959,#2700,.T.);
#6397=EDGE_CURVE('',#4959,#4958,#2701,.T.);
#6398=EDGE_CURVE('',#4957,#4958,#331,.T.);
#6399=EDGE_CURVE('',#4956,#4959,#332,.T.);
#6400=EDGE_CURVE('',#4960,#4961,#2702,.T.);
#6401=EDGE_CURVE('',#4960,#4962,#2703,.T.);
#6402=EDGE_CURVE('',#4962,#4963,#2704,.T.);
#6403=EDGE_CURVE('',#4961,#4963,#2705,.T.);
#6404=EDGE_CURVE('',#4963,#4964,#2706,.T.);
#6405=EDGE_CURVE('',#4962,#4965,#2707,.T.);
#6406=EDGE_CURVE('',#4965,#4964,#2708,.T.);
#6407=EDGE_CURVE('',#4965,#4966,#2709,.T.);
#6408=EDGE_CURVE('',#4966,#4967,#2710,.T.);
#6409=EDGE_CURVE('',#4964,#4967,#2711,.T.);
#6410=EDGE_CURVE('',#4968,#4969,#2712,.T.);
#6411=EDGE_CURVE('',#4969,#4970,#2713,.T.);
#6412=EDGE_CURVE('',#4971,#4970,#333,.T.);
#6413=EDGE_CURVE('',#4971,#4972,#2714,.T.);
#6414=EDGE_CURVE('',#4972,#4973,#334,.T.);
#6415=EDGE_CURVE('',#4974,#4973,#2715,.T.);
#6416=EDGE_CURVE('',#4975,#4974,#335,.T.);
#6417=EDGE_CURVE('',#4976,#4975,#2716,.T.);
#6418=EDGE_CURVE('',#4977,#4976,#2717,.T.);
#6419=EDGE_CURVE('',#4977,#4978,#2718,.T.);
#6420=EDGE_CURVE('',#4978,#4979,#336,.T.);
#6421=EDGE_CURVE('',#4979,#4980,#2719,.T.);
#6422=EDGE_CURVE('',#4981,#4980,#337,.T.);
#6423=EDGE_CURVE('',#4982,#4981,#2720,.T.);
#6424=EDGE_CURVE('',#4982,#4983,#338,.T.);
#6425=EDGE_CURVE('',#4968,#4983,#2721,.T.);
#6426=EDGE_CURVE('',#4981,#4984,#2722,.T.);
#6427=EDGE_CURVE('',#4980,#4985,#2723,.T.);
#6428=EDGE_CURVE('',#4984,#4985,#339,.T.);
#6429=EDGE_CURVE('',#4986,#4987,#2724,.T.);
#6430=EDGE_CURVE('',#4988,#4987,#2725,.T.);
#6431=EDGE_CURVE('',#4989,#4988,#2726,.T.);
#6432=EDGE_CURVE('',#4989,#4986,#2727,.T.);
#6433=EDGE_CURVE('',#4987,#4990,#2728,.T.);
#6434=EDGE_CURVE('',#4991,#4990,#2729,.T.);
#6435=EDGE_CURVE('',#4988,#4991,#2730,.T.);
#6436=EDGE_CURVE('',#4990,#4992,#2731,.T.);
#6437=EDGE_CURVE('',#4993,#4992,#2732,.T.);
#6438=EDGE_CURVE('',#4991,#4993,#2733,.T.);
#6439=EDGE_CURVE('',#4992,#4986,#2734,.T.);
#6440=EDGE_CURVE('',#4993,#4989,#2735,.T.);
#6441=EDGE_CURVE('',#4994,#4995,#2736,.T.);
#6442=EDGE_CURVE('',#4969,#4995,#2737,.T.);
#6443=EDGE_CURVE('',#4968,#4994,#2738,.T.);
#6444=EDGE_CURVE('',#4970,#4996,#2739,.T.);
#6445=EDGE_CURVE('',#4996,#4995,#2740,.T.);
#6446=EDGE_CURVE('',#4971,#4997,#2741,.T.);
#6447=EDGE_CURVE('',#4997,#4996,#340,.T.);
#6448=EDGE_CURVE('',#4972,#4998,#2742,.T.);
#6449=EDGE_CURVE('',#4998,#4999,#341,.T.);
#6450=EDGE_CURVE('',#4973,#4999,#2743,.T.);
#6451=EDGE_CURVE('',#4974,#5000,#2744,.T.);
#6452=EDGE_CURVE('',#5000,#4999,#2745,.T.);
#6453=EDGE_CURVE('',#4975,#5001,#2746,.T.);
#6454=EDGE_CURVE('',#5001,#5000,#342,.T.);
#6455=EDGE_CURVE('',#4976,#5002,#2747,.T.);
#6456=EDGE_CURVE('',#5002,#5001,#2748,.T.);
#6457=EDGE_CURVE('',#4977,#5003,#2749,.T.);
#6458=EDGE_CURVE('',#5003,#5002,#2750,.T.);
#6459=EDGE_CURVE('',#4978,#5004,#2751,.T.);
#6460=EDGE_CURVE('',#5004,#5003,#2752,.T.);
#6461=EDGE_CURVE('',#5004,#5005,#343,.T.);
#6462=EDGE_CURVE('',#4979,#5005,#2753,.T.);
#6463=EDGE_CURVE('',#5005,#4985,#2754,.T.);
#6464=EDGE_CURVE('',#4983,#5006,#2755,.T.);
#6465=EDGE_CURVE('',#4994,#5006,#2756,.T.);
#6466=EDGE_CURVE('',#5006,#5007,#344,.T.);
#6467=EDGE_CURVE('',#5007,#4984,#2757,.T.);
#6468=EDGE_CURVE('',#4997,#4998,#2758,.T.);
#6469=EDGE_CURVE('',#4982,#5007,#2759,.T.);
#6470=EDGE_CURVE('',#4961,#4967,#2760,.T.);
#6471=EDGE_CURVE('',#4966,#4960,#2761,.T.);
#6472=EDGE_CURVE('',#5008,#5009,#2762,.T.);
#6473=EDGE_CURVE('',#5010,#5009,#2763,.T.);
#6474=EDGE_CURVE('',#5011,#5010,#2764,.T.);
#6475=EDGE_CURVE('',#5011,#5008,#2765,.T.);
#6476=EDGE_CURVE('',#5012,#5013,#2766,.T.);
#6477=EDGE_CURVE('',#5010,#5012,#2767,.T.);
#6478=EDGE_CURVE('',#5009,#5013,#2768,.T.);
#6479=EDGE_CURVE('',#5013,#5014,#2769,.T.);
#6480=EDGE_CURVE('',#5015,#5014,#2770,.T.);
#6481=EDGE_CURVE('',#5012,#5015,#2771,.T.);
#6482=EDGE_CURVE('',#5016,#5017,#2772,.T.);
#6483=EDGE_CURVE('',#5017,#5018,#345,.T.);
#6484=EDGE_CURVE('',#5018,#5019,#2773,.T.);
#6485=EDGE_CURVE('',#5020,#5019,#346,.T.);
#6486=EDGE_CURVE('',#5021,#5020,#2774,.T.);
#6487=EDGE_CURVE('',#5021,#5022,#347,.T.);
#6488=EDGE_CURVE('',#5023,#5022,#2775,.T.);
#6489=EDGE_CURVE('',#5024,#5023,#2776,.T.);
#6490=EDGE_CURVE('',#5024,#5025,#2777,.T.);
#6491=EDGE_CURVE('',#5026,#5025,#348,.T.);
#6492=EDGE_CURVE('',#5026,#5027,#2778,.T.);
#6493=EDGE_CURVE('',#5027,#5028,#349,.T.);
#6494=EDGE_CURVE('',#5029,#5028,#2779,.T.);
#6495=EDGE_CURVE('',#5030,#5029,#350,.T.);
#6496=EDGE_CURVE('',#5031,#5030,#2780,.T.);
#6497=EDGE_CURVE('',#5031,#5016,#2781,.T.);
#6498=EDGE_CURVE('',#5032,#5033,#351,.T.);
#6499=EDGE_CURVE('',#5033,#5020,#2782,.T.);
#6500=EDGE_CURVE('',#5032,#5019,#2783,.T.);
#6501=EDGE_CURVE('',#5034,#5035,#2784,.T.);
#6502=EDGE_CURVE('',#5034,#5036,#2785,.T.);
#6503=EDGE_CURVE('',#5036,#5037,#2786,.T.);
#6504=EDGE_CURVE('',#5035,#5037,#2787,.T.);
#6505=EDGE_CURVE('',#5036,#5038,#2788,.T.);
#6506=EDGE_CURVE('',#5038,#5039,#2789,.T.);
#6507=EDGE_CURVE('',#5037,#5039,#2790,.T.);
#6508=EDGE_CURVE('',#5038,#5040,#2791,.T.);
#6509=EDGE_CURVE('',#5040,#5041,#2792,.T.);
#6510=EDGE_CURVE('',#5039,#5041,#2793,.T.);
#6511=EDGE_CURVE('',#5040,#5034,#2794,.T.);
#6512=EDGE_CURVE('',#5041,#5035,#2795,.T.);
#6513=EDGE_CURVE('',#5016,#5042,#2796,.T.);
#6514=EDGE_CURVE('',#5031,#5043,#2797,.T.);
#6515=EDGE_CURVE('',#5043,#5042,#2798,.T.);
#6516=EDGE_CURVE('',#5044,#5043,#2799,.T.);
#6517=EDGE_CURVE('',#5030,#5044,#2800,.T.);
#6518=EDGE_CURVE('',#5045,#5044,#352,.T.);
#6519=EDGE_CURVE('',#5045,#5029,#2801,.T.);
#6520=EDGE_CURVE('',#5046,#5047,#353,.T.);
#6521=EDGE_CURVE('',#5046,#5028,#2802,.T.);
#6522=EDGE_CURVE('',#5047,#5027,#2803,.T.);
#6523=EDGE_CURVE('',#5048,#5047,#2804,.T.);
#6524=EDGE_CURVE('',#5026,#5048,#2805,.T.);
#6525=EDGE_CURVE('',#5049,#5048,#354,.T.);
#6526=EDGE_CURVE('',#5049,#5025,#2806,.T.);
#6527=EDGE_CURVE('',#5050,#5049,#2807,.T.);
#6528=EDGE_CURVE('',#5024,#5050,#2808,.T.);
#6529=EDGE_CURVE('',#5050,#5051,#2809,.T.);
#6530=EDGE_CURVE('',#5023,#5051,#2810,.T.);
#6531=EDGE_CURVE('',#5052,#5051,#2811,.T.);
#6532=EDGE_CURVE('',#5022,#5052,#2812,.T.);
#6533=EDGE_CURVE('',#5052,#5053,#355,.T.);
#6534=EDGE_CURVE('',#5053,#5021,#2813,.T.);
#6535=EDGE_CURVE('',#5053,#5033,#2814,.T.);
#6536=EDGE_CURVE('',#5042,#5054,#2815,.T.);
#6537=EDGE_CURVE('',#5017,#5054,#2816,.T.);
#6538=EDGE_CURVE('',#5045,#5046,#2817,.T.);
#6539=EDGE_CURVE('',#5055,#5032,#2818,.T.);
#6540=EDGE_CURVE('',#5055,#5054,#356,.T.);
#6541=EDGE_CURVE('',#5055,#5018,#2819,.T.);
#6542=EDGE_CURVE('',#5008,#5014,#2820,.T.);
#6543=EDGE_CURVE('',#5015,#5011,#2821,.T.);
#6544=EDGE_CURVE('',#5056,#5057,#357,.T.);
#6545=EDGE_CURVE('',#5058,#5056,#65,.T.);
#6546=EDGE_CURVE('',#5058,#5059,#358,.T.);
#6547=EDGE_CURVE('',#5059,#5057,#66,.T.);
#6548=EDGE_CURVE('',#5060,#5061,#359,.T.);
#6549=EDGE_CURVE('',#5056,#5060,#67,.T.);
#6550=EDGE_CURVE('',#5057,#5061,#68,.T.);
#6551=EDGE_CURVE('',#5062,#5063,#360,.T.);
#6552=EDGE_CURVE('',#5060,#5062,#69,.T.);
#6553=EDGE_CURVE('',#5061,#5063,#70,.T.);
#6554=EDGE_CURVE('',#5064,#5065,#361,.T.);
#6555=EDGE_CURVE('',#5062,#5064,#71,.T.);
#6556=EDGE_CURVE('',#5063,#5065,#72,.T.);
#6557=EDGE_CURVE('',#5066,#5067,#362,.T.);
#6558=EDGE_CURVE('',#5064,#5066,#73,.T.);
#6559=EDGE_CURVE('',#5065,#5067,#74,.T.);
#6560=EDGE_CURVE('',#5068,#5069,#363,.T.);
#6561=EDGE_CURVE('',#5066,#5068,#75,.T.);
#6562=EDGE_CURVE('',#5067,#5069,#76,.T.);
#6563=EDGE_CURVE('',#5070,#5071,#364,.T.);
#6564=EDGE_CURVE('',#5068,#5070,#77,.T.);
#6565=EDGE_CURVE('',#5069,#5071,#78,.T.);
#6566=EDGE_CURVE('',#5072,#5073,#365,.T.);
#6567=EDGE_CURVE('',#5070,#5072,#79,.T.);
#6568=EDGE_CURVE('',#5071,#5073,#80,.T.);
#6569=EDGE_CURVE('',#5074,#5075,#366,.T.);
#6570=EDGE_CURVE('',#5072,#5074,#81,.T.);
#6571=EDGE_CURVE('',#5073,#5075,#82,.T.);
#6572=EDGE_CURVE('',#5076,#5077,#367,.T.);
#6573=EDGE_CURVE('',#5074,#5076,#83,.T.);
#6574=EDGE_CURVE('',#5075,#5077,#84,.T.);
#6575=EDGE_CURVE('',#5078,#5079,#368,.T.);
#6576=EDGE_CURVE('',#5076,#5078,#85,.T.);
#6577=EDGE_CURVE('',#5077,#5079,#86,.T.);
#6578=EDGE_CURVE('',#5080,#5081,#369,.T.);
#6579=EDGE_CURVE('',#5078,#5080,#87,.T.);
#6580=EDGE_CURVE('',#5079,#5081,#88,.T.);
#6581=EDGE_CURVE('',#5082,#5083,#370,.T.);
#6582=EDGE_CURVE('',#5080,#5082,#89,.T.);
#6583=EDGE_CURVE('',#5081,#5083,#90,.T.);
#6584=EDGE_CURVE('',#5084,#5085,#371,.T.);
#6585=EDGE_CURVE('',#5082,#5084,#91,.T.);
#6586=EDGE_CURVE('',#5083,#5085,#92,.T.);
#6587=EDGE_CURVE('',#5086,#5087,#372,.T.);
#6588=EDGE_CURVE('',#5084,#5086,#93,.T.);
#6589=EDGE_CURVE('',#5085,#5087,#94,.T.);
#6590=EDGE_CURVE('',#5088,#5089,#373,.T.);
#6591=EDGE_CURVE('',#5086,#5088,#95,.T.);
#6592=EDGE_CURVE('',#5087,#5089,#96,.T.);
#6593=EDGE_CURVE('',#5057,#5056,#374,.T.);
#6594=EDGE_CURVE('',#5059,#5058,#375,.T.);
#6595=EDGE_CURVE('',#5061,#5060,#376,.T.);
#6596=EDGE_CURVE('',#5063,#5062,#377,.T.);
#6597=EDGE_CURVE('',#5065,#5064,#378,.T.);
#6598=EDGE_CURVE('',#5067,#5066,#379,.T.);
#6599=EDGE_CURVE('',#5069,#5068,#380,.T.);
#6600=EDGE_CURVE('',#5071,#5070,#381,.T.);
#6601=EDGE_CURVE('',#5073,#5072,#382,.T.);
#6602=EDGE_CURVE('',#5075,#5074,#383,.T.);
#6603=EDGE_CURVE('',#5077,#5076,#384,.T.);
#6604=EDGE_CURVE('',#5079,#5078,#385,.T.);
#6605=EDGE_CURVE('',#5081,#5080,#386,.T.);
#6606=EDGE_CURVE('',#5083,#5082,#387,.T.);
#6607=EDGE_CURVE('',#5085,#5084,#388,.T.);
#6608=EDGE_CURVE('',#5087,#5086,#389,.T.);
#6609=EDGE_CURVE('',#5089,#5088,#390,.T.);
#6610=EDGE_CURVE('',#5090,#5091,#391,.T.);
#6611=EDGE_CURVE('',#5091,#5090,#392,.T.);
#6612=EDGE_CURVE('',#5091,#5092,#2822,.T.);
#6613=EDGE_CURVE('',#5092,#5092,#393,.T.);
#6614=EDGE_CURVE('',#5093,#5094,#394,.T.);
#6615=EDGE_CURVE('',#5094,#5090,#395,.T.);
#6616=EDGE_CURVE('',#5094,#5093,#396,.T.);
#6617=EDGE_CURVE('',#5095,#5096,#397,.T.);
#6618=EDGE_CURVE('',#5096,#5095,#398,.T.);
#6619=EDGE_CURVE('',#5096,#5093,#2823,.T.);
#6620=EDGE_CURVE('',#5097,#5098,#399,.T.);
#6621=EDGE_CURVE('',#5098,#5095,#400,.T.);
#6622=EDGE_CURVE('',#5098,#5097,#401,.T.);
#6623=EDGE_CURVE('',#5099,#5100,#402,.T.);
#6624=EDGE_CURVE('',#5100,#5099,#403,.T.);
#6625=EDGE_CURVE('',#5100,#5097,#2824,.T.);
#6626=EDGE_CURVE('',#5101,#5102,#404,.T.);
#6627=EDGE_CURVE('',#5102,#5099,#405,.T.);
#6628=EDGE_CURVE('',#5102,#5101,#406,.T.);
#6629=EDGE_CURVE('',#5103,#5103,#407,.T.);
#6630=EDGE_CURVE('',#5103,#5101,#2825,.T.);
#6631=ORIENTED_EDGE('',*,*,#5104,.T.);
#6632=ORIENTED_EDGE('',*,*,#5105,.F.);
#6633=ORIENTED_EDGE('',*,*,#5106,.F.);
#6634=ORIENTED_EDGE('',*,*,#5107,.T.);
#6635=ORIENTED_EDGE('',*,*,#5108,.T.);
#6636=ORIENTED_EDGE('',*,*,#5109,.F.);
#6637=ORIENTED_EDGE('',*,*,#5110,.F.);
#6638=ORIENTED_EDGE('',*,*,#5105,.T.);
#6639=ORIENTED_EDGE('',*,*,#5111,.T.);
#6640=ORIENTED_EDGE('',*,*,#5112,.T.);
#6641=ORIENTED_EDGE('',*,*,#5113,.T.);
#6642=ORIENTED_EDGE('',*,*,#5114,.T.);
#6643=ORIENTED_EDGE('',*,*,#5115,.T.);
#6644=ORIENTED_EDGE('',*,*,#5116,.T.);
#6645=ORIENTED_EDGE('',*,*,#5117,.F.);
#6646=ORIENTED_EDGE('',*,*,#5118,.F.);
#6647=ORIENTED_EDGE('',*,*,#5119,.F.);
#6648=ORIENTED_EDGE('',*,*,#5108,.F.);
#6649=ORIENTED_EDGE('',*,*,#5104,.F.);
#6650=ORIENTED_EDGE('',*,*,#5120,.F.);
#6651=ORIENTED_EDGE('',*,*,#5119,.T.);
#6652=ORIENTED_EDGE('',*,*,#5121,.F.);
#6653=ORIENTED_EDGE('',*,*,#5122,.F.);
#6654=ORIENTED_EDGE('',*,*,#5109,.T.);
#6655=ORIENTED_EDGE('',*,*,#5118,.T.);
#6656=ORIENTED_EDGE('',*,*,#5123,.F.);
#6657=ORIENTED_EDGE('',*,*,#5124,.F.);
#6658=ORIENTED_EDGE('',*,*,#5121,.T.);
#6659=ORIENTED_EDGE('',*,*,#5117,.T.);
#6660=ORIENTED_EDGE('',*,*,#5125,.F.);
#6661=ORIENTED_EDGE('',*,*,#5126,.F.);
#6662=ORIENTED_EDGE('',*,*,#5123,.T.);
#6663=ORIENTED_EDGE('',*,*,#5116,.F.);
#6664=ORIENTED_EDGE('',*,*,#5127,.F.);
#6665=ORIENTED_EDGE('',*,*,#5128,.T.);
#6666=ORIENTED_EDGE('',*,*,#5125,.T.);
#6667=ORIENTED_EDGE('',*,*,#5115,.F.);
#6668=ORIENTED_EDGE('',*,*,#5129,.F.);
#6669=ORIENTED_EDGE('',*,*,#5130,.T.);
#6670=ORIENTED_EDGE('',*,*,#5127,.T.);
#6671=ORIENTED_EDGE('',*,*,#5114,.F.);
#6672=ORIENTED_EDGE('',*,*,#5131,.F.);
#6673=ORIENTED_EDGE('',*,*,#5132,.T.);
#6674=ORIENTED_EDGE('',*,*,#5129,.T.);
#6675=ORIENTED_EDGE('',*,*,#5113,.F.);
#6676=ORIENTED_EDGE('',*,*,#5133,.F.);
#6677=ORIENTED_EDGE('',*,*,#5134,.T.);
#6678=ORIENTED_EDGE('',*,*,#5131,.T.);
#6679=ORIENTED_EDGE('',*,*,#5112,.F.);
#6680=ORIENTED_EDGE('',*,*,#5135,.F.);
#6681=ORIENTED_EDGE('',*,*,#5136,.T.);
#6682=ORIENTED_EDGE('',*,*,#5133,.T.);
#6683=ORIENTED_EDGE('',*,*,#5111,.F.);
#6684=ORIENTED_EDGE('',*,*,#5137,.F.);
#6685=ORIENTED_EDGE('',*,*,#5138,.T.);
#6686=ORIENTED_EDGE('',*,*,#5135,.T.);
#6687=ORIENTED_EDGE('',*,*,#5139,.F.);
#6688=ORIENTED_EDGE('',*,*,#5140,.T.);
#6689=ORIENTED_EDGE('',*,*,#5141,.T.);
#6690=ORIENTED_EDGE('',*,*,#5142,.F.);
#6691=ORIENTED_EDGE('',*,*,#5137,.T.);
#6692=ORIENTED_EDGE('',*,*,#5120,.T.);
#6693=ORIENTED_EDGE('',*,*,#5107,.F.);
#6694=ORIENTED_EDGE('',*,*,#5143,.F.);
#6695=ORIENTED_EDGE('',*,*,#5144,.F.);
#6696=ORIENTED_EDGE('',*,*,#5145,.T.);
#6697=ORIENTED_EDGE('',*,*,#5139,.T.);
#6698=ORIENTED_EDGE('',*,*,#5146,.T.);
#6699=ORIENTED_EDGE('',*,*,#5147,.F.);
#6700=ORIENTED_EDGE('',*,*,#5148,.T.);
#6701=ORIENTED_EDGE('',*,*,#5149,.T.);
#6702=ORIENTED_EDGE('',*,*,#5150,.F.);
#6703=ORIENTED_EDGE('',*,*,#5151,.T.);
#6704=ORIENTED_EDGE('',*,*,#5152,.F.);
#6705=ORIENTED_EDGE('',*,*,#5153,.F.);
#6706=ORIENTED_EDGE('',*,*,#5154,.T.);
#6707=ORIENTED_EDGE('',*,*,#5155,.T.);
#6708=ORIENTED_EDGE('',*,*,#5156,.F.);
#6709=ORIENTED_EDGE('',*,*,#5157,.T.);
#6710=ORIENTED_EDGE('',*,*,#5158,.F.);
#6711=ORIENTED_EDGE('',*,*,#5159,.T.);
#6712=ORIENTED_EDGE('',*,*,#5160,.F.);
#6713=ORIENTED_EDGE('',*,*,#5161,.F.);
#6714=ORIENTED_EDGE('',*,*,#5162,.F.);
#6715=ORIENTED_EDGE('',*,*,#5163,.F.);
#6716=ORIENTED_EDGE('',*,*,#5164,.F.);
#6717=ORIENTED_EDGE('',*,*,#5140,.F.);
#6718=ORIENTED_EDGE('',*,*,#5145,.F.);
#6719=ORIENTED_EDGE('',*,*,#5165,.T.);
#6720=ORIENTED_EDGE('',*,*,#5166,.T.);
#6721=ORIENTED_EDGE('',*,*,#5167,.T.);
#6722=ORIENTED_EDGE('',*,*,#5168,.F.);
#6723=ORIENTED_EDGE('',*,*,#5169,.T.);
#6724=ORIENTED_EDGE('',*,*,#5170,.F.);
#6725=ORIENTED_EDGE('',*,*,#5171,.T.);
#6726=ORIENTED_EDGE('',*,*,#5172,.F.);
#6727=ORIENTED_EDGE('',*,*,#5173,.F.);
#6728=ORIENTED_EDGE('',*,*,#5174,.F.);
#6729=ORIENTED_EDGE('',*,*,#5175,.F.);
#6730=ORIENTED_EDGE('',*,*,#5176,.T.);
#6731=ORIENTED_EDGE('',*,*,#5177,.F.);
#6732=ORIENTED_EDGE('',*,*,#5148,.F.);
#6733=ORIENTED_EDGE('',*,*,#5141,.F.);
#6734=ORIENTED_EDGE('',*,*,#5164,.T.);
#6735=ORIENTED_EDGE('',*,*,#5178,.T.);
#6736=ORIENTED_EDGE('',*,*,#5179,.F.);
#6737=ORIENTED_EDGE('',*,*,#5146,.F.);
#6738=ORIENTED_EDGE('',*,*,#5142,.T.);
#6739=ORIENTED_EDGE('',*,*,#5179,.T.);
#6740=ORIENTED_EDGE('',*,*,#5180,.T.);
#6741=ORIENTED_EDGE('',*,*,#5181,.T.);
#6742=ORIENTED_EDGE('',*,*,#5182,.T.);
#6743=ORIENTED_EDGE('',*,*,#5183,.F.);
#6744=ORIENTED_EDGE('',*,*,#5184,.F.);
#6745=ORIENTED_EDGE('',*,*,#5185,.F.);
#6746=ORIENTED_EDGE('',*,*,#5186,.F.);
#6747=ORIENTED_EDGE('',*,*,#5187,.F.);
#6748=ORIENTED_EDGE('',*,*,#5188,.F.);
#6749=ORIENTED_EDGE('',*,*,#5106,.T.);
#6750=ORIENTED_EDGE('',*,*,#5110,.T.);
#6751=ORIENTED_EDGE('',*,*,#5122,.T.);
#6752=ORIENTED_EDGE('',*,*,#5124,.T.);
#6753=ORIENTED_EDGE('',*,*,#5126,.T.);
#6754=ORIENTED_EDGE('',*,*,#5128,.F.);
#6755=ORIENTED_EDGE('',*,*,#5130,.F.);
#6756=ORIENTED_EDGE('',*,*,#5132,.F.);
#6757=ORIENTED_EDGE('',*,*,#5134,.F.);
#6758=ORIENTED_EDGE('',*,*,#5136,.F.);
#6759=ORIENTED_EDGE('',*,*,#5138,.F.);
#6760=ORIENTED_EDGE('',*,*,#5150,.T.);
#6761=ORIENTED_EDGE('',*,*,#5189,.T.);
#6762=ORIENTED_EDGE('',*,*,#5190,.T.);
#6763=ORIENTED_EDGE('',*,*,#5191,.T.);
#6764=ORIENTED_EDGE('',*,*,#5192,.F.);
#6765=ORIENTED_EDGE('',*,*,#5193,.T.);
#6766=ORIENTED_EDGE('',*,*,#5194,.F.);
#6767=ORIENTED_EDGE('',*,*,#5195,.T.);
#6768=ORIENTED_EDGE('',*,*,#5196,.F.);
#6769=ORIENTED_EDGE('',*,*,#5197,.F.);
#6770=ORIENTED_EDGE('',*,*,#5198,.F.);
#6771=ORIENTED_EDGE('',*,*,#5199,.F.);
#6772=ORIENTED_EDGE('',*,*,#5200,.T.);
#6773=ORIENTED_EDGE('',*,*,#5201,.F.);
#6774=ORIENTED_EDGE('',*,*,#5143,.T.);
#6775=ORIENTED_EDGE('',*,*,#5202,.T.);
#6776=ORIENTED_EDGE('',*,*,#5189,.F.);
#6777=ORIENTED_EDGE('',*,*,#5149,.F.);
#6778=ORIENTED_EDGE('',*,*,#5177,.T.);
#6779=ORIENTED_EDGE('',*,*,#5203,.F.);
#6780=ORIENTED_EDGE('',*,*,#5155,.F.);
#6781=ORIENTED_EDGE('',*,*,#5147,.T.);
#6782=ORIENTED_EDGE('',*,*,#5188,.T.);
#6783=ORIENTED_EDGE('',*,*,#5204,.T.);
#6784=ORIENTED_EDGE('',*,*,#5165,.F.);
#6785=ORIENTED_EDGE('',*,*,#5144,.T.);
#6786=ORIENTED_EDGE('',*,*,#5201,.T.);
#6787=ORIENTED_EDGE('',*,*,#5154,.F.);
#6788=ORIENTED_EDGE('',*,*,#5205,.F.);
#6789=ORIENTED_EDGE('',*,*,#5206,.F.);
#6790=ORIENTED_EDGE('',*,*,#5207,.T.);
#6791=ORIENTED_EDGE('',*,*,#5153,.T.);
#6792=ORIENTED_EDGE('',*,*,#5208,.F.);
#6793=ORIENTED_EDGE('',*,*,#5209,.F.);
#6794=ORIENTED_EDGE('',*,*,#5205,.T.);
#6795=ORIENTED_EDGE('',*,*,#5152,.T.);
#6796=ORIENTED_EDGE('',*,*,#5210,.F.);
#6797=ORIENTED_EDGE('',*,*,#5211,.F.);
#6798=ORIENTED_EDGE('',*,*,#5208,.T.);
#6799=ORIENTED_EDGE('',*,*,#5151,.F.);
#6800=ORIENTED_EDGE('',*,*,#5207,.F.);
#6801=ORIENTED_EDGE('',*,*,#5212,.F.);
#6802=ORIENTED_EDGE('',*,*,#5210,.T.);
#6803=ORIENTED_EDGE('',*,*,#5213,.F.);
#6804=ORIENTED_EDGE('',*,*,#5214,.T.);
#6805=ORIENTED_EDGE('',*,*,#5215,.F.);
#6806=ORIENTED_EDGE('',*,*,#5216,.T.);
#6807=ORIENTED_EDGE('',*,*,#5217,.F.);
#6808=ORIENTED_EDGE('',*,*,#5190,.F.);
#6809=ORIENTED_EDGE('',*,*,#5202,.F.);
#6810=ORIENTED_EDGE('',*,*,#5176,.F.);
#6811=ORIENTED_EDGE('',*,*,#5218,.F.);
#6812=ORIENTED_EDGE('',*,*,#5219,.F.);
#6813=ORIENTED_EDGE('',*,*,#5220,.F.);
#6814=ORIENTED_EDGE('',*,*,#5221,.F.);
#6815=ORIENTED_EDGE('',*,*,#5218,.T.);
#6816=ORIENTED_EDGE('',*,*,#5175,.T.);
#6817=ORIENTED_EDGE('',*,*,#5174,.T.);
#6818=ORIENTED_EDGE('',*,*,#5222,.F.);
#6819=ORIENTED_EDGE('',*,*,#5223,.T.);
#6820=ORIENTED_EDGE('',*,*,#5220,.T.);
#6821=ORIENTED_EDGE('',*,*,#5224,.F.);
#6822=ORIENTED_EDGE('',*,*,#5225,.F.);
#6823=ORIENTED_EDGE('',*,*,#5222,.T.);
#6824=ORIENTED_EDGE('',*,*,#5173,.T.);
#6825=ORIENTED_EDGE('',*,*,#5172,.T.);
#6826=ORIENTED_EDGE('',*,*,#5226,.F.);
#6827=ORIENTED_EDGE('',*,*,#5227,.T.);
#6828=ORIENTED_EDGE('',*,*,#5224,.T.);
#6829=ORIENTED_EDGE('',*,*,#5228,.T.);
#6830=ORIENTED_EDGE('',*,*,#5226,.T.);
#6831=ORIENTED_EDGE('',*,*,#5171,.F.);
#6832=ORIENTED_EDGE('',*,*,#5229,.F.);
#6833=ORIENTED_EDGE('',*,*,#5170,.T.);
#6834=ORIENTED_EDGE('',*,*,#5230,.F.);
#6835=ORIENTED_EDGE('',*,*,#5231,.T.);
#6836=ORIENTED_EDGE('',*,*,#5229,.T.);
#6837=ORIENTED_EDGE('',*,*,#5169,.F.);
#6838=ORIENTED_EDGE('',*,*,#5232,.F.);
#6839=ORIENTED_EDGE('',*,*,#5233,.T.);
#6840=ORIENTED_EDGE('',*,*,#5230,.T.);
#6841=ORIENTED_EDGE('',*,*,#5168,.T.);
#6842=ORIENTED_EDGE('',*,*,#5234,.F.);
#6843=ORIENTED_EDGE('',*,*,#5235,.T.);
#6844=ORIENTED_EDGE('',*,*,#5232,.T.);
#6845=ORIENTED_EDGE('',*,*,#5167,.F.);
#6846=ORIENTED_EDGE('',*,*,#5236,.F.);
#6847=ORIENTED_EDGE('',*,*,#5237,.T.);
#6848=ORIENTED_EDGE('',*,*,#5234,.T.);
#6849=ORIENTED_EDGE('',*,*,#5238,.F.);
#6850=ORIENTED_EDGE('',*,*,#5239,.T.);
#6851=ORIENTED_EDGE('',*,*,#5236,.T.);
#6852=ORIENTED_EDGE('',*,*,#5166,.F.);
#6853=ORIENTED_EDGE('',*,*,#5204,.F.);
#6854=ORIENTED_EDGE('',*,*,#5200,.F.);
#6855=ORIENTED_EDGE('',*,*,#5240,.T.);
#6856=ORIENTED_EDGE('',*,*,#5241,.F.);
#6857=ORIENTED_EDGE('',*,*,#5242,.F.);
#6858=ORIENTED_EDGE('',*,*,#5243,.T.);
#6859=ORIENTED_EDGE('',*,*,#5178,.F.);
#6860=ORIENTED_EDGE('',*,*,#5163,.T.);
#6861=ORIENTED_EDGE('',*,*,#5244,.T.);
#6862=ORIENTED_EDGE('',*,*,#5180,.F.);
#6863=ORIENTED_EDGE('',*,*,#5244,.F.);
#6864=ORIENTED_EDGE('',*,*,#5162,.T.);
#6865=ORIENTED_EDGE('',*,*,#5245,.T.);
#6866=ORIENTED_EDGE('',*,*,#5181,.F.);
#6867=ORIENTED_EDGE('',*,*,#5245,.F.);
#6868=ORIENTED_EDGE('',*,*,#5161,.T.);
#6869=ORIENTED_EDGE('',*,*,#5246,.T.);
#6870=ORIENTED_EDGE('',*,*,#5182,.F.);
#6871=ORIENTED_EDGE('',*,*,#5246,.F.);
#6872=ORIENTED_EDGE('',*,*,#5160,.T.);
#6873=ORIENTED_EDGE('',*,*,#5247,.T.);
#6874=ORIENTED_EDGE('',*,*,#5183,.T.);
#6875=ORIENTED_EDGE('',*,*,#5247,.F.);
#6876=ORIENTED_EDGE('',*,*,#5159,.F.);
#6877=ORIENTED_EDGE('',*,*,#5248,.T.);
#6878=ORIENTED_EDGE('',*,*,#5184,.T.);
#6879=ORIENTED_EDGE('',*,*,#5248,.F.);
#6880=ORIENTED_EDGE('',*,*,#5158,.T.);
#6881=ORIENTED_EDGE('',*,*,#5249,.T.);
#6882=ORIENTED_EDGE('',*,*,#5185,.T.);
#6883=ORIENTED_EDGE('',*,*,#5249,.F.);
#6884=ORIENTED_EDGE('',*,*,#5157,.F.);
#6885=ORIENTED_EDGE('',*,*,#5250,.T.);
#6886=ORIENTED_EDGE('',*,*,#5186,.T.);
#6887=ORIENTED_EDGE('',*,*,#5250,.F.);
#6888=ORIENTED_EDGE('',*,*,#5156,.T.);
#6889=ORIENTED_EDGE('',*,*,#5203,.T.);
#6890=ORIENTED_EDGE('',*,*,#5187,.T.);
#6891=ORIENTED_EDGE('',*,*,#5199,.T.);
#6892=ORIENTED_EDGE('',*,*,#5251,.T.);
#6893=ORIENTED_EDGE('',*,*,#5252,.F.);
#6894=ORIENTED_EDGE('',*,*,#5240,.F.);
#6895=ORIENTED_EDGE('',*,*,#5198,.T.);
#6896=ORIENTED_EDGE('',*,*,#5253,.T.);
#6897=ORIENTED_EDGE('',*,*,#5254,.F.);
#6898=ORIENTED_EDGE('',*,*,#5251,.F.);
#6899=ORIENTED_EDGE('',*,*,#5197,.T.);
#6900=ORIENTED_EDGE('',*,*,#5255,.T.);
#6901=ORIENTED_EDGE('',*,*,#5256,.F.);
#6902=ORIENTED_EDGE('',*,*,#5253,.F.);
#6903=ORIENTED_EDGE('',*,*,#5196,.T.);
#6904=ORIENTED_EDGE('',*,*,#5257,.T.);
#6905=ORIENTED_EDGE('',*,*,#5258,.F.);
#6906=ORIENTED_EDGE('',*,*,#5255,.F.);
#6907=ORIENTED_EDGE('',*,*,#5195,.F.);
#6908=ORIENTED_EDGE('',*,*,#5259,.T.);
#6909=ORIENTED_EDGE('',*,*,#5260,.T.);
#6910=ORIENTED_EDGE('',*,*,#5257,.F.);
#6911=ORIENTED_EDGE('',*,*,#5194,.T.);
#6912=ORIENTED_EDGE('',*,*,#5261,.T.);
#6913=ORIENTED_EDGE('',*,*,#5262,.F.);
#6914=ORIENTED_EDGE('',*,*,#5259,.F.);
#6915=ORIENTED_EDGE('',*,*,#5263,.T.);
#6916=ORIENTED_EDGE('',*,*,#5264,.T.);
#6917=ORIENTED_EDGE('',*,*,#5261,.F.);
#6918=ORIENTED_EDGE('',*,*,#5193,.F.);
#6919=ORIENTED_EDGE('',*,*,#5192,.T.);
#6920=ORIENTED_EDGE('',*,*,#5265,.T.);
#6921=ORIENTED_EDGE('',*,*,#5266,.F.);
#6922=ORIENTED_EDGE('',*,*,#5263,.F.);
#6923=ORIENTED_EDGE('',*,*,#5217,.T.);
#6924=ORIENTED_EDGE('',*,*,#5267,.T.);
#6925=ORIENTED_EDGE('',*,*,#5265,.F.);
#6926=ORIENTED_EDGE('',*,*,#5191,.F.);
#6927=ORIENTED_EDGE('',*,*,#5268,.F.);
#6928=ORIENTED_EDGE('',*,*,#5269,.F.);
#6929=ORIENTED_EDGE('',*,*,#5270,.F.);
#6930=ORIENTED_EDGE('',*,*,#5271,.F.);
#6931=ORIENTED_EDGE('',*,*,#5206,.T.);
#6932=ORIENTED_EDGE('',*,*,#5209,.T.);
#6933=ORIENTED_EDGE('',*,*,#5211,.T.);
#6934=ORIENTED_EDGE('',*,*,#5212,.T.);
#6935=ORIENTED_EDGE('',*,*,#5272,.T.);
#6936=ORIENTED_EDGE('',*,*,#5219,.T.);
#6937=ORIENTED_EDGE('',*,*,#5221,.T.);
#6938=ORIENTED_EDGE('',*,*,#5223,.F.);
#6939=ORIENTED_EDGE('',*,*,#5225,.T.);
#6940=ORIENTED_EDGE('',*,*,#5227,.F.);
#6941=ORIENTED_EDGE('',*,*,#5228,.F.);
#6942=ORIENTED_EDGE('',*,*,#5231,.F.);
#6943=ORIENTED_EDGE('',*,*,#5233,.F.);
#6944=ORIENTED_EDGE('',*,*,#5235,.F.);
#6945=ORIENTED_EDGE('',*,*,#5237,.F.);
#6946=ORIENTED_EDGE('',*,*,#5239,.F.);
#6947=ORIENTED_EDGE('',*,*,#5273,.F.);
#6948=ORIENTED_EDGE('',*,*,#5274,.T.);
#6949=ORIENTED_EDGE('',*,*,#5275,.T.);
#6950=ORIENTED_EDGE('',*,*,#5241,.T.);
#6951=ORIENTED_EDGE('',*,*,#5252,.T.);
#6952=ORIENTED_EDGE('',*,*,#5254,.T.);
#6953=ORIENTED_EDGE('',*,*,#5256,.T.);
#6954=ORIENTED_EDGE('',*,*,#5258,.T.);
#6955=ORIENTED_EDGE('',*,*,#5260,.F.);
#6956=ORIENTED_EDGE('',*,*,#5262,.T.);
#6957=ORIENTED_EDGE('',*,*,#5264,.F.);
#6958=ORIENTED_EDGE('',*,*,#5266,.T.);
#6959=ORIENTED_EDGE('',*,*,#5267,.F.);
#6960=ORIENTED_EDGE('',*,*,#5216,.F.);
#6961=ORIENTED_EDGE('',*,*,#5276,.F.);
#6962=ORIENTED_EDGE('',*,*,#5277,.T.);
#6963=ORIENTED_EDGE('',*,*,#5276,.T.);
#6964=ORIENTED_EDGE('',*,*,#5215,.T.);
#6965=ORIENTED_EDGE('',*,*,#5278,.F.);
#6966=ORIENTED_EDGE('',*,*,#5279,.T.);
#6967=ORIENTED_EDGE('',*,*,#5278,.T.);
#6968=ORIENTED_EDGE('',*,*,#5214,.F.);
#6969=ORIENTED_EDGE('',*,*,#5280,.F.);
#6970=ORIENTED_EDGE('',*,*,#5281,.T.);
#6971=ORIENTED_EDGE('',*,*,#5280,.T.);
#6972=ORIENTED_EDGE('',*,*,#5213,.T.);
#6973=ORIENTED_EDGE('',*,*,#5272,.F.);
#6974=ORIENTED_EDGE('',*,*,#5282,.T.);
#6975=ORIENTED_EDGE('',*,*,#5283,.T.);
#6976=ORIENTED_EDGE('',*,*,#5243,.F.);
#6977=ORIENTED_EDGE('',*,*,#5284,.F.);
#6978=ORIENTED_EDGE('',*,*,#5285,.T.);
#6979=ORIENTED_EDGE('',*,*,#5284,.T.);
#6980=ORIENTED_EDGE('',*,*,#5242,.T.);
#6981=ORIENTED_EDGE('',*,*,#5275,.F.);
#6982=ORIENTED_EDGE('',*,*,#5286,.T.);
#6983=ORIENTED_EDGE('',*,*,#5273,.T.);
#6984=ORIENTED_EDGE('',*,*,#5238,.T.);
#6985=ORIENTED_EDGE('',*,*,#5283,.F.);
#6986=ORIENTED_EDGE('',*,*,#5287,.T.);
#6987=ORIENTED_EDGE('',*,*,#5288,.F.);
#6988=ORIENTED_EDGE('',*,*,#5277,.F.);
#6989=ORIENTED_EDGE('',*,*,#5289,.T.);
#6990=ORIENTED_EDGE('',*,*,#5268,.T.);
#6991=ORIENTED_EDGE('',*,*,#5290,.F.);
#6992=ORIENTED_EDGE('',*,*,#5281,.F.);
#6993=ORIENTED_EDGE('',*,*,#5291,.T.);
#6994=ORIENTED_EDGE('',*,*,#5269,.T.);
#6995=ORIENTED_EDGE('',*,*,#5292,.F.);
#6996=ORIENTED_EDGE('',*,*,#5274,.F.);
#6997=ORIENTED_EDGE('',*,*,#5293,.T.);
#6998=ORIENTED_EDGE('',*,*,#5270,.T.);
#6999=ORIENTED_EDGE('',*,*,#5294,.F.);
#7000=ORIENTED_EDGE('',*,*,#5285,.F.);
#7001=ORIENTED_EDGE('',*,*,#5295,.T.);
#7002=ORIENTED_EDGE('',*,*,#5271,.T.);
#7003=ORIENTED_EDGE('',*,*,#5289,.F.);
#7004=ORIENTED_EDGE('',*,*,#5279,.F.);
#7005=ORIENTED_EDGE('',*,*,#5290,.T.);
#7006=ORIENTED_EDGE('',*,*,#5291,.F.);
#7007=ORIENTED_EDGE('',*,*,#5282,.F.);
#7008=ORIENTED_EDGE('',*,*,#5292,.T.);
#7009=ORIENTED_EDGE('',*,*,#5295,.F.);
#7010=ORIENTED_EDGE('',*,*,#5286,.F.);
#7011=ORIENTED_EDGE('',*,*,#5288,.T.);
#7012=ORIENTED_EDGE('',*,*,#5293,.F.);
#7013=ORIENTED_EDGE('',*,*,#5287,.F.);
#7014=ORIENTED_EDGE('',*,*,#5294,.T.);
#7015=ORIENTED_EDGE('',*,*,#5296,.T.);
#7016=ORIENTED_EDGE('',*,*,#5297,.F.);
#7017=ORIENTED_EDGE('',*,*,#5298,.F.);
#7018=ORIENTED_EDGE('',*,*,#5299,.T.);
#7019=ORIENTED_EDGE('',*,*,#5300,.T.);
#7020=ORIENTED_EDGE('',*,*,#5301,.F.);
#7021=ORIENTED_EDGE('',*,*,#5302,.F.);
#7022=ORIENTED_EDGE('',*,*,#5297,.T.);
#7023=ORIENTED_EDGE('',*,*,#5303,.F.);
#7024=ORIENTED_EDGE('',*,*,#5304,.F.);
#7025=ORIENTED_EDGE('',*,*,#5300,.F.);
#7026=ORIENTED_EDGE('',*,*,#5296,.F.);
#7027=ORIENTED_EDGE('',*,*,#5304,.T.);
#7028=ORIENTED_EDGE('',*,*,#5305,.F.);
#7029=ORIENTED_EDGE('',*,*,#5306,.F.);
#7030=ORIENTED_EDGE('',*,*,#5301,.T.);
#7031=ORIENTED_EDGE('',*,*,#5307,.F.);
#7032=ORIENTED_EDGE('',*,*,#5308,.F.);
#7033=ORIENTED_EDGE('',*,*,#5309,.T.);
#7034=ORIENTED_EDGE('',*,*,#5310,.T.);
#7035=ORIENTED_EDGE('',*,*,#5311,.T.);
#7036=ORIENTED_EDGE('',*,*,#5312,.T.);
#7037=ORIENTED_EDGE('',*,*,#5307,.T.);
#7038=ORIENTED_EDGE('',*,*,#5313,.T.);
#7039=ORIENTED_EDGE('',*,*,#5312,.F.);
#7040=ORIENTED_EDGE('',*,*,#5314,.F.);
#7041=ORIENTED_EDGE('',*,*,#5315,.T.);
#7042=ORIENTED_EDGE('',*,*,#5308,.T.);
#7043=ORIENTED_EDGE('',*,*,#5311,.F.);
#7044=ORIENTED_EDGE('',*,*,#5316,.F.);
#7045=ORIENTED_EDGE('',*,*,#5317,.T.);
#7046=ORIENTED_EDGE('',*,*,#5314,.T.);
#7047=ORIENTED_EDGE('',*,*,#5318,.F.);
#7048=ORIENTED_EDGE('',*,*,#5319,.T.);
#7049=ORIENTED_EDGE('',*,*,#5320,.T.);
#7050=ORIENTED_EDGE('',*,*,#5321,.F.);
#7051=ORIENTED_EDGE('',*,*,#5305,.T.);
#7052=ORIENTED_EDGE('',*,*,#5303,.T.);
#7053=ORIENTED_EDGE('',*,*,#5299,.F.);
#7054=ORIENTED_EDGE('',*,*,#5322,.T.);
#7055=ORIENTED_EDGE('',*,*,#5323,.T.);
#7056=ORIENTED_EDGE('',*,*,#5324,.T.);
#7057=ORIENTED_EDGE('',*,*,#5325,.F.);
#7058=ORIENTED_EDGE('',*,*,#5326,.F.);
#7059=ORIENTED_EDGE('',*,*,#5327,.T.);
#7060=ORIENTED_EDGE('',*,*,#5328,.T.);
#7061=ORIENTED_EDGE('',*,*,#5329,.F.);
#7062=ORIENTED_EDGE('',*,*,#5330,.F.);
#7063=ORIENTED_EDGE('',*,*,#5331,.T.);
#7064=ORIENTED_EDGE('',*,*,#5332,.T.);
#7065=ORIENTED_EDGE('',*,*,#5333,.F.);
#7066=ORIENTED_EDGE('',*,*,#5334,.F.);
#7067=ORIENTED_EDGE('',*,*,#5335,.F.);
#7068=ORIENTED_EDGE('',*,*,#5336,.F.);
#7069=ORIENTED_EDGE('',*,*,#5318,.T.);
#7070=ORIENTED_EDGE('',*,*,#5337,.F.);
#7071=ORIENTED_EDGE('',*,*,#5338,.F.);
#7072=ORIENTED_EDGE('',*,*,#5339,.F.);
#7073=ORIENTED_EDGE('',*,*,#5340,.F.);
#7074=ORIENTED_EDGE('',*,*,#5341,.T.);
#7075=ORIENTED_EDGE('',*,*,#5342,.F.);
#7076=ORIENTED_EDGE('',*,*,#5343,.F.);
#7077=ORIENTED_EDGE('',*,*,#5319,.F.);
#7078=ORIENTED_EDGE('',*,*,#5336,.T.);
#7079=ORIENTED_EDGE('',*,*,#5344,.T.);
#7080=ORIENTED_EDGE('',*,*,#5345,.F.);
#7081=ORIENTED_EDGE('',*,*,#5346,.F.);
#7082=ORIENTED_EDGE('',*,*,#5339,.T.);
#7083=ORIENTED_EDGE('',*,*,#5320,.F.);
#7084=ORIENTED_EDGE('',*,*,#5343,.T.);
#7085=ORIENTED_EDGE('',*,*,#5347,.T.);
#7086=ORIENTED_EDGE('',*,*,#5348,.F.);
#7087=ORIENTED_EDGE('',*,*,#5321,.T.);
#7088=ORIENTED_EDGE('',*,*,#5348,.T.);
#7089=ORIENTED_EDGE('',*,*,#5349,.T.);
#7090=ORIENTED_EDGE('',*,*,#5337,.T.);
#7091=ORIENTED_EDGE('',*,*,#5298,.T.);
#7092=ORIENTED_EDGE('',*,*,#5302,.T.);
#7093=ORIENTED_EDGE('',*,*,#5306,.T.);
#7094=ORIENTED_EDGE('',*,*,#5341,.F.);
#7095=ORIENTED_EDGE('',*,*,#5350,.F.);
#7096=ORIENTED_EDGE('',*,*,#5351,.T.);
#7097=ORIENTED_EDGE('',*,*,#5352,.T.);
#7098=ORIENTED_EDGE('',*,*,#5322,.F.);
#7099=ORIENTED_EDGE('',*,*,#5353,.F.);
#7100=ORIENTED_EDGE('',*,*,#5354,.T.);
#7101=ORIENTED_EDGE('',*,*,#5355,.F.);
#7102=ORIENTED_EDGE('',*,*,#5356,.T.);
#7103=ORIENTED_EDGE('',*,*,#5357,.F.);
#7104=ORIENTED_EDGE('',*,*,#5358,.F.);
#7105=ORIENTED_EDGE('',*,*,#5359,.F.);
#7106=ORIENTED_EDGE('',*,*,#5360,.T.);
#7107=ORIENTED_EDGE('',*,*,#5361,.F.);
#7108=ORIENTED_EDGE('',*,*,#5362,.T.);
#7109=ORIENTED_EDGE('',*,*,#5363,.F.);
#7110=ORIENTED_EDGE('',*,*,#5364,.T.);
#7111=ORIENTED_EDGE('',*,*,#5350,.T.);
#7112=ORIENTED_EDGE('',*,*,#5340,.T.);
#7113=ORIENTED_EDGE('',*,*,#5346,.T.);
#7114=ORIENTED_EDGE('',*,*,#5365,.T.);
#7115=ORIENTED_EDGE('',*,*,#5366,.F.);
#7116=ORIENTED_EDGE('',*,*,#5367,.F.);
#7117=ORIENTED_EDGE('',*,*,#5368,.T.);
#7118=ORIENTED_EDGE('',*,*,#5369,.F.);
#7119=ORIENTED_EDGE('',*,*,#5370,.F.);
#7120=ORIENTED_EDGE('',*,*,#5371,.F.);
#7121=ORIENTED_EDGE('',*,*,#5372,.F.);
#7122=ORIENTED_EDGE('',*,*,#5373,.F.);
#7123=ORIENTED_EDGE('',*,*,#5374,.T.);
#7124=ORIENTED_EDGE('',*,*,#5375,.T.);
#7125=ORIENTED_EDGE('',*,*,#5376,.T.);
#7126=ORIENTED_EDGE('',*,*,#5377,.T.);
#7127=ORIENTED_EDGE('',*,*,#5378,.F.);
#7128=ORIENTED_EDGE('',*,*,#5379,.F.);
#7129=ORIENTED_EDGE('',*,*,#5380,.F.);
#7130=ORIENTED_EDGE('',*,*,#5381,.F.);
#7131=ORIENTED_EDGE('',*,*,#5382,.T.);
#7132=ORIENTED_EDGE('',*,*,#5383,.T.);
#7133=ORIENTED_EDGE('',*,*,#5384,.T.);
#7134=ORIENTED_EDGE('',*,*,#5385,.T.);
#7135=ORIENTED_EDGE('',*,*,#5386,.F.);
#7136=ORIENTED_EDGE('',*,*,#5387,.F.);
#7137=ORIENTED_EDGE('',*,*,#5388,.F.);
#7138=ORIENTED_EDGE('',*,*,#5389,.F.);
#7139=ORIENTED_EDGE('',*,*,#5390,.T.);
#7140=ORIENTED_EDGE('',*,*,#5391,.T.);
#7141=ORIENTED_EDGE('',*,*,#5392,.T.);
#7142=ORIENTED_EDGE('',*,*,#5393,.T.);
#7143=ORIENTED_EDGE('',*,*,#5394,.F.);
#7144=ORIENTED_EDGE('',*,*,#5395,.F.);
#7145=ORIENTED_EDGE('',*,*,#5396,.F.);
#7146=ORIENTED_EDGE('',*,*,#5397,.F.);
#7147=ORIENTED_EDGE('',*,*,#5398,.T.);
#7148=ORIENTED_EDGE('',*,*,#5399,.T.);
#7149=ORIENTED_EDGE('',*,*,#5400,.T.);
#7150=ORIENTED_EDGE('',*,*,#5401,.T.);
#7151=ORIENTED_EDGE('',*,*,#5347,.F.);
#7152=ORIENTED_EDGE('',*,*,#5342,.T.);
#7153=ORIENTED_EDGE('',*,*,#5338,.T.);
#7154=ORIENTED_EDGE('',*,*,#5349,.F.);
#7155=ORIENTED_EDGE('',*,*,#5402,.F.);
#7156=ORIENTED_EDGE('',*,*,#5344,.F.);
#7157=ORIENTED_EDGE('',*,*,#5335,.T.);
#7158=ORIENTED_EDGE('',*,*,#5403,.T.);
#7159=ORIENTED_EDGE('',*,*,#5404,.T.);
#7160=ORIENTED_EDGE('',*,*,#5405,.T.);
#7161=ORIENTED_EDGE('',*,*,#5406,.F.);
#7162=ORIENTED_EDGE('',*,*,#5407,.T.);
#7163=ORIENTED_EDGE('',*,*,#5408,.T.);
#7164=ORIENTED_EDGE('',*,*,#5409,.T.);
#7165=ORIENTED_EDGE('',*,*,#5410,.F.);
#7166=ORIENTED_EDGE('',*,*,#5411,.T.);
#7167=ORIENTED_EDGE('',*,*,#5412,.T.);
#7168=ORIENTED_EDGE('',*,*,#5413,.T.);
#7169=ORIENTED_EDGE('',*,*,#5414,.F.);
#7170=ORIENTED_EDGE('',*,*,#5415,.T.);
#7171=ORIENTED_EDGE('',*,*,#5416,.F.);
#7172=ORIENTED_EDGE('',*,*,#5417,.T.);
#7173=ORIENTED_EDGE('',*,*,#5418,.F.);
#7174=ORIENTED_EDGE('',*,*,#5419,.F.);
#7175=ORIENTED_EDGE('',*,*,#5411,.F.);
#7176=ORIENTED_EDGE('',*,*,#5420,.T.);
#7177=ORIENTED_EDGE('',*,*,#5421,.T.);
#7178=ORIENTED_EDGE('',*,*,#5422,.T.);
#7179=ORIENTED_EDGE('',*,*,#5407,.F.);
#7180=ORIENTED_EDGE('',*,*,#5423,.F.);
#7181=ORIENTED_EDGE('',*,*,#5424,.F.);
#7182=ORIENTED_EDGE('',*,*,#5425,.F.);
#7183=ORIENTED_EDGE('',*,*,#5403,.F.);
#7184=ORIENTED_EDGE('',*,*,#5334,.T.);
#7185=ORIENTED_EDGE('',*,*,#5426,.T.);
#7186=ORIENTED_EDGE('',*,*,#5427,.T.);
#7187=ORIENTED_EDGE('',*,*,#5428,.F.);
#7188=ORIENTED_EDGE('',*,*,#5429,.T.);
#7189=ORIENTED_EDGE('',*,*,#5430,.T.);
#7190=ORIENTED_EDGE('',*,*,#5431,.F.);
#7191=ORIENTED_EDGE('',*,*,#5432,.T.);
#7192=ORIENTED_EDGE('',*,*,#5433,.T.);
#7193=ORIENTED_EDGE('',*,*,#5434,.T.);
#7194=ORIENTED_EDGE('',*,*,#5435,.T.);
#7195=ORIENTED_EDGE('',*,*,#5436,.F.);
#7196=ORIENTED_EDGE('',*,*,#5437,.F.);
#7197=ORIENTED_EDGE('',*,*,#5438,.F.);
#7198=ORIENTED_EDGE('',*,*,#5439,.F.);
#7199=ORIENTED_EDGE('',*,*,#5440,.T.);
#7200=ORIENTED_EDGE('',*,*,#5441,.F.);
#7201=ORIENTED_EDGE('',*,*,#5426,.F.);
#7202=ORIENTED_EDGE('',*,*,#5333,.T.);
#7203=ORIENTED_EDGE('',*,*,#5442,.F.);
#7204=ORIENTED_EDGE('',*,*,#5440,.F.);
#7205=ORIENTED_EDGE('',*,*,#5332,.F.);
#7206=ORIENTED_EDGE('',*,*,#5443,.F.);
#7207=ORIENTED_EDGE('',*,*,#5444,.F.);
#7208=ORIENTED_EDGE('',*,*,#5445,.T.);
#7209=ORIENTED_EDGE('',*,*,#5446,.T.);
#7210=ORIENTED_EDGE('',*,*,#5331,.F.);
#7211=ORIENTED_EDGE('',*,*,#5447,.F.);
#7212=ORIENTED_EDGE('',*,*,#5448,.F.);
#7213=ORIENTED_EDGE('',*,*,#5443,.T.);
#7214=ORIENTED_EDGE('',*,*,#5449,.T.);
#7215=ORIENTED_EDGE('',*,*,#5447,.T.);
#7216=ORIENTED_EDGE('',*,*,#5330,.T.);
#7217=ORIENTED_EDGE('',*,*,#5450,.F.);
#7218=ORIENTED_EDGE('',*,*,#5451,.F.);
#7219=ORIENTED_EDGE('',*,*,#5452,.T.);
#7220=ORIENTED_EDGE('',*,*,#5328,.F.);
#7221=ORIENTED_EDGE('',*,*,#5453,.F.);
#7222=ORIENTED_EDGE('',*,*,#5454,.T.);
#7223=ORIENTED_EDGE('',*,*,#5453,.T.);
#7224=ORIENTED_EDGE('',*,*,#5327,.F.);
#7225=ORIENTED_EDGE('',*,*,#5455,.F.);
#7226=ORIENTED_EDGE('',*,*,#5456,.T.);
#7227=ORIENTED_EDGE('',*,*,#5457,.T.);
#7228=ORIENTED_EDGE('',*,*,#5455,.T.);
#7229=ORIENTED_EDGE('',*,*,#5326,.T.);
#7230=ORIENTED_EDGE('',*,*,#5458,.T.);
#7231=ORIENTED_EDGE('',*,*,#5459,.T.);
#7232=ORIENTED_EDGE('',*,*,#5460,.F.);
#7233=ORIENTED_EDGE('',*,*,#5461,.T.);
#7234=ORIENTED_EDGE('',*,*,#5462,.F.);
#7235=ORIENTED_EDGE('',*,*,#5458,.F.);
#7236=ORIENTED_EDGE('',*,*,#5325,.T.);
#7237=ORIENTED_EDGE('',*,*,#5463,.T.);
#7238=ORIENTED_EDGE('',*,*,#5464,.F.);
#7239=ORIENTED_EDGE('',*,*,#5465,.F.);
#7240=ORIENTED_EDGE('',*,*,#5466,.T.);
#7241=ORIENTED_EDGE('',*,*,#5467,.F.);
#7242=ORIENTED_EDGE('',*,*,#5461,.F.);
#7243=ORIENTED_EDGE('',*,*,#5324,.F.);
#7244=ORIENTED_EDGE('',*,*,#5468,.T.);
#7245=ORIENTED_EDGE('',*,*,#5469,.T.);
#7246=ORIENTED_EDGE('',*,*,#5470,.T.);
#7247=ORIENTED_EDGE('',*,*,#5471,.F.);
#7248=ORIENTED_EDGE('',*,*,#5472,.T.);
#7249=ORIENTED_EDGE('',*,*,#5473,.T.);
#7250=ORIENTED_EDGE('',*,*,#5474,.T.);
#7251=ORIENTED_EDGE('',*,*,#5475,.F.);
#7252=ORIENTED_EDGE('',*,*,#5476,.T.);
#7253=ORIENTED_EDGE('',*,*,#5477,.T.);
#7254=ORIENTED_EDGE('',*,*,#5478,.T.);
#7255=ORIENTED_EDGE('',*,*,#5479,.T.);
#7256=ORIENTED_EDGE('',*,*,#5480,.T.);
#7257=ORIENTED_EDGE('',*,*,#5481,.T.);
#7258=ORIENTED_EDGE('',*,*,#5482,.T.);
#7259=ORIENTED_EDGE('',*,*,#5483,.T.);
#7260=ORIENTED_EDGE('',*,*,#5484,.F.);
#7261=ORIENTED_EDGE('',*,*,#5485,.T.);
#7262=ORIENTED_EDGE('',*,*,#5486,.F.);
#7263=ORIENTED_EDGE('',*,*,#5487,.F.);
#7264=ORIENTED_EDGE('',*,*,#5488,.T.);
#7265=ORIENTED_EDGE('',*,*,#5489,.F.);
#7266=ORIENTED_EDGE('',*,*,#5476,.F.);
#7267=ORIENTED_EDGE('',*,*,#5490,.F.);
#7268=ORIENTED_EDGE('',*,*,#5491,.F.);
#7269=ORIENTED_EDGE('',*,*,#5492,.T.);
#7270=ORIENTED_EDGE('',*,*,#5472,.F.);
#7271=ORIENTED_EDGE('',*,*,#5493,.F.);
#7272=ORIENTED_EDGE('',*,*,#5494,.F.);
#7273=ORIENTED_EDGE('',*,*,#5495,.T.);
#7274=ORIENTED_EDGE('',*,*,#5468,.F.);
#7275=ORIENTED_EDGE('',*,*,#5323,.F.);
#7276=ORIENTED_EDGE('',*,*,#5352,.F.);
#7277=ORIENTED_EDGE('',*,*,#5496,.F.);
#7278=ORIENTED_EDGE('',*,*,#5497,.T.);
#7279=ORIENTED_EDGE('',*,*,#5498,.F.);
#7280=ORIENTED_EDGE('',*,*,#5499,.T.);
#7281=ORIENTED_EDGE('',*,*,#5500,.F.);
#7282=ORIENTED_EDGE('',*,*,#5365,.F.);
#7283=ORIENTED_EDGE('',*,*,#5345,.T.);
#7284=ORIENTED_EDGE('',*,*,#5402,.T.);
#7285=ORIENTED_EDGE('',*,*,#5501,.T.);
#7286=ORIENTED_EDGE('',*,*,#5496,.T.);
#7287=ORIENTED_EDGE('',*,*,#5351,.F.);
#7288=ORIENTED_EDGE('',*,*,#5364,.F.);
#7289=ORIENTED_EDGE('',*,*,#5497,.F.);
#7290=ORIENTED_EDGE('',*,*,#5501,.F.);
#7291=ORIENTED_EDGE('',*,*,#5363,.T.);
#7292=ORIENTED_EDGE('',*,*,#5502,.T.);
#7293=ORIENTED_EDGE('',*,*,#5503,.T.);
#7294=ORIENTED_EDGE('',*,*,#5498,.T.);
#7295=ORIENTED_EDGE('',*,*,#5502,.F.);
#7296=ORIENTED_EDGE('',*,*,#5362,.F.);
#7297=ORIENTED_EDGE('',*,*,#5499,.F.);
#7298=ORIENTED_EDGE('',*,*,#5503,.F.);
#7299=ORIENTED_EDGE('',*,*,#5361,.T.);
#7300=ORIENTED_EDGE('',*,*,#5504,.T.);
#7301=ORIENTED_EDGE('',*,*,#5504,.F.);
#7302=ORIENTED_EDGE('',*,*,#5360,.F.);
#7303=ORIENTED_EDGE('',*,*,#5505,.T.);
#7304=ORIENTED_EDGE('',*,*,#5487,.T.);
#7305=ORIENTED_EDGE('',*,*,#5309,.F.);
#7306=ORIENTED_EDGE('',*,*,#5315,.F.);
#7307=ORIENTED_EDGE('',*,*,#5317,.F.);
#7308=ORIENTED_EDGE('',*,*,#5506,.T.);
#7309=ORIENTED_EDGE('',*,*,#5488,.F.);
#7310=ORIENTED_EDGE('',*,*,#5505,.F.);
#7311=ORIENTED_EDGE('',*,*,#5359,.T.);
#7312=ORIENTED_EDGE('',*,*,#5507,.T.);
#7313=ORIENTED_EDGE('',*,*,#5507,.F.);
#7314=ORIENTED_EDGE('',*,*,#5358,.T.);
#7315=ORIENTED_EDGE('',*,*,#5508,.T.);
#7316=ORIENTED_EDGE('',*,*,#5509,.T.);
#7317=ORIENTED_EDGE('',*,*,#5510,.T.);
#7318=ORIENTED_EDGE('',*,*,#5511,.F.);
#7319=ORIENTED_EDGE('',*,*,#5512,.T.);
#7320=ORIENTED_EDGE('',*,*,#5412,.F.);
#7321=ORIENTED_EDGE('',*,*,#5419,.T.);
#7322=ORIENTED_EDGE('',*,*,#5513,.T.);
#7323=ORIENTED_EDGE('',*,*,#5514,.F.);
#7324=ORIENTED_EDGE('',*,*,#5515,.F.);
#7325=ORIENTED_EDGE('',*,*,#5516,.T.);
#7326=ORIENTED_EDGE('',*,*,#5517,.T.);
#7327=ORIENTED_EDGE('',*,*,#5518,.F.);
#7328=ORIENTED_EDGE('',*,*,#5519,.F.);
#7329=ORIENTED_EDGE('',*,*,#5520,.T.);
#7330=ORIENTED_EDGE('',*,*,#5521,.T.);
#7331=ORIENTED_EDGE('',*,*,#5477,.F.);
#7332=ORIENTED_EDGE('',*,*,#5489,.T.);
#7333=ORIENTED_EDGE('',*,*,#5506,.F.);
#7334=ORIENTED_EDGE('',*,*,#5316,.T.);
#7335=ORIENTED_EDGE('',*,*,#5313,.F.);
#7336=ORIENTED_EDGE('',*,*,#5310,.F.);
#7337=ORIENTED_EDGE('',*,*,#5522,.T.);
#7338=ORIENTED_EDGE('',*,*,#5523,.T.);
#7339=ORIENTED_EDGE('',*,*,#5524,.T.);
#7340=ORIENTED_EDGE('',*,*,#5508,.F.);
#7341=ORIENTED_EDGE('',*,*,#5357,.T.);
#7342=ORIENTED_EDGE('',*,*,#5525,.T.);
#7343=ORIENTED_EDGE('',*,*,#5413,.F.);
#7344=ORIENTED_EDGE('',*,*,#5512,.F.);
#7345=ORIENTED_EDGE('',*,*,#5526,.T.);
#7346=ORIENTED_EDGE('',*,*,#5414,.T.);
#7347=ORIENTED_EDGE('',*,*,#5525,.F.);
#7348=ORIENTED_EDGE('',*,*,#5356,.F.);
#7349=ORIENTED_EDGE('',*,*,#5415,.F.);
#7350=ORIENTED_EDGE('',*,*,#5526,.F.);
#7351=ORIENTED_EDGE('',*,*,#5355,.T.);
#7352=ORIENTED_EDGE('',*,*,#5527,.T.);
#7353=ORIENTED_EDGE('',*,*,#5528,.T.);
#7354=ORIENTED_EDGE('',*,*,#5416,.T.);
#7355=ORIENTED_EDGE('',*,*,#5527,.F.);
#7356=ORIENTED_EDGE('',*,*,#5354,.F.);
#7357=ORIENTED_EDGE('',*,*,#5417,.F.);
#7358=ORIENTED_EDGE('',*,*,#5528,.F.);
#7359=ORIENTED_EDGE('',*,*,#5353,.T.);
#7360=ORIENTED_EDGE('',*,*,#5500,.T.);
#7361=ORIENTED_EDGE('',*,*,#5529,.F.);
#7362=ORIENTED_EDGE('',*,*,#5369,.T.);
#7363=ORIENTED_EDGE('',*,*,#5530,.F.);
#7364=ORIENTED_EDGE('',*,*,#5531,.F.);
#7365=ORIENTED_EDGE('',*,*,#5377,.F.);
#7366=ORIENTED_EDGE('',*,*,#5532,.F.);
#7367=ORIENTED_EDGE('',*,*,#5533,.F.);
#7368=ORIENTED_EDGE('',*,*,#5534,.T.);
#7369=ORIENTED_EDGE('',*,*,#5535,.F.);
#7370=ORIENTED_EDGE('',*,*,#5536,.F.);
#7371=ORIENTED_EDGE('',*,*,#5532,.T.);
#7372=ORIENTED_EDGE('',*,*,#5376,.F.);
#7373=ORIENTED_EDGE('',*,*,#5537,.F.);
#7374=ORIENTED_EDGE('',*,*,#5538,.F.);
#7375=ORIENTED_EDGE('',*,*,#5539,.T.);
#7376=ORIENTED_EDGE('',*,*,#5540,.F.);
#7377=ORIENTED_EDGE('',*,*,#5537,.T.);
#7378=ORIENTED_EDGE('',*,*,#5375,.F.);
#7379=ORIENTED_EDGE('',*,*,#5541,.T.);
#7380=ORIENTED_EDGE('',*,*,#5542,.T.);
#7381=ORIENTED_EDGE('',*,*,#5543,.F.);
#7382=ORIENTED_EDGE('',*,*,#5544,.T.);
#7383=ORIENTED_EDGE('',*,*,#5491,.T.);
#7384=ORIENTED_EDGE('',*,*,#5545,.F.);
#7385=ORIENTED_EDGE('',*,*,#5546,.F.);
#7386=ORIENTED_EDGE('',*,*,#5541,.F.);
#7387=ORIENTED_EDGE('',*,*,#5374,.F.);
#7388=ORIENTED_EDGE('',*,*,#5547,.F.);
#7389=ORIENTED_EDGE('',*,*,#5534,.F.);
#7390=ORIENTED_EDGE('',*,*,#5548,.F.);
#7391=ORIENTED_EDGE('',*,*,#5549,.F.);
#7392=ORIENTED_EDGE('',*,*,#5550,.F.);
#7393=ORIENTED_EDGE('',*,*,#5551,.T.);
#7394=ORIENTED_EDGE('',*,*,#5494,.T.);
#7395=ORIENTED_EDGE('',*,*,#5552,.F.);
#7396=ORIENTED_EDGE('',*,*,#5547,.T.);
#7397=ORIENTED_EDGE('',*,*,#5373,.T.);
#7398=ORIENTED_EDGE('',*,*,#5553,.T.);
#7399=ORIENTED_EDGE('',*,*,#5554,.F.);
#7400=ORIENTED_EDGE('',*,*,#5553,.F.);
#7401=ORIENTED_EDGE('',*,*,#5372,.T.);
#7402=ORIENTED_EDGE('',*,*,#5555,.T.);
#7403=ORIENTED_EDGE('',*,*,#5556,.F.);
#7404=ORIENTED_EDGE('',*,*,#5555,.F.);
#7405=ORIENTED_EDGE('',*,*,#5371,.T.);
#7406=ORIENTED_EDGE('',*,*,#5557,.T.);
#7407=ORIENTED_EDGE('',*,*,#5558,.F.);
#7408=ORIENTED_EDGE('',*,*,#5557,.F.);
#7409=ORIENTED_EDGE('',*,*,#5370,.T.);
#7410=ORIENTED_EDGE('',*,*,#5536,.T.);
#7411=ORIENTED_EDGE('',*,*,#5559,.F.);
#7412=ORIENTED_EDGE('',*,*,#5560,.F.);
#7413=ORIENTED_EDGE('',*,*,#5561,.F.);
#7414=ORIENTED_EDGE('',*,*,#5381,.T.);
#7415=ORIENTED_EDGE('',*,*,#5562,.F.);
#7416=ORIENTED_EDGE('',*,*,#5563,.F.);
#7417=ORIENTED_EDGE('',*,*,#5564,.T.);
#7418=ORIENTED_EDGE('',*,*,#5562,.T.);
#7419=ORIENTED_EDGE('',*,*,#5380,.T.);
#7420=ORIENTED_EDGE('',*,*,#5565,.F.);
#7421=ORIENTED_EDGE('',*,*,#5566,.F.);
#7422=ORIENTED_EDGE('',*,*,#5565,.T.);
#7423=ORIENTED_EDGE('',*,*,#5379,.T.);
#7424=ORIENTED_EDGE('',*,*,#5567,.F.);
#7425=ORIENTED_EDGE('',*,*,#5568,.F.);
#7426=ORIENTED_EDGE('',*,*,#5569,.F.);
#7427=ORIENTED_EDGE('',*,*,#5570,.F.);
#7428=ORIENTED_EDGE('',*,*,#5567,.T.);
#7429=ORIENTED_EDGE('',*,*,#5378,.T.);
#7430=ORIENTED_EDGE('',*,*,#5561,.T.);
#7431=ORIENTED_EDGE('',*,*,#5571,.T.);
#7432=ORIENTED_EDGE('',*,*,#5572,.T.);
#7433=ORIENTED_EDGE('',*,*,#5573,.F.);
#7434=ORIENTED_EDGE('',*,*,#5574,.F.);
#7435=ORIENTED_EDGE('',*,*,#5575,.F.);
#7436=ORIENTED_EDGE('',*,*,#5389,.T.);
#7437=ORIENTED_EDGE('',*,*,#5576,.F.);
#7438=ORIENTED_EDGE('',*,*,#5577,.F.);
#7439=ORIENTED_EDGE('',*,*,#5576,.T.);
#7440=ORIENTED_EDGE('',*,*,#5388,.T.);
#7441=ORIENTED_EDGE('',*,*,#5578,.F.);
#7442=ORIENTED_EDGE('',*,*,#5579,.F.);
#7443=ORIENTED_EDGE('',*,*,#5578,.T.);
#7444=ORIENTED_EDGE('',*,*,#5387,.T.);
#7445=ORIENTED_EDGE('',*,*,#5580,.F.);
#7446=ORIENTED_EDGE('',*,*,#5581,.T.);
#7447=ORIENTED_EDGE('',*,*,#5582,.F.);
#7448=ORIENTED_EDGE('',*,*,#5583,.T.);
#7449=ORIENTED_EDGE('',*,*,#5574,.T.);
#7450=ORIENTED_EDGE('',*,*,#5584,.T.);
#7451=ORIENTED_EDGE('',*,*,#5580,.T.);
#7452=ORIENTED_EDGE('',*,*,#5386,.T.);
#7453=ORIENTED_EDGE('',*,*,#5585,.T.);
#7454=ORIENTED_EDGE('',*,*,#5586,.T.);
#7455=ORIENTED_EDGE('',*,*,#5585,.F.);
#7456=ORIENTED_EDGE('',*,*,#5385,.F.);
#7457=ORIENTED_EDGE('',*,*,#5587,.T.);
#7458=ORIENTED_EDGE('',*,*,#5588,.T.);
#7459=ORIENTED_EDGE('',*,*,#5587,.F.);
#7460=ORIENTED_EDGE('',*,*,#5384,.F.);
#7461=ORIENTED_EDGE('',*,*,#5589,.T.);
#7462=ORIENTED_EDGE('',*,*,#5590,.T.);
#7463=ORIENTED_EDGE('',*,*,#5589,.F.);
#7464=ORIENTED_EDGE('',*,*,#5383,.F.);
#7465=ORIENTED_EDGE('',*,*,#5591,.T.);
#7466=ORIENTED_EDGE('',*,*,#5592,.T.);
#7467=ORIENTED_EDGE('',*,*,#5575,.T.);
#7468=ORIENTED_EDGE('',*,*,#5593,.T.);
#7469=ORIENTED_EDGE('',*,*,#5591,.F.);
#7470=ORIENTED_EDGE('',*,*,#5382,.F.);
#7471=ORIENTED_EDGE('',*,*,#5594,.T.);
#7472=ORIENTED_EDGE('',*,*,#5393,.F.);
#7473=ORIENTED_EDGE('',*,*,#5595,.F.);
#7474=ORIENTED_EDGE('',*,*,#5596,.F.);
#7475=ORIENTED_EDGE('',*,*,#5595,.T.);
#7476=ORIENTED_EDGE('',*,*,#5392,.F.);
#7477=ORIENTED_EDGE('',*,*,#5597,.F.);
#7478=ORIENTED_EDGE('',*,*,#5598,.T.);
#7479=ORIENTED_EDGE('',*,*,#5599,.T.);
#7480=ORIENTED_EDGE('',*,*,#5600,.T.);
#7481=ORIENTED_EDGE('',*,*,#5597,.T.);
#7482=ORIENTED_EDGE('',*,*,#5391,.F.);
#7483=ORIENTED_EDGE('',*,*,#5601,.T.);
#7484=ORIENTED_EDGE('',*,*,#5602,.T.);
#7485=ORIENTED_EDGE('',*,*,#5603,.T.);
#7486=ORIENTED_EDGE('',*,*,#5405,.F.);
#7487=ORIENTED_EDGE('',*,*,#5604,.F.);
#7488=ORIENTED_EDGE('',*,*,#5605,.F.);
#7489=ORIENTED_EDGE('',*,*,#5601,.F.);
#7490=ORIENTED_EDGE('',*,*,#5390,.F.);
#7491=ORIENTED_EDGE('',*,*,#5594,.F.);
#7492=ORIENTED_EDGE('',*,*,#5606,.F.);
#7493=ORIENTED_EDGE('',*,*,#5607,.F.);
#7494=ORIENTED_EDGE('',*,*,#5608,.F.);
#7495=ORIENTED_EDGE('',*,*,#5609,.T.);
#7496=ORIENTED_EDGE('',*,*,#5409,.F.);
#7497=ORIENTED_EDGE('',*,*,#5610,.F.);
#7498=ORIENTED_EDGE('',*,*,#5611,.F.);
#7499=ORIENTED_EDGE('',*,*,#5612,.F.);
#7500=ORIENTED_EDGE('',*,*,#5613,.F.);
#7501=ORIENTED_EDGE('',*,*,#5397,.T.);
#7502=ORIENTED_EDGE('',*,*,#5614,.T.);
#7503=ORIENTED_EDGE('',*,*,#5614,.F.);
#7504=ORIENTED_EDGE('',*,*,#5396,.T.);
#7505=ORIENTED_EDGE('',*,*,#5615,.F.);
#7506=ORIENTED_EDGE('',*,*,#5616,.F.);
#7507=ORIENTED_EDGE('',*,*,#5617,.F.);
#7508=ORIENTED_EDGE('',*,*,#5615,.T.);
#7509=ORIENTED_EDGE('',*,*,#5395,.T.);
#7510=ORIENTED_EDGE('',*,*,#5618,.F.);
#7511=ORIENTED_EDGE('',*,*,#5619,.F.);
#7512=ORIENTED_EDGE('',*,*,#5620,.F.);
#7513=ORIENTED_EDGE('',*,*,#5621,.T.);
#7514=ORIENTED_EDGE('',*,*,#5622,.F.);
#7515=ORIENTED_EDGE('',*,*,#5623,.F.);
#7516=ORIENTED_EDGE('',*,*,#5618,.T.);
#7517=ORIENTED_EDGE('',*,*,#5394,.T.);
#7518=ORIENTED_EDGE('',*,*,#5613,.T.);
#7519=ORIENTED_EDGE('',*,*,#5624,.F.);
#7520=ORIENTED_EDGE('',*,*,#5625,.T.);
#7521=ORIENTED_EDGE('',*,*,#5626,.T.);
#7522=ORIENTED_EDGE('',*,*,#5401,.F.);
#7523=ORIENTED_EDGE('',*,*,#5627,.T.);
#7524=ORIENTED_EDGE('',*,*,#5628,.T.);
#7525=ORIENTED_EDGE('',*,*,#5629,.T.);
#7526=ORIENTED_EDGE('',*,*,#5627,.F.);
#7527=ORIENTED_EDGE('',*,*,#5400,.F.);
#7528=ORIENTED_EDGE('',*,*,#5630,.T.);
#7529=ORIENTED_EDGE('',*,*,#5631,.T.);
#7530=ORIENTED_EDGE('',*,*,#5630,.F.);
#7531=ORIENTED_EDGE('',*,*,#5399,.F.);
#7532=ORIENTED_EDGE('',*,*,#5632,.F.);
#7533=ORIENTED_EDGE('',*,*,#5633,.F.);
#7534=ORIENTED_EDGE('',*,*,#5634,.F.);
#7535=ORIENTED_EDGE('',*,*,#5632,.T.);
#7536=ORIENTED_EDGE('',*,*,#5398,.F.);
#7537=ORIENTED_EDGE('',*,*,#5626,.F.);
#7538=ORIENTED_EDGE('',*,*,#5635,.T.);
#7539=ORIENTED_EDGE('',*,*,#5636,.T.);
#7540=ORIENTED_EDGE('',*,*,#5637,.F.);
#7541=ORIENTED_EDGE('',*,*,#5638,.T.);
#7542=ORIENTED_EDGE('',*,*,#5639,.T.);
#7543=ORIENTED_EDGE('',*,*,#5404,.F.);
#7544=ORIENTED_EDGE('',*,*,#5425,.T.);
#7545=ORIENTED_EDGE('',*,*,#5640,.T.);
#7546=ORIENTED_EDGE('',*,*,#5604,.T.);
#7547=ORIENTED_EDGE('',*,*,#5641,.F.);
#7548=ORIENTED_EDGE('',*,*,#5423,.T.);
#7549=ORIENTED_EDGE('',*,*,#5406,.T.);
#7550=ORIENTED_EDGE('',*,*,#5603,.F.);
#7551=ORIENTED_EDGE('',*,*,#5610,.T.);
#7552=ORIENTED_EDGE('',*,*,#5408,.F.);
#7553=ORIENTED_EDGE('',*,*,#5422,.F.);
#7554=ORIENTED_EDGE('',*,*,#5642,.T.);
#7555=ORIENTED_EDGE('',*,*,#5609,.F.);
#7556=ORIENTED_EDGE('',*,*,#5643,.F.);
#7557=ORIENTED_EDGE('',*,*,#5420,.F.);
#7558=ORIENTED_EDGE('',*,*,#5410,.T.);
#7559=ORIENTED_EDGE('',*,*,#5431,.T.);
#7560=ORIENTED_EDGE('',*,*,#5644,.T.);
#7561=ORIENTED_EDGE('',*,*,#5645,.F.);
#7562=ORIENTED_EDGE('',*,*,#5646,.F.);
#7563=ORIENTED_EDGE('',*,*,#5647,.F.);
#7564=ORIENTED_EDGE('',*,*,#5648,.F.);
#7565=ORIENTED_EDGE('',*,*,#5649,.F.);
#7566=ORIENTED_EDGE('',*,*,#5650,.F.);
#7567=ORIENTED_EDGE('',*,*,#5651,.F.);
#7568=ORIENTED_EDGE('',*,*,#5652,.F.);
#7569=ORIENTED_EDGE('',*,*,#5644,.F.);
#7570=ORIENTED_EDGE('',*,*,#5430,.F.);
#7571=ORIENTED_EDGE('',*,*,#5653,.T.);
#7572=ORIENTED_EDGE('',*,*,#5654,.F.);
#7573=ORIENTED_EDGE('',*,*,#5655,.T.);
#7574=ORIENTED_EDGE('',*,*,#5653,.F.);
#7575=ORIENTED_EDGE('',*,*,#5429,.F.);
#7576=ORIENTED_EDGE('',*,*,#5656,.T.);
#7577=ORIENTED_EDGE('',*,*,#5657,.T.);
#7578=ORIENTED_EDGE('',*,*,#5656,.F.);
#7579=ORIENTED_EDGE('',*,*,#5428,.T.);
#7580=ORIENTED_EDGE('',*,*,#5658,.T.);
#7581=ORIENTED_EDGE('',*,*,#5659,.F.);
#7582=ORIENTED_EDGE('',*,*,#5658,.F.);
#7583=ORIENTED_EDGE('',*,*,#5427,.F.);
#7584=ORIENTED_EDGE('',*,*,#5441,.T.);
#7585=ORIENTED_EDGE('',*,*,#5442,.T.);
#7586=ORIENTED_EDGE('',*,*,#5660,.F.);
#7587=ORIENTED_EDGE('',*,*,#5661,.F.);
#7588=ORIENTED_EDGE('',*,*,#5662,.T.);
#7589=ORIENTED_EDGE('',*,*,#5663,.F.);
#7590=ORIENTED_EDGE('',*,*,#5664,.T.);
#7591=ORIENTED_EDGE('',*,*,#5665,.F.);
#7592=ORIENTED_EDGE('',*,*,#5598,.F.);
#7593=ORIENTED_EDGE('',*,*,#5602,.F.);
#7594=ORIENTED_EDGE('',*,*,#5605,.T.);
#7595=ORIENTED_EDGE('',*,*,#5640,.F.);
#7596=ORIENTED_EDGE('',*,*,#5424,.T.);
#7597=ORIENTED_EDGE('',*,*,#5641,.T.);
#7598=ORIENTED_EDGE('',*,*,#5611,.T.);
#7599=ORIENTED_EDGE('',*,*,#5642,.F.);
#7600=ORIENTED_EDGE('',*,*,#5421,.F.);
#7601=ORIENTED_EDGE('',*,*,#5643,.T.);
#7602=ORIENTED_EDGE('',*,*,#5608,.T.);
#7603=ORIENTED_EDGE('',*,*,#5666,.T.);
#7604=ORIENTED_EDGE('',*,*,#5667,.F.);
#7605=ORIENTED_EDGE('',*,*,#5513,.F.);
#7606=ORIENTED_EDGE('',*,*,#5418,.T.);
#7607=ORIENTED_EDGE('',*,*,#5652,.T.);
#7608=ORIENTED_EDGE('',*,*,#5668,.F.);
#7609=ORIENTED_EDGE('',*,*,#5669,.F.);
#7610=ORIENTED_EDGE('',*,*,#5581,.F.);
#7611=ORIENTED_EDGE('',*,*,#5584,.F.);
#7612=ORIENTED_EDGE('',*,*,#5573,.T.);
#7613=ORIENTED_EDGE('',*,*,#5670,.F.);
#7614=ORIENTED_EDGE('',*,*,#5437,.T.);
#7615=ORIENTED_EDGE('',*,*,#5671,.T.);
#7616=ORIENTED_EDGE('',*,*,#5672,.T.);
#7617=ORIENTED_EDGE('',*,*,#5673,.F.);
#7618=ORIENTED_EDGE('',*,*,#5435,.F.);
#7619=ORIENTED_EDGE('',*,*,#5674,.T.);
#7620=ORIENTED_EDGE('',*,*,#5675,.T.);
#7621=ORIENTED_EDGE('',*,*,#5676,.T.);
#7622=ORIENTED_EDGE('',*,*,#5677,.F.);
#7623=ORIENTED_EDGE('',*,*,#5674,.F.);
#7624=ORIENTED_EDGE('',*,*,#5434,.F.);
#7625=ORIENTED_EDGE('',*,*,#5678,.T.);
#7626=ORIENTED_EDGE('',*,*,#5679,.F.);
#7627=ORIENTED_EDGE('',*,*,#5680,.F.);
#7628=ORIENTED_EDGE('',*,*,#5681,.F.);
#7629=ORIENTED_EDGE('',*,*,#5682,.F.);
#7630=ORIENTED_EDGE('',*,*,#5683,.T.);
#7631=ORIENTED_EDGE('',*,*,#5678,.F.);
#7632=ORIENTED_EDGE('',*,*,#5433,.F.);
#7633=ORIENTED_EDGE('',*,*,#5684,.T.);
#7634=ORIENTED_EDGE('',*,*,#5685,.T.);
#7635=ORIENTED_EDGE('',*,*,#5686,.F.);
#7636=ORIENTED_EDGE('',*,*,#5439,.T.);
#7637=ORIENTED_EDGE('',*,*,#5687,.T.);
#7638=ORIENTED_EDGE('',*,*,#5577,.T.);
#7639=ORIENTED_EDGE('',*,*,#5579,.T.);
#7640=ORIENTED_EDGE('',*,*,#5583,.F.);
#7641=ORIENTED_EDGE('',*,*,#5684,.F.);
#7642=ORIENTED_EDGE('',*,*,#5432,.F.);
#7643=ORIENTED_EDGE('',*,*,#5673,.T.);
#7644=ORIENTED_EDGE('',*,*,#5688,.F.);
#7645=ORIENTED_EDGE('',*,*,#5572,.F.);
#7646=ORIENTED_EDGE('',*,*,#5687,.F.);
#7647=ORIENTED_EDGE('',*,*,#5438,.T.);
#7648=ORIENTED_EDGE('',*,*,#5670,.T.);
#7649=ORIENTED_EDGE('',*,*,#5689,.T.);
#7650=ORIENTED_EDGE('',*,*,#5671,.F.);
#7651=ORIENTED_EDGE('',*,*,#5436,.T.);
#7652=ORIENTED_EDGE('',*,*,#5686,.T.);
#7653=ORIENTED_EDGE('',*,*,#5690,.T.);
#7654=ORIENTED_EDGE('',*,*,#5444,.T.);
#7655=ORIENTED_EDGE('',*,*,#5448,.T.);
#7656=ORIENTED_EDGE('',*,*,#5449,.F.);
#7657=ORIENTED_EDGE('',*,*,#5660,.T.);
#7658=ORIENTED_EDGE('',*,*,#5446,.F.);
#7659=ORIENTED_EDGE('',*,*,#5691,.T.);
#7660=ORIENTED_EDGE('',*,*,#5692,.T.);
#7661=ORIENTED_EDGE('',*,*,#5693,.F.);
#7662=ORIENTED_EDGE('',*,*,#5694,.T.);
#7663=ORIENTED_EDGE('',*,*,#5695,.F.);
#7664=ORIENTED_EDGE('',*,*,#5663,.T.);
#7665=ORIENTED_EDGE('',*,*,#5664,.F.);
#7666=ORIENTED_EDGE('',*,*,#5695,.T.);
#7667=ORIENTED_EDGE('',*,*,#5696,.F.);
#7668=ORIENTED_EDGE('',*,*,#5697,.F.);
#7669=ORIENTED_EDGE('',*,*,#5698,.T.);
#7670=ORIENTED_EDGE('',*,*,#5638,.F.);
#7671=ORIENTED_EDGE('',*,*,#5699,.F.);
#7672=ORIENTED_EDGE('',*,*,#5700,.F.);
#7673=ORIENTED_EDGE('',*,*,#5599,.F.);
#7674=ORIENTED_EDGE('',*,*,#5701,.F.);
#7675=ORIENTED_EDGE('',*,*,#5702,.F.);
#7676=ORIENTED_EDGE('',*,*,#5703,.F.);
#7677=ORIENTED_EDGE('',*,*,#5634,.T.);
#7678=ORIENTED_EDGE('',*,*,#5704,.F.);
#7679=ORIENTED_EDGE('',*,*,#5697,.T.);
#7680=ORIENTED_EDGE('',*,*,#5705,.T.);
#7681=ORIENTED_EDGE('',*,*,#5706,.T.);
#7682=ORIENTED_EDGE('',*,*,#5628,.F.);
#7683=ORIENTED_EDGE('',*,*,#5707,.T.);
#7684=ORIENTED_EDGE('',*,*,#5708,.F.);
#7685=ORIENTED_EDGE('',*,*,#5646,.T.);
#7686=ORIENTED_EDGE('',*,*,#5709,.T.);
#7687=ORIENTED_EDGE('',*,*,#5582,.T.);
#7688=ORIENTED_EDGE('',*,*,#5710,.T.);
#7689=ORIENTED_EDGE('',*,*,#5711,.T.);
#7690=ORIENTED_EDGE('',*,*,#5712,.T.);
#7691=ORIENTED_EDGE('',*,*,#5713,.T.);
#7692=ORIENTED_EDGE('',*,*,#5636,.F.);
#7693=ORIENTED_EDGE('',*,*,#5714,.F.);
#7694=ORIENTED_EDGE('',*,*,#5708,.T.);
#7695=ORIENTED_EDGE('',*,*,#5715,.T.);
#7696=ORIENTED_EDGE('',*,*,#5716,.F.);
#7697=ORIENTED_EDGE('',*,*,#5716,.T.);
#7698=ORIENTED_EDGE('',*,*,#5717,.T.);
#7699=ORIENTED_EDGE('',*,*,#5718,.T.);
#7700=ORIENTED_EDGE('',*,*,#5647,.T.);
#7701=ORIENTED_EDGE('',*,*,#5648,.T.);
#7702=ORIENTED_EDGE('',*,*,#5718,.F.);
#7703=ORIENTED_EDGE('',*,*,#5719,.F.);
#7704=ORIENTED_EDGE('',*,*,#5720,.T.);
#7705=ORIENTED_EDGE('',*,*,#5649,.T.);
#7706=ORIENTED_EDGE('',*,*,#5720,.F.);
#7707=ORIENTED_EDGE('',*,*,#5721,.F.);
#7708=ORIENTED_EDGE('',*,*,#5722,.T.);
#7709=ORIENTED_EDGE('',*,*,#5650,.T.);
#7710=ORIENTED_EDGE('',*,*,#5722,.F.);
#7711=ORIENTED_EDGE('',*,*,#5723,.F.);
#7712=ORIENTED_EDGE('',*,*,#5724,.T.);
#7713=ORIENTED_EDGE('',*,*,#5725,.T.);
#7714=ORIENTED_EDGE('',*,*,#5726,.T.);
#7715=ORIENTED_EDGE('',*,*,#5727,.F.);
#7716=ORIENTED_EDGE('',*,*,#5514,.T.);
#7717=ORIENTED_EDGE('',*,*,#5668,.T.);
#7718=ORIENTED_EDGE('',*,*,#5651,.T.);
#7719=ORIENTED_EDGE('',*,*,#5724,.F.);
#7720=ORIENTED_EDGE('',*,*,#5726,.F.);
#7721=ORIENTED_EDGE('',*,*,#5728,.T.);
#7722=ORIENTED_EDGE('',*,*,#5729,.T.);
#7723=ORIENTED_EDGE('',*,*,#5730,.F.);
#7724=ORIENTED_EDGE('',*,*,#5729,.F.);
#7725=ORIENTED_EDGE('',*,*,#5731,.F.);
#7726=ORIENTED_EDGE('',*,*,#5516,.F.);
#7727=ORIENTED_EDGE('',*,*,#5732,.T.);
#7728=ORIENTED_EDGE('',*,*,#5733,.T.);
#7729=ORIENTED_EDGE('',*,*,#5734,.F.);
#7730=ORIENTED_EDGE('',*,*,#5518,.T.);
#7731=ORIENTED_EDGE('',*,*,#5735,.T.);
#7732=ORIENTED_EDGE('',*,*,#5736,.T.);
#7733=ORIENTED_EDGE('',*,*,#5737,.T.);
#7734=ORIENTED_EDGE('',*,*,#5738,.T.);
#7735=ORIENTED_EDGE('',*,*,#5733,.F.);
#7736=ORIENTED_EDGE('',*,*,#5739,.F.);
#7737=ORIENTED_EDGE('',*,*,#5740,.F.);
#7738=ORIENTED_EDGE('',*,*,#5520,.F.);
#7739=ORIENTED_EDGE('',*,*,#5741,.T.);
#7740=ORIENTED_EDGE('',*,*,#5737,.F.);
#7741=ORIENTED_EDGE('',*,*,#5742,.T.);
#7742=ORIENTED_EDGE('',*,*,#5743,.T.);
#7743=ORIENTED_EDGE('',*,*,#5744,.T.);
#7744=ORIENTED_EDGE('',*,*,#5743,.F.);
#7745=ORIENTED_EDGE('',*,*,#5745,.T.);
#7746=ORIENTED_EDGE('',*,*,#5746,.T.);
#7747=ORIENTED_EDGE('',*,*,#5746,.F.);
#7748=ORIENTED_EDGE('',*,*,#5747,.T.);
#7749=ORIENTED_EDGE('',*,*,#5748,.T.);
#7750=ORIENTED_EDGE('',*,*,#5749,.F.);
#7751=ORIENTED_EDGE('',*,*,#5750,.T.);
#7752=ORIENTED_EDGE('',*,*,#5748,.F.);
#7753=ORIENTED_EDGE('',*,*,#5751,.T.);
#7754=ORIENTED_EDGE('',*,*,#5752,.T.);
#7755=ORIENTED_EDGE('',*,*,#5752,.F.);
#7756=ORIENTED_EDGE('',*,*,#5753,.T.);
#7757=ORIENTED_EDGE('',*,*,#5754,.F.);
#7758=ORIENTED_EDGE('',*,*,#5755,.F.);
#7759=ORIENTED_EDGE('',*,*,#5756,.F.);
#7760=ORIENTED_EDGE('',*,*,#5754,.T.);
#7761=ORIENTED_EDGE('',*,*,#5757,.T.);
#7762=ORIENTED_EDGE('',*,*,#5758,.F.);
#7763=ORIENTED_EDGE('',*,*,#5759,.T.);
#7764=ORIENTED_EDGE('',*,*,#5622,.T.);
#7765=ORIENTED_EDGE('',*,*,#5760,.F.);
#7766=ORIENTED_EDGE('',*,*,#5761,.F.);
#7767=ORIENTED_EDGE('',*,*,#5539,.F.);
#7768=ORIENTED_EDGE('',*,*,#5762,.F.);
#7769=ORIENTED_EDGE('',*,*,#5763,.F.);
#7770=ORIENTED_EDGE('',*,*,#5764,.F.);
#7771=ORIENTED_EDGE('',*,*,#5758,.T.);
#7772=ORIENTED_EDGE('',*,*,#5765,.F.);
#7773=ORIENTED_EDGE('',*,*,#5617,.T.);
#7774=ORIENTED_EDGE('',*,*,#5766,.T.);
#7775=ORIENTED_EDGE('',*,*,#5767,.F.);
#7776=ORIENTED_EDGE('',*,*,#5768,.F.);
#7777=ORIENTED_EDGE('',*,*,#5769,.T.);
#7778=ORIENTED_EDGE('',*,*,#5624,.T.);
#7779=ORIENTED_EDGE('',*,*,#5770,.T.);
#7780=ORIENTED_EDGE('',*,*,#5771,.T.);
#7781=ORIENTED_EDGE('',*,*,#5569,.T.);
#7782=ORIENTED_EDGE('',*,*,#5772,.T.);
#7783=ORIENTED_EDGE('',*,*,#5773,.T.);
#7784=ORIENTED_EDGE('',*,*,#5774,.T.);
#7785=ORIENTED_EDGE('',*,*,#5775,.T.);
#7786=ORIENTED_EDGE('',*,*,#5620,.T.);
#7787=ORIENTED_EDGE('',*,*,#5776,.F.);
#7788=ORIENTED_EDGE('',*,*,#5768,.T.);
#7789=ORIENTED_EDGE('',*,*,#5777,.F.);
#7790=ORIENTED_EDGE('',*,*,#5778,.F.);
#7791=ORIENTED_EDGE('',*,*,#5778,.T.);
#7792=ORIENTED_EDGE('',*,*,#5779,.T.);
#7793=ORIENTED_EDGE('',*,*,#5780,.T.);
#7794=ORIENTED_EDGE('',*,*,#5781,.F.);
#7795=ORIENTED_EDGE('',*,*,#5780,.F.);
#7796=ORIENTED_EDGE('',*,*,#5782,.F.);
#7797=ORIENTED_EDGE('',*,*,#5783,.T.);
#7798=ORIENTED_EDGE('',*,*,#5784,.F.);
#7799=ORIENTED_EDGE('',*,*,#5783,.F.);
#7800=ORIENTED_EDGE('',*,*,#5785,.F.);
#7801=ORIENTED_EDGE('',*,*,#5786,.T.);
#7802=ORIENTED_EDGE('',*,*,#5787,.F.);
#7803=ORIENTED_EDGE('',*,*,#5788,.T.);
#7804=ORIENTED_EDGE('',*,*,#5786,.F.);
#7805=ORIENTED_EDGE('',*,*,#5789,.F.);
#7806=ORIENTED_EDGE('',*,*,#5460,.T.);
#7807=ORIENTED_EDGE('',*,*,#5457,.F.);
#7808=ORIENTED_EDGE('',*,*,#5790,.T.);
#7809=ORIENTED_EDGE('',*,*,#5451,.T.);
#7810=ORIENTED_EDGE('',*,*,#5454,.F.);
#7811=ORIENTED_EDGE('',*,*,#5661,.T.);
#7812=ORIENTED_EDGE('',*,*,#5692,.F.);
#7813=ORIENTED_EDGE('',*,*,#5791,.T.);
#7814=ORIENTED_EDGE('',*,*,#5792,.T.);
#7815=ORIENTED_EDGE('',*,*,#5792,.F.);
#7816=ORIENTED_EDGE('',*,*,#5793,.T.);
#7817=ORIENTED_EDGE('',*,*,#5693,.T.);
#7818=ORIENTED_EDGE('',*,*,#5662,.F.);
#7819=ORIENTED_EDGE('',*,*,#5794,.F.);
#7820=ORIENTED_EDGE('',*,*,#5795,.T.);
#7821=ORIENTED_EDGE('',*,*,#5796,.T.);
#7822=ORIENTED_EDGE('',*,*,#5797,.T.);
#7823=ORIENTED_EDGE('',*,*,#5798,.F.);
#7824=ORIENTED_EDGE('',*,*,#5799,.T.);
#7825=ORIENTED_EDGE('',*,*,#5800,.T.);
#7826=ORIENTED_EDGE('',*,*,#5801,.F.);
#7827=ORIENTED_EDGE('',*,*,#5795,.F.);
#7828=ORIENTED_EDGE('',*,*,#5802,.F.);
#7829=ORIENTED_EDGE('',*,*,#5803,.T.);
#7830=ORIENTED_EDGE('',*,*,#5804,.T.);
#7831=ORIENTED_EDGE('',*,*,#5805,.F.);
#7832=ORIENTED_EDGE('',*,*,#5806,.T.);
#7833=ORIENTED_EDGE('',*,*,#5807,.T.);
#7834=ORIENTED_EDGE('',*,*,#5808,.F.);
#7835=ORIENTED_EDGE('',*,*,#5807,.F.);
#7836=ORIENTED_EDGE('',*,*,#5809,.F.);
#7837=ORIENTED_EDGE('',*,*,#5810,.T.);
#7838=ORIENTED_EDGE('',*,*,#5811,.T.);
#7839=ORIENTED_EDGE('',*,*,#5812,.F.);
#7840=ORIENTED_EDGE('',*,*,#5813,.T.);
#7841=ORIENTED_EDGE('',*,*,#5814,.F.);
#7842=ORIENTED_EDGE('',*,*,#5815,.F.);
#7843=ORIENTED_EDGE('',*,*,#5781,.T.);
#7844=ORIENTED_EDGE('',*,*,#5784,.T.);
#7845=ORIENTED_EDGE('',*,*,#5787,.T.);
#7846=ORIENTED_EDGE('',*,*,#5788,.F.);
#7847=ORIENTED_EDGE('',*,*,#5459,.F.);
#7848=ORIENTED_EDGE('',*,*,#5462,.T.);
#7849=ORIENTED_EDGE('',*,*,#5467,.T.);
#7850=ORIENTED_EDGE('',*,*,#5816,.F.);
#7851=ORIENTED_EDGE('',*,*,#5817,.T.);
#7852=ORIENTED_EDGE('',*,*,#5770,.F.);
#7853=ORIENTED_EDGE('',*,*,#5739,.T.);
#7854=ORIENTED_EDGE('',*,*,#5744,.F.);
#7855=ORIENTED_EDGE('',*,*,#5749,.T.);
#7856=ORIENTED_EDGE('',*,*,#5750,.F.);
#7857=ORIENTED_EDGE('',*,*,#5755,.T.);
#7858=ORIENTED_EDGE('',*,*,#5756,.T.);
#7859=ORIENTED_EDGE('',*,*,#5818,.T.);
#7860=ORIENTED_EDGE('',*,*,#5819,.T.);
#7861=ORIENTED_EDGE('',*,*,#5463,.F.);
#7862=ORIENTED_EDGE('',*,*,#5820,.F.);
#7863=ORIENTED_EDGE('',*,*,#5821,.T.);
#7864=ORIENTED_EDGE('',*,*,#5464,.T.);
#7865=ORIENTED_EDGE('',*,*,#5819,.F.);
#7866=ORIENTED_EDGE('',*,*,#5822,.T.);
#7867=ORIENTED_EDGE('',*,*,#5823,.F.);
#7868=ORIENTED_EDGE('',*,*,#5824,.T.);
#7869=ORIENTED_EDGE('',*,*,#5465,.T.);
#7870=ORIENTED_EDGE('',*,*,#5821,.F.);
#7871=ORIENTED_EDGE('',*,*,#5825,.F.);
#7872=ORIENTED_EDGE('',*,*,#5816,.T.);
#7873=ORIENTED_EDGE('',*,*,#5466,.F.);
#7874=ORIENTED_EDGE('',*,*,#5824,.F.);
#7875=ORIENTED_EDGE('',*,*,#5551,.F.);
#7876=ORIENTED_EDGE('',*,*,#5826,.T.);
#7877=ORIENTED_EDGE('',*,*,#5469,.F.);
#7878=ORIENTED_EDGE('',*,*,#5495,.F.);
#7879=ORIENTED_EDGE('',*,*,#5827,.T.);
#7880=ORIENTED_EDGE('',*,*,#5470,.F.);
#7881=ORIENTED_EDGE('',*,*,#5826,.F.);
#7882=ORIENTED_EDGE('',*,*,#5550,.T.);
#7883=ORIENTED_EDGE('',*,*,#5828,.T.);
#7884=ORIENTED_EDGE('',*,*,#5829,.T.);
#7885=ORIENTED_EDGE('',*,*,#5830,.F.);
#7886=ORIENTED_EDGE('',*,*,#5538,.T.);
#7887=ORIENTED_EDGE('',*,*,#5542,.F.);
#7888=ORIENTED_EDGE('',*,*,#5546,.T.);
#7889=ORIENTED_EDGE('',*,*,#5831,.T.);
#7890=ORIENTED_EDGE('',*,*,#5474,.F.);
#7891=ORIENTED_EDGE('',*,*,#5832,.F.);
#7892=ORIENTED_EDGE('',*,*,#5543,.T.);
#7893=ORIENTED_EDGE('',*,*,#5552,.T.);
#7894=ORIENTED_EDGE('',*,*,#5493,.T.);
#7895=ORIENTED_EDGE('',*,*,#5471,.T.);
#7896=ORIENTED_EDGE('',*,*,#5827,.F.);
#7897=ORIENTED_EDGE('',*,*,#5832,.T.);
#7898=ORIENTED_EDGE('',*,*,#5473,.F.);
#7899=ORIENTED_EDGE('',*,*,#5492,.F.);
#7900=ORIENTED_EDGE('',*,*,#5544,.F.);
#7901=ORIENTED_EDGE('',*,*,#5490,.T.);
#7902=ORIENTED_EDGE('',*,*,#5475,.T.);
#7903=ORIENTED_EDGE('',*,*,#5831,.F.);
#7904=ORIENTED_EDGE('',*,*,#5545,.T.);
#7905=ORIENTED_EDGE('',*,*,#5521,.F.);
#7906=ORIENTED_EDGE('',*,*,#5740,.T.);
#7907=ORIENTED_EDGE('',*,*,#5820,.T.);
#7908=ORIENTED_EDGE('',*,*,#5478,.F.);
#7909=ORIENTED_EDGE('',*,*,#5833,.T.);
#7910=ORIENTED_EDGE('',*,*,#5479,.F.);
#7911=ORIENTED_EDGE('',*,*,#5834,.F.);
#7912=ORIENTED_EDGE('',*,*,#5835,.T.);
#7913=ORIENTED_EDGE('',*,*,#5836,.T.);
#7914=ORIENTED_EDGE('',*,*,#5485,.F.);
#7915=ORIENTED_EDGE('',*,*,#5837,.F.);
#7916=ORIENTED_EDGE('',*,*,#5838,.T.);
#7917=ORIENTED_EDGE('',*,*,#5839,.T.);
#7918=ORIENTED_EDGE('',*,*,#5840,.T.);
#7919=ORIENTED_EDGE('',*,*,#5841,.F.);
#7920=ORIENTED_EDGE('',*,*,#5568,.T.);
#7921=ORIENTED_EDGE('',*,*,#5571,.F.);
#7922=ORIENTED_EDGE('',*,*,#5560,.T.);
#7923=ORIENTED_EDGE('',*,*,#5564,.F.);
#7924=ORIENTED_EDGE('',*,*,#5842,.T.);
#7925=ORIENTED_EDGE('',*,*,#5480,.F.);
#7926=ORIENTED_EDGE('',*,*,#5833,.F.);
#7927=ORIENTED_EDGE('',*,*,#5843,.T.);
#7928=ORIENTED_EDGE('',*,*,#5481,.F.);
#7929=ORIENTED_EDGE('',*,*,#5842,.F.);
#7930=ORIENTED_EDGE('',*,*,#5563,.T.);
#7931=ORIENTED_EDGE('',*,*,#5566,.T.);
#7932=ORIENTED_EDGE('',*,*,#5570,.T.);
#7933=ORIENTED_EDGE('',*,*,#5844,.F.);
#7934=ORIENTED_EDGE('',*,*,#5845,.T.);
#7935=ORIENTED_EDGE('',*,*,#5846,.F.);
#7936=ORIENTED_EDGE('',*,*,#5847,.T.);
#7937=ORIENTED_EDGE('',*,*,#5848,.T.);
#7938=ORIENTED_EDGE('',*,*,#5483,.F.);
#7939=ORIENTED_EDGE('',*,*,#5849,.F.);
#7940=ORIENTED_EDGE('',*,*,#5850,.T.);
#7941=ORIENTED_EDGE('',*,*,#5851,.T.);
#7942=ORIENTED_EDGE('',*,*,#5834,.T.);
#7943=ORIENTED_EDGE('',*,*,#5482,.F.);
#7944=ORIENTED_EDGE('',*,*,#5843,.F.);
#7945=ORIENTED_EDGE('',*,*,#5837,.T.);
#7946=ORIENTED_EDGE('',*,*,#5484,.T.);
#7947=ORIENTED_EDGE('',*,*,#5848,.F.);
#7948=ORIENTED_EDGE('',*,*,#5852,.T.);
#7949=ORIENTED_EDGE('',*,*,#5849,.T.);
#7950=ORIENTED_EDGE('',*,*,#5486,.T.);
#7951=ORIENTED_EDGE('',*,*,#5836,.F.);
#7952=ORIENTED_EDGE('',*,*,#5853,.F.);
#7953=ORIENTED_EDGE('',*,*,#5509,.F.);
#7954=ORIENTED_EDGE('',*,*,#5524,.F.);
#7955=ORIENTED_EDGE('',*,*,#5854,.T.);
#7956=ORIENTED_EDGE('',*,*,#5855,.T.);
#7957=ORIENTED_EDGE('',*,*,#5510,.F.);
#7958=ORIENTED_EDGE('',*,*,#5855,.F.);
#7959=ORIENTED_EDGE('',*,*,#5856,.F.);
#7960=ORIENTED_EDGE('',*,*,#5857,.F.);
#7961=ORIENTED_EDGE('',*,*,#5858,.F.);
#7962=ORIENTED_EDGE('',*,*,#5522,.F.);
#7963=ORIENTED_EDGE('',*,*,#5511,.T.);
#7964=ORIENTED_EDGE('',*,*,#5857,.T.);
#7965=ORIENTED_EDGE('',*,*,#5730,.T.);
#7966=ORIENTED_EDGE('',*,*,#5732,.F.);
#7967=ORIENTED_EDGE('',*,*,#5515,.T.);
#7968=ORIENTED_EDGE('',*,*,#5727,.T.);
#7969=ORIENTED_EDGE('',*,*,#5519,.T.);
#7970=ORIENTED_EDGE('',*,*,#5734,.T.);
#7971=ORIENTED_EDGE('',*,*,#5738,.F.);
#7972=ORIENTED_EDGE('',*,*,#5741,.F.);
#7973=ORIENTED_EDGE('',*,*,#5854,.F.);
#7974=ORIENTED_EDGE('',*,*,#5523,.F.);
#7975=ORIENTED_EDGE('',*,*,#5858,.T.);
#7976=ORIENTED_EDGE('',*,*,#5856,.T.);
#7977=ORIENTED_EDGE('',*,*,#5548,.T.);
#7978=ORIENTED_EDGE('',*,*,#5533,.T.);
#7979=ORIENTED_EDGE('',*,*,#5540,.T.);
#7980=ORIENTED_EDGE('',*,*,#5859,.F.);
#7981=ORIENTED_EDGE('',*,*,#5860,.T.);
#7982=ORIENTED_EDGE('',*,*,#5861,.F.);
#7983=ORIENTED_EDGE('',*,*,#5535,.T.);
#7984=ORIENTED_EDGE('',*,*,#5554,.T.);
#7985=ORIENTED_EDGE('',*,*,#5556,.T.);
#7986=ORIENTED_EDGE('',*,*,#5558,.T.);
#7987=ORIENTED_EDGE('',*,*,#5559,.T.);
#7988=ORIENTED_EDGE('',*,*,#5828,.F.);
#7989=ORIENTED_EDGE('',*,*,#5549,.T.);
#7990=ORIENTED_EDGE('',*,*,#5861,.T.);
#7991=ORIENTED_EDGE('',*,*,#5862,.F.);
#7992=ORIENTED_EDGE('',*,*,#5588,.F.);
#7993=ORIENTED_EDGE('',*,*,#5590,.F.);
#7994=ORIENTED_EDGE('',*,*,#5592,.F.);
#7995=ORIENTED_EDGE('',*,*,#5593,.F.);
#7996=ORIENTED_EDGE('',*,*,#5586,.F.);
#7997=ORIENTED_EDGE('',*,*,#5606,.T.);
#7998=ORIENTED_EDGE('',*,*,#5596,.T.);
#7999=ORIENTED_EDGE('',*,*,#5600,.F.);
#8000=ORIENTED_EDGE('',*,*,#5863,.F.);
#8001=ORIENTED_EDGE('',*,*,#5864,.F.);
#8002=ORIENTED_EDGE('',*,*,#5865,.F.);
#8003=ORIENTED_EDGE('',*,*,#5666,.F.);
#8004=ORIENTED_EDGE('',*,*,#5607,.T.);
#8005=ORIENTED_EDGE('',*,*,#5865,.T.);
#8006=ORIENTED_EDGE('',*,*,#5866,.F.);
#8007=ORIENTED_EDGE('',*,*,#5759,.F.);
#8008=ORIENTED_EDGE('',*,*,#5766,.F.);
#8009=ORIENTED_EDGE('',*,*,#5616,.T.);
#8010=ORIENTED_EDGE('',*,*,#5623,.T.);
#8011=ORIENTED_EDGE('',*,*,#5625,.F.);
#8012=ORIENTED_EDGE('',*,*,#5769,.F.);
#8013=ORIENTED_EDGE('',*,*,#5776,.T.);
#8014=ORIENTED_EDGE('',*,*,#5619,.T.);
#8015=ORIENTED_EDGE('',*,*,#5621,.F.);
#8016=ORIENTED_EDGE('',*,*,#5775,.F.);
#8017=ORIENTED_EDGE('',*,*,#5867,.F.);
#8018=ORIENTED_EDGE('',*,*,#5760,.T.);
#8019=ORIENTED_EDGE('',*,*,#5629,.F.);
#8020=ORIENTED_EDGE('',*,*,#5706,.F.);
#8021=ORIENTED_EDGE('',*,*,#5714,.T.);
#8022=ORIENTED_EDGE('',*,*,#5635,.F.);
#8023=ORIENTED_EDGE('',*,*,#5698,.F.);
#8024=ORIENTED_EDGE('',*,*,#5704,.T.);
#8025=ORIENTED_EDGE('',*,*,#5633,.T.);
#8026=ORIENTED_EDGE('',*,*,#5639,.F.);
#8027=ORIENTED_EDGE('',*,*,#5637,.T.);
#8028=ORIENTED_EDGE('',*,*,#5713,.F.);
#8029=ORIENTED_EDGE('',*,*,#5868,.F.);
#8030=ORIENTED_EDGE('',*,*,#5699,.T.);
#8031=ORIENTED_EDGE('',*,*,#5655,.F.);
#8032=ORIENTED_EDGE('',*,*,#5657,.F.);
#8033=ORIENTED_EDGE('',*,*,#5659,.T.);
#8034=ORIENTED_EDGE('',*,*,#5703,.T.);
#8035=ORIENTED_EDGE('',*,*,#5680,.T.);
#8036=ORIENTED_EDGE('',*,*,#5709,.F.);
#8037=ORIENTED_EDGE('',*,*,#5645,.T.);
#8038=ORIENTED_EDGE('',*,*,#5654,.T.);
#8039=ORIENTED_EDGE('',*,*,#5667,.T.);
#8040=ORIENTED_EDGE('',*,*,#5866,.T.);
#8041=ORIENTED_EDGE('',*,*,#5864,.T.);
#8042=ORIENTED_EDGE('',*,*,#5711,.F.);
#8043=ORIENTED_EDGE('',*,*,#5665,.T.);
#8044=ORIENTED_EDGE('',*,*,#5710,.F.);
#8045=ORIENTED_EDGE('',*,*,#5669,.T.);
#8046=ORIENTED_EDGE('',*,*,#5701,.T.);
#8047=ORIENTED_EDGE('',*,*,#5677,.T.);
#8048=ORIENTED_EDGE('',*,*,#5869,.F.);
#8049=ORIENTED_EDGE('',*,*,#5681,.T.);
#8050=ORIENTED_EDGE('',*,*,#5702,.T.);
#8051=ORIENTED_EDGE('',*,*,#5676,.F.);
#8052=ORIENTED_EDGE('',*,*,#5870,.T.);
#8053=ORIENTED_EDGE('',*,*,#5682,.T.);
#8054=ORIENTED_EDGE('',*,*,#5869,.T.);
#8055=ORIENTED_EDGE('',*,*,#5679,.T.);
#8056=ORIENTED_EDGE('',*,*,#5683,.F.);
#8057=ORIENTED_EDGE('',*,*,#5870,.F.);
#8058=ORIENTED_EDGE('',*,*,#5675,.F.);
#8059=ORIENTED_EDGE('',*,*,#5688,.T.);
#8060=ORIENTED_EDGE('',*,*,#5672,.F.);
#8061=ORIENTED_EDGE('',*,*,#5689,.F.);
#8062=ORIENTED_EDGE('',*,*,#5685,.F.);
#8063=ORIENTED_EDGE('',*,*,#5863,.T.);
#8064=ORIENTED_EDGE('',*,*,#5700,.T.);
#8065=ORIENTED_EDGE('',*,*,#5868,.T.);
#8066=ORIENTED_EDGE('',*,*,#5712,.F.);
#8067=ORIENTED_EDGE('',*,*,#5823,.T.);
#8068=ORIENTED_EDGE('',*,*,#5822,.F.);
#8069=ORIENTED_EDGE('',*,*,#5818,.F.);
#8070=ORIENTED_EDGE('',*,*,#5764,.T.);
#8071=ORIENTED_EDGE('',*,*,#5844,.T.);
#8072=ORIENTED_EDGE('',*,*,#5771,.F.);
#8073=ORIENTED_EDGE('',*,*,#5817,.F.);
#8074=ORIENTED_EDGE('',*,*,#5825,.T.);
#8075=ORIENTED_EDGE('',*,*,#5763,.T.);
#8076=ORIENTED_EDGE('',*,*,#5840,.F.);
#8077=ORIENTED_EDGE('',*,*,#5871,.F.);
#8078=ORIENTED_EDGE('',*,*,#5845,.F.);
#8079=ORIENTED_EDGE('',*,*,#5772,.F.);
#8080=ORIENTED_EDGE('',*,*,#5841,.T.);
#8081=ORIENTED_EDGE('',*,*,#5762,.T.);
#8082=ORIENTED_EDGE('',*,*,#5830,.T.);
#8083=ORIENTED_EDGE('',*,*,#5761,.T.);
#8084=ORIENTED_EDGE('',*,*,#5867,.T.);
#8085=ORIENTED_EDGE('',*,*,#5774,.F.);
#8086=ORIENTED_EDGE('',*,*,#5859,.T.);
#8087=ORIENTED_EDGE('',*,*,#5773,.F.);
#8088=ORIENTED_EDGE('',*,*,#5829,.F.);
#8089=ORIENTED_EDGE('',*,*,#5862,.T.);
#8090=ORIENTED_EDGE('',*,*,#5860,.F.);
#8091=ORIENTED_EDGE('',*,*,#5811,.F.);
#8092=ORIENTED_EDGE('',*,*,#5872,.F.);
#8093=ORIENTED_EDGE('',*,*,#5800,.F.);
#8094=ORIENTED_EDGE('',*,*,#5873,.F.);
#8095=ORIENTED_EDGE('',*,*,#5812,.T.);
#8096=ORIENTED_EDGE('',*,*,#5873,.T.);
#8097=ORIENTED_EDGE('',*,*,#5799,.F.);
#8098=ORIENTED_EDGE('',*,*,#5874,.F.);
#8099=ORIENTED_EDGE('',*,*,#5875,.F.);
#8100=ORIENTED_EDGE('',*,*,#5876,.F.);
#8101=ORIENTED_EDGE('',*,*,#5877,.F.);
#8102=ORIENTED_EDGE('',*,*,#5878,.T.);
#8103=ORIENTED_EDGE('',*,*,#5879,.T.);
#8104=ORIENTED_EDGE('',*,*,#5880,.T.);
#8105=ORIENTED_EDGE('',*,*,#5874,.T.);
#8106=ORIENTED_EDGE('',*,*,#5798,.T.);
#8107=ORIENTED_EDGE('',*,*,#5881,.T.);
#8108=ORIENTED_EDGE('',*,*,#5882,.T.);
#8109=ORIENTED_EDGE('',*,*,#5879,.F.);
#8110=ORIENTED_EDGE('',*,*,#5797,.F.);
#8111=ORIENTED_EDGE('',*,*,#5883,.F.);
#8112=ORIENTED_EDGE('',*,*,#5881,.F.);
#8113=ORIENTED_EDGE('',*,*,#5796,.F.);
#8114=ORIENTED_EDGE('',*,*,#5804,.F.);
#8115=ORIENTED_EDGE('',*,*,#5884,.F.);
#8116=ORIENTED_EDGE('',*,*,#5885,.F.);
#8117=ORIENTED_EDGE('',*,*,#5886,.T.);
#8118=ORIENTED_EDGE('',*,*,#5887,.F.);
#8119=ORIENTED_EDGE('',*,*,#5888,.F.);
#8120=ORIENTED_EDGE('',*,*,#5885,.T.);
#8121=ORIENTED_EDGE('',*,*,#5889,.F.);
#8122=ORIENTED_EDGE('',*,*,#5890,.T.);
#8123=ORIENTED_EDGE('',*,*,#5891,.T.);
#8124=ORIENTED_EDGE('',*,*,#5887,.T.);
#8125=ORIENTED_EDGE('',*,*,#5892,.F.);
#8126=ORIENTED_EDGE('',*,*,#5893,.T.);
#8127=ORIENTED_EDGE('',*,*,#5890,.F.);
#8128=ORIENTED_EDGE('',*,*,#5894,.F.);
#8129=ORIENTED_EDGE('',*,*,#5892,.T.);
#8130=ORIENTED_EDGE('',*,*,#5895,.T.);
#8131=ORIENTED_EDGE('',*,*,#5813,.F.);
#8132=ORIENTED_EDGE('',*,*,#5878,.F.);
#8133=ORIENTED_EDGE('',*,*,#5896,.F.);
#8134=ORIENTED_EDGE('',*,*,#5897,.F.);
#8135=ORIENTED_EDGE('',*,*,#5898,.F.);
#8136=ORIENTED_EDGE('',*,*,#5814,.T.);
#8137=ORIENTED_EDGE('',*,*,#5897,.T.);
#8138=ORIENTED_EDGE('',*,*,#5899,.F.);
#8139=ORIENTED_EDGE('',*,*,#5900,.T.);
#8140=ORIENTED_EDGE('',*,*,#5808,.T.);
#8141=ORIENTED_EDGE('',*,*,#5815,.T.);
#8142=ORIENTED_EDGE('',*,*,#5898,.T.);
#8143=ORIENTED_EDGE('',*,*,#5901,.T.);
#8144=ORIENTED_EDGE('',*,*,#5902,.F.);
#8145=ORIENTED_EDGE('',*,*,#5903,.T.);
#8146=ORIENTED_EDGE('',*,*,#5904,.F.);
#8147=ORIENTED_EDGE('',*,*,#5905,.F.);
#8148=ORIENTED_EDGE('',*,*,#5902,.T.);
#8149=ORIENTED_EDGE('',*,*,#5906,.F.);
#8150=ORIENTED_EDGE('',*,*,#5907,.F.);
#8151=ORIENTED_EDGE('',*,*,#5908,.T.);
#8152=ORIENTED_EDGE('',*,*,#5904,.T.);
#8153=ORIENTED_EDGE('',*,*,#5909,.F.);
#8154=ORIENTED_EDGE('',*,*,#5910,.T.);
#8155=ORIENTED_EDGE('',*,*,#5907,.T.);
#8156=ORIENTED_EDGE('',*,*,#5911,.F.);
#8157=ORIENTED_EDGE('',*,*,#5909,.T.);
#8158=ORIENTED_EDGE('',*,*,#5912,.T.);
#8159=ORIENTED_EDGE('',*,*,#5839,.F.);
#8160=ORIENTED_EDGE('',*,*,#5913,.T.);
#8161=ORIENTED_EDGE('',*,*,#5846,.T.);
#8162=ORIENTED_EDGE('',*,*,#5871,.T.);
#8163=ORIENTED_EDGE('',*,*,#5847,.F.);
#8164=ORIENTED_EDGE('',*,*,#5913,.F.);
#8165=ORIENTED_EDGE('',*,*,#5838,.F.);
#8166=ORIENTED_EDGE('',*,*,#5852,.F.);
#8167=ORIENTED_EDGE('',*,*,#5850,.F.);
#8168=ORIENTED_EDGE('',*,*,#5853,.T.);
#8169=ORIENTED_EDGE('',*,*,#5835,.F.);
#8170=ORIENTED_EDGE('',*,*,#5851,.F.);
#8171=ORIENTED_EDGE('',*,*,#5914,.T.);
#8172=ORIENTED_EDGE('',*,*,#5915,.T.);
#8173=ORIENTED_EDGE('',*,*,#5916,.T.);
#8174=ORIENTED_EDGE('',*,*,#5805,.T.);
#8175=ORIENTED_EDGE('',*,*,#5900,.F.);
#8176=ORIENTED_EDGE('',*,*,#5905,.T.);
#8177=ORIENTED_EDGE('',*,*,#5908,.F.);
#8178=ORIENTED_EDGE('',*,*,#5910,.F.);
#8179=ORIENTED_EDGE('',*,*,#5912,.F.);
#8180=ORIENTED_EDGE('',*,*,#5911,.T.);
#8181=ORIENTED_EDGE('',*,*,#5906,.T.);
#8182=ORIENTED_EDGE('',*,*,#5903,.F.);
#8183=ORIENTED_EDGE('',*,*,#5901,.F.);
#8184=ORIENTED_EDGE('',*,*,#5899,.T.);
#8185=ORIENTED_EDGE('',*,*,#5896,.T.);
#8186=ORIENTED_EDGE('',*,*,#5877,.T.);
#8187=ORIENTED_EDGE('',*,*,#5917,.F.);
#8188=ORIENTED_EDGE('',*,*,#5918,.T.);
#8189=ORIENTED_EDGE('',*,*,#5919,.T.);
#8190=ORIENTED_EDGE('',*,*,#5875,.T.);
#8191=ORIENTED_EDGE('',*,*,#5880,.F.);
#8192=ORIENTED_EDGE('',*,*,#5882,.F.);
#8193=ORIENTED_EDGE('',*,*,#5883,.T.);
#8194=ORIENTED_EDGE('',*,*,#5888,.T.);
#8195=ORIENTED_EDGE('',*,*,#5891,.F.);
#8196=ORIENTED_EDGE('',*,*,#5893,.F.);
#8197=ORIENTED_EDGE('',*,*,#5895,.F.);
#8198=ORIENTED_EDGE('',*,*,#5894,.T.);
#8199=ORIENTED_EDGE('',*,*,#5889,.T.);
#8200=ORIENTED_EDGE('',*,*,#5886,.F.);
#8201=ORIENTED_EDGE('',*,*,#5884,.T.);
#8202=ORIENTED_EDGE('',*,*,#5803,.F.);
#8203=ORIENTED_EDGE('',*,*,#5920,.T.);
#8204=ORIENTED_EDGE('',*,*,#5921,.F.);
#8205=ORIENTED_EDGE('',*,*,#5922,.F.);
#8206=ORIENTED_EDGE('',*,*,#5923,.T.);
#8207=ORIENTED_EDGE('',*,*,#5914,.F.);
#8208=ORIENTED_EDGE('',*,*,#5924,.T.);
#8209=ORIENTED_EDGE('',*,*,#5922,.T.);
#8210=ORIENTED_EDGE('',*,*,#5925,.F.);
#8211=ORIENTED_EDGE('',*,*,#5801,.T.);
#8212=ORIENTED_EDGE('',*,*,#5872,.T.);
#8213=ORIENTED_EDGE('',*,*,#5810,.F.);
#8214=ORIENTED_EDGE('',*,*,#5926,.F.);
#8215=ORIENTED_EDGE('',*,*,#5927,.F.);
#8216=ORIENTED_EDGE('',*,*,#5917,.T.);
#8217=ORIENTED_EDGE('',*,*,#5876,.T.);
#8218=ORIENTED_EDGE('',*,*,#5919,.F.);
#8219=ORIENTED_EDGE('',*,*,#5918,.F.);
#8220=ORIENTED_EDGE('',*,*,#5927,.T.);
#8221=ORIENTED_EDGE('',*,*,#5923,.F.);
#8222=ORIENTED_EDGE('',*,*,#5924,.F.);
#8223=ORIENTED_EDGE('',*,*,#5793,.F.);
#8224=ORIENTED_EDGE('',*,*,#5791,.F.);
#8225=ORIENTED_EDGE('',*,*,#5691,.F.);
#8226=ORIENTED_EDGE('',*,*,#5445,.F.);
#8227=ORIENTED_EDGE('',*,*,#5690,.F.);
#8228=ORIENTED_EDGE('',*,*,#5450,.T.);
#8229=ORIENTED_EDGE('',*,*,#5329,.T.);
#8230=ORIENTED_EDGE('',*,*,#5452,.F.);
#8231=ORIENTED_EDGE('',*,*,#5790,.F.);
#8232=ORIENTED_EDGE('',*,*,#5456,.F.);
#8233=ORIENTED_EDGE('',*,*,#5789,.T.);
#8234=ORIENTED_EDGE('',*,*,#5785,.T.);
#8235=ORIENTED_EDGE('',*,*,#5782,.T.);
#8236=ORIENTED_EDGE('',*,*,#5779,.F.);
#8237=ORIENTED_EDGE('',*,*,#5777,.T.);
#8238=ORIENTED_EDGE('',*,*,#5767,.T.);
#8239=ORIENTED_EDGE('',*,*,#5612,.T.);
#8240=ORIENTED_EDGE('',*,*,#5765,.T.);
#8241=ORIENTED_EDGE('',*,*,#5757,.F.);
#8242=ORIENTED_EDGE('',*,*,#5753,.F.);
#8243=ORIENTED_EDGE('',*,*,#5751,.F.);
#8244=ORIENTED_EDGE('',*,*,#5747,.F.);
#8245=ORIENTED_EDGE('',*,*,#5745,.F.);
#8246=ORIENTED_EDGE('',*,*,#5742,.F.);
#8247=ORIENTED_EDGE('',*,*,#5736,.F.);
#8248=ORIENTED_EDGE('',*,*,#5735,.F.);
#8249=ORIENTED_EDGE('',*,*,#5517,.F.);
#8250=ORIENTED_EDGE('',*,*,#5731,.T.);
#8251=ORIENTED_EDGE('',*,*,#5728,.F.);
#8252=ORIENTED_EDGE('',*,*,#5725,.F.);
#8253=ORIENTED_EDGE('',*,*,#5723,.T.);
#8254=ORIENTED_EDGE('',*,*,#5721,.T.);
#8255=ORIENTED_EDGE('',*,*,#5719,.T.);
#8256=ORIENTED_EDGE('',*,*,#5717,.F.);
#8257=ORIENTED_EDGE('',*,*,#5715,.F.);
#8258=ORIENTED_EDGE('',*,*,#5707,.F.);
#8259=ORIENTED_EDGE('',*,*,#5631,.F.);
#8260=ORIENTED_EDGE('',*,*,#5705,.F.);
#8261=ORIENTED_EDGE('',*,*,#5696,.T.);
#8262=ORIENTED_EDGE('',*,*,#5694,.F.);
#8263=ORIENTED_EDGE('',*,*,#5926,.T.);
#8264=ORIENTED_EDGE('',*,*,#5809,.T.);
#8265=ORIENTED_EDGE('',*,*,#5806,.F.);
#8266=ORIENTED_EDGE('',*,*,#5916,.F.);
#8267=ORIENTED_EDGE('',*,*,#5531,.T.);
#8268=ORIENTED_EDGE('',*,*,#5920,.F.);
#8269=ORIENTED_EDGE('',*,*,#5802,.T.);
#8270=ORIENTED_EDGE('',*,*,#5794,.T.);
#8271=ORIENTED_EDGE('',*,*,#5925,.T.);
#8272=ORIENTED_EDGE('',*,*,#5928,.T.);
#8273=ORIENTED_EDGE('',*,*,#5530,.T.);
#8274=ORIENTED_EDGE('',*,*,#5368,.F.);
#8275=ORIENTED_EDGE('',*,*,#5929,.T.);
#8276=ORIENTED_EDGE('',*,*,#5921,.T.);
#8277=ORIENTED_EDGE('',*,*,#5929,.F.);
#8278=ORIENTED_EDGE('',*,*,#5367,.T.);
#8279=ORIENTED_EDGE('',*,*,#5930,.T.);
#8280=ORIENTED_EDGE('',*,*,#5928,.F.);
#8281=ORIENTED_EDGE('',*,*,#5930,.F.);
#8282=ORIENTED_EDGE('',*,*,#5366,.T.);
#8283=ORIENTED_EDGE('',*,*,#5529,.T.);
#8284=ORIENTED_EDGE('',*,*,#5915,.F.);
#8285=ORIENTED_EDGE('',*,*,#5931,.F.);
#8286=ORIENTED_EDGE('',*,*,#5932,.T.);
#8287=ORIENTED_EDGE('',*,*,#5933,.T.);
#8288=ORIENTED_EDGE('',*,*,#5934,.F.);
#8289=ORIENTED_EDGE('',*,*,#5933,.F.);
#8290=ORIENTED_EDGE('',*,*,#5935,.T.);
#8291=ORIENTED_EDGE('',*,*,#5936,.T.);
#8292=ORIENTED_EDGE('',*,*,#5937,.F.);
#8293=ORIENTED_EDGE('',*,*,#5936,.F.);
#8294=ORIENTED_EDGE('',*,*,#5938,.F.);
#8295=ORIENTED_EDGE('',*,*,#5939,.T.);
#8296=ORIENTED_EDGE('',*,*,#5940,.T.);
#8297=ORIENTED_EDGE('',*,*,#5939,.F.);
#8298=ORIENTED_EDGE('',*,*,#5941,.T.);
#8299=ORIENTED_EDGE('',*,*,#5942,.T.);
#8300=ORIENTED_EDGE('',*,*,#5943,.F.);
#8301=ORIENTED_EDGE('',*,*,#5942,.F.);
#8302=ORIENTED_EDGE('',*,*,#5944,.F.);
#8303=ORIENTED_EDGE('',*,*,#5945,.T.);
#8304=ORIENTED_EDGE('',*,*,#5946,.T.);
#8305=ORIENTED_EDGE('',*,*,#5945,.F.);
#8306=ORIENTED_EDGE('',*,*,#5947,.T.);
#8307=ORIENTED_EDGE('',*,*,#5948,.T.);
#8308=ORIENTED_EDGE('',*,*,#5949,.F.);
#8309=ORIENTED_EDGE('',*,*,#5948,.F.);
#8310=ORIENTED_EDGE('',*,*,#5950,.T.);
#8311=ORIENTED_EDGE('',*,*,#5951,.T.);
#8312=ORIENTED_EDGE('',*,*,#5952,.F.);
#8313=ORIENTED_EDGE('',*,*,#5951,.F.);
#8314=ORIENTED_EDGE('',*,*,#5953,.F.);
#8315=ORIENTED_EDGE('',*,*,#5931,.T.);
#8316=ORIENTED_EDGE('',*,*,#5954,.T.);
#8317=ORIENTED_EDGE('',*,*,#5953,.T.);
#8318=ORIENTED_EDGE('',*,*,#5950,.F.);
#8319=ORIENTED_EDGE('',*,*,#5947,.F.);
#8320=ORIENTED_EDGE('',*,*,#5944,.T.);
#8321=ORIENTED_EDGE('',*,*,#5941,.F.);
#8322=ORIENTED_EDGE('',*,*,#5938,.T.);
#8323=ORIENTED_EDGE('',*,*,#5935,.F.);
#8324=ORIENTED_EDGE('',*,*,#5932,.F.);
#8325=ORIENTED_EDGE('',*,*,#5934,.T.);
#8326=ORIENTED_EDGE('',*,*,#5937,.T.);
#8327=ORIENTED_EDGE('',*,*,#5940,.F.);
#8328=ORIENTED_EDGE('',*,*,#5943,.T.);
#8329=ORIENTED_EDGE('',*,*,#5946,.F.);
#8330=ORIENTED_EDGE('',*,*,#5949,.T.);
#8331=ORIENTED_EDGE('',*,*,#5952,.T.);
#8332=ORIENTED_EDGE('',*,*,#5954,.F.);
#8333=ORIENTED_EDGE('',*,*,#5955,.T.);
#8334=ORIENTED_EDGE('',*,*,#5956,.T.);
#8335=ORIENTED_EDGE('',*,*,#5957,.F.);
#8336=ORIENTED_EDGE('',*,*,#5958,.F.);
#8337=ORIENTED_EDGE('',*,*,#5959,.T.);
#8338=ORIENTED_EDGE('',*,*,#5960,.T.);
#8339=ORIENTED_EDGE('',*,*,#5961,.F.);
#8340=ORIENTED_EDGE('',*,*,#5956,.F.);
#8341=ORIENTED_EDGE('',*,*,#5962,.F.);
#8342=ORIENTED_EDGE('',*,*,#5963,.T.);
#8343=ORIENTED_EDGE('',*,*,#5964,.T.);
#8344=ORIENTED_EDGE('',*,*,#5960,.F.);
#8345=ORIENTED_EDGE('',*,*,#5965,.T.);
#8346=ORIENTED_EDGE('',*,*,#5966,.T.);
#8347=ORIENTED_EDGE('',*,*,#5967,.F.);
#8348=ORIENTED_EDGE('',*,*,#5963,.F.);
#8349=ORIENTED_EDGE('',*,*,#5968,.F.);
#8350=ORIENTED_EDGE('',*,*,#5969,.T.);
#8351=ORIENTED_EDGE('',*,*,#5970,.T.);
#8352=ORIENTED_EDGE('',*,*,#5966,.F.);
#8353=ORIENTED_EDGE('',*,*,#5971,.T.);
#8354=ORIENTED_EDGE('',*,*,#5972,.T.);
#8355=ORIENTED_EDGE('',*,*,#5973,.F.);
#8356=ORIENTED_EDGE('',*,*,#5969,.F.);
#8357=ORIENTED_EDGE('',*,*,#5974,.T.);
#8358=ORIENTED_EDGE('',*,*,#5975,.T.);
#8359=ORIENTED_EDGE('',*,*,#5976,.F.);
#8360=ORIENTED_EDGE('',*,*,#5972,.F.);
#8361=ORIENTED_EDGE('',*,*,#5977,.F.);
#8362=ORIENTED_EDGE('',*,*,#5958,.T.);
#8363=ORIENTED_EDGE('',*,*,#5978,.T.);
#8364=ORIENTED_EDGE('',*,*,#5975,.F.);
#8365=ORIENTED_EDGE('',*,*,#5957,.T.);
#8366=ORIENTED_EDGE('',*,*,#5961,.T.);
#8367=ORIENTED_EDGE('',*,*,#5964,.F.);
#8368=ORIENTED_EDGE('',*,*,#5967,.T.);
#8369=ORIENTED_EDGE('',*,*,#5970,.F.);
#8370=ORIENTED_EDGE('',*,*,#5973,.T.);
#8371=ORIENTED_EDGE('',*,*,#5976,.T.);
#8372=ORIENTED_EDGE('',*,*,#5978,.F.);
#8373=ORIENTED_EDGE('',*,*,#5977,.T.);
#8374=ORIENTED_EDGE('',*,*,#5974,.F.);
#8375=ORIENTED_EDGE('',*,*,#5971,.F.);
#8376=ORIENTED_EDGE('',*,*,#5968,.T.);
#8377=ORIENTED_EDGE('',*,*,#5965,.F.);
#8378=ORIENTED_EDGE('',*,*,#5962,.T.);
#8379=ORIENTED_EDGE('',*,*,#5959,.F.);
#8380=ORIENTED_EDGE('',*,*,#5955,.F.);
#8381=ORIENTED_EDGE('',*,*,#5979,.F.);
#8382=ORIENTED_EDGE('',*,*,#5980,.T.);
#8383=ORIENTED_EDGE('',*,*,#5981,.T.);
#8384=ORIENTED_EDGE('',*,*,#5982,.F.);
#8385=ORIENTED_EDGE('',*,*,#5981,.F.);
#8386=ORIENTED_EDGE('',*,*,#5983,.T.);
#8387=ORIENTED_EDGE('',*,*,#5984,.T.);
#8388=ORIENTED_EDGE('',*,*,#5985,.F.);
#8389=ORIENTED_EDGE('',*,*,#5984,.F.);
#8390=ORIENTED_EDGE('',*,*,#5986,.T.);
#8391=ORIENTED_EDGE('',*,*,#5987,.T.);
#8392=ORIENTED_EDGE('',*,*,#5988,.F.);
#8393=ORIENTED_EDGE('',*,*,#5987,.F.);
#8394=ORIENTED_EDGE('',*,*,#5989,.F.);
#8395=ORIENTED_EDGE('',*,*,#5990,.T.);
#8396=ORIENTED_EDGE('',*,*,#5991,.T.);
#8397=ORIENTED_EDGE('',*,*,#5990,.F.);
#8398=ORIENTED_EDGE('',*,*,#5992,.T.);
#8399=ORIENTED_EDGE('',*,*,#5993,.T.);
#8400=ORIENTED_EDGE('',*,*,#5994,.F.);
#8401=ORIENTED_EDGE('',*,*,#5993,.F.);
#8402=ORIENTED_EDGE('',*,*,#5995,.F.);
#8403=ORIENTED_EDGE('',*,*,#5979,.T.);
#8404=ORIENTED_EDGE('',*,*,#5996,.T.);
#8405=ORIENTED_EDGE('',*,*,#5995,.T.);
#8406=ORIENTED_EDGE('',*,*,#5992,.F.);
#8407=ORIENTED_EDGE('',*,*,#5989,.T.);
#8408=ORIENTED_EDGE('',*,*,#5986,.F.);
#8409=ORIENTED_EDGE('',*,*,#5983,.F.);
#8410=ORIENTED_EDGE('',*,*,#5980,.F.);
#8411=ORIENTED_EDGE('',*,*,#5982,.T.);
#8412=ORIENTED_EDGE('',*,*,#5985,.T.);
#8413=ORIENTED_EDGE('',*,*,#5988,.T.);
#8414=ORIENTED_EDGE('',*,*,#5991,.F.);
#8415=ORIENTED_EDGE('',*,*,#5994,.T.);
#8416=ORIENTED_EDGE('',*,*,#5996,.F.);
#8417=ORIENTED_EDGE('',*,*,#5997,.F.);
#8418=ORIENTED_EDGE('',*,*,#5998,.T.);
#8419=ORIENTED_EDGE('',*,*,#5999,.T.);
#8420=ORIENTED_EDGE('',*,*,#6000,.F.);
#8421=ORIENTED_EDGE('',*,*,#5999,.F.);
#8422=ORIENTED_EDGE('',*,*,#6001,.T.);
#8423=ORIENTED_EDGE('',*,*,#6002,.T.);
#8424=ORIENTED_EDGE('',*,*,#6003,.F.);
#8425=ORIENTED_EDGE('',*,*,#6002,.F.);
#8426=ORIENTED_EDGE('',*,*,#6004,.T.);
#8427=ORIENTED_EDGE('',*,*,#6005,.T.);
#8428=ORIENTED_EDGE('',*,*,#6006,.F.);
#8429=ORIENTED_EDGE('',*,*,#6005,.F.);
#8430=ORIENTED_EDGE('',*,*,#6007,.F.);
#8431=ORIENTED_EDGE('',*,*,#6008,.T.);
#8432=ORIENTED_EDGE('',*,*,#6009,.T.);
#8433=ORIENTED_EDGE('',*,*,#6008,.F.);
#8434=ORIENTED_EDGE('',*,*,#6010,.T.);
#8435=ORIENTED_EDGE('',*,*,#6011,.T.);
#8436=ORIENTED_EDGE('',*,*,#6012,.F.);
#8437=ORIENTED_EDGE('',*,*,#6011,.F.);
#8438=ORIENTED_EDGE('',*,*,#6013,.F.);
#8439=ORIENTED_EDGE('',*,*,#5997,.T.);
#8440=ORIENTED_EDGE('',*,*,#6014,.T.);
#8441=ORIENTED_EDGE('',*,*,#6013,.T.);
#8442=ORIENTED_EDGE('',*,*,#6010,.F.);
#8443=ORIENTED_EDGE('',*,*,#6007,.T.);
#8444=ORIENTED_EDGE('',*,*,#6004,.F.);
#8445=ORIENTED_EDGE('',*,*,#6001,.F.);
#8446=ORIENTED_EDGE('',*,*,#5998,.F.);
#8447=ORIENTED_EDGE('',*,*,#6000,.T.);
#8448=ORIENTED_EDGE('',*,*,#6003,.T.);
#8449=ORIENTED_EDGE('',*,*,#6006,.T.);
#8450=ORIENTED_EDGE('',*,*,#6009,.F.);
#8451=ORIENTED_EDGE('',*,*,#6012,.T.);
#8452=ORIENTED_EDGE('',*,*,#6014,.F.);
#8453=ORIENTED_EDGE('',*,*,#6015,.F.);
#8454=ORIENTED_EDGE('',*,*,#6016,.F.);
#8455=ORIENTED_EDGE('',*,*,#6017,.T.);
#8456=ORIENTED_EDGE('',*,*,#6018,.T.);
#8457=ORIENTED_EDGE('',*,*,#6017,.F.);
#8458=ORIENTED_EDGE('',*,*,#6019,.F.);
#8459=ORIENTED_EDGE('',*,*,#6020,.T.);
#8460=ORIENTED_EDGE('',*,*,#6021,.T.);
#8461=ORIENTED_EDGE('',*,*,#6020,.F.);
#8462=ORIENTED_EDGE('',*,*,#6022,.F.);
#8463=ORIENTED_EDGE('',*,*,#6023,.T.);
#8464=ORIENTED_EDGE('',*,*,#6024,.T.);
#8465=ORIENTED_EDGE('',*,*,#6023,.F.);
#8466=ORIENTED_EDGE('',*,*,#6025,.F.);
#8467=ORIENTED_EDGE('',*,*,#6026,.T.);
#8468=ORIENTED_EDGE('',*,*,#6027,.T.);
#8469=ORIENTED_EDGE('',*,*,#6026,.F.);
#8470=ORIENTED_EDGE('',*,*,#6028,.T.);
#8471=ORIENTED_EDGE('',*,*,#6029,.T.);
#8472=ORIENTED_EDGE('',*,*,#6030,.F.);
#8473=ORIENTED_EDGE('',*,*,#6029,.F.);
#8474=ORIENTED_EDGE('',*,*,#6031,.F.);
#8475=ORIENTED_EDGE('',*,*,#6015,.T.);
#8476=ORIENTED_EDGE('',*,*,#6032,.T.);
#8477=ORIENTED_EDGE('',*,*,#6031,.T.);
#8478=ORIENTED_EDGE('',*,*,#6028,.F.);
#8479=ORIENTED_EDGE('',*,*,#6025,.T.);
#8480=ORIENTED_EDGE('',*,*,#6022,.T.);
#8481=ORIENTED_EDGE('',*,*,#6019,.T.);
#8482=ORIENTED_EDGE('',*,*,#6016,.T.);
#8483=ORIENTED_EDGE('',*,*,#6018,.F.);
#8484=ORIENTED_EDGE('',*,*,#6021,.F.);
#8485=ORIENTED_EDGE('',*,*,#6024,.F.);
#8486=ORIENTED_EDGE('',*,*,#6027,.F.);
#8487=ORIENTED_EDGE('',*,*,#6030,.T.);
#8488=ORIENTED_EDGE('',*,*,#6032,.F.);
#8489=ORIENTED_EDGE('',*,*,#6033,.F.);
#8490=ORIENTED_EDGE('',*,*,#6034,.F.);
#8491=ORIENTED_EDGE('',*,*,#6035,.T.);
#8492=ORIENTED_EDGE('',*,*,#6036,.T.);
#8493=ORIENTED_EDGE('',*,*,#6035,.F.);
#8494=ORIENTED_EDGE('',*,*,#6037,.F.);
#8495=ORIENTED_EDGE('',*,*,#6038,.T.);
#8496=ORIENTED_EDGE('',*,*,#6039,.T.);
#8497=ORIENTED_EDGE('',*,*,#6038,.F.);
#8498=ORIENTED_EDGE('',*,*,#6040,.F.);
#8499=ORIENTED_EDGE('',*,*,#6041,.T.);
#8500=ORIENTED_EDGE('',*,*,#6042,.T.);
#8501=ORIENTED_EDGE('',*,*,#6041,.F.);
#8502=ORIENTED_EDGE('',*,*,#6043,.F.);
#8503=ORIENTED_EDGE('',*,*,#6044,.T.);
#8504=ORIENTED_EDGE('',*,*,#6045,.T.);
#8505=ORIENTED_EDGE('',*,*,#6044,.F.);
#8506=ORIENTED_EDGE('',*,*,#6046,.T.);
#8507=ORIENTED_EDGE('',*,*,#6047,.T.);
#8508=ORIENTED_EDGE('',*,*,#6048,.F.);
#8509=ORIENTED_EDGE('',*,*,#6047,.F.);
#8510=ORIENTED_EDGE('',*,*,#6049,.F.);
#8511=ORIENTED_EDGE('',*,*,#6033,.T.);
#8512=ORIENTED_EDGE('',*,*,#6050,.T.);
#8513=ORIENTED_EDGE('',*,*,#6049,.T.);
#8514=ORIENTED_EDGE('',*,*,#6046,.F.);
#8515=ORIENTED_EDGE('',*,*,#6043,.T.);
#8516=ORIENTED_EDGE('',*,*,#6040,.T.);
#8517=ORIENTED_EDGE('',*,*,#6037,.T.);
#8518=ORIENTED_EDGE('',*,*,#6034,.T.);
#8519=ORIENTED_EDGE('',*,*,#6036,.F.);
#8520=ORIENTED_EDGE('',*,*,#6039,.F.);
#8521=ORIENTED_EDGE('',*,*,#6042,.F.);
#8522=ORIENTED_EDGE('',*,*,#6045,.F.);
#8523=ORIENTED_EDGE('',*,*,#6048,.T.);
#8524=ORIENTED_EDGE('',*,*,#6050,.F.);
#8525=ORIENTED_EDGE('',*,*,#6051,.F.);
#8526=ORIENTED_EDGE('',*,*,#6052,.F.);
#8527=ORIENTED_EDGE('',*,*,#6053,.T.);
#8528=ORIENTED_EDGE('',*,*,#6054,.T.);
#8529=ORIENTED_EDGE('',*,*,#6055,.T.);
#8530=ORIENTED_EDGE('',*,*,#6056,.T.);
#8531=ORIENTED_EDGE('',*,*,#6057,.T.);
#8532=ORIENTED_EDGE('',*,*,#6051,.T.);
#8533=ORIENTED_EDGE('',*,*,#6058,.T.);
#8534=ORIENTED_EDGE('',*,*,#6059,.T.);
#8535=ORIENTED_EDGE('',*,*,#6052,.T.);
#8536=ORIENTED_EDGE('',*,*,#6057,.F.);
#8537=ORIENTED_EDGE('',*,*,#6060,.F.);
#8538=ORIENTED_EDGE('',*,*,#6061,.T.);
#8539=ORIENTED_EDGE('',*,*,#6062,.F.);
#8540=ORIENTED_EDGE('',*,*,#6063,.F.);
#8541=ORIENTED_EDGE('',*,*,#6053,.F.);
#8542=ORIENTED_EDGE('',*,*,#6059,.F.);
#8543=ORIENTED_EDGE('',*,*,#6064,.F.);
#8544=ORIENTED_EDGE('',*,*,#6065,.F.);
#8545=ORIENTED_EDGE('',*,*,#6066,.T.);
#8546=ORIENTED_EDGE('',*,*,#6067,.T.);
#8547=ORIENTED_EDGE('',*,*,#6068,.T.);
#8548=ORIENTED_EDGE('',*,*,#6069,.T.);
#8549=ORIENTED_EDGE('',*,*,#6070,.T.);
#8550=ORIENTED_EDGE('',*,*,#6055,.F.);
#8551=ORIENTED_EDGE('',*,*,#6054,.F.);
#8552=ORIENTED_EDGE('',*,*,#6063,.T.);
#8553=ORIENTED_EDGE('',*,*,#6056,.F.);
#8554=ORIENTED_EDGE('',*,*,#6070,.F.);
#8555=ORIENTED_EDGE('',*,*,#6071,.T.);
#8556=ORIENTED_EDGE('',*,*,#6060,.T.);
#8557=ORIENTED_EDGE('',*,*,#6061,.F.);
#8558=ORIENTED_EDGE('',*,*,#6071,.F.);
#8559=ORIENTED_EDGE('',*,*,#6069,.F.);
#8560=ORIENTED_EDGE('',*,*,#6072,.T.);
#8561=ORIENTED_EDGE('',*,*,#6073,.T.);
#8562=ORIENTED_EDGE('',*,*,#6074,.F.);
#8563=ORIENTED_EDGE('',*,*,#6075,.F.);
#8564=ORIENTED_EDGE('',*,*,#6076,.T.);
#8565=ORIENTED_EDGE('',*,*,#6076,.F.);
#8566=ORIENTED_EDGE('',*,*,#6077,.T.);
#8567=ORIENTED_EDGE('',*,*,#6064,.T.);
#8568=ORIENTED_EDGE('',*,*,#6058,.F.);
#8569=ORIENTED_EDGE('',*,*,#6078,.F.);
#8570=ORIENTED_EDGE('',*,*,#6073,.F.);
#8571=ORIENTED_EDGE('',*,*,#6079,.T.);
#8572=ORIENTED_EDGE('',*,*,#6067,.F.);
#8573=ORIENTED_EDGE('',*,*,#6080,.F.);
#8574=ORIENTED_EDGE('',*,*,#6081,.T.);
#8575=ORIENTED_EDGE('',*,*,#6082,.F.);
#8576=ORIENTED_EDGE('',*,*,#6083,.F.);
#8577=ORIENTED_EDGE('',*,*,#6084,.T.);
#8578=ORIENTED_EDGE('',*,*,#6085,.T.);
#8579=ORIENTED_EDGE('',*,*,#6086,.T.);
#8580=ORIENTED_EDGE('',*,*,#6087,.T.);
#8581=ORIENTED_EDGE('',*,*,#6088,.T.);
#8582=ORIENTED_EDGE('',*,*,#6089,.T.);
#8583=ORIENTED_EDGE('',*,*,#6090,.T.);
#8584=ORIENTED_EDGE('',*,*,#6091,.T.);
#8585=ORIENTED_EDGE('',*,*,#6092,.T.);
#8586=ORIENTED_EDGE('',*,*,#6093,.T.);
#8587=ORIENTED_EDGE('',*,*,#6094,.T.);
#8588=ORIENTED_EDGE('',*,*,#6095,.T.);
#8589=ORIENTED_EDGE('',*,*,#6096,.F.);
#8590=ORIENTED_EDGE('',*,*,#6097,.F.);
#8591=ORIENTED_EDGE('',*,*,#6098,.F.);
#8592=ORIENTED_EDGE('',*,*,#6099,.T.);
#8593=ORIENTED_EDGE('',*,*,#6080,.T.);
#8594=ORIENTED_EDGE('',*,*,#6066,.F.);
#8595=ORIENTED_EDGE('',*,*,#6100,.F.);
#8596=ORIENTED_EDGE('',*,*,#6101,.T.);
#8597=ORIENTED_EDGE('',*,*,#6102,.F.);
#8598=ORIENTED_EDGE('',*,*,#6103,.T.);
#8599=ORIENTED_EDGE('',*,*,#6104,.T.);
#8600=ORIENTED_EDGE('',*,*,#6105,.T.);
#8601=ORIENTED_EDGE('',*,*,#6106,.F.);
#8602=ORIENTED_EDGE('',*,*,#6107,.T.);
#8603=ORIENTED_EDGE('',*,*,#6108,.F.);
#8604=ORIENTED_EDGE('',*,*,#6100,.T.);
#8605=ORIENTED_EDGE('',*,*,#6065,.T.);
#8606=ORIENTED_EDGE('',*,*,#6077,.F.);
#8607=ORIENTED_EDGE('',*,*,#6075,.T.);
#8608=ORIENTED_EDGE('',*,*,#6109,.T.);
#8609=ORIENTED_EDGE('',*,*,#6062,.T.);
#8610=ORIENTED_EDGE('',*,*,#6079,.F.);
#8611=ORIENTED_EDGE('',*,*,#6072,.F.);
#8612=ORIENTED_EDGE('',*,*,#6068,.F.);
#8613=ORIENTED_EDGE('',*,*,#6109,.F.);
#8614=ORIENTED_EDGE('',*,*,#6074,.T.);
#8615=ORIENTED_EDGE('',*,*,#6078,.T.);
#8616=ORIENTED_EDGE('',*,*,#6110,.F.);
#8617=ORIENTED_EDGE('',*,*,#6081,.F.);
#8618=ORIENTED_EDGE('',*,*,#6101,.F.);
#8619=ORIENTED_EDGE('',*,*,#6108,.T.);
#8620=ORIENTED_EDGE('',*,*,#6111,.T.);
#8621=ORIENTED_EDGE('',*,*,#6111,.F.);
#8622=ORIENTED_EDGE('',*,*,#6107,.F.);
#8623=ORIENTED_EDGE('',*,*,#6112,.T.);
#8624=ORIENTED_EDGE('',*,*,#6082,.T.);
#8625=ORIENTED_EDGE('',*,*,#6113,.F.);
#8626=ORIENTED_EDGE('',*,*,#6114,.F.);
#8627=ORIENTED_EDGE('',*,*,#6115,.F.);
#8628=ORIENTED_EDGE('',*,*,#6116,.F.);
#8629=ORIENTED_EDGE('',*,*,#6117,.F.);
#8630=ORIENTED_EDGE('',*,*,#6118,.T.);
#8631=ORIENTED_EDGE('',*,*,#6119,.T.);
#8632=ORIENTED_EDGE('',*,*,#6120,.T.);
#8633=ORIENTED_EDGE('',*,*,#6083,.T.);
#8634=ORIENTED_EDGE('',*,*,#6112,.F.);
#8635=ORIENTED_EDGE('',*,*,#6106,.T.);
#8636=ORIENTED_EDGE('',*,*,#6121,.F.);
#8637=ORIENTED_EDGE('',*,*,#6122,.F.);
#8638=ORIENTED_EDGE('',*,*,#6123,.F.);
#8639=ORIENTED_EDGE('',*,*,#6124,.F.);
#8640=ORIENTED_EDGE('',*,*,#6125,.T.);
#8641=ORIENTED_EDGE('',*,*,#6126,.F.);
#8642=ORIENTED_EDGE('',*,*,#6127,.F.);
#8643=ORIENTED_EDGE('',*,*,#6128,.F.);
#8644=ORIENTED_EDGE('',*,*,#6129,.F.);
#8645=ORIENTED_EDGE('',*,*,#6130,.F.);
#8646=ORIENTED_EDGE('',*,*,#6131,.F.);
#8647=ORIENTED_EDGE('',*,*,#6132,.F.);
#8648=ORIENTED_EDGE('',*,*,#6133,.F.);
#8649=ORIENTED_EDGE('',*,*,#6134,.T.);
#8650=ORIENTED_EDGE('',*,*,#6135,.F.);
#8651=ORIENTED_EDGE('',*,*,#6084,.F.);
#8652=ORIENTED_EDGE('',*,*,#6120,.F.);
#8653=ORIENTED_EDGE('',*,*,#6136,.T.);
#8654=ORIENTED_EDGE('',*,*,#6137,.T.);
#8655=ORIENTED_EDGE('',*,*,#6085,.F.);
#8656=ORIENTED_EDGE('',*,*,#6137,.F.);
#8657=ORIENTED_EDGE('',*,*,#6138,.T.);
#8658=ORIENTED_EDGE('',*,*,#6139,.T.);
#8659=ORIENTED_EDGE('',*,*,#6140,.T.);
#8660=ORIENTED_EDGE('',*,*,#6141,.T.);
#8661=ORIENTED_EDGE('',*,*,#6086,.F.);
#8662=ORIENTED_EDGE('',*,*,#6139,.F.);
#8663=ORIENTED_EDGE('',*,*,#6142,.T.);
#8664=ORIENTED_EDGE('',*,*,#6087,.F.);
#8665=ORIENTED_EDGE('',*,*,#6141,.F.);
#8666=ORIENTED_EDGE('',*,*,#6143,.T.);
#8667=ORIENTED_EDGE('',*,*,#6144,.T.);
#8668=ORIENTED_EDGE('',*,*,#6145,.T.);
#8669=ORIENTED_EDGE('',*,*,#6146,.T.);
#8670=ORIENTED_EDGE('',*,*,#6147,.T.);
#8671=ORIENTED_EDGE('',*,*,#6148,.T.);
#8672=ORIENTED_EDGE('',*,*,#6088,.F.);
#8673=ORIENTED_EDGE('',*,*,#6142,.F.);
#8674=ORIENTED_EDGE('',*,*,#6149,.T.);
#8675=ORIENTED_EDGE('',*,*,#6150,.T.);
#8676=ORIENTED_EDGE('',*,*,#6151,.T.);
#8677=ORIENTED_EDGE('',*,*,#6089,.F.);
#8678=ORIENTED_EDGE('',*,*,#6148,.F.);
#8679=ORIENTED_EDGE('',*,*,#6152,.T.);
#8680=ORIENTED_EDGE('',*,*,#6153,.T.);
#8681=ORIENTED_EDGE('',*,*,#6154,.T.);
#8682=ORIENTED_EDGE('',*,*,#6155,.F.);
#8683=ORIENTED_EDGE('',*,*,#6090,.F.);
#8684=ORIENTED_EDGE('',*,*,#6151,.F.);
#8685=ORIENTED_EDGE('',*,*,#6156,.T.);
#8686=ORIENTED_EDGE('',*,*,#6157,.T.);
#8687=ORIENTED_EDGE('',*,*,#6091,.F.);
#8688=ORIENTED_EDGE('',*,*,#6157,.F.);
#8689=ORIENTED_EDGE('',*,*,#6158,.T.);
#8690=ORIENTED_EDGE('',*,*,#6159,.T.);
#8691=ORIENTED_EDGE('',*,*,#6160,.T.);
#8692=ORIENTED_EDGE('',*,*,#6161,.T.);
#8693=ORIENTED_EDGE('',*,*,#6092,.F.);
#8694=ORIENTED_EDGE('',*,*,#6159,.F.);
#8695=ORIENTED_EDGE('',*,*,#6161,.F.);
#8696=ORIENTED_EDGE('',*,*,#6162,.T.);
#8697=ORIENTED_EDGE('',*,*,#6163,.T.);
#8698=ORIENTED_EDGE('',*,*,#6093,.F.);
#8699=ORIENTED_EDGE('',*,*,#6164,.F.);
#8700=ORIENTED_EDGE('',*,*,#6165,.F.);
#8701=ORIENTED_EDGE('',*,*,#6166,.F.);
#8702=ORIENTED_EDGE('',*,*,#6167,.T.);
#8703=ORIENTED_EDGE('',*,*,#6168,.T.);
#8704=ORIENTED_EDGE('',*,*,#6169,.T.);
#8705=ORIENTED_EDGE('',*,*,#6094,.F.);
#8706=ORIENTED_EDGE('',*,*,#6163,.F.);
#8707=ORIENTED_EDGE('',*,*,#6170,.T.);
#8708=ORIENTED_EDGE('',*,*,#6118,.F.);
#8709=ORIENTED_EDGE('',*,*,#6171,.F.);
#8710=ORIENTED_EDGE('',*,*,#6172,.T.);
#8711=ORIENTED_EDGE('',*,*,#6169,.F.);
#8712=ORIENTED_EDGE('',*,*,#6173,.F.);
#8713=ORIENTED_EDGE('',*,*,#6174,.F.);
#8714=ORIENTED_EDGE('',*,*,#6095,.F.);
#8715=ORIENTED_EDGE('',*,*,#6175,.F.);
#8716=ORIENTED_EDGE('',*,*,#6176,.F.);
#8717=ORIENTED_EDGE('',*,*,#6177,.F.);
#8718=ORIENTED_EDGE('',*,*,#6178,.F.);
#8719=ORIENTED_EDGE('',*,*,#6179,.T.);
#8720=ORIENTED_EDGE('',*,*,#6180,.T.);
#8721=ORIENTED_EDGE('',*,*,#6181,.T.);
#8722=ORIENTED_EDGE('',*,*,#6121,.T.);
#8723=ORIENTED_EDGE('',*,*,#6105,.F.);
#8724=ORIENTED_EDGE('',*,*,#6182,.F.);
#8725=ORIENTED_EDGE('',*,*,#6096,.T.);
#8726=ORIENTED_EDGE('',*,*,#6174,.T.);
#8727=ORIENTED_EDGE('',*,*,#6183,.F.);
#8728=ORIENTED_EDGE('',*,*,#6182,.T.);
#8729=ORIENTED_EDGE('',*,*,#6104,.F.);
#8730=ORIENTED_EDGE('',*,*,#6184,.T.);
#8731=ORIENTED_EDGE('',*,*,#6097,.T.);
#8732=ORIENTED_EDGE('',*,*,#6185,.T.);
#8733=ORIENTED_EDGE('',*,*,#6098,.T.);
#8734=ORIENTED_EDGE('',*,*,#6184,.F.);
#8735=ORIENTED_EDGE('',*,*,#6103,.F.);
#8736=ORIENTED_EDGE('',*,*,#6099,.F.);
#8737=ORIENTED_EDGE('',*,*,#6185,.F.);
#8738=ORIENTED_EDGE('',*,*,#6102,.T.);
#8739=ORIENTED_EDGE('',*,*,#6110,.T.);
#8740=ORIENTED_EDGE('',*,*,#6113,.T.);
#8741=ORIENTED_EDGE('',*,*,#6186,.F.);
#8742=ORIENTED_EDGE('',*,*,#6187,.T.);
#8743=ORIENTED_EDGE('',*,*,#6188,.T.);
#8744=ORIENTED_EDGE('',*,*,#6189,.F.);
#8745=ORIENTED_EDGE('',*,*,#6190,.T.);
#8746=ORIENTED_EDGE('',*,*,#6114,.T.);
#8747=ORIENTED_EDGE('',*,*,#6188,.F.);
#8748=ORIENTED_EDGE('',*,*,#6115,.T.);
#8749=ORIENTED_EDGE('',*,*,#6190,.F.);
#8750=ORIENTED_EDGE('',*,*,#6191,.T.);
#8751=ORIENTED_EDGE('',*,*,#6192,.T.);
#8752=ORIENTED_EDGE('',*,*,#6193,.F.);
#8753=ORIENTED_EDGE('',*,*,#6194,.T.);
#8754=ORIENTED_EDGE('',*,*,#6116,.T.);
#8755=ORIENTED_EDGE('',*,*,#6192,.F.);
#8756=ORIENTED_EDGE('',*,*,#6195,.T.);
#8757=ORIENTED_EDGE('',*,*,#6196,.T.);
#8758=ORIENTED_EDGE('',*,*,#6171,.T.);
#8759=ORIENTED_EDGE('',*,*,#6117,.T.);
#8760=ORIENTED_EDGE('',*,*,#6194,.F.);
#8761=ORIENTED_EDGE('',*,*,#6158,.F.);
#8762=ORIENTED_EDGE('',*,*,#6156,.F.);
#8763=ORIENTED_EDGE('',*,*,#6150,.F.);
#8764=ORIENTED_EDGE('',*,*,#6197,.F.);
#8765=ORIENTED_EDGE('',*,*,#6143,.F.);
#8766=ORIENTED_EDGE('',*,*,#6140,.F.);
#8767=ORIENTED_EDGE('',*,*,#6138,.F.);
#8768=ORIENTED_EDGE('',*,*,#6136,.F.);
#8769=ORIENTED_EDGE('',*,*,#6119,.F.);
#8770=ORIENTED_EDGE('',*,*,#6170,.F.);
#8771=ORIENTED_EDGE('',*,*,#6162,.F.);
#8772=ORIENTED_EDGE('',*,*,#6160,.F.);
#8773=ORIENTED_EDGE('',*,*,#6198,.T.);
#8774=ORIENTED_EDGE('',*,*,#6199,.T.);
#8775=ORIENTED_EDGE('',*,*,#6122,.T.);
#8776=ORIENTED_EDGE('',*,*,#6181,.F.);
#8777=ORIENTED_EDGE('',*,*,#6200,.F.);
#8778=ORIENTED_EDGE('',*,*,#6201,.F.);
#8779=ORIENTED_EDGE('',*,*,#6202,.T.);
#8780=ORIENTED_EDGE('',*,*,#6123,.T.);
#8781=ORIENTED_EDGE('',*,*,#6199,.F.);
#8782=ORIENTED_EDGE('',*,*,#6124,.T.);
#8783=ORIENTED_EDGE('',*,*,#6202,.F.);
#8784=ORIENTED_EDGE('',*,*,#6203,.T.);
#8785=ORIENTED_EDGE('',*,*,#6204,.T.);
#8786=ORIENTED_EDGE('',*,*,#6205,.T.);
#8787=ORIENTED_EDGE('',*,*,#6125,.F.);
#8788=ORIENTED_EDGE('',*,*,#6204,.F.);
#8789=ORIENTED_EDGE('',*,*,#6206,.T.);
#8790=ORIENTED_EDGE('',*,*,#6126,.T.);
#8791=ORIENTED_EDGE('',*,*,#6205,.F.);
#8792=ORIENTED_EDGE('',*,*,#6207,.T.);
#8793=ORIENTED_EDGE('',*,*,#6208,.T.);
#8794=ORIENTED_EDGE('',*,*,#6208,.F.);
#8795=ORIENTED_EDGE('',*,*,#6209,.T.);
#8796=ORIENTED_EDGE('',*,*,#6210,.T.);
#8797=ORIENTED_EDGE('',*,*,#6127,.T.);
#8798=ORIENTED_EDGE('',*,*,#6129,.T.);
#8799=ORIENTED_EDGE('',*,*,#6211,.F.);
#8800=ORIENTED_EDGE('',*,*,#6212,.T.);
#8801=ORIENTED_EDGE('',*,*,#6213,.T.);
#8802=ORIENTED_EDGE('',*,*,#6213,.F.);
#8803=ORIENTED_EDGE('',*,*,#6214,.F.);
#8804=ORIENTED_EDGE('',*,*,#6215,.T.);
#8805=ORIENTED_EDGE('',*,*,#6130,.T.);
#8806=ORIENTED_EDGE('',*,*,#6131,.T.);
#8807=ORIENTED_EDGE('',*,*,#6215,.F.);
#8808=ORIENTED_EDGE('',*,*,#6216,.F.);
#8809=ORIENTED_EDGE('',*,*,#6217,.T.);
#8810=ORIENTED_EDGE('',*,*,#6218,.F.);
#8811=ORIENTED_EDGE('',*,*,#6219,.F.);
#8812=ORIENTED_EDGE('',*,*,#6220,.T.);
#8813=ORIENTED_EDGE('',*,*,#6221,.T.);
#8814=ORIENTED_EDGE('',*,*,#6222,.T.);
#8815=ORIENTED_EDGE('',*,*,#6132,.T.);
#8816=ORIENTED_EDGE('',*,*,#6217,.F.);
#8817=ORIENTED_EDGE('',*,*,#6223,.F.);
#8818=ORIENTED_EDGE('',*,*,#6133,.T.);
#8819=ORIENTED_EDGE('',*,*,#6222,.F.);
#8820=ORIENTED_EDGE('',*,*,#6224,.T.);
#8821=ORIENTED_EDGE('',*,*,#6225,.T.);
#8822=ORIENTED_EDGE('',*,*,#6186,.T.);
#8823=ORIENTED_EDGE('',*,*,#6135,.T.);
#8824=ORIENTED_EDGE('',*,*,#6226,.F.);
#8825=ORIENTED_EDGE('',*,*,#6227,.F.);
#8826=ORIENTED_EDGE('',*,*,#6144,.F.);
#8827=ORIENTED_EDGE('',*,*,#6197,.T.);
#8828=ORIENTED_EDGE('',*,*,#6155,.T.);
#8829=ORIENTED_EDGE('',*,*,#6228,.F.);
#8830=ORIENTED_EDGE('',*,*,#6228,.T.);
#8831=ORIENTED_EDGE('',*,*,#6154,.F.);
#8832=ORIENTED_EDGE('',*,*,#6229,.T.);
#8833=ORIENTED_EDGE('',*,*,#6230,.T.);
#8834=ORIENTED_EDGE('',*,*,#6231,.F.);
#8835=ORIENTED_EDGE('',*,*,#6145,.F.);
#8836=ORIENTED_EDGE('',*,*,#6232,.F.);
#8837=ORIENTED_EDGE('',*,*,#6146,.F.);
#8838=ORIENTED_EDGE('',*,*,#6231,.T.);
#8839=ORIENTED_EDGE('',*,*,#6233,.T.);
#8840=ORIENTED_EDGE('',*,*,#6149,.F.);
#8841=ORIENTED_EDGE('',*,*,#6147,.F.);
#8842=ORIENTED_EDGE('',*,*,#6232,.T.);
#8843=ORIENTED_EDGE('',*,*,#6234,.T.);
#8844=ORIENTED_EDGE('',*,*,#6235,.F.);
#8845=ORIENTED_EDGE('',*,*,#6152,.F.);
#8846=ORIENTED_EDGE('',*,*,#6229,.F.);
#8847=ORIENTED_EDGE('',*,*,#6153,.F.);
#8848=ORIENTED_EDGE('',*,*,#6235,.T.);
#8849=ORIENTED_EDGE('',*,*,#6236,.T.);
#8850=ORIENTED_EDGE('',*,*,#6237,.F.);
#8851=ORIENTED_EDGE('',*,*,#6238,.T.);
#8852=ORIENTED_EDGE('',*,*,#6239,.F.);
#8853=ORIENTED_EDGE('',*,*,#6172,.F.);
#8854=ORIENTED_EDGE('',*,*,#6240,.T.);
#8855=ORIENTED_EDGE('',*,*,#6180,.F.);
#8856=ORIENTED_EDGE('',*,*,#6241,.F.);
#8857=ORIENTED_EDGE('',*,*,#6242,.T.);
#8858=ORIENTED_EDGE('',*,*,#6243,.T.);
#8859=ORIENTED_EDGE('',*,*,#6244,.F.);
#8860=ORIENTED_EDGE('',*,*,#6245,.F.);
#8861=ORIENTED_EDGE('',*,*,#6246,.T.);
#8862=ORIENTED_EDGE('',*,*,#6175,.T.);
#8863=ORIENTED_EDGE('',*,*,#6246,.F.);
#8864=ORIENTED_EDGE('',*,*,#6227,.T.);
#8865=ORIENTED_EDGE('',*,*,#6247,.F.);
#8866=ORIENTED_EDGE('',*,*,#6248,.F.);
#8867=ORIENTED_EDGE('',*,*,#6249,.T.);
#8868=ORIENTED_EDGE('',*,*,#6209,.F.);
#8869=ORIENTED_EDGE('',*,*,#6207,.F.);
#8870=ORIENTED_EDGE('',*,*,#6206,.F.);
#8871=ORIENTED_EDGE('',*,*,#6203,.F.);
#8872=ORIENTED_EDGE('',*,*,#6201,.T.);
#8873=ORIENTED_EDGE('',*,*,#6198,.F.);
#8874=ORIENTED_EDGE('',*,*,#6250,.F.);
#8875=ORIENTED_EDGE('',*,*,#6195,.F.);
#8876=ORIENTED_EDGE('',*,*,#6193,.T.);
#8877=ORIENTED_EDGE('',*,*,#6191,.F.);
#8878=ORIENTED_EDGE('',*,*,#6189,.T.);
#8879=ORIENTED_EDGE('',*,*,#6187,.F.);
#8880=ORIENTED_EDGE('',*,*,#6250,.T.);
#8881=ORIENTED_EDGE('',*,*,#6200,.T.);
#8882=ORIENTED_EDGE('',*,*,#6240,.F.);
#8883=ORIENTED_EDGE('',*,*,#6196,.F.);
#8884=ORIENTED_EDGE('',*,*,#6251,.T.);
#8885=ORIENTED_EDGE('',*,*,#6252,.T.);
#8886=ORIENTED_EDGE('',*,*,#6253,.F.);
#8887=ORIENTED_EDGE('',*,*,#6224,.F.);
#8888=ORIENTED_EDGE('',*,*,#6223,.T.);
#8889=ORIENTED_EDGE('',*,*,#6216,.T.);
#8890=ORIENTED_EDGE('',*,*,#6214,.T.);
#8891=ORIENTED_EDGE('',*,*,#6212,.F.);
#8892=ORIENTED_EDGE('',*,*,#6221,.F.);
#8893=ORIENTED_EDGE('',*,*,#6254,.T.);
#8894=ORIENTED_EDGE('',*,*,#6255,.T.);
#8895=ORIENTED_EDGE('',*,*,#6256,.F.);
#8896=ORIENTED_EDGE('',*,*,#6257,.T.);
#8897=ORIENTED_EDGE('',*,*,#6258,.T.);
#8898=ORIENTED_EDGE('',*,*,#6254,.F.);
#8899=ORIENTED_EDGE('',*,*,#6220,.F.);
#8900=ORIENTED_EDGE('',*,*,#6259,.F.);
#8901=ORIENTED_EDGE('',*,*,#6257,.F.);
#8902=ORIENTED_EDGE('',*,*,#6219,.T.);
#8903=ORIENTED_EDGE('',*,*,#6260,.T.);
#8904=ORIENTED_EDGE('',*,*,#6218,.T.);
#8905=ORIENTED_EDGE('',*,*,#6256,.T.);
#8906=ORIENTED_EDGE('',*,*,#6261,.F.);
#8907=ORIENTED_EDGE('',*,*,#6260,.F.);
#8908=ORIENTED_EDGE('',*,*,#6233,.F.);
#8909=ORIENTED_EDGE('',*,*,#6230,.F.);
#8910=ORIENTED_EDGE('',*,*,#6236,.F.);
#8911=ORIENTED_EDGE('',*,*,#6234,.F.);
#8912=ORIENTED_EDGE('',*,*,#6245,.T.);
#8913=ORIENTED_EDGE('',*,*,#6262,.F.);
#8914=ORIENTED_EDGE('',*,*,#6263,.T.);
#8915=ORIENTED_EDGE('',*,*,#6264,.T.);
#8916=ORIENTED_EDGE('',*,*,#6265,.F.);
#8917=ORIENTED_EDGE('',*,*,#6266,.F.);
#8918=ORIENTED_EDGE('',*,*,#6267,.T.);
#8919=ORIENTED_EDGE('',*,*,#6268,.T.);
#8920=ORIENTED_EDGE('',*,*,#6269,.F.);
#8921=ORIENTED_EDGE('',*,*,#6270,.F.);
#8922=ORIENTED_EDGE('',*,*,#6271,.T.);
#8923=ORIENTED_EDGE('',*,*,#6272,.T.);
#8924=ORIENTED_EDGE('',*,*,#6273,.F.);
#8925=ORIENTED_EDGE('',*,*,#6255,.F.);
#8926=ORIENTED_EDGE('',*,*,#6258,.F.);
#8927=ORIENTED_EDGE('',*,*,#6259,.T.);
#8928=ORIENTED_EDGE('',*,*,#6261,.T.);
#8929=ORIENTED_EDGE('',*,*,#6176,.T.);
#8930=ORIENTED_EDGE('',*,*,#6274,.T.);
#8931=ORIENTED_EDGE('',*,*,#6167,.F.);
#8932=ORIENTED_EDGE('',*,*,#6275,.F.);
#8933=ORIENTED_EDGE('',*,*,#6276,.T.);
#8934=ORIENTED_EDGE('',*,*,#6277,.F.);
#8935=ORIENTED_EDGE('',*,*,#6274,.F.);
#8936=ORIENTED_EDGE('',*,*,#6183,.T.);
#8937=ORIENTED_EDGE('',*,*,#6173,.T.);
#8938=ORIENTED_EDGE('',*,*,#6168,.F.);
#8939=ORIENTED_EDGE('',*,*,#6278,.F.);
#8940=ORIENTED_EDGE('',*,*,#6279,.F.);
#8941=ORIENTED_EDGE('',*,*,#6244,.T.);
#8942=ORIENTED_EDGE('',*,*,#6280,.T.);
#8943=ORIENTED_EDGE('',*,*,#6281,.F.);
#8944=ORIENTED_EDGE('',*,*,#6282,.F.);
#8945=ORIENTED_EDGE('',*,*,#6283,.T.);
#8946=ORIENTED_EDGE('',*,*,#6278,.T.);
#8947=ORIENTED_EDGE('',*,*,#6284,.F.);
#8948=ORIENTED_EDGE('',*,*,#6238,.F.);
#8949=ORIENTED_EDGE('',*,*,#6285,.T.);
#8950=ORIENTED_EDGE('',*,*,#6286,.T.);
#8951=ORIENTED_EDGE('',*,*,#6287,.T.);
#8952=ORIENTED_EDGE('',*,*,#6165,.T.);
#8953=ORIENTED_EDGE('',*,*,#6288,.F.);
#8954=ORIENTED_EDGE('',*,*,#6289,.F.);
#8955=ORIENTED_EDGE('',*,*,#6288,.T.);
#8956=ORIENTED_EDGE('',*,*,#6164,.T.);
#8957=ORIENTED_EDGE('',*,*,#6239,.T.);
#8958=ORIENTED_EDGE('',*,*,#6284,.T.);
#8959=ORIENTED_EDGE('',*,*,#6290,.T.);
#8960=ORIENTED_EDGE('',*,*,#6290,.F.);
#8961=ORIENTED_EDGE('',*,*,#6286,.F.);
#8962=ORIENTED_EDGE('',*,*,#6291,.T.);
#8963=ORIENTED_EDGE('',*,*,#6289,.T.);
#8964=ORIENTED_EDGE('',*,*,#6292,.F.);
#8965=ORIENTED_EDGE('',*,*,#6293,.T.);
#8966=ORIENTED_EDGE('',*,*,#6294,.T.);
#8967=ORIENTED_EDGE('',*,*,#6295,.F.);
#8968=ORIENTED_EDGE('',*,*,#6296,.F.);
#8969=ORIENTED_EDGE('',*,*,#6297,.F.);
#8970=ORIENTED_EDGE('',*,*,#6298,.T.);
#8971=ORIENTED_EDGE('',*,*,#6299,.T.);
#8972=ORIENTED_EDGE('',*,*,#6300,.T.);
#8973=ORIENTED_EDGE('',*,*,#6301,.T.);
#8974=ORIENTED_EDGE('',*,*,#6299,.F.);
#8975=ORIENTED_EDGE('',*,*,#6302,.F.);
#8976=ORIENTED_EDGE('',*,*,#6303,.F.);
#8977=ORIENTED_EDGE('',*,*,#6300,.F.);
#8978=ORIENTED_EDGE('',*,*,#6304,.T.);
#8979=ORIENTED_EDGE('',*,*,#6305,.T.);
#8980=ORIENTED_EDGE('',*,*,#6306,.T.);
#8981=ORIENTED_EDGE('',*,*,#6297,.T.);
#8982=ORIENTED_EDGE('',*,*,#6307,.F.);
#8983=ORIENTED_EDGE('',*,*,#6308,.F.);
#8984=ORIENTED_EDGE('',*,*,#6309,.F.);
#8985=ORIENTED_EDGE('',*,*,#6310,.F.);
#8986=ORIENTED_EDGE('',*,*,#6311,.T.);
#8987=ORIENTED_EDGE('',*,*,#6308,.T.);
#8988=ORIENTED_EDGE('',*,*,#6312,.F.);
#8989=ORIENTED_EDGE('',*,*,#6293,.F.);
#8990=ORIENTED_EDGE('',*,*,#6313,.T.);
#8991=ORIENTED_EDGE('',*,*,#6314,.T.);
#8992=ORIENTED_EDGE('',*,*,#6315,.T.);
#8993=ORIENTED_EDGE('',*,*,#6310,.T.);
#8994=ORIENTED_EDGE('',*,*,#6316,.F.);
#8995=ORIENTED_EDGE('',*,*,#6317,.F.);
#8996=ORIENTED_EDGE('',*,*,#6318,.F.);
#8997=ORIENTED_EDGE('',*,*,#6314,.F.);
#8998=ORIENTED_EDGE('',*,*,#6319,.T.);
#8999=ORIENTED_EDGE('',*,*,#6317,.T.);
#9000=ORIENTED_EDGE('',*,*,#6320,.F.);
#9001=ORIENTED_EDGE('',*,*,#6321,.F.);
#9002=ORIENTED_EDGE('',*,*,#6295,.T.);
#9003=ORIENTED_EDGE('',*,*,#6322,.T.);
#9004=ORIENTED_EDGE('',*,*,#6323,.T.);
#9005=ORIENTED_EDGE('',*,*,#6324,.T.);
#9006=ORIENTED_EDGE('',*,*,#6305,.F.);
#9007=ORIENTED_EDGE('',*,*,#6325,.F.);
#9008=ORIENTED_EDGE('',*,*,#6322,.F.);
#9009=ORIENTED_EDGE('',*,*,#6294,.F.);
#9010=ORIENTED_EDGE('',*,*,#6312,.T.);
#9011=ORIENTED_EDGE('',*,*,#6318,.T.);
#9012=ORIENTED_EDGE('',*,*,#6316,.T.);
#9013=ORIENTED_EDGE('',*,*,#6309,.T.);
#9014=ORIENTED_EDGE('',*,*,#6307,.T.);
#9015=ORIENTED_EDGE('',*,*,#6296,.T.);
#9016=ORIENTED_EDGE('',*,*,#6301,.F.);
#9017=ORIENTED_EDGE('',*,*,#6303,.T.);
#9018=ORIENTED_EDGE('',*,*,#6324,.F.);
#9019=ORIENTED_EDGE('',*,*,#6326,.T.);
#9020=ORIENTED_EDGE('',*,*,#6326,.F.);
#9021=ORIENTED_EDGE('',*,*,#6323,.F.);
#9022=ORIENTED_EDGE('',*,*,#6327,.T.);
#9023=ORIENTED_EDGE('',*,*,#6320,.T.);
#9024=ORIENTED_EDGE('',*,*,#6328,.F.);
#9025=ORIENTED_EDGE('',*,*,#6276,.F.);
#9026=ORIENTED_EDGE('',*,*,#6329,.T.);
#9027=ORIENTED_EDGE('',*,*,#6330,.T.);
#9028=ORIENTED_EDGE('',*,*,#6331,.T.);
#9029=ORIENTED_EDGE('',*,*,#6178,.T.);
#9030=ORIENTED_EDGE('',*,*,#6332,.F.);
#9031=ORIENTED_EDGE('',*,*,#6333,.F.);
#9032=ORIENTED_EDGE('',*,*,#6332,.T.);
#9033=ORIENTED_EDGE('',*,*,#6177,.T.);
#9034=ORIENTED_EDGE('',*,*,#6277,.T.);
#9035=ORIENTED_EDGE('',*,*,#6328,.T.);
#9036=ORIENTED_EDGE('',*,*,#6334,.T.);
#9037=ORIENTED_EDGE('',*,*,#6334,.F.);
#9038=ORIENTED_EDGE('',*,*,#6330,.F.);
#9039=ORIENTED_EDGE('',*,*,#6335,.T.);
#9040=ORIENTED_EDGE('',*,*,#6333,.T.);
#9041=ORIENTED_EDGE('',*,*,#6336,.T.);
#9042=ORIENTED_EDGE('',*,*,#6241,.T.);
#9043=ORIENTED_EDGE('',*,*,#6179,.F.);
#9044=ORIENTED_EDGE('',*,*,#6331,.F.);
#9045=ORIENTED_EDGE('',*,*,#6335,.F.);
#9046=ORIENTED_EDGE('',*,*,#6329,.F.);
#9047=ORIENTED_EDGE('',*,*,#6275,.T.);
#9048=ORIENTED_EDGE('',*,*,#6166,.T.);
#9049=ORIENTED_EDGE('',*,*,#6287,.F.);
#9050=ORIENTED_EDGE('',*,*,#6291,.F.);
#9051=ORIENTED_EDGE('',*,*,#6285,.F.);
#9052=ORIENTED_EDGE('',*,*,#6237,.T.);
#9053=ORIENTED_EDGE('',*,*,#6279,.T.);
#9054=ORIENTED_EDGE('',*,*,#6283,.F.);
#9055=ORIENTED_EDGE('',*,*,#6337,.T.);
#9056=ORIENTED_EDGE('',*,*,#6338,.T.);
#9057=ORIENTED_EDGE('',*,*,#6325,.T.);
#9058=ORIENTED_EDGE('',*,*,#6304,.F.);
#9059=ORIENTED_EDGE('',*,*,#6302,.T.);
#9060=ORIENTED_EDGE('',*,*,#6298,.F.);
#9061=ORIENTED_EDGE('',*,*,#6306,.F.);
#9062=ORIENTED_EDGE('',*,*,#6311,.F.);
#9063=ORIENTED_EDGE('',*,*,#6315,.F.);
#9064=ORIENTED_EDGE('',*,*,#6319,.F.);
#9065=ORIENTED_EDGE('',*,*,#6313,.F.);
#9066=ORIENTED_EDGE('',*,*,#6292,.T.);
#9067=ORIENTED_EDGE('',*,*,#6321,.T.);
#9068=ORIENTED_EDGE('',*,*,#6327,.F.);
#9069=ORIENTED_EDGE('',*,*,#6339,.T.);
#9070=ORIENTED_EDGE('',*,*,#6242,.F.);
#9071=ORIENTED_EDGE('',*,*,#6336,.F.);
#9072=ORIENTED_EDGE('',*,*,#6340,.T.);
#9073=ORIENTED_EDGE('',*,*,#6341,.F.);
#9074=ORIENTED_EDGE('',*,*,#6281,.T.);
#9075=ORIENTED_EDGE('',*,*,#6280,.F.);
#9076=ORIENTED_EDGE('',*,*,#6243,.F.);
#9077=ORIENTED_EDGE('',*,*,#6339,.F.);
#9078=ORIENTED_EDGE('',*,*,#6342,.T.);
#9079=ORIENTED_EDGE('',*,*,#6343,.F.);
#9080=ORIENTED_EDGE('',*,*,#6337,.F.);
#9081=ORIENTED_EDGE('',*,*,#6282,.T.);
#9082=ORIENTED_EDGE('',*,*,#6341,.T.);
#9083=ORIENTED_EDGE('',*,*,#6342,.F.);
#9084=ORIENTED_EDGE('',*,*,#6340,.F.);
#9085=ORIENTED_EDGE('',*,*,#6338,.F.);
#9086=ORIENTED_EDGE('',*,*,#6343,.T.);
#9087=ORIENTED_EDGE('',*,*,#6344,.F.);
#9088=ORIENTED_EDGE('',*,*,#6345,.F.);
#9089=ORIENTED_EDGE('',*,*,#6346,.T.);
#9090=ORIENTED_EDGE('',*,*,#6347,.T.);
#9091=ORIENTED_EDGE('',*,*,#6348,.F.);
#9092=ORIENTED_EDGE('',*,*,#6268,.F.);
#9093=ORIENTED_EDGE('',*,*,#6349,.T.);
#9094=ORIENTED_EDGE('',*,*,#6350,.T.);
#9095=ORIENTED_EDGE('',*,*,#6351,.F.);
#9096=ORIENTED_EDGE('',*,*,#6352,.F.);
#9097=ORIENTED_EDGE('',*,*,#6345,.T.);
#9098=ORIENTED_EDGE('',*,*,#6353,.T.);
#9099=ORIENTED_EDGE('',*,*,#6354,.F.);
#9100=ORIENTED_EDGE('',*,*,#6350,.F.);
#9101=ORIENTED_EDGE('',*,*,#6355,.T.);
#9102=ORIENTED_EDGE('',*,*,#6351,.T.);
#9103=ORIENTED_EDGE('',*,*,#6356,.T.);
#9104=ORIENTED_EDGE('',*,*,#6357,.F.);
#9105=ORIENTED_EDGE('',*,*,#6251,.F.);
#9106=ORIENTED_EDGE('',*,*,#6211,.T.);
#9107=ORIENTED_EDGE('',*,*,#6128,.T.);
#9108=ORIENTED_EDGE('',*,*,#6210,.F.);
#9109=ORIENTED_EDGE('',*,*,#6249,.F.);
#9110=ORIENTED_EDGE('',*,*,#6358,.T.);
#9111=ORIENTED_EDGE('',*,*,#6359,.T.);
#9112=ORIENTED_EDGE('',*,*,#6266,.T.);
#9113=ORIENTED_EDGE('',*,*,#6360,.F.);
#9114=ORIENTED_EDGE('',*,*,#6361,.F.);
#9115=ORIENTED_EDGE('',*,*,#6362,.F.);
#9116=ORIENTED_EDGE('',*,*,#6356,.F.);
#9117=ORIENTED_EDGE('',*,*,#6363,.T.);
#9118=ORIENTED_EDGE('',*,*,#6361,.T.);
#9119=ORIENTED_EDGE('',*,*,#6364,.F.);
#9120=ORIENTED_EDGE('',*,*,#6365,.F.);
#9121=ORIENTED_EDGE('',*,*,#6366,.T.);
#9122=ORIENTED_EDGE('',*,*,#6367,.T.);
#9123=ORIENTED_EDGE('',*,*,#6368,.T.);
#9124=ORIENTED_EDGE('',*,*,#6270,.T.);
#9125=ORIENTED_EDGE('',*,*,#6369,.F.);
#9126=ORIENTED_EDGE('',*,*,#6370,.F.);
#9127=ORIENTED_EDGE('',*,*,#6371,.F.);
#9128=ORIENTED_EDGE('',*,*,#6367,.F.);
#9129=ORIENTED_EDGE('',*,*,#6372,.T.);
#9130=ORIENTED_EDGE('',*,*,#6373,.T.);
#9131=ORIENTED_EDGE('',*,*,#6374,.F.);
#9132=ORIENTED_EDGE('',*,*,#6373,.F.);
#9133=ORIENTED_EDGE('',*,*,#6375,.T.);
#9134=ORIENTED_EDGE('',*,*,#6370,.T.);
#9135=ORIENTED_EDGE('',*,*,#6376,.F.);
#9136=ORIENTED_EDGE('',*,*,#6247,.T.);
#9137=ORIENTED_EDGE('',*,*,#6226,.T.);
#9138=ORIENTED_EDGE('',*,*,#6134,.F.);
#9139=ORIENTED_EDGE('',*,*,#6225,.F.);
#9140=ORIENTED_EDGE('',*,*,#6253,.T.);
#9141=ORIENTED_EDGE('',*,*,#6377,.T.);
#9142=ORIENTED_EDGE('',*,*,#6378,.F.);
#9143=ORIENTED_EDGE('',*,*,#6379,.F.);
#9144=ORIENTED_EDGE('',*,*,#6272,.F.);
#9145=ORIENTED_EDGE('',*,*,#6380,.T.);
#9146=ORIENTED_EDGE('',*,*,#6381,.T.);
#9147=ORIENTED_EDGE('',*,*,#6382,.F.);
#9148=ORIENTED_EDGE('',*,*,#6381,.F.);
#9149=ORIENTED_EDGE('',*,*,#6383,.T.);
#9150=ORIENTED_EDGE('',*,*,#6378,.T.);
#9151=ORIENTED_EDGE('',*,*,#6384,.T.);
#9152=ORIENTED_EDGE('',*,*,#6264,.F.);
#9153=ORIENTED_EDGE('',*,*,#6385,.F.);
#9154=ORIENTED_EDGE('',*,*,#6386,.T.);
#9155=ORIENTED_EDGE('',*,*,#6387,.T.);
#9156=ORIENTED_EDGE('',*,*,#6365,.T.);
#9157=ORIENTED_EDGE('',*,*,#6388,.F.);
#9158=ORIENTED_EDGE('',*,*,#6389,.F.);
#9159=ORIENTED_EDGE('',*,*,#6390,.F.);
#9160=ORIENTED_EDGE('',*,*,#6386,.F.);
#9161=ORIENTED_EDGE('',*,*,#6391,.T.);
#9162=ORIENTED_EDGE('',*,*,#6389,.T.);
#9163=ORIENTED_EDGE('',*,*,#6392,.T.);
#9164=ORIENTED_EDGE('',*,*,#6262,.T.);
#9165=ORIENTED_EDGE('',*,*,#6393,.F.);
#9166=ORIENTED_EDGE('',*,*,#6394,.F.);
#9167=ORIENTED_EDGE('',*,*,#6395,.F.);
#9168=ORIENTED_EDGE('',*,*,#6347,.F.);
#9169=ORIENTED_EDGE('',*,*,#6396,.T.);
#9170=ORIENTED_EDGE('',*,*,#6397,.T.);
#9171=ORIENTED_EDGE('',*,*,#6398,.F.);
#9172=ORIENTED_EDGE('',*,*,#6393,.T.);
#9173=ORIENTED_EDGE('',*,*,#6265,.T.);
#9174=ORIENTED_EDGE('',*,*,#6384,.F.);
#9175=ORIENTED_EDGE('',*,*,#6390,.T.);
#9176=ORIENTED_EDGE('',*,*,#6388,.T.);
#9177=ORIENTED_EDGE('',*,*,#6364,.T.);
#9178=ORIENTED_EDGE('',*,*,#6371,.T.);
#9179=ORIENTED_EDGE('',*,*,#6374,.T.);
#9180=ORIENTED_EDGE('',*,*,#6369,.T.);
#9181=ORIENTED_EDGE('',*,*,#6273,.T.);
#9182=ORIENTED_EDGE('',*,*,#6379,.T.);
#9183=ORIENTED_EDGE('',*,*,#6382,.T.);
#9184=ORIENTED_EDGE('',*,*,#6377,.F.);
#9185=ORIENTED_EDGE('',*,*,#6252,.F.);
#9186=ORIENTED_EDGE('',*,*,#6357,.T.);
#9187=ORIENTED_EDGE('',*,*,#6362,.T.);
#9188=ORIENTED_EDGE('',*,*,#6360,.T.);
#9189=ORIENTED_EDGE('',*,*,#6269,.T.);
#9190=ORIENTED_EDGE('',*,*,#6348,.T.);
#9191=ORIENTED_EDGE('',*,*,#6354,.T.);
#9192=ORIENTED_EDGE('',*,*,#6353,.F.);
#9193=ORIENTED_EDGE('',*,*,#6344,.T.);
#9194=ORIENTED_EDGE('',*,*,#6395,.T.);
#9195=ORIENTED_EDGE('',*,*,#6396,.F.);
#9196=ORIENTED_EDGE('',*,*,#6346,.F.);
#9197=ORIENTED_EDGE('',*,*,#6352,.T.);
#9198=ORIENTED_EDGE('',*,*,#6355,.F.);
#9199=ORIENTED_EDGE('',*,*,#6349,.F.);
#9200=ORIENTED_EDGE('',*,*,#6267,.F.);
#9201=ORIENTED_EDGE('',*,*,#6359,.F.);
#9202=ORIENTED_EDGE('',*,*,#6363,.F.);
#9203=ORIENTED_EDGE('',*,*,#6358,.F.);
#9204=ORIENTED_EDGE('',*,*,#6248,.T.);
#9205=ORIENTED_EDGE('',*,*,#6376,.T.);
#9206=ORIENTED_EDGE('',*,*,#6383,.F.);
#9207=ORIENTED_EDGE('',*,*,#6380,.F.);
#9208=ORIENTED_EDGE('',*,*,#6271,.F.);
#9209=ORIENTED_EDGE('',*,*,#6368,.F.);
#9210=ORIENTED_EDGE('',*,*,#6375,.F.);
#9211=ORIENTED_EDGE('',*,*,#6372,.F.);
#9212=ORIENTED_EDGE('',*,*,#6366,.F.);
#9213=ORIENTED_EDGE('',*,*,#6387,.F.);
#9214=ORIENTED_EDGE('',*,*,#6391,.F.);
#9215=ORIENTED_EDGE('',*,*,#6385,.T.);
#9216=ORIENTED_EDGE('',*,*,#6263,.F.);
#9217=ORIENTED_EDGE('',*,*,#6392,.F.);
#9218=ORIENTED_EDGE('',*,*,#6399,.T.);
#9219=ORIENTED_EDGE('',*,*,#6398,.T.);
#9220=ORIENTED_EDGE('',*,*,#6397,.F.);
#9221=ORIENTED_EDGE('',*,*,#6399,.F.);
#9222=ORIENTED_EDGE('',*,*,#6394,.T.);
#9223=ORIENTED_EDGE('',*,*,#6400,.F.);
#9224=ORIENTED_EDGE('',*,*,#6401,.T.);
#9225=ORIENTED_EDGE('',*,*,#6402,.T.);
#9226=ORIENTED_EDGE('',*,*,#6403,.F.);
#9227=ORIENTED_EDGE('',*,*,#6404,.F.);
#9228=ORIENTED_EDGE('',*,*,#6402,.F.);
#9229=ORIENTED_EDGE('',*,*,#6405,.T.);
#9230=ORIENTED_EDGE('',*,*,#6406,.T.);
#9231=ORIENTED_EDGE('',*,*,#6406,.F.);
#9232=ORIENTED_EDGE('',*,*,#6407,.T.);
#9233=ORIENTED_EDGE('',*,*,#6408,.T.);
#9234=ORIENTED_EDGE('',*,*,#6409,.F.);
#9235=ORIENTED_EDGE('',*,*,#6410,.T.);
#9236=ORIENTED_EDGE('',*,*,#6411,.T.);
#9237=ORIENTED_EDGE('',*,*,#6412,.F.);
#9238=ORIENTED_EDGE('',*,*,#6413,.T.);
#9239=ORIENTED_EDGE('',*,*,#6414,.T.);
#9240=ORIENTED_EDGE('',*,*,#6415,.F.);
#9241=ORIENTED_EDGE('',*,*,#6416,.F.);
#9242=ORIENTED_EDGE('',*,*,#6417,.F.);
#9243=ORIENTED_EDGE('',*,*,#6418,.F.);
#9244=ORIENTED_EDGE('',*,*,#6419,.T.);
#9245=ORIENTED_EDGE('',*,*,#6420,.T.);
#9246=ORIENTED_EDGE('',*,*,#6421,.T.);
#9247=ORIENTED_EDGE('',*,*,#6422,.F.);
#9248=ORIENTED_EDGE('',*,*,#6423,.F.);
#9249=ORIENTED_EDGE('',*,*,#6424,.T.);
#9250=ORIENTED_EDGE('',*,*,#6425,.F.);
#9251=ORIENTED_EDGE('',*,*,#6426,.F.);
#9252=ORIENTED_EDGE('',*,*,#6422,.T.);
#9253=ORIENTED_EDGE('',*,*,#6427,.T.);
#9254=ORIENTED_EDGE('',*,*,#6428,.F.);
#9255=ORIENTED_EDGE('',*,*,#6429,.T.);
#9256=ORIENTED_EDGE('',*,*,#6430,.F.);
#9257=ORIENTED_EDGE('',*,*,#6431,.F.);
#9258=ORIENTED_EDGE('',*,*,#6432,.T.);
#9259=ORIENTED_EDGE('',*,*,#6433,.T.);
#9260=ORIENTED_EDGE('',*,*,#6434,.F.);
#9261=ORIENTED_EDGE('',*,*,#6435,.F.);
#9262=ORIENTED_EDGE('',*,*,#6430,.T.);
#9263=ORIENTED_EDGE('',*,*,#6436,.T.);
#9264=ORIENTED_EDGE('',*,*,#6437,.F.);
#9265=ORIENTED_EDGE('',*,*,#6438,.F.);
#9266=ORIENTED_EDGE('',*,*,#6434,.T.);
#9267=ORIENTED_EDGE('',*,*,#6439,.T.);
#9268=ORIENTED_EDGE('',*,*,#6432,.F.);
#9269=ORIENTED_EDGE('',*,*,#6440,.F.);
#9270=ORIENTED_EDGE('',*,*,#6437,.T.);
#9271=ORIENTED_EDGE('',*,*,#6441,.T.);
#9272=ORIENTED_EDGE('',*,*,#6442,.F.);
#9273=ORIENTED_EDGE('',*,*,#6410,.F.);
#9274=ORIENTED_EDGE('',*,*,#6443,.T.);
#9275=ORIENTED_EDGE('',*,*,#6444,.F.);
#9276=ORIENTED_EDGE('',*,*,#6411,.F.);
#9277=ORIENTED_EDGE('',*,*,#6442,.T.);
#9278=ORIENTED_EDGE('',*,*,#6445,.F.);
#9279=ORIENTED_EDGE('',*,*,#6446,.F.);
#9280=ORIENTED_EDGE('',*,*,#6412,.T.);
#9281=ORIENTED_EDGE('',*,*,#6444,.T.);
#9282=ORIENTED_EDGE('',*,*,#6447,.F.);
#9283=ORIENTED_EDGE('',*,*,#6448,.T.);
#9284=ORIENTED_EDGE('',*,*,#6449,.T.);
#9285=ORIENTED_EDGE('',*,*,#6450,.F.);
#9286=ORIENTED_EDGE('',*,*,#6414,.F.);
#9287=ORIENTED_EDGE('',*,*,#6451,.F.);
#9288=ORIENTED_EDGE('',*,*,#6415,.T.);
#9289=ORIENTED_EDGE('',*,*,#6450,.T.);
#9290=ORIENTED_EDGE('',*,*,#6452,.F.);
#9291=ORIENTED_EDGE('',*,*,#6439,.F.);
#9292=ORIENTED_EDGE('',*,*,#6436,.F.);
#9293=ORIENTED_EDGE('',*,*,#6433,.F.);
#9294=ORIENTED_EDGE('',*,*,#6429,.F.);
#9295=ORIENTED_EDGE('',*,*,#6453,.F.);
#9296=ORIENTED_EDGE('',*,*,#6416,.T.);
#9297=ORIENTED_EDGE('',*,*,#6451,.T.);
#9298=ORIENTED_EDGE('',*,*,#6454,.F.);
#9299=ORIENTED_EDGE('',*,*,#6455,.F.);
#9300=ORIENTED_EDGE('',*,*,#6417,.T.);
#9301=ORIENTED_EDGE('',*,*,#6453,.T.);
#9302=ORIENTED_EDGE('',*,*,#6456,.F.);
#9303=ORIENTED_EDGE('',*,*,#6457,.F.);
#9304=ORIENTED_EDGE('',*,*,#6418,.T.);
#9305=ORIENTED_EDGE('',*,*,#6455,.T.);
#9306=ORIENTED_EDGE('',*,*,#6458,.F.);
#9307=ORIENTED_EDGE('',*,*,#6459,.F.);
#9308=ORIENTED_EDGE('',*,*,#6419,.F.);
#9309=ORIENTED_EDGE('',*,*,#6457,.T.);
#9310=ORIENTED_EDGE('',*,*,#6460,.F.);
#9311=ORIENTED_EDGE('',*,*,#6459,.T.);
#9312=ORIENTED_EDGE('',*,*,#6461,.T.);
#9313=ORIENTED_EDGE('',*,*,#6462,.F.);
#9314=ORIENTED_EDGE('',*,*,#6420,.F.);
#9315=ORIENTED_EDGE('',*,*,#6463,.T.);
#9316=ORIENTED_EDGE('',*,*,#6427,.F.);
#9317=ORIENTED_EDGE('',*,*,#6421,.F.);
#9318=ORIENTED_EDGE('',*,*,#6462,.T.);
#9319=ORIENTED_EDGE('',*,*,#6431,.T.);
#9320=ORIENTED_EDGE('',*,*,#6435,.T.);
#9321=ORIENTED_EDGE('',*,*,#6438,.T.);
#9322=ORIENTED_EDGE('',*,*,#6440,.T.);
#9323=ORIENTED_EDGE('',*,*,#6443,.F.);
#9324=ORIENTED_EDGE('',*,*,#6425,.T.);
#9325=ORIENTED_EDGE('',*,*,#6464,.T.);
#9326=ORIENTED_EDGE('',*,*,#6465,.F.);
#9327=ORIENTED_EDGE('',*,*,#6441,.F.);
#9328=ORIENTED_EDGE('',*,*,#6465,.T.);
#9329=ORIENTED_EDGE('',*,*,#6466,.T.);
#9330=ORIENTED_EDGE('',*,*,#6467,.T.);
#9331=ORIENTED_EDGE('',*,*,#6428,.T.);
#9332=ORIENTED_EDGE('',*,*,#6463,.F.);
#9333=ORIENTED_EDGE('',*,*,#6461,.F.);
#9334=ORIENTED_EDGE('',*,*,#6460,.T.);
#9335=ORIENTED_EDGE('',*,*,#6458,.T.);
#9336=ORIENTED_EDGE('',*,*,#6456,.T.);
#9337=ORIENTED_EDGE('',*,*,#6454,.T.);
#9338=ORIENTED_EDGE('',*,*,#6452,.T.);
#9339=ORIENTED_EDGE('',*,*,#6449,.F.);
#9340=ORIENTED_EDGE('',*,*,#6468,.F.);
#9341=ORIENTED_EDGE('',*,*,#6447,.T.);
#9342=ORIENTED_EDGE('',*,*,#6445,.T.);
#9343=ORIENTED_EDGE('',*,*,#6469,.T.);
#9344=ORIENTED_EDGE('',*,*,#6466,.F.);
#9345=ORIENTED_EDGE('',*,*,#6464,.F.);
#9346=ORIENTED_EDGE('',*,*,#6424,.F.);
#9347=ORIENTED_EDGE('',*,*,#6468,.T.);
#9348=ORIENTED_EDGE('',*,*,#6448,.F.);
#9349=ORIENTED_EDGE('',*,*,#6413,.F.);
#9350=ORIENTED_EDGE('',*,*,#6446,.T.);
#9351=ORIENTED_EDGE('',*,*,#6404,.T.);
#9352=ORIENTED_EDGE('',*,*,#6409,.T.);
#9353=ORIENTED_EDGE('',*,*,#6470,.F.);
#9354=ORIENTED_EDGE('',*,*,#6403,.T.);
#9355=ORIENTED_EDGE('',*,*,#6469,.F.);
#9356=ORIENTED_EDGE('',*,*,#6423,.T.);
#9357=ORIENTED_EDGE('',*,*,#6426,.T.);
#9358=ORIENTED_EDGE('',*,*,#6467,.F.);
#9359=ORIENTED_EDGE('',*,*,#6401,.F.);
#9360=ORIENTED_EDGE('',*,*,#6471,.F.);
#9361=ORIENTED_EDGE('',*,*,#6407,.F.);
#9362=ORIENTED_EDGE('',*,*,#6405,.F.);
#9363=ORIENTED_EDGE('',*,*,#6470,.T.);
#9364=ORIENTED_EDGE('',*,*,#6408,.F.);
#9365=ORIENTED_EDGE('',*,*,#6471,.T.);
#9366=ORIENTED_EDGE('',*,*,#6400,.T.);
#9367=ORIENTED_EDGE('',*,*,#6472,.T.);
#9368=ORIENTED_EDGE('',*,*,#6473,.F.);
#9369=ORIENTED_EDGE('',*,*,#6474,.F.);
#9370=ORIENTED_EDGE('',*,*,#6475,.T.);
#9371=ORIENTED_EDGE('',*,*,#6476,.F.);
#9372=ORIENTED_EDGE('',*,*,#6477,.F.);
#9373=ORIENTED_EDGE('',*,*,#6473,.T.);
#9374=ORIENTED_EDGE('',*,*,#6478,.T.);
#9375=ORIENTED_EDGE('',*,*,#6479,.T.);
#9376=ORIENTED_EDGE('',*,*,#6480,.F.);
#9377=ORIENTED_EDGE('',*,*,#6481,.F.);
#9378=ORIENTED_EDGE('',*,*,#6476,.T.);
#9379=ORIENTED_EDGE('',*,*,#6482,.T.);
#9380=ORIENTED_EDGE('',*,*,#6483,.T.);
#9381=ORIENTED_EDGE('',*,*,#6484,.T.);
#9382=ORIENTED_EDGE('',*,*,#6485,.F.);
#9383=ORIENTED_EDGE('',*,*,#6486,.F.);
#9384=ORIENTED_EDGE('',*,*,#6487,.T.);
#9385=ORIENTED_EDGE('',*,*,#6488,.F.);
#9386=ORIENTED_EDGE('',*,*,#6489,.F.);
#9387=ORIENTED_EDGE('',*,*,#6490,.T.);
#9388=ORIENTED_EDGE('',*,*,#6491,.F.);
#9389=ORIENTED_EDGE('',*,*,#6492,.T.);
#9390=ORIENTED_EDGE('',*,*,#6493,.T.);
#9391=ORIENTED_EDGE('',*,*,#6494,.F.);
#9392=ORIENTED_EDGE('',*,*,#6495,.F.);
#9393=ORIENTED_EDGE('',*,*,#6496,.F.);
#9394=ORIENTED_EDGE('',*,*,#6497,.T.);
#9395=ORIENTED_EDGE('',*,*,#6498,.T.);
#9396=ORIENTED_EDGE('',*,*,#6499,.T.);
#9397=ORIENTED_EDGE('',*,*,#6485,.T.);
#9398=ORIENTED_EDGE('',*,*,#6500,.F.);
#9399=ORIENTED_EDGE('',*,*,#6501,.F.);
#9400=ORIENTED_EDGE('',*,*,#6502,.T.);
#9401=ORIENTED_EDGE('',*,*,#6503,.T.);
#9402=ORIENTED_EDGE('',*,*,#6504,.F.);
#9403=ORIENTED_EDGE('',*,*,#6503,.F.);
#9404=ORIENTED_EDGE('',*,*,#6505,.T.);
#9405=ORIENTED_EDGE('',*,*,#6506,.T.);
#9406=ORIENTED_EDGE('',*,*,#6507,.F.);
#9407=ORIENTED_EDGE('',*,*,#6506,.F.);
#9408=ORIENTED_EDGE('',*,*,#6508,.T.);
#9409=ORIENTED_EDGE('',*,*,#6509,.T.);
#9410=ORIENTED_EDGE('',*,*,#6510,.F.);
#9411=ORIENTED_EDGE('',*,*,#6509,.F.);
#9412=ORIENTED_EDGE('',*,*,#6511,.T.);
#9413=ORIENTED_EDGE('',*,*,#6501,.T.);
#9414=ORIENTED_EDGE('',*,*,#6512,.F.);
#9415=ORIENTED_EDGE('',*,*,#6513,.F.);
#9416=ORIENTED_EDGE('',*,*,#6497,.F.);
#9417=ORIENTED_EDGE('',*,*,#6514,.T.);
#9418=ORIENTED_EDGE('',*,*,#6515,.T.);
#9419=ORIENTED_EDGE('',*,*,#6516,.T.);
#9420=ORIENTED_EDGE('',*,*,#6514,.F.);
#9421=ORIENTED_EDGE('',*,*,#6496,.T.);
#9422=ORIENTED_EDGE('',*,*,#6517,.T.);
#9423=ORIENTED_EDGE('',*,*,#6518,.T.);
#9424=ORIENTED_EDGE('',*,*,#6517,.F.);
#9425=ORIENTED_EDGE('',*,*,#6495,.T.);
#9426=ORIENTED_EDGE('',*,*,#6519,.F.);
#9427=ORIENTED_EDGE('',*,*,#6520,.F.);
#9428=ORIENTED_EDGE('',*,*,#6521,.T.);
#9429=ORIENTED_EDGE('',*,*,#6493,.F.);
#9430=ORIENTED_EDGE('',*,*,#6522,.F.);
#9431=ORIENTED_EDGE('',*,*,#6523,.T.);
#9432=ORIENTED_EDGE('',*,*,#6522,.T.);
#9433=ORIENTED_EDGE('',*,*,#6492,.F.);
#9434=ORIENTED_EDGE('',*,*,#6524,.T.);
#9435=ORIENTED_EDGE('',*,*,#6504,.T.);
#9436=ORIENTED_EDGE('',*,*,#6507,.T.);
#9437=ORIENTED_EDGE('',*,*,#6510,.T.);
#9438=ORIENTED_EDGE('',*,*,#6512,.T.);
#9439=ORIENTED_EDGE('',*,*,#6525,.T.);
#9440=ORIENTED_EDGE('',*,*,#6524,.F.);
#9441=ORIENTED_EDGE('',*,*,#6491,.T.);
#9442=ORIENTED_EDGE('',*,*,#6526,.F.);
#9443=ORIENTED_EDGE('',*,*,#6527,.T.);
#9444=ORIENTED_EDGE('',*,*,#6526,.T.);
#9445=ORIENTED_EDGE('',*,*,#6490,.F.);
#9446=ORIENTED_EDGE('',*,*,#6528,.T.);
#9447=ORIENTED_EDGE('',*,*,#6529,.F.);
#9448=ORIENTED_EDGE('',*,*,#6528,.F.);
#9449=ORIENTED_EDGE('',*,*,#6489,.T.);
#9450=ORIENTED_EDGE('',*,*,#6530,.T.);
#9451=ORIENTED_EDGE('',*,*,#6531,.T.);
#9452=ORIENTED_EDGE('',*,*,#6530,.F.);
#9453=ORIENTED_EDGE('',*,*,#6488,.T.);
#9454=ORIENTED_EDGE('',*,*,#6532,.T.);
#9455=ORIENTED_EDGE('',*,*,#6533,.F.);
#9456=ORIENTED_EDGE('',*,*,#6532,.F.);
#9457=ORIENTED_EDGE('',*,*,#6487,.F.);
#9458=ORIENTED_EDGE('',*,*,#6534,.F.);
#9459=ORIENTED_EDGE('',*,*,#6534,.T.);
#9460=ORIENTED_EDGE('',*,*,#6486,.T.);
#9461=ORIENTED_EDGE('',*,*,#6499,.F.);
#9462=ORIENTED_EDGE('',*,*,#6535,.F.);
#9463=ORIENTED_EDGE('',*,*,#6511,.F.);
#9464=ORIENTED_EDGE('',*,*,#6508,.F.);
#9465=ORIENTED_EDGE('',*,*,#6505,.F.);
#9466=ORIENTED_EDGE('',*,*,#6502,.F.);
#9467=ORIENTED_EDGE('',*,*,#6536,.T.);
#9468=ORIENTED_EDGE('',*,*,#6537,.F.);
#9469=ORIENTED_EDGE('',*,*,#6482,.F.);
#9470=ORIENTED_EDGE('',*,*,#6513,.T.);
#9471=ORIENTED_EDGE('',*,*,#6516,.F.);
#9472=ORIENTED_EDGE('',*,*,#6518,.F.);
#9473=ORIENTED_EDGE('',*,*,#6538,.T.);
#9474=ORIENTED_EDGE('',*,*,#6520,.T.);
#9475=ORIENTED_EDGE('',*,*,#6523,.F.);
#9476=ORIENTED_EDGE('',*,*,#6525,.F.);
#9477=ORIENTED_EDGE('',*,*,#6527,.F.);
#9478=ORIENTED_EDGE('',*,*,#6529,.T.);
#9479=ORIENTED_EDGE('',*,*,#6531,.F.);
#9480=ORIENTED_EDGE('',*,*,#6533,.T.);
#9481=ORIENTED_EDGE('',*,*,#6535,.T.);
#9482=ORIENTED_EDGE('',*,*,#6498,.F.);
#9483=ORIENTED_EDGE('',*,*,#6539,.F.);
#9484=ORIENTED_EDGE('',*,*,#6540,.T.);
#9485=ORIENTED_EDGE('',*,*,#6536,.F.);
#9486=ORIENTED_EDGE('',*,*,#6515,.F.);
#9487=ORIENTED_EDGE('',*,*,#6540,.F.);
#9488=ORIENTED_EDGE('',*,*,#6541,.T.);
#9489=ORIENTED_EDGE('',*,*,#6483,.F.);
#9490=ORIENTED_EDGE('',*,*,#6537,.T.);
#9491=ORIENTED_EDGE('',*,*,#6519,.T.);
#9492=ORIENTED_EDGE('',*,*,#6494,.T.);
#9493=ORIENTED_EDGE('',*,*,#6521,.F.);
#9494=ORIENTED_EDGE('',*,*,#6538,.F.);
#9495=ORIENTED_EDGE('',*,*,#6472,.F.);
#9496=ORIENTED_EDGE('',*,*,#6542,.T.);
#9497=ORIENTED_EDGE('',*,*,#6479,.F.);
#9498=ORIENTED_EDGE('',*,*,#6478,.F.);
#9499=ORIENTED_EDGE('',*,*,#6539,.T.);
#9500=ORIENTED_EDGE('',*,*,#6500,.T.);
#9501=ORIENTED_EDGE('',*,*,#6484,.F.);
#9502=ORIENTED_EDGE('',*,*,#6541,.F.);
#9503=ORIENTED_EDGE('',*,*,#6477,.T.);
#9504=ORIENTED_EDGE('',*,*,#6481,.T.);
#9505=ORIENTED_EDGE('',*,*,#6543,.T.);
#9506=ORIENTED_EDGE('',*,*,#6474,.T.);
#9507=ORIENTED_EDGE('',*,*,#6475,.F.);
#9508=ORIENTED_EDGE('',*,*,#6543,.F.);
#9509=ORIENTED_EDGE('',*,*,#6480,.T.);
#9510=ORIENTED_EDGE('',*,*,#6542,.F.);
#9511=ORIENTED_EDGE('',*,*,#6544,.F.);
#9512=ORIENTED_EDGE('',*,*,#6545,.F.);
#9513=ORIENTED_EDGE('',*,*,#6546,.T.);
#9514=ORIENTED_EDGE('',*,*,#6547,.T.);
#9515=ORIENTED_EDGE('',*,*,#6548,.F.);
#9516=ORIENTED_EDGE('',*,*,#6549,.F.);
#9517=ORIENTED_EDGE('',*,*,#6544,.T.);
#9518=ORIENTED_EDGE('',*,*,#6550,.T.);
#9519=ORIENTED_EDGE('',*,*,#6551,.F.);
#9520=ORIENTED_EDGE('',*,*,#6552,.F.);
#9521=ORIENTED_EDGE('',*,*,#6548,.T.);
#9522=ORIENTED_EDGE('',*,*,#6553,.T.);
#9523=ORIENTED_EDGE('',*,*,#6554,.F.);
#9524=ORIENTED_EDGE('',*,*,#6555,.F.);
#9525=ORIENTED_EDGE('',*,*,#6551,.T.);
#9526=ORIENTED_EDGE('',*,*,#6556,.T.);
#9527=ORIENTED_EDGE('',*,*,#6557,.F.);
#9528=ORIENTED_EDGE('',*,*,#6558,.F.);
#9529=ORIENTED_EDGE('',*,*,#6554,.T.);
#9530=ORIENTED_EDGE('',*,*,#6559,.T.);
#9531=ORIENTED_EDGE('',*,*,#6560,.F.);
#9532=ORIENTED_EDGE('',*,*,#6561,.F.);
#9533=ORIENTED_EDGE('',*,*,#6557,.T.);
#9534=ORIENTED_EDGE('',*,*,#6562,.T.);
#9535=ORIENTED_EDGE('',*,*,#6563,.F.);
#9536=ORIENTED_EDGE('',*,*,#6564,.F.);
#9537=ORIENTED_EDGE('',*,*,#6560,.T.);
#9538=ORIENTED_EDGE('',*,*,#6565,.T.);
#9539=ORIENTED_EDGE('',*,*,#6566,.F.);
#9540=ORIENTED_EDGE('',*,*,#6567,.F.);
#9541=ORIENTED_EDGE('',*,*,#6563,.T.);
#9542=ORIENTED_EDGE('',*,*,#6568,.T.);
#9543=ORIENTED_EDGE('',*,*,#6569,.F.);
#9544=ORIENTED_EDGE('',*,*,#6570,.F.);
#9545=ORIENTED_EDGE('',*,*,#6566,.T.);
#9546=ORIENTED_EDGE('',*,*,#6571,.T.);
#9547=ORIENTED_EDGE('',*,*,#6572,.F.);
#9548=ORIENTED_EDGE('',*,*,#6573,.F.);
#9549=ORIENTED_EDGE('',*,*,#6569,.T.);
#9550=ORIENTED_EDGE('',*,*,#6574,.T.);
#9551=ORIENTED_EDGE('',*,*,#6575,.F.);
#9552=ORIENTED_EDGE('',*,*,#6576,.F.);
#9553=ORIENTED_EDGE('',*,*,#6572,.T.);
#9554=ORIENTED_EDGE('',*,*,#6577,.T.);
#9555=ORIENTED_EDGE('',*,*,#6578,.F.);
#9556=ORIENTED_EDGE('',*,*,#6579,.F.);
#9557=ORIENTED_EDGE('',*,*,#6575,.T.);
#9558=ORIENTED_EDGE('',*,*,#6580,.T.);
#9559=ORIENTED_EDGE('',*,*,#6581,.F.);
#9560=ORIENTED_EDGE('',*,*,#6582,.F.);
#9561=ORIENTED_EDGE('',*,*,#6578,.T.);
#9562=ORIENTED_EDGE('',*,*,#6583,.T.);
#9563=ORIENTED_EDGE('',*,*,#6584,.F.);
#9564=ORIENTED_EDGE('',*,*,#6585,.F.);
#9565=ORIENTED_EDGE('',*,*,#6581,.T.);
#9566=ORIENTED_EDGE('',*,*,#6586,.T.);
#9567=ORIENTED_EDGE('',*,*,#6587,.F.);
#9568=ORIENTED_EDGE('',*,*,#6588,.F.);
#9569=ORIENTED_EDGE('',*,*,#6584,.T.);
#9570=ORIENTED_EDGE('',*,*,#6589,.T.);
#9571=ORIENTED_EDGE('',*,*,#6590,.F.);
#9572=ORIENTED_EDGE('',*,*,#6591,.F.);
#9573=ORIENTED_EDGE('',*,*,#6587,.T.);
#9574=ORIENTED_EDGE('',*,*,#6592,.T.);
#9575=ORIENTED_EDGE('',*,*,#6593,.F.);
#9576=ORIENTED_EDGE('',*,*,#6547,.F.);
#9577=ORIENTED_EDGE('',*,*,#6594,.T.);
#9578=ORIENTED_EDGE('',*,*,#6545,.T.);
#9579=ORIENTED_EDGE('',*,*,#6595,.F.);
#9580=ORIENTED_EDGE('',*,*,#6550,.F.);
#9581=ORIENTED_EDGE('',*,*,#6593,.T.);
#9582=ORIENTED_EDGE('',*,*,#6549,.T.);
#9583=ORIENTED_EDGE('',*,*,#6596,.F.);
#9584=ORIENTED_EDGE('',*,*,#6553,.F.);
#9585=ORIENTED_EDGE('',*,*,#6595,.T.);
#9586=ORIENTED_EDGE('',*,*,#6552,.T.);
#9587=ORIENTED_EDGE('',*,*,#6597,.F.);
#9588=ORIENTED_EDGE('',*,*,#6556,.F.);
#9589=ORIENTED_EDGE('',*,*,#6596,.T.);
#9590=ORIENTED_EDGE('',*,*,#6555,.T.);
#9591=ORIENTED_EDGE('',*,*,#6598,.F.);
#9592=ORIENTED_EDGE('',*,*,#6559,.F.);
#9593=ORIENTED_EDGE('',*,*,#6597,.T.);
#9594=ORIENTED_EDGE('',*,*,#6558,.T.);
#9595=ORIENTED_EDGE('',*,*,#6599,.F.);
#9596=ORIENTED_EDGE('',*,*,#6562,.F.);
#9597=ORIENTED_EDGE('',*,*,#6598,.T.);
#9598=ORIENTED_EDGE('',*,*,#6561,.T.);
#9599=ORIENTED_EDGE('',*,*,#6600,.F.);
#9600=ORIENTED_EDGE('',*,*,#6565,.F.);
#9601=ORIENTED_EDGE('',*,*,#6599,.T.);
#9602=ORIENTED_EDGE('',*,*,#6564,.T.);
#9603=ORIENTED_EDGE('',*,*,#6601,.F.);
#9604=ORIENTED_EDGE('',*,*,#6568,.F.);
#9605=ORIENTED_EDGE('',*,*,#6600,.T.);
#9606=ORIENTED_EDGE('',*,*,#6567,.T.);
#9607=ORIENTED_EDGE('',*,*,#6602,.F.);
#9608=ORIENTED_EDGE('',*,*,#6571,.F.);
#9609=ORIENTED_EDGE('',*,*,#6601,.T.);
#9610=ORIENTED_EDGE('',*,*,#6570,.T.);
#9611=ORIENTED_EDGE('',*,*,#6603,.F.);
#9612=ORIENTED_EDGE('',*,*,#6574,.F.);
#9613=ORIENTED_EDGE('',*,*,#6602,.T.);
#9614=ORIENTED_EDGE('',*,*,#6573,.T.);
#9615=ORIENTED_EDGE('',*,*,#6604,.F.);
#9616=ORIENTED_EDGE('',*,*,#6577,.F.);
#9617=ORIENTED_EDGE('',*,*,#6603,.T.);
#9618=ORIENTED_EDGE('',*,*,#6576,.T.);
#9619=ORIENTED_EDGE('',*,*,#6605,.F.);
#9620=ORIENTED_EDGE('',*,*,#6580,.F.);
#9621=ORIENTED_EDGE('',*,*,#6604,.T.);
#9622=ORIENTED_EDGE('',*,*,#6579,.T.);
#9623=ORIENTED_EDGE('',*,*,#6606,.F.);
#9624=ORIENTED_EDGE('',*,*,#6583,.F.);
#9625=ORIENTED_EDGE('',*,*,#6605,.T.);
#9626=ORIENTED_EDGE('',*,*,#6582,.T.);
#9627=ORIENTED_EDGE('',*,*,#6607,.F.);
#9628=ORIENTED_EDGE('',*,*,#6586,.F.);
#9629=ORIENTED_EDGE('',*,*,#6606,.T.);
#9630=ORIENTED_EDGE('',*,*,#6585,.T.);
#9631=ORIENTED_EDGE('',*,*,#6608,.F.);
#9632=ORIENTED_EDGE('',*,*,#6589,.F.);
#9633=ORIENTED_EDGE('',*,*,#6607,.T.);
#9634=ORIENTED_EDGE('',*,*,#6588,.T.);
#9635=ORIENTED_EDGE('',*,*,#6609,.F.);
#9636=ORIENTED_EDGE('',*,*,#6592,.F.);
#9637=ORIENTED_EDGE('',*,*,#6608,.T.);
#9638=ORIENTED_EDGE('',*,*,#6591,.T.);
#9639=ORIENTED_EDGE('',*,*,#6594,.F.);
#9640=ORIENTED_EDGE('',*,*,#6546,.F.);
#9641=ORIENTED_EDGE('',*,*,#6590,.T.);
#9642=ORIENTED_EDGE('',*,*,#6609,.T.);
#9643=ORIENTED_EDGE('',*,*,#6610,.F.);
#9644=ORIENTED_EDGE('',*,*,#6611,.F.);
#9645=ORIENTED_EDGE('',*,*,#6612,.T.);
#9646=ORIENTED_EDGE('',*,*,#6613,.T.);
#9647=ORIENTED_EDGE('',*,*,#6612,.F.);
#9648=ORIENTED_EDGE('',*,*,#6614,.T.);
#9649=ORIENTED_EDGE('',*,*,#6615,.T.);
#9650=ORIENTED_EDGE('',*,*,#6610,.T.);
#9651=ORIENTED_EDGE('',*,*,#6611,.T.);
#9652=ORIENTED_EDGE('',*,*,#6615,.F.);
#9653=ORIENTED_EDGE('',*,*,#6616,.T.);
#9654=ORIENTED_EDGE('',*,*,#6617,.F.);
#9655=ORIENTED_EDGE('',*,*,#6618,.F.);
#9656=ORIENTED_EDGE('',*,*,#6619,.T.);
#9657=ORIENTED_EDGE('',*,*,#6616,.F.);
#9658=ORIENTED_EDGE('',*,*,#6614,.F.);
#9659=ORIENTED_EDGE('',*,*,#6619,.F.);
#9660=ORIENTED_EDGE('',*,*,#6620,.T.);
#9661=ORIENTED_EDGE('',*,*,#6621,.T.);
#9662=ORIENTED_EDGE('',*,*,#6617,.T.);
#9663=ORIENTED_EDGE('',*,*,#6618,.T.);
#9664=ORIENTED_EDGE('',*,*,#6621,.F.);
#9665=ORIENTED_EDGE('',*,*,#6622,.T.);
#9666=ORIENTED_EDGE('',*,*,#6623,.F.);
#9667=ORIENTED_EDGE('',*,*,#6624,.F.);
#9668=ORIENTED_EDGE('',*,*,#6625,.T.);
#9669=ORIENTED_EDGE('',*,*,#6622,.F.);
#9670=ORIENTED_EDGE('',*,*,#6620,.F.);
#9671=ORIENTED_EDGE('',*,*,#6625,.F.);
#9672=ORIENTED_EDGE('',*,*,#6626,.T.);
#9673=ORIENTED_EDGE('',*,*,#6627,.T.);
#9674=ORIENTED_EDGE('',*,*,#6623,.T.);
#9675=ORIENTED_EDGE('',*,*,#6624,.T.);
#9676=ORIENTED_EDGE('',*,*,#6627,.F.);
#9677=ORIENTED_EDGE('',*,*,#6628,.T.);
#9678=ORIENTED_EDGE('',*,*,#6629,.F.);
#9679=ORIENTED_EDGE('',*,*,#6630,.T.);
#9680=ORIENTED_EDGE('',*,*,#6628,.F.);
#9681=ORIENTED_EDGE('',*,*,#6626,.F.);
#9682=ORIENTED_EDGE('',*,*,#6630,.F.);
#9683=ORIENTED_EDGE('',*,*,#6613,.F.);
#9684=ORIENTED_EDGE('',*,*,#6629,.T.);
#9685=PLANE('',#10740);
#9686=PLANE('',#10741);
#9687=PLANE('',#10742);
#9688=PLANE('',#10743);
#9689=PLANE('',#10744);
#9690=PLANE('',#10745);
#9691=PLANE('',#10746);
#9692=PLANE('',#10747);
#9693=PLANE('',#10748);
#9694=PLANE('',#10749);
#9695=PLANE('',#10750);
#9696=PLANE('',#10751);
#9697=PLANE('',#10752);
#9698=PLANE('',#10753);
#9699=PLANE('',#10754);
#9700=PLANE('',#10757);
#9701=PLANE('',#10758);
#9702=PLANE('',#10759);
#9703=PLANE('',#10762);
#9704=PLANE('',#10763);
#9705=PLANE('',#10764);
#9706=PLANE('',#10765);
#9707=PLANE('',#10766);
#9708=PLANE('',#10767);
#9709=PLANE('',#10768);
#9710=PLANE('',#10769);
#9711=PLANE('',#10772);
#9712=PLANE('',#10773);
#9713=PLANE('',#10774);
#9714=PLANE('',#10777);
#9715=PLANE('',#10780);
#9716=PLANE('',#10781);
#9717=PLANE('',#10782);
#9718=PLANE('',#10783);
#9719=PLANE('',#10786);
#9720=PLANE('',#10787);
#9721=PLANE('',#10788);
#9722=PLANE('',#10789);
#9723=PLANE('',#10790);
#9724=PLANE('',#10791);
#9725=PLANE('',#10792);
#9726=PLANE('',#10793);
#9727=PLANE('',#10794);
#9728=PLANE('',#10795);
#9729=PLANE('',#10796);
#9730=PLANE('',#10799);
#9731=PLANE('',#10802);
#9732=PLANE('',#10803);
#9733=PLANE('',#10804);
#9734=PLANE('',#10805);
#9735=PLANE('',#10806);
#9736=PLANE('',#10807);
#9737=PLANE('',#10810);
#9738=PLANE('',#10813);
#9739=PLANE('',#10834);
#9740=PLANE('',#10835);
#9741=PLANE('',#10836);
#9742=PLANE('',#10837);
#9743=PLANE('',#10838);
#9744=PLANE('',#10839);
#9745=PLANE('',#10840);
#9746=PLANE('',#10841);
#9747=PLANE('',#10842);
#9748=PLANE('',#10843);
#9749=PLANE('',#10844);
#9750=PLANE('',#10845);
#9751=PLANE('',#10846);
#9752=PLANE('',#10847);
#9753=PLANE('',#10848);
#9754=PLANE('',#10853);
#9755=PLANE('',#10854);
#9756=PLANE('',#10857);
#9757=PLANE('',#10858);
#9758=PLANE('',#10859);
#9759=PLANE('',#10860);
#9760=PLANE('',#10861);
#9761=PLANE('',#10862);
#9762=PLANE('',#10863);
#9763=PLANE('',#10864);
#9764=PLANE('',#10865);
#9765=PLANE('',#10866);
#9766=PLANE('',#10867);
#9767=PLANE('',#10870);
#9768=PLANE('',#10871);
#9769=PLANE('',#10873);
#9770=PLANE('',#10875);
#9771=PLANE('',#10876);
#9772=PLANE('',#10877);
#9773=PLANE('',#10878);
#9774=PLANE('',#10879);
#9775=PLANE('',#10881);
#9776=PLANE('',#10883);
#9777=PLANE('',#10886);
#9778=PLANE('',#10887);
#9779=PLANE('',#10888);
#9780=PLANE('',#10889);
#9781=PLANE('',#10890);
#9782=PLANE('',#10891);
#9783=PLANE('',#10892);
#9784=PLANE('',#10893);
#9785=PLANE('',#10894);
#9786=PLANE('',#10895);
#9787=PLANE('',#10896);
#9788=PLANE('',#10897);
#9789=PLANE('',#10898);
#9790=PLANE('',#10899);
#9791=PLANE('',#10900);
#9792=PLANE('',#10901);
#9793=PLANE('',#10902);
#9794=PLANE('',#10903);
#9795=PLANE('',#10904);
#9796=PLANE('',#10905);
#9797=PLANE('',#10906);
#9798=PLANE('',#10907);
#9799=PLANE('',#10908);
#9800=PLANE('',#10909);
#9801=PLANE('',#10910);
#9802=PLANE('',#10911);
#9803=PLANE('',#10912);
#9804=PLANE('',#10913);
#9805=PLANE('',#10914);
#9806=PLANE('',#10915);
#9807=PLANE('',#10916);
#9808=PLANE('',#10917);
#9809=PLANE('',#10918);
#9810=PLANE('',#10919);
#9811=PLANE('',#10920);
#9812=PLANE('',#10921);
#9813=PLANE('',#10922);
#9814=PLANE('',#10923);
#9815=PLANE('',#10924);
#9816=PLANE('',#10925);
#9817=PLANE('',#10926);
#9818=PLANE('',#10927);
#9819=PLANE('',#10928);
#9820=PLANE('',#10929);
#9821=PLANE('',#10930);
#9822=PLANE('',#10931);
#9823=PLANE('',#10932);
#9824=PLANE('',#10933);
#9825=PLANE('',#10934);
#9826=PLANE('',#10935);
#9827=PLANE('',#10936);
#9828=PLANE('',#10937);
#9829=PLANE('',#10938);
#9830=PLANE('',#10939);
#9831=PLANE('',#10940);
#9832=PLANE('',#10941);
#9833=PLANE('',#10942);
#9834=PLANE('',#10943);
#9835=PLANE('',#10944);
#9836=PLANE('',#10945);
#9837=PLANE('',#10946);
#9838=PLANE('',#10947);
#9839=PLANE('',#10948);
#9840=PLANE('',#10949);
#9841=PLANE('',#10950);
#9842=PLANE('',#10951);
#9843=PLANE('',#10952);
#9844=PLANE('',#10953);
#9845=PLANE('',#10954);
#9846=PLANE('',#10955);
#9847=PLANE('',#10956);
#9848=PLANE('',#10957);
#9849=PLANE('',#10958);
#9850=PLANE('',#10959);
#9851=PLANE('',#10960);
#9852=PLANE('',#10961);
#9853=PLANE('',#10962);
#9854=PLANE('',#10963);
#9855=PLANE('',#10964);
#9856=PLANE('',#10965);
#9857=PLANE('',#10966);
#9858=PLANE('',#10967);
#9859=PLANE('',#10968);
#9860=PLANE('',#10969);
#9861=PLANE('',#10970);
#9862=PLANE('',#10971);
#9863=PLANE('',#10972);
#9864=PLANE('',#10973);
#9865=PLANE('',#10974);
#9866=PLANE('',#10975);
#9867=PLANE('',#10976);
#9868=PLANE('',#10977);
#9869=PLANE('',#10978);
#9870=PLANE('',#10979);
#9871=PLANE('',#10980);
#9872=PLANE('',#10981);
#9873=PLANE('',#10982);
#9874=PLANE('',#10983);
#9875=PLANE('',#10984);
#9876=PLANE('',#10985);
#9877=PLANE('',#10986);
#9878=PLANE('',#10987);
#9879=PLANE('',#10988);
#9880=PLANE('',#10989);
#9881=PLANE('',#10990);
#9882=PLANE('',#10991);
#9883=PLANE('',#10992);
#9884=PLANE('',#10993);
#9885=PLANE('',#10994);
#9886=PLANE('',#10995);
#9887=PLANE('',#10996);
#9888=PLANE('',#10997);
#9889=PLANE('',#10998);
#9890=PLANE('',#10999);
#9891=PLANE('',#11000);
#9892=PLANE('',#11001);
#9893=PLANE('',#11002);
#9894=PLANE('',#11003);
#9895=PLANE('',#11004);
#9896=PLANE('',#11005);
#9897=PLANE('',#11006);
#9898=PLANE('',#11007);
#9899=PLANE('',#11008);
#9900=PLANE('',#11009);
#9901=PLANE('',#11010);
#9902=PLANE('',#11011);
#9903=PLANE('',#11012);
#9904=PLANE('',#11013);
#9905=PLANE('',#11014);
#9906=PLANE('',#11015);
#9907=PLANE('',#11016);
#9908=PLANE('',#11017);
#9909=PLANE('',#11018);
#9910=PLANE('',#11019);
#9911=PLANE('',#11020);
#9912=PLANE('',#11021);
#9913=PLANE('',#11022);
#9914=PLANE('',#11023);
#9915=PLANE('',#11030);
#9916=PLANE('',#11031);
#9917=PLANE('',#11032);
#9918=PLANE('',#11033);
#9919=PLANE('',#11040);
#9920=PLANE('',#11041);
#9921=PLANE('',#11042);
#9922=PLANE('',#11043);
#9923=PLANE('',#11044);
#9924=PLANE('',#11046);
#9925=PLANE('',#11048);
#9926=PLANE('',#11049);
#9927=PLANE('',#11051);
#9928=PLANE('',#11057);
#9929=PLANE('',#11058);
#9930=PLANE('',#11059);
#9931=PLANE('',#11063);
#9932=PLANE('',#11064);
#9933=PLANE('',#11065);
#9934=PLANE('',#11066);
#9935=PLANE('',#11067);
#9936=PLANE('',#11068);
#9937=PLANE('',#11069);
#9938=PLANE('',#11070);
#9939=PLANE('',#11071);
#9940=PLANE('',#11075);
#9941=PLANE('',#11076);
#9942=PLANE('',#11077);
#9943=PLANE('',#11078);
#9944=PLANE('',#11079);
#9945=PLANE('',#11080);
#9946=PLANE('',#11081);
#9947=PLANE('',#11082);
#9948=PLANE('',#11083);
#9949=PLANE('',#11084);
#9950=PLANE('',#11088);
#9951=PLANE('',#11089);
#9952=PLANE('',#11090);
#9953=PLANE('',#11091);
#9954=PLANE('',#11092);
#9955=PLANE('',#11093);
#9956=PLANE('',#11094);
#9957=PLANE('',#11098);
#9958=PLANE('',#11099);
#9959=PLANE('',#11100);
#9960=PLANE('',#11101);
#9961=PLANE('',#11102);
#9962=PLANE('',#11103);
#9963=PLANE('',#11104);
#9964=PLANE('',#11108);
#9965=PLANE('',#11109);
#9966=PLANE('',#11110);
#9967=PLANE('',#11111);
#9968=PLANE('',#11112);
#9969=PLANE('',#11113);
#9970=PLANE('',#11114);
#9971=PLANE('',#11118);
#9972=PLANE('',#11119);
#9973=PLANE('',#11120);
#9974=PLANE('',#11121);
#9975=PLANE('',#11122);
#9976=PLANE('',#11123);
#9977=PLANE('',#11125);
#9978=PLANE('',#11126);
#9979=PLANE('',#11128);
#9980=PLANE('',#11129);
#9981=PLANE('',#11132);
#9982=PLANE('',#11139);
#9983=PLANE('',#11140);
#9984=PLANE('',#11144);
#9985=PLANE('',#11146);
#9986=PLANE('',#11147);
#9987=PLANE('',#11156);
#9988=PLANE('',#11159);
#9989=PLANE('',#11160);
#9990=PLANE('',#11163);
#9991=PLANE('',#11164);
#9992=PLANE('',#11167);
#9993=PLANE('',#11168);
#9994=PLANE('',#11169);
#9995=PLANE('',#11170);
#9996=PLANE('',#11172);
#9997=PLANE('',#11173);
#9998=PLANE('',#11174);
#9999=PLANE('',#11178);
#10000=PLANE('',#11181);
#10001=PLANE('',#11184);
#10002=PLANE('',#11188);
#10003=PLANE('',#11191);
#10004=PLANE('',#11194);
#10005=PLANE('',#11197);
#10006=PLANE('',#11198);
#10007=PLANE('',#11199);
#10008=PLANE('',#11202);
#10009=PLANE('',#11205);
#10010=PLANE('',#11206);
#10011=PLANE('',#11207);
#10012=PLANE('',#11208);
#10013=PLANE('',#11209);
#10014=PLANE('',#11212);
#10015=PLANE('',#11213);
#10016=PLANE('',#11214);
#10017=PLANE('',#11215);
#10018=PLANE('',#11216);
#10019=PLANE('',#11217);
#10020=PLANE('',#11218);
#10021=PLANE('',#11219);
#10022=PLANE('',#11220);
#10023=PLANE('',#11221);
#10024=PLANE('',#11222);
#10025=PLANE('',#11223);
#10026=PLANE('',#11224);
#10027=PLANE('',#11225);
#10028=PLANE('',#11226);
#10029=PLANE('',#11227);
#10030=PLANE('',#11231);
#10031=PLANE('',#11232);
#10032=PLANE('',#11233);
#10033=PLANE('',#11243);
#10034=PLANE('',#11247);
#10035=PLANE('',#11251);
#10036=PLANE('',#11252);
#10037=PLANE('',#11256);
#10038=PLANE('',#11257);
#10039=PLANE('',#11258);
#10040=PLANE('',#11262);
#10041=PLANE('',#11263);
#10042=PLANE('',#11264);
#10043=PLANE('',#11268);
#10044=PLANE('',#11270);
#10045=PLANE('',#11271);
#10046=PLANE('',#11273);
#10047=PLANE('',#11278);
#10048=PLANE('',#11279);
#10049=PLANE('',#11283);
#10050=PLANE('',#11284);
#10051=PLANE('',#11291);
#10052=PLANE('',#11292);
#10053=PLANE('',#11296);
#10054=PLANE('',#11297);
#10055=PLANE('',#11301);
#10056=PLANE('',#11302);
#10057=PLANE('',#11306);
#10058=PLANE('',#11307);
#10059=PLANE('',#11308);
#10060=PLANE('',#11310);
#10061=PLANE('',#11313);
#10062=PLANE('',#11314);
#10063=PLANE('',#11315);
#10064=PLANE('',#11316);
#10065=PLANE('',#11325);
#10066=PLANE('',#11326);
#10067=PLANE('',#11327);
#10068=PLANE('',#11328);
#10069=PLANE('',#11329);
#10070=PLANE('',#11330);
#10071=PLANE('',#11335);
#10072=PLANE('',#11338);
#10073=PLANE('',#11339);
#10074=PLANE('',#11340);
#10075=PLANE('',#11343);
#10076=PLANE('',#11344);
#10077=PLANE('',#11345);
#10078=PLANE('',#11348);
#10079=PLANE('',#11349);
#10080=PLANE('',#11350);
#10081=PLANE('',#11351);
#10082=PLANE('',#11352);
#10083=PLANE('',#11353);
#10084=PLANE('',#11354);
#10085=PLANE('',#11363);
#10086=PLANE('',#11364);
#10087=PLANE('',#11365);
#10088=PLANE('',#11366);
#10089=PLANE('',#11367);
#10090=PLANE('',#11368);
#10091=PLANE('',#11373);
#10092=PLANE('',#11376);
#10093=PLANE('',#11377);
#10094=PLANE('',#11378);
#10095=PLANE('',#11381);
#10096=PLANE('',#11382);
#10097=PLANE('',#11383);
#10098=PLANE('',#11386);
#10099=PLANE('',#11387);
#10100=PLANE('',#11388);
#10101=PLANE('',#11423);
#10102=PLANE('',#11424);
#10103=PLANE('',#11449);
#10104=PLANE('',#11450);
#10105=ADVANCED_FACE('',(#433),#9685,.T.);
#10106=ADVANCED_FACE('',(#434),#9686,.T.);
#10107=ADVANCED_FACE('',(#435),#9687,.F.);
#10108=ADVANCED_FACE('',(#436),#9688,.T.);
#10109=ADVANCED_FACE('',(#437),#9689,.T.);
#10110=ADVANCED_FACE('',(#438),#9690,.T.);
#10111=ADVANCED_FACE('',(#439),#9691,.F.);
#10112=ADVANCED_FACE('',(#440),#9692,.F.);
#10113=ADVANCED_FACE('',(#441),#9693,.T.);
#10114=ADVANCED_FACE('',(#442),#9694,.F.);
#10115=ADVANCED_FACE('',(#443),#9695,.T.);
#10116=ADVANCED_FACE('',(#444),#9696,.F.);
#10117=ADVANCED_FACE('',(#445),#9697,.T.);
#10118=ADVANCED_FACE('',(#446,#408),#9698,.F.);
#10119=ADVANCED_FACE('',(#447),#9699,.F.);
#10120=ADVANCED_FACE('',(#448),#9700,.T.);
#10121=ADVANCED_FACE('',(#449),#9701,.T.);
#10122=ADVANCED_FACE('',(#450),#9702,.F.);
#10123=ADVANCED_FACE('',(#451),#9703,.F.);
#10124=ADVANCED_FACE('',(#452),#9704,.F.);
#10125=ADVANCED_FACE('',(#453),#9705,.F.);
#10126=ADVANCED_FACE('',(#454),#9706,.F.);
#10127=ADVANCED_FACE('',(#455),#9707,.F.);
#10128=ADVANCED_FACE('',(#456),#9708,.F.);
#10129=ADVANCED_FACE('',(#457),#9709,.F.);
#10130=ADVANCED_FACE('',(#458),#9710,.F.);
#10131=ADVANCED_FACE('',(#459),#9711,.F.);
#10132=ADVANCED_FACE('',(#460),#9712,.T.);
#10133=ADVANCED_FACE('',(#461),#9713,.F.);
#10134=ADVANCED_FACE('',(#462),#129,.T.);
#10135=ADVANCED_FACE('',(#463),#9714,.F.);
#10136=ADVANCED_FACE('',(#464),#130,.T.);
#10137=ADVANCED_FACE('',(#465),#9715,.T.);
#10138=ADVANCED_FACE('',(#466),#9716,.T.);
#10139=ADVANCED_FACE('',(#467),#9717,.T.);
#10140=ADVANCED_FACE('',(#468),#9718,.F.);
#10141=ADVANCED_FACE('',(#469),#9719,.T.);
#10142=ADVANCED_FACE('',(#470),#9720,.T.);
#10143=ADVANCED_FACE('',(#471),#9721,.T.);
#10144=ADVANCED_FACE('',(#472),#9722,.F.);
#10145=ADVANCED_FACE('',(#473),#9723,.F.);
#10146=ADVANCED_FACE('',(#474),#9724,.T.);
#10147=ADVANCED_FACE('',(#475),#9725,.F.);
#10148=ADVANCED_FACE('',(#476),#9726,.T.);
#10149=ADVANCED_FACE('',(#477),#9727,.T.);
#10150=ADVANCED_FACE('',(#478),#9728,.T.);
#10151=ADVANCED_FACE('',(#479),#9729,.T.);
#10152=ADVANCED_FACE('',(#480),#131,.T.);
#10153=ADVANCED_FACE('',(#481),#9730,.F.);
#10154=ADVANCED_FACE('',(#482),#132,.T.);
#10155=ADVANCED_FACE('',(#483),#9731,.F.);
#10156=ADVANCED_FACE('',(#484),#9732,.T.);
#10157=ADVANCED_FACE('',(#485),#9733,.F.);
#10158=ADVANCED_FACE('',(#486,#409),#9734,.T.);
#10159=ADVANCED_FACE('',(#487),#9735,.T.);
#10160=ADVANCED_FACE('',(#488),#9736,.T.);
#10161=ADVANCED_FACE('',(#489),#133,.T.);
#10162=ADVANCED_FACE('',(#490),#9737,.T.);
#10163=ADVANCED_FACE('',(#491),#134,.T.);
#10164=ADVANCED_FACE('',(#492),#9738,.T.);
#10165=ADVANCED_FACE('',(#493),#135,.T.);
#10166=ADVANCED_FACE('',(#494),#136,.T.);
#10167=ADVANCED_FACE('',(#495),#137,.T.);
#10168=ADVANCED_FACE('',(#496),#138,.T.);
#10169=ADVANCED_FACE('',(#497),#139,.T.);
#10170=ADVANCED_FACE('',(#498),#140,.T.);
#10171=ADVANCED_FACE('',(#499),#125,.T.);
#10172=ADVANCED_FACE('',(#500),#126,.T.);
#10173=ADVANCED_FACE('',(#501),#127,.T.);
#10174=ADVANCED_FACE('',(#502),#128,.T.);
#10175=ADVANCED_FACE('',(#503),#9739,.T.);
#10176=ADVANCED_FACE('',(#504),#9740,.T.);
#10177=ADVANCED_FACE('',(#505),#9741,.F.);
#10178=ADVANCED_FACE('',(#506),#9742,.T.);
#10179=ADVANCED_FACE('',(#507),#9743,.T.);
#10180=ADVANCED_FACE('',(#508),#9744,.F.);
#10181=ADVANCED_FACE('',(#509),#9745,.F.);
#10182=ADVANCED_FACE('',(#510),#9746,.F.);
#10183=ADVANCED_FACE('',(#511),#9747,.T.);
#10184=ADVANCED_FACE('',(#512),#9748,.F.);
#10185=ADVANCED_FACE('',(#513),#9749,.F.);
#10186=ADVANCED_FACE('',(#514),#9750,.T.);
#10187=ADVANCED_FACE('',(#515),#9751,.T.);
#10188=ADVANCED_FACE('',(#516),#9752,.F.);
#10189=ADVANCED_FACE('',(#517,#410,#411,#412,#413,#414,#415,#416),#9753,
 .F.);
#10190=ADVANCED_FACE('',(#518),#9754,.T.);
#10191=ADVANCED_FACE('',(#519),#9755,.T.);
#10192=ADVANCED_FACE('',(#520,#417,#418),#9756,.F.);
#10193=ADVANCED_FACE('',(#521),#9757,.T.);
#10194=ADVANCED_FACE('',(#522),#9758,.T.);
#10195=ADVANCED_FACE('',(#523),#9759,.T.);
#10196=ADVANCED_FACE('',(#524),#9760,.F.);
#10197=ADVANCED_FACE('',(#525),#9761,.F.);
#10198=ADVANCED_FACE('',(#526),#9762,.T.);
#10199=ADVANCED_FACE('',(#527),#9763,.T.);
#10200=ADVANCED_FACE('',(#528),#9764,.T.);
#10201=ADVANCED_FACE('',(#529,#419,#420),#9765,.T.);
#10202=ADVANCED_FACE('',(#530),#9766,.T.);
#10203=ADVANCED_FACE('',(#531),#9767,.F.);
#10204=ADVANCED_FACE('',(#532),#9768,.F.);
#10205=ADVANCED_FACE('',(#533),#141,.T.);
#10206=ADVANCED_FACE('',(#534),#9769,.F.);
#10207=ADVANCED_FACE('',(#535),#142,.T.);
#10208=ADVANCED_FACE('',(#536),#9770,.F.);
#10209=ADVANCED_FACE('',(#537),#9771,.F.);
#10210=ADVANCED_FACE('',(#538),#9772,.T.);
#10211=ADVANCED_FACE('',(#539),#9773,.F.);
#10212=ADVANCED_FACE('',(#540),#9774,.F.);
#10213=ADVANCED_FACE('',(#541),#143,.T.);
#10214=ADVANCED_FACE('',(#542),#9775,.F.);
#10215=ADVANCED_FACE('',(#543),#144,.T.);
#10216=ADVANCED_FACE('',(#544),#9776,.T.);
#10217=ADVANCED_FACE('',(#545),#9777,.T.);
#10218=ADVANCED_FACE('',(#546),#9778,.F.);
#10219=ADVANCED_FACE('',(#547),#9779,.T.);
#10220=ADVANCED_FACE('',(#548),#9780,.T.);
#10221=ADVANCED_FACE('',(#549),#9781,.F.);
#10222=ADVANCED_FACE('',(#550),#9782,.T.);
#10223=ADVANCED_FACE('',(#551),#9783,.F.);
#10224=ADVANCED_FACE('',(#552),#9784,.T.);
#10225=ADVANCED_FACE('',(#553),#9785,.T.);
#10226=ADVANCED_FACE('',(#554),#9786,.F.);
#10227=ADVANCED_FACE('',(#555),#9787,.F.);
#10228=ADVANCED_FACE('',(#556),#9788,.F.);
#10229=ADVANCED_FACE('',(#557),#9789,.F.);
#10230=ADVANCED_FACE('',(#558),#9790,.T.);
#10231=ADVANCED_FACE('',(#559),#9791,.T.);
#10232=ADVANCED_FACE('',(#560),#9792,.T.);
#10233=ADVANCED_FACE('',(#561),#9793,.F.);
#10234=ADVANCED_FACE('',(#562),#9794,.F.);
#10235=ADVANCED_FACE('',(#563),#9795,.F.);
#10236=ADVANCED_FACE('',(#564),#9796,.F.);
#10237=ADVANCED_FACE('',(#565),#9797,.F.);
#10238=ADVANCED_FACE('',(#566),#9798,.T.);
#10239=ADVANCED_FACE('',(#567),#9799,.F.);
#10240=ADVANCED_FACE('',(#568),#9800,.F.);
#10241=ADVANCED_FACE('',(#569),#9801,.F.);
#10242=ADVANCED_FACE('',(#570),#9802,.F.);
#10243=ADVANCED_FACE('',(#571),#9803,.T.);
#10244=ADVANCED_FACE('',(#572),#9804,.F.);
#10245=ADVANCED_FACE('',(#573),#9805,.F.);
#10246=ADVANCED_FACE('',(#574),#9806,.T.);
#10247=ADVANCED_FACE('',(#575),#9807,.F.);
#10248=ADVANCED_FACE('',(#576),#9808,.F.);
#10249=ADVANCED_FACE('',(#577),#9809,.T.);
#10250=ADVANCED_FACE('',(#578),#9810,.T.);
#10251=ADVANCED_FACE('',(#579),#9811,.F.);
#10252=ADVANCED_FACE('',(#580),#9812,.F.);
#10253=ADVANCED_FACE('',(#581),#9813,.T.);
#10254=ADVANCED_FACE('',(#582),#9814,.F.);
#10255=ADVANCED_FACE('',(#583),#9815,.T.);
#10256=ADVANCED_FACE('',(#584),#9816,.T.);
#10257=ADVANCED_FACE('',(#585),#9817,.T.);
#10258=ADVANCED_FACE('',(#586),#9818,.F.);
#10259=ADVANCED_FACE('',(#587),#9819,.F.);
#10260=ADVANCED_FACE('',(#588),#9820,.F.);
#10261=ADVANCED_FACE('',(#589),#9821,.T.);
#10262=ADVANCED_FACE('',(#590),#9822,.F.);
#10263=ADVANCED_FACE('',(#591),#9823,.T.);
#10264=ADVANCED_FACE('',(#592),#9824,.F.);
#10265=ADVANCED_FACE('',(#593),#9825,.F.);
#10266=ADVANCED_FACE('',(#594),#9826,.T.);
#10267=ADVANCED_FACE('',(#595),#9827,.F.);
#10268=ADVANCED_FACE('',(#596),#9828,.T.);
#10269=ADVANCED_FACE('',(#597),#9829,.F.);
#10270=ADVANCED_FACE('',(#598),#9830,.F.);
#10271=ADVANCED_FACE('',(#599),#9831,.F.);
#10272=ADVANCED_FACE('',(#600),#9832,.F.);
#10273=ADVANCED_FACE('',(#601),#9833,.T.);
#10274=ADVANCED_FACE('',(#602),#9834,.F.);
#10275=ADVANCED_FACE('',(#603),#9835,.F.);
#10276=ADVANCED_FACE('',(#604),#9836,.F.);
#10277=ADVANCED_FACE('',(#605),#9837,.T.);
#10278=ADVANCED_FACE('',(#606),#9838,.T.);
#10279=ADVANCED_FACE('',(#607),#9839,.F.);
#10280=ADVANCED_FACE('',(#608),#9840,.F.);
#10281=ADVANCED_FACE('',(#609),#9841,.T.);
#10282=ADVANCED_FACE('',(#610),#9842,.T.);
#10283=ADVANCED_FACE('',(#611),#9843,.F.);
#10284=ADVANCED_FACE('',(#612),#9844,.T.);
#10285=ADVANCED_FACE('',(#613),#9845,.F.);
#10286=ADVANCED_FACE('',(#614),#9846,.T.);
#10287=ADVANCED_FACE('',(#615),#9847,.F.);
#10288=ADVANCED_FACE('',(#616),#9848,.T.);
#10289=ADVANCED_FACE('',(#617),#9849,.T.);
#10290=ADVANCED_FACE('',(#618),#9850,.F.);
#10291=ADVANCED_FACE('',(#619),#9851,.T.);
#10292=ADVANCED_FACE('',(#620),#9852,.T.);
#10293=ADVANCED_FACE('',(#621),#9853,.T.);
#10294=ADVANCED_FACE('',(#622),#9854,.F.);
#10295=ADVANCED_FACE('',(#623),#9855,.T.);
#10296=ADVANCED_FACE('',(#624),#9856,.F.);
#10297=ADVANCED_FACE('',(#625),#9857,.T.);
#10298=ADVANCED_FACE('',(#626),#9858,.F.);
#10299=ADVANCED_FACE('',(#627),#9859,.F.);
#10300=ADVANCED_FACE('',(#628),#9860,.F.);
#10301=ADVANCED_FACE('',(#629),#9861,.F.);
#10302=ADVANCED_FACE('',(#630),#9862,.T.);
#10303=ADVANCED_FACE('',(#631),#9863,.T.);
#10304=ADVANCED_FACE('',(#632),#9864,.F.);
#10305=ADVANCED_FACE('',(#633),#9865,.T.);
#10306=ADVANCED_FACE('',(#634),#9866,.T.);
#10307=ADVANCED_FACE('',(#635),#9867,.T.);
#10308=ADVANCED_FACE('',(#636),#9868,.F.);
#10309=ADVANCED_FACE('',(#637),#9869,.T.);
#10310=ADVANCED_FACE('',(#638),#9870,.F.);
#10311=ADVANCED_FACE('',(#639),#9871,.F.);
#10312=ADVANCED_FACE('',(#640),#9872,.F.);
#10313=ADVANCED_FACE('',(#641),#9873,.F.);
#10314=ADVANCED_FACE('',(#642),#9874,.T.);
#10315=ADVANCED_FACE('',(#643),#9875,.F.);
#10316=ADVANCED_FACE('',(#644),#9876,.T.);
#10317=ADVANCED_FACE('',(#645),#9877,.F.);
#10318=ADVANCED_FACE('',(#646),#9878,.F.);
#10319=ADVANCED_FACE('',(#647),#9879,.T.);
#10320=ADVANCED_FACE('',(#648),#9880,.T.);
#10321=ADVANCED_FACE('',(#649),#9881,.F.);
#10322=ADVANCED_FACE('',(#650),#9882,.T.);
#10323=ADVANCED_FACE('',(#651),#9883,.T.);
#10324=ADVANCED_FACE('',(#652),#9884,.F.);
#10325=ADVANCED_FACE('',(#653),#9885,.F.);
#10326=ADVANCED_FACE('',(#654),#9886,.T.);
#10327=ADVANCED_FACE('',(#655),#9887,.T.);
#10328=ADVANCED_FACE('',(#656),#9888,.T.);
#10329=ADVANCED_FACE('',(#657),#9889,.F.);
#10330=ADVANCED_FACE('',(#658),#9890,.T.);
#10331=ADVANCED_FACE('',(#659),#9891,.T.);
#10332=ADVANCED_FACE('',(#660),#9892,.T.);
#10333=ADVANCED_FACE('',(#661),#9893,.F.);
#10334=ADVANCED_FACE('',(#662),#9894,.T.);
#10335=ADVANCED_FACE('',(#663),#9895,.T.);
#10336=ADVANCED_FACE('',(#664),#9896,.F.);
#10337=ADVANCED_FACE('',(#665),#9897,.F.);
#10338=ADVANCED_FACE('',(#666),#9898,.T.);
#10339=ADVANCED_FACE('',(#667),#9899,.F.);
#10340=ADVANCED_FACE('',(#668),#9900,.T.);
#10341=ADVANCED_FACE('',(#669),#9901,.T.);
#10342=ADVANCED_FACE('',(#670),#9902,.F.);
#10343=ADVANCED_FACE('',(#671),#9903,.F.);
#10344=ADVANCED_FACE('',(#672),#9904,.F.);
#10345=ADVANCED_FACE('',(#673),#9905,.T.);
#10346=ADVANCED_FACE('',(#674),#9906,.F.);
#10347=ADVANCED_FACE('',(#675),#9907,.T.);
#10348=ADVANCED_FACE('',(#676),#9908,.T.);
#10349=ADVANCED_FACE('',(#677),#9909,.F.);
#10350=ADVANCED_FACE('',(#678),#9910,.T.);
#10351=ADVANCED_FACE('',(#679),#9911,.F.);
#10352=ADVANCED_FACE('',(#680),#9912,.T.);
#10353=ADVANCED_FACE('',(#681),#9913,.F.);
#10354=ADVANCED_FACE('',(#682),#9914,.T.);
#10355=ADVANCED_FACE('',(#683),#145,.T.);
#10356=ADVANCED_FACE('',(#684),#97,.F.);
#10357=ADVANCED_FACE('',(#685),#59,.T.);
#10358=ADVANCED_FACE('',(#686),#9915,.T.);
#10359=ADVANCED_FACE('',(#687),#9916,.T.);
#10360=ADVANCED_FACE('',(#688),#9917,.F.);
#10361=ADVANCED_FACE('',(#689),#9918,.T.);
#10362=ADVANCED_FACE('',(#690),#146,.T.);
#10363=ADVANCED_FACE('',(#691),#98,.T.);
#10364=ADVANCED_FACE('',(#692),#60,.T.);
#10365=ADVANCED_FACE('',(#693),#9919,.T.);
#10366=ADVANCED_FACE('',(#694),#9920,.T.);
#10367=ADVANCED_FACE('',(#695),#9921,.T.);
#10368=ADVANCED_FACE('',(#696),#9922,.T.);
#10369=ADVANCED_FACE('',(#697),#9923,.F.);
#10370=ADVANCED_FACE('',(#698),#9924,.F.);
#10371=ADVANCED_FACE('',(#699),#9925,.F.);
#10372=ADVANCED_FACE('',(#700),#9926,.F.);
#10373=ADVANCED_FACE('',(#701),#147,.T.);
#10374=ADVANCED_FACE('',(#702,#421),#9927,.F.);
#10375=ADVANCED_FACE('',(#703),#148,.T.);
#10376=ADVANCED_FACE('',(#704),#149,.T.);
#10377=ADVANCED_FACE('',(#705),#150,.T.);
#10378=ADVANCED_FACE('',(#706),#9928,.T.);
#10379=ADVANCED_FACE('',(#707),#9929,.T.);
#10380=ADVANCED_FACE('',(#708),#9930,.F.);
#10381=ADVANCED_FACE('',(#709),#151,.T.);
#10382=ADVANCED_FACE('',(#710),#9931,.F.);
#10383=ADVANCED_FACE('',(#711),#9932,.T.);
#10384=ADVANCED_FACE('',(#712),#9933,.T.);
#10385=ADVANCED_FACE('',(#713),#9934,.F.);
#10386=ADVANCED_FACE('',(#714),#9935,.F.);
#10387=ADVANCED_FACE('',(#715),#9936,.T.);
#10388=ADVANCED_FACE('',(#716),#9937,.T.);
#10389=ADVANCED_FACE('',(#717),#9938,.T.);
#10390=ADVANCED_FACE('',(#718),#9939,.F.);
#10391=ADVANCED_FACE('',(#719),#152,.T.);
#10392=ADVANCED_FACE('',(#720),#9940,.F.);
#10393=ADVANCED_FACE('',(#721),#9941,.T.);
#10394=ADVANCED_FACE('',(#722),#9942,.T.);
#10395=ADVANCED_FACE('',(#723),#9943,.F.);
#10396=ADVANCED_FACE('',(#724),#9944,.T.);
#10397=ADVANCED_FACE('',(#725),#9945,.F.);
#10398=ADVANCED_FACE('',(#726),#9946,.T.);
#10399=ADVANCED_FACE('',(#727),#9947,.T.);
#10400=ADVANCED_FACE('',(#728),#9948,.T.);
#10401=ADVANCED_FACE('',(#729),#9949,.F.);
#10402=ADVANCED_FACE('',(#730),#153,.T.);
#10403=ADVANCED_FACE('',(#731),#9950,.F.);
#10404=ADVANCED_FACE('',(#732),#9951,.F.);
#10405=ADVANCED_FACE('',(#733),#9952,.T.);
#10406=ADVANCED_FACE('',(#734),#9953,.T.);
#10407=ADVANCED_FACE('',(#735),#9954,.T.);
#10408=ADVANCED_FACE('',(#736),#9955,.T.);
#10409=ADVANCED_FACE('',(#737),#9956,.F.);
#10410=ADVANCED_FACE('',(#738),#154,.T.);
#10411=ADVANCED_FACE('',(#739),#9957,.F.);
#10412=ADVANCED_FACE('',(#740),#9958,.F.);
#10413=ADVANCED_FACE('',(#741),#9959,.T.);
#10414=ADVANCED_FACE('',(#742),#9960,.F.);
#10415=ADVANCED_FACE('',(#743),#9961,.F.);
#10416=ADVANCED_FACE('',(#744),#9962,.F.);
#10417=ADVANCED_FACE('',(#745),#9963,.F.);
#10418=ADVANCED_FACE('',(#746),#155,.T.);
#10419=ADVANCED_FACE('',(#747),#9964,.F.);
#10420=ADVANCED_FACE('',(#748),#9965,.F.);
#10421=ADVANCED_FACE('',(#749),#9966,.T.);
#10422=ADVANCED_FACE('',(#750),#9967,.F.);
#10423=ADVANCED_FACE('',(#751),#9968,.F.);
#10424=ADVANCED_FACE('',(#752),#9969,.F.);
#10425=ADVANCED_FACE('',(#753),#9970,.F.);
#10426=ADVANCED_FACE('',(#754),#156,.T.);
#10427=ADVANCED_FACE('',(#755),#9971,.F.);
#10428=ADVANCED_FACE('',(#756),#9972,.F.);
#10429=ADVANCED_FACE('',(#757),#9973,.T.);
#10430=ADVANCED_FACE('',(#758),#9974,.F.);
#10431=ADVANCED_FACE('',(#759),#9975,.F.);
#10432=ADVANCED_FACE('',(#760),#9976,.F.);
#10433=ADVANCED_FACE('',(#761),#9977,.F.);
#10434=ADVANCED_FACE('',(#762),#9978,.F.);
#10435=ADVANCED_FACE('',(#763),#9979,.F.);
#10436=ADVANCED_FACE('',(#764),#9980,.F.);
#10437=ADVANCED_FACE('',(#765),#157,.T.);
#10438=ADVANCED_FACE('',(#766),#9981,.T.);
#10439=ADVANCED_FACE('',(#767),#9982,.T.);
#10440=ADVANCED_FACE('',(#768),#9983,.F.);
#10441=ADVANCED_FACE('',(#769),#158,.T.);
#10442=ADVANCED_FACE('',(#770),#9984,.T.);
#10443=ADVANCED_FACE('',(#771),#159,.T.);
#10444=ADVANCED_FACE('',(#772),#9985,.F.);
#10445=ADVANCED_FACE('',(#773),#9986,.T.);
#10446=ADVANCED_FACE('',(#774),#9987,.T.);
#10447=ADVANCED_FACE('',(#775),#160,.T.);
#10448=ADVANCED_FACE('',(#776),#9988,.T.);
#10449=ADVANCED_FACE('',(#777),#9989,.T.);
#10450=ADVANCED_FACE('',(#778),#161,.T.);
#10451=ADVANCED_FACE('',(#779),#9990,.T.);
#10452=ADVANCED_FACE('',(#780),#9991,.T.);
#10453=ADVANCED_FACE('',(#781),#162,.T.);
#10454=ADVANCED_FACE('',(#782),#9992,.T.);
#10455=ADVANCED_FACE('',(#783),#9993,.T.);
#10456=ADVANCED_FACE('',(#784),#9994,.F.);
#10457=ADVANCED_FACE('',(#785,#422),#9995,.T.);
#10458=ADVANCED_FACE('',(#786),#9996,.F.);
#10459=ADVANCED_FACE('',(#787),#9997,.T.);
#10460=ADVANCED_FACE('',(#788),#9998,.F.);
#10461=ADVANCED_FACE('',(#789),#163,.T.);
#10462=ADVANCED_FACE('',(#790),#164,.T.);
#10463=ADVANCED_FACE('',(#791),#9999,.T.);
#10464=ADVANCED_FACE('',(#792),#165,.T.);
#10465=ADVANCED_FACE('',(#793),#10000,.T.);
#10466=ADVANCED_FACE('',(#794),#166,.T.);
#10467=ADVANCED_FACE('',(#795),#10001,.F.);
#10468=ADVANCED_FACE('',(#796),#167,.T.);
#10469=ADVANCED_FACE('',(#797),#10002,.T.);
#10470=ADVANCED_FACE('',(#798),#168,.T.);
#10471=ADVANCED_FACE('',(#799),#10003,.F.);
#10472=ADVANCED_FACE('',(#800),#169,.T.);
#10473=ADVANCED_FACE('',(#801),#10004,.F.);
#10474=ADVANCED_FACE('',(#802),#170,.T.);
#10475=ADVANCED_FACE('',(#803),#10005,.F.);
#10476=ADVANCED_FACE('',(#804,#423),#10006,.F.);
#10477=ADVANCED_FACE('',(#805),#10007,.F.);
#10478=ADVANCED_FACE('',(#806),#171,.T.);
#10479=ADVANCED_FACE('',(#807),#10008,.F.);
#10480=ADVANCED_FACE('',(#808),#172,.T.);
#10481=ADVANCED_FACE('',(#809),#10009,.F.);
#10482=ADVANCED_FACE('',(#810),#10010,.F.);
#10483=ADVANCED_FACE('',(#811),#10011,.F.);
#10484=ADVANCED_FACE('',(#812),#10012,.F.);
#10485=ADVANCED_FACE('',(#813),#10013,.T.);
#10486=ADVANCED_FACE('',(#814),#173,.T.);
#10487=ADVANCED_FACE('',(#815),#10014,.T.);
#10488=ADVANCED_FACE('',(#816),#10015,.F.);
#10489=ADVANCED_FACE('',(#817),#10016,.T.);
#10490=ADVANCED_FACE('',(#818),#10017,.T.);
#10491=ADVANCED_FACE('',(#819),#10018,.F.);
#10492=ADVANCED_FACE('',(#820),#10019,.F.);
#10493=ADVANCED_FACE('',(#821),#10020,.T.);
#10494=ADVANCED_FACE('',(#822),#10021,.T.);
#10495=ADVANCED_FACE('',(#823),#10022,.T.);
#10496=ADVANCED_FACE('',(#824),#10023,.T.);
#10497=ADVANCED_FACE('',(#825),#10024,.T.);
#10498=ADVANCED_FACE('',(#826),#10025,.T.);
#10499=ADVANCED_FACE('',(#827),#10026,.F.);
#10500=ADVANCED_FACE('',(#828),#10027,.F.);
#10501=ADVANCED_FACE('',(#829),#10028,.F.);
#10502=ADVANCED_FACE('',(#830),#10029,.F.);
#10503=ADVANCED_FACE('',(#831),#174,.T.);
#10504=ADVANCED_FACE('',(#832),#10030,.T.);
#10505=ADVANCED_FACE('',(#833),#10031,.T.);
#10506=ADVANCED_FACE('',(#834),#10032,.T.);
#10507=ADVANCED_FACE('',(#835),#175,.T.);
#10508=ADVANCED_FACE('',(#836),#176,.F.);
#10509=ADVANCED_FACE('',(#837),#177,.T.);
#10510=ADVANCED_FACE('',(#838),#10033,.F.);
#10511=ADVANCED_FACE('',(#839),#178,.T.);
#10512=ADVANCED_FACE('',(#840),#10034,.T.);
#10513=ADVANCED_FACE('',(#841),#179,.T.);
#10514=ADVANCED_FACE('',(#842),#10035,.T.);
#10515=ADVANCED_FACE('',(#843),#10036,.T.);
#10516=ADVANCED_FACE('',(#844),#180,.T.);
#10517=ADVANCED_FACE('',(#845),#10037,.F.);
#10518=ADVANCED_FACE('',(#846),#10038,.F.);
#10519=ADVANCED_FACE('',(#847),#10039,.T.);
#10520=ADVANCED_FACE('',(#848),#181,.T.);
#10521=ADVANCED_FACE('',(#849),#10040,.T.);
#10522=ADVANCED_FACE('',(#850),#10041,.T.);
#10523=ADVANCED_FACE('',(#851),#10042,.T.);
#10524=ADVANCED_FACE('',(#852),#182,.T.);
#10525=ADVANCED_FACE('',(#853,#424),#10043,.F.);
#10526=ADVANCED_FACE('',(#854),#10044,.T.);
#10527=ADVANCED_FACE('',(#855),#10045,.T.);
#10528=ADVANCED_FACE('',(#856),#10046,.F.);
#10529=ADVANCED_FACE('',(#857),#183,.T.);
#10530=ADVANCED_FACE('',(#858),#184,.T.);
#10531=ADVANCED_FACE('',(#859),#10047,.T.);
#10532=ADVANCED_FACE('',(#860),#10048,.F.);
#10533=ADVANCED_FACE('',(#861),#185,.T.);
#10534=ADVANCED_FACE('',(#862),#10049,.F.);
#10535=ADVANCED_FACE('',(#863),#10050,.T.);
#10536=ADVANCED_FACE('',(#864),#186,.T.);
#10537=ADVANCED_FACE('',(#865),#187,.T.);
#10538=ADVANCED_FACE('',(#866),#10051,.T.);
#10539=ADVANCED_FACE('',(#867),#10052,.T.);
#10540=ADVANCED_FACE('',(#868),#188,.T.);
#10541=ADVANCED_FACE('',(#869),#10053,.T.);
#10542=ADVANCED_FACE('',(#870),#10054,.T.);
#10543=ADVANCED_FACE('',(#871),#189,.T.);
#10544=ADVANCED_FACE('',(#872),#10055,.T.);
#10545=ADVANCED_FACE('',(#873),#10056,.T.);
#10546=ADVANCED_FACE('',(#874),#190,.T.);
#10547=ADVANCED_FACE('',(#875),#10057,.T.);
#10548=ADVANCED_FACE('',(#876),#10058,.T.);
#10549=ADVANCED_FACE('',(#877),#10059,.F.);
#10550=ADVANCED_FACE('',(#878),#10060,.T.);
#10551=ADVANCED_FACE('',(#879),#191,.T.);
#10552=ADVANCED_FACE('',(#880),#10061,.T.);
#10553=ADVANCED_FACE('',(#881),#10062,.F.);
#10554=ADVANCED_FACE('',(#882),#10063,.T.);
#10555=ADVANCED_FACE('',(#883),#10064,.F.);
#10556=ADVANCED_FACE('',(#884),#192,.T.);
#10557=ADVANCED_FACE('',(#885),#10065,.F.);
#10558=ADVANCED_FACE('',(#886),#10066,.F.);
#10559=ADVANCED_FACE('',(#887),#10067,.F.);
#10560=ADVANCED_FACE('',(#888),#10068,.F.);
#10561=ADVANCED_FACE('',(#889),#10069,.F.);
#10562=ADVANCED_FACE('',(#890),#10070,.T.);
#10563=ADVANCED_FACE('',(#891),#193,.T.);
#10564=ADVANCED_FACE('',(#892),#194,.F.);
#10565=ADVANCED_FACE('',(#893,#425),#10071,.T.);
#10566=ADVANCED_FACE('',(#894),#195,.T.);
#10567=ADVANCED_FACE('',(#895),#10072,.T.);
#10568=ADVANCED_FACE('',(#896),#10073,.T.);
#10569=ADVANCED_FACE('',(#897),#10074,.T.);
#10570=ADVANCED_FACE('',(#898),#196,.F.);
#10571=ADVANCED_FACE('',(#899,#426),#10075,.F.);
#10572=ADVANCED_FACE('',(#900),#10076,.T.);
#10573=ADVANCED_FACE('',(#901),#10077,.F.);
#10574=ADVANCED_FACE('',(#902),#197,.F.);
#10575=ADVANCED_FACE('',(#903,#427),#10078,.F.);
#10576=ADVANCED_FACE('',(#904,#428),#10079,.T.);
#10577=ADVANCED_FACE('',(#905),#10080,.F.);
#10578=ADVANCED_FACE('',(#906),#10081,.F.);
#10579=ADVANCED_FACE('',(#907),#10082,.F.);
#10580=ADVANCED_FACE('',(#908),#10083,.F.);
#10581=ADVANCED_FACE('',(#909),#10084,.F.);
#10582=ADVANCED_FACE('',(#910),#198,.T.);
#10583=ADVANCED_FACE('',(#911),#10085,.F.);
#10584=ADVANCED_FACE('',(#912),#10086,.T.);
#10585=ADVANCED_FACE('',(#913),#10087,.F.);
#10586=ADVANCED_FACE('',(#914),#10088,.T.);
#10587=ADVANCED_FACE('',(#915),#10089,.F.);
#10588=ADVANCED_FACE('',(#916),#10090,.F.);
#10589=ADVANCED_FACE('',(#917),#199,.T.);
#10590=ADVANCED_FACE('',(#918),#200,.F.);
#10591=ADVANCED_FACE('',(#919,#429),#10091,.F.);
#10592=ADVANCED_FACE('',(#920),#201,.T.);
#10593=ADVANCED_FACE('',(#921),#10092,.F.);
#10594=ADVANCED_FACE('',(#922),#10093,.T.);
#10595=ADVANCED_FACE('',(#923),#10094,.F.);
#10596=ADVANCED_FACE('',(#924),#202,.F.);
#10597=ADVANCED_FACE('',(#925,#430),#10095,.T.);
#10598=ADVANCED_FACE('',(#926),#10096,.F.);
#10599=ADVANCED_FACE('',(#927),#10097,.F.);
#10600=ADVANCED_FACE('',(#928),#203,.F.);
#10601=ADVANCED_FACE('',(#929,#431),#10098,.T.);
#10602=ADVANCED_FACE('',(#930,#432),#10099,.F.);
#10603=ADVANCED_FACE('',(#931),#10100,.F.);
#10604=ADVANCED_FACE('',(#932),#20,.F.);
#10605=ADVANCED_FACE('',(#933),#21,.F.);
#10606=ADVANCED_FACE('',(#934),#22,.F.);
#10607=ADVANCED_FACE('',(#935),#23,.F.);
#10608=ADVANCED_FACE('',(#936),#24,.F.);
#10609=ADVANCED_FACE('',(#937),#25,.F.);
#10610=ADVANCED_FACE('',(#938),#26,.F.);
#10611=ADVANCED_FACE('',(#939),#27,.F.);
#10612=ADVANCED_FACE('',(#940),#28,.F.);
#10613=ADVANCED_FACE('',(#941),#29,.F.);
#10614=ADVANCED_FACE('',(#942),#30,.F.);
#10615=ADVANCED_FACE('',(#943),#31,.F.);
#10616=ADVANCED_FACE('',(#944),#32,.F.);
#10617=ADVANCED_FACE('',(#945),#33,.F.);
#10618=ADVANCED_FACE('',(#946),#34,.F.);
#10619=ADVANCED_FACE('',(#947),#35,.F.);
#10620=ADVANCED_FACE('',(#948),#36,.F.);
#10621=ADVANCED_FACE('',(#949),#37,.F.);
#10622=ADVANCED_FACE('',(#950),#38,.F.);
#10623=ADVANCED_FACE('',(#951),#39,.F.);
#10624=ADVANCED_FACE('',(#952),#40,.F.);
#10625=ADVANCED_FACE('',(#953),#41,.F.);
#10626=ADVANCED_FACE('',(#954),#42,.F.);
#10627=ADVANCED_FACE('',(#955),#43,.F.);
#10628=ADVANCED_FACE('',(#956),#44,.F.);
#10629=ADVANCED_FACE('',(#957),#45,.F.);
#10630=ADVANCED_FACE('',(#958),#46,.F.);
#10631=ADVANCED_FACE('',(#959),#47,.F.);
#10632=ADVANCED_FACE('',(#960),#48,.F.);
#10633=ADVANCED_FACE('',(#961),#49,.F.);
#10634=ADVANCED_FACE('',(#962),#50,.F.);
#10635=ADVANCED_FACE('',(#963),#51,.F.);
#10636=ADVANCED_FACE('',(#964),#10101,.F.);
#10637=ADVANCED_FACE('',(#965),#10102,.T.);
#10638=ADVANCED_FACE('',(#966),#204,.T.);
#10639=ADVANCED_FACE('',(#967),#17,.T.);
#10640=ADVANCED_FACE('',(#968),#205,.T.);
#10641=ADVANCED_FACE('',(#969),#18,.T.);
#10642=ADVANCED_FACE('',(#970),#206,.T.);
#10643=ADVANCED_FACE('',(#971),#19,.T.);
#10644=ADVANCED_FACE('',(#972),#207,.T.);
#10645=ADVANCED_FACE('',(#973),#10103,.F.);
#10646=ADVANCED_FACE('',(#974),#10104,.T.);
#10647=CLOSED_SHELL('',(#10105,#10106,#10107,#10108,#10109,#10110,#10111,
#10112,#10113,#10114,#10115,#10116,#10117,#10118,#10119,#10120,#10121,#10122,
#10123,#10124,#10125,#10126,#10127,#10128,#10129,#10130,#10131,#10132,#10133,
#10134,#10135,#10136,#10137,#10138,#10139,#10140,#10141,#10142,#10143,#10144,
#10145,#10146,#10147,#10148,#10149,#10150,#10151,#10152,#10153,#10154,#10155,
#10156,#10157,#10158,#10159,#10160,#10161,#10162,#10163,#10164,#10165,#10166,
#10167,#10168,#10169,#10170,#10171,#10172,#10173,#10174));
#10648=CLOSED_SHELL('',(#10175,#10176,#10177,#10178,#10179,#10180,#10181,
#10182,#10183,#10184,#10185,#10186,#10187,#10188,#10189,#10190,#10191,#10192,
#10193,#10194,#10195,#10196,#10197,#10198,#10199,#10200,#10201,#10202,#10203,
#10204,#10205,#10206,#10207,#10208,#10209,#10210,#10211,#10212,#10213,#10214,
#10215,#10216,#10217,#10218,#10219,#10220,#10221,#10222,#10223,#10224,#10225,
#10226,#10227,#10228,#10229,#10230,#10231,#10232,#10233,#10234,#10235,#10236,
#10237,#10238,#10239,#10240,#10241,#10242,#10243,#10244,#10245,#10246,#10247,
#10248,#10249,#10250,#10251,#10252,#10253,#10254,#10255,#10256,#10257,#10258,
#10259,#10260,#10261,#10262,#10263,#10264,#10265,#10266,#10267,#10268,#10269,
#10270,#10271,#10272,#10273,#10274,#10275,#10276,#10277,#10278,#10279,#10280,
#10281,#10282,#10283,#10284,#10285,#10286,#10287,#10288,#10289,#10290,#10291,
#10292,#10293,#10294,#10295,#10296,#10297,#10298,#10299,#10300,#10301,#10302,
#10303,#10304,#10305,#10306,#10307,#10308,#10309,#10310,#10311,#10312,#10313,
#10314,#10315,#10316,#10317,#10318,#10319,#10320,#10321,#10322,#10323,#10324,
#10325,#10326,#10327,#10328,#10329,#10330,#10331,#10332,#10333,#10334,#10335,
#10336,#10337,#10338,#10339,#10340,#10341,#10342,#10343,#10344,#10345,#10346,
#10347,#10348,#10349,#10350,#10351,#10352,#10353,#10354,#10355,#10356,#10357,
#10358,#10359,#10360,#10361,#10362,#10363,#10364,#10365,#10366,#10367,#10368,
#10369,#10370,#10371,#10372,#10373,#10374,#10375,#10376,#10377));
#10649=CLOSED_SHELL('',(#10378,#10379,#10380,#10381,#10382,#10383,#10384,
#10385,#10386,#10387));
#10650=CLOSED_SHELL('',(#10388,#10389,#10390,#10391,#10392,#10393,#10394,
#10395,#10396,#10397));
#10651=CLOSED_SHELL('',(#10398,#10399,#10400,#10401,#10402,#10403,#10404,
#10405));
#10652=CLOSED_SHELL('',(#10406,#10407,#10408,#10409,#10410,#10411,#10412,
#10413));
#10653=CLOSED_SHELL('',(#10414,#10415,#10416,#10417,#10418,#10419,#10420,
#10421));
#10654=CLOSED_SHELL('',(#10422,#10423,#10424,#10425,#10426,#10427,#10428,
#10429));
#10655=CLOSED_SHELL('',(#10430,#10431,#10432,#10433,#10434,#10435,#10436,
#10437,#10438,#10439,#10440,#10441,#10442,#10443,#10444,#10445,#10446,#10447,
#10448,#10449,#10450,#10451,#10452,#10453,#10454,#10455,#10456,#10457,#10458,
#10459,#10460,#10461,#10462,#10463,#10464,#10465,#10466,#10467,#10468,#10469,
#10470,#10471,#10472,#10473,#10474,#10475,#10476,#10477,#10478,#10479,#10480,
#10481,#10482,#10483,#10484,#10485,#10486,#10487,#10488,#10489,#10490,#10491,
#10492,#10493,#10494,#10495,#10496,#10497,#10498,#10499,#10500,#10501,#10502,
#10503,#10504,#10505,#10506,#10507,#10508,#10509,#10510,#10511,#10512,#10513,
#10514,#10515,#10516,#10517,#10518,#10519,#10520,#10521,#10522,#10523,#10524,
#10525,#10526,#10527,#10528,#10529,#10530,#10531,#10532,#10533,#10534,#10535,
#10536,#10537,#10538,#10539,#10540,#10541,#10542,#10543,#10544,#10545,#10546,
#10547,#10548,#10549,#10550,#10551));
#10656=CLOSED_SHELL('',(#10552,#10553,#10554,#10555,#10556,#10557,#10558,
#10559,#10560,#10561,#10562,#10563,#10564,#10565,#10566,#10567,#10568,#10569,
#10570,#10571,#10572,#10573,#10574,#10575,#10576,#10577));
#10657=CLOSED_SHELL('',(#10578,#10579,#10580,#10581,#10582,#10583,#10584,
#10585,#10586,#10587,#10588,#10589,#10590,#10591,#10592,#10593,#10594,#10595,
#10596,#10597,#10598,#10599,#10600,#10601,#10602,#10603));
#10658=CLOSED_SHELL('',(#10604,#10605,#10606,#10607,#10608,#10609,#10610,
#10611,#10612,#10613,#10614,#10615,#10616,#10617,#10618,#10619,#10620,#10621,
#10622,#10623,#10624,#10625,#10626,#10627,#10628,#10629,#10630,#10631,#10632,
#10633,#10634,#10635,#10636,#10637));
#10659=CLOSED_SHELL('',(#10638,#10639,#10640,#10641,#10642,#10643,#10644,
#10645,#10646));
#10660=DERIVED_UNIT_ELEMENT(#10662,1.);
#10661=DERIVED_UNIT_ELEMENT(#19479,-3.);
#10662=(
MASS_UNIT()
NAMED_UNIT(*)
SI_UNIT($,.GRAM.)
);
#10663=DERIVED_UNIT((#10660,#10661));
#10664=MEASURE_REPRESENTATION_ITEM('density measure',
POSITIVE_RATIO_MEASURE(1.),#10663);
#10665=PROPERTY_DEFINITION_REPRESENTATION(#10670,#10667);
#10666=PROPERTY_DEFINITION_REPRESENTATION(#10671,#10668);
#10667=REPRESENTATION('material name',(#10669),#19476);
#10668=REPRESENTATION('density',(#10664),#19476);
#10669=DESCRIPTIVE_REPRESENTATION_ITEM('\X2\04220438043F043E0432044B0435\X0\',
'\X2\04220438043F043E0432044B0435\X0\');
#10670=PROPERTY_DEFINITION('material property','material name',#19491);
#10671=PROPERTY_DEFINITION('material property','density of part',#19491);
#10672=PRESENTATION_STYLE_ASSIGNMENT((#10678));
#10673=PRESENTATION_STYLE_ASSIGNMENT((#10679));
#10674=PRESENTATION_STYLE_ASSIGNMENT((#10680));
#10675=PRESENTATION_STYLE_ASSIGNMENT((#10681));
#10676=PRESENTATION_STYLE_ASSIGNMENT((#10682));
#10677=PRESENTATION_STYLE_ASSIGNMENT((#10683));
#10678=SURFACE_STYLE_USAGE(.BOTH.,#10696);
#10679=SURFACE_STYLE_USAGE(.BOTH.,#10697);
#10680=SURFACE_STYLE_USAGE(.BOTH.,#10698);
#10681=SURFACE_STYLE_USAGE(.BOTH.,#10699);
#10682=SURFACE_STYLE_USAGE(.BOTH.,#10700);
#10683=SURFACE_STYLE_USAGE(.BOTH.,#10701);
#10684=SURFACE_STYLE_RENDERING_WITH_PROPERTIES($,#10720,(#10690));
#10685=SURFACE_STYLE_RENDERING_WITH_PROPERTIES($,#10721,(#10691));
#10686=SURFACE_STYLE_RENDERING_WITH_PROPERTIES($,#10722,(#10692));
#10687=SURFACE_STYLE_RENDERING_WITH_PROPERTIES($,#10723,(#10693));
#10688=SURFACE_STYLE_RENDERING_WITH_PROPERTIES($,#10724,(#10694));
#10689=SURFACE_STYLE_RENDERING_WITH_PROPERTIES($,#10725,(#10695));
#10690=SURFACE_STYLE_TRANSPARENT(0.);
#10691=SURFACE_STYLE_TRANSPARENT(0.);
#10692=SURFACE_STYLE_TRANSPARENT(0.);
#10693=SURFACE_STYLE_TRANSPARENT(0.);
#10694=SURFACE_STYLE_TRANSPARENT(0.);
#10695=SURFACE_STYLE_TRANSPARENT(0.);
#10696=SURFACE_SIDE_STYLE('',(#10702,#10684));
#10697=SURFACE_SIDE_STYLE('',(#10703,#10685));
#10698=SURFACE_SIDE_STYLE('',(#10704,#10686));
#10699=SURFACE_SIDE_STYLE('',(#10705,#10687));
#10700=SURFACE_SIDE_STYLE('',(#10706,#10688));
#10701=SURFACE_SIDE_STYLE('',(#10707,#10689));
#10702=SURFACE_STYLE_FILL_AREA(#10708);
#10703=SURFACE_STYLE_FILL_AREA(#10709);
#10704=SURFACE_STYLE_FILL_AREA(#10710);
#10705=SURFACE_STYLE_FILL_AREA(#10711);
#10706=SURFACE_STYLE_FILL_AREA(#10712);
#10707=SURFACE_STYLE_FILL_AREA(#10713);
#10708=FILL_AREA_STYLE('',(#10714));
#10709=FILL_AREA_STYLE('',(#10715));
#10710=FILL_AREA_STYLE('',(#10716));
#10711=FILL_AREA_STYLE('',(#10717));
#10712=FILL_AREA_STYLE('',(#10718));
#10713=FILL_AREA_STYLE('',(#10719));
#10714=FILL_AREA_STYLE_COLOUR('',#10720);
#10715=FILL_AREA_STYLE_COLOUR('',#10721);
#10716=FILL_AREA_STYLE_COLOUR('',#10722);
#10717=FILL_AREA_STYLE_COLOUR('',#10723);
#10718=FILL_AREA_STYLE_COLOUR('',#10724);
#10719=FILL_AREA_STYLE_COLOUR('',#10725);
#10720=COLOUR_RGB('',0.749019607843137,0.749019607843137,0.749019607843137);
#10721=COLOUR_RGB('',1.,1.,1.);
#10722=COLOUR_RGB('',0.196078431372549,0.196078431372549,0.196078431372549);
#10723=COLOUR_RGB('',0.564705882352941,0.564705882352941,0.564705882352941);
#10724=COLOUR_RGB('',0.,0.501960784313725,1.);
#10725=COLOUR_RGB('',0.823529411764706,0.823529411764706,0.996078431372549);
#10726=DATE_TIME_ROLE('creation_date');
#10727=DATE_TIME_ROLE('creation_date');
#10728=APPLIED_DATE_AND_TIME_ASSIGNMENT(#10730,#10726,(#19490));
#10729=APPLIED_DATE_AND_TIME_ASSIGNMENT(#10731,#10727,(#19491));
#10730=DATE_AND_TIME(#10732,#10734);
#10731=DATE_AND_TIME(#10733,#10735);
#10732=CALENDAR_DATE(2023,28,9);
#10733=CALENDAR_DATE(2023,28,9);
#10734=LOCAL_TIME(0,0,0.,#10736);
#10735=LOCAL_TIME(0,0,0.,#10737);
#10736=COORDINATED_UNIVERSAL_TIME_OFFSET(0,0,.BEHIND.);
#10737=COORDINATED_UNIVERSAL_TIME_OFFSET(0,0,.BEHIND.);
#10738=AXIS2_PLACEMENT_3D('placement',#14164,#11452,#11453);
#10739=AXIS2_PLACEMENT_3D('placement',#14165,#11454,#11455);
#10740=AXIS2_PLACEMENT_3D('',#14166,#11456,#11457);
#10741=AXIS2_PLACEMENT_3D('',#14175,#11462,#11463);
#10742=AXIS2_PLACEMENT_3D('',#14181,#11467,#11468);
#10743=AXIS2_PLACEMENT_3D('',#14201,#11479,#11480);
#10744=AXIS2_PLACEMENT_3D('',#14205,#11483,#11484);
#10745=AXIS2_PLACEMENT_3D('',#14209,#11487,#11488);
#10746=AXIS2_PLACEMENT_3D('',#14213,#11491,#11492);
#10747=AXIS2_PLACEMENT_3D('',#14217,#11495,#11496);
#10748=AXIS2_PLACEMENT_3D('',#14221,#11499,#11500);
#10749=AXIS2_PLACEMENT_3D('',#14225,#11503,#11504);
#10750=AXIS2_PLACEMENT_3D('',#14229,#11507,#11508);
#10751=AXIS2_PLACEMENT_3D('',#14233,#11511,#11512);
#10752=AXIS2_PLACEMENT_3D('',#14237,#11515,#11516);
#10753=AXIS2_PLACEMENT_3D('',#14246,#11521,#11522);
#10754=AXIS2_PLACEMENT_3D('',#14269,#11535,#11536);
#10755=AXIS2_PLACEMENT_3D('',#14300,#11552,#11553);
#10756=AXIS2_PLACEMENT_3D('',#14304,#11555,#11556);
#10757=AXIS2_PLACEMENT_3D('',#14314,#11562,#11563);
#10758=AXIS2_PLACEMENT_3D('',#14318,#11566,#11567);
#10759=AXIS2_PLACEMENT_3D('',#14336,#11577,#11578);
#10760=AXIS2_PLACEMENT_3D('',#14348,#11584,#11585);
#10761=AXIS2_PLACEMENT_3D('',#14352,#11587,#11588);
#10762=AXIS2_PLACEMENT_3D('',#14362,#11594,#11595);
#10763=AXIS2_PLACEMENT_3D('',#14364,#11597,#11598);
#10764=AXIS2_PLACEMENT_3D('',#14366,#11600,#11601);
#10765=AXIS2_PLACEMENT_3D('',#14368,#11603,#11604);
#10766=AXIS2_PLACEMENT_3D('',#14374,#11608,#11609);
#10767=AXIS2_PLACEMENT_3D('',#14378,#11612,#11613);
#10768=AXIS2_PLACEMENT_3D('',#14382,#11616,#11617);
#10769=AXIS2_PLACEMENT_3D('',#14384,#11619,#11620);
#10770=AXIS2_PLACEMENT_3D('',#14387,#11621,#11622);
#10771=AXIS2_PLACEMENT_3D('',#14391,#11624,#11625);
#10772=AXIS2_PLACEMENT_3D('',#14398,#11630,#11631);
#10773=AXIS2_PLACEMENT_3D('',#14402,#11634,#11635);
#10774=AXIS2_PLACEMENT_3D('',#14406,#11638,#11639);
#10775=AXIS2_PLACEMENT_3D('',#14410,#11642,#11643);
#10776=AXIS2_PLACEMENT_3D('',#14413,#11645,#11646);
#10777=AXIS2_PLACEMENT_3D('',#14414,#11647,#11648);
#10778=AXIS2_PLACEMENT_3D('',#14418,#11651,#11652);
#10779=AXIS2_PLACEMENT_3D('',#14421,#11654,#11655);
#10780=AXIS2_PLACEMENT_3D('',#14422,#11656,#11657);
#10781=AXIS2_PLACEMENT_3D('',#14426,#11660,#11661);
#10782=AXIS2_PLACEMENT_3D('',#14430,#11664,#11665);
#10783=AXIS2_PLACEMENT_3D('',#14434,#11668,#11669);
#10784=AXIS2_PLACEMENT_3D('',#14437,#11670,#11671);
#10785=AXIS2_PLACEMENT_3D('',#14444,#11675,#11676);
#10786=AXIS2_PLACEMENT_3D('',#14446,#11678,#11679);
#10787=AXIS2_PLACEMENT_3D('',#14448,#11681,#11682);
#10788=AXIS2_PLACEMENT_3D('',#14450,#11684,#11685);
#10789=AXIS2_PLACEMENT_3D('',#14452,#11687,#11688);
#10790=AXIS2_PLACEMENT_3D('',#14454,#11690,#11691);
#10791=AXIS2_PLACEMENT_3D('',#14456,#11693,#11694);
#10792=AXIS2_PLACEMENT_3D('',#14458,#11696,#11697);
#10793=AXIS2_PLACEMENT_3D('',#14460,#11699,#11700);
#10794=AXIS2_PLACEMENT_3D('',#14461,#11701,#11702);
#10795=AXIS2_PLACEMENT_3D('',#14465,#11705,#11706);
#10796=AXIS2_PLACEMENT_3D('',#14469,#11709,#11710);
#10797=AXIS2_PLACEMENT_3D('',#14473,#11713,#11714);
#10798=AXIS2_PLACEMENT_3D('',#14476,#11716,#11717);
#10799=AXIS2_PLACEMENT_3D('',#14477,#11718,#11719);
#10800=AXIS2_PLACEMENT_3D('',#14481,#11722,#11723);
#10801=AXIS2_PLACEMENT_3D('',#14484,#11725,#11726);
#10802=AXIS2_PLACEMENT_3D('',#14485,#11727,#11728);
#10803=AXIS2_PLACEMENT_3D('',#14489,#11731,#11732);
#10804=AXIS2_PLACEMENT_3D('',#14493,#11735,#11736);
#10805=AXIS2_PLACEMENT_3D('',#14495,#11738,#11739);
#10806=AXIS2_PLACEMENT_3D('',#14504,#11744,#11745);
#10807=AXIS2_PLACEMENT_3D('',#14510,#11749,#11750);
#10808=AXIS2_PLACEMENT_3D('',#14516,#11754,#11755);
#10809=AXIS2_PLACEMENT_3D('',#14519,#11757,#11758);
#10810=AXIS2_PLACEMENT_3D('',#14520,#11759,#11760);
#10811=AXIS2_PLACEMENT_3D('',#14524,#11763,#11764);
#10812=AXIS2_PLACEMENT_3D('',#14525,#11765,#11766);
#10813=AXIS2_PLACEMENT_3D('',#14526,#11767,#11768);
#10814=AXIS2_PLACEMENT_3D('',#14532,#11772,#11773);
#10815=AXIS2_PLACEMENT_3D('',#14533,#11774,#11775);
#10816=AXIS2_PLACEMENT_3D('',#14534,#11776,#11777);
#10817=AXIS2_PLACEMENT_3D('',#14535,#11778,#11779);
#10818=AXIS2_PLACEMENT_3D('',#14536,#11780,#11781);
#10819=AXIS2_PLACEMENT_3D('',#14537,#11782,#11783);
#10820=AXIS2_PLACEMENT_3D('',#14538,#11784,#11785);
#10821=AXIS2_PLACEMENT_3D('',#14539,#11786,#11787);
#10822=AXIS2_PLACEMENT_3D('',#14540,#11788,#11789);
#10823=AXIS2_PLACEMENT_3D('',#14541,#11790,#11791);
#10824=AXIS2_PLACEMENT_3D('',#14542,#11792,#11793);
#10825=AXIS2_PLACEMENT_3D('',#14543,#11794,#11795);
#10826=AXIS2_PLACEMENT_3D('',#14544,#11796,#11797);
#10827=AXIS2_PLACEMENT_3D('',#14545,#11798,#11799);
#10828=AXIS2_PLACEMENT_3D('',#14546,#11800,#11801);
#10829=AXIS2_PLACEMENT_3D('',#14547,#11802,#11803);
#10830=AXIS2_PLACEMENT_3D('',#14548,#11804,#11805);
#10831=AXIS2_PLACEMENT_3D('',#14549,#11806,#11807);
#10832=AXIS2_PLACEMENT_3D('',#14550,#11808,#11809);
#10833=AXIS2_PLACEMENT_3D('',#14551,#11810,#11811);
#10834=AXIS2_PLACEMENT_3D('',#14552,#11812,#11813);
#10835=AXIS2_PLACEMENT_3D('',#14561,#11818,#11819);
#10836=AXIS2_PLACEMENT_3D('',#14567,#11823,#11824);
#10837=AXIS2_PLACEMENT_3D('',#14571,#11827,#11828);
#10838=AXIS2_PLACEMENT_3D('',#14575,#11831,#11832);
#10839=AXIS2_PLACEMENT_3D('',#14584,#11837,#11838);
#10840=AXIS2_PLACEMENT_3D('',#14590,#11842,#11843);
#10841=AXIS2_PLACEMENT_3D('',#14594,#11846,#11847);
#10842=AXIS2_PLACEMENT_3D('',#14598,#11850,#11851);
#10843=AXIS2_PLACEMENT_3D('',#14607,#11856,#11857);
#10844=AXIS2_PLACEMENT_3D('',#14646,#11878,#11879);
#10845=AXIS2_PLACEMENT_3D('',#14655,#11885,#11886);
#10846=AXIS2_PLACEMENT_3D('',#14659,#11889,#11890);
#10847=AXIS2_PLACEMENT_3D('',#14661,#11892,#11893);
#10848=AXIS2_PLACEMENT_3D('',#14667,#11897,#11898);
#10849=AXIS2_PLACEMENT_3D('',#14670,#11899,#11900);
#10850=AXIS2_PLACEMENT_3D('',#14674,#11902,#11903);
#10851=AXIS2_PLACEMENT_3D('',#14686,#11909,#11910);
#10852=AXIS2_PLACEMENT_3D('',#14690,#11912,#11913);
#10853=AXIS2_PLACEMENT_3D('',#14765,#11952,#11953);
#10854=AXIS2_PLACEMENT_3D('',#14766,#11954,#11955);
#10855=AXIS2_PLACEMENT_3D('',#14794,#11969,#11970);
#10856=AXIS2_PLACEMENT_3D('',#14797,#11972,#11973);
#10857=AXIS2_PLACEMENT_3D('',#14798,#11974,#11975);
#10858=AXIS2_PLACEMENT_3D('',#14840,#11998,#11999);
#10859=AXIS2_PLACEMENT_3D('',#14844,#12002,#12003);
#10860=AXIS2_PLACEMENT_3D('',#14854,#12009,#12010);
#10861=AXIS2_PLACEMENT_3D('',#14858,#12013,#12014);
#10862=AXIS2_PLACEMENT_3D('',#14862,#12017,#12018);
#10863=AXIS2_PLACEMENT_3D('',#14868,#12022,#12023);
#10864=AXIS2_PLACEMENT_3D('',#14872,#12026,#12027);
#10865=AXIS2_PLACEMENT_3D('',#14882,#12033,#12034);
#10866=AXIS2_PLACEMENT_3D('',#14886,#12037,#12038);
#10867=AXIS2_PLACEMENT_3D('',#14934,#12063,#12064);
#10868=AXIS2_PLACEMENT_3D('',#14954,#12075,#12076);
#10869=AXIS2_PLACEMENT_3D('',#14957,#12078,#12079);
#10870=AXIS2_PLACEMENT_3D('',#14958,#12080,#12081);
#10871=AXIS2_PLACEMENT_3D('',#14960,#12083,#12084);
#10872=AXIS2_PLACEMENT_3D('',#14962,#12086,#12087);
#10873=AXIS2_PLACEMENT_3D('',#14964,#12089,#12090);
#10874=AXIS2_PLACEMENT_3D('',#14966,#12092,#12093);
#10875=AXIS2_PLACEMENT_3D('',#14968,#12095,#12096);
#10876=AXIS2_PLACEMENT_3D('',#14970,#12098,#12099);
#10877=AXIS2_PLACEMENT_3D('',#14973,#12102,#12103);
#10878=AXIS2_PLACEMENT_3D('',#15000,#12118,#12119);
#10879=AXIS2_PLACEMENT_3D('',#15007,#12124,#12125);
#10880=AXIS2_PLACEMENT_3D('',#15009,#12127,#12128);
#10881=AXIS2_PLACEMENT_3D('',#15011,#12130,#12131);
#10882=AXIS2_PLACEMENT_3D('',#15013,#12133,#12134);
#10883=AXIS2_PLACEMENT_3D('',#15014,#12135,#12136);
#10884=AXIS2_PLACEMENT_3D('',#15016,#12137,#12138);
#10885=AXIS2_PLACEMENT_3D('',#15018,#12139,#12140);
#10886=AXIS2_PLACEMENT_3D('',#15020,#12142,#12143);
#10887=AXIS2_PLACEMENT_3D('',#15030,#12149,#12150);
#10888=AXIS2_PLACEMENT_3D('',#15038,#12155,#12156);
#10889=AXIS2_PLACEMENT_3D('',#15042,#12159,#12160);
#10890=AXIS2_PLACEMENT_3D('',#15059,#12171,#12172);
#10891=AXIS2_PLACEMENT_3D('',#15063,#12175,#12176);
#10892=AXIS2_PLACEMENT_3D('',#15067,#12179,#12180);
#10893=AXIS2_PLACEMENT_3D('',#15071,#12183,#12184);
#10894=AXIS2_PLACEMENT_3D('',#15073,#12186,#12187);
#10895=AXIS2_PLACEMENT_3D('',#15083,#12193,#12194);
#10896=AXIS2_PLACEMENT_3D('',#15087,#12197,#12198);
#10897=AXIS2_PLACEMENT_3D('',#15095,#12203,#12204);
#10898=AXIS2_PLACEMENT_3D('',#15097,#12206,#12207);
#10899=AXIS2_PLACEMENT_3D('',#15109,#12214,#12215);
#10900=AXIS2_PLACEMENT_3D('',#15113,#12218,#12219);
#10901=AXIS2_PLACEMENT_3D('',#15121,#12224,#12225);
#10902=AXIS2_PLACEMENT_3D('',#15126,#12229,#12230);
#10903=AXIS2_PLACEMENT_3D('',#15130,#12233,#12234);
#10904=AXIS2_PLACEMENT_3D('',#15134,#12237,#12238);
#10905=AXIS2_PLACEMENT_3D('',#15138,#12241,#12242);
#10906=AXIS2_PLACEMENT_3D('',#15140,#12244,#12245);
#10907=AXIS2_PLACEMENT_3D('',#15146,#12249,#12250);
#10908=AXIS2_PLACEMENT_3D('',#15154,#12255,#12256);
#10909=AXIS2_PLACEMENT_3D('',#15158,#12259,#12260);
#10910=AXIS2_PLACEMENT_3D('',#15174,#12270,#12271);
#10911=AXIS2_PLACEMENT_3D('',#15180,#12275,#12276);
#10912=AXIS2_PLACEMENT_3D('',#15186,#12280,#12281);
#10913=AXIS2_PLACEMENT_3D('',#15198,#12288,#12289);
#10914=AXIS2_PLACEMENT_3D('',#15202,#12292,#12293);
#10915=AXIS2_PLACEMENT_3D('',#15210,#12298,#12299);
#10916=AXIS2_PLACEMENT_3D('',#15214,#12302,#12303);
#10917=AXIS2_PLACEMENT_3D('',#15220,#12307,#12308);
#10918=AXIS2_PLACEMENT_3D('',#15230,#12314,#12315);
#10919=AXIS2_PLACEMENT_3D('',#15232,#12317,#12318);
#10920=AXIS2_PLACEMENT_3D('',#15234,#12320,#12321);
#10921=AXIS2_PLACEMENT_3D('',#15236,#12323,#12324);
#10922=AXIS2_PLACEMENT_3D('',#15238,#12326,#12327);
#10923=AXIS2_PLACEMENT_3D('',#15256,#12337,#12338);
#10924=AXIS2_PLACEMENT_3D('',#15260,#12341,#12342);
#10925=AXIS2_PLACEMENT_3D('',#15264,#12345,#12346);
#10926=AXIS2_PLACEMENT_3D('',#15268,#12349,#12350);
#10927=AXIS2_PLACEMENT_3D('',#15280,#12357,#12358);
#10928=AXIS2_PLACEMENT_3D('',#15286,#12362,#12363);
#10929=AXIS2_PLACEMENT_3D('',#15288,#12365,#12366);
#10930=AXIS2_PLACEMENT_3D('',#15304,#12376,#12377);
#10931=AXIS2_PLACEMENT_3D('',#15308,#12380,#12381);
#10932=AXIS2_PLACEMENT_3D('',#15322,#12390,#12391);
#10933=AXIS2_PLACEMENT_3D('',#15324,#12393,#12394);
#10934=AXIS2_PLACEMENT_3D('',#15325,#12395,#12396);
#10935=AXIS2_PLACEMENT_3D('',#15327,#12398,#12399);
#10936=AXIS2_PLACEMENT_3D('',#15329,#12401,#12402);
#10937=AXIS2_PLACEMENT_3D('',#15333,#12405,#12406);
#10938=AXIS2_PLACEMENT_3D('',#15339,#12410,#12411);
#10939=AXIS2_PLACEMENT_3D('',#15351,#12420,#12421);
#10940=AXIS2_PLACEMENT_3D('',#15354,#12424,#12425);
#10941=AXIS2_PLACEMENT_3D('',#15360,#12429,#12430);
#10942=AXIS2_PLACEMENT_3D('',#15372,#12439,#12440);
#10943=AXIS2_PLACEMENT_3D('',#15376,#12443,#12444);
#10944=AXIS2_PLACEMENT_3D('',#15380,#12447,#12448);
#10945=AXIS2_PLACEMENT_3D('',#15384,#12451,#12452);
#10946=AXIS2_PLACEMENT_3D('',#15388,#12455,#12456);
#10947=AXIS2_PLACEMENT_3D('',#15394,#12460,#12461);
#10948=AXIS2_PLACEMENT_3D('',#15400,#12465,#12466);
#10949=AXIS2_PLACEMENT_3D('',#15403,#12469,#12470);
#10950=AXIS2_PLACEMENT_3D('',#15409,#12474,#12475);
#10951=AXIS2_PLACEMENT_3D('',#15415,#12479,#12480);
#10952=AXIS2_PLACEMENT_3D('',#15424,#12486,#12487);
#10953=AXIS2_PLACEMENT_3D('',#15430,#12491,#12492);
#10954=AXIS2_PLACEMENT_3D('',#15436,#12496,#12497);
#10955=AXIS2_PLACEMENT_3D('',#15442,#12501,#12502);
#10956=AXIS2_PLACEMENT_3D('',#15448,#12506,#12507);
#10957=AXIS2_PLACEMENT_3D('',#15464,#12517,#12518);
#10958=AXIS2_PLACEMENT_3D('',#15467,#12521,#12522);
#10959=AXIS2_PLACEMENT_3D('',#15473,#12526,#12527);
#10960=AXIS2_PLACEMENT_3D('',#15489,#12537,#12538);
#10961=AXIS2_PLACEMENT_3D('',#15495,#12542,#12543);
#10962=AXIS2_PLACEMENT_3D('',#15501,#12547,#12548);
#10963=AXIS2_PLACEMENT_3D('',#15507,#12552,#12553);
#10964=AXIS2_PLACEMENT_3D('',#15510,#12556,#12557);
#10965=AXIS2_PLACEMENT_3D('',#15512,#12559,#12560);
#10966=AXIS2_PLACEMENT_3D('',#15516,#12563,#12564);
#10967=AXIS2_PLACEMENT_3D('',#15518,#12566,#12567);
#10968=AXIS2_PLACEMENT_3D('',#15535,#12576,#12577);
#10969=AXIS2_PLACEMENT_3D('',#15541,#12581,#12582);
#10970=AXIS2_PLACEMENT_3D('',#15550,#12587,#12588);
#10971=AXIS2_PLACEMENT_3D('',#15564,#12596,#12597);
#10972=AXIS2_PLACEMENT_3D('',#15568,#12600,#12601);
#10973=AXIS2_PLACEMENT_3D('',#15573,#12605,#12606);
#10974=AXIS2_PLACEMENT_3D('',#15577,#12609,#12610);
#10975=AXIS2_PLACEMENT_3D('',#15581,#12613,#12614);
#10976=AXIS2_PLACEMENT_3D('',#15583,#12616,#12617);
#10977=AXIS2_PLACEMENT_3D('',#15585,#12619,#12620);
#10978=AXIS2_PLACEMENT_3D('',#15593,#12627,#12628);
#10979=AXIS2_PLACEMENT_3D('',#15594,#12629,#12630);
#10980=AXIS2_PLACEMENT_3D('',#15595,#12631,#12632);
#10981=AXIS2_PLACEMENT_3D('',#15596,#12633,#12634);
#10982=AXIS2_PLACEMENT_3D('',#15597,#12635,#12636);
#10983=AXIS2_PLACEMENT_3D('',#15612,#12646,#12647);
#10984=AXIS2_PLACEMENT_3D('',#15614,#12649,#12650);
#10985=AXIS2_PLACEMENT_3D('',#15628,#12659,#12660);
#10986=AXIS2_PLACEMENT_3D('',#15630,#12662,#12663);
#10987=AXIS2_PLACEMENT_3D('',#15632,#12665,#12666);
#10988=AXIS2_PLACEMENT_3D('',#15634,#12668,#12669);
#10989=AXIS2_PLACEMENT_3D('',#15638,#12672,#12673);
#10990=AXIS2_PLACEMENT_3D('',#15642,#12676,#12677);
#10991=AXIS2_PLACEMENT_3D('',#15644,#12679,#12680);
#10992=AXIS2_PLACEMENT_3D('',#15645,#12681,#12682);
#10993=AXIS2_PLACEMENT_3D('',#15646,#12683,#12684);
#10994=AXIS2_PLACEMENT_3D('',#15647,#12685,#12686);
#10995=AXIS2_PLACEMENT_3D('',#15652,#12690,#12691);
#10996=AXIS2_PLACEMENT_3D('',#15653,#12692,#12693);
#10997=AXIS2_PLACEMENT_3D('',#15655,#12695,#12696);
#10998=AXIS2_PLACEMENT_3D('',#15656,#12697,#12698);
#10999=AXIS2_PLACEMENT_3D('',#15661,#12702,#12703);
#11000=AXIS2_PLACEMENT_3D('',#15663,#12705,#12706);
#11001=AXIS2_PLACEMENT_3D('',#15664,#12707,#12708);
#11002=AXIS2_PLACEMENT_3D('',#15665,#12709,#12710);
#11003=AXIS2_PLACEMENT_3D('',#15667,#12712,#12713);
#11004=AXIS2_PLACEMENT_3D('',#15668,#12714,#12715);
#11005=AXIS2_PLACEMENT_3D('',#15669,#12716,#12717);
#11006=AXIS2_PLACEMENT_3D('',#15671,#12719,#12720);
#11007=AXIS2_PLACEMENT_3D('',#15672,#12721,#12722);
#11008=AXIS2_PLACEMENT_3D('',#15673,#12723,#12724);
#11009=AXIS2_PLACEMENT_3D('',#15674,#12725,#12726);
#11010=AXIS2_PLACEMENT_3D('',#15676,#12728,#12729);
#11011=AXIS2_PLACEMENT_3D('',#15678,#12731,#12732);
#11012=AXIS2_PLACEMENT_3D('',#15679,#12733,#12734);
#11013=AXIS2_PLACEMENT_3D('',#15680,#12735,#12736);
#11014=AXIS2_PLACEMENT_3D('',#15681,#12737,#12738);
#11015=AXIS2_PLACEMENT_3D('',#15682,#12739,#12740);
#11016=AXIS2_PLACEMENT_3D('',#15684,#12742,#12743);
#11017=AXIS2_PLACEMENT_3D('',#15685,#12744,#12745);
#11018=AXIS2_PLACEMENT_3D('',#15686,#12746,#12747);
#11019=AXIS2_PLACEMENT_3D('',#15687,#12748,#12749);
#11020=AXIS2_PLACEMENT_3D('',#15690,#12752,#12753);
#11021=AXIS2_PLACEMENT_3D('',#15700,#12759,#12760);
#11022=AXIS2_PLACEMENT_3D('',#15704,#12763,#12764);
#11023=AXIS2_PLACEMENT_3D('',#15708,#12767,#12768);
#11024=AXIS2_PLACEMENT_3D('',#15713,#12771,#12772);
#11025=AXIS2_PLACEMENT_3D('',#15714,#12773,#12774);
#11026=AXIS2_PLACEMENT_3D('',#15718,#12776,#12777);
#11027=AXIS2_PLACEMENT_3D('',#15755,#12779,#12780);
#11028=AXIS2_PLACEMENT_3D('',#15762,#12781,#12782);
#11029=AXIS2_PLACEMENT_3D('',#15765,#12783,#12784);
#11030=AXIS2_PLACEMENT_3D('',#15772,#12785,#12786);
#11031=AXIS2_PLACEMENT_3D('',#15774,#12788,#12789);
#11032=AXIS2_PLACEMENT_3D('',#15778,#12792,#12793);
#11033=AXIS2_PLACEMENT_3D('',#15782,#12796,#12797);
#11034=AXIS2_PLACEMENT_3D('',#15787,#12800,#12801);
#11035=AXIS2_PLACEMENT_3D('',#15788,#12802,#12803);
#11036=AXIS2_PLACEMENT_3D('',#15792,#12805,#12806);
#11037=AXIS2_PLACEMENT_3D('',#15829,#12808,#12809);
#11038=AXIS2_PLACEMENT_3D('',#15836,#12810,#12811);
#11039=AXIS2_PLACEMENT_3D('',#15839,#12812,#12813);
#11040=AXIS2_PLACEMENT_3D('',#15846,#12814,#12815);
#11041=AXIS2_PLACEMENT_3D('',#15848,#12817,#12818);
#11042=AXIS2_PLACEMENT_3D('',#15850,#12820,#12821);
#11043=AXIS2_PLACEMENT_3D('',#15851,#12822,#12823);
#11044=AXIS2_PLACEMENT_3D('',#15852,#12824,#12825);
#11045=AXIS2_PLACEMENT_3D('',#15860,#12830,#12831);
#11046=AXIS2_PLACEMENT_3D('',#15861,#12832,#12833);
#11047=AXIS2_PLACEMENT_3D('',#15869,#12838,#12839);
#11048=AXIS2_PLACEMENT_3D('',#15870,#12840,#12841);
#11049=AXIS2_PLACEMENT_3D('',#15874,#12845,#12846);
#11050=AXIS2_PLACEMENT_3D('',#15876,#12848,#12849);
#11051=AXIS2_PLACEMENT_3D('',#15877,#12850,#12851);
#11052=AXIS2_PLACEMENT_3D('',#15879,#12853,#12854);
#11053=AXIS2_PLACEMENT_3D('',#15880,#12855,#12856);
#11054=AXIS2_PLACEMENT_3D('',#15881,#12857,#12858);
#11055=AXIS2_PLACEMENT_3D('',#15882,#12859,#12860);
#11056=AXIS2_PLACEMENT_3D('',#15883,#12861,#12862);
#11057=AXIS2_PLACEMENT_3D('',#15884,#12863,#12864);
#11058=AXIS2_PLACEMENT_3D('',#15893,#12869,#12870);
#11059=AXIS2_PLACEMENT_3D('',#15899,#12874,#12875);
#11060=AXIS2_PLACEMENT_3D('',#15905,#12879,#12880);
#11061=AXIS2_PLACEMENT_3D('',#15907,#12881,#12882);
#11062=AXIS2_PLACEMENT_3D('',#15910,#12884,#12885);
#11063=AXIS2_PLACEMENT_3D('',#15911,#12886,#12887);
#11064=AXIS2_PLACEMENT_3D('',#15917,#12891,#12892);
#11065=AXIS2_PLACEMENT_3D('',#15923,#12896,#12897);
#11066=AXIS2_PLACEMENT_3D('',#15929,#12901,#12902);
#11067=AXIS2_PLACEMENT_3D('',#15932,#12905,#12906);
#11068=AXIS2_PLACEMENT_3D('',#15933,#12907,#12908);
#11069=AXIS2_PLACEMENT_3D('',#15934,#12909,#12910);
#11070=AXIS2_PLACEMENT_3D('',#15943,#12915,#12916);
#11071=AXIS2_PLACEMENT_3D('',#15949,#12920,#12921);
#11072=AXIS2_PLACEMENT_3D('',#15955,#12925,#12926);
#11073=AXIS2_PLACEMENT_3D('',#15957,#12927,#12928);
#11074=AXIS2_PLACEMENT_3D('',#15960,#12930,#12931);
#11075=AXIS2_PLACEMENT_3D('',#15961,#12932,#12933);
#11076=AXIS2_PLACEMENT_3D('',#15967,#12937,#12938);
#11077=AXIS2_PLACEMENT_3D('',#15973,#12942,#12943);
#11078=AXIS2_PLACEMENT_3D('',#15979,#12947,#12948);
#11079=AXIS2_PLACEMENT_3D('',#15982,#12951,#12952);
#11080=AXIS2_PLACEMENT_3D('',#15983,#12953,#12954);
#11081=AXIS2_PLACEMENT_3D('',#15984,#12955,#12956);
#11082=AXIS2_PLACEMENT_3D('',#15993,#12961,#12962);
#11083=AXIS2_PLACEMENT_3D('',#15999,#12966,#12967);
#11084=AXIS2_PLACEMENT_3D('',#16005,#12971,#12972);
#11085=AXIS2_PLACEMENT_3D('',#16011,#12976,#12977);
#11086=AXIS2_PLACEMENT_3D('',#16013,#12978,#12979);
#11087=AXIS2_PLACEMENT_3D('',#16016,#12981,#12982);
#11088=AXIS2_PLACEMENT_3D('',#16017,#12983,#12984);
#11089=AXIS2_PLACEMENT_3D('',#16020,#12987,#12988);
#11090=AXIS2_PLACEMENT_3D('',#16021,#12989,#12990);
#11091=AXIS2_PLACEMENT_3D('',#16022,#12991,#12992);
#11092=AXIS2_PLACEMENT_3D('',#16031,#12997,#12998);
#11093=AXIS2_PLACEMENT_3D('',#16037,#13002,#13003);
#11094=AXIS2_PLACEMENT_3D('',#16043,#13007,#13008);
#11095=AXIS2_PLACEMENT_3D('',#16049,#13012,#13013);
#11096=AXIS2_PLACEMENT_3D('',#16051,#13014,#13015);
#11097=AXIS2_PLACEMENT_3D('',#16054,#13017,#13018);
#11098=AXIS2_PLACEMENT_3D('',#16055,#13019,#13020);
#11099=AXIS2_PLACEMENT_3D('',#16058,#13023,#13024);
#11100=AXIS2_PLACEMENT_3D('',#16059,#13025,#13026);
#11101=AXIS2_PLACEMENT_3D('',#16060,#13027,#13028);
#11102=AXIS2_PLACEMENT_3D('',#16069,#13033,#13034);
#11103=AXIS2_PLACEMENT_3D('',#16075,#13038,#13039);
#11104=AXIS2_PLACEMENT_3D('',#16081,#13043,#13044);
#11105=AXIS2_PLACEMENT_3D('',#16087,#13048,#13049);
#11106=AXIS2_PLACEMENT_3D('',#16089,#13050,#13051);
#11107=AXIS2_PLACEMENT_3D('',#16092,#13053,#13054);
#11108=AXIS2_PLACEMENT_3D('',#16093,#13055,#13056);
#11109=AXIS2_PLACEMENT_3D('',#16096,#13059,#13060);
#11110=AXIS2_PLACEMENT_3D('',#16097,#13061,#13062);
#11111=AXIS2_PLACEMENT_3D('',#16098,#13063,#13064);
#11112=AXIS2_PLACEMENT_3D('',#16107,#13069,#13070);
#11113=AXIS2_PLACEMENT_3D('',#16113,#13074,#13075);
#11114=AXIS2_PLACEMENT_3D('',#16119,#13079,#13080);
#11115=AXIS2_PLACEMENT_3D('',#16125,#13084,#13085);
#11116=AXIS2_PLACEMENT_3D('',#16127,#13086,#13087);
#11117=AXIS2_PLACEMENT_3D('',#16130,#13089,#13090);
#11118=AXIS2_PLACEMENT_3D('',#16131,#13091,#13092);
#11119=AXIS2_PLACEMENT_3D('',#16134,#13095,#13096);
#11120=AXIS2_PLACEMENT_3D('',#16135,#13097,#13098);
#11121=AXIS2_PLACEMENT_3D('',#16136,#13099,#13100);
#11122=AXIS2_PLACEMENT_3D('',#16145,#13105,#13106);
#11123=AXIS2_PLACEMENT_3D('',#16151,#13110,#13111);
#11124=AXIS2_PLACEMENT_3D('',#16154,#13112,#13113);
#11125=AXIS2_PLACEMENT_3D('',#16159,#13117,#13118);
#11126=AXIS2_PLACEMENT_3D('',#16171,#13125,#13126);
#11127=AXIS2_PLACEMENT_3D('',#16173,#13127,#13128);
#11128=AXIS2_PLACEMENT_3D('',#16177,#13131,#13132);
#11129=AXIS2_PLACEMENT_3D('',#16179,#13134,#13135);
#11130=AXIS2_PLACEMENT_3D('',#16189,#13141,#13142);
#11131=AXIS2_PLACEMENT_3D('',#16190,#13143,#13144);
#11132=AXIS2_PLACEMENT_3D('',#16191,#13145,#13146);
#11133=AXIS2_PLACEMENT_3D('',#16194,#13148,#13149);
#11134=AXIS2_PLACEMENT_3D('',#16198,#13151,#13152);
#11135=AXIS2_PLACEMENT_3D('',#16206,#13156,#13157);
#11136=AXIS2_PLACEMENT_3D('',#16212,#13160,#13161);
#11137=AXIS2_PLACEMENT_3D('',#16218,#13164,#13165);
#11138=AXIS2_PLACEMENT_3D('',#16233,#13173,#13174);
#11139=AXIS2_PLACEMENT_3D('',#16234,#13175,#13176);
#11140=AXIS2_PLACEMENT_3D('',#16238,#13179,#13180);
#11141=AXIS2_PLACEMENT_3D('',#16241,#13181,#13182);
#11142=AXIS2_PLACEMENT_3D('',#16252,#13188,#13189);
#11143=AXIS2_PLACEMENT_3D('',#16254,#13191,#13192);
#11144=AXIS2_PLACEMENT_3D('',#16255,#13193,#13194);
#11145=AXIS2_PLACEMENT_3D('',#16257,#13196,#13197);
#11146=AXIS2_PLACEMENT_3D('',#16259,#13199,#13200);
#11147=AXIS2_PLACEMENT_3D('',#16261,#13202,#13203);
#11148=AXIS2_PLACEMENT_3D('',#16264,#13204,#13205);
#11149=AXIS2_PLACEMENT_3D('',#16268,#13207,#13208);
#11150=AXIS2_PLACEMENT_3D('',#16272,#13210,#13211);
#11151=AXIS2_PLACEMENT_3D('',#16281,#13216,#13217);
#11152=AXIS2_PLACEMENT_3D('',#16285,#13219,#13220);
#11153=AXIS2_PLACEMENT_3D('',#16289,#13222,#13223);
#11154=AXIS2_PLACEMENT_3D('',#16295,#13226,#13227);
#11155=AXIS2_PLACEMENT_3D('',#16303,#13231,#13232);
#11156=AXIS2_PLACEMENT_3D('',#16307,#13235,#13236);
#11157=AXIS2_PLACEMENT_3D('',#16311,#13239,#13240);
#11158=AXIS2_PLACEMENT_3D('',#16313,#13241,#13242);
#11159=AXIS2_PLACEMENT_3D('',#16315,#13244,#13245);
#11160=AXIS2_PLACEMENT_3D('',#16319,#13248,#13249);
#11161=AXIS2_PLACEMENT_3D('',#16331,#13256,#13257);
#11162=AXIS2_PLACEMENT_3D('',#16334,#13259,#13260);
#11163=AXIS2_PLACEMENT_3D('',#16335,#13261,#13262);
#11164=AXIS2_PLACEMENT_3D('',#16347,#13269,#13270);
#11165=AXIS2_PLACEMENT_3D('',#16351,#13273,#13274);
#11166=AXIS2_PLACEMENT_3D('',#16353,#13275,#13276);
#11167=AXIS2_PLACEMENT_3D('',#16355,#13278,#13279);
#11168=AXIS2_PLACEMENT_3D('',#16359,#13282,#13283);
#11169=AXIS2_PLACEMENT_3D('',#16363,#13286,#13287);
#11170=AXIS2_PLACEMENT_3D('',#16380,#13297,#13298);
#11171=AXIS2_PLACEMENT_3D('',#16385,#13301,#13302);
#11172=AXIS2_PLACEMENT_3D('',#16386,#13303,#13304);
#11173=AXIS2_PLACEMENT_3D('',#16401,#13313,#13314);
#11174=AXIS2_PLACEMENT_3D('',#16403,#13316,#13317);
#11175=AXIS2_PLACEMENT_3D('',#16405,#13319,#13320);
#11176=AXIS2_PLACEMENT_3D('',#16406,#13321,#13322);
#11177=AXIS2_PLACEMENT_3D('',#16410,#13324,#13325);
#11178=AXIS2_PLACEMENT_3D('',#16412,#13327,#13328);
#11179=AXIS2_PLACEMENT_3D('',#16416,#13331,#13332);
#11180=AXIS2_PLACEMENT_3D('',#16418,#13333,#13334);
#11181=AXIS2_PLACEMENT_3D('',#16420,#13336,#13337);
#11182=AXIS2_PLACEMENT_3D('',#16424,#13340,#13341);
#11183=AXIS2_PLACEMENT_3D('',#16426,#13342,#13343);
#11184=AXIS2_PLACEMENT_3D('',#16428,#13345,#13346);
#11185=AXIS2_PLACEMENT_3D('',#16429,#13347,#13348);
#11186=AXIS2_PLACEMENT_3D('',#16430,#13349,#13350);
#11187=AXIS2_PLACEMENT_3D('',#16433,#13351,#13352);
#11188=AXIS2_PLACEMENT_3D('',#16436,#13355,#13356);
#11189=AXIS2_PLACEMENT_3D('',#16440,#13359,#13360);
#11190=AXIS2_PLACEMENT_3D('',#16442,#13361,#13362);
#11191=AXIS2_PLACEMENT_3D('',#16444,#13364,#13365);
#11192=AXIS2_PLACEMENT_3D('',#16448,#13368,#13369);
#11193=AXIS2_PLACEMENT_3D('',#16450,#13370,#13371);
#11194=AXIS2_PLACEMENT_3D('',#16452,#13373,#13374);
#11195=AXIS2_PLACEMENT_3D('',#16456,#13377,#13378);
#11196=AXIS2_PLACEMENT_3D('',#16460,#13380,#13381);
#11197=AXIS2_PLACEMENT_3D('',#16462,#13383,#13384);
#11198=AXIS2_PLACEMENT_3D('',#16466,#13387,#13388);
#11199=AXIS2_PLACEMENT_3D('',#16478,#13395,#13396);
#11200=AXIS2_PLACEMENT_3D('',#16482,#13399,#13400);
#11201=AXIS2_PLACEMENT_3D('',#16484,#13401,#13402);
#11202=AXIS2_PLACEMENT_3D('',#16486,#13404,#13405);
#11203=AXIS2_PLACEMENT_3D('',#16490,#13408,#13409);
#11204=AXIS2_PLACEMENT_3D('',#16491,#13410,#13411);
#11205=AXIS2_PLACEMENT_3D('',#16492,#13412,#13413);
#11206=AXIS2_PLACEMENT_3D('',#16498,#13417,#13418);
#11207=AXIS2_PLACEMENT_3D('',#16502,#13421,#13422);
#11208=AXIS2_PLACEMENT_3D('',#16506,#13425,#13426);
#11209=AXIS2_PLACEMENT_3D('',#16508,#13428,#13429);
#11210=AXIS2_PLACEMENT_3D('',#16523,#13438,#13439);
#11211=AXIS2_PLACEMENT_3D('',#16525,#13440,#13441);
#11212=AXIS2_PLACEMENT_3D('',#16527,#13443,#13444);
#11213=AXIS2_PLACEMENT_3D('',#16534,#13449,#13450);
#11214=AXIS2_PLACEMENT_3D('',#16535,#13451,#13452);
#11215=AXIS2_PLACEMENT_3D('',#16541,#13456,#13457);
#11216=AXIS2_PLACEMENT_3D('',#16547,#13461,#13462);
#11217=AXIS2_PLACEMENT_3D('',#16551,#13465,#13466);
#11218=AXIS2_PLACEMENT_3D('',#16555,#13469,#13470);
#11219=AXIS2_PLACEMENT_3D('',#16557,#13472,#13473);
#11220=AXIS2_PLACEMENT_3D('',#16558,#13474,#13475);
#11221=AXIS2_PLACEMENT_3D('',#16559,#13476,#13477);
#11222=AXIS2_PLACEMENT_3D('',#16568,#13482,#13483);
#11223=AXIS2_PLACEMENT_3D('',#16577,#13488,#13489);
#11224=AXIS2_PLACEMENT_3D('',#16586,#13494,#13495);
#11225=AXIS2_PLACEMENT_3D('',#16587,#13496,#13497);
#11226=AXIS2_PLACEMENT_3D('',#16594,#13502,#13503);
#11227=AXIS2_PLACEMENT_3D('',#16595,#13504,#13505);
#11228=AXIS2_PLACEMENT_3D('',#16601,#13509,#13510);
#11229=AXIS2_PLACEMENT_3D('',#16603,#13511,#13512);
#11230=AXIS2_PLACEMENT_3D('',#16606,#13514,#13515);
#11231=AXIS2_PLACEMENT_3D('',#16607,#13516,#13517);
#11232=AXIS2_PLACEMENT_3D('',#16613,#13521,#13522);
#11233=AXIS2_PLACEMENT_3D('',#16619,#13526,#13527);
#11234=AXIS2_PLACEMENT_3D('',#16620,#13528,#13529);
#11235=AXIS2_PLACEMENT_3D('',#16621,#13530,#13531);
#11236=AXIS2_PLACEMENT_3D('',#16622,#13532,#13533);
#11237=AXIS2_PLACEMENT_3D('',#16623,#13534,#13535);
#11238=AXIS2_PLACEMENT_3D('',#16626,#13536,#13537);
#11239=AXIS2_PLACEMENT_3D('',#16630,#13539,#13540);
#11240=AXIS2_PLACEMENT_3D('',#16632,#13542,#13543);
#11241=AXIS2_PLACEMENT_3D('',#16635,#13544,#13545);
#11242=AXIS2_PLACEMENT_3D('',#16639,#13547,#13548);
#11243=AXIS2_PLACEMENT_3D('',#16641,#13550,#13551);
#11244=AXIS2_PLACEMENT_3D('',#16647,#13555,#13556);
#11245=AXIS2_PLACEMENT_3D('',#16649,#13557,#13558);
#11246=AXIS2_PLACEMENT_3D('',#16651,#13559,#13560);
#11247=AXIS2_PLACEMENT_3D('',#16653,#13562,#13563);
#11248=AXIS2_PLACEMENT_3D('',#16659,#13567,#13568);
#11249=AXIS2_PLACEMENT_3D('',#16661,#13569,#13570);
#11250=AXIS2_PLACEMENT_3D('',#16664,#13572,#13573);
#11251=AXIS2_PLACEMENT_3D('',#16665,#13574,#13575);
#11252=AXIS2_PLACEMENT_3D('',#16671,#13579,#13580);
#11253=AXIS2_PLACEMENT_3D('',#16677,#13584,#13585);
#11254=AXIS2_PLACEMENT_3D('',#16678,#13586,#13587);
#11255=AXIS2_PLACEMENT_3D('',#16679,#13588,#13589);
#11256=AXIS2_PLACEMENT_3D('',#16680,#13590,#13591);
#11257=AXIS2_PLACEMENT_3D('',#16686,#13595,#13596);
#11258=AXIS2_PLACEMENT_3D('',#16692,#13600,#13601);
#11259=AXIS2_PLACEMENT_3D('',#16693,#13602,#13603);
#11260=AXIS2_PLACEMENT_3D('',#16694,#13604,#13605);
#11261=AXIS2_PLACEMENT_3D('',#16695,#13606,#13607);
#11262=AXIS2_PLACEMENT_3D('',#16696,#13608,#13609);
#11263=AXIS2_PLACEMENT_3D('',#16702,#13613,#13614);
#11264=AXIS2_PLACEMENT_3D('',#16708,#13618,#13619);
#11265=AXIS2_PLACEMENT_3D('',#16709,#13620,#13621);
#11266=AXIS2_PLACEMENT_3D('',#16710,#13622,#13623);
#11267=AXIS2_PLACEMENT_3D('',#16711,#13624,#13625);
#11268=AXIS2_PLACEMENT_3D('',#16712,#13626,#13627);
#11269=AXIS2_PLACEMENT_3D('',#16717,#13630,#13631);
#11270=AXIS2_PLACEMENT_3D('',#16718,#13632,#13633);
#11271=AXIS2_PLACEMENT_3D('',#16722,#13636,#13637);
#11272=AXIS2_PLACEMENT_3D('',#16725,#13639,#13640);
#11273=AXIS2_PLACEMENT_3D('',#16726,#13641,#13642);
#11274=AXIS2_PLACEMENT_3D('',#16728,#13644,#13645);
#11275=AXIS2_PLACEMENT_3D('',#16729,#13646,#13647);
#11276=AXIS2_PLACEMENT_3D('',#16732,#13648,#13649);
#11277=AXIS2_PLACEMENT_3D('',#16736,#13651,#13652);
#11278=AXIS2_PLACEMENT_3D('',#16738,#13654,#13655);
#11279=AXIS2_PLACEMENT_3D('',#16744,#13659,#13660);
#11280=AXIS2_PLACEMENT_3D('',#16750,#13664,#13665);
#11281=AXIS2_PLACEMENT_3D('',#16751,#13666,#13667);
#11282=AXIS2_PLACEMENT_3D('',#16752,#13668,#13669);
#11283=AXIS2_PLACEMENT_3D('',#16753,#13670,#13671);
#11284=AXIS2_PLACEMENT_3D('',#16759,#13675,#13676);
#11285=AXIS2_PLACEMENT_3D('',#16765,#13680,#13681);
#11286=AXIS2_PLACEMENT_3D('',#16766,#13682,#13683);
#11287=AXIS2_PLACEMENT_3D('',#16767,#13684,#13685);
#11288=AXIS2_PLACEMENT_3D('',#16768,#13686,#13687);
#11289=AXIS2_PLACEMENT_3D('',#16771,#13688,#13689);
#11290=AXIS2_PLACEMENT_3D('',#16775,#13691,#13692);
#11291=AXIS2_PLACEMENT_3D('',#16777,#13694,#13695);
#11292=AXIS2_PLACEMENT_3D('',#16783,#13699,#13700);
#11293=AXIS2_PLACEMENT_3D('',#16789,#13704,#13705);
#11294=AXIS2_PLACEMENT_3D('',#16790,#13706,#13707);
#11295=AXIS2_PLACEMENT_3D('',#16791,#13708,#13709);
#11296=AXIS2_PLACEMENT_3D('',#16792,#13710,#13711);
#11297=AXIS2_PLACEMENT_3D('',#16798,#13715,#13716);
#11298=AXIS2_PLACEMENT_3D('',#16804,#13720,#13721);
#11299=AXIS2_PLACEMENT_3D('',#16805,#13722,#13723);
#11300=AXIS2_PLACEMENT_3D('',#16806,#13724,#13725);
#11301=AXIS2_PLACEMENT_3D('',#16807,#13726,#13727);
#11302=AXIS2_PLACEMENT_3D('',#16813,#13731,#13732);
#11303=AXIS2_PLACEMENT_3D('',#16819,#13736,#13737);
#11304=AXIS2_PLACEMENT_3D('',#16820,#13738,#13739);
#11305=AXIS2_PLACEMENT_3D('',#16821,#13740,#13741);
#11306=AXIS2_PLACEMENT_3D('',#16822,#13742,#13743);
#11307=AXIS2_PLACEMENT_3D('',#16828,#13747,#13748);
#11308=AXIS2_PLACEMENT_3D('',#16834,#13752,#13753);
#11309=AXIS2_PLACEMENT_3D('',#16835,#13754,#13755);
#11310=AXIS2_PLACEMENT_3D('',#16836,#13756,#13757);
#11311=AXIS2_PLACEMENT_3D('',#16837,#13758,#13759);
#11312=AXIS2_PLACEMENT_3D('',#16838,#13760,#13761);
#11313=AXIS2_PLACEMENT_3D('',#16839,#13762,#13763);
#11314=AXIS2_PLACEMENT_3D('',#16848,#13768,#13769);
#11315=AXIS2_PLACEMENT_3D('',#16854,#13773,#13774);
#11316=AXIS2_PLACEMENT_3D('',#16860,#13778,#13779);
#11317=AXIS2_PLACEMENT_3D('',#16867,#13782,#13783);
#11318=AXIS2_PLACEMENT_3D('',#16871,#13785,#13786);
#11319=AXIS2_PLACEMENT_3D('',#16875,#13788,#13789);
#11320=AXIS2_PLACEMENT_3D('',#16883,#13793,#13794);
#11321=AXIS2_PLACEMENT_3D('',#16887,#13796,#13797);
#11322=AXIS2_PLACEMENT_3D('',#16891,#13799,#13800);
#11323=AXIS2_PLACEMENT_3D('',#16893,#13802,#13803);
#11324=AXIS2_PLACEMENT_3D('',#16898,#13806,#13807);
#11325=AXIS2_PLACEMENT_3D('',#16899,#13808,#13809);
#11326=AXIS2_PLACEMENT_3D('',#16908,#13814,#13815);
#11327=AXIS2_PLACEMENT_3D('',#16914,#13819,#13820);
#11328=AXIS2_PLACEMENT_3D('',#16920,#13824,#13825);
#11329=AXIS2_PLACEMENT_3D('',#16923,#13828,#13829);
#11330=AXIS2_PLACEMENT_3D('',#16929,#13833,#13834);
#11331=AXIS2_PLACEMENT_3D('',#16933,#13837,#13838);
#11332=AXIS2_PLACEMENT_3D('',#16936,#13840,#13841);
#11333=AXIS2_PLACEMENT_3D('',#16937,#13842,#13843);
#11334=AXIS2_PLACEMENT_3D('',#16941,#13845,#13846);
#11335=AXIS2_PLACEMENT_3D('',#16943,#13848,#13849);
#11336=AXIS2_PLACEMENT_3D('',#16947,#13852,#13853);
#11337=AXIS2_PLACEMENT_3D('',#16950,#13855,#13856);
#11338=AXIS2_PLACEMENT_3D('',#16951,#13857,#13858);
#11339=AXIS2_PLACEMENT_3D('',#16955,#13861,#13862);
#11340=AXIS2_PLACEMENT_3D('',#16959,#13865,#13866);
#11341=AXIS2_PLACEMENT_3D('',#16963,#13869,#13870);
#11342=AXIS2_PLACEMENT_3D('',#16965,#13871,#13872);
#11343=AXIS2_PLACEMENT_3D('',#16967,#13874,#13875);
#11344=AXIS2_PLACEMENT_3D('',#16969,#13877,#13878);
#11345=AXIS2_PLACEMENT_3D('',#16973,#13881,#13882);
#11346=AXIS2_PLACEMENT_3D('',#16975,#13883,#13884);
#11347=AXIS2_PLACEMENT_3D('',#16978,#13887,#13888);
#11348=AXIS2_PLACEMENT_3D('',#16980,#13890,#13891);
#11349=AXIS2_PLACEMENT_3D('',#16982,#13893,#13894);
#11350=AXIS2_PLACEMENT_3D('',#16984,#13896,#13897);
#11351=AXIS2_PLACEMENT_3D('',#16985,#13898,#13899);
#11352=AXIS2_PLACEMENT_3D('',#16994,#13904,#13905);
#11353=AXIS2_PLACEMENT_3D('',#17000,#13909,#13910);
#11354=AXIS2_PLACEMENT_3D('',#17006,#13914,#13915);
#11355=AXIS2_PLACEMENT_3D('',#17011,#13917,#13918);
#11356=AXIS2_PLACEMENT_3D('',#17015,#13920,#13921);
#11357=AXIS2_PLACEMENT_3D('',#17019,#13923,#13924);
#11358=AXIS2_PLACEMENT_3D('',#17027,#13928,#13929);
#11359=AXIS2_PLACEMENT_3D('',#17031,#13931,#13932);
#11360=AXIS2_PLACEMENT_3D('',#17035,#13934,#13935);
#11361=AXIS2_PLACEMENT_3D('',#17039,#13938,#13939);
#11362=AXIS2_PLACEMENT_3D('',#17042,#13940,#13941);
#11363=AXIS2_PLACEMENT_3D('',#17045,#13944,#13945);
#11364=AXIS2_PLACEMENT_3D('',#17054,#13950,#13951);
#11365=AXIS2_PLACEMENT_3D('',#17060,#13955,#13956);
#11366=AXIS2_PLACEMENT_3D('',#17066,#13960,#13961);
#11367=AXIS2_PLACEMENT_3D('',#17069,#13964,#13965);
#11368=AXIS2_PLACEMENT_3D('',#17075,#13969,#13970);
#11369=AXIS2_PLACEMENT_3D('',#17079,#13973,#13974);
#11370=AXIS2_PLACEMENT_3D('',#17081,#13975,#13976);
#11371=AXIS2_PLACEMENT_3D('',#17083,#13978,#13979);
#11372=AXIS2_PLACEMENT_3D('',#17086,#13980,#13981);
#11373=AXIS2_PLACEMENT_3D('',#17089,#13984,#13985);
#11374=AXIS2_PLACEMENT_3D('',#17093,#13988,#13989);
#11375=AXIS2_PLACEMENT_3D('',#17095,#13990,#13991);
#11376=AXIS2_PLACEMENT_3D('',#17097,#13993,#13994);
#11377=AXIS2_PLACEMENT_3D('',#17101,#13997,#13998);
#11378=AXIS2_PLACEMENT_3D('',#17105,#14001,#14002);
#11379=AXIS2_PLACEMENT_3D('',#17109,#14005,#14006);
#11380=AXIS2_PLACEMENT_3D('',#17111,#14007,#14008);
#11381=AXIS2_PLACEMENT_3D('',#17113,#14010,#14011);
#11382=AXIS2_PLACEMENT_3D('',#17115,#14013,#14014);
#11383=AXIS2_PLACEMENT_3D('',#17119,#14017,#14018);
#11384=AXIS2_PLACEMENT_3D('',#17123,#14021,#14022);
#11385=AXIS2_PLACEMENT_3D('',#17124,#14023,#14024);
#11386=AXIS2_PLACEMENT_3D('',#17126,#14026,#14027);
#11387=AXIS2_PLACEMENT_3D('',#17128,#14029,#14030);
#11388=AXIS2_PLACEMENT_3D('',#17130,#14032,#14033);
#11389=AXIS2_PLACEMENT_3D('',#17187,#14034,#14035);
#11390=AXIS2_PLACEMENT_3D('',#17199,#14036,#14037);
#11391=AXIS2_PLACEMENT_3D('',#17265,#14038,#14039);
#11392=AXIS2_PLACEMENT_3D('',#17340,#14040,#14041);
#11393=AXIS2_PLACEMENT_3D('',#17415,#14042,#14043);
#11394=AXIS2_PLACEMENT_3D('',#17490,#14044,#14045);
#11395=AXIS2_PLACEMENT_3D('',#17565,#14046,#14047);
#11396=AXIS2_PLACEMENT_3D('',#17640,#14048,#14049);
#11397=AXIS2_PLACEMENT_3D('',#17733,#14050,#14051);
#11398=AXIS2_PLACEMENT_3D('',#17832,#14052,#14053);
#11399=AXIS2_PLACEMENT_3D('',#17931,#14054,#14055);
#11400=AXIS2_PLACEMENT_3D('',#18030,#14056,#14057);
#11401=AXIS2_PLACEMENT_3D('',#18129,#14058,#14059);
#11402=AXIS2_PLACEMENT_3D('',#18210,#14060,#14061);
#11403=AXIS2_PLACEMENT_3D('',#18285,#14062,#14063);
#11404=AXIS2_PLACEMENT_3D('',#18360,#14064,#14065);
#11405=AXIS2_PLACEMENT_3D('',#18435,#14066,#14067);
#11406=AXIS2_PLACEMENT_3D('',#18508,#14068,#14069);
#11407=AXIS2_PLACEMENT_3D('',#18509,#14070,#14071);
#11408=AXIS2_PLACEMENT_3D('',#18564,#14072,#14073);
#11409=AXIS2_PLACEMENT_3D('',#18619,#14074,#14075);
#11410=AXIS2_PLACEMENT_3D('',#18674,#14076,#14077);
#11411=AXIS2_PLACEMENT_3D('',#18729,#14078,#14079);
#11412=AXIS2_PLACEMENT_3D('',#18784,#14080,#14081);
#11413=AXIS2_PLACEMENT_3D('',#18839,#14082,#14083);
#11414=AXIS2_PLACEMENT_3D('',#18912,#14084,#14085);
#11415=AXIS2_PLACEMENT_3D('',#18985,#14086,#14087);
#11416=AXIS2_PLACEMENT_3D('',#19058,#14088,#14089);
#11417=AXIS2_PLACEMENT_3D('',#19131,#14090,#14091);
#11418=AXIS2_PLACEMENT_3D('',#19204,#14092,#14093);
#11419=AXIS2_PLACEMENT_3D('',#19259,#14094,#14095);
#11420=AXIS2_PLACEMENT_3D('',#19314,#14096,#14097);
#11421=AXIS2_PLACEMENT_3D('',#19369,#14098,#14099);
#11422=AXIS2_PLACEMENT_3D('',#19424,#14100,#14101);
#11423=AXIS2_PLACEMENT_3D('',#19425,#14102,#14103);
#11424=AXIS2_PLACEMENT_3D('',#19426,#14104,#14105);
#11425=AXIS2_PLACEMENT_3D('',#19427,#14106,#14107);
#11426=AXIS2_PLACEMENT_3D('',#19430,#14108,#14109);
#11427=AXIS2_PLACEMENT_3D('',#19431,#14110,#14111);
#11428=AXIS2_PLACEMENT_3D('',#19434,#14113,#14114);
#11429=AXIS2_PLACEMENT_3D('',#19435,#14115,#14116);
#11430=AXIS2_PLACEMENT_3D('',#19438,#14117,#14118);
#11431=AXIS2_PLACEMENT_3D('',#19439,#14119,#14120);
#11432=AXIS2_PLACEMENT_3D('',#19440,#14121,#14122);
#11433=AXIS2_PLACEMENT_3D('',#19441,#14123,#14124);
#11434=AXIS2_PLACEMENT_3D('',#19444,#14125,#14126);
#11435=AXIS2_PLACEMENT_3D('',#19445,#14127,#14128);
#11436=AXIS2_PLACEMENT_3D('',#19447,#14130,#14131);
#11437=AXIS2_PLACEMENT_3D('',#19450,#14132,#14133);
#11438=AXIS2_PLACEMENT_3D('',#19451,#14134,#14135);
#11439=AXIS2_PLACEMENT_3D('',#19452,#14136,#14137);
#11440=AXIS2_PLACEMENT_3D('',#19453,#14138,#14139);
#11441=AXIS2_PLACEMENT_3D('',#19456,#14140,#14141);
#11442=AXIS2_PLACEMENT_3D('',#19457,#14142,#14143);
#11443=AXIS2_PLACEMENT_3D('',#19459,#14145,#14146);
#11444=AXIS2_PLACEMENT_3D('',#19462,#14147,#14148);
#11445=AXIS2_PLACEMENT_3D('',#19463,#14149,#14150);
#11446=AXIS2_PLACEMENT_3D('',#19464,#14151,#14152);
#11447=AXIS2_PLACEMENT_3D('',#19465,#14153,#14154);
#11448=AXIS2_PLACEMENT_3D('',#19467,#14155,#14156);
#11449=AXIS2_PLACEMENT_3D('',#19469,#14158,#14159);
#11450=AXIS2_PLACEMENT_3D('',#19470,#14160,#14161);
#11451=AXIS2_PLACEMENT_3D('',#19471,#14162,#14163);
#11452=DIRECTION('axis',(0.,0.,1.));
#11453=DIRECTION('refdir',(1.,0.,0.));
#11454=DIRECTION('axis',(0.,0.,1.));
#11455=DIRECTION('refdir',(1.,0.,0.));
#11456=DIRECTION('center_axis',(0.,-1.,0.));
#11457=DIRECTION('ref_axis',(0.,0.,-1.));
#11458=DIRECTION('',(0.,0.,-1.));
#11459=DIRECTION('',(-1.,0.,0.));
#11460=DIRECTION('',(0.,0.,-1.));
#11461=DIRECTION('',(-1.,0.,0.));
#11462=DIRECTION('center_axis',(0.,0.,-1.));
#11463=DIRECTION('ref_axis',(0.,1.,0.));
#11464=DIRECTION('',(0.,1.,0.));
#11465=DIRECTION('',(-1.,0.,0.));
#11466=DIRECTION('',(0.,1.,0.));
#11467=DIRECTION('center_axis',(1.,0.,0.));
#11468=DIRECTION('ref_axis',(0.,1.,0.));
#11469=DIRECTION('',(0.,0.,-1.));
#11470=DIRECTION('',(0.,-1.,0.));
#11471=DIRECTION('',(0.,0.,-1.));
#11472=DIRECTION('',(0.,-1.,0.));
#11473=DIRECTION('',(0.,0.,-1.));
#11474=DIRECTION('',(0.,-1.,0.));
#11475=DIRECTION('',(0.,0.,-1.));
#11476=DIRECTION('',(0.,1.,0.));
#11477=DIRECTION('',(0.,0.,-1.));
#11478=DIRECTION('',(0.,-1.,0.));
#11479=DIRECTION('center_axis',(0.,-1.,0.));
#11480=DIRECTION('ref_axis',(0.,0.,-1.));
#11481=DIRECTION('',(-1.,0.,0.));
#11482=DIRECTION('',(0.,0.,-1.));
#11483=DIRECTION('center_axis',(0.,0.,-1.));
#11484=DIRECTION('ref_axis',(0.,1.,0.));
#11485=DIRECTION('',(-1.,0.,0.));
#11486=DIRECTION('',(0.,1.,0.));
#11487=DIRECTION('center_axis',(0.,-1.,0.));
#11488=DIRECTION('ref_axis',(0.,0.,-1.));
#11489=DIRECTION('',(-1.,0.,0.));
#11490=DIRECTION('',(0.,0.,-1.));
#11491=DIRECTION('center_axis',(0.,0.,1.));
#11492=DIRECTION('ref_axis',(0.,-1.,0.));
#11493=DIRECTION('',(-1.,0.,0.));
#11494=DIRECTION('',(0.,-1.,0.));
#11495=DIRECTION('center_axis',(0.,-1.,0.));
#11496=DIRECTION('ref_axis',(0.,0.,-1.));
#11497=DIRECTION('',(-1.,0.,0.));
#11498=DIRECTION('',(0.,0.,-1.));
#11499=DIRECTION('center_axis',(0.,0.,-1.));
#11500=DIRECTION('ref_axis',(0.,1.,0.));
#11501=DIRECTION('',(-1.,0.,0.));
#11502=DIRECTION('',(0.,-1.,0.));
#11503=DIRECTION('center_axis',(0.,-1.,0.));
#11504=DIRECTION('ref_axis',(0.,0.,-1.));
#11505=DIRECTION('',(-1.,0.,0.));
#11506=DIRECTION('',(0.,0.,-1.));
#11507=DIRECTION('center_axis',(0.,0.,-1.));
#11508=DIRECTION('ref_axis',(0.,1.,0.));
#11509=DIRECTION('',(-1.,0.,0.));
#11510=DIRECTION('',(0.,-1.,0.));
#11511=DIRECTION('center_axis',(0.,-1.,0.));
#11512=DIRECTION('ref_axis',(0.,0.,-1.));
#11513=DIRECTION('',(-1.,0.,0.));
#11514=DIRECTION('',(0.,0.,-1.));
#11515=DIRECTION('center_axis',(0.,-1.,0.));
#11516=DIRECTION('ref_axis',(0.,0.,-1.));
#11517=DIRECTION('',(1.,0.,0.));
#11518=DIRECTION('',(0.,0.,-1.));
#11519=DIRECTION('',(1.,0.,0.));
#11520=DIRECTION('',(0.,0.,-1.));
#11521=DIRECTION('center_axis',(0.,0.,1.));
#11522=DIRECTION('ref_axis',(1.,0.,0.));
#11523=DIRECTION('',(0.,1.,0.));
#11524=DIRECTION('',(1.,0.,0.));
#11525=DIRECTION('',(0.,1.,0.));
#11526=DIRECTION('',(0.,1.,0.));
#11527=DIRECTION('',(1.,0.,0.));
#11528=DIRECTION('',(0.,1.,0.));
#11529=DIRECTION('',(1.,0.,0.));
#11530=DIRECTION('',(0.,1.,0.));
#11531=DIRECTION('',(0.,1.,0.));
#11532=DIRECTION('',(1.,0.,0.));
#11533=DIRECTION('',(0.,1.,0.));
#11534=DIRECTION('',(1.,0.,0.));
#11535=DIRECTION('center_axis',(-1.,0.,0.));
#11536=DIRECTION('ref_axis',(0.,1.,0.));
#11537=DIRECTION('',(0.,0.,-1.));
#11538=DIRECTION('',(0.,1.,0.));
#11539=DIRECTION('',(0.,0.,-1.));
#11540=DIRECTION('',(0.,1.,0.));
#11541=DIRECTION('',(0.,0.,-1.));
#11542=DIRECTION('',(0.,1.,0.));
#11543=DIRECTION('',(0.,0.,-1.));
#11544=DIRECTION('',(0.,1.,0.));
#11545=DIRECTION('',(0.,0.,-1.));
#11546=DIRECTION('',(0.,1.,0.));
#11547=DIRECTION('',(0.,0.,-1.));
#11548=DIRECTION('',(0.,1.,0.));
#11549=DIRECTION('',(0.,0.,-1.));
#11550=DIRECTION('',(0.,1.,0.));
#11551=DIRECTION('',(0.,0.,-1.));
#11552=DIRECTION('center_axis',(-1.,0.,0.));
#11553=DIRECTION('ref_axis',(0.,-1.,3.750753461571E-16));
#11554=DIRECTION('',(0.,1.,0.));
#11555=DIRECTION('center_axis',(-1.,0.,0.));
#11556=DIRECTION('ref_axis',(0.,0.324324324324018,-0.945945945946051));
#11557=DIRECTION('',(0.,0.,-1.));
#11558=DIRECTION('',(0.,1.,0.));
#11559=DIRECTION('',(0.,0.,-1.));
#11560=DIRECTION('',(0.,1.,0.));
#11561=DIRECTION('',(0.,0.,-1.));
#11562=DIRECTION('center_axis',(0.,0.,-1.));
#11563=DIRECTION('ref_axis',(0.,1.,0.));
#11564=DIRECTION('',(1.,0.,0.));
#11565=DIRECTION('',(0.,1.,0.));
#11566=DIRECTION('center_axis',(1.,0.,0.));
#11567=DIRECTION('ref_axis',(0.,1.,0.));
#11568=DIRECTION('',(0.,0.,-1.));
#11569=DIRECTION('',(0.,1.,0.));
#11570=DIRECTION('',(0.,0.,-1.));
#11571=DIRECTION('',(0.,-1.,0.));
#11572=DIRECTION('',(0.,0.,-1.));
#11573=DIRECTION('',(0.,-1.,0.));
#11574=DIRECTION('',(0.,0.,-1.));
#11575=DIRECTION('',(0.,-1.,0.));
#11576=DIRECTION('',(0.,0.,-1.));
#11577=DIRECTION('center_axis',(1.,0.,0.));
#11578=DIRECTION('ref_axis',(0.,-1.,0.));
#11579=DIRECTION('',(0.,0.,-1.));
#11580=DIRECTION('',(0.,-1.,0.));
#11581=DIRECTION('',(0.,0.,-1.));
#11582=DIRECTION('',(0.,-1.,0.));
#11583=DIRECTION('',(0.,0.,-1.));
#11584=DIRECTION('center_axis',(1.,0.,0.));
#11585=DIRECTION('ref_axis',(0.,1.,-1.500301384629E-15));
#11586=DIRECTION('',(0.,-1.,0.));
#11587=DIRECTION('center_axis',(1.,0.,0.));
#11588=DIRECTION('ref_axis',(0.,-0.324324324324018,-0.945945945946051));
#11589=DIRECTION('',(0.,0.,-1.));
#11590=DIRECTION('',(0.,-1.,0.));
#11591=DIRECTION('',(0.,0.,-1.));
#11592=DIRECTION('',(0.,-1.,0.));
#11593=DIRECTION('',(0.,0.,-1.));
#11594=DIRECTION('center_axis',(0.,1.,0.));
#11595=DIRECTION('ref_axis',(1.,0.,0.));
#11596=DIRECTION('',(1.,0.,0.));
#11597=DIRECTION('center_axis',(0.,-1.,0.));
#11598=DIRECTION('ref_axis',(0.,0.,-1.));
#11599=DIRECTION('',(1.,0.,0.));
#11600=DIRECTION('center_axis',(0.,-1.,0.));
#11601=DIRECTION('ref_axis',(-1.,0.,0.));
#11602=DIRECTION('',(-1.,0.,0.));
#11603=DIRECTION('center_axis',(0.,-1.,0.));
#11604=DIRECTION('ref_axis',(-1.,0.,0.));
#11605=DIRECTION('',(0.,0.,-1.));
#11606=DIRECTION('',(-1.,0.,0.));
#11607=DIRECTION('',(0.,0.,-1.));
#11608=DIRECTION('center_axis',(-1.,0.,0.));
#11609=DIRECTION('ref_axis',(0.,1.,0.));
#11610=DIRECTION('',(0.,0.,-1.));
#11611=DIRECTION('',(0.,1.,0.));
#11612=DIRECTION('center_axis',(0.,1.,0.));
#11613=DIRECTION('ref_axis',(1.,0.,0.));
#11614=DIRECTION('',(0.,0.,-1.));
#11615=DIRECTION('',(1.,0.,0.));
#11616=DIRECTION('center_axis',(1.,0.,0.));
#11617=DIRECTION('ref_axis',(0.,-1.,0.));
#11618=DIRECTION('',(0.,-1.,0.));
#11619=DIRECTION('center_axis',(0.,0.,1.));
#11620=DIRECTION('ref_axis',(-1.,0.,0.));
#11621=DIRECTION('center_axis',(0.,0.,1.));
#11622=DIRECTION('ref_axis',(-1.,0.,0.));
#11623=DIRECTION('',(1.,0.,0.));
#11624=DIRECTION('center_axis',(0.,0.,1.));
#11625=DIRECTION('ref_axis',(-1.,0.,0.));
#11626=DIRECTION('',(0.,-1.,0.));
#11627=DIRECTION('',(1.,0.,0.));
#11628=DIRECTION('',(1.,0.,0.));
#11629=DIRECTION('',(0.,-1.,0.));
#11630=DIRECTION('center_axis',(0.,-1.,0.));
#11631=DIRECTION('ref_axis',(0.,0.,-1.));
#11632=DIRECTION('',(1.,0.,0.));
#11633=DIRECTION('',(0.,0.,-1.));
#11634=DIRECTION('center_axis',(0.,0.,1.));
#11635=DIRECTION('ref_axis',(0.,-1.,0.));
#11636=DIRECTION('',(1.,0.,0.));
#11637=DIRECTION('',(0.,-1.,0.));
#11638=DIRECTION('center_axis',(0.,-1.,0.));
#11639=DIRECTION('ref_axis',(0.,0.,-1.));
#11640=DIRECTION('',(1.,0.,0.));
#11641=DIRECTION('',(0.,0.,-1.));
#11642=DIRECTION('center_axis',(1.,0.,0.));
#11643=DIRECTION('ref_axis',(0.,0.324324324324018,-0.945945945946051));
#11644=DIRECTION('',(1.,0.,0.));
#11645=DIRECTION('center_axis',(1.,0.,0.));
#11646=DIRECTION('ref_axis',(0.,-1.,0.));
#11647=DIRECTION('center_axis',(0.,0.,1.));
#11648=DIRECTION('ref_axis',(1.,0.,0.));
#11649=DIRECTION('',(0.,1.,0.));
#11650=DIRECTION('',(1.,0.,0.));
#11651=DIRECTION('center_axis',(1.,0.,0.));
#11652=DIRECTION('ref_axis',(0.,-1.,1.22464679915E-16));
#11653=DIRECTION('',(1.,0.,0.));
#11654=DIRECTION('center_axis',(1.,0.,0.));
#11655=DIRECTION('ref_axis',(0.,-1.,0.));
#11656=DIRECTION('center_axis',(0.,-1.,0.));
#11657=DIRECTION('ref_axis',(0.,0.,-1.));
#11658=DIRECTION('',(1.,0.,0.));
#11659=DIRECTION('',(0.,0.,-1.));
#11660=DIRECTION('center_axis',(0.,0.,1.));
#11661=DIRECTION('ref_axis',(0.,-1.,0.));
#11662=DIRECTION('',(1.,0.,0.));
#11663=DIRECTION('',(0.,-1.,0.));
#11664=DIRECTION('center_axis',(0.,-1.,0.));
#11665=DIRECTION('ref_axis',(0.,0.,-1.));
#11666=DIRECTION('',(1.,0.,0.));
#11667=DIRECTION('',(0.,0.,-1.));
#11668=DIRECTION('center_axis',(0.,0.,1.));
#11669=DIRECTION('ref_axis',(-1.,0.,0.));
#11670=DIRECTION('center_axis',(0.,0.,1.));
#11671=DIRECTION('ref_axis',(-1.,0.,0.));
#11672=DIRECTION('',(0.,1.,0.));
#11673=DIRECTION('',(1.,0.,0.));
#11674=DIRECTION('',(-7.61295788314E-16,1.,0.));
#11675=DIRECTION('center_axis',(0.,0.,1.));
#11676=DIRECTION('ref_axis',(-1.,0.,0.));
#11677=DIRECTION('',(-1.,0.,0.));
#11678=DIRECTION('center_axis',(0.,-1.,0.));
#11679=DIRECTION('ref_axis',(0.,0.,-1.));
#11680=DIRECTION('',(1.,0.,0.));
#11681=DIRECTION('center_axis',(0.,0.,-1.));
#11682=DIRECTION('ref_axis',(0.,1.,0.));
#11683=DIRECTION('',(1.,0.,0.));
#11684=DIRECTION('center_axis',(0.,-1.,0.));
#11685=DIRECTION('ref_axis',(0.,0.,-1.));
#11686=DIRECTION('',(1.,0.,0.));
#11687=DIRECTION('center_axis',(0.,0.,1.));
#11688=DIRECTION('ref_axis',(0.,-1.,0.));
#11689=DIRECTION('',(1.,0.,0.));
#11690=DIRECTION('center_axis',(0.,-1.,0.));
#11691=DIRECTION('ref_axis',(0.,0.,-1.));
#11692=DIRECTION('',(1.,0.,0.));
#11693=DIRECTION('center_axis',(0.,0.,-1.));
#11694=DIRECTION('ref_axis',(0.,1.,0.));
#11695=DIRECTION('',(1.,0.,0.));
#11696=DIRECTION('center_axis',(0.,-1.,0.));
#11697=DIRECTION('ref_axis',(0.,0.,-1.));
#11698=DIRECTION('',(1.,0.,0.));
#11699=DIRECTION('center_axis',(0.,0.,-1.));
#11700=DIRECTION('ref_axis',(0.,1.,0.));
#11701=DIRECTION('center_axis',(0.,-1.,0.));
#11702=DIRECTION('ref_axis',(0.,0.,-1.));
#11703=DIRECTION('',(1.,0.,0.));
#11704=DIRECTION('',(0.,0.,-1.));
#11705=DIRECTION('center_axis',(0.,0.,1.));
#11706=DIRECTION('ref_axis',(0.,-1.,0.));
#11707=DIRECTION('',(1.,0.,0.));
#11708=DIRECTION('',(0.,-1.,0.));
#11709=DIRECTION('center_axis',(0.,-1.,0.));
#11710=DIRECTION('ref_axis',(0.,0.,-1.));
#11711=DIRECTION('',(1.,0.,0.));
#11712=DIRECTION('',(0.,0.,-1.));
#11713=DIRECTION('center_axis',(1.,0.,0.));
#11714=DIRECTION('ref_axis',(0.,-1.,1.22464679915E-16));
#11715=DIRECTION('',(1.,0.,0.));
#11716=DIRECTION('center_axis',(1.,0.,0.));
#11717=DIRECTION('ref_axis',(0.,-1.,0.));
#11718=DIRECTION('center_axis',(0.,0.,1.));
#11719=DIRECTION('ref_axis',(1.,0.,0.));
#11720=DIRECTION('',(1.,0.,0.));
#11721=DIRECTION('',(0.,-1.,0.));
#11722=DIRECTION('center_axis',(1.,0.,0.));
#11723=DIRECTION('ref_axis',(0.,0.324324324324018,-0.945945945946051));
#11724=DIRECTION('',(1.,0.,0.));
#11725=DIRECTION('center_axis',(1.,0.,0.));
#11726=DIRECTION('ref_axis',(0.,-1.,0.));
#11727=DIRECTION('center_axis',(0.,-1.,0.));
#11728=DIRECTION('ref_axis',(0.,0.,-1.));
#11729=DIRECTION('',(1.,0.,0.));
#11730=DIRECTION('',(0.,0.,-1.));
#11731=DIRECTION('center_axis',(0.,0.,1.));
#11732=DIRECTION('ref_axis',(0.,-1.,0.));
#11733=DIRECTION('',(1.,0.,0.));
#11734=DIRECTION('',(0.,-1.,0.));
#11735=DIRECTION('center_axis',(0.,-1.,0.));
#11736=DIRECTION('ref_axis',(0.,0.,-1.));
#11737=DIRECTION('',(0.,0.,-1.));
#11738=DIRECTION('center_axis',(0.,0.,1.));
#11739=DIRECTION('ref_axis',(1.,0.,0.));
#11740=DIRECTION('',(0.,-1.,0.));
#11741=DIRECTION('',(1.,0.,0.));
#11742=DIRECTION('',(0.,1.,0.));
#11743=DIRECTION('',(-1.,0.,0.));
#11744=DIRECTION('center_axis',(-1.,0.,0.));
#11745=DIRECTION('ref_axis',(0.,1.,0.));
#11746=DIRECTION('',(0.,0.,-1.));
#11747=DIRECTION('',(0.,0.,-1.));
#11748=DIRECTION('',(0.,1.,0.));
#11749=DIRECTION('center_axis',(1.,0.,0.));
#11750=DIRECTION('ref_axis',(0.,-1.,0.));
#11751=DIRECTION('',(0.,0.,-1.));
#11752=DIRECTION('',(0.,0.,-1.));
#11753=DIRECTION('',(0.,-1.,0.));
#11754=DIRECTION('center_axis',(0.,0.,-1.));
#11755=DIRECTION('ref_axis',(-1.96005385927E-15,1.,0.));
#11756=DIRECTION('',(0.,0.,-1.));
#11757=DIRECTION('center_axis',(0.,0.,-1.));
#11758=DIRECTION('ref_axis',(1.,0.,0.));
#11759=DIRECTION('center_axis',(0.,1.,0.));
#11760=DIRECTION('ref_axis',(1.,0.,0.));
#11761=DIRECTION('',(0.,0.,-1.));
#11762=DIRECTION('',(1.,0.,0.));
#11763=DIRECTION('center_axis',(0.,0.,-1.));
#11764=DIRECTION('ref_axis',(-1.,-1.83697019872E-16,0.));
#11765=DIRECTION('center_axis',(0.,0.,-1.));
#11766=DIRECTION('ref_axis',(1.,0.,0.));
#11767=DIRECTION('center_axis',(0.,-1.,0.));
#11768=DIRECTION('ref_axis',(-1.,0.,0.));
#11769=DIRECTION('',(0.,0.,-1.));
#11770=DIRECTION('',(0.,0.,-1.));
#11771=DIRECTION('',(-1.,0.,0.));
#11772=DIRECTION('center_axis',(0.,0.,-1.));
#11773=DIRECTION('ref_axis',(1.,1.83697019872E-16,0.));
#11774=DIRECTION('center_axis',(0.,0.,-1.));
#11775=DIRECTION('ref_axis',(1.,0.,0.));
#11776=DIRECTION('center_axis',(0.,0.,-1.));
#11777=DIRECTION('ref_axis',(1.96005385927E-15,-1.,0.));
#11778=DIRECTION('center_axis',(0.,0.,-1.));
#11779=DIRECTION('ref_axis',(1.,0.,0.));
#11780=DIRECTION('center_axis',(0.,-1.,0.));
#11781=DIRECTION('ref_axis',(1.,0.,0.));
#11782=DIRECTION('center_axis',(0.,-1.,0.));
#11783=DIRECTION('ref_axis',(0.,0.,1.));
#11784=DIRECTION('center_axis',(0.,-1.,0.));
#11785=DIRECTION('ref_axis',(0.,0.,1.));
#11786=DIRECTION('center_axis',(1.,0.,0.));
#11787=DIRECTION('ref_axis',(0.,1.,0.));
#11788=DIRECTION('center_axis',(1.,0.,0.));
#11789=DIRECTION('ref_axis',(0.,-1.,0.));
#11790=DIRECTION('center_axis',(1.,0.,0.));
#11791=DIRECTION('ref_axis',(0.,-1.,0.));
#11792=DIRECTION('center_axis',(0.,1.,0.));
#11793=DIRECTION('ref_axis',(-1.,0.,0.));
#11794=DIRECTION('center_axis',(0.,1.,0.));
#11795=DIRECTION('ref_axis',(0.,0.,-1.));
#11796=DIRECTION('center_axis',(0.,1.,0.));
#11797=DIRECTION('ref_axis',(0.,0.,-1.));
#11798=DIRECTION('center_axis',(-1.,0.,0.));
#11799=DIRECTION('ref_axis',(0.,-1.,0.));
#11800=DIRECTION('center_axis',(-1.,0.,0.));
#11801=DIRECTION('ref_axis',(0.,1.,0.));
#11802=DIRECTION('center_axis',(-1.,0.,0.));
#11803=DIRECTION('ref_axis',(0.,1.,0.));
#11804=DIRECTION('center_axis',(0.,0.,1.));
#11805=DIRECTION('ref_axis',(0.707106781186548,-0.707106781186548,0.));
#11806=DIRECTION('center_axis',(0.,0.,1.));
#11807=DIRECTION('ref_axis',(0.707106781186548,0.707106781186548,0.));
#11808=DIRECTION('center_axis',(0.,0.,1.));
#11809=DIRECTION('ref_axis',(-0.707106781186548,-0.707106781186548,0.));
#11810=DIRECTION('center_axis',(0.,0.,1.));
#11811=DIRECTION('ref_axis',(-0.707106781186548,0.707106781186548,0.));
#11812=DIRECTION('center_axis',(-0.906307787036597,0.,0.422618261740812));
#11813=DIRECTION('ref_axis',(-0.422618261740812,0.,-0.906307787036597));
#11814=DIRECTION('',(-0.422618261740812,0.,-0.906307787036597));
#11815=DIRECTION('',(0.,1.,0.));
#11816=DIRECTION('',(-0.422618261740812,0.,-0.906307787036597));
#11817=DIRECTION('',(0.,1.,0.));
#11818=DIRECTION('center_axis',(-1.,0.,0.));
#11819=DIRECTION('ref_axis',(0.,0.,-1.));
#11820=DIRECTION('',(0.,0.,-1.));
#11821=DIRECTION('',(0.,1.,0.));
#11822=DIRECTION('',(0.,0.,-1.));
#11823=DIRECTION('center_axis',(0.,-1.,0.));
#11824=DIRECTION('ref_axis',(1.,0.,0.));
#11825=DIRECTION('',(0.,0.,1.));
#11826=DIRECTION('',(1.,0.,0.));
#11827=DIRECTION('center_axis',(0.,0.,-1.));
#11828=DIRECTION('ref_axis',(1.,0.,0.));
#11829=DIRECTION('',(0.,1.,0.));
#11830=DIRECTION('',(1.,0.,0.));
#11831=DIRECTION('center_axis',(0.,0.,-1.));
#11832=DIRECTION('ref_axis',(1.,0.,0.));
#11833=DIRECTION('',(-1.,0.,0.));
#11834=DIRECTION('',(0.,1.,0.));
#11835=DIRECTION('',(-1.,0.,0.));
#11836=DIRECTION('',(0.,1.,0.));
#11837=DIRECTION('center_axis',(0.,-1.,0.));
#11838=DIRECTION('ref_axis',(1.,0.,0.));
#11839=DIRECTION('',(0.422618261740812,0.,-0.906307787036597));
#11840=DIRECTION('',(0.,0.,-1.));
#11841=DIRECTION('',(0.,0.,1.));
#11842=DIRECTION('center_axis',(-1.,0.,0.));
#11843=DIRECTION('ref_axis',(0.,0.,-1.));
#11844=DIRECTION('',(0.,1.,0.));
#11845=DIRECTION('',(0.,0.,-1.));
#11846=DIRECTION('center_axis',(-0.906307787036597,0.,-0.422618261740812));
#11847=DIRECTION('ref_axis',(0.422618261740812,0.,-0.906307787036597));
#11848=DIRECTION('',(0.,1.,0.));
#11849=DIRECTION('',(0.422618261740812,0.,-0.906307787036597));
#11850=DIRECTION('center_axis',(-0.906307787036597,0.,0.422618261740812));
#11851=DIRECTION('ref_axis',(-0.422618261740812,0.,-0.906307787036597));
#11852=DIRECTION('',(0.,-1.,0.));
#11853=DIRECTION('',(-0.422618261740812,0.,-0.906307787036597));
#11854=DIRECTION('',(0.,-1.,0.));
#11855=DIRECTION('',(-0.422618261740812,0.,-0.906307787036597));
#11856=DIRECTION('center_axis',(1.,0.,0.));
#11857=DIRECTION('ref_axis',(0.,1.,0.));
#11858=DIRECTION('',(0.,0.,1.));
#11859=DIRECTION('',(0.,-1.,0.));
#11860=DIRECTION('',(0.,0.,1.));
#11861=DIRECTION('',(0.,-1.,0.));
#11862=DIRECTION('',(0.,0.,1.));
#11863=DIRECTION('',(0.,1.,0.));
#11864=DIRECTION('',(0.,0.,-1.));
#11865=DIRECTION('',(0.,-1.,0.));
#11866=DIRECTION('',(0.,0.,-1.));
#11867=DIRECTION('',(0.,1.,0.));
#11868=DIRECTION('',(0.,0.,1.));
#11869=DIRECTION('',(0.,-1.,0.));
#11870=DIRECTION('',(0.,0.,1.));
#11871=DIRECTION('',(0.,1.,0.));
#11872=DIRECTION('',(0.,0.,1.));
#11873=DIRECTION('',(0.,0.,1.));
#11874=DIRECTION('',(0.,-1.,0.));
#11875=DIRECTION('',(0.,0.,1.));
#11876=DIRECTION('',(0.,1.,0.));
#11877=DIRECTION('',(0.,0.,1.));
#11878=DIRECTION('center_axis',(0.,1.,0.));
#11879=DIRECTION('ref_axis',(-1.,0.,0.));
#11880=DIRECTION('',(1.,0.,0.));
#11881=DIRECTION('',(0.,0.,-1.));
#11882=DIRECTION('',(-1.,0.,0.));
#11883=DIRECTION('',(0.,0.,1.));
#11884=DIRECTION('',(-1.,0.,0.));
#11885=DIRECTION('center_axis',(-1.,0.,0.));
#11886=DIRECTION('ref_axis',(0.,0.,-1.));
#11887=DIRECTION('',(0.,-1.,0.));
#11888=DIRECTION('',(0.,0.,-1.));
#11889=DIRECTION('center_axis',(0.,-1.,0.));
#11890=DIRECTION('ref_axis',(1.,0.,0.));
#11891=DIRECTION('',(1.,0.,0.));
#11892=DIRECTION('center_axis',(0.,-1.,0.));
#11893=DIRECTION('ref_axis',(1.,0.,0.));
#11894=DIRECTION('',(1.,0.,0.));
#11895=DIRECTION('',(0.,0.,1.));
#11896=DIRECTION('',(1.,0.,0.));
#11897=DIRECTION('center_axis',(0.,0.,1.));
#11898=DIRECTION('ref_axis',(1.,0.,0.));
#11899=DIRECTION('center_axis',(0.,0.,1.));
#11900=DIRECTION('ref_axis',(-1.,0.,0.));
#11901=DIRECTION('',(1.,0.,0.));
#11902=DIRECTION('center_axis',(0.,0.,1.));
#11903=DIRECTION('ref_axis',(-1.,0.,0.));
#11904=DIRECTION('',(0.,-1.,0.));
#11905=DIRECTION('',(1.,0.,0.));
#11906=DIRECTION('',(0.,1.,0.));
#11907=DIRECTION('',(-1.,0.,0.));
#11908=DIRECTION('',(0.,-1.,0.));
#11909=DIRECTION('center_axis',(0.,0.,1.));
#11910=DIRECTION('ref_axis',(-1.,0.,0.));
#11911=DIRECTION('',(-1.,0.,0.));
#11912=DIRECTION('center_axis',(0.,0.,1.));
#11913=DIRECTION('ref_axis',(-1.,0.,0.));
#11914=DIRECTION('',(0.,1.,0.));
#11915=DIRECTION('',(0.,1.,0.));
#11916=DIRECTION('',(1.,0.,0.));
#11917=DIRECTION('',(0.,1.,0.));
#11918=DIRECTION('',(1.,0.,0.));
#11919=DIRECTION('',(0.,-1.,0.));
#11920=DIRECTION('',(1.,0.,0.));
#11921=DIRECTION('',(0.,1.,0.));
#11922=DIRECTION('',(-1.,0.,0.));
#11923=DIRECTION('',(0.,-1.,0.));
#11924=DIRECTION('',(1.,0.,0.));
#11925=DIRECTION('',(0.,1.,0.));
#11926=DIRECTION('',(-1.,0.,0.));
#11927=DIRECTION('',(0.,-1.,0.));
#11928=DIRECTION('',(0.,-1.,0.));
#11929=DIRECTION('',(1.,0.,0.));
#11930=DIRECTION('',(0.,1.,0.));
#11931=DIRECTION('',(-1.,0.,0.));
#11932=DIRECTION('',(0.,1.,0.));
#11933=DIRECTION('',(-1.,0.,0.));
#11934=DIRECTION('',(0.,-1.,0.));
#11935=DIRECTION('',(1.,0.,0.));
#11936=DIRECTION('',(0.,1.,0.));
#11937=DIRECTION('',(-1.,0.,0.));
#11938=DIRECTION('',(0.,-1.,0.));
#11939=DIRECTION('',(1.,0.,0.));
#11940=DIRECTION('',(-1.,0.,0.));
#11941=DIRECTION('',(0.,-1.,0.));
#11942=DIRECTION('',(1.,0.,0.));
#11943=DIRECTION('',(0.,1.,0.));
#11944=DIRECTION('',(0.,1.,0.));
#11945=DIRECTION('',(-1.,0.,0.));
#11946=DIRECTION('',(0.,-1.,0.));
#11947=DIRECTION('',(1.,0.,0.));
#11948=DIRECTION('',(-1.,0.,0.));
#11949=DIRECTION('',(0.,-1.,0.));
#11950=DIRECTION('',(1.,0.,0.));
#11951=DIRECTION('',(0.,1.,0.));
#11952=DIRECTION('center_axis',(0.,0.,-1.));
#11953=DIRECTION('ref_axis',(1.,0.,0.));
#11954=DIRECTION('center_axis',(0.,0.,1.));
#11955=DIRECTION('ref_axis',(1.,0.,0.));
#11956=DIRECTION('',(0.,1.,0.));
#11957=DIRECTION('',(1.,0.,0.));
#11958=DIRECTION('',(0.,-1.,0.));
#11959=DIRECTION('',(1.,0.,0.));
#11960=DIRECTION('',(0.,-1.,0.));
#11961=DIRECTION('',(1.,0.,0.));
#11962=DIRECTION('',(0.,-1.,0.));
#11963=DIRECTION('',(1.,0.,0.));
#11964=DIRECTION('',(0.,-1.,0.));
#11965=DIRECTION('',(1.,0.,0.));
#11966=DIRECTION('',(0.,-1.,0.));
#11967=DIRECTION('',(1.,0.,0.));
#11968=DIRECTION('',(0.,-1.,0.));
#11969=DIRECTION('center_axis',(0.,0.,1.));
#11970=DIRECTION('ref_axis',(-1.,0.,0.));
#11971=DIRECTION('',(1.,0.,0.));
#11972=DIRECTION('center_axis',(0.,0.,1.));
#11973=DIRECTION('ref_axis',(-1.,0.,0.));
#11974=DIRECTION('center_axis',(0.,-1.,0.));
#11975=DIRECTION('ref_axis',(1.,0.,0.));
#11976=DIRECTION('',(-0.50000000000019,0.,0.866025403784329));
#11977=DIRECTION('',(0.,0.,1.));
#11978=DIRECTION('',(0.,0.,1.));
#11979=DIRECTION('',(-1.,0.,0.));
#11980=DIRECTION('',(0.,0.,-1.));
#11981=DIRECTION('',(0.,0.,-1.));
#11982=DIRECTION('',(1.,0.,0.));
#11983=DIRECTION('',(0.,0.,1.));
#11984=DIRECTION('',(0.50000000000019,0.,0.866025403784329));
#11985=DIRECTION('',(1.,0.,0.));
#11986=DIRECTION('',(-0.707106781186548,0.,-0.707106781186548));
#11987=DIRECTION('',(1.,0.,0.));
#11988=DIRECTION('',(0.707106781186548,0.,-0.707106781186548));
#11989=DIRECTION('',(-1.,0.,0.));
#11990=DIRECTION('',(0.,0.,1.));
#11991=DIRECTION('',(-1.,0.,0.));
#11992=DIRECTION('',(0.,0.,-1.));
#11993=DIRECTION('',(1.,0.,0.));
#11994=DIRECTION('',(0.,0.,1.));
#11995=DIRECTION('',(-1.,0.,0.));
#11996=DIRECTION('',(0.,0.,-1.));
#11997=DIRECTION('',(1.,0.,0.));
#11998=DIRECTION('center_axis',(-0.866025403784329,0.,0.50000000000019));
#11999=DIRECTION('ref_axis',(0.,-1.,0.));
#12000=DIRECTION('',(0.50000000000019,0.,0.866025403784329));
#12001=DIRECTION('',(0.,-1.,0.));
#12002=DIRECTION('center_axis',(0.,-1.,0.));
#12003=DIRECTION('ref_axis',(1.,0.,0.));
#12004=DIRECTION('',(1.,0.,0.));
#12005=DIRECTION('',(-1.,0.,0.));
#12006=DIRECTION('',(0.,0.,1.));
#12007=DIRECTION('',(1.,0.,0.));
#12008=DIRECTION('',(0.,0.,1.));
#12009=DIRECTION('center_axis',(0.,0.,1.));
#12010=DIRECTION('ref_axis',(1.,0.,0.));
#12011=DIRECTION('',(-1.,0.,0.));
#12012=DIRECTION('',(0.,-1.,0.));
#12013=DIRECTION('center_axis',(0.,1.,0.));
#12014=DIRECTION('ref_axis',(0.,0.,-1.));
#12015=DIRECTION('',(0.,0.,1.));
#12016=DIRECTION('',(-1.,0.,0.));
#12017=DIRECTION('center_axis',(0.,-1.,0.));
#12018=DIRECTION('ref_axis',(0.,0.,1.));
#12019=DIRECTION('',(0.,0.,1.));
#12020=DIRECTION('',(-1.,0.,0.));
#12021=DIRECTION('',(-1.,0.,0.));
#12022=DIRECTION('center_axis',(0.,0.,1.));
#12023=DIRECTION('ref_axis',(1.,0.,0.));
#12024=DIRECTION('',(0.,1.,0.));
#12025=DIRECTION('',(-1.,0.,0.));
#12026=DIRECTION('center_axis',(0.,1.,0.));
#12027=DIRECTION('ref_axis',(-1.,0.,0.));
#12028=DIRECTION('',(-1.,0.,0.));
#12029=DIRECTION('',(0.,0.,1.));
#12030=DIRECTION('',(0.50000000000019,0.,0.866025403784329));
#12031=DIRECTION('',(1.,0.,0.));
#12032=DIRECTION('',(0.,0.,1.));
#12033=DIRECTION('center_axis',(-0.866025403784329,0.,0.50000000000019));
#12034=DIRECTION('ref_axis',(0.,-1.,0.));
#12035=DIRECTION('',(0.50000000000019,0.,0.866025403784329));
#12036=DIRECTION('',(0.,-1.,0.));
#12037=DIRECTION('center_axis',(0.,-1.,0.));
#12038=DIRECTION('ref_axis',(1.,0.,0.));
#12039=DIRECTION('',(-1.,0.,0.));
#12040=DIRECTION('',(0.707106781186548,0.,-0.707106781186548));
#12041=DIRECTION('',(1.,0.,0.));
#12042=DIRECTION('',(-0.707106781186548,0.,-0.707106781186548));
#12043=DIRECTION('',(1.,0.,0.));
#12044=DIRECTION('',(1.,0.,0.));
#12045=DIRECTION('',(0.,0.,1.));
#12046=DIRECTION('',(1.,0.,0.));
#12047=DIRECTION('',(0.,0.,1.));
#12048=DIRECTION('',(1.,0.,0.));
#12049=DIRECTION('',(0.,0.,1.));
#12050=DIRECTION('',(1.,0.,0.));
#12051=DIRECTION('',(0.,0.,1.));
#12052=DIRECTION('',(1.,0.,0.));
#12053=DIRECTION('',(0.,0.,1.));
#12054=DIRECTION('',(-0.50000000000019,0.,0.866025403784329));
#12055=DIRECTION('',(-1.,0.,0.));
#12056=DIRECTION('',(0.,0.,1.));
#12057=DIRECTION('',(1.,0.,0.));
#12058=DIRECTION('',(0.,0.,-1.));
#12059=DIRECTION('',(1.,0.,0.));
#12060=DIRECTION('',(0.,0.,1.));
#12061=DIRECTION('',(-1.,0.,0.));
#12062=DIRECTION('',(0.,0.,-1.));
#12063=DIRECTION('center_axis',(0.,0.,1.));
#12064=DIRECTION('ref_axis',(1.,0.,0.));
#12065=DIRECTION('',(0.,-1.,0.));
#12066=DIRECTION('',(-1.,0.,0.));
#12067=DIRECTION('',(0.,1.,0.));
#12068=DIRECTION('',(0.,-1.,0.));
#12069=DIRECTION('',(1.,0.,0.));
#12070=DIRECTION('',(0.,-1.,0.));
#12071=DIRECTION('',(0.,-1.,0.));
#12072=DIRECTION('',(1.,0.,0.));
#12073=DIRECTION('',(0.,-1.,0.));
#12074=DIRECTION('',(0.,1.,0.));
#12075=DIRECTION('center_axis',(0.,0.,1.));
#12076=DIRECTION('ref_axis',(-1.,0.,0.));
#12077=DIRECTION('',(-1.,0.,0.));
#12078=DIRECTION('center_axis',(0.,0.,1.));
#12079=DIRECTION('ref_axis',(-1.,0.,0.));
#12080=DIRECTION('center_axis',(1.,0.,0.));
#12081=DIRECTION('ref_axis',(0.,1.,0.));
#12082=DIRECTION('',(0.,0.,1.));
#12083=DIRECTION('center_axis',(1.,0.,0.));
#12084=DIRECTION('ref_axis',(0.,1.,0.));
#12085=DIRECTION('',(0.,0.,1.));
#12086=DIRECTION('center_axis',(0.,0.,1.));
#12087=DIRECTION('ref_axis',(-1.,1.83697019872E-16,0.));
#12088=DIRECTION('',(0.,0.,1.));
#12089=DIRECTION('center_axis',(0.,1.,0.));
#12090=DIRECTION('ref_axis',(-1.,0.,0.));
#12091=DIRECTION('',(0.,0.,1.));
#12092=DIRECTION('center_axis',(0.,0.,1.));
#12093=DIRECTION('ref_axis',(-1.83697019872E-16,-1.,0.));
#12094=DIRECTION('',(0.,0.,1.));
#12095=DIRECTION('center_axis',(-1.,0.,0.));
#12096=DIRECTION('ref_axis',(0.,-1.,0.));
#12097=DIRECTION('',(0.,0.,1.));
#12098=DIRECTION('center_axis',(0.,-1.,0.));
#12099=DIRECTION('ref_axis',(1.,0.,0.));
#12100=DIRECTION('',(0.,0.,1.));
#12101=DIRECTION('',(0.,0.,1.));
#12102=DIRECTION('center_axis',(1.,0.,0.));
#12103=DIRECTION('ref_axis',(0.,1.,0.));
#12104=DIRECTION('',(0.,0.,1.));
#12105=DIRECTION('',(0.,-1.,0.));
#12106=DIRECTION('',(0.,0.,1.));
#12107=DIRECTION('',(0.,-1.,0.));
#12108=DIRECTION('',(0.,0.,1.));
#12109=DIRECTION('',(0.,-1.,0.));
#12110=DIRECTION('',(0.,0.,1.));
#12111=DIRECTION('',(0.,1.,0.));
#12112=DIRECTION('',(0.,0.,-1.));
#12113=DIRECTION('',(0.,-1.,0.));
#12114=DIRECTION('',(0.,0.,-1.));
#12115=DIRECTION('',(0.,1.,0.));
#12116=DIRECTION('',(0.,0.,1.));
#12117=DIRECTION('',(0.,-1.,0.));
#12118=DIRECTION('center_axis',(0.,1.,0.));
#12119=DIRECTION('ref_axis',(-1.,0.,0.));
#12120=DIRECTION('',(0.422618261740812,0.,-0.906307787036597));
#12121=DIRECTION('',(0.,0.,-1.));
#12122=DIRECTION('',(-1.,0.,0.));
#12123=DIRECTION('',(0.,0.,1.));
#12124=DIRECTION('center_axis',(-1.,0.,0.));
#12125=DIRECTION('ref_axis',(0.,-1.,0.));
#12126=DIRECTION('',(0.,0.,1.));
#12127=DIRECTION('center_axis',(0.,0.,1.));
#12128=DIRECTION('ref_axis',(1.,-1.83697019872E-16,0.));
#12129=DIRECTION('',(0.,0.,1.));
#12130=DIRECTION('center_axis',(0.,-1.,0.));
#12131=DIRECTION('ref_axis',(1.,0.,0.));
#12132=DIRECTION('',(0.,0.,1.));
#12133=DIRECTION('center_axis',(0.,0.,1.));
#12134=DIRECTION('ref_axis',(1.83697019872E-16,1.,0.));
#12135=DIRECTION('center_axis',(-1.,0.,0.));
#12136=DIRECTION('ref_axis',(0.,-1.,0.));
#12137=DIRECTION('center_axis',(-1.,0.,0.));
#12138=DIRECTION('ref_axis',(0.,1.,0.));
#12139=DIRECTION('center_axis',(-1.,0.,0.));
#12140=DIRECTION('ref_axis',(0.,1.,0.));
#12141=DIRECTION('',(0.,-1.,0.));
#12142=DIRECTION('center_axis',(1.,0.,0.));
#12143=DIRECTION('ref_axis',(0.,1.,0.));
#12144=DIRECTION('',(0.,0.,-1.));
#12145=DIRECTION('',(0.,1.,0.));
#12146=DIRECTION('',(0.,0.,-1.));
#12147=DIRECTION('',(0.,-1.,0.));
#12148=DIRECTION('',(0.,0.,1.));
#12149=DIRECTION('center_axis',(0.,1.,0.));
#12150=DIRECTION('ref_axis',(1.,0.,0.));
#12151=DIRECTION('',(0.,0.,-1.));
#12152=DIRECTION('',(1.,0.,0.));
#12153=DIRECTION('',(0.,0.,-1.));
#12154=DIRECTION('',(-1.,0.,0.));
#12155=DIRECTION('center_axis',(-1.,0.,0.));
#12156=DIRECTION('ref_axis',(0.,-1.,0.));
#12157=DIRECTION('',(0.,0.,1.));
#12158=DIRECTION('',(0.,1.,0.));
#12159=DIRECTION('center_axis',(0.,1.,0.));
#12160=DIRECTION('ref_axis',(-1.,0.,0.));
#12161=DIRECTION('',(-1.,0.,0.));
#12162=DIRECTION('',(-1.11022302463E-16,0.,-1.));
#12163=DIRECTION('',(-1.11022302463E-16,0.,-1.));
#12164=DIRECTION('',(-1.,0.,0.));
#12165=DIRECTION('',(0.,0.,-1.));
#12166=DIRECTION('',(1.,0.,0.));
#12167=DIRECTION('',(0.,0.,-1.));
#12168=DIRECTION('',(-1.,0.,0.));
#12169=DIRECTION('',(0.,0.,-1.));
#12170=DIRECTION('',(-4.4408920985E-16,0.,-1.));
#12171=DIRECTION('center_axis',(1.,0.,0.));
#12172=DIRECTION('ref_axis',(0.,1.,0.));
#12173=DIRECTION('',(0.,0.,1.));
#12174=DIRECTION('',(0.,-1.,0.));
#12175=DIRECTION('center_axis',(0.,1.,0.));
#12176=DIRECTION('ref_axis',(-1.,0.,0.));
#12177=DIRECTION('',(0.,0.,1.));
#12178=DIRECTION('',(-1.,0.,0.));
#12179=DIRECTION('center_axis',(-1.,0.,0.));
#12180=DIRECTION('ref_axis',(0.,-1.,0.));
#12181=DIRECTION('',(0.,0.,1.));
#12182=DIRECTION('',(0.,1.,0.));
#12183=DIRECTION('center_axis',(0.,-1.,0.));
#12184=DIRECTION('ref_axis',(1.,0.,0.));
#12185=DIRECTION('',(1.,0.,0.));
#12186=DIRECTION('center_axis',(0.,1.,0.));
#12187=DIRECTION('ref_axis',(-1.,0.,0.));
#12188=DIRECTION('',(1.,0.,0.));
#12189=DIRECTION('',(0.,0.,1.));
#12190=DIRECTION('',(0.,0.,-1.));
#12191=DIRECTION('',(-1.,0.,0.));
#12192=DIRECTION('',(0.,0.,-1.));
#12193=DIRECTION('center_axis',(-1.,0.,0.));
#12194=DIRECTION('ref_axis',(0.,-1.,0.));
#12195=DIRECTION('',(0.,0.,-1.));
#12196=DIRECTION('',(0.,1.,0.));
#12197=DIRECTION('center_axis',(0.,1.,0.));
#12198=DIRECTION('ref_axis',(1.,0.,0.));
#12199=DIRECTION('',(0.,0.,-1.));
#12200=DIRECTION('',(-1.,0.,0.));
#12201=DIRECTION('',(0.,0.,-1.));
#12202=DIRECTION('',(1.,0.,0.));
#12203=DIRECTION('center_axis',(1.,0.,0.));
#12204=DIRECTION('ref_axis',(0.,1.,0.));
#12205=DIRECTION('',(0.,1.,0.));
#12206=DIRECTION('center_axis',(0.,1.,0.));
#12207=DIRECTION('ref_axis',(-1.,0.,0.));
#12208=DIRECTION('',(0.,0.,-1.));
#12209=DIRECTION('',(-1.,0.,0.));
#12210=DIRECTION('',(0.,0.,1.));
#12211=DIRECTION('',(0.,0.,1.));
#12212=DIRECTION('',(0.,0.,-1.));
#12213=DIRECTION('',(1.,0.,0.));
#12214=DIRECTION('center_axis',(-1.,0.,0.));
#12215=DIRECTION('ref_axis',(0.,-1.,0.));
#12216=DIRECTION('',(0.,0.,-1.));
#12217=DIRECTION('',(0.,-1.,0.));
#12218=DIRECTION('center_axis',(0.,1.,0.));
#12219=DIRECTION('ref_axis',(1.,0.,0.));
#12220=DIRECTION('',(0.,0.,-1.));
#12221=DIRECTION('',(-1.,0.,0.));
#12222=DIRECTION('',(0.,0.,-1.));
#12223=DIRECTION('',(1.,0.,0.));
#12224=DIRECTION('center_axis',(1.,0.,0.));
#12225=DIRECTION('ref_axis',(0.,1.,0.));
#12226=DIRECTION('',(0.,-1.,0.));
#12227=DIRECTION('',(0.,0.,1.));
#12228=DIRECTION('',(0.,1.,0.));
#12229=DIRECTION('center_axis',(0.,-1.,0.));
#12230=DIRECTION('ref_axis',(1.,0.,0.));
#12231=DIRECTION('',(0.,0.,1.));
#12232=DIRECTION('',(1.,0.,0.));
#12233=DIRECTION('center_axis',(-1.,0.,0.));
#12234=DIRECTION('ref_axis',(0.,-1.,0.));
#12235=DIRECTION('',(0.,0.,1.));
#12236=DIRECTION('',(0.,-1.,0.));
#12237=DIRECTION('center_axis',(0.,1.,0.));
#12238=DIRECTION('ref_axis',(-1.,0.,0.));
#12239=DIRECTION('',(0.,0.,1.));
#12240=DIRECTION('',(-1.,0.,0.));
#12241=DIRECTION('center_axis',(1.,0.,0.));
#12242=DIRECTION('ref_axis',(0.,1.,0.));
#12243=DIRECTION('',(0.,1.,0.));
#12244=DIRECTION('center_axis',(1.,0.,0.));
#12245=DIRECTION('ref_axis',(0.,1.,0.));
#12246=DIRECTION('',(0.,0.,-1.));
#12247=DIRECTION('',(0.,0.,-1.));
#12248=DIRECTION('',(0.,-1.,0.));
#12249=DIRECTION('center_axis',(0.,1.,0.));
#12250=DIRECTION('ref_axis',(1.,0.,0.));
#12251=DIRECTION('',(0.,0.,-1.));
#12252=DIRECTION('',(1.,0.,0.));
#12253=DIRECTION('',(0.,0.,-1.));
#12254=DIRECTION('',(-1.,0.,0.));
#12255=DIRECTION('center_axis',(-1.,0.,0.));
#12256=DIRECTION('ref_axis',(0.,-1.,0.));
#12257=DIRECTION('',(0.,0.,1.));
#12258=DIRECTION('',(0.,-1.,0.));
#12259=DIRECTION('center_axis',(0.,1.,0.));
#12260=DIRECTION('ref_axis',(-1.,0.,0.));
#12261=DIRECTION('',(-2.22044604925E-16,0.,-1.));
#12262=DIRECTION('',(0.,0.,-1.));
#12263=DIRECTION('',(1.,0.,0.));
#12264=DIRECTION('',(-1.,0.,0.));
#12265=DIRECTION('',(0.,0.,-1.));
#12266=DIRECTION('',(1.,0.,0.));
#12267=DIRECTION('',(0.,0.,-1.));
#12268=DIRECTION('',(0.,0.,-1.));
#12269=DIRECTION('',(1.,0.,0.));
#12270=DIRECTION('center_axis',(0.,1.,0.));
#12271=DIRECTION('ref_axis',(1.,0.,0.));
#12272=DIRECTION('',(1.,0.,0.));
#12273=DIRECTION('',(0.,0.,1.));
#12274=DIRECTION('',(0.,0.,1.));
#12275=DIRECTION('center_axis',(1.,0.,0.));
#12276=DIRECTION('ref_axis',(0.,1.,0.));
#12277=DIRECTION('',(0.,0.,-1.));
#12278=DIRECTION('',(0.,-1.,0.));
#12279=DIRECTION('',(0.,0.,1.));
#12280=DIRECTION('center_axis',(0.,1.,0.));
#12281=DIRECTION('ref_axis',(-1.,0.,0.));
#12282=DIRECTION('',(0.,0.,-1.));
#12283=DIRECTION('',(1.,0.,0.));
#12284=DIRECTION('',(0.,0.,-1.));
#12285=DIRECTION('',(1.,0.,0.));
#12286=DIRECTION('',(0.,0.,1.));
#12287=DIRECTION('',(1.,0.,0.));
#12288=DIRECTION('center_axis',(-1.,0.,0.));
#12289=DIRECTION('ref_axis',(0.,-1.,0.));
#12290=DIRECTION('',(0.,0.,-1.));
#12291=DIRECTION('',(0.,-1.,0.));
#12292=DIRECTION('center_axis',(1.,0.,0.));
#12293=DIRECTION('ref_axis',(0.,1.,0.));
#12294=DIRECTION('',(0.,0.,-1.));
#12295=DIRECTION('',(0.,0.,1.));
#12296=DIRECTION('',(0.,0.,1.));
#12297=DIRECTION('',(0.,1.,0.));
#12298=DIRECTION('center_axis',(0.,1.,0.));
#12299=DIRECTION('ref_axis',(1.,0.,0.));
#12300=DIRECTION('',(0.,0.,1.));
#12301=DIRECTION('',(1.,0.,0.));
#12302=DIRECTION('center_axis',(-1.,0.,0.));
#12303=DIRECTION('ref_axis',(0.,-1.,0.));
#12304=DIRECTION('',(0.,0.,-1.));
#12305=DIRECTION('',(0.,1.,0.));
#12306=DIRECTION('',(0.,0.,1.));
#12307=DIRECTION('center_axis',(0.,1.,0.));
#12308=DIRECTION('ref_axis',(-1.,0.,0.));
#12309=DIRECTION('',(1.,0.,0.));
#12310=DIRECTION('',(0.,0.,1.));
#12311=DIRECTION('',(1.,0.,0.));
#12312=DIRECTION('',(0.,0.,-1.));
#12313=DIRECTION('',(1.,0.,0.));
#12314=DIRECTION('center_axis',(1.,0.,0.));
#12315=DIRECTION('ref_axis',(0.,0.,1.));
#12316=DIRECTION('',(0.,-1.,0.));
#12317=DIRECTION('center_axis',(-1.,0.,0.));
#12318=DIRECTION('ref_axis',(0.,0.,-1.));
#12319=DIRECTION('',(0.,-1.,0.));
#12320=DIRECTION('center_axis',(-1.,0.,0.));
#12321=DIRECTION('ref_axis',(0.,0.,-1.));
#12322=DIRECTION('',(0.,-1.,0.));
#12323=DIRECTION('center_axis',(1.,0.,0.));
#12324=DIRECTION('ref_axis',(0.,0.,1.));
#12325=DIRECTION('',(0.,-1.,0.));
#12326=DIRECTION('center_axis',(0.,0.,1.));
#12327=DIRECTION('ref_axis',(-1.,0.,0.));
#12328=DIRECTION('',(0.,-1.,0.));
#12329=DIRECTION('',(1.,0.,0.));
#12330=DIRECTION('',(0.,1.,0.));
#12331=DIRECTION('',(-1.,0.,0.));
#12332=DIRECTION('',(0.,1.,0.));
#12333=DIRECTION('',(-1.,0.,0.));
#12334=DIRECTION('',(0.,-1.,0.));
#12335=DIRECTION('',(-1.,0.,0.));
#12336=DIRECTION('',(0.,-1.,0.));
#12337=DIRECTION('center_axis',(-0.707106781186548,0.,-0.707106781186548));
#12338=DIRECTION('ref_axis',(0.707106781186548,0.,-0.707106781186548));
#12339=DIRECTION('',(0.,-1.,0.));
#12340=DIRECTION('',(-0.707106781186548,0.,0.707106781186548));
#12341=DIRECTION('center_axis',(0.,0.,1.));
#12342=DIRECTION('ref_axis',(1.,0.,0.));
#12343=DIRECTION('',(1.,0.,0.));
#12344=DIRECTION('',(0.,-1.,0.));
#12345=DIRECTION('center_axis',(-0.707106781186548,0.,0.707106781186548));
#12346=DIRECTION('ref_axis',(-0.707106781186548,0.,-0.707106781186548));
#12347=DIRECTION('',(0.707106781186548,0.,0.707106781186548));
#12348=DIRECTION('',(0.,-1.,0.));
#12349=DIRECTION('center_axis',(0.,0.,1.));
#12350=DIRECTION('ref_axis',(-1.,0.,0.));
#12351=DIRECTION('',(1.,0.,0.));
#12352=DIRECTION('',(0.,1.,0.));
#12353=DIRECTION('',(-1.,0.,0.));
#12354=DIRECTION('',(0.,1.,0.));
#12355=DIRECTION('',(-1.,0.,0.));
#12356=DIRECTION('',(0.,1.,0.));
#12357=DIRECTION('center_axis',(0.,0.,1.));
#12358=DIRECTION('ref_axis',(1.,0.,0.));
#12359=DIRECTION('',(1.,0.,0.));
#12360=DIRECTION('',(0.,-1.,0.));
#12361=DIRECTION('',(1.,0.,0.));
#12362=DIRECTION('center_axis',(-0.866025403784329,0.,-0.50000000000019));
#12363=DIRECTION('ref_axis',(0.,-1.,0.));
#12364=DIRECTION('',(-0.50000000000019,0.,0.866025403784329));
#12365=DIRECTION('center_axis',(0.,0.,-1.));
#12366=DIRECTION('ref_axis',(-1.,0.,0.));
#12367=DIRECTION('',(-1.,0.,0.));
#12368=DIRECTION('',(0.,-1.,0.));
#12369=DIRECTION('',(0.,-1.,0.));
#12370=DIRECTION('',(-1.,0.,0.));
#12371=DIRECTION('',(0.,-1.,0.));
#12372=DIRECTION('',(0.,-1.,0.));
#12373=DIRECTION('',(-1.,0.,0.));
#12374=DIRECTION('',(0.,-1.,0.));
#12375=DIRECTION('',(-1.,0.,0.));
#12376=DIRECTION('center_axis',(1.,0.,0.));
#12377=DIRECTION('ref_axis',(0.,0.,1.));
#12378=DIRECTION('',(0.,-1.,0.));
#12379=DIRECTION('',(0.,0.,1.));
#12380=DIRECTION('center_axis',(0.,0.,1.));
#12381=DIRECTION('ref_axis',(1.,0.,0.));
#12382=DIRECTION('',(1.,0.,0.));
#12383=DIRECTION('',(1.,0.,0.));
#12384=DIRECTION('',(0.,-1.,0.));
#12385=DIRECTION('',(1.,0.,0.));
#12386=DIRECTION('',(0.,-1.,0.));
#12387=DIRECTION('',(1.,0.,0.));
#12388=DIRECTION('',(0.,-1.,0.));
#12389=DIRECTION('',(0.,-1.,0.));
#12390=DIRECTION('center_axis',(-1.,0.,0.));
#12391=DIRECTION('ref_axis',(0.,0.,-1.));
#12392=DIRECTION('',(0.,0.,-1.));
#12393=DIRECTION('center_axis',(1.,0.,0.));
#12394=DIRECTION('ref_axis',(0.,0.,1.));
#12395=DIRECTION('center_axis',(-1.,0.,0.));
#12396=DIRECTION('ref_axis',(0.,0.,-1.));
#12397=DIRECTION('',(0.,0.,-1.));
#12398=DIRECTION('center_axis',(1.,0.,0.));
#12399=DIRECTION('ref_axis',(0.,1.,0.));
#12400=DIRECTION('',(0.,1.,0.));
#12401=DIRECTION('center_axis',(1.,0.,0.));
#12402=DIRECTION('ref_axis',(0.,1.,0.));
#12403=DIRECTION('',(0.,-1.,0.));
#12404=DIRECTION('',(0.,0.,1.));
#12405=DIRECTION('center_axis',(0.,-1.,0.));
#12406=DIRECTION('ref_axis',(1.,0.,0.));
#12407=DIRECTION('',(0.,0.,1.));
#12408=DIRECTION('',(1.,0.,0.));
#12409=DIRECTION('',(0.,0.,-1.));
#12410=DIRECTION('center_axis',(-1.,0.,0.));
#12411=DIRECTION('ref_axis',(0.,-1.,0.));
#12412=DIRECTION('',(0.,-1.,0.));
#12413=DIRECTION('',(0.,0.,-1.));
#12414=DIRECTION('',(0.,1.,0.));
#12415=DIRECTION('',(0.,1.,0.));
#12416=DIRECTION('',(0.,0.,-1.));
#12417=DIRECTION('',(0.,0.,-1.));
#12418=DIRECTION('',(0.,0.,-1.));
#12419=DIRECTION('',(0.,0.,-1.));
#12420=DIRECTION('center_axis',(0.,1.,0.));
#12421=DIRECTION('ref_axis',(1.,0.,0.));
#12422=DIRECTION('',(1.,0.,0.));
#12423=DIRECTION('',(1.,0.,0.));
#12424=DIRECTION('center_axis',(0.,1.,0.));
#12425=DIRECTION('ref_axis',(1.,0.,0.));
#12426=DIRECTION('',(-1.,0.,0.));
#12427=DIRECTION('',(1.,0.,0.));
#12428=DIRECTION('',(0.,0.,-1.));
#12429=DIRECTION('center_axis',(1.,0.,0.));
#12430=DIRECTION('ref_axis',(0.,-1.,0.));
#12431=DIRECTION('',(0.,0.,-1.));
#12432=DIRECTION('',(0.,0.,-1.));
#12433=DIRECTION('',(0.,0.,-1.));
#12434=DIRECTION('',(0.,0.,-1.));
#12435=DIRECTION('',(0.,1.,0.));
#12436=DIRECTION('',(0.,1.,0.));
#12437=DIRECTION('',(0.,-1.,0.));
#12438=DIRECTION('',(0.,0.,-1.));
#12439=DIRECTION('center_axis',(0.,-1.,0.));
#12440=DIRECTION('ref_axis',(1.,0.,0.));
#12441=DIRECTION('',(1.,0.,0.));
#12442=DIRECTION('',(0.,0.,1.));
#12443=DIRECTION('center_axis',(1.,0.,0.));
#12444=DIRECTION('ref_axis',(0.,1.,0.));
#12445=DIRECTION('',(0.,1.,0.));
#12446=DIRECTION('',(0.,0.,1.));
#12447=DIRECTION('center_axis',(0.,1.,0.));
#12448=DIRECTION('ref_axis',(-1.,0.,0.));
#12449=DIRECTION('',(-1.,0.,0.));
#12450=DIRECTION('',(0.,0.,1.));
#12451=DIRECTION('center_axis',(-1.,0.,0.));
#12452=DIRECTION('ref_axis',(0.,-1.,0.));
#12453=DIRECTION('',(0.,-1.,0.));
#12454=DIRECTION('',(0.,0.,1.));
#12455=DIRECTION('center_axis',(0.,-1.,0.));
#12456=DIRECTION('ref_axis',(1.,0.,0.));
#12457=DIRECTION('',(1.,0.,0.));
#12458=DIRECTION('',(0.,0.,1.));
#12459=DIRECTION('',(-1.,0.,0.));
#12460=DIRECTION('center_axis',(-1.,0.,0.));
#12461=DIRECTION('ref_axis',(0.,-1.,0.));
#12462=DIRECTION('',(0.,-1.,0.));
#12463=DIRECTION('',(0.,0.,1.));
#12464=DIRECTION('',(0.,-1.,0.));
#12465=DIRECTION('center_axis',(0.,1.,0.));
#12466=DIRECTION('ref_axis',(0.,0.,-1.));
#12467=DIRECTION('',(-1.,0.,0.));
#12468=DIRECTION('',(-1.,0.,0.));
#12469=DIRECTION('center_axis',(0.,-1.,0.));
#12470=DIRECTION('ref_axis',(0.,0.,1.));
#12471=DIRECTION('',(0.,0.,1.));
#12472=DIRECTION('',(-1.,0.,0.));
#12473=DIRECTION('',(-1.,0.,0.));
#12474=DIRECTION('center_axis',(-1.,0.,0.));
#12475=DIRECTION('ref_axis',(0.,-1.,0.));
#12476=DIRECTION('',(0.,-1.,0.));
#12477=DIRECTION('',(0.,0.,1.));
#12478=DIRECTION('',(0.,1.,0.));
#12479=DIRECTION('center_axis',(0.,1.,0.));
#12480=DIRECTION('ref_axis',(-1.,0.,0.));
#12481=DIRECTION('',(-1.,0.,0.));
#12482=DIRECTION('',(-0.50000000000019,0.,0.866025403784329));
#12483=DIRECTION('',(-1.,0.,0.));
#12484=DIRECTION('',(-1.,0.,0.));
#12485=DIRECTION('',(0.,0.,1.));
#12486=DIRECTION('center_axis',(-1.,0.,0.));
#12487=DIRECTION('ref_axis',(0.,-1.,0.));
#12488=DIRECTION('',(0.,-1.,0.));
#12489=DIRECTION('',(0.,1.,0.));
#12490=DIRECTION('',(0.,0.,1.));
#12491=DIRECTION('center_axis',(0.,1.,0.));
#12492=DIRECTION('ref_axis',(-1.,0.,0.));
#12493=DIRECTION('',(-1.,0.,0.));
#12494=DIRECTION('',(0.,0.,1.));
#12495=DIRECTION('',(-1.,0.,0.));
#12496=DIRECTION('center_axis',(1.,0.,0.));
#12497=DIRECTION('ref_axis',(0.,1.,0.));
#12498=DIRECTION('',(0.,1.,0.));
#12499=DIRECTION('',(0.,-1.,0.));
#12500=DIRECTION('',(0.,0.,1.));
#12501=DIRECTION('center_axis',(0.,1.,0.));
#12502=DIRECTION('ref_axis',(-1.,0.,0.));
#12503=DIRECTION('',(-1.,0.,0.));
#12504=DIRECTION('',(0.,0.,-1.));
#12505=DIRECTION('',(-1.,0.,0.));
#12506=DIRECTION('center_axis',(1.,0.,0.));
#12507=DIRECTION('ref_axis',(0.,-1.,0.));
#12508=DIRECTION('',(0.,-1.,0.));
#12509=DIRECTION('',(0.,-1.,0.));
#12510=DIRECTION('',(0.,0.,-1.));
#12511=DIRECTION('',(0.,-1.,0.));
#12512=DIRECTION('',(0.,-1.,0.));
#12513=DIRECTION('',(0.,0.,-1.));
#12514=DIRECTION('',(0.,0.,-1.));
#12515=DIRECTION('',(0.,0.,-1.));
#12516=DIRECTION('',(0.,0.,-1.));
#12517=DIRECTION('center_axis',(0.,1.,0.));
#12518=DIRECTION('ref_axis',(1.,0.,0.));
#12519=DIRECTION('',(1.,0.,0.));
#12520=DIRECTION('',(1.,0.,0.));
#12521=DIRECTION('center_axis',(0.,1.,0.));
#12522=DIRECTION('ref_axis',(1.,0.,0.));
#12523=DIRECTION('',(1.,0.,0.));
#12524=DIRECTION('',(0.,0.,-1.));
#12525=DIRECTION('',(1.,0.,0.));
#12526=DIRECTION('center_axis',(-1.,0.,0.));
#12527=DIRECTION('ref_axis',(0.,-1.,0.));
#12528=DIRECTION('',(0.,-1.,0.));
#12529=DIRECTION('',(0.,0.,-1.));
#12530=DIRECTION('',(0.,0.,-1.));
#12531=DIRECTION('',(0.,0.,-1.));
#12532=DIRECTION('',(0.,0.,-1.));
#12533=DIRECTION('',(0.,-1.,0.));
#12534=DIRECTION('',(0.,-1.,0.));
#12535=DIRECTION('',(0.,-1.,0.));
#12536=DIRECTION('',(0.,0.,-1.));
#12537=DIRECTION('center_axis',(0.,1.,0.));
#12538=DIRECTION('ref_axis',(-1.,0.,0.));
#12539=DIRECTION('',(-1.,0.,0.));
#12540=DIRECTION('',(0.,0.,1.));
#12541=DIRECTION('',(-1.,0.,0.));
#12542=DIRECTION('center_axis',(1.,0.,0.));
#12543=DIRECTION('ref_axis',(0.,1.,0.));
#12544=DIRECTION('',(0.,-1.,0.));
#12545=DIRECTION('',(0.,0.,1.));
#12546=DIRECTION('',(0.,1.,0.));
#12547=DIRECTION('center_axis',(0.,1.,0.));
#12548=DIRECTION('ref_axis',(-1.,0.,0.));
#12549=DIRECTION('',(1.,0.,0.));
#12550=DIRECTION('',(0.,0.,1.));
#12551=DIRECTION('',(-1.,0.,0.));
#12552=DIRECTION('center_axis',(1.,0.,0.));
#12553=DIRECTION('ref_axis',(0.,1.,0.));
#12554=DIRECTION('',(0.,1.,0.));
#12555=DIRECTION('',(0.,1.,0.));
#12556=DIRECTION('center_axis',(1.,0.,0.));
#12557=DIRECTION('ref_axis',(0.,1.,0.));
#12558=DIRECTION('',(0.,1.,0.));
#12559=DIRECTION('center_axis',(0.,1.,0.));
#12560=DIRECTION('ref_axis',(-1.,0.,0.));
#12561=DIRECTION('',(1.,0.,0.));
#12562=DIRECTION('',(0.,0.,1.));
#12563=DIRECTION('center_axis',(1.,0.,0.));
#12564=DIRECTION('ref_axis',(0.,1.,0.));
#12565=DIRECTION('',(0.,1.,0.));
#12566=DIRECTION('center_axis',(0.,1.,0.));
#12567=DIRECTION('ref_axis',(-1.,0.,0.));
#12568=DIRECTION('',(-1.,0.,0.));
#12569=DIRECTION('',(0.,0.,1.));
#12570=DIRECTION('',(-1.,0.,0.));
#12571=DIRECTION('',(0.,0.,1.));
#12572=DIRECTION('',(1.,0.,0.));
#12573=DIRECTION('',(0.,0.,1.));
#12574=DIRECTION('',(-1.,0.,0.));
#12575=DIRECTION('',(0.,0.,1.));
#12576=DIRECTION('center_axis',(-1.,0.,0.));
#12577=DIRECTION('ref_axis',(0.,-1.,0.));
#12578=DIRECTION('',(0.,-1.,0.));
#12579=DIRECTION('',(0.,0.,1.));
#12580=DIRECTION('',(0.,-1.,0.));
#12581=DIRECTION('center_axis',(-1.,0.,0.));
#12582=DIRECTION('ref_axis',(0.,-1.,0.));
#12583=DIRECTION('',(0.,0.,1.));
#12584=DIRECTION('',(0.,1.,0.));
#12585=DIRECTION('',(0.,0.,1.));
#12586=DIRECTION('',(0.,1.,0.));
#12587=DIRECTION('center_axis',(0.,-1.,0.));
#12588=DIRECTION('ref_axis',(1.,0.,0.));
#12589=DIRECTION('',(1.,0.,0.));
#12590=DIRECTION('',(0.,0.,1.));
#12591=DIRECTION('',(1.,0.,0.));
#12592=DIRECTION('',(0.,0.,1.));
#12593=DIRECTION('',(1.,0.,0.));
#12594=DIRECTION('',(0.,0.,1.));
#12595=DIRECTION('',(-1.,0.,0.));
#12596=DIRECTION('center_axis',(0.,0.,1.));
#12597=DIRECTION('ref_axis',(-1.,0.,0.));
#12598=DIRECTION('',(0.,-1.,0.));
#12599=DIRECTION('',(1.,0.,0.));
#12600=DIRECTION('center_axis',(0.,0.,1.));
#12601=DIRECTION('ref_axis',(-1.,0.,0.));
#12602=DIRECTION('',(1.,0.,0.));
#12603=DIRECTION('',(0.,-1.,0.));
#12604=DIRECTION('',(0.,-1.,0.));
#12605=DIRECTION('center_axis',(-0.707106781186548,0.,-0.707106781186548));
#12606=DIRECTION('ref_axis',(0.707106781186548,0.,-0.707106781186548));
#12607=DIRECTION('',(0.,-1.,0.));
#12608=DIRECTION('',(-0.707106781186548,0.,0.707106781186548));
#12609=DIRECTION('center_axis',(0.,0.,1.));
#12610=DIRECTION('ref_axis',(1.,0.,0.));
#12611=DIRECTION('',(1.,0.,0.));
#12612=DIRECTION('',(0.,-1.,0.));
#12613=DIRECTION('center_axis',(-0.707106781186548,0.,0.707106781186548));
#12614=DIRECTION('ref_axis',(-0.707106781186548,0.,-0.707106781186548));
#12615=DIRECTION('',(0.707106781186548,0.,0.707106781186548));
#12616=DIRECTION('center_axis',(1.,0.,0.));
#12617=DIRECTION('ref_axis',(0.,0.,1.));
#12618=DIRECTION('',(0.,-1.,0.));
#12619=DIRECTION('center_axis',(0.,0.,1.));
#12620=DIRECTION('ref_axis',(1.,0.,0.));
#12621=DIRECTION('',(0.,-1.,0.));
#12622=DIRECTION('',(0.,1.,0.));
#12623=DIRECTION('',(1.,0.,0.));
#12624=DIRECTION('',(-1.,0.,0.));
#12625=DIRECTION('',(0.,-1.,0.));
#12626=DIRECTION('',(0.,-1.,0.));
#12627=DIRECTION('center_axis',(-1.,0.,0.));
#12628=DIRECTION('ref_axis',(0.,0.,-1.));
#12629=DIRECTION('center_axis',(-1.,0.,0.));
#12630=DIRECTION('ref_axis',(0.,0.,-1.));
#12631=DIRECTION('center_axis',(1.,0.,0.));
#12632=DIRECTION('ref_axis',(0.,0.,1.));
#12633=DIRECTION('center_axis',(-0.866025403784329,0.,-0.50000000000019));
#12634=DIRECTION('ref_axis',(0.,-1.,0.));
#12635=DIRECTION('center_axis',(0.,0.,-1.));
#12636=DIRECTION('ref_axis',(-1.,0.,0.));
#12637=DIRECTION('',(0.,-1.,0.));
#12638=DIRECTION('',(0.,-1.,0.));
#12639=DIRECTION('',(1.,0.,0.));
#12640=DIRECTION('',(0.,-1.,0.));
#12641=DIRECTION('',(0.,-1.,0.));
#12642=DIRECTION('',(1.,0.,0.));
#12643=DIRECTION('',(0.,1.,0.));
#12644=DIRECTION('',(-1.,0.,0.));
#12645=DIRECTION('',(1.,0.,0.));
#12646=DIRECTION('center_axis',(1.,0.,0.));
#12647=DIRECTION('ref_axis',(0.,0.,1.));
#12648=DIRECTION('',(0.,-1.,0.));
#12649=DIRECTION('center_axis',(0.,0.,1.));
#12650=DIRECTION('ref_axis',(1.,0.,0.));
#12651=DIRECTION('',(0.,-1.,0.));
#12652=DIRECTION('',(-1.,0.,0.));
#12653=DIRECTION('',(1.,0.,0.));
#12654=DIRECTION('',(0.,1.,0.));
#12655=DIRECTION('',(-1.,0.,0.));
#12656=DIRECTION('',(0.,-1.,0.));
#12657=DIRECTION('',(0.,-1.,0.));
#12658=DIRECTION('',(-1.,0.,0.));
#12659=DIRECTION('center_axis',(-1.,0.,0.));
#12660=DIRECTION('ref_axis',(0.,0.,-1.));
#12661=DIRECTION('',(0.,0.,-1.));
#12662=DIRECTION('center_axis',(1.,0.,0.));
#12663=DIRECTION('ref_axis',(0.,0.,1.));
#12664=DIRECTION('',(0.,0.,-1.));
#12665=DIRECTION('center_axis',(-1.,0.,0.));
#12666=DIRECTION('ref_axis',(0.,0.,-1.));
#12667=DIRECTION('',(0.,0.,-1.));
#12668=DIRECTION('center_axis',(0.,0.,-1.));
#12669=DIRECTION('ref_axis',(1.,0.,0.));
#12670=DIRECTION('',(0.,-1.,0.));
#12671=DIRECTION('',(-1.,0.,0.));
#12672=DIRECTION('center_axis',(0.,-1.,0.));
#12673=DIRECTION('ref_axis',(1.,0.,0.));
#12674=DIRECTION('',(0.,0.,-1.));
#12675=DIRECTION('',(0.422618261740812,0.,-0.906307787036597));
#12676=DIRECTION('center_axis',(-0.906307787036597,0.,-0.422618261740812));
#12677=DIRECTION('ref_axis',(0.422618261740812,0.,-0.906307787036597));
#12678=DIRECTION('',(0.,-1.,0.));
#12679=DIRECTION('center_axis',(0.,0.,1.));
#12680=DIRECTION('ref_axis',(1.,0.,0.));
#12681=DIRECTION('center_axis',(0.,0.,1.));
#12682=DIRECTION('ref_axis',(1.,0.,0.));
#12683=DIRECTION('center_axis',(-1.,0.,0.));
#12684=DIRECTION('ref_axis',(0.,0.,-1.));
#12685=DIRECTION('center_axis',(0.,0.,-1.));
#12686=DIRECTION('ref_axis',(-1.,0.,0.));
#12687=DIRECTION('',(1.,0.,0.));
#12688=DIRECTION('',(-1.,0.,0.));
#12689=DIRECTION('',(0.,1.,0.));
#12690=DIRECTION('center_axis',(0.,0.,-1.));
#12691=DIRECTION('ref_axis',(1.,0.,0.));
#12692=DIRECTION('center_axis',(1.,0.,0.));
#12693=DIRECTION('ref_axis',(0.,0.,-1.));
#12694=DIRECTION('',(0.,0.,-1.));
#12695=DIRECTION('center_axis',(0.,0.,-1.));
#12696=DIRECTION('ref_axis',(1.,0.,0.));
#12697=DIRECTION('center_axis',(0.,0.,-1.));
#12698=DIRECTION('ref_axis',(-1.,0.,0.));
#12699=DIRECTION('',(-1.,0.,0.));
#12700=DIRECTION('',(-1.,0.,0.));
#12701=DIRECTION('',(0.,-1.,0.));
#12702=DIRECTION('center_axis',(-1.,0.,0.));
#12703=DIRECTION('ref_axis',(0.,0.,-1.));
#12704=DIRECTION('',(0.,0.,-1.));
#12705=DIRECTION('center_axis',(0.,0.,1.));
#12706=DIRECTION('ref_axis',(1.,0.,0.));
#12707=DIRECTION('center_axis',(0.,0.,1.));
#12708=DIRECTION('ref_axis',(1.,0.,0.));
#12709=DIRECTION('center_axis',(0.,0.,1.));
#12710=DIRECTION('ref_axis',(1.,0.,0.));
#12711=DIRECTION('',(-1.,0.,0.));
#12712=DIRECTION('center_axis',(0.,0.,1.));
#12713=DIRECTION('ref_axis',(1.,0.,0.));
#12714=DIRECTION('center_axis',(0.,0.,1.));
#12715=DIRECTION('ref_axis',(1.,0.,0.));
#12716=DIRECTION('center_axis',(0.,0.,1.));
#12717=DIRECTION('ref_axis',(1.,0.,0.));
#12718=DIRECTION('',(1.,0.,0.));
#12719=DIRECTION('center_axis',(0.,1.,0.));
#12720=DIRECTION('ref_axis',(1.,0.,0.));
#12721=DIRECTION('center_axis',(0.,1.,0.));
#12722=DIRECTION('ref_axis',(1.,0.,0.));
#12723=DIRECTION('center_axis',(0.,1.,0.));
#12724=DIRECTION('ref_axis',(1.,0.,0.));
#12725=DIRECTION('center_axis',(0.,1.,0.));
#12726=DIRECTION('ref_axis',(1.,0.,0.));
#12727=DIRECTION('',(0.,0.,-1.));
#12728=DIRECTION('center_axis',(1.,0.,0.));
#12729=DIRECTION('ref_axis',(0.,0.,-1.));
#12730=DIRECTION('',(0.,0.,1.));
#12731=DIRECTION('center_axis',(0.,1.,0.));
#12732=DIRECTION('ref_axis',(-1.,0.,0.));
#12733=DIRECTION('center_axis',(0.,1.,0.));
#12734=DIRECTION('ref_axis',(-1.,0.,0.));
#12735=DIRECTION('center_axis',(0.,1.,0.));
#12736=DIRECTION('ref_axis',(1.,0.,0.));
#12737=DIRECTION('center_axis',(0.,1.,0.));
#12738=DIRECTION('ref_axis',(1.,0.,0.));
#12739=DIRECTION('center_axis',(0.,1.,0.));
#12740=DIRECTION('ref_axis',(1.,0.,0.));
#12741=DIRECTION('',(0.,0.,-1.));
#12742=DIRECTION('center_axis',(0.,1.,0.));
#12743=DIRECTION('ref_axis',(1.,0.,0.));
#12744=DIRECTION('center_axis',(0.,1.,0.));
#12745=DIRECTION('ref_axis',(1.,0.,0.));
#12746=DIRECTION('center_axis',(0.,1.,0.));
#12747=DIRECTION('ref_axis',(1.,0.,0.));
#12748=DIRECTION('center_axis',(0.,0.,1.));
#12749=DIRECTION('ref_axis',(1.,0.,0.));
#12750=DIRECTION('',(0.,1.,0.));
#12751=DIRECTION('',(0.,-1.,0.));
#12752=DIRECTION('center_axis',(-1.,0.,0.));
#12753=DIRECTION('ref_axis',(0.,-1.,0.));
#12754=DIRECTION('',(0.,-1.,0.));
#12755=DIRECTION('',(0.,0.,-1.));
#12756=DIRECTION('',(0.,-1.,0.));
#12757=DIRECTION('',(0.,0.,1.));
#12758=DIRECTION('',(0.,1.,0.));
#12759=DIRECTION('center_axis',(0.,0.,1.));
#12760=DIRECTION('ref_axis',(1.,0.,0.));
#12761=DIRECTION('',(0.,1.,0.));
#12762=DIRECTION('',(-1.,0.,0.));
#12763=DIRECTION('center_axis',(-1.,0.,0.));
#12764=DIRECTION('ref_axis',(0.,-1.,0.));
#12765=DIRECTION('',(0.,1.,0.));
#12766=DIRECTION('',(0.,0.,1.));
#12767=DIRECTION('center_axis',(0.,0.,1.));
#12768=DIRECTION('ref_axis',(1.,0.,0.));
#12769=DIRECTION('',(1.,0.,0.));
#12770=DIRECTION('',(1.,0.,0.));
#12771=DIRECTION('center_axis',(0.,0.,1.));
#12772=DIRECTION('ref_axis',(-1.,0.,0.));
#12773=DIRECTION('center_axis',(0.,0.,1.));
#12774=DIRECTION('ref_axis',(1.,0.,0.));
#12775=DIRECTION('',(0.,0.,1.));
#12776=DIRECTION('center_axis',(0.,0.,1.));
#12777=DIRECTION('ref_axis',(-1.,0.,0.));
#12778=DIRECTION('',(0.,0.,1.));
#12779=DIRECTION('center_axis',(-3.069879307081E-22,7.212870299603E-16,
-1.));
#12780=DIRECTION('ref_axis',(-0.898932860068989,-0.438086421939995,-3.15985778185495E-16));
#12781=DIRECTION('center_axis',(-1.2952601954E-15,2.91433543964E-14,-1.));
#12782=DIRECTION('ref_axis',(-0.940262244325077,0.340451041850028,1.11397696255707E-14));
#12783=DIRECTION('center_axis',(-9.179044594E-15,-2.53508082214E-14,1.));
#12784=DIRECTION('ref_axis',(-1.,0.,-9.179044594E-15));
#12785=DIRECTION('center_axis',(0.,0.,1.));
#12786=DIRECTION('ref_axis',(1.,0.,0.));
#12787=DIRECTION('',(-1.,0.,0.));
#12788=DIRECTION('center_axis',(0.,0.,1.));
#12789=DIRECTION('ref_axis',(1.,0.,0.));
#12790=DIRECTION('',(-1.,0.,0.));
#12791=DIRECTION('',(0.,-1.,0.));
#12792=DIRECTION('center_axis',(-1.,0.,0.));
#12793=DIRECTION('ref_axis',(0.,-1.,0.));
#12794=DIRECTION('',(0.,-1.,0.));
#12795=DIRECTION('',(0.,0.,1.));
#12796=DIRECTION('center_axis',(0.,0.,1.));
#12797=DIRECTION('ref_axis',(1.,0.,0.));
#12798=DIRECTION('',(1.,0.,0.));
#12799=DIRECTION('',(1.,0.,0.));
#12800=DIRECTION('center_axis',(0.,0.,1.));
#12801=DIRECTION('ref_axis',(-1.,0.,0.));
#12802=DIRECTION('center_axis',(0.,0.,1.));
#12803=DIRECTION('ref_axis',(1.,0.,0.));
#12804=DIRECTION('',(0.,0.,1.));
#12805=DIRECTION('center_axis',(0.,0.,1.));
#12806=DIRECTION('ref_axis',(-1.,0.,0.));
#12807=DIRECTION('',(0.,0.,1.));
#12808=DIRECTION('center_axis',(0.,0.,1.));
#12809=DIRECTION('ref_axis',(-0.89893607981266,0.438079815114834,0.));
#12810=DIRECTION('center_axis',(0.,3.23815048849E-16,-1.));
#12811=DIRECTION('ref_axis',(1.,-4.93879172355E-16,-1.59925508321638E-31));
#12812=DIRECTION('center_axis',(-6.34413156929E-16,-3.23815048849E-16,1.));
#12813=DIRECTION('ref_axis',(-1.,0.,-6.34413156929E-16));
#12814=DIRECTION('center_axis',(0.,0.,1.));
#12815=DIRECTION('ref_axis',(1.,0.,0.));
#12816=DIRECTION('',(1.,0.,0.));
#12817=DIRECTION('center_axis',(-1.,0.,0.));
#12818=DIRECTION('ref_axis',(0.,0.,-1.));
#12819=DIRECTION('',(0.,0.,1.));
#12820=DIRECTION('center_axis',(0.,1.,0.));
#12821=DIRECTION('ref_axis',(-1.,0.,0.));
#12822=DIRECTION('center_axis',(0.,1.,0.));
#12823=DIRECTION('ref_axis',(-1.,0.,0.));
#12824=DIRECTION('center_axis',(0.,1.,0.));
#12825=DIRECTION('ref_axis',(0.,0.,1.));
#12826=DIRECTION('',(0.,0.,-1.));
#12827=DIRECTION('',(1.,0.,0.));
#12828=DIRECTION('',(1.,0.,0.));
#12829=DIRECTION('',(1.,0.,0.));
#12830=DIRECTION('center_axis',(0.,1.,0.));
#12831=DIRECTION('ref_axis',(0.,0.,-1.));
#12832=DIRECTION('center_axis',(0.,-1.,0.));
#12833=DIRECTION('ref_axis',(0.,0.,-1.));
#12834=DIRECTION('',(1.,0.,0.));
#12835=DIRECTION('',(-1.,0.,0.));
#12836=DIRECTION('',(1.,0.,0.));
#12837=DIRECTION('',(0.,0.,-1.));
#12838=DIRECTION('center_axis',(0.,-1.,0.));
#12839=DIRECTION('ref_axis',(0.,0.,1.));
#12840=DIRECTION('center_axis',(1.,0.,0.));
#12841=DIRECTION('ref_axis',(0.,1.,0.));
#12842=DIRECTION('',(0.,-1.,0.));
#12843=DIRECTION('',(0.,1.,0.));
#12844=DIRECTION('',(0.,1.,0.));
#12845=DIRECTION('center_axis',(0.,0.,1.));
#12846=DIRECTION('ref_axis',(0.,-1.,0.));
#12847=DIRECTION('',(0.,-1.,0.));
#12848=DIRECTION('center_axis',(0.,-1.,0.));
#12849=DIRECTION('ref_axis',(-1.,0.,0.));
#12850=DIRECTION('center_axis',(0.,0.,-1.));
#12851=DIRECTION('ref_axis',(0.,-1.,0.));
#12852=DIRECTION('',(0.,1.,0.));
#12853=DIRECTION('center_axis',(1.,0.,0.));
#12854=DIRECTION('ref_axis',(0.,-1.83697019872E-16,-1.));
#12855=DIRECTION('center_axis',(0.707106781186548,-0.707106781186548,0.));
#12856=DIRECTION('ref_axis',(0.707106781186548,0.707106781186548,-1.29893408435217E-16));
#12857=DIRECTION('center_axis',(0.,1.,0.));
#12858=DIRECTION('ref_axis',(1.,0.,0.));
#12859=DIRECTION('center_axis',(-0.707106781186548,-0.707106781186548,0.));
#12860=DIRECTION('ref_axis',(0.707106781186548,-0.707106781186548,0.));
#12861=DIRECTION('center_axis',(1.,0.,0.));
#12862=DIRECTION('ref_axis',(0.,-1.,0.));
#12863=DIRECTION('center_axis',(-1.,0.,0.));
#12864=DIRECTION('ref_axis',(0.,0.,-1.));
#12865=DIRECTION('',(0.,-1.,0.));
#12866=DIRECTION('',(0.,0.,-1.));
#12867=DIRECTION('',(0.,-1.,0.));
#12868=DIRECTION('',(0.,0.,-1.));
#12869=DIRECTION('center_axis',(0.,0.,-1.));
#12870=DIRECTION('ref_axis',(1.,0.,0.));
#12871=DIRECTION('',(1.,0.,0.));
#12872=DIRECTION('',(0.,-1.,0.));
#12873=DIRECTION('',(1.,0.,0.));
#12874=DIRECTION('center_axis',(1.,0.,0.));
#12875=DIRECTION('ref_axis',(0.,0.,1.));
#12876=DIRECTION('',(0.,0.,1.));
#12877=DIRECTION('',(0.,-1.,0.));
#12878=DIRECTION('',(0.,0.,1.));
#12879=DIRECTION('center_axis',(0.,-1.,0.));
#12880=DIRECTION('ref_axis',(-1.,0.,-1.20980294964E-15));
#12881=DIRECTION('center_axis',(0.,-1.,0.));
#12882=DIRECTION('ref_axis',(0.,0.,1.));
#12883=DIRECTION('',(0.,-1.,0.));
#12884=DIRECTION('center_axis',(0.,-1.,0.));
#12885=DIRECTION('ref_axis',(0.,0.,1.));
#12886=DIRECTION('center_axis',(-1.,0.,0.));
#12887=DIRECTION('ref_axis',(0.,0.,-1.));
#12888=DIRECTION('',(0.,0.,-1.));
#12889=DIRECTION('',(0.,-1.,0.));
#12890=DIRECTION('',(0.,0.,-1.));
#12891=DIRECTION('center_axis',(0.,0.,-1.));
#12892=DIRECTION('ref_axis',(1.,0.,0.));
#12893=DIRECTION('',(1.,0.,0.));
#12894=DIRECTION('',(0.,-1.,0.));
#12895=DIRECTION('',(1.,0.,0.));
#12896=DIRECTION('center_axis',(1.,0.,0.));
#12897=DIRECTION('ref_axis',(0.,0.,1.));
#12898=DIRECTION('',(0.,0.,1.));
#12899=DIRECTION('',(0.,-1.,0.));
#12900=DIRECTION('',(0.,0.,1.));
#12901=DIRECTION('center_axis',(0.,0.,-1.));
#12902=DIRECTION('ref_axis',(1.,0.,0.));
#12903=DIRECTION('',(1.,0.,0.));
#12904=DIRECTION('',(1.,0.,0.));
#12905=DIRECTION('center_axis',(0.,-1.,0.));
#12906=DIRECTION('ref_axis',(1.,0.,0.));
#12907=DIRECTION('center_axis',(0.,-1.,0.));
#12908=DIRECTION('ref_axis',(1.,0.,0.));
#12909=DIRECTION('center_axis',(-1.,0.,0.));
#12910=DIRECTION('ref_axis',(0.,0.,-1.));
#12911=DIRECTION('',(0.,0.,-1.));
#12912=DIRECTION('',(0.,-1.,0.));
#12913=DIRECTION('',(0.,0.,-1.));
#12914=DIRECTION('',(0.,-1.,0.));
#12915=DIRECTION('center_axis',(0.,0.,-1.));
#12916=DIRECTION('ref_axis',(1.,0.,0.));
#12917=DIRECTION('',(1.,0.,0.));
#12918=DIRECTION('',(0.,-1.,0.));
#12919=DIRECTION('',(1.,0.,0.));
#12920=DIRECTION('center_axis',(1.,0.,0.));
#12921=DIRECTION('ref_axis',(0.,0.,1.));
#12922=DIRECTION('',(0.,0.,1.));
#12923=DIRECTION('',(0.,-1.,0.));
#12924=DIRECTION('',(0.,0.,1.));
#12925=DIRECTION('center_axis',(0.,-1.,0.));
#12926=DIRECTION('ref_axis',(-1.,0.,-1.20980294964E-15));
#12927=DIRECTION('center_axis',(0.,-1.,0.));
#12928=DIRECTION('ref_axis',(0.,0.,1.));
#12929=DIRECTION('',(0.,-1.,0.));
#12930=DIRECTION('center_axis',(0.,-1.,0.));
#12931=DIRECTION('ref_axis',(0.,0.,1.));
#12932=DIRECTION('center_axis',(-1.,0.,0.));
#12933=DIRECTION('ref_axis',(0.,0.,-1.));
#12934=DIRECTION('',(0.,0.,-1.));
#12935=DIRECTION('',(0.,-1.,0.));
#12936=DIRECTION('',(0.,0.,-1.));
#12937=DIRECTION('center_axis',(0.,0.,-1.));
#12938=DIRECTION('ref_axis',(1.,0.,0.));
#12939=DIRECTION('',(1.,0.,0.));
#12940=DIRECTION('',(0.,-1.,0.));
#12941=DIRECTION('',(1.,0.,0.));
#12942=DIRECTION('center_axis',(1.,0.,0.));
#12943=DIRECTION('ref_axis',(0.,0.,1.));
#12944=DIRECTION('',(0.,0.,1.));
#12945=DIRECTION('',(0.,-1.,0.));
#12946=DIRECTION('',(0.,0.,1.));
#12947=DIRECTION('center_axis',(0.,0.,-1.));
#12948=DIRECTION('ref_axis',(1.,0.,0.));
#12949=DIRECTION('',(1.,0.,0.));
#12950=DIRECTION('',(1.,0.,0.));
#12951=DIRECTION('center_axis',(0.,-1.,0.));
#12952=DIRECTION('ref_axis',(1.,0.,0.));
#12953=DIRECTION('center_axis',(0.,-1.,0.));
#12954=DIRECTION('ref_axis',(1.,0.,0.));
#12955=DIRECTION('center_axis',(0.,0.,-1.));
#12956=DIRECTION('ref_axis',(-1.,0.,0.));
#12957=DIRECTION('',(0.,1.,0.));
#12958=DIRECTION('',(-1.,0.,0.));
#12959=DIRECTION('',(0.,1.,0.));
#12960=DIRECTION('',(-1.,0.,0.));
#12961=DIRECTION('center_axis',(-1.,0.,0.));
#12962=DIRECTION('ref_axis',(0.,0.,1.));
#12963=DIRECTION('',(0.,0.,1.));
#12964=DIRECTION('',(0.,1.,0.));
#12965=DIRECTION('',(0.,0.,1.));
#12966=DIRECTION('center_axis',(0.,0.,1.));
#12967=DIRECTION('ref_axis',(1.,0.,0.));
#12968=DIRECTION('',(1.,0.,0.));
#12969=DIRECTION('',(0.,1.,0.));
#12970=DIRECTION('',(1.,0.,0.));
#12971=DIRECTION('center_axis',(-1.,0.,0.));
#12972=DIRECTION('ref_axis',(0.,0.,1.));
#12973=DIRECTION('',(0.,0.,1.));
#12974=DIRECTION('',(0.,1.,0.));
#12975=DIRECTION('',(0.,0.,1.));
#12976=DIRECTION('center_axis',(0.,1.,0.));
#12977=DIRECTION('ref_axis',(1.,0.,1.22464679915E-16));
#12978=DIRECTION('center_axis',(0.,1.,0.));
#12979=DIRECTION('ref_axis',(0.,0.,-1.));
#12980=DIRECTION('',(0.,1.,0.));
#12981=DIRECTION('center_axis',(0.,1.,0.));
#12982=DIRECTION('ref_axis',(0.,0.,-1.));
#12983=DIRECTION('center_axis',(1.,0.,0.));
#12984=DIRECTION('ref_axis',(0.,0.,-1.));
#12985=DIRECTION('',(0.,0.,-1.));
#12986=DIRECTION('',(0.,0.,-1.));
#12987=DIRECTION('center_axis',(0.,1.,0.));
#12988=DIRECTION('ref_axis',(-1.,0.,0.));
#12989=DIRECTION('center_axis',(0.,1.,0.));
#12990=DIRECTION('ref_axis',(-1.,0.,0.));
#12991=DIRECTION('center_axis',(0.,0.,-1.));
#12992=DIRECTION('ref_axis',(1.,0.,0.));
#12993=DIRECTION('',(0.,-1.,0.));
#12994=DIRECTION('',(1.,0.,0.));
#12995=DIRECTION('',(0.,-1.,0.));
#12996=DIRECTION('',(1.,0.,0.));
#12997=DIRECTION('center_axis',(1.,0.,0.));
#12998=DIRECTION('ref_axis',(0.,0.,1.));
#12999=DIRECTION('',(0.,0.,1.));
#13000=DIRECTION('',(0.,-1.,0.));
#13001=DIRECTION('',(0.,0.,1.));
#13002=DIRECTION('center_axis',(0.,0.,1.));
#13003=DIRECTION('ref_axis',(-1.,0.,0.));
#13004=DIRECTION('',(-1.,0.,0.));
#13005=DIRECTION('',(0.,-1.,0.));
#13006=DIRECTION('',(-1.,0.,0.));
#13007=DIRECTION('center_axis',(1.,0.,0.));
#13008=DIRECTION('ref_axis',(0.,0.,1.));
#13009=DIRECTION('',(0.,0.,1.));
#13010=DIRECTION('',(0.,-1.,0.));
#13011=DIRECTION('',(0.,0.,1.));
#13012=DIRECTION('center_axis',(0.,-1.,0.));
#13013=DIRECTION('ref_axis',(-1.,0.,1.22464679915E-16));
#13014=DIRECTION('center_axis',(0.,-1.,0.));
#13015=DIRECTION('ref_axis',(0.,0.,1.));
#13016=DIRECTION('',(0.,-1.,0.));
#13017=DIRECTION('center_axis',(0.,-1.,0.));
#13018=DIRECTION('ref_axis',(0.,0.,1.));
#13019=DIRECTION('center_axis',(-1.,0.,0.));
#13020=DIRECTION('ref_axis',(0.,0.,-1.));
#13021=DIRECTION('',(0.,0.,-1.));
#13022=DIRECTION('',(0.,0.,-1.));
#13023=DIRECTION('center_axis',(0.,-1.,0.));
#13024=DIRECTION('ref_axis',(1.,0.,0.));
#13025=DIRECTION('center_axis',(0.,-1.,0.));
#13026=DIRECTION('ref_axis',(1.,0.,0.));
#13027=DIRECTION('center_axis',(0.,0.,-1.));
#13028=DIRECTION('ref_axis',(-1.,0.,0.));
#13029=DIRECTION('',(0.,1.,0.));
#13030=DIRECTION('',(-1.,0.,0.));
#13031=DIRECTION('',(0.,1.,0.));
#13032=DIRECTION('',(-1.,0.,0.));
#13033=DIRECTION('center_axis',(-1.,0.,0.));
#13034=DIRECTION('ref_axis',(0.,0.,1.));
#13035=DIRECTION('',(0.,0.,1.));
#13036=DIRECTION('',(0.,1.,0.));
#13037=DIRECTION('',(0.,0.,1.));
#13038=DIRECTION('center_axis',(0.,0.,1.));
#13039=DIRECTION('ref_axis',(1.,0.,0.));
#13040=DIRECTION('',(1.,0.,0.));
#13041=DIRECTION('',(0.,1.,0.));
#13042=DIRECTION('',(1.,0.,0.));
#13043=DIRECTION('center_axis',(-1.,0.,0.));
#13044=DIRECTION('ref_axis',(0.,0.,1.));
#13045=DIRECTION('',(0.,0.,1.));
#13046=DIRECTION('',(0.,1.,0.));
#13047=DIRECTION('',(0.,0.,1.));
#13048=DIRECTION('center_axis',(0.,1.,0.));
#13049=DIRECTION('ref_axis',(1.,0.,2.78699993902E-15));
#13050=DIRECTION('center_axis',(0.,1.,0.));
#13051=DIRECTION('ref_axis',(0.,0.,-1.));
#13052=DIRECTION('',(0.,1.,0.));
#13053=DIRECTION('center_axis',(0.,1.,0.));
#13054=DIRECTION('ref_axis',(0.,0.,-1.));
#13055=DIRECTION('center_axis',(1.,0.,0.));
#13056=DIRECTION('ref_axis',(0.,0.,-1.));
#13057=DIRECTION('',(0.,0.,-1.));
#13058=DIRECTION('',(0.,0.,-1.));
#13059=DIRECTION('center_axis',(0.,1.,0.));
#13060=DIRECTION('ref_axis',(-1.,0.,0.));
#13061=DIRECTION('center_axis',(0.,1.,0.));
#13062=DIRECTION('ref_axis',(-1.,0.,0.));
#13063=DIRECTION('center_axis',(0.,0.,-1.));
#13064=DIRECTION('ref_axis',(1.,0.,0.));
#13065=DIRECTION('',(0.,-1.,0.));
#13066=DIRECTION('',(1.,0.,0.));
#13067=DIRECTION('',(0.,-1.,0.));
#13068=DIRECTION('',(1.,0.,0.));
#13069=DIRECTION('center_axis',(1.,0.,0.));
#13070=DIRECTION('ref_axis',(0.,0.,1.));
#13071=DIRECTION('',(0.,0.,1.));
#13072=DIRECTION('',(0.,-1.,0.));
#13073=DIRECTION('',(0.,0.,1.));
#13074=DIRECTION('center_axis',(0.,0.,1.));
#13075=DIRECTION('ref_axis',(-1.,0.,0.));
#13076=DIRECTION('',(-1.,0.,0.));
#13077=DIRECTION('',(0.,-1.,0.));
#13078=DIRECTION('',(-1.,0.,0.));
#13079=DIRECTION('center_axis',(1.,0.,0.));
#13080=DIRECTION('ref_axis',(0.,0.,1.));
#13081=DIRECTION('',(0.,0.,1.));
#13082=DIRECTION('',(0.,-1.,0.));
#13083=DIRECTION('',(0.,0.,1.));
#13084=DIRECTION('center_axis',(0.,-1.,0.));
#13085=DIRECTION('ref_axis',(-1.,0.,2.78699993902E-15));
#13086=DIRECTION('center_axis',(0.,-1.,0.));
#13087=DIRECTION('ref_axis',(0.,0.,1.));
#13088=DIRECTION('',(0.,-1.,0.));
#13089=DIRECTION('center_axis',(0.,-1.,0.));
#13090=DIRECTION('ref_axis',(0.,0.,1.));
#13091=DIRECTION('center_axis',(-1.,0.,0.));
#13092=DIRECTION('ref_axis',(0.,0.,-1.));
#13093=DIRECTION('',(0.,0.,-1.));
#13094=DIRECTION('',(0.,0.,-1.));
#13095=DIRECTION('center_axis',(0.,-1.,0.));
#13096=DIRECTION('ref_axis',(1.,0.,0.));
#13097=DIRECTION('center_axis',(0.,-1.,0.));
#13098=DIRECTION('ref_axis',(1.,0.,0.));
#13099=DIRECTION('center_axis',(0.,0.,-1.));
#13100=DIRECTION('ref_axis',(1.,0.,0.));
#13101=DIRECTION('',(1.,0.,0.));
#13102=DIRECTION('',(0.,1.,0.));
#13103=DIRECTION('',(1.,0.,0.));
#13104=DIRECTION('',(0.,1.,0.));
#13105=DIRECTION('center_axis',(0.,-1.,0.));
#13106=DIRECTION('ref_axis',(1.,0.,0.));
#13107=DIRECTION('',(0.,0.,-1.));
#13108=DIRECTION('',(-1.,0.,0.));
#13109=DIRECTION('',(0.,0.,1.));
#13110=DIRECTION('center_axis',(1.,0.,0.));
#13111=DIRECTION('ref_axis',(0.,0.,1.));
#13112=DIRECTION('center_axis',(1.,0.,0.));
#13113=DIRECTION('ref_axis',(0.,-1.,0.));
#13114=DIRECTION('',(0.,0.,1.));
#13115=DIRECTION('',(0.,1.,0.));
#13116=DIRECTION('',(0.,0.,1.));
#13117=DIRECTION('center_axis',(0.,-1.,0.));
#13118=DIRECTION('ref_axis',(0.,0.,-1.));
#13119=DIRECTION('',(1.,0.,0.));
#13120=DIRECTION('',(0.,0.,-1.));
#13121=DIRECTION('',(1.,0.,0.));
#13122=DIRECTION('',(0.,0.,-1.));
#13123=DIRECTION('',(1.,0.,0.));
#13124=DIRECTION('',(0.,0.,-1.));
#13125=DIRECTION('center_axis',(-1.,0.,0.));
#13126=DIRECTION('ref_axis',(0.,0.,-1.));
#13127=DIRECTION('center_axis',(-1.,0.,0.));
#13128=DIRECTION('ref_axis',(0.,1.,0.));
#13129=DIRECTION('',(0.,0.,-1.));
#13130=DIRECTION('',(0.,1.,0.));
#13131=DIRECTION('center_axis',(0.,0.,1.));
#13132=DIRECTION('ref_axis',(-1.,0.,0.));
#13133=DIRECTION('',(-1.,0.,0.));
#13134=DIRECTION('center_axis',(0.,-1.,0.));
#13135=DIRECTION('ref_axis',(0.,0.,-1.));
#13136=DIRECTION('',(1.,0.,0.));
#13137=DIRECTION('',(0.,0.,-1.));
#13138=DIRECTION('',(1.,0.,0.));
#13139=DIRECTION('',(0.,0.,-1.));
#13140=DIRECTION('',(1.,0.,0.));
#13141=DIRECTION('center_axis',(1.,0.,0.));
#13142=DIRECTION('ref_axis',(0.,-1.83697019872E-16,-1.));
#13143=DIRECTION('center_axis',(1.,0.,0.));
#13144=DIRECTION('ref_axis',(0.,-1.,0.));
#13145=DIRECTION('center_axis',(1.,0.,0.));
#13146=DIRECTION('ref_axis',(0.,1.,0.));
#13147=DIRECTION('',(0.,1.,0.));
#13148=DIRECTION('center_axis',(1.,0.,0.));
#13149=DIRECTION('ref_axis',(0.,-1.,0.));
#13150=DIRECTION('',(0.,-1.,0.));
#13151=DIRECTION('center_axis',(1.,0.,0.));
#13152=DIRECTION('ref_axis',(0.,-1.,0.));
#13153=DIRECTION('',(0.,0.,-1.));
#13154=DIRECTION('',(0.,1.,0.));
#13155=DIRECTION('',(0.,0.,-1.));
#13156=DIRECTION('center_axis',(1.,0.,0.));
#13157=DIRECTION('ref_axis',(0.,-1.,0.));
#13158=DIRECTION('',(0.,1.,0.));
#13159=DIRECTION('',(0.,0.,-1.));
#13160=DIRECTION('center_axis',(1.,0.,0.));
#13161=DIRECTION('ref_axis',(0.,-1.,0.));
#13162=DIRECTION('',(0.,0.,-1.));
#13163=DIRECTION('',(0.,-1.,0.));
#13164=DIRECTION('center_axis',(1.,0.,0.));
#13165=DIRECTION('ref_axis',(0.,-1.,0.));
#13166=DIRECTION('',(0.,0.,-1.));
#13167=DIRECTION('',(0.,1.,0.));
#13168=DIRECTION('',(0.,0.,1.));
#13169=DIRECTION('',(0.,1.,0.));
#13170=DIRECTION('',(0.,0.,1.));
#13171=DIRECTION('',(0.,-1.,0.));
#13172=DIRECTION('',(0.,0.,-1.));
#13173=DIRECTION('center_axis',(1.,0.,0.));
#13174=DIRECTION('ref_axis',(0.,-1.,0.));
#13175=DIRECTION('center_axis',(0.,0.,-1.));
#13176=DIRECTION('ref_axis',(0.,1.,0.));
#13177=DIRECTION('',(0.,-1.,0.));
#13178=DIRECTION('',(1.,0.,0.));
#13179=DIRECTION('center_axis',(1.,0.,0.));
#13180=DIRECTION('ref_axis',(0.,1.,0.));
#13181=DIRECTION('center_axis',(1.,0.,0.));
#13182=DIRECTION('ref_axis',(0.,-1.,0.));
#13183=DIRECTION('',(0.,0.,-1.));
#13184=DIRECTION('',(0.,-1.,0.));
#13185=DIRECTION('',(0.,0.,1.));
#13186=DIRECTION('',(0.,-1.,0.));
#13187=DIRECTION('',(0.,0.,-1.));
#13188=DIRECTION('center_axis',(1.,0.,0.));
#13189=DIRECTION('ref_axis',(0.,-1.,0.));
#13190=DIRECTION('',(0.,1.,0.));
#13191=DIRECTION('center_axis',(1.,0.,0.));
#13192=DIRECTION('ref_axis',(0.,-1.83697019872E-16,-1.));
#13193=DIRECTION('center_axis',(0.,0.,1.));
#13194=DIRECTION('ref_axis',(0.,-1.,0.));
#13195=DIRECTION('',(1.,0.,0.));
#13196=DIRECTION('center_axis',(1.,0.,0.));
#13197=DIRECTION('ref_axis',(0.,-1.96005385927E-15,-1.));
#13198=DIRECTION('',(1.,0.,0.));
#13199=DIRECTION('center_axis',(0.,-1.,0.));
#13200=DIRECTION('ref_axis',(0.,0.,-1.));
#13201=DIRECTION('',(1.,0.,0.));
#13202=DIRECTION('center_axis',(0.,0.,1.));
#13203=DIRECTION('ref_axis',(0.,-1.,0.));
#13204=DIRECTION('center_axis',(0.,0.,1.));
#13205=DIRECTION('ref_axis',(-1.,0.,0.));
#13206=DIRECTION('',(1.,0.,0.));
#13207=DIRECTION('center_axis',(0.,0.,1.));
#13208=DIRECTION('ref_axis',(-1.,0.,0.));
#13209=DIRECTION('',(0.,-1.,0.));
#13210=DIRECTION('center_axis',(0.,0.,1.));
#13211=DIRECTION('ref_axis',(-1.,0.,0.));
#13212=DIRECTION('',(-1.,-8.5401771125E-16,0.));
#13213=DIRECTION('',(0.,-1.,0.));
#13214=DIRECTION('',(1.,0.,0.));
#13215=DIRECTION('',(-1.,0.,0.));
#13216=DIRECTION('center_axis',(0.,0.,1.));
#13217=DIRECTION('ref_axis',(-1.,0.,0.));
#13218=DIRECTION('',(0.,-1.,0.));
#13219=DIRECTION('center_axis',(0.,0.,1.));
#13220=DIRECTION('ref_axis',(-1.,0.,0.));
#13221=DIRECTION('',(1.,0.,0.));
#13222=DIRECTION('center_axis',(0.,0.,1.));
#13223=DIRECTION('ref_axis',(-1.,0.,0.));
#13224=DIRECTION('',(0.,1.,0.));
#13225=DIRECTION('',(-1.,0.,0.));
#13226=DIRECTION('center_axis',(0.,0.,1.));
#13227=DIRECTION('ref_axis',(-1.,0.,0.));
#13228=DIRECTION('',(1.,0.,0.));
#13229=DIRECTION('',(0.,1.,0.));
#13230=DIRECTION('',(-1.,0.,0.));
#13231=DIRECTION('center_axis',(0.,0.,1.));
#13232=DIRECTION('ref_axis',(-1.,0.,0.));
#13233=DIRECTION('',(-1.,0.,0.));
#13234=DIRECTION('',(0.,1.,0.));
#13235=DIRECTION('center_axis',(0.,-1.,0.));
#13236=DIRECTION('ref_axis',(0.,0.,-1.));
#13237=DIRECTION('',(0.,0.,-1.));
#13238=DIRECTION('',(1.,0.,0.));
#13239=DIRECTION('center_axis',(1.,0.,0.));
#13240=DIRECTION('ref_axis',(0.,-1.,1.83697019872E-16));
#13241=DIRECTION('center_axis',(1.,0.,0.));
#13242=DIRECTION('ref_axis',(0.,-1.,0.));
#13243=DIRECTION('',(1.,0.,0.));
#13244=DIRECTION('center_axis',(0.,0.,-1.));
#13245=DIRECTION('ref_axis',(0.,1.,0.));
#13246=DIRECTION('',(0.,1.,0.));
#13247=DIRECTION('',(1.,0.,0.));
#13248=DIRECTION('center_axis',(0.,-1.,0.));
#13249=DIRECTION('ref_axis',(0.,0.,-1.));
#13250=DIRECTION('',(1.,0.,0.));
#13251=DIRECTION('',(0.,0.,-1.));
#13252=DIRECTION('',(1.,0.,0.));
#13253=DIRECTION('',(0.,0.,1.));
#13254=DIRECTION('',(1.,0.,0.));
#13255=DIRECTION('',(0.,0.,-1.));
#13256=DIRECTION('center_axis',(1.,0.,0.));
#13257=DIRECTION('ref_axis',(0.,-1.60812264968E-16,1.));
#13258=DIRECTION('',(1.,0.,0.));
#13259=DIRECTION('center_axis',(1.,0.,0.));
#13260=DIRECTION('ref_axis',(0.,-1.,0.));
#13261=DIRECTION('center_axis',(0.,-1.,0.));
#13262=DIRECTION('ref_axis',(0.,0.,-1.));
#13263=DIRECTION('',(0.,0.,-1.));
#13264=DIRECTION('',(1.,0.,0.));
#13265=DIRECTION('',(0.,0.,-1.));
#13266=DIRECTION('',(-1.,0.,0.));
#13267=DIRECTION('',(0.,0.,1.));
#13268=DIRECTION('',(1.,0.,0.));
#13269=DIRECTION('center_axis',(0.,0.,1.));
#13270=DIRECTION('ref_axis',(0.,-1.,0.));
#13271=DIRECTION('',(0.,-1.,0.));
#13272=DIRECTION('',(1.,0.,0.));
#13273=DIRECTION('center_axis',(1.,0.,0.));
#13274=DIRECTION('ref_axis',(0.,1.83697019872E-16,1.));
#13275=DIRECTION('center_axis',(1.,0.,0.));
#13276=DIRECTION('ref_axis',(0.,-1.,0.));
#13277=DIRECTION('',(1.,0.,0.));
#13278=DIRECTION('center_axis',(0.,-1.,0.));
#13279=DIRECTION('ref_axis',(0.,0.,-1.));
#13280=DIRECTION('',(0.,0.,-1.));
#13281=DIRECTION('',(1.,0.,0.));
#13282=DIRECTION('center_axis',(0.,0.,-1.));
#13283=DIRECTION('ref_axis',(0.,1.,0.));
#13284=DIRECTION('',(0.,1.,0.));
#13285=DIRECTION('',(1.,0.,0.));
#13286=DIRECTION('center_axis',(0.,-1.,0.));
#13287=DIRECTION('ref_axis',(0.,0.,-1.));
#13288=DIRECTION('',(0.,0.,1.));
#13289=DIRECTION('',(-1.,0.,0.));
#13290=DIRECTION('',(0.,0.,1.));
#13291=DIRECTION('',(1.,0.,0.));
#13292=DIRECTION('',(0.,0.,1.));
#13293=DIRECTION('',(1.,0.,0.));
#13294=DIRECTION('',(0.,0.,1.));
#13295=DIRECTION('',(0.,0.,-1.));
#13296=DIRECTION('',(1.,0.,0.));
#13297=DIRECTION('center_axis',(0.,0.,-1.));
#13298=DIRECTION('ref_axis',(1.,0.,0.));
#13299=DIRECTION('',(0.,-1.,0.));
#13300=DIRECTION('',(-1.,0.,0.));
#13301=DIRECTION('center_axis',(0.,0.,-1.));
#13302=DIRECTION('ref_axis',(1.,0.,0.));
#13303=DIRECTION('center_axis',(0.,1.,0.));
#13304=DIRECTION('ref_axis',(0.,0.,1.));
#13305=DIRECTION('',(1.,0.,0.));
#13306=DIRECTION('',(0.,0.,-1.));
#13307=DIRECTION('',(-1.,0.,0.));
#13308=DIRECTION('',(0.,0.,1.));
#13309=DIRECTION('',(-1.,0.,0.));
#13310=DIRECTION('',(0.,0.,-1.));
#13311=DIRECTION('',(-1.,0.,0.));
#13312=DIRECTION('',(0.,0.,1.));
#13313=DIRECTION('center_axis',(0.,0.,-1.));
#13314=DIRECTION('ref_axis',(0.,1.,0.));
#13315=DIRECTION('',(1.,0.,0.));
#13316=DIRECTION('center_axis',(0.,-1.,0.));
#13317=DIRECTION('ref_axis',(0.,0.,-1.));
#13318=DIRECTION('',(1.,0.,0.));
#13319=DIRECTION('center_axis',(1.,0.,0.));
#13320=DIRECTION('ref_axis',(0.,1.,-1.83697019872E-16));
#13321=DIRECTION('center_axis',(0.,0.,-1.));
#13322=DIRECTION('ref_axis',(1.,1.83697019872E-16,0.));
#13323=DIRECTION('',(0.,0.,-1.));
#13324=DIRECTION('center_axis',(0.,0.,-1.));
#13325=DIRECTION('ref_axis',(1.,0.,0.));
#13326=DIRECTION('',(0.,0.,-1.));
#13327=DIRECTION('center_axis',(0.,-1.,0.));
#13328=DIRECTION('ref_axis',(0.,0.,-1.));
#13329=DIRECTION('',(1.,0.,0.));
#13330=DIRECTION('',(0.,0.,-1.));
#13331=DIRECTION('center_axis',(0.,0.,-1.));
#13332=DIRECTION('ref_axis',(1.83697019872E-16,-1.,0.));
#13333=DIRECTION('center_axis',(0.,0.,-1.));
#13334=DIRECTION('ref_axis',(1.,0.,0.));
#13335=DIRECTION('',(0.,0.,-1.));
#13336=DIRECTION('center_axis',(-1.,0.,0.));
#13337=DIRECTION('ref_axis',(0.,0.,-1.));
#13338=DIRECTION('',(0.,-1.,0.));
#13339=DIRECTION('',(0.,0.,-1.));
#13340=DIRECTION('center_axis',(0.,0.,-1.));
#13341=DIRECTION('ref_axis',(-1.,0.,0.));
#13342=DIRECTION('center_axis',(0.,0.,-1.));
#13343=DIRECTION('ref_axis',(1.,0.,0.));
#13344=DIRECTION('',(0.,0.,-1.));
#13345=DIRECTION('center_axis',(1.,0.,0.));
#13346=DIRECTION('ref_axis',(0.,1.,0.));
#13347=DIRECTION('center_axis',(1.,0.,0.));
#13348=DIRECTION('ref_axis',(0.,-1.,0.));
#13349=DIRECTION('center_axis',(0.,0.,-1.));
#13350=DIRECTION('ref_axis',(0.,-1.,0.));
#13351=DIRECTION('center_axis',(0.,0.,-1.));
#13352=DIRECTION('ref_axis',(1.,0.,0.));
#13353=DIRECTION('',(0.,0.,-1.));
#13354=DIRECTION('',(0.,0.,-1.));
#13355=DIRECTION('center_axis',(-1.,0.,0.));
#13356=DIRECTION('ref_axis',(0.,0.,-1.));
#13357=DIRECTION('',(0.,-1.,0.));
#13358=DIRECTION('',(0.,0.,-1.));
#13359=DIRECTION('center_axis',(0.,0.,-1.));
#13360=DIRECTION('ref_axis',(-1.,-1.83697019872E-16,0.));
#13361=DIRECTION('center_axis',(0.,0.,-1.));
#13362=DIRECTION('ref_axis',(1.,0.,0.));
#13363=DIRECTION('',(0.,0.,-1.));
#13364=DIRECTION('center_axis',(0.,-1.,0.));
#13365=DIRECTION('ref_axis',(0.,0.,-1.));
#13366=DIRECTION('',(0.,0.,-1.));
#13367=DIRECTION('',(1.,0.,0.));
#13368=DIRECTION('center_axis',(0.,0.,-1.));
#13369=DIRECTION('ref_axis',(-1.83697019872E-16,1.,0.));
#13370=DIRECTION('center_axis',(0.,0.,-1.));
#13371=DIRECTION('ref_axis',(1.,0.,0.));
#13372=DIRECTION('',(0.,0.,-1.));
#13373=DIRECTION('center_axis',(-1.,0.,0.));
#13374=DIRECTION('ref_axis',(0.,1.,0.));
#13375=DIRECTION('',(0.,-1.,0.));
#13376=DIRECTION('',(0.,0.,-1.));
#13377=DIRECTION('center_axis',(0.,0.,-1.));
#13378=DIRECTION('ref_axis',(-1.83697019872E-16,1.,0.));
#13379=DIRECTION('',(0.,0.,-1.));
#13380=DIRECTION('center_axis',(0.,0.,-1.));
#13381=DIRECTION('ref_axis',(1.,0.,0.));
#13382=DIRECTION('',(0.,0.,-1.));
#13383=DIRECTION('center_axis',(0.,1.,0.));
#13384=DIRECTION('ref_axis',(1.,0.,0.));
#13385=DIRECTION('',(1.,0.,0.));
#13386=DIRECTION('',(0.,0.,-1.));
#13387=DIRECTION('center_axis',(-1.,0.,0.));
#13388=DIRECTION('ref_axis',(0.,1.,0.));
#13389=DIRECTION('',(0.,1.,0.));
#13390=DIRECTION('',(0.,0.,-1.));
#13391=DIRECTION('',(0.,0.,-1.));
#13392=DIRECTION('',(0.,-1.,0.));
#13393=DIRECTION('',(0.,0.,-1.));
#13394=DIRECTION('',(0.,-1.,0.));
#13395=DIRECTION('center_axis',(0.,-1.,0.));
#13396=DIRECTION('ref_axis',(-1.,0.,0.));
#13397=DIRECTION('',(0.,0.,-1.));
#13398=DIRECTION('',(-1.,0.,0.));
#13399=DIRECTION('center_axis',(0.,0.,-1.));
#13400=DIRECTION('ref_axis',(-1.83697019872E-16,1.,0.));
#13401=DIRECTION('center_axis',(0.,0.,-1.));
#13402=DIRECTION('ref_axis',(1.,0.,0.));
#13403=DIRECTION('',(0.,0.,-1.));
#13404=DIRECTION('center_axis',(-1.,0.,0.));
#13405=DIRECTION('ref_axis',(0.,1.,0.));
#13406=DIRECTION('',(0.,0.,-1.));
#13407=DIRECTION('',(0.,1.,0.));
#13408=DIRECTION('center_axis',(1.,0.,0.));
#13409=DIRECTION('ref_axis',(0.,-1.60812264968E-16,1.));
#13410=DIRECTION('center_axis',(1.,0.,0.));
#13411=DIRECTION('ref_axis',(0.,-1.,0.));
#13412=DIRECTION('center_axis',(1.,0.,0.));
#13413=DIRECTION('ref_axis',(0.,0.,1.));
#13414=DIRECTION('',(0.,-1.,0.));
#13415=DIRECTION('',(0.,0.,1.));
#13416=DIRECTION('',(0.,-1.,0.));
#13417=DIRECTION('center_axis',(0.,0.,-1.));
#13418=DIRECTION('ref_axis',(1.,0.,0.));
#13419=DIRECTION('',(0.,-1.,0.));
#13420=DIRECTION('',(1.,0.,0.));
#13421=DIRECTION('center_axis',(-1.,0.,0.));
#13422=DIRECTION('ref_axis',(0.,0.,-1.));
#13423=DIRECTION('',(0.,0.,-1.));
#13424=DIRECTION('',(0.,-1.,0.));
#13425=DIRECTION('center_axis',(0.,0.,1.));
#13426=DIRECTION('ref_axis',(-1.,0.,0.));
#13427=DIRECTION('',(-1.,0.,0.));
#13428=DIRECTION('center_axis',(0.,0.,-1.));
#13429=DIRECTION('ref_axis',(1.,0.,0.));
#13430=DIRECTION('',(0.,1.,0.));
#13431=DIRECTION('',(-1.,0.,0.));
#13432=DIRECTION('',(0.,1.,0.));
#13433=DIRECTION('',(0.,1.,0.));
#13434=DIRECTION('',(0.,1.,0.));
#13435=DIRECTION('',(-1.,0.,0.));
#13436=DIRECTION('',(0.,-1.,0.));
#13437=DIRECTION('',(-1.,0.,0.));
#13438=DIRECTION('center_axis',(0.,0.,-1.));
#13439=DIRECTION('ref_axis',(1.,0.,0.));
#13440=DIRECTION('center_axis',(0.514495755428115,0.,-0.857492925712191));
#13441=DIRECTION('ref_axis',(0.857492925712191,0.,0.514495755428115));
#13442=DIRECTION('',(0.,0.,1.));
#13443=DIRECTION('center_axis',(0.,0.,1.));
#13444=DIRECTION('ref_axis',(0.,-1.,0.));
#13445=DIRECTION('',(1.,0.,0.));
#13446=DIRECTION('',(0.,-1.,0.));
#13447=DIRECTION('',(1.,0.,0.));
#13448=DIRECTION('',(0.,1.,0.));
#13449=DIRECTION('center_axis',(1.,0.,0.));
#13450=DIRECTION('ref_axis',(0.,1.,0.));
#13451=DIRECTION('center_axis',(0.,0.,1.));
#13452=DIRECTION('ref_axis',(0.,-1.,0.));
#13453=DIRECTION('',(-1.,0.,0.));
#13454=DIRECTION('',(0.,-1.,0.));
#13455=DIRECTION('',(-1.,0.,0.));
#13456=DIRECTION('center_axis',(0.139173100959942,0.,0.990268068741588));
#13457=DIRECTION('ref_axis',(-0.990268068741588,0.,0.139173100959942));
#13458=DIRECTION('',(-0.990268068741588,0.,0.139173100959942));
#13459=DIRECTION('',(0.,-1.,0.));
#13460=DIRECTION('',(-0.990268068741588,0.,0.139173100959942));
#13461=DIRECTION('center_axis',(0.,1.,0.));
#13462=DIRECTION('ref_axis',(-1.,0.,0.));
#13463=DIRECTION('',(-0.990268068741588,0.,-0.139173100959942));
#13464=DIRECTION('',(0.,0.,-1.));
#13465=DIRECTION('center_axis',(-0.139173100959942,0.,0.990268068741588));
#13466=DIRECTION('ref_axis',(-0.990268068741588,0.,-0.139173100959942));
#13467=DIRECTION('',(0.,-1.,0.));
#13468=DIRECTION('',(-0.990268068741588,0.,-0.139173100959942));
#13469=DIRECTION('center_axis',(0.,1.,0.));
#13470=DIRECTION('ref_axis',(-1.,0.,0.));
#13471=DIRECTION('',(0.,0.,-1.));
#13472=DIRECTION('center_axis',(0.,-1.,0.));
#13473=DIRECTION('ref_axis',(1.,0.,0.));
#13474=DIRECTION('center_axis',(0.514495755428115,0.,-0.857492925712191));
#13475=DIRECTION('ref_axis',(0.857492925712191,0.,0.514495755428115));
#13476=DIRECTION('center_axis',(0.,0.,1.));
#13477=DIRECTION('ref_axis',(0.,-1.,0.));
#13478=DIRECTION('',(1.,0.,0.));
#13479=DIRECTION('',(0.,-1.,0.));
#13480=DIRECTION('',(1.,0.,0.));
#13481=DIRECTION('',(0.,-1.,0.));
#13482=DIRECTION('center_axis',(0.,1.,0.));
#13483=DIRECTION('ref_axis',(0.,0.,1.));
#13484=DIRECTION('',(1.,0.,0.));
#13485=DIRECTION('',(0.,0.,1.));
#13486=DIRECTION('',(1.,0.,0.));
#13487=DIRECTION('',(0.,0.,1.));
#13488=DIRECTION('center_axis',(0.,-1.,0.));
#13489=DIRECTION('ref_axis',(0.,0.,-1.));
#13490=DIRECTION('',(1.,0.,0.));
#13491=DIRECTION('',(0.,0.,-1.));
#13492=DIRECTION('',(1.,0.,0.));
#13493=DIRECTION('',(0.,0.,-1.));
#13494=DIRECTION('center_axis',(-1.,0.,0.));
#13495=DIRECTION('ref_axis',(0.,0.,-1.));
#13496=DIRECTION('center_axis',(0.,0.,1.));
#13497=DIRECTION('ref_axis',(0.,-1.,0.));
#13498=DIRECTION('',(0.,-1.,0.));
#13499=DIRECTION('',(0.,-1.,0.));
#13500=DIRECTION('',(-1.,0.,0.));
#13501=DIRECTION('',(0.,-1.,0.));
#13502=DIRECTION('center_axis',(-1.,0.,0.));
#13503=DIRECTION('ref_axis',(0.,-1.,0.));
#13504=DIRECTION('center_axis',(0.,1.,0.));
#13505=DIRECTION('ref_axis',(0.,0.,-1.));
#13506=DIRECTION('',(-1.,0.,0.));
#13507=DIRECTION('',(0.,0.,-1.));
#13508=DIRECTION('',(0.,0.,-1.));
#13509=DIRECTION('center_axis',(-1.,0.,0.));
#13510=DIRECTION('ref_axis',(0.,0.707106781186547,-0.707106781186547));
#13511=DIRECTION('center_axis',(-1.,0.,0.));
#13512=DIRECTION('ref_axis',(0.,1.,0.));
#13513=DIRECTION('',(-1.,0.,0.));
#13514=DIRECTION('center_axis',(-1.,0.,0.));
#13515=DIRECTION('ref_axis',(0.,1.,0.));
#13516=DIRECTION('center_axis',(0.,1.,0.));
#13517=DIRECTION('ref_axis',(0.,0.,-1.));
#13518=DIRECTION('',(0.,0.,-1.));
#13519=DIRECTION('',(0.,0.,-1.));
#13520=DIRECTION('',(-1.,0.,0.));
#13521=DIRECTION('center_axis',(0.,0.707106781186548,-0.707106781186548));
#13522=DIRECTION('ref_axis',(0.,-0.707106781186548,-0.707106781186548));
#13523=DIRECTION('',(0.,-0.707106781186548,-0.707106781186548));
#13524=DIRECTION('',(0.,-0.707106781186548,-0.707106781186548));
#13525=DIRECTION('',(-1.,0.,0.));
#13526=DIRECTION('center_axis',(-1.,0.,0.));
#13527=DIRECTION('ref_axis',(0.,-1.,0.));
#13528=DIRECTION('center_axis',(-1.,0.,0.));
#13529=DIRECTION('ref_axis',(0.,1.,0.));
#13530=DIRECTION('center_axis',(-1.,0.,0.));
#13531=DIRECTION('ref_axis',(0.,1.,4.4408920985E-16));
#13532=DIRECTION('center_axis',(-1.,0.,0.));
#13533=DIRECTION('ref_axis',(0.,1.,0.));
#13534=DIRECTION('center_axis',(-1.,0.,0.));
#13535=DIRECTION('ref_axis',(0.,0.50000000000019,-0.866025403784329));
#13536=DIRECTION('center_axis',(-1.,0.,0.));
#13537=DIRECTION('ref_axis',(0.,1.,0.));
#13538=DIRECTION('',(-1.,0.,0.));
#13539=DIRECTION('center_axis',(-1.,0.,0.));
#13540=DIRECTION('ref_axis',(0.,1.,0.));
#13541=DIRECTION('',(-1.,0.,0.));
#13542=DIRECTION('center_axis',(-1.,0.,0.));
#13543=DIRECTION('ref_axis',(0.,0.707106781186547,-0.707106781186547));
#13544=DIRECTION('center_axis',(-1.,0.,0.));
#13545=DIRECTION('ref_axis',(0.,1.,0.));
#13546=DIRECTION('',(-1.,0.,0.));
#13547=DIRECTION('center_axis',(-1.,0.,0.));
#13548=DIRECTION('ref_axis',(0.,1.,0.));
#13549=DIRECTION('',(-1.,0.,0.));
#13550=DIRECTION('center_axis',(0.,0.569209978829996,0.822192191643995));
#13551=DIRECTION('ref_axis',(0.,0.822192191643995,-0.569209978829996));
#13552=DIRECTION('',(-1.,0.,0.));
#13553=DIRECTION('',(0.,0.822192191643995,-0.569209978829996));
#13554=DIRECTION('',(0.,0.822192191643995,-0.569209978829996));
#13555=DIRECTION('center_axis',(-1.,0.,0.));
#13556=DIRECTION('ref_axis',(0.,-0.569209978829996,-0.822192191643995));
#13557=DIRECTION('center_axis',(-1.,0.,0.));
#13558=DIRECTION('ref_axis',(0.,1.,0.));
#13559=DIRECTION('center_axis',(-1.,0.,0.));
#13560=DIRECTION('ref_axis',(0.,1.,0.));
#13561=DIRECTION('',(-1.,0.,0.));
#13562=DIRECTION('center_axis',(0.,0.707106781186548,-0.707106781186548));
#13563=DIRECTION('ref_axis',(0.,-0.707106781186548,-0.707106781186548));
#13564=DIRECTION('',(0.,-0.707106781186548,-0.707106781186548));
#13565=DIRECTION('',(0.,-0.707106781186548,-0.707106781186548));
#13566=DIRECTION('',(-1.,0.,0.));
#13567=DIRECTION('center_axis',(-1.,0.,0.));
#13568=DIRECTION('ref_axis',(0.,1.,1.11022302463E-16));
#13569=DIRECTION('center_axis',(-1.,0.,0.));
#13570=DIRECTION('ref_axis',(0.,1.,0.));
#13571=DIRECTION('',(-1.,0.,0.));
#13572=DIRECTION('center_axis',(-1.,0.,0.));
#13573=DIRECTION('ref_axis',(0.,1.,0.));
#13574=DIRECTION('center_axis',(0.,-0.50000000000019,0.866025403784329));
#13575=DIRECTION('ref_axis',(0.,0.866025403784329,0.50000000000019));
#13576=DIRECTION('',(0.,0.866025403784329,0.50000000000019));
#13577=DIRECTION('',(0.,0.866025403784329,0.50000000000019));
#13578=DIRECTION('',(-1.,0.,0.));
#13579=DIRECTION('center_axis',(0.,1.,0.));
#13580=DIRECTION('ref_axis',(0.,0.,-1.));
#13581=DIRECTION('',(0.,0.,-1.));
#13582=DIRECTION('',(0.,0.,-1.));
#13583=DIRECTION('',(-1.,0.,0.));
#13584=DIRECTION('center_axis',(-1.,0.,0.));
#13585=DIRECTION('ref_axis',(0.,-0.50000000000019,0.866025403784329));
#13586=DIRECTION('center_axis',(-1.,0.,0.));
#13587=DIRECTION('ref_axis',(0.,1.,0.));
#13588=DIRECTION('center_axis',(-1.,0.,0.));
#13589=DIRECTION('ref_axis',(0.,1.,0.));
#13590=DIRECTION('center_axis',(0.,-0.50000000000019,-0.866025403784329));
#13591=DIRECTION('ref_axis',(0.,-0.866025403784329,0.50000000000019));
#13592=DIRECTION('',(-1.,0.,0.));
#13593=DIRECTION('',(0.,-0.866025403784329,0.50000000000019));
#13594=DIRECTION('',(0.,-0.866025403784329,0.50000000000019));
#13595=DIRECTION('center_axis',(0.,1.,0.));
#13596=DIRECTION('ref_axis',(0.,0.,-1.));
#13597=DIRECTION('',(-1.,0.,0.));
#13598=DIRECTION('',(0.,0.,-1.));
#13599=DIRECTION('',(0.,0.,-1.));
#13600=DIRECTION('center_axis',(-1.,0.,0.));
#13601=DIRECTION('ref_axis',(0.,-1.,0.));
#13602=DIRECTION('center_axis',(-1.,0.,0.));
#13603=DIRECTION('ref_axis',(0.,1.,0.));
#13604=DIRECTION('center_axis',(-1.,0.,0.));
#13605=DIRECTION('ref_axis',(0.,-1.,-4.4408920985E-16));
#13606=DIRECTION('center_axis',(-1.,0.,0.));
#13607=DIRECTION('ref_axis',(0.,1.,0.));
#13608=DIRECTION('center_axis',(0.,-0.819152044289016,-0.573576436351011));
#13609=DIRECTION('ref_axis',(0.,-0.573576436351011,0.819152044289016));
#13610=DIRECTION('',(0.,-0.573576436351011,0.819152044289016));
#13611=DIRECTION('',(0.,-0.573576436351011,0.819152044289016));
#13612=DIRECTION('',(-1.,0.,0.));
#13613=DIRECTION('center_axis',(0.,-0.707106781186548,0.707106781186548));
#13614=DIRECTION('ref_axis',(0.,0.707106781186548,0.707106781186548));
#13615=DIRECTION('',(0.,0.707106781186548,0.707106781186548));
#13616=DIRECTION('',(0.,0.707106781186548,0.707106781186548));
#13617=DIRECTION('',(-1.,0.,0.));
#13618=DIRECTION('center_axis',(-1.,0.,0.));
#13619=DIRECTION('ref_axis',(0.,-1.,0.));
#13620=DIRECTION('center_axis',(-1.,0.,0.));
#13621=DIRECTION('ref_axis',(0.,1.,0.));
#13622=DIRECTION('center_axis',(-1.,0.,0.));
#13623=DIRECTION('ref_axis',(0.,-0.819152044289016,-0.573576436351011));
#13624=DIRECTION('center_axis',(-1.,0.,0.));
#13625=DIRECTION('ref_axis',(0.,1.,0.));
#13626=DIRECTION('center_axis',(1.,0.,0.));
#13627=DIRECTION('ref_axis',(0.,1.,0.));
#13628=DIRECTION('',(0.,0.,1.));
#13629=DIRECTION('',(0.,0.707106781186548,0.707106781186548));
#13630=DIRECTION('center_axis',(1.,0.,0.));
#13631=DIRECTION('ref_axis',(0.,-1.,0.));
#13632=DIRECTION('center_axis',(0.,1.,0.));
#13633=DIRECTION('ref_axis',(-1.,0.,0.));
#13634=DIRECTION('',(0.,0.,1.));
#13635=DIRECTION('',(-1.,0.,0.));
#13636=DIRECTION('center_axis',(-1.,0.,0.));
#13637=DIRECTION('ref_axis',(0.,-1.,0.));
#13638=DIRECTION('',(0.,0.707106781186548,0.707106781186548));
#13639=DIRECTION('center_axis',(-1.,0.,0.));
#13640=DIRECTION('ref_axis',(0.,1.,0.));
#13641=DIRECTION('center_axis',(0.,-0.707106781186548,0.707106781186548));
#13642=DIRECTION('ref_axis',(0.,0.707106781186548,0.707106781186548));
#13643=DIRECTION('',(-1.,0.,0.));
#13644=DIRECTION('center_axis',(-1.,0.,0.));
#13645=DIRECTION('ref_axis',(0.,1.,-2.22044604925E-16));
#13646=DIRECTION('center_axis',(1.,0.,0.));
#13647=DIRECTION('ref_axis',(0.,1.,-1.83697019872E-16));
#13648=DIRECTION('center_axis',(1.,0.,0.));
#13649=DIRECTION('ref_axis',(0.,-1.,0.));
#13650=DIRECTION('',(1.,0.,0.));
#13651=DIRECTION('center_axis',(1.,0.,0.));
#13652=DIRECTION('ref_axis',(0.,-1.,0.));
#13653=DIRECTION('',(1.,0.,0.));
#13654=DIRECTION('center_axis',(0.,0.,-1.));
#13655=DIRECTION('ref_axis',(0.,1.,0.));
#13656=DIRECTION('',(0.,1.,0.));
#13657=DIRECTION('',(0.,1.,0.));
#13658=DIRECTION('',(1.,0.,0.));
#13659=DIRECTION('center_axis',(0.,-1.,0.));
#13660=DIRECTION('ref_axis',(0.,0.,-1.));
#13661=DIRECTION('',(1.,0.,0.));
#13662=DIRECTION('',(0.,0.,-1.));
#13663=DIRECTION('',(0.,0.,-1.));
#13664=DIRECTION('center_axis',(1.,0.,0.));
#13665=DIRECTION('ref_axis',(0.,-1.83697019872E-16,-1.));
#13666=DIRECTION('center_axis',(1.,0.,0.));
#13667=DIRECTION('ref_axis',(0.,-1.,0.));
#13668=DIRECTION('center_axis',(1.,0.,0.));
#13669=DIRECTION('ref_axis',(0.,-1.,0.));
#13670=DIRECTION('center_axis',(0.,-1.,0.));
#13671=DIRECTION('ref_axis',(0.,0.,-1.));
#13672=DIRECTION('',(1.,0.,0.));
#13673=DIRECTION('',(0.,0.,1.));
#13674=DIRECTION('',(2.61228946971E-16,0.,1.));
#13675=DIRECTION('center_axis',(0.,0.,1.));
#13676=DIRECTION('ref_axis',(0.,-1.,0.));
#13677=DIRECTION('',(0.,-1.,0.));
#13678=DIRECTION('',(0.,-1.,0.));
#13679=DIRECTION('',(1.,0.,0.));
#13680=DIRECTION('center_axis',(1.,0.,0.));
#13681=DIRECTION('ref_axis',(0.,1.,-1.83697019872E-16));
#13682=DIRECTION('center_axis',(1.,0.,0.));
#13683=DIRECTION('ref_axis',(0.,-1.,0.));
#13684=DIRECTION('center_axis',(1.,0.,0.));
#13685=DIRECTION('ref_axis',(0.,-1.,0.));
#13686=DIRECTION('center_axis',(1.,0.,0.));
#13687=DIRECTION('ref_axis',(0.,1.83697019872E-16,1.));
#13688=DIRECTION('center_axis',(1.,0.,0.));
#13689=DIRECTION('ref_axis',(0.,-1.,0.));
#13690=DIRECTION('',(1.,0.,0.));
#13691=DIRECTION('center_axis',(1.,0.,0.));
#13692=DIRECTION('ref_axis',(0.,-1.,0.));
#13693=DIRECTION('',(1.,0.,0.));
#13694=DIRECTION('center_axis',(0.,0.,-1.));
#13695=DIRECTION('ref_axis',(0.,1.,0.));
#13696=DIRECTION('',(0.,1.,0.));
#13697=DIRECTION('',(0.,1.,0.));
#13698=DIRECTION('',(1.,0.,0.));
#13699=DIRECTION('center_axis',(0.,-1.,0.));
#13700=DIRECTION('ref_axis',(0.,0.,-1.));
#13701=DIRECTION('',(0.,0.,-1.));
#13702=DIRECTION('',(0.,0.,-1.));
#13703=DIRECTION('',(1.,0.,0.));
#13704=DIRECTION('center_axis',(1.,0.,0.));
#13705=DIRECTION('ref_axis',(0.,-1.,1.83697019872E-16));
#13706=DIRECTION('center_axis',(1.,0.,0.));
#13707=DIRECTION('ref_axis',(0.,-1.,0.));
#13708=DIRECTION('center_axis',(1.,0.,0.));
#13709=DIRECTION('ref_axis',(0.,-1.,0.));
#13710=DIRECTION('center_axis',(0.,-1.,0.));
#13711=DIRECTION('ref_axis',(0.,0.,-1.));
#13712=DIRECTION('',(2.61228946971E-16,0.,1.));
#13713=DIRECTION('',(0.,0.,1.));
#13714=DIRECTION('',(1.,0.,0.));
#13715=DIRECTION('center_axis',(0.,0.,1.));
#13716=DIRECTION('ref_axis',(0.,-1.,0.));
#13717=DIRECTION('',(0.,-1.,0.));
#13718=DIRECTION('',(0.,-1.,0.));
#13719=DIRECTION('',(1.,0.,0.));
#13720=DIRECTION('center_axis',(1.,0.,0.));
#13721=DIRECTION('ref_axis',(0.,1.83697019872E-16,1.));
#13722=DIRECTION('center_axis',(1.,0.,0.));
#13723=DIRECTION('ref_axis',(0.,-1.,0.));
#13724=DIRECTION('center_axis',(1.,0.,0.));
#13725=DIRECTION('ref_axis',(0.,-1.,0.));
#13726=DIRECTION('center_axis',(0.,1.,0.));
#13727=DIRECTION('ref_axis',(0.,0.,1.));
#13728=DIRECTION('',(0.,0.,-1.));
#13729=DIRECTION('',(4.4408920985E-16,0.,-1.));
#13730=DIRECTION('',(1.,0.,0.));
#13731=DIRECTION('center_axis',(0.,0.,1.));
#13732=DIRECTION('ref_axis',(0.,-1.,0.));
#13733=DIRECTION('',(0.,-1.,0.));
#13734=DIRECTION('',(0.,-1.,0.));
#13735=DIRECTION('',(1.,0.,0.));
#13736=DIRECTION('center_axis',(1.,0.,0.));
#13737=DIRECTION('ref_axis',(0.,1.,-1.83697019872E-16));
#13738=DIRECTION('center_axis',(1.,0.,0.));
#13739=DIRECTION('ref_axis',(0.,-1.,0.));
#13740=DIRECTION('center_axis',(1.,0.,0.));
#13741=DIRECTION('ref_axis',(0.,-1.,0.));
#13742=DIRECTION('center_axis',(0.,-1.,0.));
#13743=DIRECTION('ref_axis',(0.,0.,-1.));
#13744=DIRECTION('',(0.,0.,-1.));
#13745=DIRECTION('',(0.,0.,-1.));
#13746=DIRECTION('',(1.,0.,0.));
#13747=DIRECTION('center_axis',(0.,0.,1.));
#13748=DIRECTION('ref_axis',(0.,-1.,0.));
#13749=DIRECTION('',(0.,-1.,0.));
#13750=DIRECTION('',(0.,-1.,0.));
#13751=DIRECTION('',(1.,0.,0.));
#13752=DIRECTION('center_axis',(-1.,0.,0.));
#13753=DIRECTION('ref_axis',(0.,0.,-1.));
#13754=DIRECTION('center_axis',(-1.,0.,0.));
#13755=DIRECTION('ref_axis',(0.,1.,0.));
#13756=DIRECTION('center_axis',(-1.,0.,0.));
#13757=DIRECTION('ref_axis',(0.,0.,-1.));
#13758=DIRECTION('center_axis',(-1.,0.,0.));
#13759=DIRECTION('ref_axis',(0.,1.,0.));
#13760=DIRECTION('center_axis',(1.,0.,0.));
#13761=DIRECTION('ref_axis',(0.,-7.04481399828E-16,1.));
#13762=DIRECTION('center_axis',(0.88678752328612,-0.462177334520062,0.));
#13763=DIRECTION('ref_axis',(0.,0.,-1.));
#13764=DIRECTION('',(0.462177334520062,0.88678752328612,0.));
#13765=DIRECTION('',(0.,0.,-1.));
#13766=DIRECTION('',(0.462177334520062,0.88678752328612,0.));
#13767=DIRECTION('',(0.,0.,-1.));
#13768=DIRECTION('center_axis',(0.,0.,-1.));
#13769=DIRECTION('ref_axis',(-0.88678752328612,-0.462177334520062,0.));
#13770=DIRECTION('',(0.88678752328612,-0.462177334520062,0.));
#13771=DIRECTION('',(0.88678752328612,-0.462177334520062,0.));
#13772=DIRECTION('',(0.462177334520062,0.88678752328612,0.));
#13773=DIRECTION('center_axis',(-0.88678752328612,0.462177334520062,0.));
#13774=DIRECTION('ref_axis',(0.,0.,1.));
#13775=DIRECTION('',(0.,0.,1.));
#13776=DIRECTION('',(0.462177334520062,0.88678752328612,0.));
#13777=DIRECTION('',(0.,0.,1.));
#13778=DIRECTION('center_axis',(0.,0.,1.));
#13779=DIRECTION('ref_axis',(1.,0.,0.));
#13780=DIRECTION('',(0.,1.,0.));
#13781=DIRECTION('',(1.,0.,0.));
#13782=DIRECTION('center_axis',(0.,0.,1.));
#13783=DIRECTION('ref_axis',(-1.,0.,0.));
#13784=DIRECTION('',(0.88678752328612,-0.462177334520062,0.));
#13785=DIRECTION('center_axis',(0.,0.,1.));
#13786=DIRECTION('ref_axis',(-1.,0.,0.));
#13787=DIRECTION('',(-0.88678752328612,-0.462177334520062,0.));
#13788=DIRECTION('center_axis',(0.,0.,1.));
#13789=DIRECTION('ref_axis',(-1.,0.,0.));
#13790=DIRECTION('',(-1.,0.,0.));
#13791=DIRECTION('',(0.,1.,0.));
#13792=DIRECTION('',(-1.,0.,0.));
#13793=DIRECTION('center_axis',(0.,0.,1.));
#13794=DIRECTION('ref_axis',(-1.,0.,0.));
#13795=DIRECTION('',(-0.88678752328612,-0.462177334520062,0.));
#13796=DIRECTION('center_axis',(0.,0.,1.));
#13797=DIRECTION('ref_axis',(-1.,0.,0.));
#13798=DIRECTION('',(0.88678752328612,-0.462177334520062,0.));
#13799=DIRECTION('center_axis',(0.,0.,1.));
#13800=DIRECTION('ref_axis',(-1.,0.,0.));
#13801=DIRECTION('',(1.,0.,0.));
#13802=DIRECTION('center_axis',(0.,0.,1.));
#13803=DIRECTION('ref_axis',(-0.462177334520062,-0.88678752328612,0.));
#13804=DIRECTION('',(0.,0.,1.));
#13805=DIRECTION('',(0.,0.,1.));
#13806=DIRECTION('center_axis',(0.,0.,1.));
#13807=DIRECTION('ref_axis',(-1.,0.,0.));
#13808=DIRECTION('center_axis',(0.,0.,-1.));
#13809=DIRECTION('ref_axis',(-0.88678752328612,-0.462177334520062,0.));
#13810=DIRECTION('',(-0.88678752328612,-0.462177334520062,0.));
#13811=DIRECTION('',(-0.462177334520062,0.88678752328612,0.));
#13812=DIRECTION('',(-0.88678752328612,-0.462177334520062,0.));
#13813=DIRECTION('',(-0.462177334520062,0.88678752328612,0.));
#13814=DIRECTION('center_axis',(-0.88678752328612,-0.462177334520062,0.));
#13815=DIRECTION('ref_axis',(0.,0.,1.));
#13816=DIRECTION('',(0.,0.,1.));
#13817=DIRECTION('',(-0.462177334520062,0.88678752328612,0.));
#13818=DIRECTION('',(0.,0.,1.));
#13819=DIRECTION('center_axis',(0.,0.,1.));
#13820=DIRECTION('ref_axis',(0.88678752328612,0.462177334520062,0.));
#13821=DIRECTION('',(0.88678752328612,0.462177334520062,0.));
#13822=DIRECTION('',(-0.462177334520062,0.88678752328612,0.));
#13823=DIRECTION('',(0.88678752328612,0.462177334520062,0.));
#13824=DIRECTION('center_axis',(0.88678752328612,0.462177334520062,0.));
#13825=DIRECTION('ref_axis',(0.,0.,-1.));
#13826=DIRECTION('',(0.,0.,-1.));
#13827=DIRECTION('',(0.,0.,-1.));
#13828=DIRECTION('center_axis',(1.,0.,0.));
#13829=DIRECTION('ref_axis',(0.,1.,0.));
#13830=DIRECTION('',(0.,1.,0.));
#13831=DIRECTION('',(0.,0.,1.));
#13832=DIRECTION('',(0.,0.,1.));
#13833=DIRECTION('center_axis',(0.,1.,0.));
#13834=DIRECTION('ref_axis',(-1.,0.,0.));
#13835=DIRECTION('',(0.,0.,1.));
#13836=DIRECTION('',(-1.,0.,0.));
#13837=DIRECTION('center_axis',(0.,0.,1.));
#13838=DIRECTION('ref_axis',(0.462177334520062,0.88678752328612,0.));
#13839=DIRECTION('',(0.,0.,1.));
#13840=DIRECTION('center_axis',(0.,0.,1.));
#13841=DIRECTION('ref_axis',(-1.,0.,0.));
#13842=DIRECTION('center_axis',(0.,0.,1.));
#13843=DIRECTION('ref_axis',(-0.462177334520062,-0.88678752328612,0.));
#13844=DIRECTION('',(0.,0.,1.));
#13845=DIRECTION('center_axis',(0.,0.,1.));
#13846=DIRECTION('ref_axis',(-1.,0.,0.));
#13847=DIRECTION('',(0.,0.,1.));
#13848=DIRECTION('center_axis',(-0.462177334520062,0.88678752328612,0.));
#13849=DIRECTION('ref_axis',(-0.88678752328612,-0.462177334520062,0.));
#13850=DIRECTION('',(0.,0.,1.));
#13851=DIRECTION('',(-0.88678752328612,-0.462177334520062,0.));
#13852=DIRECTION('center_axis',(0.,0.,1.));
#13853=DIRECTION('ref_axis',(6.12323399574E-17,1.,0.));
#13854=DIRECTION('',(0.,0.,1.));
#13855=DIRECTION('center_axis',(0.,0.,1.));
#13856=DIRECTION('ref_axis',(-1.,0.,0.));
#13857=DIRECTION('center_axis',(0.,1.,0.));
#13858=DIRECTION('ref_axis',(-1.,0.,0.));
#13859=DIRECTION('',(0.,0.,1.));
#13860=DIRECTION('',(-1.,0.,0.));
#13861=DIRECTION('center_axis',(1.,0.,0.));
#13862=DIRECTION('ref_axis',(0.,1.,0.));
#13863=DIRECTION('',(0.,0.,1.));
#13864=DIRECTION('',(0.,1.,0.));
#13865=DIRECTION('center_axis',(0.,-1.,0.));
#13866=DIRECTION('ref_axis',(1.,0.,0.));
#13867=DIRECTION('',(0.,0.,1.));
#13868=DIRECTION('',(1.,0.,0.));
#13869=DIRECTION('center_axis',(0.,0.,1.));
#13870=DIRECTION('ref_axis',(6.12323399574E-17,1.,0.));
#13871=DIRECTION('center_axis',(0.,0.,1.));
#13872=DIRECTION('ref_axis',(-1.,0.,0.));
#13873=DIRECTION('',(0.,0.,1.));
#13874=DIRECTION('center_axis',(-0.462177334520062,0.88678752328612,0.));
#13875=DIRECTION('ref_axis',(-0.88678752328612,-0.462177334520062,0.));
#13876=DIRECTION('',(-0.88678752328612,-0.462177334520062,0.));
#13877=DIRECTION('center_axis',(0.,-1.,0.));
#13878=DIRECTION('ref_axis',(1.,0.,0.));
#13879=DIRECTION('',(0.,0.,1.));
#13880=DIRECTION('',(1.,0.,0.));
#13881=DIRECTION('center_axis',(0.,0.,-1.));
#13882=DIRECTION('ref_axis',(0.,1.,0.));
#13883=DIRECTION('center_axis',(0.,0.,-1.));
#13884=DIRECTION('ref_axis',(1.,0.,0.));
#13885=DIRECTION('',(0.88678752328612,-0.462177334520062,0.));
#13886=DIRECTION('',(0.88678752328612,-0.462177334520062,0.));
#13887=DIRECTION('center_axis',(0.,0.,1.));
#13888=DIRECTION('ref_axis',(0.462177334520062,0.88678752328612,0.));
#13889=DIRECTION('',(0.,0.,1.));
#13890=DIRECTION('center_axis',(-0.462177334520062,-0.88678752328612,0.));
#13891=DIRECTION('ref_axis',(0.88678752328612,-0.462177334520062,0.));
#13892=DIRECTION('',(0.88678752328612,-0.462177334520062,0.));
#13893=DIRECTION('center_axis',(-0.462177334520062,-0.88678752328612,0.));
#13894=DIRECTION('ref_axis',(0.88678752328612,-0.462177334520062,0.));
#13895=DIRECTION('',(-0.88678752328612,0.462177334520062,0.));
#13896=DIRECTION('center_axis',(0.,0.,1.));
#13897=DIRECTION('ref_axis',(0.88678752328612,0.462177334520062,0.));
#13898=DIRECTION('center_axis',(-0.88678752328612,-0.462177334520062,0.));
#13899=DIRECTION('ref_axis',(0.,0.,-1.));
#13900=DIRECTION('',(0.,0.,-1.));
#13901=DIRECTION('',(0.462177334520062,-0.88678752328612,0.));
#13902=DIRECTION('',(0.,0.,-1.));
#13903=DIRECTION('',(0.462177334520062,-0.88678752328612,0.));
#13904=DIRECTION('center_axis',(0.,0.,-1.));
#13905=DIRECTION('ref_axis',(-0.88678752328612,-0.462177334520062,0.));
#13906=DIRECTION('',(0.462177334520062,-0.88678752328612,0.));
#13907=DIRECTION('',(0.88678752328612,0.462177334520062,0.));
#13908=DIRECTION('',(0.88678752328612,0.462177334520062,0.));
#13909=DIRECTION('center_axis',(0.88678752328612,0.462177334520062,0.));
#13910=DIRECTION('ref_axis',(0.,0.,1.));
#13911=DIRECTION('',(0.,0.,1.));
#13912=DIRECTION('',(0.462177334520062,-0.88678752328612,0.));
#13913=DIRECTION('',(0.,0.,1.));
#13914=DIRECTION('center_axis',(0.,0.,1.));
#13915=DIRECTION('ref_axis',(1.,0.,0.));
#13916=DIRECTION('',(1.,0.,0.));
#13917=DIRECTION('center_axis',(0.,0.,1.));
#13918=DIRECTION('ref_axis',(-1.,0.,0.));
#13919=DIRECTION('',(0.88678752328612,0.462177334520062,0.));
#13920=DIRECTION('center_axis',(0.,0.,1.));
#13921=DIRECTION('ref_axis',(-1.,0.,0.));
#13922=DIRECTION('',(-0.88678752328612,0.462177334520062,0.));
#13923=DIRECTION('center_axis',(0.,0.,1.));
#13924=DIRECTION('ref_axis',(-1.,0.,0.));
#13925=DIRECTION('',(-1.,0.,0.));
#13926=DIRECTION('',(0.,1.,0.));
#13927=DIRECTION('',(-1.,0.,0.));
#13928=DIRECTION('center_axis',(0.,0.,1.));
#13929=DIRECTION('ref_axis',(-1.,0.,0.));
#13930=DIRECTION('',(-0.88678752328612,0.462177334520062,0.));
#13931=DIRECTION('center_axis',(0.,0.,1.));
#13932=DIRECTION('ref_axis',(-1.,0.,0.));
#13933=DIRECTION('',(0.88678752328612,0.462177334520062,0.));
#13934=DIRECTION('center_axis',(0.,0.,1.));
#13935=DIRECTION('ref_axis',(-1.,0.,0.));
#13936=DIRECTION('',(1.,0.,0.));
#13937=DIRECTION('',(0.,1.,0.));
#13938=DIRECTION('center_axis',(0.,0.,-1.));
#13939=DIRECTION('ref_axis',(-0.462177334520062,0.88678752328612,0.));
#13940=DIRECTION('center_axis',(0.,0.,-1.));
#13941=DIRECTION('ref_axis',(1.,0.,0.));
#13942=DIRECTION('',(0.,0.,-1.));
#13943=DIRECTION('',(0.,0.,-1.));
#13944=DIRECTION('center_axis',(0.,0.,-1.));
#13945=DIRECTION('ref_axis',(-0.88678752328612,-0.462177334520062,0.));
#13946=DIRECTION('',(-0.462177334520062,-0.88678752328612,0.));
#13947=DIRECTION('',(-0.88678752328612,0.462177334520062,0.));
#13948=DIRECTION('',(-0.462177334520062,-0.88678752328612,0.));
#13949=DIRECTION('',(-0.88678752328612,0.462177334520062,0.));
#13950=DIRECTION('center_axis',(0.88678752328612,-0.462177334520062,0.));
#13951=DIRECTION('ref_axis',(0.,0.,1.));
#13952=DIRECTION('',(0.,0.,1.));
#13953=DIRECTION('',(-0.462177334520062,-0.88678752328612,0.));
#13954=DIRECTION('',(0.,0.,1.));
#13955=DIRECTION('center_axis',(0.,0.,1.));
#13956=DIRECTION('ref_axis',(0.88678752328612,0.462177334520062,0.));
#13957=DIRECTION('',(0.88678752328612,-0.462177334520062,0.));
#13958=DIRECTION('',(-0.462177334520062,-0.88678752328612,0.));
#13959=DIRECTION('',(0.88678752328612,-0.462177334520062,0.));
#13960=DIRECTION('center_axis',(-0.88678752328612,0.462177334520062,0.));
#13961=DIRECTION('ref_axis',(0.,0.,-1.));
#13962=DIRECTION('',(0.,0.,-1.));
#13963=DIRECTION('',(0.,0.,-1.));
#13964=DIRECTION('center_axis',(1.,0.,0.));
#13965=DIRECTION('ref_axis',(0.,1.,0.));
#13966=DIRECTION('',(0.,0.,1.));
#13967=DIRECTION('',(0.,0.,1.));
#13968=DIRECTION('',(0.,1.,0.));
#13969=DIRECTION('center_axis',(0.,1.,0.));
#13970=DIRECTION('ref_axis',(-1.,0.,0.));
#13971=DIRECTION('',(-1.,0.,0.));
#13972=DIRECTION('',(0.,0.,1.));
#13973=DIRECTION('center_axis',(0.,0.,-1.));
#13974=DIRECTION('ref_axis',(0.462177334520062,-0.88678752328612,0.));
#13975=DIRECTION('center_axis',(0.,0.,-1.));
#13976=DIRECTION('ref_axis',(1.,0.,0.));
#13977=DIRECTION('',(0.,0.,-1.));
#13978=DIRECTION('center_axis',(0.,0.,-1.));
#13979=DIRECTION('ref_axis',(-0.462177334520062,0.88678752328612,0.));
#13980=DIRECTION('center_axis',(0.,0.,-1.));
#13981=DIRECTION('ref_axis',(1.,0.,0.));
#13982=DIRECTION('',(0.,0.,-1.));
#13983=DIRECTION('',(0.,0.,-1.));
#13984=DIRECTION('center_axis',(0.462177334520062,0.88678752328612,0.));
#13985=DIRECTION('ref_axis',(-0.88678752328612,0.462177334520062,0.));
#13986=DIRECTION('',(-0.88678752328612,0.462177334520062,0.));
#13987=DIRECTION('',(0.,0.,1.));
#13988=DIRECTION('center_axis',(0.,0.,-1.));
#13989=DIRECTION('ref_axis',(6.12323399574E-17,-1.,0.));
#13990=DIRECTION('center_axis',(0.,0.,-1.));
#13991=DIRECTION('ref_axis',(1.,0.,0.));
#13992=DIRECTION('',(0.,0.,-1.));
#13993=DIRECTION('center_axis',(0.,1.,0.));
#13994=DIRECTION('ref_axis',(-1.,0.,0.));
#13995=DIRECTION('',(-1.,0.,0.));
#13996=DIRECTION('',(0.,0.,1.));
#13997=DIRECTION('center_axis',(1.,0.,0.));
#13998=DIRECTION('ref_axis',(0.,1.,0.));
#13999=DIRECTION('',(0.,1.,0.));
#14000=DIRECTION('',(0.,0.,1.));
#14001=DIRECTION('center_axis',(0.,-1.,0.));
#14002=DIRECTION('ref_axis',(1.,0.,0.));
#14003=DIRECTION('',(1.,0.,0.));
#14004=DIRECTION('',(0.,0.,1.));
#14005=DIRECTION('center_axis',(0.,0.,-1.));
#14006=DIRECTION('ref_axis',(6.12323399574E-17,-1.,0.));
#14007=DIRECTION('center_axis',(0.,0.,-1.));
#14008=DIRECTION('ref_axis',(1.,0.,0.));
#14009=DIRECTION('',(0.,0.,-1.));
#14010=DIRECTION('center_axis',(0.462177334520062,0.88678752328612,0.));
#14011=DIRECTION('ref_axis',(-0.88678752328612,0.462177334520062,0.));
#14012=DIRECTION('',(-0.88678752328612,0.462177334520062,0.));
#14013=DIRECTION('center_axis',(0.,-1.,0.));
#14014=DIRECTION('ref_axis',(1.,0.,0.));
#14015=DIRECTION('',(1.,0.,0.));
#14016=DIRECTION('',(0.,0.,1.));
#14017=DIRECTION('center_axis',(0.,0.,-1.));
#14018=DIRECTION('ref_axis',(0.,1.,0.));
#14019=DIRECTION('',(0.88678752328612,0.462177334520062,0.));
#14020=DIRECTION('',(0.88678752328612,0.462177334520062,0.));
#14021=DIRECTION('center_axis',(0.,0.,-1.));
#14022=DIRECTION('ref_axis',(1.,0.,0.));
#14023=DIRECTION('center_axis',(0.,0.,-1.));
#14024=DIRECTION('ref_axis',(0.462177334520062,-0.88678752328612,0.));
#14025=DIRECTION('',(0.,0.,-1.));
#14026=DIRECTION('center_axis',(0.462177334520062,-0.88678752328612,0.));
#14027=DIRECTION('ref_axis',(0.88678752328612,0.462177334520062,0.));
#14028=DIRECTION('',(0.88678752328612,0.462177334520062,0.));
#14029=DIRECTION('center_axis',(0.462177334520062,-0.88678752328612,0.));
#14030=DIRECTION('ref_axis',(0.88678752328612,0.462177334520062,0.));
#14031=DIRECTION('',(-0.88678752328612,-0.462177334520062,0.));
#14032=DIRECTION('center_axis',(0.,0.,1.));
#14033=DIRECTION('ref_axis',(0.88678752328612,0.462177334520062,0.));
#14034=DIRECTION('center_axis',(0.992155571970857,-3.4695940565035E-11,
0.125009283683982));
#14035=DIRECTION('ref_axis',(-0.0402752567319955,-0.946679066731398,0.319650822473118));
#14036=DIRECTION('center_axis',(-0.992155571971989,1.23231350973799E-11,
0.125009283674999));
#14037=DIRECTION('ref_axis',(1.37893411357192E-11,1.,1.08634855294201E-11));
#14038=DIRECTION('center_axis',(-0.992155571969725,3.92207655241991E-11,
0.125009283692965));
#14039=DIRECTION('ref_axis',(0.0762554848806916,0.792402510804099,0.605213484563068));
#14040=DIRECTION('center_axis',(0.992155571971105,-2.20032950193323E-11,
0.125009283682013));
#14041=DIRECTION('ref_axis',(-0.104103685764272,-0.55362267210483,0.826235051024708));
#14042=DIRECTION('center_axis',(-0.992155571972237,1.87684902341945E-11,
0.12500928367303));
#14043=DIRECTION('ref_axis',(0.120850075297085,0.255803478366935,0.959145369459742));
#14044=DIRECTION('center_axis',(0.992155571970097,-3.14090958103431E-11,
0.125009283690012));
#14045=DIRECTION('ref_axis',(-0.124708787262061,0.0692950758379172,0.989770635472807));
#14046=DIRECTION('center_axis',(-0.992155571970345,1.29609101229345E-11,
0.125009283688043));
#14047=DIRECTION('ref_axis',(0.115268321368438,-0.387003873792871,0.914844913500761));
#14048=DIRECTION('center_axis',(0.992155571970097,-5.02896335685749E-12,
0.125009283690012));
#14049=DIRECTION('ref_axis',(-0.093535426540991,0.663441856312907,0.742358422376873));
#14050=DIRECTION('center_axis',(-0.992155571971741,3.00103622508022E-11,
0.125009283676967));
#14051=DIRECTION('ref_axis',(0.0618277392134993,-0.86912916092866,0.490705443506786));
#14052=DIRECTION('center_axis',(0.992155571971477,-3.47594973637767E-11,
0.12500928367906));
#14053=DIRECTION('ref_axis',(-0.0235266263939318,0.982130909607457,0.186722720214091));
#14054=DIRECTION('center_axis',(-0.992155571969973,3.97370227000989E-11,
0.125009283690997));
#14055=DIRECTION('ref_axis',(-0.017283409779992,-0.990396384930852,-0.137172462477993));
#14056=DIRECTION('center_axis',(0.992155571972113,-1.86708287719421E-11,
0.125009283674014));
#14057=DIRECTION('ref_axis',(0.0562503108438552,0.893044141195025,-0.446439317721021));
#14058=DIRECTION('center_axis',(-0.992155571972748,2.72548442148331E-11,
0.125009283668968));
#14059=DIRECTION('ref_axis',(-0.0892185737965536,-0.700456003363072,-0.708097050864033));
#14060=DIRECTION('center_axis',(0.992155571971741,-2.40812716989437E-11,
0.125009283676967));
#14061=DIRECTION('ref_axis',(0.112672401517307,0.43316992984996,-0.894241992868878));
#14062=DIRECTION('center_axis',(-0.992155571972624,3.47542203349268E-11,
0.125009283669953));
#14063=DIRECTION('ref_axis',(-0.124110634018332,-0.119689806651965,-0.985023299575793));
#14064=DIRECTION('center_axis',(0.992155571973245,-3.20158413669279E-11,
0.125009283665031));
#14065=DIRECTION('ref_axis',(0.122313476855732,-0.206554261037982,-0.970759883094947));
#14066=DIRECTION('center_axis',(-0.992155571972748,4.78951461824079E-11,
0.125009283668968));
#14067=DIRECTION('ref_axis',(-0.10747258222793,0.510770996691095,-0.85297282079117));
#14068=DIRECTION('center_axis',(0.992155571971105,-3.52007104020837E-11,
0.125009283682013));
#14069=DIRECTION('ref_axis',(0.0402752567238832,0.946679066753047,-0.319650822410025));
#14070=DIRECTION('center_axis',(-0.992155571971989,1.23231350973799E-11,
0.125009283674999));
#14071=DIRECTION('ref_axis',(-1.28891916918051E-11,-1.,-3.71930983196761E-12));
#14072=DIRECTION('center_axis',(-0.992155571969849,4.01693400764439E-11,
0.125009283691981));
#14073=DIRECTION('ref_axis',(-0.0762554848753008,-0.79240251083819,-0.605213484519112));
#14074=DIRECTION('center_axis',(0.992155571971105,-2.20024623520723E-11,
0.125009283682013));
#14075=DIRECTION('ref_axis',(0.104103685762424,0.553622672127064,-0.826235051010043));
#14076=DIRECTION('center_axis',(-0.992155571972113,1.7253420914192E-11,
0.125009283674014));
#14077=DIRECTION('ref_axis',(-0.120850075299468,-0.255803478312037,-0.959145369474083));
#14078=DIRECTION('center_axis',(0.992155571970097,-3.14080896707331E-11,
0.125009283690012));
#14079=DIRECTION('ref_axis',(0.124708787261946,-0.0692950758511423,-0.989770635471895));
#14080=DIRECTION('center_axis',(-0.992155571969725,2.43968387159032E-11,
0.125009283692965));
#14081=DIRECTION('ref_axis',(-0.115268321368522,0.387003873794075,-0.91484491350024));
#14082=DIRECTION('center_axis',(0.992155571969089,-1.43125650220513E-11,
0.125009283698011));
#14083=DIRECTION('ref_axis',(0.0935354265422825,-0.663441856300122,-0.742358422388136));
#14084=DIRECTION('center_axis',(-0.992155571971741,3.00096753003022E-11,
0.125009283676967));
#14085=DIRECTION('ref_axis',(-0.0618277392113444,0.869129160938472,-0.490705443489679));
#14086=DIRECTION('center_axis',(0.992155571972996,-3.24259126493999E-11,
0.125009283667));
#14087=DIRECTION('ref_axis',(0.0235266263930378,-0.982130909608834,-0.186722720206962));
#14088=DIRECTION('center_axis',(-0.992155571971477,4.14515470559499E-11,
0.12500928367906));
#14089=DIRECTION('ref_axis',(0.0172834097802724,0.990396384930578,0.13717246247994));
#14090=DIRECTION('center_axis',(0.992155571971865,-1.79674539135775E-11,
0.125009283675983));
#14091=DIRECTION('ref_axis',(-0.0562503108509519,-0.89304414116748,0.446439317775227));
#14092=DIRECTION('center_axis',(-0.992155571972624,2.61429974890301E-11,
0.125009283669953));
#14093=DIRECTION('ref_axis',(0.08921857380071,0.700456003328624,0.708097050897586));
#14094=DIRECTION('center_axis',(0.992155571971865,-2.54938153920665E-11,
0.125009283675983));
#14095=DIRECTION('ref_axis',(-0.112672401512808,-0.433169929920191,0.894241992835426));
#14096=DIRECTION('center_axis',(-0.992155571972361,2.24446069369082E-11,
0.125009283672045));
#14097=DIRECTION('ref_axis',(0.124110634019384,0.119689806623027,0.985023299579177));
#14098=DIRECTION('center_axis',(0.992155571973632,-1.98802363460226E-11,
0.125009283661954));
#14099=DIRECTION('ref_axis',(-0.122313476855051,0.206554261043952,0.970759883093763));
#14100=DIRECTION('center_axis',(-0.992155571973493,3.85766973920692E-11,
0.125009283663062));
#14101=DIRECTION('ref_axis',(0.107472582222527,-0.510770996759056,0.852972820751155));
#14102=DIRECTION('center_axis',(-0.992155571971353,2.56672335153191E-11,
0.125009283680044));
#14103=DIRECTION('ref_axis',(-2.58701702035704E-11,-1.,-3.7558361895169E-24));
#14104=DIRECTION('center_axis',(-0.992155571971353,2.56698204359191E-11,
0.125009283680044));
#14105=DIRECTION('ref_axis',(0.107472582242942,-0.510770996768835,0.852972820742727));
#14106=DIRECTION('center_axis',(-0.866025403784329,0.,-0.50000000000019));
#14107=DIRECTION('ref_axis',(0.,1.,0.));
#14108=DIRECTION('center_axis',(-0.866025403784329,0.,-0.50000000000019));
#14109=DIRECTION('ref_axis',(0.,1.,0.));
#14110=DIRECTION('center_axis',(-0.866025403784329,0.,-0.50000000000019));
#14111=DIRECTION('ref_axis',(0.,1.,0.));
#14112=DIRECTION('',(0.866025403784329,0.,0.50000000000019));
#14113=DIRECTION('center_axis',(-0.866025403784329,0.,-0.50000000000019));
#14114=DIRECTION('ref_axis',(0.,1.,0.));
#14115=DIRECTION('center_axis',(0.,1.,0.));
#14116=DIRECTION('ref_axis',(0.50000000000019,0.,-0.866025403784329));
#14117=DIRECTION('center_axis',(1.,0.,-1.05471187339E-15));
#14118=DIRECTION('ref_axis',(0.,-1.,0.));
#14119=DIRECTION('center_axis',(0.,-1.,0.));
#14120=DIRECTION('ref_axis',(0.50000000000019,0.,-0.866025403784329));
#14121=DIRECTION('center_axis',(1.,0.,-1.05471187339E-15));
#14122=DIRECTION('ref_axis',(0.,-1.,0.));
#14123=DIRECTION('center_axis',(-1.,0.,0.));
#14124=DIRECTION('ref_axis',(0.,1.,0.));
#14125=DIRECTION('center_axis',(-1.,0.,0.));
#14126=DIRECTION('ref_axis',(0.,1.,0.));
#14127=DIRECTION('center_axis',(-1.,0.,0.));
#14128=DIRECTION('ref_axis',(0.,1.,0.));
#14129=DIRECTION('',(1.,0.,0.));
#14130=DIRECTION('center_axis',(0.,1.,0.));
#14131=DIRECTION('ref_axis',(0.,0.,-1.));
#14132=DIRECTION('center_axis',(-1.93716910437E-15,0.,-1.));
#14133=DIRECTION('ref_axis',(1.,0.,-1.93716910437E-15));
#14134=DIRECTION('center_axis',(0.,-1.,0.));
#14135=DIRECTION('ref_axis',(0.,0.,-1.));
#14136=DIRECTION('center_axis',(-1.93716910437E-15,0.,-1.));
#14137=DIRECTION('ref_axis',(1.,0.,-1.93716910437E-15));
#14138=DIRECTION('center_axis',(0.,0.,1.));
#14139=DIRECTION('ref_axis',(0.,1.,0.));
#14140=DIRECTION('center_axis',(0.,0.,1.));
#14141=DIRECTION('ref_axis',(-1.,0.,0.));
#14142=DIRECTION('center_axis',(0.,0.,1.));
#14143=DIRECTION('ref_axis',(-1.,0.,0.));
#14144=DIRECTION('',(0.,0.,-1.));
#14145=DIRECTION('center_axis',(0.,1.,0.));
#14146=DIRECTION('ref_axis',(-1.,0.,1.1842378929335E-15));
#14147=DIRECTION('center_axis',(-1.,0.,-9.49410759657E-16));
#14148=DIRECTION('ref_axis',(0.,1.,0.));
#14149=DIRECTION('center_axis',(0.,-1.,0.));
#14150=DIRECTION('ref_axis',(-1.,0.,0.));
#14151=DIRECTION('center_axis',(-1.,0.,-9.49410759657E-16));
#14152=DIRECTION('ref_axis',(0.,1.,0.));
#14153=DIRECTION('center_axis',(1.,0.,0.));
#14154=DIRECTION('ref_axis',(0.,1.,0.));
#14155=DIRECTION('center_axis',(1.,0.,0.));
#14156=DIRECTION('ref_axis',(0.,-1.,0.));
#14157=DIRECTION('',(-1.,0.,0.));
#14158=DIRECTION('center_axis',(-0.866025403784329,0.,-0.50000000000019));
#14159=DIRECTION('ref_axis',(0.,1.,0.));
#14160=DIRECTION('center_axis',(1.,0.,0.));
#14161=DIRECTION('ref_axis',(0.,1.,0.));
#14162=DIRECTION('',(0.,0.,1.));
#14163=DIRECTION('',(0.999999999999985,1.74845553146897E-7,0.));
#14164=CARTESIAN_POINT('',(0.,0.,0.));
#14165=CARTESIAN_POINT('',(0.,0.,0.));
#14166=CARTESIAN_POINT('Origin',(-3.45,-2.5,7.5));
#14167=CARTESIAN_POINT('',(3.35,-2.5,7.5));
#14168=CARTESIAN_POINT('',(3.35,-2.5,6.5));
#14169=CARTESIAN_POINT('',(3.35,-2.5,7.));
#14170=CARTESIAN_POINT('',(3.45,-2.5,6.5));
#14171=CARTESIAN_POINT('',(3.4,-2.5,6.5));
#14172=CARTESIAN_POINT('',(3.45,-2.5,7.5));
#14173=CARTESIAN_POINT('',(3.45,-2.5,7.));
#14174=CARTESIAN_POINT('',(3.4,-2.5,7.5));
#14175=CARTESIAN_POINT('Origin',(-3.45,-2.5,6.5));
#14176=CARTESIAN_POINT('',(3.35,-1.,6.5));
#14177=CARTESIAN_POINT('',(3.35,-1.75,6.5));
#14178=CARTESIAN_POINT('',(3.45,-1.,6.5));
#14179=CARTESIAN_POINT('',(3.4,-1.,6.5));
#14180=CARTESIAN_POINT('',(3.45,-1.75,6.5));
#14181=CARTESIAN_POINT('Origin',(3.35,0.,0.));
#14182=CARTESIAN_POINT('',(3.35,2.5,7.5));
#14183=CARTESIAN_POINT('',(3.35,2.5,6.5));
#14184=CARTESIAN_POINT('',(3.35,2.5,7.));
#14185=CARTESIAN_POINT('',(3.35,1.,6.5));
#14186=CARTESIAN_POINT('',(3.35,1.75,6.5));
#14187=CARTESIAN_POINT('',(3.35,1.,3.5));
#14188=CARTESIAN_POINT('',(3.35,1.,5.));
#14189=CARTESIAN_POINT('',(3.35,0.5,3.5));
#14190=CARTESIAN_POINT('',(3.35,0.75,3.5));
#14191=CARTESIAN_POINT('',(3.35,0.5,2.5));
#14192=CARTESIAN_POINT('',(3.35,0.5,3.));
#14193=CARTESIAN_POINT('',(3.35,-0.5,2.5));
#14194=CARTESIAN_POINT('',(3.35,-3.33066907388E-16,2.5));
#14195=CARTESIAN_POINT('',(3.35,-0.5,3.5));
#14196=CARTESIAN_POINT('',(3.35,-0.5,3.));
#14197=CARTESIAN_POINT('',(3.35,-1.,3.5));
#14198=CARTESIAN_POINT('',(3.35,-0.75,3.5));
#14199=CARTESIAN_POINT('',(3.35,-1.,5.));
#14200=CARTESIAN_POINT('',(3.35,-8.881784197E-16,7.5));
#14201=CARTESIAN_POINT('Origin',(-3.45,-1.,6.5));
#14202=CARTESIAN_POINT('',(3.45,-1.,3.5));
#14203=CARTESIAN_POINT('',(3.4,-1.,3.5));
#14204=CARTESIAN_POINT('',(3.45,-1.,5.));
#14205=CARTESIAN_POINT('Origin',(-3.45,-1.,3.5));
#14206=CARTESIAN_POINT('',(3.45,-0.5,3.5));
#14207=CARTESIAN_POINT('',(3.4,-0.5,3.5));
#14208=CARTESIAN_POINT('',(3.45,-0.75,3.5));
#14209=CARTESIAN_POINT('Origin',(-3.45,-0.5,3.5));
#14210=CARTESIAN_POINT('',(3.45,-0.5,2.5));
#14211=CARTESIAN_POINT('',(3.4,-0.5,2.5));
#14212=CARTESIAN_POINT('',(3.45,-0.5,3.));
#14213=CARTESIAN_POINT('Origin',(0.,-1.75,2.5));
#14214=CARTESIAN_POINT('',(3.45,0.5,2.5));
#14215=CARTESIAN_POINT('',(3.4,0.5,2.5));
#14216=CARTESIAN_POINT('',(3.45,-3.33066907388E-16,2.5));
#14217=CARTESIAN_POINT('Origin',(-3.45,0.5,3.5));
#14218=CARTESIAN_POINT('',(3.45,0.5,3.5));
#14219=CARTESIAN_POINT('',(3.4,0.5,3.5));
#14220=CARTESIAN_POINT('',(3.45,0.5,3.));
#14221=CARTESIAN_POINT('Origin',(-3.45,-1.,3.5));
#14222=CARTESIAN_POINT('',(3.45,1.,3.5));
#14223=CARTESIAN_POINT('',(3.4,1.,3.5));
#14224=CARTESIAN_POINT('',(3.45,0.75,3.5));
#14225=CARTESIAN_POINT('Origin',(-3.45,1.,6.5));
#14226=CARTESIAN_POINT('',(3.45,1.,6.5));
#14227=CARTESIAN_POINT('',(3.4,1.,6.5));
#14228=CARTESIAN_POINT('',(3.45,1.,5.));
#14229=CARTESIAN_POINT('Origin',(-3.45,-2.5,6.5));
#14230=CARTESIAN_POINT('',(3.45,2.5,6.5));
#14231=CARTESIAN_POINT('',(3.4,2.5,6.5));
#14232=CARTESIAN_POINT('',(3.45,1.75,6.5));
#14233=CARTESIAN_POINT('Origin',(-3.45,2.5,7.5));
#14234=CARTESIAN_POINT('',(3.45,2.5,7.5));
#14235=CARTESIAN_POINT('',(3.4,2.5,7.5));
#14236=CARTESIAN_POINT('',(3.45,2.5,7.));
#14237=CARTESIAN_POINT('Origin',(-3.45,-2.5,7.5));
#14238=CARTESIAN_POINT('',(-3.45,-2.5,7.5));
#14239=CARTESIAN_POINT('',(-3.35,-2.5,7.5));
#14240=CARTESIAN_POINT('',(-3.4,-2.5,7.5));
#14241=CARTESIAN_POINT('',(-3.45,-2.5,6.5));
#14242=CARTESIAN_POINT('',(-3.45,-2.5,7.));
#14243=CARTESIAN_POINT('',(-3.35,-2.5,6.5));
#14244=CARTESIAN_POINT('',(-3.4,-2.5,6.5));
#14245=CARTESIAN_POINT('',(-3.35,-2.5,7.));
#14246=CARTESIAN_POINT('Origin',(0.,0.,7.5));
#14247=CARTESIAN_POINT('',(3.45,-3.45,7.5));
#14248=CARTESIAN_POINT('',(3.45,-4.4408920985E-16,7.5));
#14249=CARTESIAN_POINT('',(-3.45,-3.45,7.5));
#14250=CARTESIAN_POINT('',(4.4408920985E-16,-3.45,7.5));
#14251=CARTESIAN_POINT('',(-3.45,-4.4408920985E-16,7.5));
#14252=CARTESIAN_POINT('',(-3.35,2.5,7.5));
#14253=CARTESIAN_POINT('',(-3.35,-4.4408920985E-16,7.5));
#14254=CARTESIAN_POINT('',(-3.45,2.5,7.5));
#14255=CARTESIAN_POINT('',(4.4408920985E-16,2.5,7.5));
#14256=CARTESIAN_POINT('',(-3.45,3.45,7.5));
#14257=CARTESIAN_POINT('',(-3.45,-4.4408920985E-16,7.5));
#14258=CARTESIAN_POINT('',(3.45,3.45,7.5));
#14259=CARTESIAN_POINT('',(4.4408920985E-16,3.45,7.5));
#14260=CARTESIAN_POINT('',(3.45,-4.4408920985E-16,7.5));
#14261=CARTESIAN_POINT('',(2.,-2.,7.5));
#14262=CARTESIAN_POINT('',(2.,2.,7.5));
#14263=CARTESIAN_POINT('',(2.,-4.4408920985E-16,7.5));
#14264=CARTESIAN_POINT('',(-2.,2.,7.5));
#14265=CARTESIAN_POINT('',(4.4408920985E-16,2.,7.5));
#14266=CARTESIAN_POINT('',(-2.,-2.,7.5));
#14267=CARTESIAN_POINT('',(-2.,-4.4408920985E-16,7.5));
#14268=CARTESIAN_POINT('',(4.4408920985E-16,-2.,7.5));
#14269=CARTESIAN_POINT('Origin',(-3.45,-4.,8.));
#14270=CARTESIAN_POINT('',(-3.45,2.5,6.5));
#14271=CARTESIAN_POINT('',(-3.45,2.5,3.8));
#14272=CARTESIAN_POINT('',(-3.45,1.,6.5));
#14273=CARTESIAN_POINT('',(-3.45,0.,6.5));
#14274=CARTESIAN_POINT('',(-3.45,1.,3.5));
#14275=CARTESIAN_POINT('',(-3.45,1.,3.8));
#14276=CARTESIAN_POINT('',(-3.45,0.5,3.5));
#14277=CARTESIAN_POINT('',(-3.45,0.,3.5));
#14278=CARTESIAN_POINT('',(-3.45,0.5,2.5));
#14279=CARTESIAN_POINT('',(-3.45,0.5,3.8));
#14280=CARTESIAN_POINT('',(-3.45,-0.5,2.5));
#14281=CARTESIAN_POINT('',(-3.45,0.,2.5));
#14282=CARTESIAN_POINT('',(-3.45,-0.5,3.5));
#14283=CARTESIAN_POINT('',(-3.45,-0.5,3.8));
#14284=CARTESIAN_POINT('',(-3.45,-1.,3.5));
#14285=CARTESIAN_POINT('',(-3.45,0.,3.5));
#14286=CARTESIAN_POINT('',(-3.45,-1.,6.5));
#14287=CARTESIAN_POINT('',(-3.45,-1.,3.8));
#14288=CARTESIAN_POINT('',(-3.45,0.,6.5));
#14289=CARTESIAN_POINT('',(-3.45,-3.45,4.5));
#14290=CARTESIAN_POINT('',(-3.45,-3.45,3.8));
#14291=CARTESIAN_POINT('',(-3.45,-1.75,4.5));
#14292=CARTESIAN_POINT('',(-3.45,0.,4.5));
#14293=CARTESIAN_POINT('',(-3.45,-1.75,2.5));
#14294=CARTESIAN_POINT('',(-3.45,-1.75,3.8));
#14295=CARTESIAN_POINT('',(-3.45,-2.75,2.5));
#14296=CARTESIAN_POINT('',(-3.45,0.,2.5));
#14297=CARTESIAN_POINT('',(-3.45,-2.75,0.8));
#14298=CARTESIAN_POINT('',(-3.45,-2.75,3.8));
#14299=CARTESIAN_POINT('',(-3.45,-2.25,0.1));
#14300=CARTESIAN_POINT('Origin',(-3.45,-2.01,0.8));
#14301=CARTESIAN_POINT('',(-3.45,2.25,0.1));
#14302=CARTESIAN_POINT('',(-3.45,0.,0.1));
#14303=CARTESIAN_POINT('',(-3.45,2.75,0.8));
#14304=CARTESIAN_POINT('Origin',(-3.45,2.01,0.8));
#14305=CARTESIAN_POINT('',(-3.45,2.75,2.5));
#14306=CARTESIAN_POINT('',(-3.45,2.75,3.8));
#14307=CARTESIAN_POINT('',(-3.45,1.75,2.5));
#14308=CARTESIAN_POINT('',(-3.45,0.,2.5));
#14309=CARTESIAN_POINT('',(-3.45,1.75,4.5));
#14310=CARTESIAN_POINT('',(-3.45,1.75,3.8));
#14311=CARTESIAN_POINT('',(-3.45,3.45,4.5));
#14312=CARTESIAN_POINT('',(-3.45,0.,4.5));
#14313=CARTESIAN_POINT('',(-3.45,3.45,3.8));
#14314=CARTESIAN_POINT('Origin',(-3.45,-2.5,6.5));
#14315=CARTESIAN_POINT('',(-3.35,-1.,6.5));
#14316=CARTESIAN_POINT('',(-3.4,-1.,6.5));
#14317=CARTESIAN_POINT('',(-3.35,-1.75,6.5));
#14318=CARTESIAN_POINT('Origin',(-3.35,0.,0.));
#14319=CARTESIAN_POINT('',(-3.35,-1.,3.5));
#14320=CARTESIAN_POINT('',(-3.35,-1.,5.));
#14321=CARTESIAN_POINT('',(-3.35,-0.5,3.5));
#14322=CARTESIAN_POINT('',(-3.35,-0.75,3.5));
#14323=CARTESIAN_POINT('',(-3.35,-0.5,2.5));
#14324=CARTESIAN_POINT('',(-3.35,-0.5,3.));
#14325=CARTESIAN_POINT('',(-3.35,0.5,2.5));
#14326=CARTESIAN_POINT('',(-3.35,-3.33066907388E-16,2.5));
#14327=CARTESIAN_POINT('',(-3.35,0.5,3.5));
#14328=CARTESIAN_POINT('',(-3.35,0.5,3.));
#14329=CARTESIAN_POINT('',(-3.35,1.,3.5));
#14330=CARTESIAN_POINT('',(-3.35,0.75,3.5));
#14331=CARTESIAN_POINT('',(-3.35,1.,6.5));
#14332=CARTESIAN_POINT('',(-3.35,1.,5.));
#14333=CARTESIAN_POINT('',(-3.35,2.5,6.5));
#14334=CARTESIAN_POINT('',(-3.35,1.75,6.5));
#14335=CARTESIAN_POINT('',(-3.35,2.5,7.));
#14336=CARTESIAN_POINT('Origin',(3.45,4.,8.));
#14337=CARTESIAN_POINT('',(3.45,3.45,4.5));
#14338=CARTESIAN_POINT('',(3.45,3.45,3.8));
#14339=CARTESIAN_POINT('',(3.45,1.75,4.5));
#14340=CARTESIAN_POINT('',(3.45,0.,4.5));
#14341=CARTESIAN_POINT('',(3.45,1.75,2.5));
#14342=CARTESIAN_POINT('',(3.45,1.75,3.8));
#14343=CARTESIAN_POINT('',(3.45,2.75,2.5));
#14344=CARTESIAN_POINT('',(3.45,0.,2.5));
#14345=CARTESIAN_POINT('',(3.45,2.75,0.8));
#14346=CARTESIAN_POINT('',(3.45,2.75,3.8));
#14347=CARTESIAN_POINT('',(3.45,2.25,0.1));
#14348=CARTESIAN_POINT('Origin',(3.45,2.01,0.8));
#14349=CARTESIAN_POINT('',(3.45,-2.25,0.1));
#14350=CARTESIAN_POINT('',(3.45,0.,0.1));
#14351=CARTESIAN_POINT('',(3.45,-2.75,0.8));
#14352=CARTESIAN_POINT('Origin',(3.45,-2.01,0.8));
#14353=CARTESIAN_POINT('',(3.45,-2.75,2.5));
#14354=CARTESIAN_POINT('',(3.45,-2.75,3.8));
#14355=CARTESIAN_POINT('',(3.45,-1.75,2.5));
#14356=CARTESIAN_POINT('',(3.45,0.,2.5));
#14357=CARTESIAN_POINT('',(3.45,-1.75,4.5));
#14358=CARTESIAN_POINT('',(3.45,-1.75,3.8));
#14359=CARTESIAN_POINT('',(3.45,-3.45,4.5));
#14360=CARTESIAN_POINT('',(3.45,0.,4.5));
#14361=CARTESIAN_POINT('',(3.45,-3.45,3.8));
#14362=CARTESIAN_POINT('Origin',(-4.,3.45,8.));
#14363=CARTESIAN_POINT('',(4.4408920985E-16,3.45,4.5));
#14364=CARTESIAN_POINT('Origin',(-3.45,2.5,7.5));
#14365=CARTESIAN_POINT('',(-3.4,2.5,6.5));
#14366=CARTESIAN_POINT('Origin',(4.,-3.45,8.));
#14367=CARTESIAN_POINT('',(4.4408920985E-16,-3.45,4.5));
#14368=CARTESIAN_POINT('Origin',(2.,-2.,8.));
#14369=CARTESIAN_POINT('',(-2.,-2.,8.));
#14370=CARTESIAN_POINT('',(-2.,-2.,7.75));
#14371=CARTESIAN_POINT('',(2.,-2.,8.));
#14372=CARTESIAN_POINT('',(4.4408920985E-16,-2.,8.));
#14373=CARTESIAN_POINT('',(2.,-2.,7.75));
#14374=CARTESIAN_POINT('Origin',(-2.,-2.,8.));
#14375=CARTESIAN_POINT('',(-2.,2.,8.));
#14376=CARTESIAN_POINT('',(-2.,2.,7.75));
#14377=CARTESIAN_POINT('',(-2.,-4.4408920985E-16,8.));
#14378=CARTESIAN_POINT('Origin',(-2.,2.,8.));
#14379=CARTESIAN_POINT('',(2.,2.,8.));
#14380=CARTESIAN_POINT('',(2.,2.,7.75));
#14381=CARTESIAN_POINT('',(-4.4408920985E-16,2.,8.));
#14382=CARTESIAN_POINT('Origin',(2.,2.,8.));
#14383=CARTESIAN_POINT('',(2.,0.,8.));
#14384=CARTESIAN_POINT('Origin',(3.45,0.,4.5));
#14385=CARTESIAN_POINT('',(-3.5,4.,4.5));
#14386=CARTESIAN_POINT('',(-4.,3.5,4.5));
#14387=CARTESIAN_POINT('Origin',(-3.5,3.5,4.5));
#14388=CARTESIAN_POINT('',(3.5,4.,4.5));
#14389=CARTESIAN_POINT('',(1.33226762955E-15,4.,4.5));
#14390=CARTESIAN_POINT('',(4.,3.5,4.5));
#14391=CARTESIAN_POINT('Origin',(3.5,3.5,4.5));
#14392=CARTESIAN_POINT('',(4.,1.75,4.5));
#14393=CARTESIAN_POINT('',(4.,2.625,4.5));
#14394=CARTESIAN_POINT('',(3.725,1.75,4.5));
#14395=CARTESIAN_POINT('',(-4.,1.75,4.5));
#14396=CARTESIAN_POINT('',(-3.725,1.75,4.5));
#14397=CARTESIAN_POINT('',(-4.,2.625,4.5));
#14398=CARTESIAN_POINT('Origin',(0.,1.75,4.5));
#14399=CARTESIAN_POINT('',(-4.,1.75,2.5));
#14400=CARTESIAN_POINT('',(-3.725,1.75,2.5));
#14401=CARTESIAN_POINT('',(-4.,1.75,3.5));
#14402=CARTESIAN_POINT('Origin',(0.,-1.75,2.5));
#14403=CARTESIAN_POINT('',(-4.,2.75,2.5));
#14404=CARTESIAN_POINT('',(-3.725,2.75,2.5));
#14405=CARTESIAN_POINT('',(-4.,2.25,2.5));
#14406=CARTESIAN_POINT('Origin',(0.,2.75,2.5));
#14407=CARTESIAN_POINT('',(-4.,2.75,0.8));
#14408=CARTESIAN_POINT('',(-3.725,2.75,0.8));
#14409=CARTESIAN_POINT('',(-4.,2.75,1.65));
#14410=CARTESIAN_POINT('Origin',(8.881784197E-16,2.01,0.8));
#14411=CARTESIAN_POINT('',(-4.,2.25,0.1));
#14412=CARTESIAN_POINT('',(8.881784197E-16,2.25,0.1));
#14413=CARTESIAN_POINT('Origin',(-4.,2.01,0.8));
#14414=CARTESIAN_POINT('Origin',(0.,0.,0.1));
#14415=CARTESIAN_POINT('',(-4.,-2.25,0.1));
#14416=CARTESIAN_POINT('',(-4.,-4.4408920985E-16,0.1));
#14417=CARTESIAN_POINT('',(-3.725,-2.25,0.1));
#14418=CARTESIAN_POINT('Origin',(8.881784197E-16,-2.01,0.8));
#14419=CARTESIAN_POINT('',(-4.,-2.75,0.8));
#14420=CARTESIAN_POINT('',(8.881784197E-16,-2.75,0.8));
#14421=CARTESIAN_POINT('Origin',(-4.,-2.01,0.8));
#14422=CARTESIAN_POINT('Origin',(0.,-2.75,2.5));
#14423=CARTESIAN_POINT('',(-4.,-2.75,2.5));
#14424=CARTESIAN_POINT('',(-3.725,-2.75,2.5));
#14425=CARTESIAN_POINT('',(-4.,-2.75,1.65));
#14426=CARTESIAN_POINT('Origin',(0.,-1.75,2.5));
#14427=CARTESIAN_POINT('',(-4.,-1.75,2.5));
#14428=CARTESIAN_POINT('',(-3.725,-1.75,2.5));
#14429=CARTESIAN_POINT('',(-4.,-2.25,2.5));
#14430=CARTESIAN_POINT('Origin',(0.,-1.75,4.5));
#14431=CARTESIAN_POINT('',(-4.,-1.75,4.5));
#14432=CARTESIAN_POINT('',(-3.725,-1.75,4.5));
#14433=CARTESIAN_POINT('',(-4.,-1.75,3.5));
#14434=CARTESIAN_POINT('Origin',(3.45,0.,4.5));
#14435=CARTESIAN_POINT('',(-4.,-3.5,4.5));
#14436=CARTESIAN_POINT('',(-3.5,-4.,4.5));
#14437=CARTESIAN_POINT('Origin',(-3.5,-3.5,4.5));
#14438=CARTESIAN_POINT('',(-4.,-2.625,4.5));
#14439=CARTESIAN_POINT('',(4.,-1.75,4.5));
#14440=CARTESIAN_POINT('',(3.725,-1.75,4.5));
#14441=CARTESIAN_POINT('',(4.,-3.5,4.5));
#14442=CARTESIAN_POINT('',(4.,-2.625,4.5));
#14443=CARTESIAN_POINT('',(3.5,-4.,4.5));
#14444=CARTESIAN_POINT('Origin',(3.5,-3.5,4.5));
#14445=CARTESIAN_POINT('',(0.,-4.,4.5));
#14446=CARTESIAN_POINT('Origin',(-3.45,-1.,6.5));
#14447=CARTESIAN_POINT('',(-3.4,-1.,3.5));
#14448=CARTESIAN_POINT('Origin',(-3.45,-1.,3.5));
#14449=CARTESIAN_POINT('',(-3.4,-0.5,3.5));
#14450=CARTESIAN_POINT('Origin',(-3.45,-0.5,3.5));
#14451=CARTESIAN_POINT('',(-3.4,-0.5,2.5));
#14452=CARTESIAN_POINT('Origin',(0.,-1.75,2.5));
#14453=CARTESIAN_POINT('',(-3.4,0.5,2.5));
#14454=CARTESIAN_POINT('Origin',(-3.45,0.5,3.5));
#14455=CARTESIAN_POINT('',(-3.4,0.5,3.5));
#14456=CARTESIAN_POINT('Origin',(-3.45,-1.,3.5));
#14457=CARTESIAN_POINT('',(-3.4,1.,3.5));
#14458=CARTESIAN_POINT('Origin',(-3.45,1.,6.5));
#14459=CARTESIAN_POINT('',(-3.4,1.,6.5));
#14460=CARTESIAN_POINT('Origin',(-3.45,-2.5,6.5));
#14461=CARTESIAN_POINT('Origin',(0.,-1.75,4.5));
#14462=CARTESIAN_POINT('',(4.,-1.75,2.5));
#14463=CARTESIAN_POINT('',(3.725,-1.75,2.5));
#14464=CARTESIAN_POINT('',(4.,-1.75,3.5));
#14465=CARTESIAN_POINT('Origin',(0.,-1.75,2.5));
#14466=CARTESIAN_POINT('',(4.,-2.75,2.5));
#14467=CARTESIAN_POINT('',(3.725,-2.75,2.5));
#14468=CARTESIAN_POINT('',(4.,-2.25,2.5));
#14469=CARTESIAN_POINT('Origin',(0.,-2.75,2.5));
#14470=CARTESIAN_POINT('',(4.,-2.75,0.8));
#14471=CARTESIAN_POINT('',(3.725,-2.75,0.8));
#14472=CARTESIAN_POINT('',(4.,-2.75,1.65));
#14473=CARTESIAN_POINT('Origin',(8.881784197E-16,-2.01,0.8));
#14474=CARTESIAN_POINT('',(4.,-2.25,0.1));
#14475=CARTESIAN_POINT('',(8.881784197E-16,-2.25,0.1));
#14476=CARTESIAN_POINT('Origin',(4.,-2.01,0.8));
#14477=CARTESIAN_POINT('Origin',(0.,0.,0.1));
#14478=CARTESIAN_POINT('',(4.,2.25,0.1));
#14479=CARTESIAN_POINT('',(3.725,2.25,0.1));
#14480=CARTESIAN_POINT('',(4.,-4.4408920985E-16,0.1));
#14481=CARTESIAN_POINT('Origin',(8.881784197E-16,2.01,0.8));
#14482=CARTESIAN_POINT('',(4.,2.75,0.8));
#14483=CARTESIAN_POINT('',(8.881784197E-16,2.75,0.8));
#14484=CARTESIAN_POINT('Origin',(4.,2.01,0.8));
#14485=CARTESIAN_POINT('Origin',(0.,2.75,2.5));
#14486=CARTESIAN_POINT('',(4.,2.75,2.5));
#14487=CARTESIAN_POINT('',(3.725,2.75,2.5));
#14488=CARTESIAN_POINT('',(4.,2.75,1.65));
#14489=CARTESIAN_POINT('Origin',(0.,-1.75,2.5));
#14490=CARTESIAN_POINT('',(4.,1.75,2.5));
#14491=CARTESIAN_POINT('',(3.725,1.75,2.5));
#14492=CARTESIAN_POINT('',(4.,2.25,2.5));
#14493=CARTESIAN_POINT('Origin',(0.,1.75,4.5));
#14494=CARTESIAN_POINT('',(4.,1.75,3.5));
#14495=CARTESIAN_POINT('Origin',(0.,0.,8.));
#14496=CARTESIAN_POINT('',(3.5,3.5,8.));
#14497=CARTESIAN_POINT('',(3.5,-3.5,8.));
#14498=CARTESIAN_POINT('',(3.5,-8.881784197E-16,8.));
#14499=CARTESIAN_POINT('',(-3.5,3.5,8.));
#14500=CARTESIAN_POINT('',(-4.4408920985E-16,3.5,8.));
#14501=CARTESIAN_POINT('',(-3.5,-3.5,8.));
#14502=CARTESIAN_POINT('',(-3.5,-8.881784197E-16,8.));
#14503=CARTESIAN_POINT('',(1.33226762955E-15,-3.5,8.));
#14504=CARTESIAN_POINT('Origin',(-4.,-4.,8.));
#14505=CARTESIAN_POINT('',(-4.,3.5,7.5));
#14506=CARTESIAN_POINT('',(-4.,3.5,6.));
#14507=CARTESIAN_POINT('',(-4.,-3.5,7.5));
#14508=CARTESIAN_POINT('',(-4.,-3.5,6.));
#14509=CARTESIAN_POINT('',(-4.,-4.4408920985E-16,7.5));
#14510=CARTESIAN_POINT('Origin',(4.,4.,8.));
#14511=CARTESIAN_POINT('',(4.,-3.5,7.5));
#14512=CARTESIAN_POINT('',(4.,-3.5,6.));
#14513=CARTESIAN_POINT('',(4.,3.5,7.5));
#14514=CARTESIAN_POINT('',(4.,3.5,6.));
#14515=CARTESIAN_POINT('',(4.,-4.4408920985E-16,7.5));
#14516=CARTESIAN_POINT('Origin',(3.5,3.5,4.05));
#14517=CARTESIAN_POINT('',(3.5,4.,7.5));
#14518=CARTESIAN_POINT('',(3.5,4.,4.05));
#14519=CARTESIAN_POINT('Origin',(3.5,3.5,7.5));
#14520=CARTESIAN_POINT('Origin',(-4.,4.,8.));
#14521=CARTESIAN_POINT('',(-3.5,4.,7.5));
#14522=CARTESIAN_POINT('',(-3.5,4.,6.));
#14523=CARTESIAN_POINT('',(0.,4.,7.5));
#14524=CARTESIAN_POINT('Origin',(-3.5,3.5,4.05));
#14525=CARTESIAN_POINT('Origin',(-3.5,3.5,7.5));
#14526=CARTESIAN_POINT('Origin',(4.,-4.,8.));
#14527=CARTESIAN_POINT('',(-3.5,-4.,7.5));
#14528=CARTESIAN_POINT('',(-3.5,-4.,6.));
#14529=CARTESIAN_POINT('',(3.5,-4.,7.5));
#14530=CARTESIAN_POINT('',(3.5,-4.,6.));
#14531=CARTESIAN_POINT('',(8.881784197E-16,-4.,7.5));
#14532=CARTESIAN_POINT('Origin',(3.5,-3.5,4.05));
#14533=CARTESIAN_POINT('Origin',(3.5,-3.5,7.5));
#14534=CARTESIAN_POINT('Origin',(-3.5,-3.5,4.05));
#14535=CARTESIAN_POINT('Origin',(-3.5,-3.5,7.5));
#14536=CARTESIAN_POINT('Origin',(3.5,0.,7.5));
#14537=CARTESIAN_POINT('Origin',(3.5,-3.5,7.5));
#14538=CARTESIAN_POINT('Origin',(3.5,3.5,7.5));
#14539=CARTESIAN_POINT('Origin',(4.4408920985E-16,3.5,7.5));
#14540=CARTESIAN_POINT('Origin',(3.5,3.5,7.5));
#14541=CARTESIAN_POINT('Origin',(-3.5,3.5,7.5));
#14542=CARTESIAN_POINT('Origin',(-3.5,-4.4408920985E-16,7.5));
#14543=CARTESIAN_POINT('Origin',(-3.5,3.5,7.5));
#14544=CARTESIAN_POINT('Origin',(-3.5,-3.5,7.5));
#14545=CARTESIAN_POINT('Origin',(0.,-3.5,7.5));
#14546=CARTESIAN_POINT('Origin',(-3.5,-3.5,7.5));
#14547=CARTESIAN_POINT('Origin',(3.5,-3.5,7.5));
#14548=CARTESIAN_POINT('Origin',(3.5,3.5,7.5));
#14549=CARTESIAN_POINT('Origin',(-3.5,3.5,7.5));
#14550=CARTESIAN_POINT('Origin',(3.5,-3.5,7.5));
#14551=CARTESIAN_POINT('Origin',(-3.5,-3.5,7.5));
#14552=CARTESIAN_POINT('Origin',(-3.45,2.75,4.2));
#14553=CARTESIAN_POINT('',(-3.45,-1.75,4.2));
#14554=CARTESIAN_POINT('',(-3.9,-1.75,3.23497188577));
#14555=CARTESIAN_POINT('',(-3.675,-1.75,3.71748594289));
#14556=CARTESIAN_POINT('',(-3.9,-2.75,3.23497188577));
#14557=CARTESIAN_POINT('',(-3.9,-2.25,3.23497188577));
#14558=CARTESIAN_POINT('',(-3.45,-2.75,4.2));
#14559=CARTESIAN_POINT('',(-3.675,-2.75,3.71748594289));
#14560=CARTESIAN_POINT('',(-3.45,-2.25,4.2));
#14561=CARTESIAN_POINT('Origin',(-3.9,2.75,3.23497188577));
#14562=CARTESIAN_POINT('',(-3.9,-1.75,2.5));
#14563=CARTESIAN_POINT('',(-3.9,-1.75,2.86748594289));
#14564=CARTESIAN_POINT('',(-3.9,-2.75,2.5));
#14565=CARTESIAN_POINT('',(-3.9,-2.25,2.5));
#14566=CARTESIAN_POINT('',(-3.9,-2.75,2.86748594289));
#14567=CARTESIAN_POINT('Origin',(0.,-1.75,0.));
#14568=CARTESIAN_POINT('',(-3.45,-1.75,2.5));
#14569=CARTESIAN_POINT('',(-3.45,-1.75,3.35));
#14570=CARTESIAN_POINT('',(-3.675,-1.75,2.5));
#14571=CARTESIAN_POINT('Origin',(-3.9,2.75,2.5));
#14572=CARTESIAN_POINT('',(-3.45,-2.75,2.5));
#14573=CARTESIAN_POINT('',(-3.45,-2.25,2.5));
#14574=CARTESIAN_POINT('',(-3.675,-2.75,2.5));
#14575=CARTESIAN_POINT('Origin',(-3.9,2.75,2.5));
#14576=CARTESIAN_POINT('',(3.9,-1.75,2.5));
#14577=CARTESIAN_POINT('',(3.45,-1.75,2.5));
#14578=CARTESIAN_POINT('',(3.675,-1.75,2.5));
#14579=CARTESIAN_POINT('',(3.9,-2.75,2.5));
#14580=CARTESIAN_POINT('',(3.9,-2.25,2.5));
#14581=CARTESIAN_POINT('',(3.45,-2.75,2.5));
#14582=CARTESIAN_POINT('',(3.675,-2.75,2.5));
#14583=CARTESIAN_POINT('',(3.45,-2.25,2.5));
#14584=CARTESIAN_POINT('Origin',(0.,-1.75,0.));
#14585=CARTESIAN_POINT('',(3.45,-1.75,4.2));
#14586=CARTESIAN_POINT('',(3.9,-1.75,3.23497188577));
#14587=CARTESIAN_POINT('',(3.675,-1.75,3.71748594289));
#14588=CARTESIAN_POINT('',(3.9,-1.75,2.86748594289));
#14589=CARTESIAN_POINT('',(3.45,-1.75,3.35));
#14590=CARTESIAN_POINT('Origin',(3.9,2.75,3.23497188577));
#14591=CARTESIAN_POINT('',(3.9,-2.75,3.23497188577));
#14592=CARTESIAN_POINT('',(3.9,-2.25,3.23497188577));
#14593=CARTESIAN_POINT('',(3.9,-2.75,2.86748594289));
#14594=CARTESIAN_POINT('Origin',(3.45,2.75,4.2));
#14595=CARTESIAN_POINT('',(3.45,-2.75,4.2));
#14596=CARTESIAN_POINT('',(3.45,-2.25,4.2));
#14597=CARTESIAN_POINT('',(3.675,-2.75,3.71748594289));
#14598=CARTESIAN_POINT('Origin',(-3.45,2.75,4.2));
#14599=CARTESIAN_POINT('',(-3.45,2.75,4.2));
#14600=CARTESIAN_POINT('',(-3.45,1.75,4.2));
#14601=CARTESIAN_POINT('',(-3.45,2.25,4.2));
#14602=CARTESIAN_POINT('',(-3.9,2.75,3.23497188577));
#14603=CARTESIAN_POINT('',(-3.675,2.75,3.71748594289));
#14604=CARTESIAN_POINT('',(-3.9,1.75,3.23497188577));
#14605=CARTESIAN_POINT('',(-3.9,2.25,3.23497188577));
#14606=CARTESIAN_POINT('',(-3.675,1.75,3.71748594289));
#14607=CARTESIAN_POINT('Origin',(-3.45,-2.75,0.));
#14608=CARTESIAN_POINT('',(-3.45,-2.75,4.5));
#14609=CARTESIAN_POINT('',(-3.45,-2.75,4.35));
#14610=CARTESIAN_POINT('',(-3.45,-3.4,4.5));
#14611=CARTESIAN_POINT('',(-3.45,-3.075,4.5));
#14612=CARTESIAN_POINT('',(-3.45,-3.4,6.7));
#14613=CARTESIAN_POINT('',(-3.45,-3.4,5.6));
#14614=CARTESIAN_POINT('',(-3.45,-2.5,6.7));
#14615=CARTESIAN_POINT('',(-3.45,-2.95,6.7));
#14616=CARTESIAN_POINT('',(-3.45,-2.5,4.5));
#14617=CARTESIAN_POINT('',(-3.45,-2.5,5.6));
#14618=CARTESIAN_POINT('',(-3.45,-1.25,4.5));
#14619=CARTESIAN_POINT('',(-3.45,-1.875,4.5));
#14620=CARTESIAN_POINT('',(-3.45,-1.25,1.));
#14621=CARTESIAN_POINT('',(-3.45,-1.25,2.75));
#14622=CARTESIAN_POINT('',(-3.45,1.25,1.));
#14623=CARTESIAN_POINT('',(-3.45,0.,1.));
#14624=CARTESIAN_POINT('',(-3.45,1.25,4.5));
#14625=CARTESIAN_POINT('',(-3.45,1.25,2.75));
#14626=CARTESIAN_POINT('',(-3.45,2.5,4.5));
#14627=CARTESIAN_POINT('',(-3.45,1.875,4.5));
#14628=CARTESIAN_POINT('',(-3.45,2.5,6.7));
#14629=CARTESIAN_POINT('',(-3.45,2.5,5.6));
#14630=CARTESIAN_POINT('',(-3.45,3.4,6.7));
#14631=CARTESIAN_POINT('',(-3.45,2.95,6.7));
#14632=CARTESIAN_POINT('',(-3.45,3.4,4.5));
#14633=CARTESIAN_POINT('',(-3.45,3.4,5.6));
#14634=CARTESIAN_POINT('',(-3.45,2.75,4.5));
#14635=CARTESIAN_POINT('',(-3.45,3.075,4.5));
#14636=CARTESIAN_POINT('',(-3.45,2.75,4.35));
#14637=CARTESIAN_POINT('',(-3.45,1.75,2.5));
#14638=CARTESIAN_POINT('',(-3.45,1.75,3.35));
#14639=CARTESIAN_POINT('',(-3.45,2.75,2.5));
#14640=CARTESIAN_POINT('',(-3.45,2.25,2.5));
#14641=CARTESIAN_POINT('',(-3.45,2.75,0.));
#14642=CARTESIAN_POINT('',(-3.45,2.75,1.25));
#14643=CARTESIAN_POINT('',(-3.45,-2.75,0.));
#14644=CARTESIAN_POINT('',(-3.45,-1.33226762955E-15,0.));
#14645=CARTESIAN_POINT('',(-3.45,-2.75,1.25));
#14646=CARTESIAN_POINT('Origin',(-3.45,2.75,0.));
#14647=CARTESIAN_POINT('',(-3.9,2.75,2.5));
#14648=CARTESIAN_POINT('',(-3.675,2.75,2.5));
#14649=CARTESIAN_POINT('',(-3.9,2.75,2.86748594289));
#14650=CARTESIAN_POINT('',(-4.,2.75,4.5));
#14651=CARTESIAN_POINT('',(-3.725,2.75,4.5));
#14652=CARTESIAN_POINT('',(-4.,2.75,0.));
#14653=CARTESIAN_POINT('',(-4.,2.75,2.25));
#14654=CARTESIAN_POINT('',(-3.725,2.75,0.));
#14655=CARTESIAN_POINT('Origin',(-3.9,2.75,3.23497188577));
#14656=CARTESIAN_POINT('',(-3.9,1.75,2.5));
#14657=CARTESIAN_POINT('',(-3.9,2.25,2.5));
#14658=CARTESIAN_POINT('',(-3.9,1.75,2.86748594289));
#14659=CARTESIAN_POINT('Origin',(0.,1.75,0.));
#14660=CARTESIAN_POINT('',(-3.675,1.75,2.5));
#14661=CARTESIAN_POINT('Origin',(-4.,-2.75,0.));
#14662=CARTESIAN_POINT('',(-4.,-2.75,0.));
#14663=CARTESIAN_POINT('',(-3.725,-2.75,0.));
#14664=CARTESIAN_POINT('',(-4.,-2.75,4.5));
#14665=CARTESIAN_POINT('',(-4.,-2.75,2.25));
#14666=CARTESIAN_POINT('',(-3.725,-2.75,4.5));
#14667=CARTESIAN_POINT('Origin',(0.,0.,0.));
#14668=CARTESIAN_POINT('',(-3.5,4.,0.));
#14669=CARTESIAN_POINT('',(-4.,3.5,0.));
#14670=CARTESIAN_POINT('Origin',(-3.5,3.5,0.));
#14671=CARTESIAN_POINT('',(3.5,4.,0.));
#14672=CARTESIAN_POINT('',(0.,4.,0.));
#14673=CARTESIAN_POINT('',(4.,3.5,0.));
#14674=CARTESIAN_POINT('Origin',(3.5,3.5,0.));
#14675=CARTESIAN_POINT('',(4.,2.75,0.));
#14676=CARTESIAN_POINT('',(4.,3.125,0.));
#14677=CARTESIAN_POINT('',(3.45,2.75,0.));
#14678=CARTESIAN_POINT('',(3.725,2.75,0.));
#14679=CARTESIAN_POINT('',(3.45,-2.75,0.));
#14680=CARTESIAN_POINT('',(3.45,-1.7763568394E-15,0.));
#14681=CARTESIAN_POINT('',(4.,-2.75,0.));
#14682=CARTESIAN_POINT('',(3.725,-2.75,0.));
#14683=CARTESIAN_POINT('',(4.,-3.5,0.));
#14684=CARTESIAN_POINT('',(4.,-3.125,0.));
#14685=CARTESIAN_POINT('',(3.5,-4.,0.));
#14686=CARTESIAN_POINT('Origin',(3.5,-3.5,0.));
#14687=CARTESIAN_POINT('',(-3.5,-4.,0.));
#14688=CARTESIAN_POINT('',(0.,-4.,0.));
#14689=CARTESIAN_POINT('',(-4.,-3.5,0.));
#14690=CARTESIAN_POINT('Origin',(-3.5,-3.5,0.));
#14691=CARTESIAN_POINT('',(-4.,-3.125,0.));
#14692=CARTESIAN_POINT('',(-4.,3.125,0.));
#14693=CARTESIAN_POINT('',(-3.,1.3,0.));
#14694=CARTESIAN_POINT('',(-1.,1.3,0.));
#14695=CARTESIAN_POINT('',(-2.,1.3,0.));
#14696=CARTESIAN_POINT('',(-3.,-1.3,0.));
#14697=CARTESIAN_POINT('',(-3.,6.66133814775E-16,0.));
#14698=CARTESIAN_POINT('',(-1.,-1.3,0.));
#14699=CARTESIAN_POINT('',(-2.,-1.3,0.));
#14700=CARTESIAN_POINT('',(-1.,0.,0.));
#14701=CARTESIAN_POINT('',(1.2,-2.9,0.));
#14702=CARTESIAN_POINT('',(2.2,-2.9,0.));
#14703=CARTESIAN_POINT('',(1.7,-2.9,0.));
#14704=CARTESIAN_POINT('',(1.2,-3.7,0.));
#14705=CARTESIAN_POINT('',(1.2,-3.3,0.));
#14706=CARTESIAN_POINT('',(2.2,-3.7,0.));
#14707=CARTESIAN_POINT('',(1.7,-3.7,0.));
#14708=CARTESIAN_POINT('',(2.2,-3.15,0.));
#14709=CARTESIAN_POINT('',(2.2,-3.425,0.));
#14710=CARTESIAN_POINT('',(2.8,-3.15,0.));
#14711=CARTESIAN_POINT('',(2.5,-3.15,0.));
#14712=CARTESIAN_POINT('',(2.8,-2.85,0.));
#14713=CARTESIAN_POINT('',(2.8,-3.,0.));
#14714=CARTESIAN_POINT('',(2.2,-2.85,0.));
#14715=CARTESIAN_POINT('',(2.5,-2.85,0.));
#14716=CARTESIAN_POINT('',(2.2,-2.875,0.));
#14717=CARTESIAN_POINT('',(-2.2,-2.85,0.));
#14718=CARTESIAN_POINT('',(-2.2,-3.15,0.));
#14719=CARTESIAN_POINT('',(-2.2,-3.,0.));
#14720=CARTESIAN_POINT('',(-2.8,-2.85,0.));
#14721=CARTESIAN_POINT('',(-2.5,-2.85,0.));
#14722=CARTESIAN_POINT('',(-2.8,-3.15,0.));
#14723=CARTESIAN_POINT('',(-2.8,-3.,0.));
#14724=CARTESIAN_POINT('',(-2.5,-3.15,0.));
#14725=CARTESIAN_POINT('',(2.2,3.15,0.));
#14726=CARTESIAN_POINT('',(2.2,3.7,0.));
#14727=CARTESIAN_POINT('',(2.2,3.425,0.));
#14728=CARTESIAN_POINT('',(1.2,3.7,0.));
#14729=CARTESIAN_POINT('',(1.7,3.7,0.));
#14730=CARTESIAN_POINT('',(1.2,2.9,0.));
#14731=CARTESIAN_POINT('',(1.2,3.3,0.));
#14732=CARTESIAN_POINT('',(2.2,2.9,0.));
#14733=CARTESIAN_POINT('',(1.7,2.9,0.));
#14734=CARTESIAN_POINT('',(2.2,2.85,0.));
#14735=CARTESIAN_POINT('',(2.2,2.875,0.));
#14736=CARTESIAN_POINT('',(2.8,2.85,0.));
#14737=CARTESIAN_POINT('',(2.5,2.85,0.));
#14738=CARTESIAN_POINT('',(2.8,3.15,0.));
#14739=CARTESIAN_POINT('',(2.8,3.,0.));
#14740=CARTESIAN_POINT('',(2.5,3.15,0.));
#14741=CARTESIAN_POINT('',(-2.2,3.15,0.));
#14742=CARTESIAN_POINT('',(-2.8,3.15,0.));
#14743=CARTESIAN_POINT('',(-2.5,3.15,0.));
#14744=CARTESIAN_POINT('',(-2.8,2.85,0.));
#14745=CARTESIAN_POINT('',(-2.8,3.,0.));
#14746=CARTESIAN_POINT('',(-2.2,2.85,0.));
#14747=CARTESIAN_POINT('',(-2.5,2.85,0.));
#14748=CARTESIAN_POINT('',(-2.2,3.,0.));
#14749=CARTESIAN_POINT('',(-0.3,-3.15,0.));
#14750=CARTESIAN_POINT('',(-0.3,-2.85,0.));
#14751=CARTESIAN_POINT('',(-0.3,-3.,0.));
#14752=CARTESIAN_POINT('',(0.3,-3.15,0.));
#14753=CARTESIAN_POINT('',(2.21489493413E-14,-3.15,0.));
#14754=CARTESIAN_POINT('',(0.3,-2.85,0.));
#14755=CARTESIAN_POINT('',(0.3,-3.,0.));
#14756=CARTESIAN_POINT('',(-3.88578058619E-16,-2.85,0.));
#14757=CARTESIAN_POINT('',(0.3,3.15,0.));
#14758=CARTESIAN_POINT('',(-0.3,3.15,0.));
#14759=CARTESIAN_POINT('',(-3.88578058619E-16,3.15,0.));
#14760=CARTESIAN_POINT('',(-0.3,2.85,0.));
#14761=CARTESIAN_POINT('',(-0.3,3.,0.));
#14762=CARTESIAN_POINT('',(0.3,2.85,0.));
#14763=CARTESIAN_POINT('',(0.,2.85,0.));
#14764=CARTESIAN_POINT('',(0.3,3.,0.));
#14765=CARTESIAN_POINT('Origin',(-3.9,2.75,2.5));
#14766=CARTESIAN_POINT('Origin',(0.,0.,4.5));
#14767=CARTESIAN_POINT('',(-4.,3.5,4.5));
#14768=CARTESIAN_POINT('',(-4.,3.125,4.5));
#14769=CARTESIAN_POINT('',(-0.75,3.4,4.5));
#14770=CARTESIAN_POINT('',(-2.1,3.4,4.5));
#14771=CARTESIAN_POINT('',(-0.75,3.15,4.5));
#14772=CARTESIAN_POINT('',(-0.75,3.275,4.5));
#14773=CARTESIAN_POINT('',(-0.25,3.15,4.5));
#14774=CARTESIAN_POINT('',(-0.5,3.15,4.5));
#14775=CARTESIAN_POINT('',(-0.25,3.4,4.5));
#14776=CARTESIAN_POINT('',(-0.25,3.275,4.5));
#14777=CARTESIAN_POINT('',(0.25,3.4,4.5));
#14778=CARTESIAN_POINT('',(2.22044604925E-16,3.4,4.5));
#14779=CARTESIAN_POINT('',(0.25,3.15,4.5));
#14780=CARTESIAN_POINT('',(0.25,3.275,4.5));
#14781=CARTESIAN_POINT('',(0.75,3.15,4.5));
#14782=CARTESIAN_POINT('',(0.5,3.15,4.5));
#14783=CARTESIAN_POINT('',(0.75,3.4,4.5));
#14784=CARTESIAN_POINT('',(0.75,3.275,4.5));
#14785=CARTESIAN_POINT('',(3.45,3.4,4.5));
#14786=CARTESIAN_POINT('',(2.1,3.4,4.5));
#14787=CARTESIAN_POINT('',(3.45,2.75,4.5));
#14788=CARTESIAN_POINT('',(3.45,3.075,4.5));
#14789=CARTESIAN_POINT('',(4.,2.75,4.5));
#14790=CARTESIAN_POINT('',(3.725,2.75,4.5));
#14791=CARTESIAN_POINT('',(4.,3.5,4.5));
#14792=CARTESIAN_POINT('',(4.,3.125,4.5));
#14793=CARTESIAN_POINT('',(3.5,4.,4.5));
#14794=CARTESIAN_POINT('Origin',(3.5,3.5,4.5));
#14795=CARTESIAN_POINT('',(-3.5,4.,4.5));
#14796=CARTESIAN_POINT('',(0.,4.,4.5));
#14797=CARTESIAN_POINT('Origin',(-3.5,3.5,4.5));
#14798=CARTESIAN_POINT('Origin',(-3.45,3.4,4.5));
#14799=CARTESIAN_POINT('',(3.45,3.4,6.7));
#14800=CARTESIAN_POINT('',(3.16132486541,3.4,7.2));
#14801=CARTESIAN_POINT('',(3.3056624327,3.4,6.95));
#14802=CARTESIAN_POINT('',(3.45,3.4,5.6));
#14803=CARTESIAN_POINT('',(0.75,3.4,5.5));
#14804=CARTESIAN_POINT('',(0.75,3.4,5.));
#14805=CARTESIAN_POINT('',(0.25,3.4,5.5));
#14806=CARTESIAN_POINT('',(0.5,3.4,5.5));
#14807=CARTESIAN_POINT('',(0.25,3.4,5.));
#14808=CARTESIAN_POINT('',(-0.25,3.4,5.5));
#14809=CARTESIAN_POINT('',(-0.25,3.4,5.));
#14810=CARTESIAN_POINT('',(-0.75,3.4,5.5));
#14811=CARTESIAN_POINT('',(-0.5,3.4,5.5));
#14812=CARTESIAN_POINT('',(-0.75,3.4,5.));
#14813=CARTESIAN_POINT('',(-3.16132486541,3.4,7.2));
#14814=CARTESIAN_POINT('',(-3.3056624327,3.4,6.95));
#14815=CARTESIAN_POINT('',(-1.8,3.4,7.2));
#14816=CARTESIAN_POINT('',(-2.4806624327,3.4,7.2));
#14817=CARTESIAN_POINT('',(-1.5,3.4,7.5));
#14818=CARTESIAN_POINT('',(-1.65,3.4,7.35));
#14819=CARTESIAN_POINT('',(1.5,3.4,7.5));
#14820=CARTESIAN_POINT('',(0.,3.4,7.5));
#14821=CARTESIAN_POINT('',(1.8,3.4,7.2));
#14822=CARTESIAN_POINT('',(1.65,3.4,7.35));
#14823=CARTESIAN_POINT('',(2.4806624327,3.4,7.2));
#14824=CARTESIAN_POINT('',(-0.25,3.4,6.));
#14825=CARTESIAN_POINT('',(-0.25,3.4,7.));
#14826=CARTESIAN_POINT('',(-0.25,3.4,6.5));
#14827=CARTESIAN_POINT('',(-0.75,3.4,7.));
#14828=CARTESIAN_POINT('',(-0.5,3.4,7.));
#14829=CARTESIAN_POINT('',(-0.75,3.4,6.));
#14830=CARTESIAN_POINT('',(-0.75,3.4,6.5));
#14831=CARTESIAN_POINT('',(-0.5,3.4,6.));
#14832=CARTESIAN_POINT('',(0.25,3.4,6.));
#14833=CARTESIAN_POINT('',(0.25,3.4,7.));
#14834=CARTESIAN_POINT('',(0.25,3.4,6.5));
#14835=CARTESIAN_POINT('',(0.75,3.4,6.));
#14836=CARTESIAN_POINT('',(0.5,3.4,6.));
#14837=CARTESIAN_POINT('',(0.75,3.4,7.));
#14838=CARTESIAN_POINT('',(0.75,3.4,6.5));
#14839=CARTESIAN_POINT('',(0.5,3.4,7.));
#14840=CARTESIAN_POINT('Origin',(-3.45,4.76,6.7));
#14841=CARTESIAN_POINT('',(-3.16132486541,2.5,7.2));
#14842=CARTESIAN_POINT('',(-3.3056624327,2.5,6.95));
#14843=CARTESIAN_POINT('',(-3.16132486541,8.881784197E-16,7.2));
#14844=CARTESIAN_POINT('Origin',(-3.,2.5,1.));
#14845=CARTESIAN_POINT('',(-2.,2.5,7.2));
#14846=CARTESIAN_POINT('',(-2.5806624327,2.5,7.2));
#14847=CARTESIAN_POINT('',(-3.,2.5,4.5));
#14848=CARTESIAN_POINT('',(-3.225,2.5,4.5));
#14849=CARTESIAN_POINT('',(-3.,2.5,1.));
#14850=CARTESIAN_POINT('',(-3.,2.5,2.75));
#14851=CARTESIAN_POINT('',(-2.,2.5,1.));
#14852=CARTESIAN_POINT('',(-2.5,2.5,1.));
#14853=CARTESIAN_POINT('',(-2.,2.5,4.1));
#14854=CARTESIAN_POINT('Origin',(0.,0.,4.5));
#14855=CARTESIAN_POINT('',(-3.,1.25,4.5));
#14856=CARTESIAN_POINT('',(-3.225,1.25,4.5));
#14857=CARTESIAN_POINT('',(-3.,1.875,4.5));
#14858=CARTESIAN_POINT('Origin',(0.,1.25,4.5));
#14859=CARTESIAN_POINT('',(-3.,1.25,1.));
#14860=CARTESIAN_POINT('',(-3.,1.25,2.75));
#14861=CARTESIAN_POINT('',(-3.225,1.25,1.));
#14862=CARTESIAN_POINT('Origin',(0.,-1.25,1.));
#14863=CARTESIAN_POINT('',(-3.,-1.25,1.));
#14864=CARTESIAN_POINT('',(-3.,-1.25,4.5));
#14865=CARTESIAN_POINT('',(-3.,-1.25,2.75));
#14866=CARTESIAN_POINT('',(-3.225,-1.25,1.));
#14867=CARTESIAN_POINT('',(-3.225,-1.25,4.5));
#14868=CARTESIAN_POINT('Origin',(0.,0.,4.5));
#14869=CARTESIAN_POINT('',(-3.,-2.5,4.5));
#14870=CARTESIAN_POINT('',(-3.,-1.875,4.5));
#14871=CARTESIAN_POINT('',(-3.225,-2.5,4.5));
#14872=CARTESIAN_POINT('Origin',(3.,-2.5,1.));
#14873=CARTESIAN_POINT('',(-2.,-2.5,1.));
#14874=CARTESIAN_POINT('',(-3.,-2.5,1.));
#14875=CARTESIAN_POINT('',(-2.5,-2.5,1.));
#14876=CARTESIAN_POINT('',(-3.,-2.5,2.75));
#14877=CARTESIAN_POINT('',(-3.16132486541,-2.5,7.2));
#14878=CARTESIAN_POINT('',(-3.3056624327,-2.5,6.95));
#14879=CARTESIAN_POINT('',(-2.,-2.5,7.2));
#14880=CARTESIAN_POINT('',(-2.5806624327,-2.5,7.2));
#14881=CARTESIAN_POINT('',(-2.,-2.5,4.1));
#14882=CARTESIAN_POINT('Origin',(-3.45,4.76,6.7));
#14883=CARTESIAN_POINT('',(-3.16132486541,-3.4,7.2));
#14884=CARTESIAN_POINT('',(-3.3056624327,-3.4,6.95));
#14885=CARTESIAN_POINT('',(-3.16132486541,8.881784197E-16,7.2));
#14886=CARTESIAN_POINT('Origin',(-3.45,-3.4,4.5));
#14887=CARTESIAN_POINT('',(3.16132486541,-3.4,7.2));
#14888=CARTESIAN_POINT('',(1.8,-3.4,7.2));
#14889=CARTESIAN_POINT('',(2.4806624327,-3.4,7.2));
#14890=CARTESIAN_POINT('',(1.5,-3.4,7.5));
#14891=CARTESIAN_POINT('',(1.65,-3.4,7.35));
#14892=CARTESIAN_POINT('',(-1.5,-3.4,7.5));
#14893=CARTESIAN_POINT('',(2.22044604925E-16,-3.4,7.5));
#14894=CARTESIAN_POINT('',(-1.8,-3.4,7.2));
#14895=CARTESIAN_POINT('',(-1.65,-3.4,7.35));
#14896=CARTESIAN_POINT('',(-2.4806624327,-3.4,7.2));
#14897=CARTESIAN_POINT('',(-0.75,-3.4,4.5));
#14898=CARTESIAN_POINT('',(-2.1,-3.4,4.5));
#14899=CARTESIAN_POINT('',(-0.75,-3.4,5.5));
#14900=CARTESIAN_POINT('',(-0.75,-3.4,5.));
#14901=CARTESIAN_POINT('',(-0.25,-3.4,5.5));
#14902=CARTESIAN_POINT('',(-0.5,-3.4,5.5));
#14903=CARTESIAN_POINT('',(-0.25,-3.4,4.5));
#14904=CARTESIAN_POINT('',(-0.25,-3.4,5.));
#14905=CARTESIAN_POINT('',(0.25,-3.4,4.5));
#14906=CARTESIAN_POINT('',(2.22044604925E-16,-3.4,4.5));
#14907=CARTESIAN_POINT('',(0.25,-3.4,5.5));
#14908=CARTESIAN_POINT('',(0.25,-3.4,5.));
#14909=CARTESIAN_POINT('',(0.75,-3.4,5.5));
#14910=CARTESIAN_POINT('',(0.5,-3.4,5.5));
#14911=CARTESIAN_POINT('',(0.75,-3.4,4.5));
#14912=CARTESIAN_POINT('',(0.75,-3.4,5.));
#14913=CARTESIAN_POINT('',(3.45,-3.4,4.5));
#14914=CARTESIAN_POINT('',(2.1,-3.4,4.5));
#14915=CARTESIAN_POINT('',(3.45,-3.4,6.7));
#14916=CARTESIAN_POINT('',(3.45,-3.4,5.6));
#14917=CARTESIAN_POINT('',(3.3056624327,-3.4,6.95));
#14918=CARTESIAN_POINT('',(-0.25,-3.4,6.));
#14919=CARTESIAN_POINT('',(-0.75,-3.4,6.));
#14920=CARTESIAN_POINT('',(-0.5,-3.4,6.));
#14921=CARTESIAN_POINT('',(-0.75,-3.4,7.));
#14922=CARTESIAN_POINT('',(-0.75,-3.4,6.5));
#14923=CARTESIAN_POINT('',(-0.25,-3.4,7.));
#14924=CARTESIAN_POINT('',(-0.5,-3.4,7.));
#14925=CARTESIAN_POINT('',(-0.25,-3.4,6.5));
#14926=CARTESIAN_POINT('',(0.25,-3.4,7.));
#14927=CARTESIAN_POINT('',(0.75,-3.4,7.));
#14928=CARTESIAN_POINT('',(0.5,-3.4,7.));
#14929=CARTESIAN_POINT('',(0.75,-3.4,6.));
#14930=CARTESIAN_POINT('',(0.75,-3.4,6.5));
#14931=CARTESIAN_POINT('',(0.25,-3.4,6.));
#14932=CARTESIAN_POINT('',(0.5,-3.4,6.));
#14933=CARTESIAN_POINT('',(0.25,-3.4,6.5));
#14934=CARTESIAN_POINT('Origin',(0.,0.,4.5));
#14935=CARTESIAN_POINT('',(4.,-2.75,4.5));
#14936=CARTESIAN_POINT('',(4.,-3.5,4.5));
#14937=CARTESIAN_POINT('',(4.,-3.125,4.5));
#14938=CARTESIAN_POINT('',(3.45,-2.75,4.5));
#14939=CARTESIAN_POINT('',(3.725,-2.75,4.5));
#14940=CARTESIAN_POINT('',(3.45,-3.075,4.5));
#14941=CARTESIAN_POINT('',(0.75,-3.15,4.5));
#14942=CARTESIAN_POINT('',(0.75,-3.275,4.5));
#14943=CARTESIAN_POINT('',(0.25,-3.15,4.5));
#14944=CARTESIAN_POINT('',(0.5,-3.15,4.5));
#14945=CARTESIAN_POINT('',(0.25,-3.275,4.5));
#14946=CARTESIAN_POINT('',(-0.25,-3.15,4.5));
#14947=CARTESIAN_POINT('',(-0.25,-3.275,4.5));
#14948=CARTESIAN_POINT('',(-0.75,-3.15,4.5));
#14949=CARTESIAN_POINT('',(-0.5,-3.15,4.5));
#14950=CARTESIAN_POINT('',(-0.75,-3.275,4.5));
#14951=CARTESIAN_POINT('',(-4.,-3.5,4.5));
#14952=CARTESIAN_POINT('',(-4.,-3.125,4.5));
#14953=CARTESIAN_POINT('',(-3.5,-4.,4.5));
#14954=CARTESIAN_POINT('Origin',(-3.5,-3.5,4.5));
#14955=CARTESIAN_POINT('',(3.5,-4.,4.5));
#14956=CARTESIAN_POINT('',(0.,-4.,4.5));
#14957=CARTESIAN_POINT('Origin',(3.5,-3.5,4.5));
#14958=CARTESIAN_POINT('Origin',(-4.,2.75,0.));
#14959=CARTESIAN_POINT('',(-4.,3.5,2.25));
#14960=CARTESIAN_POINT('Origin',(-4.,2.75,0.));
#14961=CARTESIAN_POINT('',(-4.,-3.5,2.25));
#14962=CARTESIAN_POINT('Origin',(-3.5,-3.5,2.25));
#14963=CARTESIAN_POINT('',(-3.5,-4.,2.25));
#14964=CARTESIAN_POINT('Origin',(4.,-4.,0.));
#14965=CARTESIAN_POINT('',(3.5,-4.,2.25));
#14966=CARTESIAN_POINT('Origin',(3.5,-3.5,2.25));
#14967=CARTESIAN_POINT('',(4.,-3.5,2.25));
#14968=CARTESIAN_POINT('Origin',(4.,-2.75,0.));
#14969=CARTESIAN_POINT('',(4.,-2.75,2.25));
#14970=CARTESIAN_POINT('Origin',(-4.,-2.75,0.));
#14971=CARTESIAN_POINT('',(3.45,-2.75,4.35));
#14972=CARTESIAN_POINT('',(3.45,-2.75,1.25));
#14973=CARTESIAN_POINT('Origin',(3.45,-2.75,0.));
#14974=CARTESIAN_POINT('',(3.45,2.75,2.5));
#14975=CARTESIAN_POINT('',(3.45,2.75,1.25));
#14976=CARTESIAN_POINT('',(3.45,1.75,2.5));
#14977=CARTESIAN_POINT('',(3.45,2.25,2.5));
#14978=CARTESIAN_POINT('',(3.45,1.75,4.2));
#14979=CARTESIAN_POINT('',(3.45,1.75,3.35));
#14980=CARTESIAN_POINT('',(3.45,2.75,4.2));
#14981=CARTESIAN_POINT('',(3.45,2.25,4.2));
#14982=CARTESIAN_POINT('',(3.45,2.75,4.35));
#14983=CARTESIAN_POINT('',(3.45,2.5,6.7));
#14984=CARTESIAN_POINT('',(3.45,2.95,6.7));
#14985=CARTESIAN_POINT('',(3.45,2.5,4.5));
#14986=CARTESIAN_POINT('',(3.45,2.5,5.6));
#14987=CARTESIAN_POINT('',(3.45,1.25,4.5));
#14988=CARTESIAN_POINT('',(3.45,1.875,4.5));
#14989=CARTESIAN_POINT('',(3.45,1.25,1.));
#14990=CARTESIAN_POINT('',(3.45,1.25,2.75));
#14991=CARTESIAN_POINT('',(3.45,-1.25,1.));
#14992=CARTESIAN_POINT('',(3.45,0.,1.));
#14993=CARTESIAN_POINT('',(3.45,-1.25,4.5));
#14994=CARTESIAN_POINT('',(3.45,-1.25,2.75));
#14995=CARTESIAN_POINT('',(3.45,-2.5,4.5));
#14996=CARTESIAN_POINT('',(3.45,-1.875,4.5));
#14997=CARTESIAN_POINT('',(3.45,-2.5,6.7));
#14998=CARTESIAN_POINT('',(3.45,-2.5,5.6));
#14999=CARTESIAN_POINT('',(3.45,-2.95,6.7));
#15000=CARTESIAN_POINT('Origin',(-3.45,2.75,0.));
#15001=CARTESIAN_POINT('',(3.9,2.75,3.23497188577));
#15002=CARTESIAN_POINT('',(3.675,2.75,3.71748594289));
#15003=CARTESIAN_POINT('',(3.9,2.75,2.5));
#15004=CARTESIAN_POINT('',(3.9,2.75,2.86748594289));
#15005=CARTESIAN_POINT('',(3.675,2.75,2.5));
#15006=CARTESIAN_POINT('',(4.,2.75,2.25));
#15007=CARTESIAN_POINT('Origin',(4.,-2.75,0.));
#15008=CARTESIAN_POINT('',(4.,3.5,2.25));
#15009=CARTESIAN_POINT('Origin',(3.5,3.5,2.25));
#15010=CARTESIAN_POINT('',(3.5,4.,2.25));
#15011=CARTESIAN_POINT('Origin',(-4.,4.,0.));
#15012=CARTESIAN_POINT('',(-3.5,4.,2.25));
#15013=CARTESIAN_POINT('Origin',(-3.5,3.5,2.25));
#15014=CARTESIAN_POINT('Origin',(-1.,0.8,1.));
#15015=CARTESIAN_POINT('',(-1.,0.3,1.));
#15016=CARTESIAN_POINT('Origin',(-1.,1.3,1.));
#15017=CARTESIAN_POINT('',(-1.,-0.3,1.));
#15018=CARTESIAN_POINT('Origin',(-1.,-1.3,1.));
#15019=CARTESIAN_POINT('',(-1.,-5.55111512313E-17,1.));
#15020=CARTESIAN_POINT('Origin',(2.2,2.85,0.));
#15021=CARTESIAN_POINT('',(2.2,-2.85,3.5));
#15022=CARTESIAN_POINT('',(2.2,-2.85,1.75));
#15023=CARTESIAN_POINT('',(2.2,-3.15,3.5));
#15024=CARTESIAN_POINT('',(2.2,-3.,3.5));
#15025=CARTESIAN_POINT('',(2.2,-3.15,0.6));
#15026=CARTESIAN_POINT('',(2.2,-3.15,2.05));
#15027=CARTESIAN_POINT('',(2.2,-2.9,0.6));
#15028=CARTESIAN_POINT('',(2.2,-3.025,0.6));
#15029=CARTESIAN_POINT('',(2.2,-2.9,0.3));
#15030=CARTESIAN_POINT('Origin',(-1.,-2.85,7.5));
#15031=CARTESIAN_POINT('',(2.8,-2.85,5.5));
#15032=CARTESIAN_POINT('',(2.8,-2.85,2.75));
#15033=CARTESIAN_POINT('',(1.,-2.85,5.5));
#15034=CARTESIAN_POINT('',(1.9,-2.85,5.5));
#15035=CARTESIAN_POINT('',(1.,-2.85,3.5));
#15036=CARTESIAN_POINT('',(1.,-2.85,4.5));
#15037=CARTESIAN_POINT('',(1.6,-2.85,3.5));
#15038=CARTESIAN_POINT('Origin',(2.8,3.15,0.));
#15039=CARTESIAN_POINT('',(2.8,-3.15,5.5));
#15040=CARTESIAN_POINT('',(2.8,-3.15,2.75));
#15041=CARTESIAN_POINT('',(2.8,-3.,5.5));
#15042=CARTESIAN_POINT('Origin',(0.3,-3.15,0.));
#15043=CARTESIAN_POINT('',(0.25,-3.15,5.5));
#15044=CARTESIAN_POINT('',(-0.25,-3.15,5.5));
#15045=CARTESIAN_POINT('',(5.55111512313E-17,-3.15,5.5));
#15046=CARTESIAN_POINT('',(0.25,-3.15,5.));
#15047=CARTESIAN_POINT('',(0.75,-3.15,5.5));
#15048=CARTESIAN_POINT('',(0.75,-3.15,5.));
#15049=CARTESIAN_POINT('',(1.775,-3.15,5.5));
#15050=CARTESIAN_POINT('',(2.2,-3.15,0.3));
#15051=CARTESIAN_POINT('',(-1.3,-3.15,3.5));
#15052=CARTESIAN_POINT('',(0.45,-3.15,3.5));
#15053=CARTESIAN_POINT('',(-1.3,-3.15,5.5));
#15054=CARTESIAN_POINT('',(-1.3,-3.15,4.5));
#15055=CARTESIAN_POINT('',(-0.75,-3.15,5.5));
#15056=CARTESIAN_POINT('',(-1.025,-3.15,5.5));
#15057=CARTESIAN_POINT('',(-0.75,-3.15,5.));
#15058=CARTESIAN_POINT('',(-0.25,-3.15,5.));
#15059=CARTESIAN_POINT('Origin',(2.2,2.85,0.));
#15060=CARTESIAN_POINT('',(2.2,-3.7,0.6));
#15061=CARTESIAN_POINT('',(2.2,-3.7,0.3));
#15062=CARTESIAN_POINT('',(2.2,-3.425,0.6));
#15063=CARTESIAN_POINT('Origin',(2.2,-3.7,0.));
#15064=CARTESIAN_POINT('',(1.2,-3.7,0.6));
#15065=CARTESIAN_POINT('',(1.2,-3.7,0.3));
#15066=CARTESIAN_POINT('',(1.7,-3.7,0.6));
#15067=CARTESIAN_POINT('Origin',(1.2,3.7,0.));
#15068=CARTESIAN_POINT('',(1.2,-2.9,0.6));
#15069=CARTESIAN_POINT('',(1.2,-2.9,0.3));
#15070=CARTESIAN_POINT('',(1.2,-3.3,0.6));
#15071=CARTESIAN_POINT('Origin',(1.2,-2.9,0.));
#15072=CARTESIAN_POINT('',(1.7,-2.9,0.6));
#15073=CARTESIAN_POINT('Origin',(0.3,-3.15,0.));
#15074=CARTESIAN_POINT('',(-2.2,-3.15,6.));
#15075=CARTESIAN_POINT('',(-0.75,-3.15,6.));
#15076=CARTESIAN_POINT('',(-1.475,-3.15,6.));
#15077=CARTESIAN_POINT('',(-2.2,-3.15,3.));
#15078=CARTESIAN_POINT('',(-2.8,-3.15,7.));
#15079=CARTESIAN_POINT('',(-2.8,-3.15,3.5));
#15080=CARTESIAN_POINT('',(-0.75,-3.15,7.));
#15081=CARTESIAN_POINT('',(-1.775,-3.15,7.));
#15082=CARTESIAN_POINT('',(-0.75,-3.15,6.5));
#15083=CARTESIAN_POINT('Origin',(-2.8,3.15,0.));
#15084=CARTESIAN_POINT('',(-2.8,-2.85,7.));
#15085=CARTESIAN_POINT('',(-2.8,-2.85,3.5));
#15086=CARTESIAN_POINT('',(-2.8,-3.,7.));
#15087=CARTESIAN_POINT('Origin',(-1.,-2.85,7.5));
#15088=CARTESIAN_POINT('',(-2.2,-2.85,6.));
#15089=CARTESIAN_POINT('',(-2.2,-2.85,3.));
#15090=CARTESIAN_POINT('',(-1.,-2.85,6.));
#15091=CARTESIAN_POINT('',(-1.6,-2.85,6.));
#15092=CARTESIAN_POINT('',(-1.,-2.85,7.));
#15093=CARTESIAN_POINT('',(-1.,-2.85,6.5));
#15094=CARTESIAN_POINT('',(-1.9,-2.85,7.));
#15095=CARTESIAN_POINT('Origin',(-2.2,2.85,0.));
#15096=CARTESIAN_POINT('',(-2.2,-3.,6.));
#15097=CARTESIAN_POINT('Origin',(0.3,3.15,0.));
#15098=CARTESIAN_POINT('',(0.75,3.15,7.));
#15099=CARTESIAN_POINT('',(0.75,3.15,6.));
#15100=CARTESIAN_POINT('',(0.75,3.15,6.5));
#15101=CARTESIAN_POINT('',(2.2,3.15,6.));
#15102=CARTESIAN_POINT('',(1.475,3.15,6.));
#15103=CARTESIAN_POINT('',(2.2,3.15,0.6));
#15104=CARTESIAN_POINT('',(2.2,3.15,3.3));
#15105=CARTESIAN_POINT('',(2.2,3.15,0.3));
#15106=CARTESIAN_POINT('',(2.8,3.15,7.));
#15107=CARTESIAN_POINT('',(2.8,3.15,3.5));
#15108=CARTESIAN_POINT('',(1.775,3.15,7.));
#15109=CARTESIAN_POINT('Origin',(2.8,3.15,0.));
#15110=CARTESIAN_POINT('',(2.8,2.85,7.));
#15111=CARTESIAN_POINT('',(2.8,2.85,3.5));
#15112=CARTESIAN_POINT('',(2.8,3.,7.));
#15113=CARTESIAN_POINT('Origin',(-1.,2.85,7.5));
#15114=CARTESIAN_POINT('',(2.2,2.85,6.));
#15115=CARTESIAN_POINT('',(2.2,2.85,3.));
#15116=CARTESIAN_POINT('',(1.,2.85,6.));
#15117=CARTESIAN_POINT('',(1.6,2.85,6.));
#15118=CARTESIAN_POINT('',(1.,2.85,7.));
#15119=CARTESIAN_POINT('',(1.,2.85,6.5));
#15120=CARTESIAN_POINT('',(1.9,2.85,7.));
#15121=CARTESIAN_POINT('Origin',(2.2,2.85,0.));
#15122=CARTESIAN_POINT('',(2.2,3.,6.));
#15123=CARTESIAN_POINT('',(2.2,2.9,0.6));
#15124=CARTESIAN_POINT('',(2.2,2.9,0.3));
#15125=CARTESIAN_POINT('',(2.2,3.025,0.6));
#15126=CARTESIAN_POINT('Origin',(1.2,2.9,0.));
#15127=CARTESIAN_POINT('',(1.2,2.9,0.6));
#15128=CARTESIAN_POINT('',(1.2,2.9,0.3));
#15129=CARTESIAN_POINT('',(1.7,2.9,0.6));
#15130=CARTESIAN_POINT('Origin',(1.2,3.7,0.));
#15131=CARTESIAN_POINT('',(1.2,3.7,0.6));
#15132=CARTESIAN_POINT('',(1.2,3.7,0.3));
#15133=CARTESIAN_POINT('',(1.2,3.3,0.6));
#15134=CARTESIAN_POINT('Origin',(2.2,3.7,0.));
#15135=CARTESIAN_POINT('',(2.2,3.7,0.6));
#15136=CARTESIAN_POINT('',(2.2,3.7,0.3));
#15137=CARTESIAN_POINT('',(1.7,3.7,0.6));
#15138=CARTESIAN_POINT('Origin',(2.2,2.85,0.));
#15139=CARTESIAN_POINT('',(2.2,3.425,0.6));
#15140=CARTESIAN_POINT('Origin',(-2.2,2.85,0.));
#15141=CARTESIAN_POINT('',(-2.2,3.15,3.5));
#15142=CARTESIAN_POINT('',(-2.2,3.15,1.75));
#15143=CARTESIAN_POINT('',(-2.2,2.85,3.5));
#15144=CARTESIAN_POINT('',(-2.2,2.85,1.75));
#15145=CARTESIAN_POINT('',(-2.2,3.,3.5));
#15146=CARTESIAN_POINT('Origin',(-1.,2.85,7.5));
#15147=CARTESIAN_POINT('',(-2.8,2.85,5.5));
#15148=CARTESIAN_POINT('',(-2.8,2.85,2.75));
#15149=CARTESIAN_POINT('',(-1.,2.85,5.5));
#15150=CARTESIAN_POINT('',(-1.9,2.85,5.5));
#15151=CARTESIAN_POINT('',(-1.,2.85,3.5));
#15152=CARTESIAN_POINT('',(-1.,2.85,4.5));
#15153=CARTESIAN_POINT('',(-1.6,2.85,3.5));
#15154=CARTESIAN_POINT('Origin',(-2.8,3.15,0.));
#15155=CARTESIAN_POINT('',(-2.8,3.15,5.5));
#15156=CARTESIAN_POINT('',(-2.8,3.15,2.75));
#15157=CARTESIAN_POINT('',(-2.8,3.,5.5));
#15158=CARTESIAN_POINT('Origin',(0.3,3.15,0.));
#15159=CARTESIAN_POINT('',(-0.25,3.15,5.5));
#15160=CARTESIAN_POINT('',(-0.25,3.15,5.));
#15161=CARTESIAN_POINT('',(-0.75,3.15,5.5));
#15162=CARTESIAN_POINT('',(-0.75,3.15,5.));
#15163=CARTESIAN_POINT('',(-1.775,3.15,5.5));
#15164=CARTESIAN_POINT('',(1.3,3.15,3.5));
#15165=CARTESIAN_POINT('',(-0.45,3.15,3.5));
#15166=CARTESIAN_POINT('',(1.3,3.15,5.5));
#15167=CARTESIAN_POINT('',(1.3,3.15,4.5));
#15168=CARTESIAN_POINT('',(0.75,3.15,5.5));
#15169=CARTESIAN_POINT('',(1.025,3.15,5.5));
#15170=CARTESIAN_POINT('',(0.75,3.15,5.));
#15171=CARTESIAN_POINT('',(0.25,3.15,5.5));
#15172=CARTESIAN_POINT('',(0.25,3.15,5.));
#15173=CARTESIAN_POINT('',(1.11022302463E-16,3.15,5.5));
#15174=CARTESIAN_POINT('Origin',(-1.,-2.85,7.5));
#15175=CARTESIAN_POINT('',(-0.3,-2.85,1.));
#15176=CARTESIAN_POINT('',(0.3,-2.85,1.));
#15177=CARTESIAN_POINT('',(-2.77555756156E-16,-2.85,1.));
#15178=CARTESIAN_POINT('',(-0.3,-2.85,0.5));
#15179=CARTESIAN_POINT('',(0.3,-2.85,0.5));
#15180=CARTESIAN_POINT('Origin',(0.3,2.85,0.));
#15181=CARTESIAN_POINT('',(0.3,-3.15,1.6));
#15182=CARTESIAN_POINT('',(0.3,-3.15,0.8));
#15183=CARTESIAN_POINT('',(0.3,-2.85,1.6));
#15184=CARTESIAN_POINT('',(0.3,-3.,1.6));
#15185=CARTESIAN_POINT('',(0.3,-2.85,1.3));
#15186=CARTESIAN_POINT('Origin',(0.3,-3.15,0.));
#15187=CARTESIAN_POINT('',(-0.3,-3.15,1.6));
#15188=CARTESIAN_POINT('',(-0.3,-3.15,0.8));
#15189=CARTESIAN_POINT('',(-1.,-3.15,1.6));
#15190=CARTESIAN_POINT('',(-0.65,-3.15,1.6));
#15191=CARTESIAN_POINT('',(-1.,-3.15,3.));
#15192=CARTESIAN_POINT('',(-1.,-3.15,2.3));
#15193=CARTESIAN_POINT('',(1.,-3.15,3.));
#15194=CARTESIAN_POINT('',(-4.4408920985E-16,-3.15,3.));
#15195=CARTESIAN_POINT('',(1.,-3.15,1.6));
#15196=CARTESIAN_POINT('',(1.,-3.15,2.3));
#15197=CARTESIAN_POINT('',(0.65,-3.15,1.6));
#15198=CARTESIAN_POINT('Origin',(-0.3,3.15,0.));
#15199=CARTESIAN_POINT('',(-0.3,-2.85,1.6));
#15200=CARTESIAN_POINT('',(-0.3,-2.85,1.3));
#15201=CARTESIAN_POINT('',(-0.3,-3.,1.6));
#15202=CARTESIAN_POINT('Origin',(0.3,2.85,0.));
#15203=CARTESIAN_POINT('',(0.3,3.15,1.6));
#15204=CARTESIAN_POINT('',(0.3,3.15,0.8));
#15205=CARTESIAN_POINT('',(0.3,2.85,1.));
#15206=CARTESIAN_POINT('',(0.3,2.85,0.5));
#15207=CARTESIAN_POINT('',(0.3,2.85,1.6));
#15208=CARTESIAN_POINT('',(0.3,2.85,1.3));
#15209=CARTESIAN_POINT('',(0.3,3.,1.6));
#15210=CARTESIAN_POINT('Origin',(-1.,2.85,7.5));
#15211=CARTESIAN_POINT('',(-0.3,2.85,1.));
#15212=CARTESIAN_POINT('',(-0.3,2.85,0.5));
#15213=CARTESIAN_POINT('',(0.,2.85,1.));
#15214=CARTESIAN_POINT('Origin',(-0.3,3.15,0.));
#15215=CARTESIAN_POINT('',(-0.3,3.15,1.6));
#15216=CARTESIAN_POINT('',(-0.3,3.15,0.8));
#15217=CARTESIAN_POINT('',(-0.3,2.85,1.6));
#15218=CARTESIAN_POINT('',(-0.3,3.,1.6));
#15219=CARTESIAN_POINT('',(-0.3,2.85,1.3));
#15220=CARTESIAN_POINT('Origin',(0.3,3.15,0.));
#15221=CARTESIAN_POINT('',(1.,3.15,1.6));
#15222=CARTESIAN_POINT('',(0.65,3.15,1.6));
#15223=CARTESIAN_POINT('',(1.,3.15,3.));
#15224=CARTESIAN_POINT('',(1.,3.15,2.3));
#15225=CARTESIAN_POINT('',(-1.,3.15,3.));
#15226=CARTESIAN_POINT('',(0.,3.15,3.));
#15227=CARTESIAN_POINT('',(-1.,3.15,1.6));
#15228=CARTESIAN_POINT('',(-1.,3.15,2.3));
#15229=CARTESIAN_POINT('',(-0.65,3.15,1.6));
#15230=CARTESIAN_POINT('Origin',(-0.75,3.4,4.5));
#15231=CARTESIAN_POINT('',(-0.75,3.275,5.5));
#15232=CARTESIAN_POINT('Origin',(-0.25,3.4,5.5));
#15233=CARTESIAN_POINT('',(-0.25,3.275,5.5));
#15234=CARTESIAN_POINT('Origin',(0.25,3.4,5.5));
#15235=CARTESIAN_POINT('',(0.25,3.275,5.5));
#15236=CARTESIAN_POINT('Origin',(0.75,3.4,4.5));
#15237=CARTESIAN_POINT('',(0.75,3.275,5.5));
#15238=CARTESIAN_POINT('Origin',(-1.8,0.,7.2));
#15239=CARTESIAN_POINT('',(1.8,2.85,7.2));
#15240=CARTESIAN_POINT('',(1.8,3.125,7.2));
#15241=CARTESIAN_POINT('',(1.,2.85,7.2));
#15242=CARTESIAN_POINT('',(1.4,2.85,7.2));
#15243=CARTESIAN_POINT('',(1.,2.5,7.2));
#15244=CARTESIAN_POINT('',(1.,2.675,7.2));
#15245=CARTESIAN_POINT('',(1.5,2.5,7.2));
#15246=CARTESIAN_POINT('',(1.25,2.5,7.2));
#15247=CARTESIAN_POINT('',(1.5,2.4,7.2));
#15248=CARTESIAN_POINT('',(1.5,2.45,7.2));
#15249=CARTESIAN_POINT('',(2.,2.4,7.2));
#15250=CARTESIAN_POINT('',(1.75,2.4,7.2));
#15251=CARTESIAN_POINT('',(2.,2.5,7.2));
#15252=CARTESIAN_POINT('',(2.,2.45,7.2));
#15253=CARTESIAN_POINT('',(3.16132486541,2.5,7.2));
#15254=CARTESIAN_POINT('',(2.5806624327,2.5,7.2));
#15255=CARTESIAN_POINT('',(3.16132486541,2.95,7.2));
#15256=CARTESIAN_POINT('Origin',(1.5,0.,7.5));
#15257=CARTESIAN_POINT('',(1.5,2.85,7.5));
#15258=CARTESIAN_POINT('',(1.5,3.125,7.5));
#15259=CARTESIAN_POINT('',(1.65,2.85,7.35));
#15260=CARTESIAN_POINT('Origin',(0.,0.,7.5));
#15261=CARTESIAN_POINT('',(-1.5,2.85,7.5));
#15262=CARTESIAN_POINT('',(0.,2.85,7.5));
#15263=CARTESIAN_POINT('',(-1.5,3.125,7.5));
#15264=CARTESIAN_POINT('Origin',(-1.5,0.,7.5));
#15265=CARTESIAN_POINT('',(-1.8,2.85,7.2));
#15266=CARTESIAN_POINT('',(-1.65,2.85,7.35));
#15267=CARTESIAN_POINT('',(-1.8,3.125,7.2));
#15268=CARTESIAN_POINT('Origin',(-1.8,0.,7.2));
#15269=CARTESIAN_POINT('',(-1.,2.85,7.2));
#15270=CARTESIAN_POINT('',(-1.4,2.85,7.2));
#15271=CARTESIAN_POINT('',(-2.,2.4,7.2));
#15272=CARTESIAN_POINT('',(-2.,2.45,7.2));
#15273=CARTESIAN_POINT('',(-1.5,2.4,7.2));
#15274=CARTESIAN_POINT('',(-1.75,2.4,7.2));
#15275=CARTESIAN_POINT('',(-1.5,2.5,7.2));
#15276=CARTESIAN_POINT('',(-1.5,2.45,7.2));
#15277=CARTESIAN_POINT('',(-1.,2.5,7.2));
#15278=CARTESIAN_POINT('',(-1.25,2.5,7.2));
#15279=CARTESIAN_POINT('',(-1.,2.675,7.2));
#15280=CARTESIAN_POINT('Origin',(-1.,2.85,5.5));
#15281=CARTESIAN_POINT('',(1.,2.85,5.5));
#15282=CARTESIAN_POINT('',(6.66133814775E-16,2.85,5.5));
#15283=CARTESIAN_POINT('',(1.3,2.85,5.5));
#15284=CARTESIAN_POINT('',(1.3,3.,5.5));
#15285=CARTESIAN_POINT('',(1.15,2.85,5.5));
#15286=CARTESIAN_POINT('Origin',(3.45,4.76,6.7));
#15287=CARTESIAN_POINT('',(3.3056624327,2.5,6.95));
#15288=CARTESIAN_POINT('Origin',(1.,2.85,6.));
#15289=CARTESIAN_POINT('',(-1.,2.85,6.));
#15290=CARTESIAN_POINT('',(4.4408920985E-16,2.85,6.));
#15291=CARTESIAN_POINT('',(0.75,3.275,6.));
#15292=CARTESIAN_POINT('',(0.25,3.15,6.));
#15293=CARTESIAN_POINT('',(0.25,3.275,6.));
#15294=CARTESIAN_POINT('',(-0.25,3.15,6.));
#15295=CARTESIAN_POINT('',(-1.11022302463E-16,3.15,6.));
#15296=CARTESIAN_POINT('',(-0.25,3.275,6.));
#15297=CARTESIAN_POINT('',(-0.75,3.15,6.));
#15298=CARTESIAN_POINT('',(-0.75,3.275,6.));
#15299=CARTESIAN_POINT('',(-1.3,3.15,6.));
#15300=CARTESIAN_POINT('',(-1.025,3.15,6.));
#15301=CARTESIAN_POINT('',(-1.3,2.85,6.));
#15302=CARTESIAN_POINT('',(-1.3,3.,6.));
#15303=CARTESIAN_POINT('',(-1.15,2.85,6.));
#15304=CARTESIAN_POINT('Origin',(-0.75,3.4,4.5));
#15305=CARTESIAN_POINT('',(-0.75,3.15,7.));
#15306=CARTESIAN_POINT('',(-0.75,3.275,7.));
#15307=CARTESIAN_POINT('',(-0.75,3.15,6.5));
#15308=CARTESIAN_POINT('Origin',(-1.,2.85,7.));
#15309=CARTESIAN_POINT('',(-1.,2.85,7.));
#15310=CARTESIAN_POINT('',(0.,2.85,7.));
#15311=CARTESIAN_POINT('',(-1.3,2.85,7.));
#15312=CARTESIAN_POINT('',(-1.15,2.85,7.));
#15313=CARTESIAN_POINT('',(-1.3,3.15,7.));
#15314=CARTESIAN_POINT('',(-1.3,3.,7.));
#15315=CARTESIAN_POINT('',(-1.025,3.15,7.));
#15316=CARTESIAN_POINT('',(-0.25,3.15,7.));
#15317=CARTESIAN_POINT('',(-0.25,3.275,7.));
#15318=CARTESIAN_POINT('',(0.25,3.15,7.));
#15319=CARTESIAN_POINT('',(-2.22044604925E-16,3.15,7.));
#15320=CARTESIAN_POINT('',(0.25,3.275,7.));
#15321=CARTESIAN_POINT('',(0.75,3.275,7.));
#15322=CARTESIAN_POINT('Origin',(-0.25,3.4,5.5));
#15323=CARTESIAN_POINT('',(-0.25,3.15,6.5));
#15324=CARTESIAN_POINT('Origin',(0.75,3.4,4.5));
#15325=CARTESIAN_POINT('Origin',(0.25,3.4,5.5));
#15326=CARTESIAN_POINT('',(0.25,3.15,6.5));
#15327=CARTESIAN_POINT('Origin',(-3.,-2.5,1.));
#15328=CARTESIAN_POINT('',(-3.,1.875,1.));
#15329=CARTESIAN_POINT('Origin',(-2.,-0.8,1.));
#15330=CARTESIAN_POINT('',(-2.,2.4,1.));
#15331=CARTESIAN_POINT('',(-2.,2.45,1.));
#15332=CARTESIAN_POINT('',(-2.,2.4,4.1));
#15333=CARTESIAN_POINT('Origin',(-3.,2.5,1.));
#15334=CARTESIAN_POINT('',(-1.5,2.5,1.));
#15335=CARTESIAN_POINT('',(-1.5,2.5,4.1));
#15336=CARTESIAN_POINT('',(-1.,2.5,1.));
#15337=CARTESIAN_POINT('',(-1.25,2.5,1.));
#15338=CARTESIAN_POINT('',(-1.,2.5,4.1));
#15339=CARTESIAN_POINT('Origin',(-1.,0.8,1.));
#15340=CARTESIAN_POINT('',(-1.,2.85,1.));
#15341=CARTESIAN_POINT('',(-1.,2.675,1.));
#15342=CARTESIAN_POINT('',(-1.,2.85,1.6));
#15343=CARTESIAN_POINT('',(-1.,2.85,1.3));
#15344=CARTESIAN_POINT('',(-1.,3.,1.6));
#15345=CARTESIAN_POINT('',(-1.,2.85,3.));
#15346=CARTESIAN_POINT('',(-1.,3.,3.));
#15347=CARTESIAN_POINT('',(-1.,2.85,3.25));
#15348=CARTESIAN_POINT('',(-1.,2.85,5.75));
#15349=CARTESIAN_POINT('',(-1.,2.85,6.5));
#15350=CARTESIAN_POINT('',(-1.,2.85,7.1));
#15351=CARTESIAN_POINT('Origin',(-1.,2.85,7.5));
#15352=CARTESIAN_POINT('',(-0.65,2.85,1.6));
#15353=CARTESIAN_POINT('',(-0.65,2.85,1.));
#15354=CARTESIAN_POINT('Origin',(-1.,2.85,7.5));
#15355=CARTESIAN_POINT('',(1.,2.85,1.6));
#15356=CARTESIAN_POINT('',(0.65,2.85,1.6));
#15357=CARTESIAN_POINT('',(1.,2.85,1.));
#15358=CARTESIAN_POINT('',(0.65,2.85,1.));
#15359=CARTESIAN_POINT('',(1.,2.85,1.3));
#15360=CARTESIAN_POINT('Origin',(1.,2.85,7.5));
#15361=CARTESIAN_POINT('',(1.,2.85,7.1));
#15362=CARTESIAN_POINT('',(1.,2.85,5.75));
#15363=CARTESIAN_POINT('',(1.,2.85,3.5));
#15364=CARTESIAN_POINT('',(1.,2.85,4.5));
#15365=CARTESIAN_POINT('',(1.,2.85,3.));
#15366=CARTESIAN_POINT('',(1.,2.85,3.25));
#15367=CARTESIAN_POINT('',(1.,3.,3.));
#15368=CARTESIAN_POINT('',(1.,3.,1.6));
#15369=CARTESIAN_POINT('',(1.,2.5,1.));
#15370=CARTESIAN_POINT('',(1.,2.675,1.));
#15371=CARTESIAN_POINT('',(1.,2.5,4.1));
#15372=CARTESIAN_POINT('Origin',(-3.,2.5,1.));
#15373=CARTESIAN_POINT('',(1.5,2.5,1.));
#15374=CARTESIAN_POINT('',(1.25,2.5,1.));
#15375=CARTESIAN_POINT('',(1.5,2.5,4.1));
#15376=CARTESIAN_POINT('Origin',(1.5,2.4,1.));
#15377=CARTESIAN_POINT('',(1.5,2.4,1.));
#15378=CARTESIAN_POINT('',(1.5,2.45,1.));
#15379=CARTESIAN_POINT('',(1.5,2.4,4.1));
#15380=CARTESIAN_POINT('Origin',(2.,2.4,1.));
#15381=CARTESIAN_POINT('',(2.,2.4,1.));
#15382=CARTESIAN_POINT('',(1.75,2.4,1.));
#15383=CARTESIAN_POINT('',(2.,2.4,4.1));
#15384=CARTESIAN_POINT('Origin',(2.,2.5,1.));
#15385=CARTESIAN_POINT('',(2.,2.5,1.));
#15386=CARTESIAN_POINT('',(2.,2.45,1.));
#15387=CARTESIAN_POINT('',(2.,2.5,4.1));
#15388=CARTESIAN_POINT('Origin',(-3.,2.5,1.));
#15389=CARTESIAN_POINT('',(3.,2.5,1.));
#15390=CARTESIAN_POINT('',(2.5,2.5,1.));
#15391=CARTESIAN_POINT('',(3.,2.5,4.5));
#15392=CARTESIAN_POINT('',(3.,2.5,2.75));
#15393=CARTESIAN_POINT('',(3.225,2.5,4.5));
#15394=CARTESIAN_POINT('Origin',(3.,2.5,1.));
#15395=CARTESIAN_POINT('',(3.,1.25,1.));
#15396=CARTESIAN_POINT('',(3.,1.875,1.));
#15397=CARTESIAN_POINT('',(3.,1.25,4.5));
#15398=CARTESIAN_POINT('',(3.,1.25,2.75));
#15399=CARTESIAN_POINT('',(3.,1.875,4.5));
#15400=CARTESIAN_POINT('Origin',(0.,1.25,4.5));
#15401=CARTESIAN_POINT('',(3.225,1.25,1.));
#15402=CARTESIAN_POINT('',(3.225,1.25,4.5));
#15403=CARTESIAN_POINT('Origin',(0.,-1.25,1.));
#15404=CARTESIAN_POINT('',(3.,-1.25,1.));
#15405=CARTESIAN_POINT('',(3.,-1.25,4.5));
#15406=CARTESIAN_POINT('',(3.,-1.25,2.75));
#15407=CARTESIAN_POINT('',(3.225,-1.25,4.5));
#15408=CARTESIAN_POINT('',(3.225,-1.25,1.));
#15409=CARTESIAN_POINT('Origin',(3.,2.5,1.));
#15410=CARTESIAN_POINT('',(3.,-2.5,1.));
#15411=CARTESIAN_POINT('',(3.,-1.875,1.));
#15412=CARTESIAN_POINT('',(3.,-2.5,4.5));
#15413=CARTESIAN_POINT('',(3.,-2.5,2.75));
#15414=CARTESIAN_POINT('',(3.,-1.875,4.5));
#15415=CARTESIAN_POINT('Origin',(3.,-2.5,1.));
#15416=CARTESIAN_POINT('',(3.16132486541,-2.5,7.2));
#15417=CARTESIAN_POINT('',(2.,-2.5,7.2));
#15418=CARTESIAN_POINT('',(2.5806624327,-2.5,7.2));
#15419=CARTESIAN_POINT('',(3.3056624327,-2.5,6.95));
#15420=CARTESIAN_POINT('',(3.225,-2.5,4.5));
#15421=CARTESIAN_POINT('',(2.,-2.5,1.));
#15422=CARTESIAN_POINT('',(2.5,-2.5,1.));
#15423=CARTESIAN_POINT('',(2.,-2.5,4.1));
#15424=CARTESIAN_POINT('Origin',(2.,2.5,1.));
#15425=CARTESIAN_POINT('',(2.,-2.4,7.2));
#15426=CARTESIAN_POINT('',(2.,-2.45,7.2));
#15427=CARTESIAN_POINT('',(2.,-2.4,1.));
#15428=CARTESIAN_POINT('',(2.,-2.45,1.));
#15429=CARTESIAN_POINT('',(2.,-2.4,4.1));
#15430=CARTESIAN_POINT('Origin',(2.,-2.4,1.));
#15431=CARTESIAN_POINT('',(1.5,-2.4,1.));
#15432=CARTESIAN_POINT('',(1.75,-2.4,1.));
#15433=CARTESIAN_POINT('',(1.5,-2.4,7.2));
#15434=CARTESIAN_POINT('',(1.5,-2.4,4.1));
#15435=CARTESIAN_POINT('',(1.75,-2.4,7.2));
#15436=CARTESIAN_POINT('Origin',(1.5,2.4,1.));
#15437=CARTESIAN_POINT('',(1.5,-2.5,7.2));
#15438=CARTESIAN_POINT('',(1.5,-2.45,7.2));
#15439=CARTESIAN_POINT('',(1.5,-2.5,1.));
#15440=CARTESIAN_POINT('',(1.5,-2.45,1.));
#15441=CARTESIAN_POINT('',(1.5,-2.5,4.1));
#15442=CARTESIAN_POINT('Origin',(3.,-2.5,1.));
#15443=CARTESIAN_POINT('',(1.,-2.5,1.));
#15444=CARTESIAN_POINT('',(1.25,-2.5,1.));
#15445=CARTESIAN_POINT('',(1.,-2.5,7.2));
#15446=CARTESIAN_POINT('',(1.,-2.5,4.1));
#15447=CARTESIAN_POINT('',(1.25,-2.5,7.2));
#15448=CARTESIAN_POINT('Origin',(1.,2.85,7.5));
#15449=CARTESIAN_POINT('',(1.,-2.85,7.2));
#15450=CARTESIAN_POINT('',(1.,-2.675,7.2));
#15451=CARTESIAN_POINT('',(1.,-2.85,1.));
#15452=CARTESIAN_POINT('',(1.,-2.675,1.));
#15453=CARTESIAN_POINT('',(1.,-2.85,1.6));
#15454=CARTESIAN_POINT('',(1.,-2.85,1.3));
#15455=CARTESIAN_POINT('',(1.,-3.,1.6));
#15456=CARTESIAN_POINT('',(1.,-2.85,3.));
#15457=CARTESIAN_POINT('',(1.,-3.,3.));
#15458=CARTESIAN_POINT('',(1.,-2.85,3.25));
#15459=CARTESIAN_POINT('',(1.,-2.85,6.));
#15460=CARTESIAN_POINT('',(1.,-2.85,5.75));
#15461=CARTESIAN_POINT('',(1.,-2.85,7.));
#15462=CARTESIAN_POINT('',(1.,-2.85,6.5));
#15463=CARTESIAN_POINT('',(1.,-2.85,7.1));
#15464=CARTESIAN_POINT('Origin',(-1.,-2.85,7.5));
#15465=CARTESIAN_POINT('',(0.65,-2.85,1.));
#15466=CARTESIAN_POINT('',(0.3,-2.85,1.6));
#15467=CARTESIAN_POINT('Origin',(-1.,-2.85,7.5));
#15468=CARTESIAN_POINT('',(-1.,-2.85,1.));
#15469=CARTESIAN_POINT('',(-0.65,-2.85,1.));
#15470=CARTESIAN_POINT('',(-1.,-2.85,1.6));
#15471=CARTESIAN_POINT('',(-1.,-2.85,1.3));
#15472=CARTESIAN_POINT('',(-1.,-2.85,1.6));
#15473=CARTESIAN_POINT('Origin',(-1.,0.8,1.));
#15474=CARTESIAN_POINT('',(-1.,-2.5,7.2));
#15475=CARTESIAN_POINT('',(-1.,-2.85,7.2));
#15476=CARTESIAN_POINT('',(-1.,-2.675,7.2));
#15477=CARTESIAN_POINT('',(-1.,-2.85,7.1));
#15478=CARTESIAN_POINT('',(-1.,-2.85,5.5));
#15479=CARTESIAN_POINT('',(-1.,-2.85,5.75));
#15480=CARTESIAN_POINT('',(-1.,-2.85,3.5));
#15481=CARTESIAN_POINT('',(-1.,-2.85,4.5));
#15482=CARTESIAN_POINT('',(-1.,-2.85,3.));
#15483=CARTESIAN_POINT('',(-1.,-2.85,3.25));
#15484=CARTESIAN_POINT('',(-1.,-3.,3.));
#15485=CARTESIAN_POINT('',(-1.,-3.,1.6));
#15486=CARTESIAN_POINT('',(-1.,-2.5,1.));
#15487=CARTESIAN_POINT('',(-1.,-2.675,1.));
#15488=CARTESIAN_POINT('',(-1.,-2.5,4.1));
#15489=CARTESIAN_POINT('Origin',(3.,-2.5,1.));
#15490=CARTESIAN_POINT('',(-1.5,-2.5,1.));
#15491=CARTESIAN_POINT('',(-1.25,-2.5,1.));
#15492=CARTESIAN_POINT('',(-1.5,-2.5,7.2));
#15493=CARTESIAN_POINT('',(-1.5,-2.5,4.1));
#15494=CARTESIAN_POINT('',(-1.25,-2.5,7.2));
#15495=CARTESIAN_POINT('Origin',(-1.5,2.4,1.));
#15496=CARTESIAN_POINT('',(-1.5,-2.4,1.));
#15497=CARTESIAN_POINT('',(-1.5,-2.45,1.));
#15498=CARTESIAN_POINT('',(-1.5,-2.4,7.2));
#15499=CARTESIAN_POINT('',(-1.5,-2.4,4.1));
#15500=CARTESIAN_POINT('',(-1.5,-2.45,7.2));
#15501=CARTESIAN_POINT('Origin',(2.,-2.4,1.));
#15502=CARTESIAN_POINT('',(-2.,-2.4,1.));
#15503=CARTESIAN_POINT('',(-1.75,-2.4,1.));
#15504=CARTESIAN_POINT('',(-2.,-2.4,7.2));
#15505=CARTESIAN_POINT('',(-2.,-2.4,4.1));
#15506=CARTESIAN_POINT('',(-1.75,-2.4,7.2));
#15507=CARTESIAN_POINT('Origin',(-2.,-0.8,1.));
#15508=CARTESIAN_POINT('',(-2.,-2.45,7.2));
#15509=CARTESIAN_POINT('',(-2.,-2.45,1.));
#15510=CARTESIAN_POINT('Origin',(-3.,-2.5,1.));
#15511=CARTESIAN_POINT('',(-3.,-1.875,1.));
#15512=CARTESIAN_POINT('Origin',(2.,2.4,1.));
#15513=CARTESIAN_POINT('',(-1.5,2.4,1.));
#15514=CARTESIAN_POINT('',(-1.75,2.4,1.));
#15515=CARTESIAN_POINT('',(-1.5,2.4,4.1));
#15516=CARTESIAN_POINT('Origin',(-1.5,2.4,1.));
#15517=CARTESIAN_POINT('',(-1.5,2.45,1.));
#15518=CARTESIAN_POINT('Origin',(-1.,-0.8,1.));
#15519=CARTESIAN_POINT('',(3.,-0.8,1.));
#15520=CARTESIAN_POINT('',(-2.,-0.8,1.));
#15521=CARTESIAN_POINT('',(0.5,-0.8,1.));
#15522=CARTESIAN_POINT('',(3.,-0.8,1.2));
#15523=CARTESIAN_POINT('',(3.,-0.8,1.1));
#15524=CARTESIAN_POINT('',(0.2,-0.8,1.2));
#15525=CARTESIAN_POINT('',(1.6,-0.8,1.2));
#15526=CARTESIAN_POINT('',(0.2,-0.8,1.5));
#15527=CARTESIAN_POINT('',(0.2,-0.8,1.35));
#15528=CARTESIAN_POINT('',(-1.,-0.8,1.5));
#15529=CARTESIAN_POINT('',(-0.4,-0.8,1.5));
#15530=CARTESIAN_POINT('',(-1.,-0.8,2.2));
#15531=CARTESIAN_POINT('',(-1.,-0.8,1.85));
#15532=CARTESIAN_POINT('',(-2.,-0.8,2.2));
#15533=CARTESIAN_POINT('',(-1.5,-0.8,2.2));
#15534=CARTESIAN_POINT('',(-2.,-0.8,1.6));
#15535=CARTESIAN_POINT('Origin',(3.,2.5,1.));
#15536=CARTESIAN_POINT('',(3.,-0.3,1.));
#15537=CARTESIAN_POINT('',(3.,-0.55,1.));
#15538=CARTESIAN_POINT('',(3.,-0.3,1.2));
#15539=CARTESIAN_POINT('',(3.,-0.3,1.1));
#15540=CARTESIAN_POINT('',(3.,-0.55,1.2));
#15541=CARTESIAN_POINT('Origin',(3.,2.5,1.));
#15542=CARTESIAN_POINT('',(3.,0.3,1.));
#15543=CARTESIAN_POINT('',(3.,0.3,1.2));
#15544=CARTESIAN_POINT('',(3.,0.3,1.1));
#15545=CARTESIAN_POINT('',(3.,0.8,1.));
#15546=CARTESIAN_POINT('',(3.,0.55,1.));
#15547=CARTESIAN_POINT('',(3.,0.8,1.2));
#15548=CARTESIAN_POINT('',(3.,0.8,1.1));
#15549=CARTESIAN_POINT('',(3.,0.55,1.2));
#15550=CARTESIAN_POINT('Origin',(-2.,0.8,1.));
#15551=CARTESIAN_POINT('',(-2.,0.8,1.));
#15552=CARTESIAN_POINT('',(0.5,0.8,1.));
#15553=CARTESIAN_POINT('',(-2.,0.8,2.2));
#15554=CARTESIAN_POINT('',(-2.,0.8,1.6));
#15555=CARTESIAN_POINT('',(-1.,0.8,2.2));
#15556=CARTESIAN_POINT('',(-1.5,0.8,2.2));
#15557=CARTESIAN_POINT('',(-1.,0.8,1.5));
#15558=CARTESIAN_POINT('',(-1.,0.8,1.85));
#15559=CARTESIAN_POINT('',(0.2,0.8,1.5));
#15560=CARTESIAN_POINT('',(-0.4,0.8,1.5));
#15561=CARTESIAN_POINT('',(0.2,0.8,1.2));
#15562=CARTESIAN_POINT('',(0.2,0.8,1.35));
#15563=CARTESIAN_POINT('',(1.6,0.8,1.2));
#15564=CARTESIAN_POINT('Origin',(-1.8,0.,7.2));
#15565=CARTESIAN_POINT('',(-1.8,-2.85,7.2));
#15566=CARTESIAN_POINT('',(-1.8,-3.125,7.2));
#15567=CARTESIAN_POINT('',(-1.4,-2.85,7.2));
#15568=CARTESIAN_POINT('Origin',(-1.8,0.,7.2));
#15569=CARTESIAN_POINT('',(1.8,-2.85,7.2));
#15570=CARTESIAN_POINT('',(1.4,-2.85,7.2));
#15571=CARTESIAN_POINT('',(1.8,-3.125,7.2));
#15572=CARTESIAN_POINT('',(3.16132486541,-2.95,7.2));
#15573=CARTESIAN_POINT('Origin',(1.5,0.,7.5));
#15574=CARTESIAN_POINT('',(1.5,-2.85,7.5));
#15575=CARTESIAN_POINT('',(1.5,-3.125,7.5));
#15576=CARTESIAN_POINT('',(1.65,-2.85,7.35));
#15577=CARTESIAN_POINT('Origin',(0.,0.,7.5));
#15578=CARTESIAN_POINT('',(-1.5,-2.85,7.5));
#15579=CARTESIAN_POINT('',(1.25,-2.85,7.5));
#15580=CARTESIAN_POINT('',(-1.5,-3.125,7.5));
#15581=CARTESIAN_POINT('Origin',(-1.5,0.,7.5));
#15582=CARTESIAN_POINT('',(-1.65,-2.85,7.35));
#15583=CARTESIAN_POINT('Origin',(-0.75,3.4,4.5));
#15584=CARTESIAN_POINT('',(-0.75,-3.275,5.5));
#15585=CARTESIAN_POINT('Origin',(-1.,2.85,5.5));
#15586=CARTESIAN_POINT('',(-0.25,-3.275,5.5));
#15587=CARTESIAN_POINT('',(-1.3,-2.85,5.5));
#15588=CARTESIAN_POINT('',(-1.3,-3.,5.5));
#15589=CARTESIAN_POINT('',(-1.15,-2.85,5.5));
#15590=CARTESIAN_POINT('',(1.11022302463E-15,-2.85,5.5));
#15591=CARTESIAN_POINT('',(0.75,-3.275,5.5));
#15592=CARTESIAN_POINT('',(0.25,-3.275,5.5));
#15593=CARTESIAN_POINT('Origin',(-0.25,3.4,5.5));
#15594=CARTESIAN_POINT('Origin',(0.25,3.4,5.5));
#15595=CARTESIAN_POINT('Origin',(0.75,3.4,4.5));
#15596=CARTESIAN_POINT('Origin',(3.45,4.76,6.7));
#15597=CARTESIAN_POINT('Origin',(1.,2.85,6.));
#15598=CARTESIAN_POINT('',(-0.75,-3.275,6.));
#15599=CARTESIAN_POINT('',(-0.25,-3.15,6.));
#15600=CARTESIAN_POINT('',(-0.25,-3.275,6.));
#15601=CARTESIAN_POINT('',(0.25,-3.15,6.));
#15602=CARTESIAN_POINT('',(0.,-3.15,6.));
#15603=CARTESIAN_POINT('',(0.25,-3.275,6.));
#15604=CARTESIAN_POINT('',(0.75,-3.15,6.));
#15605=CARTESIAN_POINT('',(0.75,-3.275,6.));
#15606=CARTESIAN_POINT('',(1.3,-3.15,6.));
#15607=CARTESIAN_POINT('',(1.025,-3.15,6.));
#15608=CARTESIAN_POINT('',(1.3,-2.85,6.));
#15609=CARTESIAN_POINT('',(1.3,-3.,6.));
#15610=CARTESIAN_POINT('',(1.15,-2.85,6.));
#15611=CARTESIAN_POINT('',(0.,-2.85,6.));
#15612=CARTESIAN_POINT('Origin',(-0.75,3.4,4.5));
#15613=CARTESIAN_POINT('',(-0.75,-3.275,7.));
#15614=CARTESIAN_POINT('Origin',(-1.,2.85,7.));
#15615=CARTESIAN_POINT('',(-0.25,-3.15,7.));
#15616=CARTESIAN_POINT('',(-0.25,-3.275,7.));
#15617=CARTESIAN_POINT('',(0.,-2.85,7.));
#15618=CARTESIAN_POINT('',(1.3,-2.85,7.));
#15619=CARTESIAN_POINT('',(1.15,-2.85,7.));
#15620=CARTESIAN_POINT('',(1.3,-3.15,7.));
#15621=CARTESIAN_POINT('',(1.3,-3.,7.));
#15622=CARTESIAN_POINT('',(0.75,-3.15,7.));
#15623=CARTESIAN_POINT('',(1.025,-3.15,7.));
#15624=CARTESIAN_POINT('',(0.75,-3.275,7.));
#15625=CARTESIAN_POINT('',(0.25,-3.15,7.));
#15626=CARTESIAN_POINT('',(0.25,-3.275,7.));
#15627=CARTESIAN_POINT('',(-2.22044604925E-16,-3.15,7.));
#15628=CARTESIAN_POINT('Origin',(-0.25,3.4,5.5));
#15629=CARTESIAN_POINT('',(-0.25,-3.15,6.5));
#15630=CARTESIAN_POINT('Origin',(0.75,3.4,4.5));
#15631=CARTESIAN_POINT('',(0.75,-3.15,6.5));
#15632=CARTESIAN_POINT('Origin',(0.25,3.4,5.5));
#15633=CARTESIAN_POINT('',(0.25,-3.15,6.5));
#15634=CARTESIAN_POINT('Origin',(-3.9,2.75,2.5));
#15635=CARTESIAN_POINT('',(3.9,1.75,2.5));
#15636=CARTESIAN_POINT('',(3.9,2.25,2.5));
#15637=CARTESIAN_POINT('',(3.675,1.75,2.5));
#15638=CARTESIAN_POINT('Origin',(0.,1.75,0.));
#15639=CARTESIAN_POINT('',(3.9,1.75,3.23497188577));
#15640=CARTESIAN_POINT('',(3.9,1.75,2.86748594289));
#15641=CARTESIAN_POINT('',(3.675,1.75,3.71748594289));
#15642=CARTESIAN_POINT('Origin',(3.45,2.75,4.2));
#15643=CARTESIAN_POINT('',(3.9,2.25,3.23497188577));
#15644=CARTESIAN_POINT('Origin',(0.,0.,4.5));
#15645=CARTESIAN_POINT('Origin',(0.,0.,4.5));
#15646=CARTESIAN_POINT('Origin',(3.9,2.75,3.23497188577));
#15647=CARTESIAN_POINT('Origin',(1.,2.85,3.5));
#15648=CARTESIAN_POINT('',(2.22044604925E-16,-2.85,3.5));
#15649=CARTESIAN_POINT('',(-1.3,-2.85,3.5));
#15650=CARTESIAN_POINT('',(-1.15,-2.85,3.5));
#15651=CARTESIAN_POINT('',(-1.3,-3.,3.5));
#15652=CARTESIAN_POINT('Origin',(0.,0.,0.6));
#15653=CARTESIAN_POINT('Origin',(-1.3,-3.15,5.5));
#15654=CARTESIAN_POINT('',(-1.3,-2.85,4.5));
#15655=CARTESIAN_POINT('Origin',(0.,0.,0.6));
#15656=CARTESIAN_POINT('Origin',(1.,2.85,3.5));
#15657=CARTESIAN_POINT('',(6.66133814775E-16,2.85,3.5));
#15658=CARTESIAN_POINT('',(1.3,2.85,3.5));
#15659=CARTESIAN_POINT('',(1.15,2.85,3.5));
#15660=CARTESIAN_POINT('',(1.3,3.,3.5));
#15661=CARTESIAN_POINT('Origin',(1.3,3.15,5.5));
#15662=CARTESIAN_POINT('',(1.3,2.85,4.5));
#15663=CARTESIAN_POINT('Origin',(-1.,2.85,1.6));
#15664=CARTESIAN_POINT('Origin',(-1.,2.85,1.6));
#15665=CARTESIAN_POINT('Origin',(-1.,2.85,3.));
#15666=CARTESIAN_POINT('',(-2.22044604925E-16,-2.85,3.));
#15667=CARTESIAN_POINT('Origin',(-1.,2.85,1.6));
#15668=CARTESIAN_POINT('Origin',(-1.,2.85,1.6));
#15669=CARTESIAN_POINT('Origin',(-1.,2.85,3.));
#15670=CARTESIAN_POINT('',(0.,2.85,3.));
#15671=CARTESIAN_POINT('Origin',(-1.,2.85,7.5));
#15672=CARTESIAN_POINT('Origin',(-1.,2.85,7.5));
#15673=CARTESIAN_POINT('Origin',(-1.,2.85,7.5));
#15674=CARTESIAN_POINT('Origin',(-1.,2.85,7.5));
#15675=CARTESIAN_POINT('',(-1.3,2.85,6.5));
#15676=CARTESIAN_POINT('Origin',(-1.3,-3.15,5.5));
#15677=CARTESIAN_POINT('',(-1.3,3.15,6.5));
#15678=CARTESIAN_POINT('Origin',(0.3,3.15,0.));
#15679=CARTESIAN_POINT('Origin',(0.3,3.15,0.));
#15680=CARTESIAN_POINT('Origin',(-1.,2.85,7.5));
#15681=CARTESIAN_POINT('Origin',(-1.,-2.85,7.5));
#15682=CARTESIAN_POINT('Origin',(-1.,-2.85,7.5));
#15683=CARTESIAN_POINT('',(1.3,-2.85,6.5));
#15684=CARTESIAN_POINT('Origin',(-1.,-2.85,7.5));
#15685=CARTESIAN_POINT('Origin',(-1.,-2.85,7.5));
#15686=CARTESIAN_POINT('Origin',(-1.,-2.85,7.5));
#15687=CARTESIAN_POINT('Origin',(0.,0.,2.2));
#15688=CARTESIAN_POINT('',(-2.,1.88737914186E-15,2.2));
#15689=CARTESIAN_POINT('',(-1.,2.33146835171E-15,2.2));
#15690=CARTESIAN_POINT('Origin',(-1.,0.8,1.));
#15691=CARTESIAN_POINT('',(-1.,-0.3,1.5));
#15692=CARTESIAN_POINT('',(-1.,-0.55,1.5));
#15693=CARTESIAN_POINT('',(-1.,-0.3,1.7));
#15694=CARTESIAN_POINT('',(-1.,-0.3,1.6));
#15695=CARTESIAN_POINT('',(-1.,0.3,1.7));
#15696=CARTESIAN_POINT('',(-1.,0.,1.7));
#15697=CARTESIAN_POINT('',(-1.,0.3,1.5));
#15698=CARTESIAN_POINT('',(-1.,0.3,1.6));
#15699=CARTESIAN_POINT('',(-1.,0.55,1.5));
#15700=CARTESIAN_POINT('Origin',(0.,0.,1.5));
#15701=CARTESIAN_POINT('',(0.2,-0.3,1.5));
#15702=CARTESIAN_POINT('',(0.2,-0.55,1.5));
#15703=CARTESIAN_POINT('',(-0.4,-0.3,1.5));
#15704=CARTESIAN_POINT('Origin',(0.2,0.8,1.));
#15705=CARTESIAN_POINT('',(0.2,-0.3,1.2));
#15706=CARTESIAN_POINT('',(0.2,-0.55,1.2));
#15707=CARTESIAN_POINT('',(0.2,-0.3,1.35));
#15708=CARTESIAN_POINT('Origin',(0.,0.,1.2));
#15709=CARTESIAN_POINT('',(0.967544467966,-0.3,1.2));
#15710=CARTESIAN_POINT('',(0.583772233983,-0.3,1.2));
#15711=CARTESIAN_POINT('',(2.23245553203,-0.3,1.2));
#15712=CARTESIAN_POINT('',(2.61622776602,-0.3,1.2));
#15713=CARTESIAN_POINT('Origin',(1.6,-1.11022302463E-16,1.2));
#15714=CARTESIAN_POINT('Origin',(1.6,0.,2.1));
#15715=CARTESIAN_POINT('',(2.23245707080339,-0.300000009791896,1.91251133793704));
#15716=CARTESIAN_POINT('',(2.23245553203,-0.3,2.1));
#15717=CARTESIAN_POINT('',(0.9675421359392,-0.300000009845178,1.91251133885244));
#15718=CARTESIAN_POINT('Origin',(1.6,0.,1.91251133647));
#15719=CARTESIAN_POINT('',(0.967544467966,-0.3,2.1));
#15720=CARTESIAN_POINT('Ctrl Pts',(2.23247712341,-0.299960999472,1.91251133647));
#15721=CARTESIAN_POINT('Ctrl Pts',(2.2324634187,-0.299954499653,1.99999867298));
#15722=CARTESIAN_POINT('Ctrl Pts',(2.21875033961,-0.293450882914,2.08615951414));
#15723=CARTESIAN_POINT('Ctrl Pts',(2.16481376435,-0.442628859571,1.91251133647));
#15724=CARTESIAN_POINT('Ctrl Pts',(2.16480152585,-0.442619268304,1.99999867298));
#15725=CARTESIAN_POINT('Ctrl Pts',(2.15255549264,-0.433022392488,2.08615951414));
#15726=CARTESIAN_POINT('Ctrl Pts',(2.05699435743,-0.566054967912,1.91251133647));
#15727=CARTESIAN_POINT('Ctrl Pts',(2.0569844553,-0.566042702211,1.99999867298));
#15728=CARTESIAN_POINT('Ctrl Pts',(2.04707611297,-0.553769758081,2.08615951414));
#15729=CARTESIAN_POINT('Ctrl Pts',(1.91632155813,-0.655330657068,1.91251133647));
#15730=CARTESIAN_POINT('Ctrl Pts',(1.91631470422,-0.655316457085,1.99999867298));
#15731=CARTESIAN_POINT('Ctrl Pts',(1.90945636498,-0.641107878209,2.08615951414));
#15732=CARTESIAN_POINT('Ctrl Pts',(1.59987307917,-0.744705189189,1.91251133647));
#15733=CARTESIAN_POINT('Ctrl Pts',(1.59987308165,-0.74468905264,1.99999867298));
#15734=CARTESIAN_POINT('Ctrl Pts',(1.59987583371,-0.728542696093,2.08615951414));
#15735=CARTESIAN_POINT('Ctrl Pts',(1.28342460003,-0.655258935788,1.91251133647));
#15736=CARTESIAN_POINT('Ctrl Pts',(1.28343145999,-0.655244737359,1.99999867298));
#15737=CARTESIAN_POINT('Ctrl Pts',(1.29029530246,-0.641037713511,2.08615951414));
#15738=CARTESIAN_POINT('Ctrl Pts',(1.14285732511,-0.56588522829,1.91251133647));
#15739=CARTESIAN_POINT('Ctrl Pts',(1.14286723093,-0.565872966626,1.99999867298));
#15740=CARTESIAN_POINT('Ctrl Pts',(1.15277878862,-0.553603702388,2.08615951414));
#15741=CARTESIAN_POINT('Ctrl Pts',(1.03513931038,-0.442522883863,1.91251133647));
#15742=CARTESIAN_POINT('Ctrl Pts',(1.03515155017,-0.442513295344,1.99999867298));
#15743=CARTESIAN_POINT('Ctrl Pts',(1.04739860057,-0.432918716841,2.08615951414));
#15744=CARTESIAN_POINT('Ctrl Pts',(0.967521302882,-0.299961031449,1.91251133647));
#15745=CARTESIAN_POINT('Ctrl Pts',(0.967535007765,-0.299954531993,1.99999867298));
#15746=CARTESIAN_POINT('Ctrl Pts',(0.981248120869,-0.29345091424,2.08615951414));
#15747=CARTESIAN_POINT('',(2.21560014547683,-0.300000010320658,2.08615928634706));
#15748=CARTESIAN_POINT('Ctrl Pts',(2.21560160071111,-0.3,2.08615951414));
#15749=CARTESIAN_POINT('Ctrl Pts',(2.22120513382779,-0.3,2.05756322610664));
#15750=CARTESIAN_POINT('Ctrl Pts',(2.22542193018971,-0.300000000000021,
2.02874819294323));
#15751=CARTESIAN_POINT('Ctrl Pts',(2.23105105119181,-0.300000000000021,
1.97073923933457));
#15752=CARTESIAN_POINT('Ctrl Pts',(2.23245303318609,-0.3,1.94165230298862));
#15753=CARTESIAN_POINT('Ctrl Pts',(2.23245862508145,-0.3,1.91251133823529));
#15754=CARTESIAN_POINT('',(0.984399170014428,-0.300000010925236,2.08615918465569));
#15755=CARTESIAN_POINT('Origin',(1.599999334705,5.836326253221E-6,2.08615951414));
#15756=CARTESIAN_POINT('Ctrl Pts',(0.984397068643245,-0.3,2.08615951413995));
#15757=CARTESIAN_POINT('Ctrl Pts',(0.978793452986316,-0.3,2.05756323565672));
#15758=CARTESIAN_POINT('Ctrl Pts',(0.97457659212677,-0.300000000000039,
2.02874820785936));
#15759=CARTESIAN_POINT('Ctrl Pts',(0.968947383578905,-0.300000000000039,
1.9707392496617));
#15760=CARTESIAN_POINT('Ctrl Pts',(0.967545379394351,-0.3,1.94165231070732));
#15761=CARTESIAN_POINT('Ctrl Pts',(0.967539787388681,-0.3,1.91251133930311));
#15762=CARTESIAN_POINT('Origin',(1.6,4.95840527854E-14,0.298615454098));
#15763=CARTESIAN_POINT('',(1.21458852333,-0.3,3.2));
#15764=CARTESIAN_POINT('',(1.98541147667,-0.3,3.2));
#15765=CARTESIAN_POINT('Origin',(1.6,-3.49720252757E-14,3.2));
#15766=CARTESIAN_POINT('Ctrl Pts',(1.21458852333,-0.3,3.2));
#15767=CARTESIAN_POINT('Ctrl Pts',(1.11876194722899,-0.3,2.7711460555607));
#15768=CARTESIAN_POINT('Ctrl Pts',(0.984401237959,-0.3,2.086158780215));
#15769=CARTESIAN_POINT('Ctrl Pts',(1.98541147667,-0.3,3.2));
#15770=CARTESIAN_POINT('Ctrl Pts',(2.081238037511,-0.3,2.771146123856));
#15771=CARTESIAN_POINT('Ctrl Pts',(2.215598717534,-0.3,2.086159007113));
#15772=CARTESIAN_POINT('Origin',(0.,0.,3.2));
#15773=CARTESIAN_POINT('',(1.6,-0.3,3.2));
#15774=CARTESIAN_POINT('Origin',(0.,0.,1.5));
#15775=CARTESIAN_POINT('',(0.2,0.3,1.5));
#15776=CARTESIAN_POINT('',(-0.4,0.3,1.5));
#15777=CARTESIAN_POINT('',(0.2,0.55,1.5));
#15778=CARTESIAN_POINT('Origin',(0.2,0.8,1.));
#15779=CARTESIAN_POINT('',(0.2,0.3,1.2));
#15780=CARTESIAN_POINT('',(0.2,0.55,1.2));
#15781=CARTESIAN_POINT('',(0.2,0.3,1.35));
#15782=CARTESIAN_POINT('Origin',(0.,0.,1.2));
#15783=CARTESIAN_POINT('',(2.23245553203,0.3,1.2));
#15784=CARTESIAN_POINT('',(2.61622776602,0.3,1.2));
#15785=CARTESIAN_POINT('',(0.967544467966,0.3,1.2));
#15786=CARTESIAN_POINT('',(0.583772233983,0.3,1.2));
#15787=CARTESIAN_POINT('Origin',(1.6,1.11022302463E-16,1.2));
#15788=CARTESIAN_POINT('Origin',(1.6,0.,2.1));
#15789=CARTESIAN_POINT('',(0.967544304807608,0.300000010890608,1.91251133655426));
#15790=CARTESIAN_POINT('',(0.967544467966,0.3,2.1));
#15791=CARTESIAN_POINT('',(2.23245945102439,0.300000010078293,1.91251134090226));
#15792=CARTESIAN_POINT('Origin',(1.6,0.,1.91251133647));
#15793=CARTESIAN_POINT('',(2.23245553203,0.3,2.1));
#15794=CARTESIAN_POINT('Ctrl Pts',(2.23248187804,0.299961012662,1.91251133647));
#15795=CARTESIAN_POINT('Ctrl Pts',(2.23246817323,0.299954512856,1.99999867298));
#15796=CARTESIAN_POINT('Ctrl Pts',(2.21875499104,0.29345089585,2.08615951414));
#15797=CARTESIAN_POINT('Ctrl Pts',(2.15349162516,0.466515665045,1.91251133647));
#15798=CARTESIAN_POINT('Ctrl Pts',(2.15347963201,0.466505556197,1.99999867298));
#15799=CARTESIAN_POINT('Ctrl Pts',(2.1414790802,0.456390777659,2.08615951414));
#15800=CARTESIAN_POINT('Ctrl Pts',(2.0198150275,0.606737919767,1.91251133647));
#15801=CARTESIAN_POINT('Ctrl Pts',(2.01980593103,0.60672477255,1.99999867298));
#15802=CARTESIAN_POINT('Ctrl Pts',(2.01070369382,0.593569759344,2.08615951414));
#15803=CARTESIAN_POINT('Ctrl Pts',(1.84319891065,0.6969727376,1.91251133647));
#15804=CARTESIAN_POINT('Ctrl Pts',(1.84319364126,0.696957635375,1.99999867298));
#15805=CARTESIAN_POINT('Ctrl Pts',(1.83792071366,0.681846191929,2.08615951414));
#15806=CARTESIAN_POINT('Ctrl Pts',(1.51267761259,0.740234760239,1.91251133647));
#15807=CARTESIAN_POINT('Ctrl Pts',(1.51267950448,0.740218720498,1.99999867298));
#15808=CARTESIAN_POINT('Ctrl Pts',(1.51457278868,0.724169289797,2.08615951414));
#15809=CARTESIAN_POINT('Ctrl Pts',(1.21569203519,0.60772340674,1.91251133647));
#15810=CARTESIAN_POINT('Ctrl Pts',(1.2157003627,0.607710238377,1.99999867298));
#15811=CARTESIAN_POINT('Ctrl Pts',(1.22403275166,0.594533858035,2.08615951414));
#15812=CARTESIAN_POINT('Ctrl Pts',(1.10788955718,0.524057533613,1.91251133647));
#15813=CARTESIAN_POINT('Ctrl Pts',(1.10790022063,0.524046178251,1.99999867298));
#15814=CARTESIAN_POINT('Ctrl Pts',(1.11856993348,0.512683802909,2.08615951414));
#15815=CARTESIAN_POINT('Ctrl Pts',(1.02380328305,0.418619159724,1.91251133647));
#15816=CARTESIAN_POINT('Ctrl Pts',(1.02381576848,0.418610089108,1.99999867298));
#15817=CARTESIAN_POINT('Ctrl Pts',(1.03630860142,0.409533780177,2.08615951414));
#15818=CARTESIAN_POINT('Ctrl Pts',(0.967525643571,0.29996103949,1.91251133647));
#15819=CARTESIAN_POINT('Ctrl Pts',(0.967539348381,0.29995454002,1.99999867298));
#15820=CARTESIAN_POINT('Ctrl Pts',(0.981252367364,0.293450922038,2.08615951414));
#15821=CARTESIAN_POINT('',(0.984401273220288,0.300000011220092,2.08615949923505));
#15822=CARTESIAN_POINT('Ctrl Pts',(0.984401151183948,0.3,2.08615951414));
#15823=CARTESIAN_POINT('Ctrl Pts',(0.978797621386716,0.3,2.05756322345051));
#15824=CARTESIAN_POINT('Ctrl Pts',(0.974580823739808,0.300000000000186,
2.02874819367131));
#15825=CARTESIAN_POINT('Ctrl Pts',(0.96895169890277,0.300000000000186,1.97073923724117));
#15826=CARTESIAN_POINT('Ctrl Pts',(0.967549715231401,0.3,1.94165230267835));
#15827=CARTESIAN_POINT('Ctrl Pts',(0.967544123384414,0.3,1.91251133658907));
#15828=CARTESIAN_POINT('',(2.2156025812752,0.300000010141417,2.08615892306753));
#15829=CARTESIAN_POINT('Origin',(1.600003740106,-2.38434463961E-6,2.08615951414));
#15830=CARTESIAN_POINT('Ctrl Pts',(2.215606329021,0.3,2.08615951414));
#15831=CARTESIAN_POINT('Ctrl Pts',(2.22120987448527,0.3,2.05756322898806));
#15832=CARTESIAN_POINT('Ctrl Pts',(2.22542667893191,0.299999999999919,2.02874819546202));
#15833=CARTESIAN_POINT('Ctrl Pts',(2.23105581017142,0.299999999999919,1.97073924244244));
#15834=CARTESIAN_POINT('Ctrl Pts',(2.23245779441074,0.3,1.94165230719545));
#15835=CARTESIAN_POINT('Ctrl Pts',(2.23246338642156,0.3,1.91251134165745));
#15836=CARTESIAN_POINT('Origin',(1.6,9.395119784606E-16,0.298615454098));
#15837=CARTESIAN_POINT('',(1.98541147667,0.3,3.2));
#15838=CARTESIAN_POINT('',(1.21458852333,0.3,3.2));
#15839=CARTESIAN_POINT('Origin',(1.6,0.,3.2));
#15840=CARTESIAN_POINT('Ctrl Pts',(1.98541147667,0.3,3.2));
#15841=CARTESIAN_POINT('Ctrl Pts',(2.08123809190453,0.3,2.77114588042481));
#15842=CARTESIAN_POINT('Ctrl Pts',(2.215598876173,0.3,2.086158198352));
#15843=CARTESIAN_POINT('Ctrl Pts',(1.21458852333,0.3,3.2));
#15844=CARTESIAN_POINT('Ctrl Pts',(1.118761994347,0.3,2.771146266428));
#15845=CARTESIAN_POINT('Ctrl Pts',(0.984401375378,0.3,2.086159480793));
#15846=CARTESIAN_POINT('Origin',(0.,0.,3.2));
#15847=CARTESIAN_POINT('',(1.6,0.3,3.2));
#15848=CARTESIAN_POINT('Origin',(1.3,3.15,5.5));
#15849=CARTESIAN_POINT('',(1.3,-3.15,6.5));
#15850=CARTESIAN_POINT('Origin',(0.3,-3.15,0.));
#15851=CARTESIAN_POINT('Origin',(0.3,-3.15,0.));
#15852=CARTESIAN_POINT('Origin',(-2.,0.3,0.));
#15853=CARTESIAN_POINT('',(-2.,0.3,1.9));
#15854=CARTESIAN_POINT('',(-2.,0.3,1.));
#15855=CARTESIAN_POINT('',(-2.,0.3,1.45));
#15856=CARTESIAN_POINT('',(-1.5,0.3,1.));
#15857=CARTESIAN_POINT('',(1.,0.3,1.));
#15858=CARTESIAN_POINT('',(-1.8,0.3,1.7));
#15859=CARTESIAN_POINT('',(-1.4,0.3,1.7));
#15860=CARTESIAN_POINT('Origin',(-1.8,0.3,1.9));
#15861=CARTESIAN_POINT('Origin',(-2.,-0.3,1.7));
#15862=CARTESIAN_POINT('',(-1.8,-0.3,1.7));
#15863=CARTESIAN_POINT('',(-1.4,-0.3,1.7));
#15864=CARTESIAN_POINT('',(1.,-0.3,1.));
#15865=CARTESIAN_POINT('',(-2.,-0.3,1.));
#15866=CARTESIAN_POINT('',(-1.5,-0.3,1.));
#15867=CARTESIAN_POINT('',(-2.,-0.3,1.9));
#15868=CARTESIAN_POINT('',(-2.,-0.3,1.45));
#15869=CARTESIAN_POINT('Origin',(-1.8,-0.3,1.9));
#15870=CARTESIAN_POINT('Origin',(-2.,-0.8,1.));
#15871=CARTESIAN_POINT('',(-2.,-5.55111512313E-17,1.9));
#15872=CARTESIAN_POINT('',(-2.,-0.55,1.));
#15873=CARTESIAN_POINT('',(-2.,0.55,1.));
#15874=CARTESIAN_POINT('Origin',(-2.,0.3,1.7));
#15875=CARTESIAN_POINT('',(-1.8,-1.11022302463E-16,1.7));
#15876=CARTESIAN_POINT('Origin',(-1.8,2.10942374679E-15,1.9));
#15877=CARTESIAN_POINT('Origin',(0.,1.25,1.));
#15878=CARTESIAN_POINT('',(-2.,-2.77555756156E-16,1.));
#15879=CARTESIAN_POINT('Origin',(0.,-1.3,1.));
#15880=CARTESIAN_POINT('Origin',(-3.,-1.3,1.));
#15881=CARTESIAN_POINT('Origin',(-3.,-4.4408920985E-16,1.));
#15882=CARTESIAN_POINT('Origin',(-3.,1.3,1.));
#15883=CARTESIAN_POINT('Origin',(0.,1.3,1.));
#15884=CARTESIAN_POINT('Origin',(-1.,3.15,3.));
#15885=CARTESIAN_POINT('',(-1.,3.15,3.));
#15886=CARTESIAN_POINT('',(-1.,2.85,3.));
#15887=CARTESIAN_POINT('',(-1.,3.,3.));
#15888=CARTESIAN_POINT('',(-1.,3.15,1.6));
#15889=CARTESIAN_POINT('',(-1.,3.15,2.3));
#15890=CARTESIAN_POINT('',(-1.,2.85,1.6));
#15891=CARTESIAN_POINT('',(-1.,3.,1.6));
#15892=CARTESIAN_POINT('',(-1.,2.85,2.3));
#15893=CARTESIAN_POINT('Origin',(-1.,3.15,1.6));
#15894=CARTESIAN_POINT('',(-0.3,3.15,1.6));
#15895=CARTESIAN_POINT('',(-0.65,3.15,1.6));
#15896=CARTESIAN_POINT('',(-0.3,2.85,1.6));
#15897=CARTESIAN_POINT('',(-0.3,3.,1.6));
#15898=CARTESIAN_POINT('',(-0.65,2.85,1.6));
#15899=CARTESIAN_POINT('Origin',(-0.3,3.15,-3.2));
#15900=CARTESIAN_POINT('',(-0.3,3.15,-3.2));
#15901=CARTESIAN_POINT('',(-0.3,3.15,-0.8));
#15902=CARTESIAN_POINT('',(-0.3,2.85,-3.2));
#15903=CARTESIAN_POINT('',(-0.3,3.,-3.2));
#15904=CARTESIAN_POINT('',(-0.3,2.85,-0.8));
#15905=CARTESIAN_POINT('Origin',(0.,3.,-3.2));
#15906=CARTESIAN_POINT('',(0.3,3.15,-3.2));
#15907=CARTESIAN_POINT('Origin',(0.,3.15,-3.2));
#15908=CARTESIAN_POINT('',(0.3,2.85,-3.2));
#15909=CARTESIAN_POINT('',(0.3,3.,-3.2));
#15910=CARTESIAN_POINT('Origin',(0.,2.85,-3.2));
#15911=CARTESIAN_POINT('Origin',(0.3,3.15,1.6));
#15912=CARTESIAN_POINT('',(0.3,3.15,1.6));
#15913=CARTESIAN_POINT('',(0.3,3.15,-0.8));
#15914=CARTESIAN_POINT('',(0.3,2.85,1.6));
#15915=CARTESIAN_POINT('',(0.3,3.,1.6));
#15916=CARTESIAN_POINT('',(0.3,2.85,-0.8));
#15917=CARTESIAN_POINT('Origin',(-1.,3.15,1.6));
#15918=CARTESIAN_POINT('',(1.,3.15,1.6));
#15919=CARTESIAN_POINT('',(0.65,3.15,1.6));
#15920=CARTESIAN_POINT('',(1.,2.85,1.6));
#15921=CARTESIAN_POINT('',(1.,3.,1.6));
#15922=CARTESIAN_POINT('',(0.65,2.85,1.6));
#15923=CARTESIAN_POINT('Origin',(1.,3.15,1.6));
#15924=CARTESIAN_POINT('',(1.,3.15,3.));
#15925=CARTESIAN_POINT('',(1.,3.15,2.3));
#15926=CARTESIAN_POINT('',(1.,2.85,3.));
#15927=CARTESIAN_POINT('',(1.,3.,3.));
#15928=CARTESIAN_POINT('',(1.,2.85,2.3));
#15929=CARTESIAN_POINT('Origin',(-1.,3.15,3.));
#15930=CARTESIAN_POINT('',(0.,3.15,3.));
#15931=CARTESIAN_POINT('',(0.,2.85,3.));
#15932=CARTESIAN_POINT('Origin',(0.,3.15,0.));
#15933=CARTESIAN_POINT('Origin',(0.,2.85,0.));
#15934=CARTESIAN_POINT('Origin',(-1.,3.15,3.));
#15935=CARTESIAN_POINT('',(-1.,-2.85,3.));
#15936=CARTESIAN_POINT('',(-1.,-2.85,1.6));
#15937=CARTESIAN_POINT('',(-1.,-2.85,2.3));
#15938=CARTESIAN_POINT('',(-1.,-3.15,1.6));
#15939=CARTESIAN_POINT('',(-1.,-3.,1.6));
#15940=CARTESIAN_POINT('',(-1.,-3.15,3.));
#15941=CARTESIAN_POINT('',(-1.,-3.15,2.3));
#15942=CARTESIAN_POINT('',(-1.,-3.,3.));
#15943=CARTESIAN_POINT('Origin',(-1.,3.15,1.6));
#15944=CARTESIAN_POINT('',(-0.3,-2.85,1.6));
#15945=CARTESIAN_POINT('',(-0.65,-2.85,1.6));
#15946=CARTESIAN_POINT('',(-0.3,-3.15,1.6));
#15947=CARTESIAN_POINT('',(-0.3,-3.,1.6));
#15948=CARTESIAN_POINT('',(-0.65,-3.15,1.6));
#15949=CARTESIAN_POINT('Origin',(-0.3,3.15,-3.2));
#15950=CARTESIAN_POINT('',(-0.3,-2.85,-3.2));
#15951=CARTESIAN_POINT('',(-0.3,-2.85,-0.8));
#15952=CARTESIAN_POINT('',(-0.3,-3.15,-3.2));
#15953=CARTESIAN_POINT('',(-0.3,-3.,-3.2));
#15954=CARTESIAN_POINT('',(-0.3,-3.15,-0.8));
#15955=CARTESIAN_POINT('Origin',(0.,3.,-3.2));
#15956=CARTESIAN_POINT('',(0.3,-2.85,-3.2));
#15957=CARTESIAN_POINT('Origin',(0.,-2.85,-3.2));
#15958=CARTESIAN_POINT('',(0.3,-3.15,-3.2));
#15959=CARTESIAN_POINT('',(0.3,3.,-3.2));
#15960=CARTESIAN_POINT('Origin',(0.,-3.15,-3.2));
#15961=CARTESIAN_POINT('Origin',(0.3,3.15,1.6));
#15962=CARTESIAN_POINT('',(0.3,-2.85,1.6));
#15963=CARTESIAN_POINT('',(0.3,-2.85,-0.8));
#15964=CARTESIAN_POINT('',(0.3,-3.15,1.6));
#15965=CARTESIAN_POINT('',(0.3,-3.,1.6));
#15966=CARTESIAN_POINT('',(0.3,-3.15,-0.8));
#15967=CARTESIAN_POINT('Origin',(-1.,3.15,1.6));
#15968=CARTESIAN_POINT('',(1.,-2.85,1.6));
#15969=CARTESIAN_POINT('',(0.65,-2.85,1.6));
#15970=CARTESIAN_POINT('',(1.,-3.15,1.6));
#15971=CARTESIAN_POINT('',(1.,-3.,1.6));
#15972=CARTESIAN_POINT('',(0.65,-3.15,1.6));
#15973=CARTESIAN_POINT('Origin',(1.,3.15,1.6));
#15974=CARTESIAN_POINT('',(1.,-2.85,3.));
#15975=CARTESIAN_POINT('',(1.,-2.85,2.3));
#15976=CARTESIAN_POINT('',(1.,-3.15,3.));
#15977=CARTESIAN_POINT('',(1.,-3.,3.));
#15978=CARTESIAN_POINT('',(1.,-3.15,2.3));
#15979=CARTESIAN_POINT('Origin',(-1.,3.15,3.));
#15980=CARTESIAN_POINT('',(0.,-2.85,3.));
#15981=CARTESIAN_POINT('',(0.,-3.15,3.));
#15982=CARTESIAN_POINT('Origin',(0.,-3.15,0.));
#15983=CARTESIAN_POINT('Origin',(0.,-2.85,0.));
#15984=CARTESIAN_POINT('Origin',(2.2,-3.15,3.5));
#15985=CARTESIAN_POINT('',(2.2,-3.15,3.5));
#15986=CARTESIAN_POINT('',(2.2,-2.85,3.5));
#15987=CARTESIAN_POINT('',(2.2,-3.,3.5));
#15988=CARTESIAN_POINT('',(-1.3,-3.15,3.5));
#15989=CARTESIAN_POINT('',(0.45,-3.15,3.5));
#15990=CARTESIAN_POINT('',(-1.3,-2.85,3.5));
#15991=CARTESIAN_POINT('',(-1.3,-3.,3.5));
#15992=CARTESIAN_POINT('',(0.45,-2.85,3.5));
#15993=CARTESIAN_POINT('Origin',(-1.3,-3.15,3.5));
#15994=CARTESIAN_POINT('',(-1.3,-3.15,5.5));
#15995=CARTESIAN_POINT('',(-1.3,-3.15,4.5));
#15996=CARTESIAN_POINT('',(-1.3,-2.85,5.5));
#15997=CARTESIAN_POINT('',(-1.3,-3.,5.5));
#15998=CARTESIAN_POINT('',(-1.3,-2.85,4.5));
#15999=CARTESIAN_POINT('Origin',(-1.3,-3.15,5.5));
#16000=CARTESIAN_POINT('',(2.8,-3.15,5.5));
#16001=CARTESIAN_POINT('',(0.75,-3.15,5.5));
#16002=CARTESIAN_POINT('',(2.8,-2.85,5.5));
#16003=CARTESIAN_POINT('',(2.8,-3.,5.5));
#16004=CARTESIAN_POINT('',(0.75,-2.85,5.5));
#16005=CARTESIAN_POINT('Origin',(2.8,-3.15,-3.2));
#16006=CARTESIAN_POINT('',(2.8,-3.15,-3.2));
#16007=CARTESIAN_POINT('',(2.8,-3.15,1.15));
#16008=CARTESIAN_POINT('',(2.8,-2.85,-3.2));
#16009=CARTESIAN_POINT('',(2.8,-3.,-3.2));
#16010=CARTESIAN_POINT('',(2.8,-2.85,1.15));
#16011=CARTESIAN_POINT('Origin',(2.5,-3.,-3.2));
#16012=CARTESIAN_POINT('',(2.2,-3.15,-3.2));
#16013=CARTESIAN_POINT('Origin',(2.5,-3.15,-3.2));
#16014=CARTESIAN_POINT('',(2.2,-2.85,-3.2));
#16015=CARTESIAN_POINT('',(2.2,-3.,-3.2));
#16016=CARTESIAN_POINT('Origin',(2.5,-2.85,-3.2));
#16017=CARTESIAN_POINT('Origin',(2.2,-3.15,3.5));
#16018=CARTESIAN_POINT('',(2.2,-3.15,0.15));
#16019=CARTESIAN_POINT('',(2.2,-2.85,0.15));
#16020=CARTESIAN_POINT('Origin',(0.,-3.15,0.));
#16021=CARTESIAN_POINT('Origin',(0.,-2.85,0.));
#16022=CARTESIAN_POINT('Origin',(-2.2,3.15,3.5));
#16023=CARTESIAN_POINT('',(-2.2,3.15,3.5));
#16024=CARTESIAN_POINT('',(-2.2,2.85,3.5));
#16025=CARTESIAN_POINT('',(-2.2,3.,3.5));
#16026=CARTESIAN_POINT('',(1.3,3.15,3.5));
#16027=CARTESIAN_POINT('',(-0.45,3.15,3.5));
#16028=CARTESIAN_POINT('',(1.3,2.85,3.5));
#16029=CARTESIAN_POINT('',(1.3,3.,3.5));
#16030=CARTESIAN_POINT('',(-0.45,2.85,3.5));
#16031=CARTESIAN_POINT('Origin',(1.3,3.15,3.5));
#16032=CARTESIAN_POINT('',(1.3,3.15,5.5));
#16033=CARTESIAN_POINT('',(1.3,3.15,4.5));
#16034=CARTESIAN_POINT('',(1.3,2.85,5.5));
#16035=CARTESIAN_POINT('',(1.3,3.,5.5));
#16036=CARTESIAN_POINT('',(1.3,2.85,4.5));
#16037=CARTESIAN_POINT('Origin',(1.3,3.15,5.5));
#16038=CARTESIAN_POINT('',(-2.8,3.15,5.5));
#16039=CARTESIAN_POINT('',(-0.75,3.15,5.5));
#16040=CARTESIAN_POINT('',(-2.8,2.85,5.5));
#16041=CARTESIAN_POINT('',(-2.8,3.,5.5));
#16042=CARTESIAN_POINT('',(-0.75,2.85,5.5));
#16043=CARTESIAN_POINT('Origin',(-2.8,3.15,-3.2));
#16044=CARTESIAN_POINT('',(-2.8,3.15,-3.2));
#16045=CARTESIAN_POINT('',(-2.8,3.15,1.15));
#16046=CARTESIAN_POINT('',(-2.8,2.85,-3.2));
#16047=CARTESIAN_POINT('',(-2.8,3.,-3.2));
#16048=CARTESIAN_POINT('',(-2.8,2.85,1.15));
#16049=CARTESIAN_POINT('Origin',(-2.5,3.,-3.2));
#16050=CARTESIAN_POINT('',(-2.2,3.15,-3.2));
#16051=CARTESIAN_POINT('Origin',(-2.5,3.15,-3.2));
#16052=CARTESIAN_POINT('',(-2.2,2.85,-3.2));
#16053=CARTESIAN_POINT('',(-2.2,3.,-3.2));
#16054=CARTESIAN_POINT('Origin',(-2.5,2.85,-3.2));
#16055=CARTESIAN_POINT('Origin',(-2.2,3.15,3.5));
#16056=CARTESIAN_POINT('',(-2.2,3.15,0.15));
#16057=CARTESIAN_POINT('',(-2.2,2.85,0.15));
#16058=CARTESIAN_POINT('Origin',(0.,3.15,0.));
#16059=CARTESIAN_POINT('Origin',(0.,2.85,0.));
#16060=CARTESIAN_POINT('Origin',(1.3,-3.15,7.));
#16061=CARTESIAN_POINT('',(-2.8,-3.15,7.));
#16062=CARTESIAN_POINT('',(-2.8,-2.85,7.));
#16063=CARTESIAN_POINT('',(-2.8,-3.,7.));
#16064=CARTESIAN_POINT('',(1.3,-3.15,7.));
#16065=CARTESIAN_POINT('',(-0.75,-3.15,7.));
#16066=CARTESIAN_POINT('',(1.3,-2.85,7.));
#16067=CARTESIAN_POINT('',(1.3,-3.,7.));
#16068=CARTESIAN_POINT('',(-0.75,-2.85,7.));
#16069=CARTESIAN_POINT('Origin',(1.3,-3.15,6.));
#16070=CARTESIAN_POINT('',(1.3,-3.15,6.));
#16071=CARTESIAN_POINT('',(1.3,-3.15,6.5));
#16072=CARTESIAN_POINT('',(1.3,-2.85,6.));
#16073=CARTESIAN_POINT('',(1.3,-3.,6.));
#16074=CARTESIAN_POINT('',(1.3,-2.85,6.5));
#16075=CARTESIAN_POINT('Origin',(-2.2,-3.15,6.));
#16076=CARTESIAN_POINT('',(-2.2,-3.15,6.));
#16077=CARTESIAN_POINT('',(-0.45,-3.15,6.));
#16078=CARTESIAN_POINT('',(-2.2,-2.85,6.));
#16079=CARTESIAN_POINT('',(-2.2,-3.,6.));
#16080=CARTESIAN_POINT('',(-0.45,-2.85,6.));
#16081=CARTESIAN_POINT('Origin',(-2.2,-3.15,-3.2));
#16082=CARTESIAN_POINT('',(-2.2,-3.15,-3.2));
#16083=CARTESIAN_POINT('',(-2.2,-3.15,1.4));
#16084=CARTESIAN_POINT('',(-2.2,-2.85,-3.2));
#16085=CARTESIAN_POINT('',(-2.2,-3.,-3.2));
#16086=CARTESIAN_POINT('',(-2.2,-2.85,1.4));
#16087=CARTESIAN_POINT('Origin',(-2.5,-3.,-3.2));
#16088=CARTESIAN_POINT('',(-2.8,-3.15,-3.2));
#16089=CARTESIAN_POINT('Origin',(-2.5,-3.15,-3.2));
#16090=CARTESIAN_POINT('',(-2.8,-2.85,-3.2));
#16091=CARTESIAN_POINT('',(-2.8,-3.,-3.2));
#16092=CARTESIAN_POINT('Origin',(-2.5,-2.85,-3.2));
#16093=CARTESIAN_POINT('Origin',(-2.8,-3.15,7.));
#16094=CARTESIAN_POINT('',(-2.8,-3.15,1.9));
#16095=CARTESIAN_POINT('',(-2.8,-2.85,1.9));
#16096=CARTESIAN_POINT('Origin',(0.,-3.15,0.));
#16097=CARTESIAN_POINT('Origin',(0.,-2.85,0.));
#16098=CARTESIAN_POINT('Origin',(-1.3,3.15,7.));
#16099=CARTESIAN_POINT('',(2.8,3.15,7.));
#16100=CARTESIAN_POINT('',(2.8,2.85,7.));
#16101=CARTESIAN_POINT('',(2.8,3.,7.));
#16102=CARTESIAN_POINT('',(-1.3,3.15,7.));
#16103=CARTESIAN_POINT('',(0.75,3.15,7.));
#16104=CARTESIAN_POINT('',(-1.3,2.85,7.));
#16105=CARTESIAN_POINT('',(-1.3,3.,7.));
#16106=CARTESIAN_POINT('',(0.75,2.85,7.));
#16107=CARTESIAN_POINT('Origin',(-1.3,3.15,6.));
#16108=CARTESIAN_POINT('',(-1.3,3.15,6.));
#16109=CARTESIAN_POINT('',(-1.3,3.15,6.5));
#16110=CARTESIAN_POINT('',(-1.3,2.85,6.));
#16111=CARTESIAN_POINT('',(-1.3,3.,6.));
#16112=CARTESIAN_POINT('',(-1.3,2.85,6.5));
#16113=CARTESIAN_POINT('Origin',(2.2,3.15,6.));
#16114=CARTESIAN_POINT('',(2.2,3.15,6.));
#16115=CARTESIAN_POINT('',(0.45,3.15,6.));
#16116=CARTESIAN_POINT('',(2.2,2.85,6.));
#16117=CARTESIAN_POINT('',(2.2,3.,6.));
#16118=CARTESIAN_POINT('',(0.45,2.85,6.));
#16119=CARTESIAN_POINT('Origin',(2.2,3.15,-3.2));
#16120=CARTESIAN_POINT('',(2.2,3.15,-3.2));
#16121=CARTESIAN_POINT('',(2.2,3.15,1.4));
#16122=CARTESIAN_POINT('',(2.2,2.85,-3.2));
#16123=CARTESIAN_POINT('',(2.2,3.,-3.2));
#16124=CARTESIAN_POINT('',(2.2,2.85,1.4));
#16125=CARTESIAN_POINT('Origin',(2.5,3.,-3.2));
#16126=CARTESIAN_POINT('',(2.8,3.15,-3.2));
#16127=CARTESIAN_POINT('Origin',(2.5,3.15,-3.2));
#16128=CARTESIAN_POINT('',(2.8,2.85,-3.2));
#16129=CARTESIAN_POINT('',(2.8,3.,-3.2));
#16130=CARTESIAN_POINT('Origin',(2.5,2.85,-3.2));
#16131=CARTESIAN_POINT('Origin',(2.8,3.15,7.));
#16132=CARTESIAN_POINT('',(2.8,3.15,1.9));
#16133=CARTESIAN_POINT('',(2.8,2.85,1.9));
#16134=CARTESIAN_POINT('Origin',(0.,3.15,0.));
#16135=CARTESIAN_POINT('Origin',(0.,2.85,0.));
#16136=CARTESIAN_POINT('Origin',(-1.85,-1.5,6.05));
#16137=CARTESIAN_POINT('',(-1.85,2.,6.05));
#16138=CARTESIAN_POINT('',(1.85,2.,6.05));
#16139=CARTESIAN_POINT('',(4.4408920985E-16,2.,6.05));
#16140=CARTESIAN_POINT('',(-1.85,1.5,6.05));
#16141=CARTESIAN_POINT('',(-1.85,1.75,6.05));
#16142=CARTESIAN_POINT('',(1.85,1.5,6.05));
#16143=CARTESIAN_POINT('',(4.4408920985E-16,1.5,6.05));
#16144=CARTESIAN_POINT('',(1.85,1.75,6.05));
#16145=CARTESIAN_POINT('Origin',(0.,2.,0.));
#16146=CARTESIAN_POINT('',(1.85,2.,5.05));
#16147=CARTESIAN_POINT('',(1.85,2.,5.55));
#16148=CARTESIAN_POINT('',(-1.85,2.,5.05));
#16149=CARTESIAN_POINT('',(0.,2.,5.05));
#16150=CARTESIAN_POINT('',(-1.85,2.,5.55));
#16151=CARTESIAN_POINT('Origin',(-1.85,-1.5,5.05));
#16152=CARTESIAN_POINT('',(-1.85,1.5,5.37));
#16153=CARTESIAN_POINT('',(-1.85,1.5,5.73));
#16154=CARTESIAN_POINT('Origin',(-1.85,1.5,5.55));
#16155=CARTESIAN_POINT('',(-1.85,1.5,5.89));
#16156=CARTESIAN_POINT('',(-1.85,1.5,5.05));
#16157=CARTESIAN_POINT('',(-1.85,1.75,5.05));
#16158=CARTESIAN_POINT('',(-1.85,1.5,5.21));
#16159=CARTESIAN_POINT('Origin',(0.,1.5,7.));
#16160=CARTESIAN_POINT('',(1.85,1.5,5.73));
#16161=CARTESIAN_POINT('',(2.9,1.5,5.73));
#16162=CARTESIAN_POINT('',(2.375,1.5,5.73));
#16163=CARTESIAN_POINT('',(1.85,1.5,5.89));
#16164=CARTESIAN_POINT('',(-2.9,1.5,5.73));
#16165=CARTESIAN_POINT('',(-2.375,1.5,5.73));
#16166=CARTESIAN_POINT('',(-2.9,1.5,7.));
#16167=CARTESIAN_POINT('',(-2.9,1.5,6.365));
#16168=CARTESIAN_POINT('',(2.9,1.5,7.));
#16169=CARTESIAN_POINT('',(-4.4408920985E-16,1.5,7.));
#16170=CARTESIAN_POINT('',(2.9,1.5,6.365));
#16171=CARTESIAN_POINT('Origin',(1.85,-1.5,6.05));
#16172=CARTESIAN_POINT('',(1.85,1.5,5.37));
#16173=CARTESIAN_POINT('Origin',(1.85,1.5,5.55));
#16174=CARTESIAN_POINT('',(1.85,1.5,5.05));
#16175=CARTESIAN_POINT('',(1.85,1.5,5.21));
#16176=CARTESIAN_POINT('',(1.85,1.75,5.05));
#16177=CARTESIAN_POINT('Origin',(1.85,-1.5,5.05));
#16178=CARTESIAN_POINT('',(2.22044604925E-16,1.5,5.05));
#16179=CARTESIAN_POINT('Origin',(0.,1.5,7.));
#16180=CARTESIAN_POINT('',(2.9,1.5,5.37));
#16181=CARTESIAN_POINT('',(2.375,1.5,5.37));
#16182=CARTESIAN_POINT('',(2.9,1.5,4.1));
#16183=CARTESIAN_POINT('',(2.9,1.5,4.735));
#16184=CARTESIAN_POINT('',(-2.9,1.5,4.1));
#16185=CARTESIAN_POINT('',(-4.4408920985E-16,1.5,4.1));
#16186=CARTESIAN_POINT('',(-2.9,1.5,5.37));
#16187=CARTESIAN_POINT('',(-2.9,1.5,4.735));
#16188=CARTESIAN_POINT('',(-2.375,1.5,5.37));
#16189=CARTESIAN_POINT('Origin',(0.,1.5,5.55));
#16190=CARTESIAN_POINT('Origin',(-2.9,1.5,5.55));
#16191=CARTESIAN_POINT('Origin',(2.9,0.,0.));
#16192=CARTESIAN_POINT('',(2.9,2.2,4.1));
#16193=CARTESIAN_POINT('',(2.9,1.85,4.1));
#16194=CARTESIAN_POINT('Origin',(2.9,1.5,5.55));
#16195=CARTESIAN_POINT('',(2.9,2.2,7.));
#16196=CARTESIAN_POINT('',(2.9,1.85,7.));
#16197=CARTESIAN_POINT('',(2.9,2.4,7.2));
#16198=CARTESIAN_POINT('Origin',(2.9,2.2,7.2));
#16199=CARTESIAN_POINT('',(2.9,2.4,7.5));
#16200=CARTESIAN_POINT('',(2.9,2.4,7.35));
#16201=CARTESIAN_POINT('',(2.9,-2.4,7.5));
#16202=CARTESIAN_POINT('',(2.9,2.15,7.5));
#16203=CARTESIAN_POINT('',(2.9,-2.4,7.2));
#16204=CARTESIAN_POINT('',(2.9,-2.4,7.35));
#16205=CARTESIAN_POINT('',(2.9,-2.2,7.));
#16206=CARTESIAN_POINT('Origin',(2.9,-2.2,7.2));
#16207=CARTESIAN_POINT('',(2.9,-1.5,7.));
#16208=CARTESIAN_POINT('',(2.9,-1.85,7.));
#16209=CARTESIAN_POINT('',(2.9,-1.5,5.73));
#16210=CARTESIAN_POINT('',(2.9,-1.5,6.365));
#16211=CARTESIAN_POINT('',(2.9,-1.5,5.37));
#16212=CARTESIAN_POINT('Origin',(2.9,-1.5,5.55));
#16213=CARTESIAN_POINT('',(2.9,-1.5,4.1));
#16214=CARTESIAN_POINT('',(2.9,-1.5,4.735));
#16215=CARTESIAN_POINT('',(2.9,-2.2,4.1));
#16216=CARTESIAN_POINT('',(2.9,-1.85,4.1));
#16217=CARTESIAN_POINT('',(2.9,-2.4,3.9));
#16218=CARTESIAN_POINT('Origin',(2.9,-2.2,3.9));
#16219=CARTESIAN_POINT('',(2.9,-2.4,3.6));
#16220=CARTESIAN_POINT('',(2.9,-2.4,3.75));
#16221=CARTESIAN_POINT('',(2.9,-1.2,3.6));
#16222=CARTESIAN_POINT('',(2.9,-1.8,3.6));
#16223=CARTESIAN_POINT('',(2.9,-1.2,7.1));
#16224=CARTESIAN_POINT('',(2.9,-1.2,5.35));
#16225=CARTESIAN_POINT('',(2.9,1.2,7.1));
#16226=CARTESIAN_POINT('',(2.9,0.,7.1));
#16227=CARTESIAN_POINT('',(2.9,1.2,3.6));
#16228=CARTESIAN_POINT('',(2.9,1.2,5.35));
#16229=CARTESIAN_POINT('',(2.9,2.4,3.6));
#16230=CARTESIAN_POINT('',(2.9,1.8,3.6));
#16231=CARTESIAN_POINT('',(2.9,2.4,3.9));
#16232=CARTESIAN_POINT('',(2.9,2.4,3.75));
#16233=CARTESIAN_POINT('Origin',(2.9,2.2,3.9));
#16234=CARTESIAN_POINT('Origin',(0.,-2.4,7.));
#16235=CARTESIAN_POINT('',(-2.9,2.2,7.));
#16236=CARTESIAN_POINT('',(-2.9,1.85,7.));
#16237=CARTESIAN_POINT('',(0.,2.2,7.));
#16238=CARTESIAN_POINT('Origin',(-2.9,0.,0.));
#16239=CARTESIAN_POINT('',(-2.9,2.4,3.9));
#16240=CARTESIAN_POINT('',(-2.9,2.2,4.1));
#16241=CARTESIAN_POINT('Origin',(-2.9,2.2,3.9));
#16242=CARTESIAN_POINT('',(-2.9,2.4,3.6));
#16243=CARTESIAN_POINT('',(-2.9,2.4,3.75));
#16244=CARTESIAN_POINT('',(-2.9,1.2,3.6));
#16245=CARTESIAN_POINT('',(-2.9,1.8,3.6));
#16246=CARTESIAN_POINT('',(-2.9,1.2,7.5));
#16247=CARTESIAN_POINT('',(-2.9,1.2,5.55));
#16248=CARTESIAN_POINT('',(-2.9,2.4,7.5));
#16249=CARTESIAN_POINT('',(-2.9,1.55,7.5));
#16250=CARTESIAN_POINT('',(-2.9,2.4,7.2));
#16251=CARTESIAN_POINT('',(-2.9,2.4,7.35));
#16252=CARTESIAN_POINT('Origin',(-2.9,2.2,7.2));
#16253=CARTESIAN_POINT('',(-2.9,1.85,4.1));
#16254=CARTESIAN_POINT('Origin',(0.,1.5,5.55));
#16255=CARTESIAN_POINT('Origin',(0.,-1.5,4.1));
#16256=CARTESIAN_POINT('',(-4.4408920985E-16,2.2,4.1));
#16257=CARTESIAN_POINT('Origin',(-4.4408920985E-16,2.2,7.2));
#16258=CARTESIAN_POINT('',(0.,2.4,7.2));
#16259=CARTESIAN_POINT('Origin',(0.,2.4,4.1));
#16260=CARTESIAN_POINT('',(-4.4408920985E-16,2.4,7.5));
#16261=CARTESIAN_POINT('Origin',(0.,-1.9,7.5));
#16262=CARTESIAN_POINT('',(-0.9,-1.9,7.5));
#16263=CARTESIAN_POINT('',(-0.7,-1.7,7.5));
#16264=CARTESIAN_POINT('Origin',(-0.9,-1.7,7.5));
#16265=CARTESIAN_POINT('',(-1.6,-1.9,7.5));
#16266=CARTESIAN_POINT('',(-1.25,-1.9,7.5));
#16267=CARTESIAN_POINT('',(-1.9,-1.6,7.5));
#16268=CARTESIAN_POINT('Origin',(-1.6,-1.6,7.5));
#16269=CARTESIAN_POINT('',(-1.9,-1.5,7.5));
#16270=CARTESIAN_POINT('',(-1.9,-1.55,7.5));
#16271=CARTESIAN_POINT('',(-1.6,-1.2,7.5));
#16272=CARTESIAN_POINT('Origin',(-1.6,-1.5,7.5));
#16273=CARTESIAN_POINT('',(-2.9,-1.2,7.5));
#16274=CARTESIAN_POINT('',(-2.25,-1.2,7.5));
#16275=CARTESIAN_POINT('',(-2.9,-2.4,7.5));
#16276=CARTESIAN_POINT('',(-2.9,-1.55,7.5));
#16277=CARTESIAN_POINT('',(-4.4408920985E-16,-2.4,7.5));
#16278=CARTESIAN_POINT('',(-1.6,1.2,7.5));
#16279=CARTESIAN_POINT('',(-2.25,1.2,7.5));
#16280=CARTESIAN_POINT('',(-1.9,1.5,7.5));
#16281=CARTESIAN_POINT('Origin',(-1.6,1.5,7.5));
#16282=CARTESIAN_POINT('',(-1.9,1.6,7.5));
#16283=CARTESIAN_POINT('',(-1.9,1.55,7.5));
#16284=CARTESIAN_POINT('',(-1.6,1.9,7.5));
#16285=CARTESIAN_POINT('Origin',(-1.6,1.6,7.5));
#16286=CARTESIAN_POINT('',(-0.9,1.9,7.5));
#16287=CARTESIAN_POINT('',(-1.25,1.9,7.5));
#16288=CARTESIAN_POINT('',(-0.7,1.7,7.5));
#16289=CARTESIAN_POINT('Origin',(-0.9,1.7,7.5));
#16290=CARTESIAN_POINT('',(-0.7,1.5,7.5));
#16291=CARTESIAN_POINT('',(-0.7,1.6,7.5));
#16292=CARTESIAN_POINT('',(1.65,1.5,7.5));
#16293=CARTESIAN_POINT('',(0.475,1.5,7.5));
#16294=CARTESIAN_POINT('',(1.65,1.,7.5));
#16295=CARTESIAN_POINT('Origin',(1.65,1.25,7.5));
#16296=CARTESIAN_POINT('',(1.6,1.,7.5));
#16297=CARTESIAN_POINT('',(1.625,1.,7.5));
#16298=CARTESIAN_POINT('',(1.6,-1.,7.5));
#16299=CARTESIAN_POINT('',(1.6,0.,7.5));
#16300=CARTESIAN_POINT('',(1.65,-1.,7.5));
#16301=CARTESIAN_POINT('',(1.625,-1.,7.5));
#16302=CARTESIAN_POINT('',(1.65,-1.5,7.5));
#16303=CARTESIAN_POINT('Origin',(1.65,-1.25,7.5));
#16304=CARTESIAN_POINT('',(-0.7,-1.5,7.5));
#16305=CARTESIAN_POINT('',(0.475,-1.5,7.5));
#16306=CARTESIAN_POINT('',(-0.7,-1.6,7.5));
#16307=CARTESIAN_POINT('Origin',(0.,-2.4,7.5));
#16308=CARTESIAN_POINT('',(-2.9,-2.4,7.2));
#16309=CARTESIAN_POINT('',(-2.9,-2.4,7.35));
#16310=CARTESIAN_POINT('',(-4.4408920985E-16,-2.4,7.2));
#16311=CARTESIAN_POINT('Origin',(-4.4408920985E-16,-2.2,7.2));
#16312=CARTESIAN_POINT('',(-2.9,-2.2,7.));
#16313=CARTESIAN_POINT('Origin',(-2.9,-2.2,7.2));
#16314=CARTESIAN_POINT('',(0.,-2.2,7.));
#16315=CARTESIAN_POINT('Origin',(0.,-2.4,7.));
#16316=CARTESIAN_POINT('',(-2.9,-1.5,7.));
#16317=CARTESIAN_POINT('',(-2.9,-1.85,7.));
#16318=CARTESIAN_POINT('',(-4.4408920985E-16,-1.5,7.));
#16319=CARTESIAN_POINT('Origin',(0.,-1.5,13.6));
#16320=CARTESIAN_POINT('',(1.85,-1.5,5.73));
#16321=CARTESIAN_POINT('',(2.375,-1.5,5.73));
#16322=CARTESIAN_POINT('',(-2.9,-1.5,5.73));
#16323=CARTESIAN_POINT('',(-2.9,-1.5,6.365));
#16324=CARTESIAN_POINT('',(-1.85,-1.5,5.73));
#16325=CARTESIAN_POINT('',(-2.375,-1.5,5.73));
#16326=CARTESIAN_POINT('',(-1.85,-1.5,6.05));
#16327=CARTESIAN_POINT('',(-1.85,-1.5,5.89));
#16328=CARTESIAN_POINT('',(1.85,-1.5,6.05));
#16329=CARTESIAN_POINT('',(0.,-1.5,6.05));
#16330=CARTESIAN_POINT('',(1.85,-1.5,5.89));
#16331=CARTESIAN_POINT('Origin',(0.,-1.5,5.55));
#16332=CARTESIAN_POINT('',(1.85,-1.5,5.37));
#16333=CARTESIAN_POINT('',(0.,-1.5,5.37));
#16334=CARTESIAN_POINT('Origin',(1.85,-1.5,5.55));
#16335=CARTESIAN_POINT('Origin',(0.,-1.5,13.6));
#16336=CARTESIAN_POINT('',(-2.9,-1.5,5.37));
#16337=CARTESIAN_POINT('',(-2.9,-1.5,4.1));
#16338=CARTESIAN_POINT('',(-2.9,-1.5,4.735));
#16339=CARTESIAN_POINT('',(-4.4408920985E-16,-1.5,4.1));
#16340=CARTESIAN_POINT('',(1.85,-1.5,5.05));
#16341=CARTESIAN_POINT('',(1.85,-1.5,5.21));
#16342=CARTESIAN_POINT('',(-1.85,-1.5,5.05));
#16343=CARTESIAN_POINT('',(0.,-1.5,5.05));
#16344=CARTESIAN_POINT('',(-1.85,-1.5,5.37));
#16345=CARTESIAN_POINT('',(-1.85,-1.5,5.21));
#16346=CARTESIAN_POINT('',(-2.375,-1.5,5.37));
#16347=CARTESIAN_POINT('Origin',(0.,-1.5,4.1));
#16348=CARTESIAN_POINT('',(-2.9,-2.2,4.1));
#16349=CARTESIAN_POINT('',(-2.9,-1.85,4.1));
#16350=CARTESIAN_POINT('',(0.,-2.2,4.1));
#16351=CARTESIAN_POINT('Origin',(-4.4408920985E-16,-2.2,3.9));
#16352=CARTESIAN_POINT('',(-2.9,-2.4,3.9));
#16353=CARTESIAN_POINT('Origin',(-2.9,-2.2,3.9));
#16354=CARTESIAN_POINT('',(0.,-2.4,3.9));
#16355=CARTESIAN_POINT('Origin',(0.,-2.4,7.5));
#16356=CARTESIAN_POINT('',(-2.9,-2.4,3.6));
#16357=CARTESIAN_POINT('',(-2.9,-2.4,3.75));
#16358=CARTESIAN_POINT('',(-4.4408920985E-16,-2.4,3.6));
#16359=CARTESIAN_POINT('Origin',(0.,-2.4,3.6));
#16360=CARTESIAN_POINT('',(-2.9,-1.2,3.6));
#16361=CARTESIAN_POINT('',(-2.9,-1.8,3.6));
#16362=CARTESIAN_POINT('',(-4.4408920985E-16,-1.2,3.6));
#16363=CARTESIAN_POINT('Origin',(0.,-1.2,12.6));
#16364=CARTESIAN_POINT('',(-1.3,-1.2,8.17527767497));
#16365=CARTESIAN_POINT('',(-1.3,-1.2,9.4));
#16366=CARTESIAN_POINT('',(-1.3,-1.2,8.78763883749));
#16367=CARTESIAN_POINT('',(-0.8,-1.2,8.17527767497));
#16368=CARTESIAN_POINT('',(-1.05,-1.2,8.17527767497));
#16369=CARTESIAN_POINT('',(-0.8,-1.2,4.9));
#16370=CARTESIAN_POINT('',(-0.8,-1.2,6.53763883749));
#16371=CARTESIAN_POINT('',(0.1,-1.2,4.9));
#16372=CARTESIAN_POINT('',(-0.35,-1.2,4.9));
#16373=CARTESIAN_POINT('',(0.1,-1.2,7.1));
#16374=CARTESIAN_POINT('',(0.1,-1.2,6.));
#16375=CARTESIAN_POINT('',(1.5,-1.2,7.1));
#16376=CARTESIAN_POINT('',(-2.9,-1.2,5.55));
#16377=CARTESIAN_POINT('',(-1.6,-1.2,9.4));
#16378=CARTESIAN_POINT('',(-1.6,-1.2,8.45));
#16379=CARTESIAN_POINT('',(-1.45,-1.2,9.4));
#16380=CARTESIAN_POINT('Origin',(0.,0.,7.1));
#16381=CARTESIAN_POINT('',(0.1,1.2,7.1));
#16382=CARTESIAN_POINT('',(0.1,-2.22044604925E-16,7.1));
#16383=CARTESIAN_POINT('',(1.5,1.2,7.1));
#16384=CARTESIAN_POINT('',(0.85,-9.18485099361E-17,7.1));
#16385=CARTESIAN_POINT('Origin',(1.6,0.,7.1));
#16386=CARTESIAN_POINT('Origin',(0.,1.2,3.6));
#16387=CARTESIAN_POINT('',(-1.3,1.2,4.9));
#16388=CARTESIAN_POINT('',(0.1,1.2,4.9));
#16389=CARTESIAN_POINT('',(-0.6,1.2,4.9));
#16390=CARTESIAN_POINT('',(-1.3,1.2,7.));
#16391=CARTESIAN_POINT('',(-1.3,1.2,5.95));
#16392=CARTESIAN_POINT('',(-0.8,1.2,7.));
#16393=CARTESIAN_POINT('',(-1.05,1.2,7.));
#16394=CARTESIAN_POINT('',(-0.8,1.2,9.4));
#16395=CARTESIAN_POINT('',(-0.8,1.2,8.2));
#16396=CARTESIAN_POINT('',(-1.6,1.2,9.4));
#16397=CARTESIAN_POINT('',(-1.2,1.2,9.4));
#16398=CARTESIAN_POINT('',(-1.6,1.2,8.45));
#16399=CARTESIAN_POINT('',(4.4408920985E-16,1.2,3.6));
#16400=CARTESIAN_POINT('',(0.1,1.2,6.));
#16401=CARTESIAN_POINT('Origin',(0.,-2.4,3.6));
#16402=CARTESIAN_POINT('',(-4.4408920985E-16,2.4,3.6));
#16403=CARTESIAN_POINT('Origin',(0.,2.4,4.1));
#16404=CARTESIAN_POINT('',(-4.4408920985E-16,2.4,3.9));
#16405=CARTESIAN_POINT('Origin',(-4.4408920985E-16,2.2,3.9));
#16406=CARTESIAN_POINT('Origin',(-0.9,-1.7,9.05));
#16407=CARTESIAN_POINT('',(-0.7,-1.7,10.6));
#16408=CARTESIAN_POINT('',(-0.7,-1.7,9.05));
#16409=CARTESIAN_POINT('',(-0.9,-1.9,10.6));
#16410=CARTESIAN_POINT('Origin',(-0.9,-1.7,10.6));
#16411=CARTESIAN_POINT('',(-0.9,-1.9,9.05));
#16412=CARTESIAN_POINT('Origin',(0.,-1.9,10.6));
#16413=CARTESIAN_POINT('',(-1.6,-1.9,10.6));
#16414=CARTESIAN_POINT('',(-1.25,-1.9,10.6));
#16415=CARTESIAN_POINT('',(-1.6,-1.9,9.05));
#16416=CARTESIAN_POINT('Origin',(-1.6,-1.6,9.05));
#16417=CARTESIAN_POINT('',(-1.9,-1.6,10.6));
#16418=CARTESIAN_POINT('Origin',(-1.6,-1.6,10.6));
#16419=CARTESIAN_POINT('',(-1.9,-1.6,9.05));
#16420=CARTESIAN_POINT('Origin',(-1.9,0.,10.6));
#16421=CARTESIAN_POINT('',(-1.9,-1.5,10.6));
#16422=CARTESIAN_POINT('',(-1.9,-1.55,10.6));
#16423=CARTESIAN_POINT('',(-1.9,-1.5,9.05));
#16424=CARTESIAN_POINT('Origin',(-1.6,-1.5,7.1));
#16425=CARTESIAN_POINT('',(-1.6,-1.2,10.6));
#16426=CARTESIAN_POINT('Origin',(-1.6,-1.5,10.6));
#16427=CARTESIAN_POINT('',(-1.6,-1.2,7.1));
#16428=CARTESIAN_POINT('Origin',(-2.9,0.,0.));
#16429=CARTESIAN_POINT('Origin',(-2.9,-1.5,5.55));
#16430=CARTESIAN_POINT('Origin',(-1.6,1.5,7.1));
#16431=CARTESIAN_POINT('',(-1.6,1.2,10.6));
#16432=CARTESIAN_POINT('',(-1.9,1.5,10.6));
#16433=CARTESIAN_POINT('Origin',(-1.6,1.5,10.6));
#16434=CARTESIAN_POINT('',(-1.9,1.5,7.1));
#16435=CARTESIAN_POINT('',(-1.6,1.2,7.1));
#16436=CARTESIAN_POINT('Origin',(-1.9,0.,10.6));
#16437=CARTESIAN_POINT('',(-1.9,1.6,10.6));
#16438=CARTESIAN_POINT('',(-1.9,1.55,10.6));
#16439=CARTESIAN_POINT('',(-1.9,1.6,9.05));
#16440=CARTESIAN_POINT('Origin',(-1.6,1.6,9.05));
#16441=CARTESIAN_POINT('',(-1.6,1.9,10.6));
#16442=CARTESIAN_POINT('Origin',(-1.6,1.6,10.6));
#16443=CARTESIAN_POINT('',(-1.6,1.9,9.05));
#16444=CARTESIAN_POINT('Origin',(0.,1.9,10.6));
#16445=CARTESIAN_POINT('',(-0.9,1.9,10.6));
#16446=CARTESIAN_POINT('',(-0.9,1.9,9.05));
#16447=CARTESIAN_POINT('',(-1.25,1.9,10.6));
#16448=CARTESIAN_POINT('Origin',(-0.9,1.7,9.05));
#16449=CARTESIAN_POINT('',(-0.7,1.7,10.6));
#16450=CARTESIAN_POINT('Origin',(-0.9,1.7,10.6));
#16451=CARTESIAN_POINT('',(-0.7,1.7,9.05));
#16452=CARTESIAN_POINT('Origin',(-0.7,-1.9,10.6));
#16453=CARTESIAN_POINT('',(-0.7,1.5,10.6));
#16454=CARTESIAN_POINT('',(-0.7,1.6,10.6));
#16455=CARTESIAN_POINT('',(-0.7,1.5,9.05));
#16456=CARTESIAN_POINT('Origin',(1.65,1.25,9.55));
#16457=CARTESIAN_POINT('',(1.65,1.5,10.6));
#16458=CARTESIAN_POINT('',(1.65,1.5,9.55));
#16459=CARTESIAN_POINT('',(1.65,1.,10.6));
#16460=CARTESIAN_POINT('Origin',(1.65,1.25,10.6));
#16461=CARTESIAN_POINT('',(1.65,1.,9.05));
#16462=CARTESIAN_POINT('Origin',(1.6,1.,10.6));
#16463=CARTESIAN_POINT('',(1.6,1.,10.6));
#16464=CARTESIAN_POINT('',(1.625,1.,10.6));
#16465=CARTESIAN_POINT('',(1.6,1.,9.05));
#16466=CARTESIAN_POINT('Origin',(1.6,-1.,10.6));
#16467=CARTESIAN_POINT('',(1.6,-1.,10.6));
#16468=CARTESIAN_POINT('',(1.6,0.,10.6));
#16469=CARTESIAN_POINT('',(1.6,-1.,9.05));
#16470=CARTESIAN_POINT('',(1.6,-0.7,10.05));
#16471=CARTESIAN_POINT('',(1.6,-0.7,8.05));
#16472=CARTESIAN_POINT('',(1.6,-0.7,9.05));
#16473=CARTESIAN_POINT('',(1.6,0.7,10.05));
#16474=CARTESIAN_POINT('',(1.6,0.,10.05));
#16475=CARTESIAN_POINT('',(1.6,0.7,8.05));
#16476=CARTESIAN_POINT('',(1.6,0.7,9.05));
#16477=CARTESIAN_POINT('',(1.6,0.,8.05));
#16478=CARTESIAN_POINT('Origin',(1.9,-1.,10.6));
#16479=CARTESIAN_POINT('',(1.65,-1.,10.6));
#16480=CARTESIAN_POINT('',(1.65,-1.,9.05));
#16481=CARTESIAN_POINT('',(1.625,-1.,10.6));
#16482=CARTESIAN_POINT('Origin',(1.65,-1.25,9.05));
#16483=CARTESIAN_POINT('',(1.65,-1.5,10.6));
#16484=CARTESIAN_POINT('Origin',(1.65,-1.25,10.6));
#16485=CARTESIAN_POINT('',(1.65,-1.5,9.55));
#16486=CARTESIAN_POINT('Origin',(-0.7,-1.9,10.6));
#16487=CARTESIAN_POINT('',(-0.7,-1.5,10.6));
#16488=CARTESIAN_POINT('',(-0.7,-1.5,9.05));
#16489=CARTESIAN_POINT('',(-0.7,-1.6,10.6));
#16490=CARTESIAN_POINT('Origin',(0.,-1.5,5.55));
#16491=CARTESIAN_POINT('Origin',(-1.85,-1.5,5.55));
#16492=CARTESIAN_POINT('Origin',(-1.85,-1.5,5.05));
#16493=CARTESIAN_POINT('',(-1.85,-2.,5.05));
#16494=CARTESIAN_POINT('',(-1.85,-1.75,5.05));
#16495=CARTESIAN_POINT('',(-1.85,-2.,6.05));
#16496=CARTESIAN_POINT('',(-1.85,-2.,5.55));
#16497=CARTESIAN_POINT('',(-1.85,-1.75,6.05));
#16498=CARTESIAN_POINT('Origin',(-1.85,-1.5,6.05));
#16499=CARTESIAN_POINT('',(1.85,-2.,6.05));
#16500=CARTESIAN_POINT('',(1.85,-1.75,6.05));
#16501=CARTESIAN_POINT('',(4.4408920985E-16,-2.,6.05));
#16502=CARTESIAN_POINT('Origin',(1.85,-1.5,6.05));
#16503=CARTESIAN_POINT('',(1.85,-2.,5.05));
#16504=CARTESIAN_POINT('',(1.85,-2.,5.55));
#16505=CARTESIAN_POINT('',(1.85,-1.75,5.05));
#16506=CARTESIAN_POINT('Origin',(1.85,-1.5,5.05));
#16507=CARTESIAN_POINT('',(2.22044604925E-16,-2.,5.05));
#16508=CARTESIAN_POINT('Origin',(0.,0.,9.4));
#16509=CARTESIAN_POINT('',(-0.8,-0.9,9.4));
#16510=CARTESIAN_POINT('',(-0.8,-0.1,9.4));
#16511=CARTESIAN_POINT('',(-0.8,-0.9,9.4));
#16512=CARTESIAN_POINT('',(-1.3,-0.9,9.4));
#16513=CARTESIAN_POINT('',(-1.05,-0.9,9.4));
#16514=CARTESIAN_POINT('',(-1.3,-1.05,9.4));
#16515=CARTESIAN_POINT('',(-1.6,-4.4408920985E-16,9.4));
#16516=CARTESIAN_POINT('',(-0.8,0.7,9.4));
#16517=CARTESIAN_POINT('',(-0.8,0.7,9.4));
#16518=CARTESIAN_POINT('',(-1.3,0.7,9.4));
#16519=CARTESIAN_POINT('',(-1.05,0.7,9.4));
#16520=CARTESIAN_POINT('',(-1.3,-0.1,9.4));
#16521=CARTESIAN_POINT('',(-1.3,0.3,9.4));
#16522=CARTESIAN_POINT('',(-1.05,-0.1,9.4));
#16523=CARTESIAN_POINT('Origin',(1.6,0.,6.5));
#16524=CARTESIAN_POINT('',(0.85,-9.18485099361E-17,5.9));
#16525=CARTESIAN_POINT('Origin',(1.6,0.,6.35));
#16526=CARTESIAN_POINT('',(0.85,9.18485099360515E-17,6.5));
#16527=CARTESIAN_POINT('Origin',(0.,-1.5,10.6));
#16528=CARTESIAN_POINT('',(-1.,-1.5,10.6));
#16529=CARTESIAN_POINT('',(-0.85,-1.5,10.6));
#16530=CARTESIAN_POINT('',(-1.,1.5,10.6));
#16531=CARTESIAN_POINT('',(-1.,0.,10.6));
#16532=CARTESIAN_POINT('',(-0.85,1.5,10.6));
#16533=CARTESIAN_POINT('',(-1.6,-4.4408920985E-16,10.6));
#16534=CARTESIAN_POINT('Origin',(-1.6,-1.2,9.4));
#16535=CARTESIAN_POINT('Origin',(0.,-1.5,10.6));
#16536=CARTESIAN_POINT('',(1.,1.5,10.6));
#16537=CARTESIAN_POINT('',(1.325,1.5,10.6));
#16538=CARTESIAN_POINT('',(1.,-1.5,10.6));
#16539=CARTESIAN_POINT('',(1.,-4.4408920985E-16,10.6));
#16540=CARTESIAN_POINT('',(1.325,-1.5,10.6));
#16541=CARTESIAN_POINT('Origin',(1.6,0.,8.05));
#16542=CARTESIAN_POINT('',(0.6,0.7,8.1905408347));
#16543=CARTESIAN_POINT('',(1.1,0.7,8.12027041735));
#16544=CARTESIAN_POINT('',(0.6,-0.7,8.1905408347));
#16545=CARTESIAN_POINT('',(0.6,0.,8.1905408347));
#16546=CARTESIAN_POINT('',(1.1,-0.7,8.12027041735));
#16547=CARTESIAN_POINT('Origin',(0.,0.7,0.));
#16548=CARTESIAN_POINT('',(0.6,0.7,9.9094591653));
#16549=CARTESIAN_POINT('',(1.1,0.7,9.97972958265));
#16550=CARTESIAN_POINT('',(0.6,0.7,9.05));
#16551=CARTESIAN_POINT('Origin',(1.6,0.,10.05));
#16552=CARTESIAN_POINT('',(0.6,-0.7,9.9094591653));
#16553=CARTESIAN_POINT('',(0.6,0.,9.9094591653));
#16554=CARTESIAN_POINT('',(1.1,-0.7,9.97972958265));
#16555=CARTESIAN_POINT('Origin',(0.,-0.7,0.));
#16556=CARTESIAN_POINT('',(0.6,-0.7,9.05));
#16557=CARTESIAN_POINT('Origin',(0.,-2.,0.));
#16558=CARTESIAN_POINT('Origin',(0.85,0.,5.9));
#16559=CARTESIAN_POINT('Origin',(0.,0.5,13.2));
#16560=CARTESIAN_POINT('',(-1.,0.5,13.2));
#16561=CARTESIAN_POINT('',(1.,0.5,13.2));
#16562=CARTESIAN_POINT('',(2.22044604925E-16,0.5,13.2));
#16563=CARTESIAN_POINT('',(-1.,-0.5,13.2));
#16564=CARTESIAN_POINT('',(-1.,1.28785870857E-14,13.2));
#16565=CARTESIAN_POINT('',(1.,-0.5,13.2));
#16566=CARTESIAN_POINT('',(2.22044604925E-16,-0.5,13.2));
#16567=CARTESIAN_POINT('',(1.,1.28785870857E-14,13.2));
#16568=CARTESIAN_POINT('Origin',(0.,1.2,3.6));
#16569=CARTESIAN_POINT('',(-1.,1.2,11.6));
#16570=CARTESIAN_POINT('',(1.,1.2,11.6));
#16571=CARTESIAN_POINT('',(2.22044604925E-16,1.2,11.6));
#16572=CARTESIAN_POINT('',(-1.,1.2,12.6));
#16573=CARTESIAN_POINT('',(-1.,1.2,12.1));
#16574=CARTESIAN_POINT('',(1.,1.2,12.6));
#16575=CARTESIAN_POINT('',(2.22044604925E-16,1.2,12.6));
#16576=CARTESIAN_POINT('',(1.,1.2,12.1));
#16577=CARTESIAN_POINT('Origin',(0.,-1.2,12.6));
#16578=CARTESIAN_POINT('',(-1.,-1.2,12.6));
#16579=CARTESIAN_POINT('',(1.,-1.2,12.6));
#16580=CARTESIAN_POINT('',(2.22044604925E-16,-1.2,12.6));
#16581=CARTESIAN_POINT('',(-1.,-1.2,11.6));
#16582=CARTESIAN_POINT('',(-1.,-1.2,12.1));
#16583=CARTESIAN_POINT('',(1.,-1.2,11.6));
#16584=CARTESIAN_POINT('',(2.22044604925E-16,-1.2,11.6));
#16585=CARTESIAN_POINT('',(1.,-1.2,12.1));
#16586=CARTESIAN_POINT('Origin',(0.6,0.,9.9094591653));
#16587=CARTESIAN_POINT('Origin',(0.,1.2,4.9));
#16588=CARTESIAN_POINT('',(0.1,1.35447209004E-14,4.9));
#16589=CARTESIAN_POINT('',(-0.8,0.80020753821,4.9));
#16590=CARTESIAN_POINT('',(-0.8,-0.199896230895,4.9));
#16591=CARTESIAN_POINT('',(-1.3,0.80020753821,4.9));
#16592=CARTESIAN_POINT('',(-1.05,0.80020753821,4.9));
#16593=CARTESIAN_POINT('',(-1.3,1.0001037691,4.9));
#16594=CARTESIAN_POINT('Origin',(0.1,1.2,3.6));
#16595=CARTESIAN_POINT('Origin',(-0.8,-0.1,9.4));
#16596=CARTESIAN_POINT('',(-0.8,-0.1,8.49142135624));
#16597=CARTESIAN_POINT('',(-1.3,-0.1,8.49142135624));
#16598=CARTESIAN_POINT('',(-1.05,-0.1,8.49142135624));
#16599=CARTESIAN_POINT('',(-0.8,-0.1,8.94571067812));
#16600=CARTESIAN_POINT('',(-1.3,-0.1,8.94571067812));
#16601=CARTESIAN_POINT('Origin',(-1.05,0.,8.49142135624));
#16602=CARTESIAN_POINT('',(-1.3,0.0707106781187,8.42071067812));
#16603=CARTESIAN_POINT('Origin',(-1.3,0.,8.49142135624));
#16604=CARTESIAN_POINT('',(-0.8,0.0707106781187,8.42071067812));
#16605=CARTESIAN_POINT('',(-1.05,0.0707106781187,8.42071067812));
#16606=CARTESIAN_POINT('Origin',(-0.8,0.,8.49142135624));
#16607=CARTESIAN_POINT('Origin',(-0.8,-0.9,9.4));
#16608=CARTESIAN_POINT('',(-1.3,-0.9,8.55812038745));
#16609=CARTESIAN_POINT('',(-1.3,-0.9,8.97906019372));
#16610=CARTESIAN_POINT('',(-0.8,-0.9,8.55812038745));
#16611=CARTESIAN_POINT('',(-0.8,-0.9,8.97906019372));
#16612=CARTESIAN_POINT('',(-1.05,-0.9,8.55812038745));
#16613=CARTESIAN_POINT('Origin',(-0.8,-0.9,8.47527767497));
#16614=CARTESIAN_POINT('',(-0.8,-0.958578643763,8.41669903121));
#16615=CARTESIAN_POINT('',(-0.8,-1.07928932188,8.29598835309));
#16616=CARTESIAN_POINT('',(-1.3,-0.958578643763,8.41669903121));
#16617=CARTESIAN_POINT('',(-1.3,-1.07928932188,8.29598835309));
#16618=CARTESIAN_POINT('',(-1.05,-0.958578643763,8.41669903121));
#16619=CARTESIAN_POINT('Origin',(-1.3,0.,0.));
#16620=CARTESIAN_POINT('Origin',(-1.3,-1.1,8.55812038745));
#16621=CARTESIAN_POINT('Origin',(-1.05,-1.1,8.55812038745));
#16622=CARTESIAN_POINT('Origin',(-0.8,-1.1,8.55812038745));
#16623=CARTESIAN_POINT('Origin',(-1.05,-1.11022302463E-15,7.77113248654));
#16624=CARTESIAN_POINT('',(-0.8,0.125,7.55462613559));
#16625=CARTESIAN_POINT('',(-0.8,-0.125,7.55462613559));
#16626=CARTESIAN_POINT('Origin',(-0.8,-1.11022302463E-15,7.77113248654));
#16627=CARTESIAN_POINT('',(-1.3,0.125,7.55462613559));
#16628=CARTESIAN_POINT('',(-1.05,0.125,7.55462613559));
#16629=CARTESIAN_POINT('',(-1.3,-0.125,7.55462613559));
#16630=CARTESIAN_POINT('Origin',(-1.3,-1.11022302463E-15,7.77113248654));
#16631=CARTESIAN_POINT('',(-1.05,-0.125,7.55462613559));
#16632=CARTESIAN_POINT('Origin',(-1.05,0.0883027817727,7.01967363167));
#16633=CARTESIAN_POINT('',(-1.3,0.159013459891,6.94896295355));
#16634=CARTESIAN_POINT('',(-1.3,0.0313817838897,6.93745441251));
#16635=CARTESIAN_POINT('Origin',(-1.3,0.0883027817727,7.01967363167));
#16636=CARTESIAN_POINT('',(-0.8,0.159013459891,6.94896295355));
#16637=CARTESIAN_POINT('',(-1.05,0.159013459891,6.94896295355));
#16638=CARTESIAN_POINT('',(-0.8,0.0313817838897,6.93745441251));
#16639=CARTESIAN_POINT('Origin',(-0.8,0.0883027817727,7.01967363167));
#16640=CARTESIAN_POINT('',(-1.05,0.0313817838897,6.93745441251));
#16641=CARTESIAN_POINT('Origin',(-0.8,-0.55,7.33994949366));
#16642=CARTESIAN_POINT('',(-0.8,-0.463841995766,7.28030164458));
#16643=CARTESIAN_POINT('',(-1.3,-0.463841995766,7.28030164458));
#16644=CARTESIAN_POINT('',(-1.05,-0.463841995766,7.28030164458));
#16645=CARTESIAN_POINT('',(-1.3,-0.216230105938,7.10887802854));
#16646=CARTESIAN_POINT('',(-0.8,-0.216230105938,7.10887802854));
#16647=CARTESIAN_POINT('Origin',(-1.05,-0.35,7.4447400829));
#16648=CARTESIAN_POINT('',(-1.3,-0.55,7.4447400829));
#16649=CARTESIAN_POINT('Origin',(-1.3,-0.35,7.4447400829));
#16650=CARTESIAN_POINT('',(-0.8,-0.55,7.4447400829));
#16651=CARTESIAN_POINT('Origin',(-0.8,-0.35,7.4447400829));
#16652=CARTESIAN_POINT('',(-1.05,-0.55,7.4447400829));
#16653=CARTESIAN_POINT('Origin',(-0.8,0.55,7.33994949366));
#16654=CARTESIAN_POINT('',(-0.8,0.491421356237,7.2813708499));
#16655=CARTESIAN_POINT('',(-0.8,0.325217408064,7.11516690173));
#16656=CARTESIAN_POINT('',(-1.3,0.491421356237,7.2813708499));
#16657=CARTESIAN_POINT('',(-1.3,0.325217408064,7.11516690173));
#16658=CARTESIAN_POINT('',(-1.05,0.491421356237,7.2813708499));
#16659=CARTESIAN_POINT('Origin',(-1.05,0.35,7.42279220614));
#16660=CARTESIAN_POINT('',(-1.3,0.55,7.42279220614));
#16661=CARTESIAN_POINT('Origin',(-1.3,0.35,7.42279220614));
#16662=CARTESIAN_POINT('',(-0.8,0.55,7.42279220614));
#16663=CARTESIAN_POINT('',(-1.05,0.55,7.42279220614));
#16664=CARTESIAN_POINT('Origin',(-0.8,0.35,7.42279220614));
#16665=CARTESIAN_POINT('Origin',(-0.8,8.881784197E-16,7.48245735195));
#16666=CARTESIAN_POINT('',(-1.3,0.46,7.74803847577));
#16667=CARTESIAN_POINT('',(-1.3,0.2925,7.65133230568));
#16668=CARTESIAN_POINT('',(-0.8,0.46,7.74803847577));
#16669=CARTESIAN_POINT('',(-0.8,0.2925,7.65133230568));
#16670=CARTESIAN_POINT('',(-1.05,0.46,7.74803847577));
#16671=CARTESIAN_POINT('Origin',(-0.8,0.55,7.8));
#16672=CARTESIAN_POINT('',(-0.8,0.55,7.69607695155));
#16673=CARTESIAN_POINT('',(-0.8,0.55,7.55943457884));
#16674=CARTESIAN_POINT('',(-1.3,0.55,7.69607695155));
#16675=CARTESIAN_POINT('',(-1.3,0.55,7.55943457884));
#16676=CARTESIAN_POINT('',(-1.05,0.55,7.69607695155));
#16677=CARTESIAN_POINT('Origin',(-1.05,0.49,7.69607695155));
#16678=CARTESIAN_POINT('Origin',(-1.3,0.49,7.69607695155));
#16679=CARTESIAN_POINT('Origin',(-0.8,0.49,7.69607695155));
#16680=CARTESIAN_POINT('Origin',(-0.8,-9.71445146547E-15,7.48245735195));
#16681=CARTESIAN_POINT('',(-0.8,-0.46,7.74803847577));
#16682=CARTESIAN_POINT('',(-1.3,-0.46,7.74803847577));
#16683=CARTESIAN_POINT('',(-1.05,-0.46,7.74803847577));
#16684=CARTESIAN_POINT('',(-0.8,-0.2925,7.65133230568));
#16685=CARTESIAN_POINT('',(-1.3,-0.2925,7.65133230568));
#16686=CARTESIAN_POINT('Origin',(-0.8,-0.55,7.8));
#16687=CARTESIAN_POINT('',(-0.8,-0.55,7.69607695155));
#16688=CARTESIAN_POINT('',(-1.3,-0.55,7.69607695155));
#16689=CARTESIAN_POINT('',(-1.05,-0.55,7.69607695155));
#16690=CARTESIAN_POINT('',(-1.3,-0.55,7.57040851723));
#16691=CARTESIAN_POINT('',(-0.8,-0.55,7.57040851723));
#16692=CARTESIAN_POINT('Origin',(-1.3,0.,0.));
#16693=CARTESIAN_POINT('Origin',(-1.3,-0.49,7.69607695155));
#16694=CARTESIAN_POINT('Origin',(-1.05,-0.49,7.69607695155));
#16695=CARTESIAN_POINT('Origin',(-0.8,-0.49,7.69607695155));
#16696=CARTESIAN_POINT('Origin',(-0.8,0.80020753821,4.9));
#16697=CARTESIAN_POINT('',(-1.3,0.128877266572,5.85875898931));
#16698=CARTESIAN_POINT('',(-1.3,0.464542402391,5.37937949465));
#16699=CARTESIAN_POINT('',(-0.8,0.128877266572,5.85875898931));
#16700=CARTESIAN_POINT('',(-0.8,0.464542402391,5.37937949465));
#16701=CARTESIAN_POINT('',(-1.05,0.128877266572,5.85875898931));
#16702=CARTESIAN_POINT('Origin',(-0.8,0.1,5.9));
#16703=CARTESIAN_POINT('',(-0.8,0.135599982358,5.93559998236));
#16704=CARTESIAN_POINT('',(-0.8,0.667799991179,6.46779999118));
#16705=CARTESIAN_POINT('',(-1.3,0.135599982358,5.93559998236));
#16706=CARTESIAN_POINT('',(-1.3,0.667799991179,6.46779999118));
#16707=CARTESIAN_POINT('',(-1.05,0.135599982358,5.93559998236));
#16708=CARTESIAN_POINT('Origin',(-1.3,0.,0.));
#16709=CARTESIAN_POINT('Origin',(-1.3,0.178026389229,5.89317357549));
#16710=CARTESIAN_POINT('Origin',(-1.05,0.178026389229,5.89317357549));
#16711=CARTESIAN_POINT('Origin',(-0.8,0.178026389229,5.89317357549));
#16712=CARTESIAN_POINT('Origin',(-0.8,-1.2,3.6));
#16713=CARTESIAN_POINT('',(-0.8,0.7,9.07485281374));
#16714=CARTESIAN_POINT('',(-0.8,0.7,9.23742640687));
#16715=CARTESIAN_POINT('',(-0.8,0.682426406871,9.03242640687));
#16716=CARTESIAN_POINT('',(-0.8,0.376568542495,8.72656854249));
#16717=CARTESIAN_POINT('Origin',(-0.8,0.64,9.07485281374));
#16718=CARTESIAN_POINT('Origin',(0.,0.7,0.));
#16719=CARTESIAN_POINT('',(-1.3,0.7,9.07485281374));
#16720=CARTESIAN_POINT('',(-1.3,0.7,9.23742640687));
#16721=CARTESIAN_POINT('',(-1.05,0.7,9.07485281374));
#16722=CARTESIAN_POINT('Origin',(-1.3,0.,0.));
#16723=CARTESIAN_POINT('',(-1.3,0.682426406871,9.03242640687));
#16724=CARTESIAN_POINT('',(-1.3,0.376568542495,8.72656854249));
#16725=CARTESIAN_POINT('Origin',(-1.3,0.64,9.07485281374));
#16726=CARTESIAN_POINT('Origin',(-0.8,-0.1,8.25));
#16727=CARTESIAN_POINT('',(-1.05,0.682426406871,9.03242640687));
#16728=CARTESIAN_POINT('Origin',(-1.05,0.64,9.07485281374));
#16729=CARTESIAN_POINT('Origin',(-4.88498130835E-15,1.35,13.45));
#16730=CARTESIAN_POINT('',(1.,1.5,13.45));
#16731=CARTESIAN_POINT('',(1.,1.35,13.6));
#16732=CARTESIAN_POINT('Origin',(1.,1.35,13.45));
#16733=CARTESIAN_POINT('',(-1.,1.5,13.45));
#16734=CARTESIAN_POINT('',(-4.88498130835E-15,1.5,13.45));
#16735=CARTESIAN_POINT('',(-1.,1.35,13.6));
#16736=CARTESIAN_POINT('Origin',(-1.,1.35,13.45));
#16737=CARTESIAN_POINT('',(-4.88498130835E-15,1.35,13.6));
#16738=CARTESIAN_POINT('Origin',(0.,-1.5,12.6));
#16739=CARTESIAN_POINT('',(1.,1.35,12.6));
#16740=CARTESIAN_POINT('',(1.,1.275,12.6));
#16741=CARTESIAN_POINT('',(-1.,1.35,12.6));
#16742=CARTESIAN_POINT('',(-1.,1.275,12.6));
#16743=CARTESIAN_POINT('',(1.11022302463E-16,1.35,12.6));
#16744=CARTESIAN_POINT('Origin',(0.,1.5,7.));
#16745=CARTESIAN_POINT('',(-1.,1.5,12.75));
#16746=CARTESIAN_POINT('',(1.,1.5,12.75));
#16747=CARTESIAN_POINT('',(1.11022302463E-16,1.5,12.75));
#16748=CARTESIAN_POINT('',(-1.,1.5,13.1));
#16749=CARTESIAN_POINT('',(1.,1.5,13.1));
#16750=CARTESIAN_POINT('Origin',(1.11022302463E-16,1.35,12.75));
#16751=CARTESIAN_POINT('Origin',(1.,1.35,12.75));
#16752=CARTESIAN_POINT('Origin',(-1.,1.35,12.75));
#16753=CARTESIAN_POINT('Origin',(0.,1.5,7.));
#16754=CARTESIAN_POINT('',(-1.,1.5,11.45));
#16755=CARTESIAN_POINT('',(1.,1.5,11.45));
#16756=CARTESIAN_POINT('',(2.22044604925E-16,1.5,11.45));
#16757=CARTESIAN_POINT('',(1.,1.5,11.025));
#16758=CARTESIAN_POINT('',(-1.,1.5,11.025));
#16759=CARTESIAN_POINT('Origin',(0.,-1.2,11.6));
#16760=CARTESIAN_POINT('',(-1.,1.35,11.6));
#16761=CARTESIAN_POINT('',(-1.,1.275,11.6));
#16762=CARTESIAN_POINT('',(1.,1.35,11.6));
#16763=CARTESIAN_POINT('',(1.,1.275,11.6));
#16764=CARTESIAN_POINT('',(2.22044604925E-16,1.35,11.6));
#16765=CARTESIAN_POINT('Origin',(0.325,1.35,11.45));
#16766=CARTESIAN_POINT('Origin',(1.,1.35,11.45));
#16767=CARTESIAN_POINT('Origin',(-1.,1.35,11.45));
#16768=CARTESIAN_POINT('Origin',(1.11022302463E-16,-1.35,13.45));
#16769=CARTESIAN_POINT('',(1.,-1.35,13.6));
#16770=CARTESIAN_POINT('',(1.,-1.5,13.45));
#16771=CARTESIAN_POINT('Origin',(1.,-1.35,13.45));
#16772=CARTESIAN_POINT('',(-1.,-1.35,13.6));
#16773=CARTESIAN_POINT('',(0.,-1.35,13.6));
#16774=CARTESIAN_POINT('',(-1.,-1.5,13.45));
#16775=CARTESIAN_POINT('Origin',(-1.,-1.35,13.45));
#16776=CARTESIAN_POINT('',(0.,-1.5,13.45));
#16777=CARTESIAN_POINT('Origin',(0.,-1.5,12.6));
#16778=CARTESIAN_POINT('',(-1.,-1.35,12.6));
#16779=CARTESIAN_POINT('',(-1.,-1.275,12.6));
#16780=CARTESIAN_POINT('',(1.,-1.35,12.6));
#16781=CARTESIAN_POINT('',(1.,-1.275,12.6));
#16782=CARTESIAN_POINT('',(1.11022302463E-16,-1.35,12.6));
#16783=CARTESIAN_POINT('Origin',(0.,-1.5,13.6));
#16784=CARTESIAN_POINT('',(1.,-1.5,12.75));
#16785=CARTESIAN_POINT('',(1.,-1.5,13.1));
#16786=CARTESIAN_POINT('',(-1.,-1.5,12.75));
#16787=CARTESIAN_POINT('',(-1.,-1.5,13.1));
#16788=CARTESIAN_POINT('',(1.11022302463E-16,-1.5,12.75));
#16789=CARTESIAN_POINT('Origin',(1.11022302463E-16,-1.35,12.75));
#16790=CARTESIAN_POINT('Origin',(1.,-1.35,12.75));
#16791=CARTESIAN_POINT('Origin',(-1.,-1.35,12.75));
#16792=CARTESIAN_POINT('Origin',(0.,-1.5,13.6));
#16793=CARTESIAN_POINT('',(-1.,-1.5,11.45));
#16794=CARTESIAN_POINT('',(-1.,-1.5,11.025));
#16795=CARTESIAN_POINT('',(1.,-1.5,11.45));
#16796=CARTESIAN_POINT('',(1.,-1.5,11.025));
#16797=CARTESIAN_POINT('',(2.22044604925E-16,-1.5,11.45));
#16798=CARTESIAN_POINT('Origin',(0.,-1.2,11.6));
#16799=CARTESIAN_POINT('',(1.,-1.35,11.6));
#16800=CARTESIAN_POINT('',(1.,-1.275,11.6));
#16801=CARTESIAN_POINT('',(-1.,-1.35,11.6));
#16802=CARTESIAN_POINT('',(-1.,-1.275,11.6));
#16803=CARTESIAN_POINT('',(2.22044604925E-16,-1.35,11.6));
#16804=CARTESIAN_POINT('Origin',(0.325,-1.35,11.45));
#16805=CARTESIAN_POINT('Origin',(1.,-1.35,11.45));
#16806=CARTESIAN_POINT('Origin',(-1.,-1.35,11.45));
#16807=CARTESIAN_POINT('Origin',(0.,-0.5,13.2));
#16808=CARTESIAN_POINT('',(1.,-0.5,13.45));
#16809=CARTESIAN_POINT('',(1.,-0.5,13.325));
#16810=CARTESIAN_POINT('',(-1.,-0.5,13.45));
#16811=CARTESIAN_POINT('',(-1.,-0.5,13.325));
#16812=CARTESIAN_POINT('',(0.,-0.5,13.45));
#16813=CARTESIAN_POINT('Origin',(0.,-0.5,13.6));
#16814=CARTESIAN_POINT('',(-1.,-0.65,13.6));
#16815=CARTESIAN_POINT('',(-1.,-1.,13.6));
#16816=CARTESIAN_POINT('',(1.,-0.65,13.6));
#16817=CARTESIAN_POINT('',(1.,-1.,13.6));
#16818=CARTESIAN_POINT('',(-1.487698853E-14,-0.65,13.6));
#16819=CARTESIAN_POINT('Origin',(-4.88498130835E-15,-0.65,13.45));
#16820=CARTESIAN_POINT('Origin',(1.,-0.65,13.45));
#16821=CARTESIAN_POINT('Origin',(-1.,-0.65,13.45));
#16822=CARTESIAN_POINT('Origin',(0.,0.5,13.6));
#16823=CARTESIAN_POINT('',(-1.,0.5,13.45));
#16824=CARTESIAN_POINT('',(-1.,0.5,13.325));
#16825=CARTESIAN_POINT('',(1.,0.5,13.45));
#16826=CARTESIAN_POINT('',(1.,0.5,13.325));
#16827=CARTESIAN_POINT('',(1.11022302463E-16,0.5,13.45));
#16828=CARTESIAN_POINT('Origin',(0.,-0.5,13.6));
#16829=CARTESIAN_POINT('',(1.,0.65,13.6));
#16830=CARTESIAN_POINT('',(1.,1.,13.6));
#16831=CARTESIAN_POINT('',(-1.,0.65,13.6));
#16832=CARTESIAN_POINT('',(-1.,1.,13.6));
#16833=CARTESIAN_POINT('',(-1.487698853E-14,0.65,13.6));
#16834=CARTESIAN_POINT('Origin',(1.,0.,13.6));
#16835=CARTESIAN_POINT('Origin',(1.,0.65,13.45));
#16836=CARTESIAN_POINT('Origin',(-1.,0.,13.6));
#16837=CARTESIAN_POINT('Origin',(-1.,0.65,13.45));
#16838=CARTESIAN_POINT('Origin',(1.11022302463E-16,0.65,13.45));
#16839=CARTESIAN_POINT('Origin',(-1.97642476189,-1.88375671458,6.1));
#16840=CARTESIAN_POINT('',(-1.97642476189,-1.88375671458,6.1));
#16841=CARTESIAN_POINT('',(-1.93020702844,-1.79507796225,6.1));
#16842=CARTESIAN_POINT('',(-1.95331589516,-1.83941733841,6.1));
#16843=CARTESIAN_POINT('',(-1.97642476189,-1.88375671458,5.));
#16844=CARTESIAN_POINT('',(-1.97642476189,-1.88375671458,5.55));
#16845=CARTESIAN_POINT('',(-1.93020702844,-1.79507796225,5.));
#16846=CARTESIAN_POINT('',(-1.95331589516,-1.83941733841,5.));
#16847=CARTESIAN_POINT('',(-1.93020702844,-1.79507796225,5.55));
#16848=CARTESIAN_POINT('Origin',(1.97642476189,-1.88375671458,5.));
#16849=CARTESIAN_POINT('',(-0.450907190794,-2.56606180896,5.));
#16850=CARTESIAN_POINT('',(-1.19055710962,-2.1805698856,5.));
#16851=CARTESIAN_POINT('',(-0.497124924246,-2.65474056129,5.));
#16852=CARTESIAN_POINT('',(-1.23677484307,-2.26924863793,5.));
#16853=CARTESIAN_POINT('',(-0.47401605752,-2.61040118512,5.));
#16854=CARTESIAN_POINT('Origin',(-0.497124924246,-2.65474056129,5.));
#16855=CARTESIAN_POINT('',(-0.497124924246,-2.65474056129,6.1));
#16856=CARTESIAN_POINT('',(-0.497124924246,-2.65474056129,5.55));
#16857=CARTESIAN_POINT('',(-0.450907190794,-2.56606180896,6.1));
#16858=CARTESIAN_POINT('',(-0.47401605752,-2.61040118512,6.1));
#16859=CARTESIAN_POINT('',(-0.450907190794,-2.56606180896,5.55));
#16860=CARTESIAN_POINT('Origin',(0.,0.,4.1));
#16861=CARTESIAN_POINT('',(-2.8,-1.78,4.1));
#16862=CARTESIAN_POINT('',(-2.8,-1.68,4.1));
#16863=CARTESIAN_POINT('',(-2.8,-1.73,4.1));
#16864=CARTESIAN_POINT('',(-2.2,-1.68,4.1));
#16865=CARTESIAN_POINT('',(-2.5,-1.68,4.1));
#16866=CARTESIAN_POINT('',(-2.1075645331,-1.70264249534,4.1));
#16867=CARTESIAN_POINT('Origin',(-2.2,-1.88,4.1));
#16868=CARTESIAN_POINT('',(-0.184870933808,-2.70471500931,4.1));
#16869=CARTESIAN_POINT('',(-1.14621773345,-2.20367875233,4.1));
#16870=CARTESIAN_POINT('',(0.184870933808,-2.70471500931,4.1));
#16871=CARTESIAN_POINT('Origin',(0.,-2.35,4.1));
#16872=CARTESIAN_POINT('',(2.1075645331,-1.70264249534,4.1));
#16873=CARTESIAN_POINT('',(1.14621773345,-2.20367875233,4.1));
#16874=CARTESIAN_POINT('',(2.2,-1.68,4.1));
#16875=CARTESIAN_POINT('Origin',(2.2,-1.88,4.1));
#16876=CARTESIAN_POINT('',(2.8,-1.68,4.1));
#16877=CARTESIAN_POINT('',(2.5,-1.68,4.1));
#16878=CARTESIAN_POINT('',(2.8,-1.78,4.1));
#16879=CARTESIAN_POINT('',(2.8,-1.73,4.1));
#16880=CARTESIAN_POINT('',(2.2,-1.78,4.1));
#16881=CARTESIAN_POINT('',(2.5,-1.78,4.1));
#16882=CARTESIAN_POINT('',(2.15378226655,-1.79132124767,4.1));
#16883=CARTESIAN_POINT('Origin',(2.2,-1.88,4.1));
#16884=CARTESIAN_POINT('',(0.23108866726,-2.79339376164,4.1));
#16885=CARTESIAN_POINT('',(1.1924354669,-2.29235750466,4.1));
#16886=CARTESIAN_POINT('',(-0.23108866726,-2.79339376164,4.1));
#16887=CARTESIAN_POINT('Origin',(0.,-2.35,4.1));
#16888=CARTESIAN_POINT('',(-2.15378226655,-1.79132124767,4.1));
#16889=CARTESIAN_POINT('',(-1.1924354669,-2.29235750466,4.1));
#16890=CARTESIAN_POINT('',(-2.2,-1.78,4.1));
#16891=CARTESIAN_POINT('Origin',(-2.2,-1.88,4.1));
#16892=CARTESIAN_POINT('',(-2.5,-1.78,4.1));
#16893=CARTESIAN_POINT('Origin',(0.,-2.35,6.16000000005));
#16894=CARTESIAN_POINT('',(-0.23108866726,-2.79339376164,7.));
#16895=CARTESIAN_POINT('',(-0.23108866726,-2.79339376164,6.16000000005));
#16896=CARTESIAN_POINT('',(0.23108866726,-2.79339376164,7.));
#16897=CARTESIAN_POINT('',(0.23108866726,-2.79339376164,6.16000000005));
#16898=CARTESIAN_POINT('Origin',(0.,-2.35,7.));
#16899=CARTESIAN_POINT('Origin',(1.97642476189,-1.88375671458,5.));
#16900=CARTESIAN_POINT('',(1.93020702844,-1.79507796225,5.));
#16901=CARTESIAN_POINT('',(0.450907190794,-2.56606180896,5.));
#16902=CARTESIAN_POINT('',(1.19055710962,-2.1805698856,5.));
#16903=CARTESIAN_POINT('',(0.497124924246,-2.65474056129,5.));
#16904=CARTESIAN_POINT('',(0.47401605752,-2.61040118512,5.));
#16905=CARTESIAN_POINT('',(1.97642476189,-1.88375671458,5.));
#16906=CARTESIAN_POINT('',(1.23677484307,-2.26924863793,5.));
#16907=CARTESIAN_POINT('',(1.95331589516,-1.83941733841,5.));
#16908=CARTESIAN_POINT('Origin',(0.497124924246,-2.65474056129,5.));
#16909=CARTESIAN_POINT('',(0.450907190794,-2.56606180896,6.1));
#16910=CARTESIAN_POINT('',(0.450907190794,-2.56606180896,5.55));
#16911=CARTESIAN_POINT('',(0.497124924246,-2.65474056129,6.1));
#16912=CARTESIAN_POINT('',(0.47401605752,-2.61040118512,6.1));
#16913=CARTESIAN_POINT('',(0.497124924246,-2.65474056129,5.55));
#16914=CARTESIAN_POINT('Origin',(0.497124924246,-2.65474056129,6.1));
#16915=CARTESIAN_POINT('',(1.93020702844,-1.79507796225,6.1));
#16916=CARTESIAN_POINT('',(1.19055710962,-2.1805698856,6.1));
#16917=CARTESIAN_POINT('',(1.97642476189,-1.88375671458,6.1));
#16918=CARTESIAN_POINT('',(1.95331589516,-1.83941733841,6.1));
#16919=CARTESIAN_POINT('',(1.23677484307,-2.26924863793,6.1));
#16920=CARTESIAN_POINT('Origin',(1.97642476189,-1.88375671458,6.1));
#16921=CARTESIAN_POINT('',(1.93020702844,-1.79507796225,5.55));
#16922=CARTESIAN_POINT('',(1.97642476189,-1.88375671458,5.55));
#16923=CARTESIAN_POINT('Origin',(-2.8,-1.78,4.1));
#16924=CARTESIAN_POINT('',(-2.8,-1.78,7.));
#16925=CARTESIAN_POINT('',(-2.8,-1.68,7.));
#16926=CARTESIAN_POINT('',(-2.8,-1.73,7.));
#16927=CARTESIAN_POINT('',(-2.8,-1.68,5.55));
#16928=CARTESIAN_POINT('',(-2.8,-1.78,5.55));
#16929=CARTESIAN_POINT('Origin',(2.8,-1.68,4.1));
#16930=CARTESIAN_POINT('',(-2.2,-1.68,7.));
#16931=CARTESIAN_POINT('',(-2.2,-1.68,5.55));
#16932=CARTESIAN_POINT('',(-2.5,-1.68,7.));
#16933=CARTESIAN_POINT('Origin',(-2.2,-1.88,6.16000000005));
#16934=CARTESIAN_POINT('',(-2.1075645331,-1.70264249534,7.));
#16935=CARTESIAN_POINT('',(-2.1075645331,-1.70264249534,6.16000000005));
#16936=CARTESIAN_POINT('Origin',(-2.2,-1.88,7.));
#16937=CARTESIAN_POINT('Origin',(0.,-2.35,6.16000000005));
#16938=CARTESIAN_POINT('',(-0.184870933808,-2.70471500931,7.));
#16939=CARTESIAN_POINT('',(-0.184870933808,-2.70471500931,6.16000000005));
#16940=CARTESIAN_POINT('',(0.184870933808,-2.70471500931,7.));
#16941=CARTESIAN_POINT('Origin',(0.,-2.35,7.));
#16942=CARTESIAN_POINT('',(0.184870933808,-2.70471500931,6.16000000005));
#16943=CARTESIAN_POINT('Origin',(2.1075645331,-1.70264249534,4.1));
#16944=CARTESIAN_POINT('',(2.1075645331,-1.70264249534,7.));
#16945=CARTESIAN_POINT('',(2.1075645331,-1.70264249534,5.55));
#16946=CARTESIAN_POINT('',(1.14621773345,-2.20367875233,7.));
#16947=CARTESIAN_POINT('Origin',(2.2,-1.88,6.16000000005));
#16948=CARTESIAN_POINT('',(2.2,-1.68,7.));
#16949=CARTESIAN_POINT('',(2.2,-1.68,6.16000000005));
#16950=CARTESIAN_POINT('Origin',(2.2,-1.88,7.));
#16951=CARTESIAN_POINT('Origin',(2.8,-1.68,4.1));
#16952=CARTESIAN_POINT('',(2.8,-1.68,7.));
#16953=CARTESIAN_POINT('',(2.8,-1.68,5.55));
#16954=CARTESIAN_POINT('',(2.5,-1.68,7.));
#16955=CARTESIAN_POINT('Origin',(2.8,-1.78,4.1));
#16956=CARTESIAN_POINT('',(2.8,-1.78,7.));
#16957=CARTESIAN_POINT('',(2.8,-1.78,5.55));
#16958=CARTESIAN_POINT('',(2.8,-1.73,7.));
#16959=CARTESIAN_POINT('Origin',(-2.8,-1.78,4.1));
#16960=CARTESIAN_POINT('',(2.2,-1.78,7.));
#16961=CARTESIAN_POINT('',(2.2,-1.78,5.55));
#16962=CARTESIAN_POINT('',(2.5,-1.78,7.));
#16963=CARTESIAN_POINT('Origin',(2.2,-1.88,6.16000000005));
#16964=CARTESIAN_POINT('',(2.15378226655,-1.79132124767,7.));
#16965=CARTESIAN_POINT('Origin',(2.2,-1.88,7.));
#16966=CARTESIAN_POINT('',(2.15378226655,-1.79132124767,6.16000000005));
#16967=CARTESIAN_POINT('Origin',(2.15378226655,-1.79132124767,4.1));
#16968=CARTESIAN_POINT('',(1.1924354669,-2.29235750466,7.));
#16969=CARTESIAN_POINT('Origin',(-2.8,-1.78,4.1));
#16970=CARTESIAN_POINT('',(-2.2,-1.78,7.));
#16971=CARTESIAN_POINT('',(-2.2,-1.78,5.55));
#16972=CARTESIAN_POINT('',(-2.5,-1.78,7.));
#16973=CARTESIAN_POINT('Origin',(0.,-2.4,7.));
#16974=CARTESIAN_POINT('',(-2.15378226655,-1.79132124767,7.));
#16975=CARTESIAN_POINT('Origin',(-2.2,-1.88,7.));
#16976=CARTESIAN_POINT('',(-1.1924354669,-2.29235750466,7.));
#16977=CARTESIAN_POINT('',(-1.14621773345,-2.20367875233,7.));
#16978=CARTESIAN_POINT('Origin',(-2.2,-1.88,6.16000000005));
#16979=CARTESIAN_POINT('',(-2.15378226655,-1.79132124767,6.16000000005));
#16980=CARTESIAN_POINT('Origin',(-2.1075645331,-1.70264249534,4.1));
#16981=CARTESIAN_POINT('',(-1.19055710962,-2.1805698856,6.1));
#16982=CARTESIAN_POINT('Origin',(-2.15378226655,-1.79132124767,4.1));
#16983=CARTESIAN_POINT('',(-1.23677484307,-2.26924863793,6.1));
#16984=CARTESIAN_POINT('Origin',(0.497124924246,-2.65474056129,6.1));
#16985=CARTESIAN_POINT('Origin',(-1.97642476189,1.88375671458,6.1));
#16986=CARTESIAN_POINT('',(-1.93020702844,1.79507796225,6.1));
#16987=CARTESIAN_POINT('',(-1.93020702844,1.79507796225,5.));
#16988=CARTESIAN_POINT('',(-1.93020702844,1.79507796225,5.55));
#16989=CARTESIAN_POINT('',(-1.97642476189,1.88375671458,5.));
#16990=CARTESIAN_POINT('',(-1.95331589516,1.83941733841,5.));
#16991=CARTESIAN_POINT('',(-1.97642476189,1.88375671458,6.1));
#16992=CARTESIAN_POINT('',(-1.97642476189,1.88375671458,5.55));
#16993=CARTESIAN_POINT('',(-1.95331589516,1.83941733841,6.1));
#16994=CARTESIAN_POINT('Origin',(1.97642476189,-1.88375671458,5.));
#16995=CARTESIAN_POINT('',(-0.497124924246,2.65474056129,5.));
#16996=CARTESIAN_POINT('',(-0.450907190794,2.56606180896,5.));
#16997=CARTESIAN_POINT('',(-0.47401605752,2.61040118512,5.));
#16998=CARTESIAN_POINT('',(-1.23677484307,2.26924863793,5.));
#16999=CARTESIAN_POINT('',(-1.19055710962,2.1805698856,5.));
#17000=CARTESIAN_POINT('Origin',(-0.497124924246,2.65474056129,5.));
#17001=CARTESIAN_POINT('',(-0.450907190794,2.56606180896,6.1));
#17002=CARTESIAN_POINT('',(-0.450907190794,2.56606180896,5.55));
#17003=CARTESIAN_POINT('',(-0.497124924246,2.65474056129,6.1));
#17004=CARTESIAN_POINT('',(-0.47401605752,2.61040118512,6.1));
#17005=CARTESIAN_POINT('',(-0.497124924246,2.65474056129,5.55));
#17006=CARTESIAN_POINT('Origin',(0.,0.,4.1));
#17007=CARTESIAN_POINT('',(-2.8,1.78,4.1));
#17008=CARTESIAN_POINT('',(-2.2,1.78,4.1));
#17009=CARTESIAN_POINT('',(-2.5,1.78,4.1));
#17010=CARTESIAN_POINT('',(-2.15378226655,1.79132124767,4.1));
#17011=CARTESIAN_POINT('Origin',(-2.2,1.88,4.1));
#17012=CARTESIAN_POINT('',(-0.23108866726,2.79339376164,4.1));
#17013=CARTESIAN_POINT('',(-1.1924354669,2.29235750466,4.1));
#17014=CARTESIAN_POINT('',(0.23108866726,2.79339376164,4.1));
#17015=CARTESIAN_POINT('Origin',(0.,2.35,4.1));
#17016=CARTESIAN_POINT('',(2.15378226655,1.79132124767,4.1));
#17017=CARTESIAN_POINT('',(1.1924354669,2.29235750466,4.1));
#17018=CARTESIAN_POINT('',(2.2,1.78,4.1));
#17019=CARTESIAN_POINT('Origin',(2.2,1.88,4.1));
#17020=CARTESIAN_POINT('',(2.8,1.78,4.1));
#17021=CARTESIAN_POINT('',(2.5,1.78,4.1));
#17022=CARTESIAN_POINT('',(2.8,1.68,4.1));
#17023=CARTESIAN_POINT('',(2.8,1.73,4.1));
#17024=CARTESIAN_POINT('',(2.2,1.68,4.1));
#17025=CARTESIAN_POINT('',(2.5,1.68,4.1));
#17026=CARTESIAN_POINT('',(2.1075645331,1.70264249534,4.1));
#17027=CARTESIAN_POINT('Origin',(2.2,1.88,4.1));
#17028=CARTESIAN_POINT('',(0.184870933808,2.70471500931,4.1));
#17029=CARTESIAN_POINT('',(1.14621773345,2.20367875233,4.1));
#17030=CARTESIAN_POINT('',(-0.184870933808,2.70471500931,4.1));
#17031=CARTESIAN_POINT('Origin',(0.,2.35,4.1));
#17032=CARTESIAN_POINT('',(-2.1075645331,1.70264249534,4.1));
#17033=CARTESIAN_POINT('',(-1.14621773345,2.20367875233,4.1));
#17034=CARTESIAN_POINT('',(-2.2,1.68,4.1));
#17035=CARTESIAN_POINT('Origin',(-2.2,1.88,4.1));
#17036=CARTESIAN_POINT('',(-2.8,1.68,4.1));
#17037=CARTESIAN_POINT('',(-2.5,1.68,4.1));
#17038=CARTESIAN_POINT('',(-2.8,1.73,4.1));
#17039=CARTESIAN_POINT('Origin',(0.,2.35,6.16000000005));
#17040=CARTESIAN_POINT('',(-0.23108866726,2.79339376164,7.));
#17041=CARTESIAN_POINT('',(0.23108866726,2.79339376164,7.));
#17042=CARTESIAN_POINT('Origin',(0.,2.35,7.));
#17043=CARTESIAN_POINT('',(0.23108866726,2.79339376164,6.16000000005));
#17044=CARTESIAN_POINT('',(-0.23108866726,2.79339376164,6.16000000005));
#17045=CARTESIAN_POINT('Origin',(1.97642476189,-1.88375671458,5.));
#17046=CARTESIAN_POINT('',(1.97642476189,1.88375671458,5.));
#17047=CARTESIAN_POINT('',(1.93020702844,1.79507796225,5.));
#17048=CARTESIAN_POINT('',(1.95331589516,1.83941733841,5.));
#17049=CARTESIAN_POINT('',(0.497124924246,2.65474056129,5.));
#17050=CARTESIAN_POINT('',(1.23677484307,2.26924863793,5.));
#17051=CARTESIAN_POINT('',(0.450907190794,2.56606180896,5.));
#17052=CARTESIAN_POINT('',(0.47401605752,2.61040118512,5.));
#17053=CARTESIAN_POINT('',(1.19055710962,2.1805698856,5.));
#17054=CARTESIAN_POINT('Origin',(0.497124924246,2.65474056129,5.));
#17055=CARTESIAN_POINT('',(0.497124924246,2.65474056129,6.1));
#17056=CARTESIAN_POINT('',(0.497124924246,2.65474056129,5.55));
#17057=CARTESIAN_POINT('',(0.450907190794,2.56606180896,6.1));
#17058=CARTESIAN_POINT('',(0.47401605752,2.61040118512,6.1));
#17059=CARTESIAN_POINT('',(0.450907190794,2.56606180896,5.55));
#17060=CARTESIAN_POINT('Origin',(0.497124924246,-2.65474056129,6.1));
#17061=CARTESIAN_POINT('',(1.97642476189,1.88375671458,6.1));
#17062=CARTESIAN_POINT('',(1.23677484307,2.26924863793,6.1));
#17063=CARTESIAN_POINT('',(1.93020702844,1.79507796225,6.1));
#17064=CARTESIAN_POINT('',(1.95331589516,1.83941733841,6.1));
#17065=CARTESIAN_POINT('',(1.19055710962,2.1805698856,6.1));
#17066=CARTESIAN_POINT('Origin',(1.97642476189,1.88375671458,6.1));
#17067=CARTESIAN_POINT('',(1.97642476189,1.88375671458,5.55));
#17068=CARTESIAN_POINT('',(1.93020702844,1.79507796225,5.55));
#17069=CARTESIAN_POINT('Origin',(-2.8,-1.78,4.1));
#17070=CARTESIAN_POINT('',(-2.8,1.78,7.));
#17071=CARTESIAN_POINT('',(-2.8,1.78,5.55));
#17072=CARTESIAN_POINT('',(-2.8,1.68,7.));
#17073=CARTESIAN_POINT('',(-2.8,1.68,5.55));
#17074=CARTESIAN_POINT('',(-2.8,1.73,7.));
#17075=CARTESIAN_POINT('Origin',(2.8,1.68,4.1));
#17076=CARTESIAN_POINT('',(-2.2,1.68,7.));
#17077=CARTESIAN_POINT('',(-2.5,1.68,7.));
#17078=CARTESIAN_POINT('',(-2.2,1.68,5.55));
#17079=CARTESIAN_POINT('Origin',(-2.2,1.88,6.16000000005));
#17080=CARTESIAN_POINT('',(-2.1075645331,1.70264249534,7.));
#17081=CARTESIAN_POINT('Origin',(-2.2,1.88,7.));
#17082=CARTESIAN_POINT('',(-2.1075645331,1.70264249534,6.16000000005));
#17083=CARTESIAN_POINT('Origin',(0.,2.35,6.16000000005));
#17084=CARTESIAN_POINT('',(-0.184870933808,2.70471500931,7.));
#17085=CARTESIAN_POINT('',(0.184870933808,2.70471500931,7.));
#17086=CARTESIAN_POINT('Origin',(0.,2.35,7.));
#17087=CARTESIAN_POINT('',(-0.184870933808,2.70471500931,6.16000000005));
#17088=CARTESIAN_POINT('',(0.184870933808,2.70471500931,6.16000000005));
#17089=CARTESIAN_POINT('Origin',(2.1075645331,1.70264249534,4.1));
#17090=CARTESIAN_POINT('',(2.1075645331,1.70264249534,7.));
#17091=CARTESIAN_POINT('',(1.14621773345,2.20367875233,7.));
#17092=CARTESIAN_POINT('',(2.1075645331,1.70264249534,5.55));
#17093=CARTESIAN_POINT('Origin',(2.2,1.88,6.16000000005));
#17094=CARTESIAN_POINT('',(2.2,1.68,7.));
#17095=CARTESIAN_POINT('Origin',(2.2,1.88,7.));
#17096=CARTESIAN_POINT('',(2.2,1.68,6.16000000005));
#17097=CARTESIAN_POINT('Origin',(2.8,1.68,4.1));
#17098=CARTESIAN_POINT('',(2.8,1.68,7.));
#17099=CARTESIAN_POINT('',(2.5,1.68,7.));
#17100=CARTESIAN_POINT('',(2.8,1.68,5.55));
#17101=CARTESIAN_POINT('Origin',(2.8,-1.78,4.1));
#17102=CARTESIAN_POINT('',(2.8,1.78,7.));
#17103=CARTESIAN_POINT('',(2.8,1.73,7.));
#17104=CARTESIAN_POINT('',(2.8,1.78,5.55));
#17105=CARTESIAN_POINT('Origin',(-2.8,1.78,4.1));
#17106=CARTESIAN_POINT('',(2.2,1.78,7.));
#17107=CARTESIAN_POINT('',(2.5,1.78,7.));
#17108=CARTESIAN_POINT('',(2.2,1.78,5.55));
#17109=CARTESIAN_POINT('Origin',(2.2,1.88,6.16000000005));
#17110=CARTESIAN_POINT('',(2.15378226655,1.79132124767,7.));
#17111=CARTESIAN_POINT('Origin',(2.2,1.88,7.));
#17112=CARTESIAN_POINT('',(2.15378226655,1.79132124767,6.16000000005));
#17113=CARTESIAN_POINT('Origin',(2.15378226655,1.79132124767,4.1));
#17114=CARTESIAN_POINT('',(1.1924354669,2.29235750466,7.));
#17115=CARTESIAN_POINT('Origin',(-2.8,1.78,4.1));
#17116=CARTESIAN_POINT('',(-2.2,1.78,7.));
#17117=CARTESIAN_POINT('',(-2.5,1.78,7.));
#17118=CARTESIAN_POINT('',(-2.2,1.78,5.55));
#17119=CARTESIAN_POINT('Origin',(0.,-2.4,7.));
#17120=CARTESIAN_POINT('',(-1.14621773345,2.20367875233,7.));
#17121=CARTESIAN_POINT('',(-2.15378226655,1.79132124767,7.));
#17122=CARTESIAN_POINT('',(-1.1924354669,2.29235750466,7.));
#17123=CARTESIAN_POINT('Origin',(-2.2,1.88,7.));
#17124=CARTESIAN_POINT('Origin',(-2.2,1.88,6.16000000005));
#17125=CARTESIAN_POINT('',(-2.15378226655,1.79132124767,6.16000000005));
#17126=CARTESIAN_POINT('Origin',(-2.1075645331,1.70264249534,4.1));
#17127=CARTESIAN_POINT('',(-1.19055710962,2.1805698856,6.1));
#17128=CARTESIAN_POINT('Origin',(-2.15378226655,1.79132124767,4.1));
#17129=CARTESIAN_POINT('',(-1.23677484307,2.26924863793,6.1));
#17130=CARTESIAN_POINT('Origin',(0.497124924246,-2.65474056129,6.1));
#17131=CARTESIAN_POINT('Ctrl Pts',(1.6,0.8,1.3));
#17132=CARTESIAN_POINT('Ctrl Pts',(1.65000371347,0.799999999999,1.69686222879));
#17133=CARTESIAN_POINT('Ctrl Pts',(1.62500185674,1.2,1.49843111439));
#17134=CARTESIAN_POINT('Ctrl Pts',(1.57499814327,1.2,1.10156888561));
#17135=CARTESIAN_POINT('Ctrl Pts',(1.54999628653,0.800000000001,0.903137771211));
#17136=CARTESIAN_POINT('Ctrl Pts',(1.6,0.8,1.3));
#17137=CARTESIAN_POINT('Ctrl Pts',(1.34139626734,0.800000004356,1.33655667105));
#17138=CARTESIAN_POINT('Ctrl Pts',(1.39139979737,0.815768577645,1.73341890042));
#17139=CARTESIAN_POINT('Ctrl Pts',(1.23715165934,1.20788426808,1.53537927598));
#17140=CARTESIAN_POINT('Ctrl Pts',(1.18714812933,1.19211569475,1.13851704657));
#17141=CARTESIAN_POINT('Ctrl Pts',(1.29139273735,0.784231431067,0.939694441652));
#17142=CARTESIAN_POINT('Ctrl Pts',(1.34139626734,0.800000004356,1.33655667105));
#17143=CARTESIAN_POINT('Ctrl Pts',(1.08252970449,0.695506494838,1.37102740247));
#17144=CARTESIAN_POINT('Ctrl Pts',(1.12632116121,0.718633586197,1.76788917694));
#17145=CARTESIAN_POINT('Ctrl Pts',(0.846984020073,1.05486756509,1.57858503413));
#17146=CARTESIAN_POINT('Ctrl Pts',(0.803192563474,1.03174047178,1.18172326208));
#17147=CARTESIAN_POINT('Ctrl Pts',(1.03873824728,0.672379402811,0.974165631063));
#17148=CARTESIAN_POINT('Ctrl Pts',(1.08252970449,0.695506494838,1.37102740247));
#17149=CARTESIAN_POINT('Ctrl Pts',(0.882084964569,0.486412286892,1.40323426365));
#17150=CARTESIAN_POINT('Ctrl Pts',(0.930771169292,0.504829970541,1.80010850977));
#17151=CARTESIAN_POINT('Ctrl Pts',(0.550372344911,0.74037966556,1.62756303149));
#17152=CARTESIAN_POINT('Ctrl Pts',(0.501686140307,0.721961981911,1.23068878532));
#17153=CARTESIAN_POINT('Ctrl Pts',(0.833398759798,0.46799460329,1.00636001748));
#17154=CARTESIAN_POINT('Ctrl Pts',(0.882084964569,0.486412286892,1.40323426365));
#17155=CARTESIAN_POINT('Ctrl Pts',(0.699534758193,-0.0269351071278,1.46436085151));
#17156=CARTESIAN_POINT('Ctrl Pts',(0.774136942789,0.014914982535,1.85685300978));
#17157=CARTESIAN_POINT('Ctrl Pts',(0.294424216813,-0.0116451843843,1.72749956496));
#17158=CARTESIAN_POINT('Ctrl Pts',(0.219822032105,-0.0534952740471,1.33500740673));
#17159=CARTESIAN_POINT('Ctrl Pts',(0.624932573643,-0.0687851968358,1.07186869329));
#17160=CARTESIAN_POINT('Ctrl Pts',(0.699534758193,-0.0269351071278,1.46436085151));
#17161=CARTESIAN_POINT('Ctrl Pts',(0.914340322914,-0.524541629587,1.52603269051));
#17162=CARTESIAN_POINT('Ctrl Pts',(0.978716676232,-0.422565044954,1.90928437751));
#17163=CARTESIAN_POINT('Ctrl Pts',(0.609500172203,-0.714778377976,1.82337115249));
#17164=CARTESIAN_POINT('Ctrl Pts',(0.545123818993,-0.816754962609,1.44011946545));
#17165=CARTESIAN_POINT('Ctrl Pts',(0.849963969553,-0.626518214178,1.14278100348));
#17166=CARTESIAN_POINT('Ctrl Pts',(0.914340322914,-0.524541629587,1.52603269051));
#17167=CARTESIAN_POINT('Ctrl Pts',(1.11089391786,-0.71300904464,1.55691877364));
#17168=CARTESIAN_POINT('Ctrl Pts',(1.14723134357,-0.578194236509,1.93530623295));
#17169=CARTESIAN_POINT('Ctrl Pts',(0.884172253746,-0.972924063902,1.86607770022));
#17170=CARTESIAN_POINT('Ctrl Pts',(0.847834827434,-1.10773887053,1.48769024378));
#17171=CARTESIAN_POINT('Ctrl Pts',(1.07455649035,-0.847823856212,1.1785313176));
#17172=CARTESIAN_POINT('Ctrl Pts',(1.11089391786,-0.71300904464,1.55691877364));
#17173=CARTESIAN_POINT('Ctrl Pts',(1.35779368802,-0.806527867899,1.58971873296));
#17174=CARTESIAN_POINT('Ctrl Pts',(1.34983944157,-0.6636021488,1.96556116949));
#17175=CARTESIAN_POINT('Ctrl Pts',(1.22198445689,-1.10895353146,1.90508517213));
#17176=CARTESIAN_POINT('Ctrl Pts',(1.22993870334,-1.25187925055,1.52924273562));
#17177=CARTESIAN_POINT('Ctrl Pts',(1.36574793443,-0.949453587031,1.2138762964));
#17178=CARTESIAN_POINT('Ctrl Pts',(1.35779368802,-0.806527867899,1.58971873296));
#17179=CARTESIAN_POINT('Ctrl Pts',(1.60402752563,-0.805332093325,1.62428491776));
#17180=CARTESIAN_POINT('Ctrl Pts',(1.55669005683,-0.676460843104,1.99998608213));
#17181=CARTESIAN_POINT('Ctrl Pts',(1.56424868854,-1.11956809491,1.93999582892));
#17182=CARTESIAN_POINT('Ctrl Pts',(1.61158615734,-1.24843934513,1.56429466454));
#17183=CARTESIAN_POINT('Ctrl Pts',(1.65136499443,-0.934203343547,1.24858375338));
#17184=CARTESIAN_POINT('Ctrl Pts',(1.60402752563,-0.805332093325,1.62428491776));
#17185=CARTESIAN_POINT('',(1.60402752563,-0.805332093325,1.62428491776));
#17186=CARTESIAN_POINT('',(1.59597247428,-0.994667906675,1.68821508224));
#17187=CARTESIAN_POINT('Origin',(1.599999999957,-0.899999999999,1.656250000002));
#17188=CARTESIAN_POINT('',(1.6,0.8,1.3));
#17189=CARTESIAN_POINT('Ctrl Pts',(1.6,0.8,1.3));
#17190=CARTESIAN_POINT('Ctrl Pts',(1.34139626734,0.800000004356,1.33655667105));
#17191=CARTESIAN_POINT('Ctrl Pts',(1.08252970449,0.695506494838,1.37102740247));
#17192=CARTESIAN_POINT('Ctrl Pts',(0.882084964569,0.486412286892,1.40323426365));
#17193=CARTESIAN_POINT('Ctrl Pts',(0.699534758193,-0.0269351071278,1.46436085151));
#17194=CARTESIAN_POINT('Ctrl Pts',(0.914340322914,-0.524541629587,1.52603269051));
#17195=CARTESIAN_POINT('Ctrl Pts',(1.11089391786,-0.71300904464,1.55691877364));
#17196=CARTESIAN_POINT('Ctrl Pts',(1.35779368802,-0.806527867899,1.58971873296));
#17197=CARTESIAN_POINT('Ctrl Pts',(1.60402752563,-0.805332093325,1.62428491776));
#17198=CARTESIAN_POINT('',(1.6,1.,1.3));
#17199=CARTESIAN_POINT('Origin',(1.600000000001,0.9,1.3));
#17200=CARTESIAN_POINT('Ctrl Pts',(1.6,1.,1.3));
#17201=CARTESIAN_POINT('Ctrl Pts',(1.27677308084,0.999999992887,1.33675241616));
#17202=CARTESIAN_POINT('Ctrl Pts',(0.95380899807,0.869405256552,1.37559077567));
#17203=CARTESIAN_POINT('Ctrl Pts',(0.704057103583,0.60879155532,1.41618008602));
#17204=CARTESIAN_POINT('Ctrl Pts',(0.478328941332,-0.0297526681774,1.49780716868));
#17205=CARTESIAN_POINT('Ctrl Pts',(0.745826159251,-0.645154149935,1.57888899974));
#17206=CARTESIAN_POINT('Ctrl Pts',(0.988448729,-0.876670256357,1.61690137323));
#17207=CARTESIAN_POINT('Ctrl Pts',(1.29187763406,-0.993472129456,1.65344134341));
#17208=CARTESIAN_POINT('Ctrl Pts',(1.59597247428,-0.994667906675,1.68821508224));
#17209=CARTESIAN_POINT('Ctrl Pts',(1.60402752563,-0.805332093325,1.62428491776));
#17210=CARTESIAN_POINT('Ctrl Pts',(1.55669005683,-0.676460843104,1.99998608213));
#17211=CARTESIAN_POINT('Ctrl Pts',(1.56424868854,-1.11956809491,1.93999582892));
#17212=CARTESIAN_POINT('Ctrl Pts',(1.61158615734,-1.24843934513,1.56429466454));
#17213=CARTESIAN_POINT('Ctrl Pts',(1.65136499443,-0.934203343547,1.24858375338));
#17214=CARTESIAN_POINT('Ctrl Pts',(1.60402752563,-0.805332093325,1.62428491776));
#17215=CARTESIAN_POINT('Ctrl Pts',(1.86420776483,-0.804062739089,1.66082625122));
#17216=CARTESIAN_POINT('Ctrl Pts',(1.77525352681,-0.690110881666,2.03640135753));
#17217=CARTESIAN_POINT('Ctrl Pts',(1.92590664669,-1.13083584848,1.97684454077));
#17218=CARTESIAN_POINT('Ctrl Pts',(2.01486088473,-1.24478770588,1.60126943449));
#17219=CARTESIAN_POINT('Ctrl Pts',(1.95316200288,-0.918014596505,1.28525114497));
#17220=CARTESIAN_POINT('Ctrl Pts',(1.86420776483,-0.804062739089,1.66082625122));
#17221=CARTESIAN_POINT('Ctrl Pts',(2.12413676413,-0.698398869547,1.69539512602));
#17222=CARTESIAN_POINT('Ctrl Pts',(1.9997781483,-0.608213307496,2.06815858147));
#17223=CARTESIAN_POINT('Ctrl Pts',(2.29142449076,-0.990062654891,2.01826783955));
#17224=CARTESIAN_POINT('Ctrl Pts',(2.41578310769,-1.08024821652,1.64550437806));
#17225=CARTESIAN_POINT('Ctrl Pts',(2.24849537858,-0.78858443411,1.32263166515));
#17226=CARTESIAN_POINT('Ctrl Pts',(2.12413676413,-0.698398869547,1.69539512602));
#17227=CARTESIAN_POINT('Ctrl Pts',(2.32664863716,-0.488007589095,1.72788535659));
#17228=CARTESIAN_POINT('Ctrl Pts',(2.16582649297,-0.426623862521,2.09525001876));
#17229=CARTESIAN_POINT('Ctrl Pts',(2.56764846449,-0.694875881226,2.06395623364));
#17230=CARTESIAN_POINT('Ctrl Pts',(2.72847060858,-0.756259607824,1.69659157132));
#17231=CARTESIAN_POINT('Ctrl Pts',(2.48747078125,-0.549391315812,1.36052069433));
#17232=CARTESIAN_POINT('Ctrl Pts',(2.32664863716,-0.488007589095,1.72788535659));
#17233=CARTESIAN_POINT('Ctrl Pts',(2.51231056362,0.0304080465949,1.78989311771));
#17234=CARTESIAN_POINT('Ctrl Pts',(2.29916494727,-0.0110372016181,2.13990421155));
#17235=CARTESIAN_POINT('Ctrl Pts',(2.80049842339,0.00154528876422,2.15467838069));
#17236=CARTESIAN_POINT('Ctrl Pts',(3.01364403983,0.0429905369998,1.804667287));
#17237=CARTESIAN_POINT('Ctrl Pts',(2.72545618007,0.0718532949434,1.43988202397));
#17238=CARTESIAN_POINT('Ctrl Pts',(2.51231056362,0.0304080465949,1.78989311771));
#17239=CARTESIAN_POINT('Ctrl Pts',(2.29538993546,0.535848722437,1.85280783239));
#17240=CARTESIAN_POINT('Ctrl Pts',(2.12585249443,0.361624282094,2.18157102354));
#17241=CARTESIAN_POINT('Ctrl Pts',(2.50896152886,0.644195370429,2.24073250162));
#17242=CARTESIAN_POINT('Ctrl Pts',(2.67849896981,0.818419810751,1.91196931035));
#17243=CARTESIAN_POINT('Ctrl Pts',(2.46492737641,0.710073162652,1.52404464116));
#17244=CARTESIAN_POINT('Ctrl Pts',(2.29538993546,0.535848722437,1.85280783239));
#17245=CARTESIAN_POINT('Ctrl Pts',(2.09539123881,0.728195583288,1.88427855995));
#17246=CARTESIAN_POINT('Ctrl Pts',(1.98206382749,0.495121556248,2.20384168005));
#17247=CARTESIAN_POINT('Ctrl Pts',(2.25888757568,0.878078011677,2.2795344915));
#17248=CARTESIAN_POINT('Ctrl Pts',(2.3722149888,1.11115204111,1.95997137103));
#17249=CARTESIAN_POINT('Ctrl Pts',(2.20871864784,0.961269610271,1.5647154382));
#17250=CARTESIAN_POINT('Ctrl Pts',(2.09539123881,0.728195583288,1.88427855995));
#17251=CARTESIAN_POINT('Ctrl Pts',(1.84336976895,0.823024196224,1.91738910841));
#17252=CARTESIAN_POINT('Ctrl Pts',(1.80841256739,0.567258513567,2.23213126295));
#17253=CARTESIAN_POINT('Ctrl Pts',(1.95327460394,1.00304456475,2.31649805546));
#17254=CARTESIAN_POINT('Ctrl Pts',(1.9882318055,1.25881024741,2.00175590094));
#17255=CARTESIAN_POINT('Ctrl Pts',(1.87832697047,1.07878987887,1.60264695389));
#17256=CARTESIAN_POINT('Ctrl Pts',(1.84336976895,0.823024196224,1.91738910841));
#17257=CARTESIAN_POINT('Ctrl Pts',(1.59237445151,0.820759748917,1.95197865155));
#17258=CARTESIAN_POINT('Ctrl Pts',(1.63199751961,0.576760319137,2.26645327809));
#17259=CARTESIAN_POINT('Ctrl Pts',(1.64268817951,1.01572103836,2.35130135863));
#17260=CARTESIAN_POINT('Ctrl Pts',(1.60306511141,1.25972046814,2.03682673209));
#17261=CARTESIAN_POINT('Ctrl Pts',(1.55275138341,1.0647591787,1.637504025));
#17262=CARTESIAN_POINT('Ctrl Pts',(1.59237445151,0.820759748917,1.95197865155));
#17263=CARTESIAN_POINT('',(1.59237445151,0.820759748917,1.95197865155));
#17264=CARTESIAN_POINT('',(1.60762554849,0.979240251083,2.07302134845));
#17265=CARTESIAN_POINT('Origin',(1.599999999998,0.9,2.012500000002));
#17266=CARTESIAN_POINT('Ctrl Pts',(1.60402752563,-0.805332093325,1.62428491776));
#17267=CARTESIAN_POINT('Ctrl Pts',(1.86420776483,-0.804062739089,1.66082625122));
#17268=CARTESIAN_POINT('Ctrl Pts',(2.12413676413,-0.698398869547,1.69539512602));
#17269=CARTESIAN_POINT('Ctrl Pts',(2.32664863716,-0.488007589095,1.72788535659));
#17270=CARTESIAN_POINT('Ctrl Pts',(2.51231056362,0.0304080465949,1.78989311771));
#17271=CARTESIAN_POINT('Ctrl Pts',(2.29538993546,0.535848722437,1.85280783239));
#17272=CARTESIAN_POINT('Ctrl Pts',(2.09539123881,0.728195583288,1.88427855995));
#17273=CARTESIAN_POINT('Ctrl Pts',(1.84336976895,0.823024196224,1.91738910841));
#17274=CARTESIAN_POINT('Ctrl Pts',(1.59237445151,0.820759748917,1.95197865155));
#17275=CARTESIAN_POINT('Ctrl Pts',(1.59597247428,-0.994667906675,1.68821508224));
#17276=CARTESIAN_POINT('Ctrl Pts',(1.91729576527,-0.995937258133,1.72494161943));
#17277=CARTESIAN_POINT('Ctrl Pts',(2.2388702815,-0.86677715294,1.76364061673));
#17278=CARTESIAN_POINT('Ctrl Pts',(2.48735408683,-0.606787666828,1.80407962952));
#17279=CARTESIAN_POINT('Ctrl Pts',(2.70969089763,0.0263379797554,1.88478297579));
#17280=CARTESIAN_POINT('Ctrl Pts',(2.44456009239,0.633578156498,1.96457936918));
#17281=CARTESIAN_POINT('Ctrl Pts',(2.20547126024,0.861405304834,2.0020157454));
#17282=CARTESIAN_POINT('Ctrl Pts',(1.90706148683,0.976975801151,2.03825804331));
#17283=CARTESIAN_POINT('Ctrl Pts',(1.60762554849,0.979240251083,2.07302134845));
#17284=CARTESIAN_POINT('Ctrl Pts',(1.59237445151,0.820759748917,1.95197865155));
#17285=CARTESIAN_POINT('Ctrl Pts',(1.63199751961,0.576760319137,2.26645327809));
#17286=CARTESIAN_POINT('Ctrl Pts',(1.64268817951,1.01572103836,2.35130135863));
#17287=CARTESIAN_POINT('Ctrl Pts',(1.60306511141,1.25972046814,2.03682673209));
#17288=CARTESIAN_POINT('Ctrl Pts',(1.55275138341,1.0647591787,1.637504025));
#17289=CARTESIAN_POINT('Ctrl Pts',(1.59237445151,0.820759748917,1.95197865155));
#17290=CARTESIAN_POINT('Ctrl Pts',(1.32001980913,0.818291213595,1.98952663711));
#17291=CARTESIAN_POINT('Ctrl Pts',(1.44057577203,0.587118557168,2.30375611616));
#17292=CARTESIAN_POINT('Ctrl Pts',(1.30566593985,1.02954002538,2.38904522389));
#17293=CARTESIAN_POINT('Ctrl Pts',(1.185109977,1.26071268182,2.07481574487));
#17294=CARTESIAN_POINT('Ctrl Pts',(1.19946384625,1.04946387004,1.67529715812));
#17295=CARTESIAN_POINT('Ctrl Pts',(1.32001980913,0.818291213595,1.98952663711));
#17296=CARTESIAN_POINT('Ctrl Pts',(1.04844395928,0.704204122053,2.02533286799));
#17297=CARTESIAN_POINT('Ctrl Pts',(1.24406987729,0.512392092741,2.3339533141));
#17298=CARTESIAN_POINT('Ctrl Pts',(0.96337582054,0.89601056468,2.42933240799));
#17299=CARTESIAN_POINT('Ctrl Pts',(0.767749902718,1.08782259169,2.1207119601));
#17300=CARTESIAN_POINT('Ctrl Pts',(0.852818038582,0.896016150842,1.71671241946));
#17301=CARTESIAN_POINT('Ctrl Pts',(1.04844395928,0.704204122053,2.02533286799));
#17302=CARTESIAN_POINT('Ctrl Pts',(0.83968181453,0.478935197805,2.05920121537));
#17303=CARTESIAN_POINT('Ctrl Pts',(1.10084033136,0.349129478788,2.35704772945));
#17304=CARTESIAN_POINT('Ctrl Pts',(0.71204794153,0.612325646469,2.47182007968));
#17305=CARTESIAN_POINT('Ctrl Pts',(0.450889424687,0.742131365435,2.1739735655));
#17306=CARTESIAN_POINT('Ctrl Pts',(0.578523297687,0.608740916796,1.76135470124));
#17307=CARTESIAN_POINT('Ctrl Pts',(0.83968181453,0.478935197805,2.05920121537));
#17308=CARTESIAN_POINT('Ctrl Pts',(0.665948611973,-0.0594280789711,2.12304074849));
#17309=CARTESIAN_POINT('Ctrl Pts',(0.995578898129,-0.0137805951751,2.3917719109));
#17310=CARTESIAN_POINT('Ctrl Pts',(0.527128116899,-0.0236735942497,2.55117765262));
#17311=CARTESIAN_POINT('Ctrl Pts',(0.197497830754,-0.0693210780006,2.2824464903));
#17312=CARTESIAN_POINT('Ctrl Pts',(0.336318325828,-0.105075562745,1.85430958612));
#17313=CARTESIAN_POINT('Ctrl Pts',(0.665948611973,-0.0594280789711,2.12304074849));
#17314=CARTESIAN_POINT('Ctrl Pts',(0.904463225887,-0.568836869265,2.18828275686));
#17315=CARTESIAN_POINT('Ctrl Pts',(1.15447989834,-0.3344167749,2.4264508818));
#17316=CARTESIAN_POINT('Ctrl Pts',(0.806582780869,-0.58457015734,2.6256039567));
#17317=CARTESIAN_POINT('Ctrl Pts',(0.556566108406,-0.818990251745,2.38743583169));
#17318=CARTESIAN_POINT('Ctrl Pts',(0.654446553424,-0.80325696365,1.95011463189));
#17319=CARTESIAN_POINT('Ctrl Pts',(0.904463225887,-0.568836869265,2.18828275686));
#17320=CARTESIAN_POINT('Ctrl Pts',(1.10735970497,-0.755986274239,2.21984594453));
#17321=CARTESIAN_POINT('Ctrl Pts',(1.2796366318,-0.447551687313,2.44613437691));
#17322=CARTESIAN_POINT('Ctrl Pts',(1.02516473944,-0.780699518325,2.65911146634));
#17323=CARTESIAN_POINT('Ctrl Pts',(0.852887807256,-1.08913410373,2.43282303391));
#17324=CARTESIAN_POINT('Ctrl Pts',(0.93508277332,-1.06442086385,1.99355750683));
#17325=CARTESIAN_POINT('Ctrl Pts',(1.10735970497,-0.755986274239,2.21984594453));
#17326=CARTESIAN_POINT('Ctrl Pts',(1.35948746936,-0.847640925593,2.25249859628));
#17327=CARTESIAN_POINT('Ctrl Pts',(1.43071534825,-0.506547820365,2.47256532917));
#17328=CARTESIAN_POINT('Ctrl Pts',(1.28770420746,-0.886530665334,2.69279010985));
#17329=CARTESIAN_POINT('Ctrl Pts',(1.2164763286,-1.22762377059,2.47272337693));
#17330=CARTESIAN_POINT('Ctrl Pts',(1.28825959049,-1.18873403087,2.03243186338));
#17331=CARTESIAN_POINT('Ctrl Pts',(1.35948746936,-0.847640925593,2.25249859628));
#17332=CARTESIAN_POINT('Ctrl Pts',(1.61041036853,-0.844637732787,2.2861264949));
#17333=CARTESIAN_POINT('Ctrl Pts',(1.58272717907,-0.511530678067,2.50583842247));
#17334=CARTESIAN_POINT('Ctrl Pts',(1.55492729949,-0.899533274281,2.72647647909));
#17335=CARTESIAN_POINT('Ctrl Pts',(1.58261048896,-1.232640329,2.50676455152));
#17336=CARTESIAN_POINT('Ctrl Pts',(1.63809355799,-1.17774478751,2.06641456733));
#17337=CARTESIAN_POINT('Ctrl Pts',(1.61041036853,-0.844637732787,2.2861264949));
#17338=CARTESIAN_POINT('',(1.61041036853,-0.844637732787,2.2861264949));
#17339=CARTESIAN_POINT('',(1.58958963138,-0.955362267213,2.4513735051));
#17340=CARTESIAN_POINT('Origin',(1.599999999954,-0.900000000001,2.368750000001));
#17341=CARTESIAN_POINT('Ctrl Pts',(1.59237445151,0.820759748917,1.95197865155));
#17342=CARTESIAN_POINT('Ctrl Pts',(1.32001980913,0.818291213595,1.98952663711));
#17343=CARTESIAN_POINT('Ctrl Pts',(1.04844395928,0.704204122053,2.02533286799));
#17344=CARTESIAN_POINT('Ctrl Pts',(0.83968181453,0.478935197805,2.05920121537));
#17345=CARTESIAN_POINT('Ctrl Pts',(0.665948611973,-0.0594280789711,2.12304074849));
#17346=CARTESIAN_POINT('Ctrl Pts',(0.904463225887,-0.568836869265,2.18828275686));
#17347=CARTESIAN_POINT('Ctrl Pts',(1.10735970497,-0.755986274239,2.21984594453));
#17348=CARTESIAN_POINT('Ctrl Pts',(1.35948746936,-0.847640925593,2.25249859628));
#17349=CARTESIAN_POINT('Ctrl Pts',(1.61041036853,-0.844637732787,2.2861264949));
#17350=CARTESIAN_POINT('Ctrl Pts',(1.60762554849,0.979240251083,2.07302134845));
#17351=CARTESIAN_POINT('Ctrl Pts',(1.28270388378,0.981708783598,2.11072856075));
#17352=CARTESIAN_POINT('Ctrl Pts',(0.957003410119,0.848060350055,2.15017752572));
#17353=CARTESIAN_POINT('Ctrl Pts',(0.710575248818,0.578081851875,2.19104901897));
#17354=CARTESIAN_POINT('Ctrl Pts',(0.514130792902,-0.0529627075453,2.26992640998));
#17355=CARTESIAN_POINT('Ctrl Pts',(0.793018835261,-0.635308536906,2.34740132553));
#17356=CARTESIAN_POINT('Ctrl Pts',(1.02319298856,-0.845451542969,2.38290659666));
#17357=CARTESIAN_POINT('Ctrl Pts',(1.3057888687,-0.952359071784,2.41762766983));
#17358=CARTESIAN_POINT('Ctrl Pts',(1.58958963138,-0.955362267213,2.4513735051));
#17359=CARTESIAN_POINT('Ctrl Pts',(1.61041036853,-0.844637732787,2.2861264949));
#17360=CARTESIAN_POINT('Ctrl Pts',(1.58272717907,-0.511530678067,2.50583842247));
#17361=CARTESIAN_POINT('Ctrl Pts',(1.55492729949,-0.899533274281,2.72647647909));
#17362=CARTESIAN_POINT('Ctrl Pts',(1.58261048896,-1.232640329,2.50676455152));
#17363=CARTESIAN_POINT('Ctrl Pts',(1.63809355799,-1.17774478751,2.06641456733));
#17364=CARTESIAN_POINT('Ctrl Pts',(1.61041036853,-0.844637732787,2.2861264949));
#17365=CARTESIAN_POINT('Ctrl Pts',(1.89049883597,-0.84126993608,2.32367349139));
#17366=CARTESIAN_POINT('Ctrl Pts',(1.75239973774,-0.517118530639,2.54305096668));
#17367=CARTESIAN_POINT('Ctrl Pts',(1.85321236862,-0.914114483392,2.76407859351));
#17368=CARTESIAN_POINT('Ctrl Pts',(1.99131146691,-1.23826588887,2.54470111825));
#17369=CARTESIAN_POINT('Ctrl Pts',(2.02859793428,-1.16542134157,2.10429601613));
#17370=CARTESIAN_POINT('Ctrl Pts',(1.89049883597,-0.84126993608,2.32367349139));
#17371=CARTESIAN_POINT('Ctrl Pts',(2.16937941291,-0.723645363311,2.36000525731));
#17372=CARTESIAN_POINT('Ctrl Pts',(1.92540503427,-0.449299984592,2.57173551661));
#17373=CARTESIAN_POINT('Ctrl Pts',(2.1573914362,-0.79707876123,2.80167003485));
#17374=CARTESIAN_POINT('Ctrl Pts',(2.40136581499,-1.07142414193,2.58993977038));
#17375=CARTESIAN_POINT('Ctrl Pts',(2.41335378901,-0.997990747243,2.14827499405));
#17376=CARTESIAN_POINT('Ctrl Pts',(2.16937941291,-0.723645363311,2.36000525731));
#17377=CARTESIAN_POINT('Ctrl Pts',(2.38460982629,-0.492605036717,2.39490787518));
#17378=CARTESIAN_POINT('Ctrl Pts',(2.05426775744,-0.30560241106,2.59195433445));
#17379=CARTESIAN_POINT('Ctrl Pts',(2.37972261738,-0.545125768524,2.83900618945));
#17380=CARTESIAN_POINT('Ctrl Pts',(2.71006468614,-0.732128394156,2.64195973018));
#17381=CARTESIAN_POINT('Ctrl Pts',(2.71495189495,-0.6796076624,2.19786141623));
#17382=CARTESIAN_POINT('Ctrl Pts',(2.38460982629,-0.492605036717,2.39490787518));
#17383=CARTESIAN_POINT('Ctrl Pts',(2.56468696077,0.0623884719532,2.46149420933));
#17384=CARTESIAN_POINT('Ctrl Pts',(2.15479502068,0.0235681585547,2.62128694672));
#17385=CARTESIAN_POINT('Ctrl Pts',(2.54100266101,0.0159321630088,2.90606080101));
#17386=CARTESIAN_POINT('Ctrl Pts',(2.95089460119,0.0547524763847,2.74626806362));
#17387=CARTESIAN_POINT('Ctrl Pts',(2.97457890104,0.101208785374,2.30170147167));
#17388=CARTESIAN_POINT('Ctrl Pts',(2.56468696077,0.0623884719532,2.46149420933));
#17389=CARTESIAN_POINT('Ctrl Pts',(2.31888716897,0.588972590043,2.52952490778));
#17390=CARTESIAN_POINT('Ctrl Pts',(2.01029209576,0.324442464633,2.65250083794));
#17391=CARTESIAN_POINT('Ctrl Pts',(2.29509379222,0.506961186518,2.96900077735));
#17392=CARTESIAN_POINT('Ctrl Pts',(2.60368886535,0.771491311948,2.84602484719));
#17393=CARTESIAN_POINT('Ctrl Pts',(2.62748224202,0.853502715432,2.40654897785));
#17394=CARTESIAN_POINT('Ctrl Pts',(2.31888716897,0.588972590043,2.52952490778));
#17395=CARTESIAN_POINT('Ctrl Pts',(2.10907111034,0.783101375531,2.56217737137));
#17396=CARTESIAN_POINT('Ctrl Pts',(1.89160949509,0.433513840709,2.67133934759));
#17397=CARTESIAN_POINT('Ctrl Pts',(2.10422410779,0.678304661309,2.99839347918));
#17398=CARTESIAN_POINT('Ctrl Pts',(2.32168572501,1.02789219621,2.88923150382));
#17399=CARTESIAN_POINT('Ctrl Pts',(2.32653273296,1.13268890895,2.45301539084));
#17400=CARTESIAN_POINT('Ctrl Pts',(2.10907111034,0.783101375531,2.56217737137));
#17401=CARTESIAN_POINT('Ctrl Pts',(1.84783585578,0.877908020518,2.59540579976));
#17402=CARTESIAN_POINT('Ctrl Pts',(1.74573651338,0.48752432869,2.6973366635));
#17403=CARTESIAN_POINT('Ctrl Pts',(1.8755268939,0.771084087391,3.02992032875));
#17404=CARTESIAN_POINT('Ctrl Pts',(1.97762623627,1.16146777926,2.92798946496));
#17405=CARTESIAN_POINT('Ctrl Pts',(1.94993519819,1.26829171241,2.49347493597));
#17406=CARTESIAN_POINT('Ctrl Pts',(1.84783585578,0.877908020518,2.59540579976));
#17407=CARTESIAN_POINT('Ctrl Pts',(1.58791499247,0.874419652166,2.62908546305));
#17408=CARTESIAN_POINT('Ctrl Pts',(1.6007061163,0.487728130569,2.7306042016));
#17409=CARTESIAN_POINT('Ctrl Pts',(1.6426505845,0.783395282704,3.06350298011));
#17410=CARTESIAN_POINT('Ctrl Pts',(1.62985946068,1.1700868043,2.96198424157));
#17411=CARTESIAN_POINT('Ctrl Pts',(1.57512386864,1.26111117376,2.52756672451));
#17412=CARTESIAN_POINT('Ctrl Pts',(1.58791499247,0.874419652166,2.62908546305));
#17413=CARTESIAN_POINT('',(1.58791499247,0.874419652166,2.62908546305));
#17414=CARTESIAN_POINT('',(1.61208500753,0.925580347834,2.82091453695));
#17415=CARTESIAN_POINT('Origin',(1.6,0.900000000001,2.724999999998));
#17416=CARTESIAN_POINT('Ctrl Pts',(1.61041036853,-0.844637732787,2.2861264949));
#17417=CARTESIAN_POINT('Ctrl Pts',(1.89049883597,-0.84126993608,2.32367349139));
#17418=CARTESIAN_POINT('Ctrl Pts',(2.16937941291,-0.723645363311,2.36000525731));
#17419=CARTESIAN_POINT('Ctrl Pts',(2.38460982629,-0.492605036717,2.39490787518));
#17420=CARTESIAN_POINT('Ctrl Pts',(2.56468696077,0.0623884719532,2.46149420933));
#17421=CARTESIAN_POINT('Ctrl Pts',(2.31888716897,0.588972590043,2.52952490778));
#17422=CARTESIAN_POINT('Ctrl Pts',(2.10907111034,0.783101375531,2.56217737137));
#17423=CARTESIAN_POINT('Ctrl Pts',(1.84783585578,0.877908020518,2.59540579976));
#17424=CARTESIAN_POINT('Ctrl Pts',(1.58791499247,0.874419652166,2.62908546305));
#17425=CARTESIAN_POINT('Ctrl Pts',(1.58958963138,-0.955362267213,2.4513735051));
#17426=CARTESIAN_POINT('Ctrl Pts',(1.90638037688,-0.958730061111,2.48903167364));
#17427=CARTESIAN_POINT('Ctrl Pts',(2.22437901893,-0.828948408097,2.52790507947));
#17428=CARTESIAN_POINT('Ctrl Pts',(2.464751739,-0.565616059032,2.56769541754));
#17429=CARTESIAN_POINT('Ctrl Pts',(2.65531779596,0.0488653958278,2.64382932079));
#17430=CARTESIAN_POINT('Ctrl Pts',(2.38413924886,0.614099419635,2.71851886005));
#17431=CARTESIAN_POINT('Ctrl Pts',(2.16101301429,0.818099901971,2.7529949309));
#17432=CARTESIAN_POINT('Ctrl Pts',(1.88720621043,0.92209197693,2.7871803483));
#17433=CARTESIAN_POINT('Ctrl Pts',(1.61208500753,0.925580347834,2.82091453695));
#17434=CARTESIAN_POINT('Ctrl Pts',(1.58791499247,0.874419652166,2.62908546305));
#17435=CARTESIAN_POINT('Ctrl Pts',(1.6007061163,0.487728130569,2.7306042016));
#17436=CARTESIAN_POINT('Ctrl Pts',(1.6426505845,0.783395282704,3.06350298011));
#17437=CARTESIAN_POINT('Ctrl Pts',(1.62985946068,1.1700868043,2.96198424157));
#17438=CARTESIAN_POINT('Ctrl Pts',(1.57512386864,1.26111117376,2.52756672451));
#17439=CARTESIAN_POINT('Ctrl Pts',(1.58791499247,0.874419652166,2.62908546305));
#17440=CARTESIAN_POINT('Ctrl Pts',(1.28289360418,0.870307032194,2.6686141684));
#17441=CARTESIAN_POINT('Ctrl Pts',(1.43052026632,0.487968451245,2.769724487));
#17442=CARTESIAN_POINT('Ctrl Pts',(1.36936829566,0.797909606671,3.10293554703));
#17443=CARTESIAN_POINT('Ctrl Pts',(1.22174163353,1.18024818759,3.0018252284));
#17444=CARTESIAN_POINT('Ctrl Pts',(1.13526694199,1.25264561311,2.56750384973));
#17445=CARTESIAN_POINT('Ctrl Pts',(1.28289360418,0.870307032194,2.6686141684));
#17446=CARTESIAN_POINT('Ctrl Pts',(0.97954229633,0.735561680246,2.70752160204));
#17447=CARTESIAN_POINT('Ctrl Pts',(1.25897036411,0.413841055021,2.79882981619));
#17448=CARTESIAN_POINT('Ctrl Pts',(1.08955876372,0.68490446014,3.1395350848));
#17449=CARTESIAN_POINT('Ctrl Pts',(0.810130697273,1.00662508163,3.04822687504));
#17450=CARTESIAN_POINT('Ctrl Pts',(0.700114231314,1.05728230541,2.61621338776));
#17451=CARTESIAN_POINT('Ctrl Pts',(0.97954229633,0.735561680246,2.70752160204));
#17452=CARTESIAN_POINT('Ctrl Pts',(0.752299321005,0.471689778695,2.74548599923));
#17453=CARTESIAN_POINT('Ctrl Pts',(1.13187089548,0.264239240921,2.81795060187));
#17454=CARTESIAN_POINT('Ctrl Pts',(0.89463986768,0.440827619701,3.17305783211));
#17455=CARTESIAN_POINT('Ctrl Pts',(0.515068293176,0.648278157475,3.10059322958));
#17456=CARTESIAN_POINT('Ctrl Pts',(0.372727746487,0.679140316497,2.67302139692));
#17457=CARTESIAN_POINT('Ctrl Pts',(0.752299321005,0.471689778695,2.74548599923));
#17458=CARTESIAN_POINT('Ctrl Pts',(0.603108903625,-0.120621453646,2.81548584972));
#17459=CARTESIAN_POINT('Ctrl Pts',(1.04801696214,-0.0682440794042,2.84527736138));
#17460=CARTESIAN_POINT('Ctrl Pts',(0.789078497895,-0.0577592026493,3.22737957147));
#17461=CARTESIAN_POINT('Ctrl Pts',(0.344170439403,-0.110136576891,3.19758805973));
#17462=CARTESIAN_POINT('Ctrl Pts',(0.158200845144,-0.172998827911,2.78569433781));
#17463=CARTESIAN_POINT('Ctrl Pts',(0.603108903625,-0.120621453646,2.81548584972));
#17464=CARTESIAN_POINT('Ctrl Pts',(0.893100418892,-0.645090596683,2.88682886778));
#17465=CARTESIAN_POINT('Ctrl Pts',(1.2103803172,-0.363645948606,2.87903380507));
#17466=CARTESIAN_POINT('Ctrl Pts',(1.0271140505,-0.46533590565,3.28021506703));
#17467=CARTESIAN_POINT('Ctrl Pts',(0.709834152178,-0.746780553726,3.28801012981));
#17468=CARTESIAN_POINT('Ctrl Pts',(0.575820520557,-0.926535244742,2.8946239307));
#17469=CARTESIAN_POINT('Ctrl Pts',(0.893100418892,-0.645090596683,2.88682886778));
#17470=CARTESIAN_POINT('Ctrl Pts',(1.1036820109,-0.823337107243,2.91867653857));
#17471=CARTESIAN_POINT('Ctrl Pts',(1.32930213756,-0.464781412037,2.89821527593));
#17472=CARTESIAN_POINT('Ctrl Pts',(1.18666430848,-0.598225672422,3.30484264243));
#17473=CARTESIAN_POINT('Ctrl Pts',(0.961044180533,-0.956781365912,3.32530389768));
#17474=CARTESIAN_POINT('Ctrl Pts',(0.878061882331,-1.18189279883,2.93913779267));
#17475=CARTESIAN_POINT('Ctrl Pts',(1.1036820109,-0.823337107243,2.91867653857));
#17476=CARTESIAN_POINT('Ctrl Pts',(1.35864485368,-0.910318892425,2.95052884375));
#17477=CARTESIAN_POINT('Ctrl Pts',(1.47374028024,-0.512222164193,2.92342867656));
#17478=CARTESIAN_POINT('Ctrl Pts',(1.37406328853,-0.669994953657,3.3329148297));
#17479=CARTESIAN_POINT('Ctrl Pts',(1.25896786201,-1.06809168189,3.36001499691));
#17480=CARTESIAN_POINT('Ctrl Pts',(1.24354942714,-1.30841562067,2.9776290109));
#17481=CARTESIAN_POINT('Ctrl Pts',(1.35864485368,-0.910318892425,2.95052884375));
#17482=CARTESIAN_POINT('Ctrl Pts',(1.61247087868,-0.906929507584,2.98227293645));
#17483=CARTESIAN_POINT('Ctrl Pts',(1.61593588981,-0.507891024735,2.95477233821));
#17484=CARTESIAN_POINT('Ctrl Pts',(1.56431986934,-0.679692235824,3.36443089152));
#17485=CARTESIAN_POINT('Ctrl Pts',(1.56085485821,-1.07873071867,3.39193148976));
#17486=CARTESIAN_POINT('Ctrl Pts',(1.60900586755,-1.30596799043,3.00977353469));
#17487=CARTESIAN_POINT('Ctrl Pts',(1.61247087868,-0.906929507584,2.98227293645));
#17488=CARTESIAN_POINT('',(1.61247087868,-0.906929507584,2.98227293645));
#17489=CARTESIAN_POINT('',(1.58752912123,-0.893070492416,3.18022706355));
#17490=CARTESIAN_POINT('Origin',(1.599999999954,-0.9,3.081249999998));
#17491=CARTESIAN_POINT('Ctrl Pts',(1.58791499247,0.874419652166,2.62908546305));
#17492=CARTESIAN_POINT('Ctrl Pts',(1.28289360418,0.870307032194,2.6686141684));
#17493=CARTESIAN_POINT('Ctrl Pts',(0.97954229633,0.735561680246,2.70752160204));
#17494=CARTESIAN_POINT('Ctrl Pts',(0.752299321005,0.471689778695,2.74548599923));
#17495=CARTESIAN_POINT('Ctrl Pts',(0.603108903625,-0.120621453646,2.81548584972));
#17496=CARTESIAN_POINT('Ctrl Pts',(0.893100418892,-0.645090596683,2.88682886778));
#17497=CARTESIAN_POINT('Ctrl Pts',(1.1036820109,-0.823337107243,2.91867653857));
#17498=CARTESIAN_POINT('Ctrl Pts',(1.35864485368,-0.910318892425,2.95052884375));
#17499=CARTESIAN_POINT('Ctrl Pts',(1.61247087868,-0.906929507584,2.98227293645));
#17500=CARTESIAN_POINT('Ctrl Pts',(1.61208500753,0.925580347834,2.82091453695));
#17501=CARTESIAN_POINT('Ctrl Pts',(1.28922428438,0.929692964658,2.86049727805));
#17502=CARTESIAN_POINT('Ctrl Pts',(0.964693513759,0.790663225559,2.90070129096));
#17503=CARTESIAN_POINT('Ctrl Pts',(0.728576700711,0.508121333645,2.94115576508));
#17504=CARTESIAN_POINT('Ctrl Pts',(0.584866686141,-0.102284671711,3.01398483263));
#17505=CARTESIAN_POINT('Ctrl Pts',(0.880787260114,-0.625574413183,3.08547073312));
#17506=CARTESIAN_POINT('Ctrl Pts',(1.08876812746,-0.800420312752,3.11687490325));
#17507=CARTESIAN_POINT('Ctrl Pts',(1.33758021448,-0.889681105101,3.14849687852));
#17508=CARTESIAN_POINT('Ctrl Pts',(1.58752912123,-0.893070492416,3.18022706355));
#17509=CARTESIAN_POINT('Ctrl Pts',(1.61247087868,-0.906929507584,2.98227293645));
#17510=CARTESIAN_POINT('Ctrl Pts',(1.61593588981,-0.507891024735,2.95477233821));
#17511=CARTESIAN_POINT('Ctrl Pts',(1.56431986934,-0.679692235824,3.36443089152));
#17512=CARTESIAN_POINT('Ctrl Pts',(1.56085485821,-1.07873071867,3.39193148976));
#17513=CARTESIAN_POINT('Ctrl Pts',(1.60900586755,-1.30596799043,3.00977353469));
#17514=CARTESIAN_POINT('Ctrl Pts',(1.61247087868,-0.906929507584,2.98227293645));
#17515=CARTESIAN_POINT('Ctrl Pts',(1.92860859781,-0.902688515932,3.02180852327));
#17516=CARTESIAN_POINT('Ctrl Pts',(1.79302929873,-0.5024717064,2.99388675655));
#17517=CARTESIAN_POINT('Ctrl Pts',(1.80127732914,-0.691826041579,3.40372663951));
#17518=CARTESIAN_POINT('Ctrl Pts',(1.93685662818,-1.09204285111,3.43164840617));
#17519=CARTESIAN_POINT('Ctrl Pts',(2.06418789689,-1.30290532543,3.04973028988));
#17520=CARTESIAN_POINT('Ctrl Pts',(1.92860859781,-0.902688515932,3.02180852327));
#17521=CARTESIAN_POINT('Ctrl Pts',(2.24292341492,-0.763137437488,3.06151233217));
#17522=CARTESIAN_POINT('Ctrl Pts',(1.96901893029,-0.422982784467,3.02348940593));
#17523=CARTESIAN_POINT('Ctrl Pts',(2.04406290801,-0.593719870355,3.43767768978));
#17524=CARTESIAN_POINT('Ctrl Pts',(2.31796739325,-0.933874523264,3.47570061568));
#17525=CARTESIAN_POINT('Ctrl Pts',(2.51682789811,-1.103292089,3.09953526394));
#17526=CARTESIAN_POINT('Ctrl Pts',(2.24292341492,-0.763137437488,3.06151233217));
#17527=CARTESIAN_POINT('Ctrl Pts',(2.47864628149,-0.490400027994,3.10099265577));
#17528=CARTESIAN_POINT('Ctrl Pts',(2.10412599893,-0.270103672427,3.04358319829));
#17529=CARTESIAN_POINT('Ctrl Pts',(2.21406467876,-0.382310838622,3.46612145919));
#17530=CARTESIAN_POINT('Ctrl Pts',(2.58858496132,-0.602607194047,3.52353091667));
#17531=CARTESIAN_POINT('Ctrl Pts',(2.85316656405,-0.710696383391,3.15840211325));
#17532=CARTESIAN_POINT('Ctrl Pts',(2.47864628149,-0.490400027994,3.10099265577));
#17533=CARTESIAN_POINT('Ctrl Pts',(2.63344662752,0.12382512271,3.17455751441));
#17534=CARTESIAN_POINT('Ctrl Pts',(2.200409142,0.0862669572106,3.07489124862));
#17535=CARTESIAN_POINT('Ctrl Pts',(2.30810583246,0.0535225877123,3.51016311828));
#17536=CARTESIAN_POINT('Ctrl Pts',(2.74114331798,0.0910807531,3.60982938408));
#17537=CARTESIAN_POINT('Ctrl Pts',(3.06648411305,0.161383288075,3.27422378021));
#17538=CARTESIAN_POINT('Ctrl Pts',(2.63344662752,0.12382512271,3.17455751441));
#17539=CARTESIAN_POINT('Ctrl Pts',(2.33285217787,0.667114123683,3.2489854793));
#17540=CARTESIAN_POINT('Ctrl Pts',(2.0245271849,0.413301493347,3.1136181423));
#17541=CARTESIAN_POINT('Ctrl Pts',(2.09977537628,0.412598879397,3.55489332902));
#17542=CARTESIAN_POINT('Ctrl Pts',(2.40810036925,0.666411509821,3.69026066602));
#17543=CARTESIAN_POINT('Ctrl Pts',(2.64117717084,0.920926754125,3.38435281629));
#17544=CARTESIAN_POINT('Ctrl Pts',(2.33285217787,0.667114123683,3.2489854793));
#17545=CARTESIAN_POINT('Ctrl Pts',(2.11541267891,0.85142624615,3.28179422316));
#17546=CARTESIAN_POINT('Ctrl Pts',(1.89201270322,0.526833078639,3.13472583473));
#17547=CARTESIAN_POINT('Ctrl Pts',(1.95916613209,0.530237942404,3.57693347309));
#17548=CARTESIAN_POINT('Ctrl Pts',(2.18256610627,0.854831109315,3.72400185965));
#17549=CARTESIAN_POINT('Ctrl Pts',(2.33881265447,1.17601941259,3.42886261068));
#17550=CARTESIAN_POINT('Ctrl Pts',(2.11541267891,0.85142624615,3.28179422316));
#17551=CARTESIAN_POINT('Ctrl Pts',(1.85144836679,0.941836310029,3.31420792681));
#17552=CARTESIAN_POINT('Ctrl Pts',(1.7288141713,0.578269789713,3.16099119328));
#17553=CARTESIAN_POINT('Ctrl Pts',(1.79288987033,0.592707804926,3.60369302238));
#17554=CARTESIAN_POINT('Ctrl Pts',(1.91552406582,0.95627432523,3.75690975591));
#17555=CARTESIAN_POINT('Ctrl Pts',(1.97408256226,1.30540283035,3.46742466039));
#17556=CARTESIAN_POINT('Ctrl Pts',(1.85144836679,0.941836310029,3.31420792681));
#17557=CARTESIAN_POINT('Ctrl Pts',(1.58847316786,0.938700387379,3.34601550865));
#17558=CARTESIAN_POINT('Ctrl Pts',(1.56912153704,0.569869151898,3.19242828875));
#17559=CARTESIAN_POINT('Ctrl Pts',(1.62490468099,0.599483220121,3.6351598641));
#17560=CARTESIAN_POINT('Ctrl Pts',(1.64425631182,0.968314455603,3.788747084));
#17561=CARTESIAN_POINT('Ctrl Pts',(1.60782479869,1.30753162286,3.49960272855));
#17562=CARTESIAN_POINT('Ctrl Pts',(1.58847316786,0.938700387379,3.34601550865));
#17563=CARTESIAN_POINT('',(1.58847316786,0.938700387379,3.34601550865));
#17564=CARTESIAN_POINT('',(1.61152683214,0.861299612621,3.52898449135));
#17565=CARTESIAN_POINT('Origin',(1.599999999997,0.9,3.4375));
#17566=CARTESIAN_POINT('Ctrl Pts',(1.61247087868,-0.906929507584,2.98227293645));
#17567=CARTESIAN_POINT('Ctrl Pts',(1.92860859781,-0.902688515932,3.02180852327));
#17568=CARTESIAN_POINT('Ctrl Pts',(2.24292341492,-0.763137437488,3.06151233217));
#17569=CARTESIAN_POINT('Ctrl Pts',(2.47864628149,-0.490400027994,3.10099265577));
#17570=CARTESIAN_POINT('Ctrl Pts',(2.63344662752,0.12382512271,3.17455751441));
#17571=CARTESIAN_POINT('Ctrl Pts',(2.33285217787,0.667114123683,3.2489854793));
#17572=CARTESIAN_POINT('Ctrl Pts',(2.11541267891,0.85142624615,3.28179422316));
#17573=CARTESIAN_POINT('Ctrl Pts',(1.85144836679,0.941836310029,3.31420792681));
#17574=CARTESIAN_POINT('Ctrl Pts',(1.58847316786,0.938700387379,3.34601550865));
#17575=CARTESIAN_POINT('Ctrl Pts',(1.58752912123,-0.893070492416,3.18022706355));
#17576=CARTESIAN_POINT('Ctrl Pts',(1.89883778823,-0.897311481134,3.21974802304));
#17577=CARTESIAN_POINT('Ctrl Pts',(2.2119692826,-0.763467316961,3.25910074314));
#17578=CARTESIAN_POINT('Ctrl Pts',(2.43998555077,-0.491429522143,3.29790942185));
#17579=CARTESIAN_POINT('Ctrl Pts',(2.57903560137,0.0980633965414,3.36727688279));
#17580=CARTESIAN_POINT('Ctrl Pts',(2.29339502532,0.603309659159,3.43578123841));
#17581=CARTESIAN_POINT('Ctrl Pts',(2.09313939903,0.77198038587,3.46613094465));
#17582=CARTESIAN_POINT('Ctrl Pts',(1.85282766743,0.858163687554,3.49725465798));
#17583=CARTESIAN_POINT('Ctrl Pts',(1.61152683214,0.861299612621,3.52898449135));
#17584=CARTESIAN_POINT('Ctrl Pts',(1.58847316786,0.938700387379,3.34601550865));
#17585=CARTESIAN_POINT('Ctrl Pts',(1.56912153704,0.569869151898,3.19242828875));
#17586=CARTESIAN_POINT('Ctrl Pts',(1.62490468099,0.599483220121,3.6351598641));
#17587=CARTESIAN_POINT('Ctrl Pts',(1.64425631182,0.968314455603,3.788747084));
#17588=CARTESIAN_POINT('Ctrl Pts',(1.60782479869,1.30753162286,3.49960272855));
#17589=CARTESIAN_POINT('Ctrl Pts',(1.58847316786,0.938700387379,3.34601550865));
#17590=CARTESIAN_POINT('Ctrl Pts',(1.27795676833,0.934980404984,3.38356609354));
#17591=CARTESIAN_POINT('Ctrl Pts',(1.38056773632,0.559903966594,3.22960944613));
#17592=CARTESIAN_POINT('Ctrl Pts',(1.42655809843,0.607520560192,3.67237068412));
#17593=CARTESIAN_POINT('Ctrl Pts',(1.32394713046,0.982596998611,3.82632733147));
#17594=CARTESIAN_POINT('Ctrl Pts',(1.17534580032,1.31005684337,3.53752274096));
#17595=CARTESIAN_POINT('Ctrl Pts',(1.27795676833,0.934980404984,3.38356609354));
#17596=CARTESIAN_POINT('Ctrl Pts',(0.969046656064,0.80489452691,3.42196225334));
#17597=CARTESIAN_POINT('Ctrl Pts',(1.19512271644,0.477394237443,3.25957867622));
#17598=CARTESIAN_POINT('Ctrl Pts',(1.22414401717,0.529139567027,3.70301601043));
#17599=CARTESIAN_POINT('Ctrl Pts',(0.998067955554,0.856639855852,3.86539958484));
#17600=CARTESIAN_POINT('Ctrl Pts',(0.742970596357,1.13239482018,3.58434583168));
#17601=CARTESIAN_POINT('Ctrl Pts',(0.969046656064,0.80489452691,3.42196225334));
#17602=CARTESIAN_POINT('Ctrl Pts',(0.72934908989,0.549747124612,3.4609606874));
#17603=CARTESIAN_POINT('Ctrl Pts',(1.04552136701,0.323918469982,3.2823799851));
#17604=CARTESIAN_POINT('Ctrl Pts',(1.07362640492,0.361564061118,3.72714607836));
#17605=CARTESIAN_POINT('Ctrl Pts',(0.757454127822,0.587392715748,3.90572678057));
#17606=CARTESIAN_POINT('Ctrl Pts',(0.413176812898,0.775575779242,3.6395413898));
#17607=CARTESIAN_POINT('Ctrl Pts',(0.72934908989,0.549747124612,3.4609606874));
#17608=CARTESIAN_POINT('Ctrl Pts',(0.529427452188,-0.0662312269548,3.5375125167));
#17609=CARTESIAN_POINT('Ctrl Pts',(0.907423116528,-0.0676720154051,3.3223595277));
#17610=CARTESIAN_POINT('Ctrl Pts',(0.959478878779,-0.019938405968,3.76494265365));
#17611=CARTESIAN_POINT('Ctrl Pts',(0.581483214416,-0.0184976175177,3.98009564274));
#17612=CARTESIAN_POINT('Ctrl Pts',(0.151431787735,-0.0647904385045,3.7526655056));
#17613=CARTESIAN_POINT('Ctrl Pts',(0.529427452188,-0.0662312269548,3.5375125167));
#17614=CARTESIAN_POINT('Ctrl Pts',(0.802023013625,-0.64905676888,3.61477449577));
#17615=CARTESIAN_POINT('Ctrl Pts',(1.08164866848,-0.460951382503,3.36811293227));
#17616=CARTESIAN_POINT('Ctrl Pts',(1.12663141343,-0.362682333273,3.80314063517));
#17617=CARTESIAN_POINT('Ctrl Pts',(0.847005758593,-0.55078771965,4.04980219859));
#17618=CARTESIAN_POINT('Ctrl Pts',(0.52239735887,-0.837162155257,3.86143605935));
#17619=CARTESIAN_POINT('Ctrl Pts',(0.802023013625,-0.64905676888,3.61477449577));
#17620=CARTESIAN_POINT('Ctrl Pts',(1.03264957295,-0.863176631267,3.65061764261));
#17621=CARTESIAN_POINT('Ctrl Pts',(1.23996821035,-0.61153172986,3.3932662909));
#17622=CARTESIAN_POINT('Ctrl Pts',(1.26029436617,-0.485097893361,3.82415474956));
#17623=CARTESIAN_POINT('Ctrl Pts',(1.05297573023,-0.736742795717,4.08150609705));
#17624=CARTESIAN_POINT('Ctrl Pts',(0.825330936475,-1.11482152938,3.90796899863));
#17625=CARTESIAN_POINT('Ctrl Pts',(1.03264957295,-0.863176631267,3.65061764261));
#17626=CARTESIAN_POINT('Ctrl Pts',(1.32141653875,-0.96905072541,3.68565369678));
#17627=CARTESIAN_POINT('Ctrl Pts',(1.44373181377,-0.679359006266,3.42267844094));
#17628=CARTESIAN_POINT('Ctrl Pts',(1.42419990436,-0.548001959131,3.85139296303));
#17629=CARTESIAN_POINT('Ctrl Pts',(1.30188462934,-0.837693678223,4.11436821894));
#17630=CARTESIAN_POINT('Ctrl Pts',(1.1991012637,-1.25874244453,3.94862895267));
#17631=CARTESIAN_POINT('Ctrl Pts',(1.32141653875,-0.96905072541,3.68565369678));
#17632=CARTESIAN_POINT('Ctrl Pts',(1.60935354261,-0.96634418563,3.71951415776));
#17633=CARTESIAN_POINT('Ctrl Pts',(1.6425280991,-0.667053048893,3.456219144));
#17634=CARTESIAN_POINT('Ctrl Pts',(1.58852665024,-0.551321874741,3.88481001984));
#17635=CARTESIAN_POINT('Ctrl Pts',(1.55535209375,-0.850613011478,4.1481050336));
#17636=CARTESIAN_POINT('Ctrl Pts',(1.57617898611,-1.26563532237,3.98280917152));
#17637=CARTESIAN_POINT('Ctrl Pts',(1.60935354261,-0.96634418563,3.71951415776));
#17638=CARTESIAN_POINT('',(1.60935354261,-0.96634418563,3.71951415776));
#17639=CARTESIAN_POINT('',(1.5906464573,-0.83365581437,3.86798584224));
#17640=CARTESIAN_POINT('Origin',(1.599999999956,-0.900000000001,3.793750000001));
#17641=CARTESIAN_POINT('Ctrl Pts',(1.58847316786,0.938700387379,3.34601550865));
#17642=CARTESIAN_POINT('Ctrl Pts',(1.27795676833,0.934980404984,3.38356609354));
#17643=CARTESIAN_POINT('Ctrl Pts',(0.969046656064,0.80489452691,3.42196225334));
#17644=CARTESIAN_POINT('Ctrl Pts',(0.72934908989,0.549747124612,3.4609606874));
#17645=CARTESIAN_POINT('Ctrl Pts',(0.529427452188,-0.0662312269548,3.5375125167));
#17646=CARTESIAN_POINT('Ctrl Pts',(0.802023013625,-0.64905676888,3.61477449577));
#17647=CARTESIAN_POINT('Ctrl Pts',(1.03264957295,-0.863176631267,3.65061764261));
#17648=CARTESIAN_POINT('Ctrl Pts',(1.32141653875,-0.96905072541,3.68565369678));
#17649=CARTESIAN_POINT('Ctrl Pts',(1.60935354261,-0.96634418563,3.71951415776));
#17650=CARTESIAN_POINT('Ctrl Pts',(1.61152683214,0.861299612621,3.52898449135));
#17651=CARTESIAN_POINT('Ctrl Pts',(1.32660469138,0.865019592193,3.56645755067));
#17652=CARTESIAN_POINT('Ctrl Pts',(1.0400763213,0.74889211965,3.60308502564));
#17653=CARTESIAN_POINT('Ctrl Pts',(0.822444678145,0.512112756523,3.63869855845));
#17654=CARTESIAN_POINT('Ctrl Pts',(0.649954249379,-0.0427246193488,3.70501583244));
#17655=CARTESIAN_POINT('Ctrl Pts',(0.894420799831,-0.552895897671,3.77062295634));
#17656=CARTESIAN_POINT('Ctrl Pts',(1.09464231069,-0.737048487491,3.8017240335));
#17657=CARTESIAN_POINT('Ctrl Pts',(1.34222940279,-0.83094927204,3.83426714389));
#17658=CARTESIAN_POINT('Ctrl Pts',(1.5906464573,-0.83365581437,3.86798584224));
#17659=CARTESIAN_POINT('Ctrl Pts',(1.60935354261,-0.96634418563,3.71951415776));
#17660=CARTESIAN_POINT('Ctrl Pts',(1.6425280991,-0.667053048893,3.456219144));
#17661=CARTESIAN_POINT('Ctrl Pts',(1.58852665024,-0.551321874741,3.88481001984));
#17662=CARTESIAN_POINT('Ctrl Pts',(1.55535209375,-0.850613011478,4.1481050336));
#17663=CARTESIAN_POINT('Ctrl Pts',(1.57617898611,-1.26563532237,3.98280917152));
#17664=CARTESIAN_POINT('Ctrl Pts',(1.60935354261,-0.96634418563,3.71951415776));
#17665=CARTESIAN_POINT('Ctrl Pts',(1.81420654572,-0.964409702863,3.74359625495));
#17666=CARTESIAN_POINT('Ctrl Pts',(1.78395754386,-0.658257487706,3.48010912977));
#17667=CARTESIAN_POINT('Ctrl Pts',(1.7054313636,-0.553694780276,3.90862571966));
#17668=CARTESIAN_POINT('Ctrl Pts',(1.73568036541,-0.859846995395,4.17211284489));
#17669=CARTESIAN_POINT('Ctrl Pts',(1.84445554756,-1.27056191805,4.00708338013));
#17670=CARTESIAN_POINT('Ctrl Pts',(1.81420654572,-0.964409702863,3.74359625495));
#17671=CARTESIAN_POINT('Ctrl Pts',(2.0184847371,-0.908868932535,3.76827364252));
#17672=CARTESIAN_POINT('Ctrl Pts',(1.92337788504,-0.615055985719,3.50190924381));
#17673=CARTESIAN_POINT('Ctrl Pts',(1.823343321,-0.524251614799,3.92931297529));
#17674=CARTESIAN_POINT('Ctrl Pts',(1.91845017269,-0.818064561622,4.19567737354));
#17675=CARTESIAN_POINT('Ctrl Pts',(2.11359158779,-1.20268187838,4.03463803902));
#17676=CARTESIAN_POINT('Ctrl Pts',(2.0184847371,-0.908868932535,3.76827364252));
#17677=CARTESIAN_POINT('Ctrl Pts',(2.20396398824,-0.800028831438,3.79353462535));
#17678=CARTESIAN_POINT('Ctrl Pts',(2.05107219168,-0.538051948961,3.52168491077));
#17679=CARTESIAN_POINT('Ctrl Pts',(1.93039924828,-0.462349416892,3.94697437673));
#17680=CARTESIAN_POINT('Ctrl Pts',(2.08329104488,-0.724326299379,4.21882409131));
#17681=CARTESIAN_POINT('Ctrl Pts',(2.35685578484,-1.06200571392,4.06538433993));
#17682=CARTESIAN_POINT('Ctrl Pts',(2.20396398824,-0.800028831438,3.79353462535));
#17683=CARTESIAN_POINT('Ctrl Pts',(2.49811267011,-0.496348612972,3.84487899354));
#17684=CARTESIAN_POINT('Ctrl Pts',(2.25988974196,-0.323752830867,3.5584190072));
#17685=CARTESIAN_POINT('Ctrl Pts',(2.09802704867,-0.288886666565,3.97695986489));
#17686=CARTESIAN_POINT('Ctrl Pts',(2.33624997678,-0.46148244866,4.26341985123));
#17687=CARTESIAN_POINT('Ctrl Pts',(2.73633559822,-0.668944395078,4.13133897989));
#17688=CARTESIAN_POINT('Ctrl Pts',(2.49811267011,-0.496348612972,3.84487899354));
#17689=CARTESIAN_POINT('Ctrl Pts',(2.60574224573,-0.0860695909967,3.89777434204));
#17690=CARTESIAN_POINT('Ctrl Pts',(2.34449418362,-0.0254191922921,3.59324737729));
#17691=CARTESIAN_POINT('Ctrl Pts',(2.15717566741,-0.056492331576,4.00056405944));
#17692=CARTESIAN_POINT('Ctrl Pts',(2.41842372956,-0.11714273029,4.30509102419));
#17693=CARTESIAN_POINT('Ctrl Pts',(2.86699030789,-0.146719989701,4.2023013068));
#17694=CARTESIAN_POINT('Ctrl Pts',(2.60574224573,-0.0860695909967,3.89777434204));
#17695=CARTESIAN_POINT('Ctrl Pts',(2.60420375888,0.128029942344,3.92423259957));
#17696=CARTESIAN_POINT('Ctrl Pts',(2.34797275796,0.13463382246,3.61082226311));
#17697=CARTESIAN_POINT('Ctrl Pts',(2.15535045524,0.0635748539094,4.01158426969));
#17698=CARTESIAN_POINT('Ctrl Pts',(2.41158145616,0.0569709737627,4.32499460623));
#17699=CARTESIAN_POINT('Ctrl Pts',(2.86043475984,0.121426062258,4.23764293612));
#17700=CARTESIAN_POINT('Ctrl Pts',(2.60420375888,0.128029942344,3.92423259957));
#17701=CARTESIAN_POINT('Ctrl Pts',(2.48814763353,0.533499373125,3.97684155209));
#17702=CARTESIAN_POINT('Ctrl Pts',(2.26529543867,0.446527051138,3.64773425385));
#17703=CARTESIAN_POINT('Ctrl Pts',(2.08973508591,0.289680880865,4.03482680858));
#17704=CARTESIAN_POINT('Ctrl Pts',(2.31258728077,0.376653202882,4.36393410674));
#17705=CARTESIAN_POINT('Ctrl Pts',(2.71099982836,0.620471695082,4.30594885025));
#17706=CARTESIAN_POINT('Ctrl Pts',(2.48814763353,0.533499373125,3.97684155209));
#17707=CARTESIAN_POINT('Ctrl Pts',(2.18749739301,0.831113404582,4.02823910257));
#17708=CARTESIAN_POINT('Ctrl Pts',(2.02899239727,0.681153400271,3.68877016517));
#17709=CARTESIAN_POINT('Ctrl Pts',(1.92318303901,0.454442223624,4.06437121491));
#17710=CARTESIAN_POINT('Ctrl Pts',(2.08168803475,0.604402227906,4.40384015239));
#17711=CARTESIAN_POINT('Ctrl Pts',(2.34600238879,0.981073408923,4.36770804005));
#17712=CARTESIAN_POINT('Ctrl Pts',(2.18749739301,0.831113404582,4.02823910257));
#17713=CARTESIAN_POINT('Ctrl Pts',(2.00201485719,0.936265200426,4.05318022135));
#17714=CARTESIAN_POINT('Ctrl Pts',(1.8792059363,0.763446534089,3.71023621408));
#17715=CARTESIAN_POINT('Ctrl Pts',(1.82081395954,0.512527019329,4.08147022068));
#17716=CARTESIAN_POINT('Ctrl Pts',(1.94362287927,0.685345685796,4.42441422599));
#17717=CARTESIAN_POINT('Ctrl Pts',(2.12482377769,1.10908386666,4.39612423269));
#17718=CARTESIAN_POINT('Ctrl Pts',(2.00201485719,0.936265200426,4.05318022135));
#17719=CARTESIAN_POINT('Ctrl Pts',(1.79780717664,0.98815396558,4.07742540303));
#17720=CARTESIAN_POINT('Ctrl Pts',(1.71347313247,0.799043460235,3.73264748809));
#17721=CARTESIAN_POINT('Ctrl Pts',(1.70854294713,0.540982846841,4.10157627926));
#17722=CARTESIAN_POINT('Ctrl Pts',(1.79287699131,0.730093352231,4.44635419424));
#17723=CARTESIAN_POINT('Ctrl Pts',(1.88214122083,1.17726447099,4.42220331798));
#17724=CARTESIAN_POINT('Ctrl Pts',(1.79780717664,0.98815396558,4.07742540303));
#17725=CARTESIAN_POINT('Ctrl Pts',(1.59381722608,0.986912916093,4.10092945565));
#17726=CARTESIAN_POINT('Ctrl Pts',(1.55035754054,0.789078843552,3.75600491974));
#17727=CARTESIAN_POINT('Ctrl Pts',(1.596818479,0.540344215449,4.12474936509));
#17728=CARTESIAN_POINT('Ctrl Pts',(1.64027816453,0.73817828799,4.46967390101));
#17729=CARTESIAN_POINT('Ctrl Pts',(1.63727691162,1.18474698863,4.44585399156));
#17730=CARTESIAN_POINT('Ctrl Pts',(1.59381722608,0.986912916093,4.10092945565));
#17731=CARTESIAN_POINT('',(1.59381722608,0.986912916093,4.10092945565));
#17732=CARTESIAN_POINT('',(1.60618277392,0.813087083907,4.19907054435));
#17733=CARTESIAN_POINT('Origin',(1.600000000001,0.9,4.15));
#17734=CARTESIAN_POINT('Ctrl Pts',(1.60935354261,-0.96634418563,3.71951415776));
#17735=CARTESIAN_POINT('Ctrl Pts',(1.81420654572,-0.964409702863,3.74359625495));
#17736=CARTESIAN_POINT('Ctrl Pts',(2.0184847371,-0.908868932535,3.76827364252));
#17737=CARTESIAN_POINT('Ctrl Pts',(2.20396398824,-0.800028831438,3.79353462535));
#17738=CARTESIAN_POINT('Ctrl Pts',(2.49811267011,-0.496348612972,3.84487899354));
#17739=CARTESIAN_POINT('Ctrl Pts',(2.60574224573,-0.0860695909967,3.89777434204));
#17740=CARTESIAN_POINT('Ctrl Pts',(2.60420375888,0.128029942344,3.92423259957));
#17741=CARTESIAN_POINT('Ctrl Pts',(2.48814763353,0.533499373125,3.97684155209));
#17742=CARTESIAN_POINT('Ctrl Pts',(2.18749739301,0.831113404582,4.02823910257));
#17743=CARTESIAN_POINT('Ctrl Pts',(2.00201485719,0.936265200426,4.05318022135));
#17744=CARTESIAN_POINT('Ctrl Pts',(1.79780717664,0.98815396558,4.07742540303));
#17745=CARTESIAN_POINT('Ctrl Pts',(1.59381722608,0.986912916093,4.10092945565));
#17746=CARTESIAN_POINT('Ctrl Pts',(1.5906464573,-0.83365581437,3.86798584224));
#17747=CARTESIAN_POINT('Ctrl Pts',(1.76738120511,-0.835590295353,3.89198276861));
#17748=CARTESIAN_POINT('Ctrl Pts',(1.9446907418,-0.790013510252,3.91538440819));
#17749=CARTESIAN_POINT('Ctrl Pts',(2.10540456741,-0.696683344787,3.93821692969));
#17750=CARTESIAN_POINT('Ctrl Pts',(2.35762559141,-0.435766585292,3.9825344258));
#17751=CARTESIAN_POINT('Ctrl Pts',(2.44677097211,-0.086443560965,4.02530094193));
#17752=CARTESIAN_POINT('Ctrl Pts',(2.4438348573,0.0941514280938,4.04626101878));
#17753=CARTESIAN_POINT('Ctrl Pts',(2.34465440843,0.433333207495,4.08811100487));
#17754=CARTESIAN_POINT('Ctrl Pts',(2.09496646495,0.680267815177,4.13117239312));
#17755=CARTESIAN_POINT('Ctrl Pts',(1.94211663825,0.767600776481,4.15306122285));
#17756=CARTESIAN_POINT('Ctrl Pts',(1.77425857293,0.811846032566,4.17569531989));
#17757=CARTESIAN_POINT('Ctrl Pts',(1.60618277392,0.813087083907,4.19907054435));
#17758=CARTESIAN_POINT('Ctrl Pts',(1.59381722608,0.986912916093,4.10092945565));
#17759=CARTESIAN_POINT('Ctrl Pts',(1.55035754054,0.789078843552,3.75600491974));
#17760=CARTESIAN_POINT('Ctrl Pts',(1.596818479,0.540344215449,4.12474936509));
#17761=CARTESIAN_POINT('Ctrl Pts',(1.64027816453,0.73817828799,4.46967390101));
#17762=CARTESIAN_POINT('Ctrl Pts',(1.63727691162,1.18474698863,4.44585399156));
#17763=CARTESIAN_POINT('Ctrl Pts',(1.59381722608,0.986912916093,4.10092945565));
#17764=CARTESIAN_POINT('Ctrl Pts',(1.38832269304,0.985656924047,4.12459663384));
#17765=CARTESIAN_POINT('Ctrl Pts',(1.38604169672,0.778994322796,3.77954736667));
#17766=CARTESIAN_POINT('Ctrl Pts',(1.48427591438,0.539697923749,4.14813498966));
#17767=CARTESIAN_POINT('Ctrl Pts',(1.48655691069,0.746360524983,4.49318425677));
#17768=CARTESIAN_POINT('Ctrl Pts',(1.39060368934,1.19231952527,4.469645901));
#17769=CARTESIAN_POINT('Ctrl Pts',(1.38832269304,0.985656924047,4.12459663384));
#17770=CARTESIAN_POINT('Ctrl Pts',(1.18324170326,0.931347414043,4.14901616718));
#17771=CARTESIAN_POINT('Ctrl Pts',(1.22416404821,0.729603627265,3.80212984673));
#17772=CARTESIAN_POINT('Ctrl Pts',(1.37150509435,0.509973467787,4.16840737845));
#17773=CARTESIAN_POINT('Ctrl Pts',(1.33058274847,0.711717254289,4.51529369878));
#17774=CARTESIAN_POINT('Ctrl Pts',(1.14231935532,1.13309119973,4.49590248965));
#17775=CARTESIAN_POINT('Ctrl Pts',(1.18324170326,0.931347414043,4.14901616718));
#17776=CARTESIAN_POINT('Ctrl Pts',(0.996663493387,0.8243082358,4.17415015898));
#17777=CARTESIAN_POINT('Ctrl Pts',(1.07579407512,0.641812602894,3.82376365825));
#17778=CARTESIAN_POINT('Ctrl Pts',(1.2685206577,0.450868420728,4.18564841955));
#17779=CARTESIAN_POINT('Ctrl Pts',(1.18939007592,0.633364053629,4.53603492032));
#17780=CARTESIAN_POINT('Ctrl Pts',(0.917532911613,1.00680386866,4.52453665983));
#17781=CARTESIAN_POINT('Ctrl Pts',(0.996663493387,0.8243082358,4.17415015898));
#17782=CARTESIAN_POINT('Ctrl Pts',(0.695320820349,0.522111511558,4.22594859622));
#17783=CARTESIAN_POINT('Ctrl Pts',(0.828958655221,0.395256723209,3.86645358115));
#17784=CARTESIAN_POINT('Ctrl Pts',(1.10162646952,0.283614096748,4.21532904379));
#17785=CARTESIAN_POINT('Ctrl Pts',(0.967988634698,0.410468885102,4.57482405882));
#17786=CARTESIAN_POINT('Ctrl Pts',(0.561682985518,0.648966299951,4.58544361117));
#17787=CARTESIAN_POINT('Ctrl Pts',(0.695320820349,0.522111511558,4.22594859622));
#17788=CARTESIAN_POINT('Ctrl Pts',(0.579388383657,0.110298449234,4.27951026494));
#17789=CARTESIAN_POINT('Ctrl Pts',(0.724385183586,0.0498103963925,3.90950538447));
#17790=CARTESIAN_POINT('Ctrl Pts',(1.03619156664,0.054113823359,4.23901929794));
#17791=CARTESIAN_POINT('Ctrl Pts',(0.89119476666,0.114601876196,4.60902417845));
#17792=CARTESIAN_POINT('Ctrl Pts',(0.434391583688,0.170786502031,4.64951514553));
#17793=CARTESIAN_POINT('Ctrl Pts',(0.579388383657,0.110298449234,4.27951026494));
#17794=CARTESIAN_POINT('Ctrl Pts',(0.57741378233,-0.107263750766,4.30653678892));
#17795=CARTESIAN_POINT('Ctrl Pts',(0.717306638664,-0.137793649558,3.93161839011));
#17796=CARTESIAN_POINT('Ctrl Pts',(1.03418206368,-0.0677455866572,4.25033205337));
#17797=CARTESIAN_POINT('Ctrl Pts',(0.894289207365,-0.0372156878353,4.62525045218));
#17798=CARTESIAN_POINT('Ctrl Pts',(0.437520925985,-0.0767338519647,4.68145518789));
#17799=CARTESIAN_POINT('Ctrl Pts',(0.57741378233,-0.107263750766,4.30653678892));
#17800=CARTESIAN_POINT('Ctrl Pts',(0.688795591056,-0.524429699651,4.36064396974));
#17801=CARTESIAN_POINT('Ctrl Pts',(0.808378799125,-0.507806734599,3.97759986316));
#17802=CARTESIAN_POINT('Ctrl Pts',(1.09544249301,-0.303616338716,4.27460613565));
#17803=CARTESIAN_POINT('Ctrl Pts',(0.975859284924,-0.320239303799,4.65765024223));
#17804=CARTESIAN_POINT('Ctrl Pts',(0.569212382996,-0.541052664714,4.74368807615));
#17805=CARTESIAN_POINT('Ctrl Pts',(0.688795591056,-0.524429699651,4.36064396974));
#17806=CARTESIAN_POINT('Ctrl Pts',(0.99193112719,-0.833395479464,4.41320603252));
#17807=CARTESIAN_POINT('Ctrl Pts',(1.08307071835,-0.789170657116,4.02558267004));
#17808=CARTESIAN_POINT('Ctrl Pts',(1.26777929405,-0.479595535965,4.30528879651));
#17809=CARTESIAN_POINT('Ctrl Pts',(1.1766397029,-0.523820358283,4.69291215899));
#17810=CARTESIAN_POINT('Ctrl Pts',(0.900791536015,-0.877620301803,4.80082939516));
#17811=CARTESIAN_POINT('Ctrl Pts',(0.99193112719,-0.833395479464,4.41320603252));
#17812=CARTESIAN_POINT('Ctrl Pts',(1.18213246047,-0.943728934947,4.43882316346));
#17813=CARTESIAN_POINT('Ctrl Pts',(1.26027267428,-0.889189846323,4.04983208307));
#17814=CARTESIAN_POINT('Ctrl Pts',(1.37715269525,-0.542168448481,4.32308356625));
#17815=CARTESIAN_POINT('Ctrl Pts',(1.29901248275,-0.596707536011,4.71207464356));
#17816=CARTESIAN_POINT('Ctrl Pts',(1.10399224798,-0.998268024244,4.82781424076));
#17817=CARTESIAN_POINT('Ctrl Pts',(1.18213246047,-0.943728934947,4.43882316346));
#17818=CARTESIAN_POINT('Ctrl Pts',(1.39224921966,-0.998693979809,4.4636346773));
#17819=CARTESIAN_POINT('Ctrl Pts',(1.4571976596,-0.933452684015,4.07392082914));
#17820=CARTESIAN_POINT('Ctrl Pts',(1.49796651674,-0.571297408968,4.3437633296));
#17821=CARTESIAN_POINT('Ctrl Pts',(1.43301807679,-0.636538704761,4.73347717776));
#17822=CARTESIAN_POINT('Ctrl Pts',(1.32730077972,-1.06393527557,4.85334852546));
#17823=CARTESIAN_POINT('Ctrl Pts',(1.39224921966,-0.998693979809,4.4636346773));
#17824=CARTESIAN_POINT('Ctrl Pts',(1.60235266259,-0.998213090961,4.48757772798));
#17825=CARTESIAN_POINT('Ctrl Pts',(1.65146285519,-0.92293347737,4.09780706623));
#17826=CARTESIAN_POINT('Ctrl Pts',(1.61749710833,-0.567720920322,4.36738148519));
#17827=CARTESIAN_POINT('Ctrl Pts',(1.56838691573,-0.643000533913,4.75715214694));
#17828=CARTESIAN_POINT('Ctrl Pts',(1.55324247,-1.07349270455,4.87734838973));
#17829=CARTESIAN_POINT('Ctrl Pts',(1.60235266259,-0.998213090961,4.48757772798));
#17830=CARTESIAN_POINT('',(1.60235266259,-0.998213090961,4.48757772798));
#17831=CARTESIAN_POINT('',(1.59764733731,-0.801786909039,4.52492227202));
#17832=CARTESIAN_POINT('Origin',(1.599999999951,-0.9,4.506250000001));
#17833=CARTESIAN_POINT('Ctrl Pts',(1.59381722608,0.986912916093,4.10092945565));
#17834=CARTESIAN_POINT('Ctrl Pts',(1.38832269304,0.985656924047,4.12459663384));
#17835=CARTESIAN_POINT('Ctrl Pts',(1.18324170326,0.931347414043,4.14901616718));
#17836=CARTESIAN_POINT('Ctrl Pts',(0.996663493387,0.8243082358,4.17415015898));
#17837=CARTESIAN_POINT('Ctrl Pts',(0.695320820349,0.522111511558,4.22594859622));
#17838=CARTESIAN_POINT('Ctrl Pts',(0.579388383657,0.110298449234,4.27951026494));
#17839=CARTESIAN_POINT('Ctrl Pts',(0.57741378233,-0.107263750766,4.30653678892));
#17840=CARTESIAN_POINT('Ctrl Pts',(0.688795591056,-0.524429699651,4.36064396974));
#17841=CARTESIAN_POINT('Ctrl Pts',(0.99193112719,-0.833395479464,4.41320603252));
#17842=CARTESIAN_POINT('Ctrl Pts',(1.18213246047,-0.943728934947,4.43882316346));
#17843=CARTESIAN_POINT('Ctrl Pts',(1.39224921966,-0.998693979809,4.4636346773));
#17844=CARTESIAN_POINT('Ctrl Pts',(1.60235266259,-0.998213090961,4.48757772798));
#17845=CARTESIAN_POINT('Ctrl Pts',(1.60618277392,0.813087083907,4.19907054435));
#17846=CARTESIAN_POINT('Ctrl Pts',(1.43686955279,0.814343074203,4.22262812853));
#17847=CARTESIAN_POINT('Ctrl Pts',(1.26714281196,0.771096387405,4.24543335315));
#17848=CARTESIAN_POINT('Ctrl Pts',(1.11280943009,0.683212236484,4.26749591447));
#17849=CARTESIAN_POINT('Ctrl Pts',(0.865064186234,0.434576501247,4.31051257374));
#17850=CARTESIAN_POINT('Ctrl Pts',(0.771540775148,0.0973281495003,4.35176600158));
#17851=CARTESIAN_POINT('Ctrl Pts',(0.770824708925,-0.0798721940051,4.37216402087));
#17852=CARTESIAN_POINT('Ctrl Pts',(0.862223240013,-0.418178760455,4.41338607932));
#17853=CARTESIAN_POINT('Ctrl Pts',(1.10707031283,-0.667551713293,4.45615325516));
#17854=CARTESIAN_POINT('Ctrl Pts',(1.2601075249,-0.756583463681,4.4782011338));
#17855=CARTESIAN_POINT('Ctrl Pts',(1.42887075821,-0.801306018333,4.50112746549));
#17856=CARTESIAN_POINT('Ctrl Pts',(1.59764733731,-0.801786909039,4.52492227202));
#17857=CARTESIAN_POINT('Ctrl Pts',(1.60235266259,-0.998213090961,4.48757772798));
#17858=CARTESIAN_POINT('Ctrl Pts',(1.65146285519,-0.92293347737,4.09780706623));
#17859=CARTESIAN_POINT('Ctrl Pts',(1.61749710833,-0.567720920322,4.36738148519));
#17860=CARTESIAN_POINT('Ctrl Pts',(1.56838691573,-0.643000533913,4.75715214694));
#17861=CARTESIAN_POINT('Ctrl Pts',(1.55324247,-1.07349270455,4.87734838973));
#17862=CARTESIAN_POINT('Ctrl Pts',(1.60235266259,-0.998213090961,4.48757772798));
#17863=CARTESIAN_POINT('Ctrl Pts',(1.80689976313,-0.997742746316,4.51087620422));
#17864=CARTESIAN_POINT('Ctrl Pts',(1.84058935616,-0.912645111917,4.12105883306));
#17865=CARTESIAN_POINT('Ctrl Pts',(1.73386096051,-0.564222940326,4.39041285234));
#17866=CARTESIAN_POINT('Ctrl Pts',(1.70017136749,-0.64932057468,4.78023022346));
#17867=CARTESIAN_POINT('Ctrl Pts',(1.7732101701,-1.08284038071,4.90069357531));
#17868=CARTESIAN_POINT('Ctrl Pts',(1.80689976313,-0.997742746316,4.51087620422));
#17869=CARTESIAN_POINT('Ctrl Pts',(2.01122564088,-0.945038340807,4.53499805858));
#17870=CARTESIAN_POINT('Ctrl Pts',(2.02712217133,-0.85739084523,4.14450305229));
#17871=CARTESIAN_POINT('Ctrl Pts',(1.84970220722,-0.532094428514,4.41065861212));
#17872=CARTESIAN_POINT('Ctrl Pts',(1.8338056757,-0.619741925267,4.80115361834));
#17873=CARTESIAN_POINT('Ctrl Pts',(1.9953291091,-1.03268583742,4.9254930678));
#17874=CARTESIAN_POINT('Ctrl Pts',(2.01122564088,-0.945038340807,4.53499805858));
#17875=CARTESIAN_POINT('Ctrl Pts',(2.19733753705,-0.840415998446,4.55987659963));
#17876=CARTESIAN_POINT('Ctrl Pts',(2.1980166239,-0.758285404808,4.1680900181));
#17877=CARTESIAN_POINT('Ctrl Pts',(1.9558862485,-0.47137672556,4.42816563889));
#17878=CARTESIAN_POINT('Ctrl Pts',(1.95520716165,-0.553507319208,4.81995222043));
#17879=CARTESIAN_POINT('Ctrl Pts',(2.1966584502,-0.922546592084,4.95166318125));
#17880=CARTESIAN_POINT('Ctrl Pts',(2.19733753705,-0.840415998446,4.55987659963));
#17881=CARTESIAN_POINT('Ctrl Pts',(2.50283854506,-0.541926596604,4.6116896798));
#17882=CARTESIAN_POINT('Ctrl Pts',(2.48593853581,-0.477501191133,4.21697658248));
#17883=CARTESIAN_POINT('Ctrl Pts',(2.13312713525,-0.298455268868,4.45938529982));
#17884=CARTESIAN_POINT('Ctrl Pts',(2.1500271445,-0.362880674329,4.85409839713));
#17885=CARTESIAN_POINT('Ctrl Pts',(2.5197385543,-0.606352002075,5.00640277704));
#17886=CARTESIAN_POINT('Ctrl Pts',(2.50283854506,-0.541926596604,4.6116896798));
#17887=CARTESIAN_POINT('Ctrl Pts',(2.62519566559,-0.132051376588,4.66530609738));
#17888=CARTESIAN_POINT('Ctrl Pts',(2.61141542982,-0.0827762020648,4.26852426312));
#17889=CARTESIAN_POINT('Ctrl Pts',(2.208570057,-0.0566075182886,4.48562383681));
#17890=CARTESIAN_POINT('Ctrl Pts',(2.22235029277,-0.105882692822,4.88240567108));
#17891=CARTESIAN_POINT('Ctrl Pts',(2.63897590136,-0.181326551112,5.06208793172));
#17892=CARTESIAN_POINT('Ctrl Pts',(2.62519566559,-0.132051376588,4.66530609738));
#17893=CARTESIAN_POINT('Ctrl Pts',(2.63015436136,0.0868041361418,4.69255217362));
#17894=CARTESIAN_POINT('Ctrl Pts',(2.62196744922,0.133378901308,4.29534776046));
#17895=CARTESIAN_POINT('Ctrl Pts',(2.21422195129,0.0748526304123,4.49852977299));
#17896=CARTESIAN_POINT('Ctrl Pts',(2.22240886339,0.028277865226,4.89573418622));
#17897=CARTESIAN_POINT('Ctrl Pts',(2.63834127351,0.0402293709454,5.08975658685));
#17898=CARTESIAN_POINT('Ctrl Pts',(2.63015436136,0.0868041361418,4.69255217362));
#17899=CARTESIAN_POINT('Ctrl Pts',(2.5240354132,0.510861206869,4.74743764276));
#17900=CARTESIAN_POINT('Ctrl Pts',(2.5226131736,0.563090993615,4.35077096114));
#17901=CARTESIAN_POINT('Ctrl Pts',(2.15335036476,0.335188269294,4.52633408992));
#17902=CARTESIAN_POINT('Ctrl Pts',(2.15477260439,0.282958482569,4.92300077146));
#17903=CARTESIAN_POINT('Ctrl Pts',(2.5254576528,0.458631420154,5.1441043243));
#17904=CARTESIAN_POINT('Ctrl Pts',(2.5240354132,0.510861206869,4.74743764276));
#17905=CARTESIAN_POINT('Ctrl Pts',(2.22150089668,0.827333034246,4.80060070094));
#17906=CARTESIAN_POINT('Ctrl Pts',(2.20996690732,0.892133237114,4.40592356494));
#17907=CARTESIAN_POINT('Ctrl Pts',(1.96477650108,0.53353711558,4.56003154514));
#17908=CARTESIAN_POINT('Ctrl Pts',(1.97631049039,0.468736912691,4.95470868122));
#17909=CARTESIAN_POINT('Ctrl Pts',(2.23303488604,0.762532831347,5.19527783702));
#17910=CARTESIAN_POINT('Ctrl Pts',(2.22150089668,0.827333034246,4.80060070094));
#17911=CARTESIAN_POINT('Ctrl Pts',(2.02882372368,0.941335455424,4.82665742147));
#17912=CARTESIAN_POINT('Ctrl Pts',(2.00554871554,1.0104044331,4.43301712127));
#17913=CARTESIAN_POINT('Ctrl Pts',(1.8417277205,0.604703708367,4.57919237032));
#17914=CARTESIAN_POINT('Ctrl Pts',(1.86500272869,0.535634730332,4.97283267386));
#17915=CARTESIAN_POINT('Ctrl Pts',(2.05209873124,0.872266477203,5.22029772408));
#17916=CARTESIAN_POINT('Ctrl Pts',(2.02882372368,0.941335455424,4.82665742147));
#17917=CARTESIAN_POINT('Ctrl Pts',(1.81537954097,0.998680685884,4.85188939944));
#17918=CARTESIAN_POINT('Ctrl Pts',(1.77767821925,1.06426870235,4.45879607523));
#17919=CARTESIAN_POINT('Ctrl Pts',(1.70492889956,0.63675194694,4.60077753294));
#17920=CARTESIAN_POINT('Ctrl Pts',(1.74263022129,0.571163930488,4.99387085715));
#17921=CARTESIAN_POINT('Ctrl Pts',(1.85308086267,0.933092669423,5.24498272369));
#17922=CARTESIAN_POINT('Ctrl Pts',(1.81537954097,0.998680685884,4.85188939944));
#17923=CARTESIAN_POINT('Ctrl Pts',(1.60172834098,0.999039638493,4.87621724625));
#17924=CARTESIAN_POINT('Ctrl Pts',(1.55220484392,1.05434244236,4.48316632954));
#17925=CARTESIAN_POINT('Ctrl Pts',(1.57005322854,0.630532486452,4.6248228029));
#17926=CARTESIAN_POINT('Ctrl Pts',(1.6195767256,0.57522968259,5.01787371961));
#17927=CARTESIAN_POINT('Ctrl Pts',(1.65125183803,0.943736834631,5.26926816296));
#17928=CARTESIAN_POINT('Ctrl Pts',(1.60172834098,0.999039638493,4.87621724625));
#17929=CARTESIAN_POINT('',(1.60172834098,0.999039638493,4.87621724625));
#17930=CARTESIAN_POINT('',(1.59827165902,0.800960361507,4.84878275375));
#17931=CARTESIAN_POINT('Origin',(1.600000000002,0.9,4.8625));
#17932=CARTESIAN_POINT('Ctrl Pts',(1.60235266259,-0.998213090961,4.48757772798));
#17933=CARTESIAN_POINT('Ctrl Pts',(1.80689976313,-0.997742746316,4.51087620422));
#17934=CARTESIAN_POINT('Ctrl Pts',(2.01122564088,-0.945038340807,4.53499805858));
#17935=CARTESIAN_POINT('Ctrl Pts',(2.19733753705,-0.840415998446,4.55987659963));
#17936=CARTESIAN_POINT('Ctrl Pts',(2.50283854506,-0.541926596604,4.6116896798));
#17937=CARTESIAN_POINT('Ctrl Pts',(2.62519566559,-0.132051376588,4.66530609738));
#17938=CARTESIAN_POINT('Ctrl Pts',(2.63015436136,0.0868041361418,4.69255217362));
#17939=CARTESIAN_POINT('Ctrl Pts',(2.5240354132,0.510861206869,4.74743764276));
#17940=CARTESIAN_POINT('Ctrl Pts',(2.22150089668,0.827333034246,4.80060070094));
#17941=CARTESIAN_POINT('Ctrl Pts',(2.02882372368,0.941335455424,4.82665742147));
#17942=CARTESIAN_POINT('Ctrl Pts',(1.81537954097,0.998680685884,4.85188939944));
#17943=CARTESIAN_POINT('Ctrl Pts',(1.60172834098,0.999039638493,4.87621724625));
#17944=CARTESIAN_POINT('Ctrl Pts',(1.59764733731,-0.801786909039,4.52492227202));
#17945=CARTESIAN_POINT('Ctrl Pts',(1.76195796356,-0.802257251909,4.54809887105));
#17946=CARTESIAN_POINT('Ctrl Pts',(1.926489791,-0.760478258978,4.57045208727));
#17947=CARTESIAN_POINT('Ctrl Pts',(2.07644212106,-0.676429010415,4.59196776466));
#17948=CARTESIAN_POINT('Ctrl Pts',(2.32220784247,-0.436297284101,4.63421576413));
#17949=CARTESIAN_POINT('Ctrl Pts',(2.42032792024,-0.106648241072,4.67466042567));
#17950=CARTESIAN_POINT('Ctrl Pts',(2.42423488435,0.0691846919767,4.69484207662));
#17951=CARTESIAN_POINT('Ctrl Pts',(2.33904844889,0.409967291404,4.73605253672));
#17952=CARTESIAN_POINT('Ctrl Pts',(2.09602219621,0.664235024187,4.77898540707));
#17953=CARTESIAN_POINT('Ctrl Pts',(1.94109447406,0.755752337319,4.80133497208));
#17954=CARTESIAN_POINT('Ctrl Pts',(1.7695795507,0.8013193123,4.82460679725));
#17955=CARTESIAN_POINT('Ctrl Pts',(1.59827165902,0.800960361507,4.84878275375));
#17956=CARTESIAN_POINT('Ctrl Pts',(1.60172834098,0.999039638493,4.87621724625));
#17957=CARTESIAN_POINT('Ctrl Pts',(1.55220484392,1.05434244236,4.48316632954));
#17958=CARTESIAN_POINT('Ctrl Pts',(1.57005322854,0.630532486452,4.6248228029));
#17959=CARTESIAN_POINT('Ctrl Pts',(1.6195767256,0.57522968259,5.01787371961));
#17960=CARTESIAN_POINT('Ctrl Pts',(1.65125183803,0.943736834631,5.26926816296));
#17961=CARTESIAN_POINT('Ctrl Pts',(1.60172834098,0.999039638493,4.87621724625));
#17962=CARTESIAN_POINT('Ctrl Pts',(1.39338145808,0.999391288438,4.89992942169));
#17963=CARTESIAN_POINT('Ctrl Pts',(1.33232879961,1.04461786054,4.50691342704));
#17964=CARTESIAN_POINT('Ctrl Pts',(1.43853112668,0.624439417182,4.64830227437));
#17965=CARTESIAN_POINT('Ctrl Pts',(1.49958378518,0.579212845063,5.04131826899));
#17966=CARTESIAN_POINT('Ctrl Pts',(1.45443411657,0.954164716347,5.29294541639));
#17967=CARTESIAN_POINT('Ctrl Pts',(1.39338145808,0.999391288438,4.89992942169));
#17968=CARTESIAN_POINT('Ctrl Pts',(1.18505358129,0.945309167969,4.92450160441));
#17969=CARTESIAN_POINT('Ctrl Pts',(1.11509336821,0.980922395012,4.5320009385));
#17970=CARTESIAN_POINT('Ctrl Pts',(1.30826289751,0.586150571824,4.66944193491));
#17971=CARTESIAN_POINT('Ctrl Pts',(1.37822311215,0.550537346204,5.06194259345));
#17972=CARTESIAN_POINT('Ctrl Pts',(1.25501379436,0.90969594302,5.31700226309));
#17973=CARTESIAN_POINT('Ctrl Pts',(1.18505358129,0.945309167969,4.92450160441));
#17974=CARTESIAN_POINT('Ctrl Pts',(0.99601742334,0.836856204707,4.94988225849));
#17975=CARTESIAN_POINT('Ctrl Pts',(0.916976658473,0.864338543786,4.55836086063));
#17976=CARTESIAN_POINT('Ctrl Pts',(1.18908184915,0.515913701087,4.68828046385));
#17977=CARTESIAN_POINT('Ctrl Pts',(1.26812261403,0.488431362039,5.07980186179));
#17978=CARTESIAN_POINT('Ctrl Pts',(1.07505818823,0.809373865658,5.34140365651));
#17979=CARTESIAN_POINT('Ctrl Pts',(0.99601742334,0.836856204707,4.94988225849));
#17980=CARTESIAN_POINT('Ctrl Pts',(0.691871299136,0.531367458007,5.00220313872));
#17981=CARTESIAN_POINT('Ctrl Pts',(0.590619172529,0.537560015878,4.61418410147));
#17982=CARTESIAN_POINT('Ctrl Pts',(0.992039541031,0.318744538829,4.7228560955));
#17983=CARTESIAN_POINT('Ctrl Pts',(1.09329166763,0.312551980928,5.11087513267));
#17984=CARTESIAN_POINT('Ctrl Pts',(0.793123425722,0.525174900105,5.39022217581));
#17985=CARTESIAN_POINT('Ctrl Pts',(0.691871299136,0.531367458007,5.00220313872));
#17986=CARTESIAN_POINT('Ctrl Pts',(0.576790668461,0.116626274357,5.0561375802));
#17987=CARTESIAN_POINT('Ctrl Pts',(0.45719252016,0.0843754433377,4.67481802864));
#17988=CARTESIAN_POINT('Ctrl Pts',(0.910122064989,0.0436416537577,4.75418960546));
#17989=CARTESIAN_POINT('Ctrl Pts',(1.0297202133,0.0758924848073,5.1355091571));
#17990=CARTESIAN_POINT('Ctrl Pts',(0.696388816782,0.148877105407,5.43745713192));
#17991=CARTESIAN_POINT('Ctrl Pts',(0.576790668461,0.116626274357,5.0561375802));
#17992=CARTESIAN_POINT('Ctrl Pts',(0.576577964284,-0.101324259277,5.0832261664));
#17993=CARTESIAN_POINT('Ctrl Pts',(0.451499835563,-0.15915438141,4.70610963375));
#17994=CARTESIAN_POINT('Ctrl Pts',(0.905726579329,-0.104876136979,4.76987948385));
#17995=CARTESIAN_POINT('Ctrl Pts',(1.03080470806,-0.0470460147758,5.14699601642));
#17996=CARTESIAN_POINT('Ctrl Pts',(0.701656093005,-0.0434941370745,5.46034269897));
#17997=CARTESIAN_POINT('Ctrl Pts',(0.576577964284,-0.101324259277,5.0832261664));
#17998=CARTESIAN_POINT('Ctrl Pts',(0.689247523869,-0.516960845662,5.1371888979));
#17999=CARTESIAN_POINT('Ctrl Pts',(0.572524388296,-0.633573448994,4.76934418536));
#18000=CARTESIAN_POINT('Ctrl Pts',(0.978427165584,-0.396365529629,4.80313440564));
#18001=CARTESIAN_POINT('Ctrl Pts',(1.09515030115,-0.279752926367,5.17097911826));
#18002=CARTESIAN_POINT('Ctrl Pts',(0.805970659441,-0.400348242401,5.50503361051));
#18003=CARTESIAN_POINT('Ctrl Pts',(0.689247523869,-0.516960845662,5.1371888979));
#18004=CARTESIAN_POINT('Ctrl Pts',(0.990635386987,-0.823588769387,5.18938924187));
#18005=CARTESIAN_POINT('Ctrl Pts',(0.92249018164,-0.990983687665,4.82985801109));
#18006=CARTESIAN_POINT('Ctrl Pts',(1.19439372677,-0.617238646832,4.84119732146));
#18007=CARTESIAN_POINT('Ctrl Pts',(1.26253893212,-0.449843728483,5.20072855216));
#18008=CARTESIAN_POINT('Ctrl Pts',(1.05878059233,-0.656193851039,5.54892047258));
#18009=CARTESIAN_POINT('Ctrl Pts',(0.990635386987,-0.823588769387,5.18938924187));
#18010=CARTESIAN_POINT('Ctrl Pts',(1.17900075774,-0.932805136721,5.21481374414));
#18011=CARTESIAN_POINT('Ctrl Pts',(1.14592286786,-1.11791848231,4.85854095854));
#18012=CARTESIAN_POINT('Ctrl Pts',(1.33345787529,-0.695428340983,4.86178836225));
#18013=CARTESIAN_POINT('Ctrl Pts',(1.36653576491,-0.510314994377,5.21806114777));
#18014=CARTESIAN_POINT('Ctrl Pts',(1.21207864766,-0.74769179108,5.57108652246));
#18015=CARTESIAN_POINT('Ctrl Pts',(1.17900075774,-0.932805136721,5.21481374414));
#18016=CARTESIAN_POINT('Ctrl Pts',(1.38649200868,-0.988156542831,5.23949739324));
#18017=CARTESIAN_POINT('Ctrl Pts',(1.39334209045,-1.17725675365,4.88494629249));
#18018=CARTESIAN_POINT('Ctrl Pts',(1.48744857334,-0.730080473291,4.88391526201));
#18019=CARTESIAN_POINT('Ctrl Pts',(1.48059849154,-0.540980262444,5.23846636273));
#18020=CARTESIAN_POINT('Ctrl Pts',(1.37964192686,-0.799056332002,5.59404849407));
#18021=CARTESIAN_POINT('Ctrl Pts',(1.38649200868,-0.988156542831,5.23949739324));
#18022=CARTESIAN_POINT('Ctrl Pts',(1.59437496887,-0.989304414118,5.26339393178));
#18023=CARTESIAN_POINT('Ctrl Pts',(1.63903049222,-1.16929204121,4.9089784435));
#18024=CARTESIAN_POINT('Ctrl Pts',(1.63920285488,-0.722080571191,4.90761046054));
#18025=CARTESIAN_POINT('Ctrl Pts',(1.59454733154,-0.542092944102,5.26202594881));
#18026=CARTESIAN_POINT('Ctrl Pts',(1.54971944552,-0.809316787029,5.61780942005));
#18027=CARTESIAN_POINT('Ctrl Pts',(1.59437496887,-0.989304414118,5.26339393178));
#18028=CARTESIAN_POINT('',(1.59437496887,-0.989304414118,5.26339393178));
#18029=CARTESIAN_POINT('',(1.60562503104,-0.810695585882,5.17410606822));
#18030=CARTESIAN_POINT('Origin',(1.599999999955,-0.9,5.218750000003));
#18031=CARTESIAN_POINT('Ctrl Pts',(1.60172834098,0.999039638493,4.87621724625));
#18032=CARTESIAN_POINT('Ctrl Pts',(1.39338145808,0.999391288438,4.89992942169));
#18033=CARTESIAN_POINT('Ctrl Pts',(1.18505358129,0.945309167969,4.92450160441));
#18034=CARTESIAN_POINT('Ctrl Pts',(0.99601742334,0.836856204707,4.94988225849));
#18035=CARTESIAN_POINT('Ctrl Pts',(0.691871299136,0.531367458007,5.00220313872));
#18036=CARTESIAN_POINT('Ctrl Pts',(0.576790668461,0.116626274357,5.0561375802));
#18037=CARTESIAN_POINT('Ctrl Pts',(0.576577964284,-0.101324259277,5.0832261664));
#18038=CARTESIAN_POINT('Ctrl Pts',(0.689247523869,-0.516960845662,5.1371888979));
#18039=CARTESIAN_POINT('Ctrl Pts',(0.990635386987,-0.823588769387,5.18938924187));
#18040=CARTESIAN_POINT('Ctrl Pts',(1.17900075774,-0.932805136721,5.21481374414));
#18041=CARTESIAN_POINT('Ctrl Pts',(1.38649200868,-0.988156542831,5.23949739324));
#18042=CARTESIAN_POINT('Ctrl Pts',(1.59437496887,-0.989304414118,5.26339393178));
#18043=CARTESIAN_POINT('Ctrl Pts',(1.59827165902,0.800960361507,4.84878275375));
#18044=CARTESIAN_POINT('Ctrl Pts',(1.43121945701,0.800608709782,4.87236984669));
#18045=CARTESIAN_POINT('Ctrl Pts',(1.26414829306,0.756826563753,4.89509693339));
#18046=CARTESIAN_POINT('Ctrl Pts',(1.11230982747,0.669514368139,4.91696171068));
#18047=CARTESIAN_POINT('Ctrl Pts',(0.86726845173,0.423507858939,4.95953437638));
#18048=CARTESIAN_POINT('Ctrl Pts',(0.773355903805,0.0881966718236,5.00049348076));
#18049=CARTESIAN_POINT('Ctrl Pts',(0.772421803989,-0.0886426675685,5.02083195826));
#18050=CARTESIAN_POINT('Ctrl Pts',(0.863018128617,-0.427510036839,5.06212282993));
#18051=CARTESIAN_POINT('Ctrl Pts',(1.10955085822,-0.678564978514,5.10517608933));
#18052=CARTESIAN_POINT('Ctrl Pts',(1.26449878892,-0.767838402195,5.12736924866));
#18053=CARTESIAN_POINT('Ctrl Pts',(1.43525777055,-0.811843455347,5.15034410281));
#18054=CARTESIAN_POINT('Ctrl Pts',(1.60562503104,-0.810695585882,5.17410606822));
#18055=CARTESIAN_POINT('Ctrl Pts',(1.59437496887,-0.989304414118,5.26339393178));
#18056=CARTESIAN_POINT('Ctrl Pts',(1.63903049222,-1.16929204121,4.9089784435));
#18057=CARTESIAN_POINT('Ctrl Pts',(1.63920285488,-0.722080571191,4.90761046054));
#18058=CARTESIAN_POINT('Ctrl Pts',(1.59454733154,-0.542092944102,5.26202594881));
#18059=CARTESIAN_POINT('Ctrl Pts',(1.54971944552,-0.809316787029,5.61780942005));
#18060=CARTESIAN_POINT('Ctrl Pts',(1.59437496887,-0.989304414118,5.26339393178));
#18061=CARTESIAN_POINT('Ctrl Pts',(1.80082518018,-0.990449636176,5.28711522716));
#18062=CARTESIAN_POINT('Ctrl Pts',(1.88302777102,-1.1613456309,4.93281346982));
#18063=CARTESIAN_POINT('Ctrl Pts',(1.78990746191,-0.714099085304,4.9311629012));
#18064=CARTESIAN_POINT('Ctrl Pts',(1.70770487109,-0.543203090606,5.28546465858));
#18065=CARTESIAN_POINT('Ctrl Pts',(1.71862258937,-0.819553641459,5.64141698454));
#18066=CARTESIAN_POINT('Ctrl Pts',(1.80082518018,-0.990449636176,5.28711522716));
#18067=CARTESIAN_POINT('Ctrl Pts',(2.00746883258,-0.937347350813,5.31161297661));
#18068=CARTESIAN_POINT('Ctrl Pts',(2.12470898032,-1.09249131645,4.9589900597));
#18069=CARTESIAN_POINT('Ctrl Pts',(1.93877701317,-0.669549201416,4.95316853838));
#18070=CARTESIAN_POINT('Ctrl Pts',(1.821536865,-0.514405236605,5.30579145538));
#18071=CARTESIAN_POINT('Ctrl Pts',(1.89022868319,-0.782203385984,5.66423589377));
#18072=CARTESIAN_POINT('Ctrl Pts',(2.00746883258,-0.937347350813,5.31161297661));
#18073=CARTESIAN_POINT('Ctrl Pts',(2.19482211605,-0.829873481513,5.33684221807));
#18074=CARTESIAN_POINT('Ctrl Pts',(2.34464227975,-0.963658632333,4.98741944151));
#18075=CARTESIAN_POINT('Ctrl Pts',(2.07490758035,-0.588889948724,4.97364316489));
#18076=CARTESIAN_POINT('Ctrl Pts',(1.9250874166,-0.455104797909,5.32306594137));
#18077=CARTESIAN_POINT('Ctrl Pts',(2.04500195234,-0.696088330703,5.68626499462));
#18078=CARTESIAN_POINT('Ctrl Pts',(2.19482211605,-0.829873481513,5.33684221807));
#18079=CARTESIAN_POINT('Ctrl Pts',(2.49556846038,-0.527569789179,5.38863218852));
#18080=CARTESIAN_POINT('Ctrl Pts',(2.70449776573,-0.602846000084,5.04881088045));
#18081=CARTESIAN_POINT('Ctrl Pts',(2.30047289651,-0.36313159001,5.01289931443));
#18082=CARTESIAN_POINT('Ctrl Pts',(2.0915435912,-0.287855379099,5.35272062258));
#18083=CARTESIAN_POINT('Ctrl Pts',(2.28663915503,-0.452293578263,5.72845349659));
#18084=CARTESIAN_POINT('Ctrl Pts',(2.49556846038,-0.527569789179,5.38863218852));
#18085=CARTESIAN_POINT('Ctrl Pts',(2.60849639785,-0.117883851429,5.44169268492));
#18086=CARTESIAN_POINT('Ctrl Pts',(2.84841955546,-0.105546974475,5.1165809705));
#18087=CARTESIAN_POINT('Ctrl Pts',(2.39477297023,-0.0476936390144,5.0508979497));
#18088=CARTESIAN_POINT('Ctrl Pts',(2.15484981258,-0.060030515974,5.37600966404));
#18089=CARTESIAN_POINT('Ctrl Pts',(2.36857324024,-0.130220728394,5.76680439935));
#18090=CARTESIAN_POINT('Ctrl Pts',(2.60849639785,-0.117883851429,5.44169268492));
#18091=CARTESIAN_POINT('Ctrl Pts',(2.60797554584,0.0968814772983,5.46825893618));
#18092=CARTESIAN_POINT('Ctrl Pts',(2.85254761745,0.159941738386,5.1514776324));
#18093=CARTESIAN_POINT('Ctrl Pts',(2.39980942569,0.122861367823,5.07020658393));
#18094=CARTESIAN_POINT('Ctrl Pts',(2.15523735404,0.0598011066905,5.38698788771));
#18095=CARTESIAN_POINT('Ctrl Pts',(2.36340347427,0.0338212161804,5.78504023989));
#18096=CARTESIAN_POINT('Ctrl Pts',(2.60797554584,0.0968814772983,5.46825893618));
#18097=CARTESIAN_POINT('Ctrl Pts',(2.49649277687,0.505479596811,5.52111212982));
#18098=CARTESIAN_POINT('Ctrl Pts',(2.71890226075,0.673592998092,5.22126367137));
#18099=CARTESIAN_POINT('Ctrl Pts',(2.31636169706,0.457655231833,5.11053477942));
#18100=CARTESIAN_POINT('Ctrl Pts',(2.09395221321,0.289541830599,5.41038323787));
#18101=CARTESIAN_POINT('Ctrl Pts',(2.27408329294,0.337366195562,5.82096058835));
#18102=CARTESIAN_POINT('Ctrl Pts',(2.49649277687,0.505479596811,5.52111212982));
#18103=CARTESIAN_POINT('Ctrl Pts',(2.20057177067,0.806375663102,5.5723755307));
#18104=CARTESIAN_POINT('Ctrl Pts',(2.34167057971,1.05832981989,5.28628433174));
#18105=CARTESIAN_POINT('Ctrl Pts',(2.0679663593,0.711661595545,5.15404456042));
#18106=CARTESIAN_POINT('Ctrl Pts',(1.92686755021,0.45970743871,5.44013575939));
#18107=CARTESIAN_POINT('Ctrl Pts',(2.05947296167,0.554421506282,5.85846672959));
#18108=CARTESIAN_POINT('Ctrl Pts',(2.20057177067,0.806375663102,5.5723755307));
#18109=CARTESIAN_POINT('Ctrl Pts',(2.01578686735,0.913569490228,5.59746063153));
#18110=CARTESIAN_POINT('Ctrl Pts',(2.10211095673,1.19512440835,5.31653366069));
#18111=CARTESIAN_POINT('Ctrl Pts',(1.90780241796,0.801618621666,5.1766465675));
#18112=CARTESIAN_POINT('Ctrl Pts',(1.82147832722,0.520063702067,5.45757353714));
#18113=CARTESIAN_POINT('Ctrl Pts',(1.92946277742,0.632014571387,5.8783876056));
#18114=CARTESIAN_POINT('Ctrl Pts',(2.01578686735,0.913569490228,5.59746063153));
#18115=CARTESIAN_POINT('Ctrl Pts',(1.81262490326,0.968226168932,5.62194345975));
#18116=CARTESIAN_POINT('Ctrl Pts',(1.83752297095,1.26084709673,5.34374397676));
#18117=CARTESIAN_POINT('Ctrl Pts',(1.73057483026,0.841631953365,5.19981586208));
#18118=CARTESIAN_POINT('Ctrl Pts',(1.70567676253,0.549011025606,5.47801534503));
#18119=CARTESIAN_POINT('Ctrl Pts',(1.78772683555,0.675605241158,5.90014294274));
#18120=CARTESIAN_POINT('Ctrl Pts',(1.81262490326,0.968226168932,5.62194345975));
#18121=CARTESIAN_POINT('Ctrl Pts',(1.60892185738,0.970045600334,5.64580970509));
#18122=CARTESIAN_POINT('Ctrl Pts',(1.5738964561,1.25552383415,5.36782517443));
#18123=CARTESIAN_POINT('Ctrl Pts',(1.55572172722,0.832602315905,5.22357861941));
#18124=CARTESIAN_POINT('Ctrl Pts',(1.5907471285,0.547124082091,5.50156315006));
#18125=CARTESIAN_POINT('Ctrl Pts',(1.64394725866,0.68456736652,5.92379423574));
#18126=CARTESIAN_POINT('Ctrl Pts',(1.60892185738,0.970045600334,5.64580970509));
#18127=CARTESIAN_POINT('',(1.60892185738,0.970045600334,5.64580970509));
#18128=CARTESIAN_POINT('',(1.59107814262,0.829954399666,5.50419029491));
#18129=CARTESIAN_POINT('Origin',(1.6,0.9,5.575000000001));
#18130=CARTESIAN_POINT('Ctrl Pts',(1.59437496887,-0.989304414118,5.26339393178));
#18131=CARTESIAN_POINT('Ctrl Pts',(1.80082518018,-0.990449636176,5.28711522716));
#18132=CARTESIAN_POINT('Ctrl Pts',(2.00746883258,-0.937347350813,5.31161297661));
#18133=CARTESIAN_POINT('Ctrl Pts',(2.19482211605,-0.829873481513,5.33684221807));
#18134=CARTESIAN_POINT('Ctrl Pts',(2.49556846038,-0.527569789179,5.38863218852));
#18135=CARTESIAN_POINT('Ctrl Pts',(2.60849639785,-0.117883851429,5.44169268492));
#18136=CARTESIAN_POINT('Ctrl Pts',(2.60797554584,0.0968814772983,5.46825893618));
#18137=CARTESIAN_POINT('Ctrl Pts',(2.49649277687,0.505479596811,5.52111212982));
#18138=CARTESIAN_POINT('Ctrl Pts',(2.20057177067,0.806375663102,5.5723755307));
#18139=CARTESIAN_POINT('Ctrl Pts',(2.01578686735,0.913569490228,5.59746063153));
#18140=CARTESIAN_POINT('Ctrl Pts',(1.81262490326,0.968226168932,5.62194345975));
#18141=CARTESIAN_POINT('Ctrl Pts',(1.60892185738,0.970045600334,5.64580970509));
#18142=CARTESIAN_POINT('Ctrl Pts',(1.60562503104,-0.810695585882,5.17410606822));
#18143=CARTESIAN_POINT('Ctrl Pts',(1.77481567334,-0.809550362066,5.19771450353));
#18144=CARTESIAN_POINT('Ctrl Pts',(1.94381288563,-0.764662285012,5.22054648678));
#18145=CARTESIAN_POINT('Ctrl Pts',(2.09740980726,-0.675935427416,5.2425983856));
#18146=CARTESIAN_POINT('Ctrl Pts',(2.34578835211,-0.426531636865,5.28572107852));
#18147=CARTESIAN_POINT('Ctrl Pts',(2.44165389463,-0.085872964463,5.3275732459));
#18148=CARTESIAN_POINT('Ctrl Pts',(2.44274946786,0.0941063572738,5.34842808599));
#18149=CARTESIAN_POINT('Ctrl Pts',(2.35082486599,0.439539064018,5.39078556925));
#18150=CARTESIAN_POINT('Ctrl Pts',(2.09899436272,0.696030090111,5.43473284529));
#18151=CARTESIAN_POINT('Ctrl Pts',(1.9402136199,0.787205325957,5.45728534233));
#18152=CARTESIAN_POINT('Ctrl Pts',(1.76537534982,0.831773829212,5.48042953165));
#18153=CARTESIAN_POINT('Ctrl Pts',(1.59107814262,0.829954399666,5.50419029491));
#18154=CARTESIAN_POINT('Ctrl Pts',(1.60892185738,0.970045600334,5.64580970509));
#18155=CARTESIAN_POINT('Ctrl Pts',(1.5738964561,1.25552383415,5.36782517443));
#18156=CARTESIAN_POINT('Ctrl Pts',(1.55572172722,0.832602315905,5.22357861941));
#18157=CARTESIAN_POINT('Ctrl Pts',(1.5907471285,0.547124082091,5.50156315006));
#18158=CARTESIAN_POINT('Ctrl Pts',(1.64394725866,0.68456736652,5.92379423574));
#18159=CARTESIAN_POINT('Ctrl Pts',(1.60892185738,0.970045600334,5.64580970509));
#18160=CARTESIAN_POINT('Ctrl Pts',(1.28552962459,0.972947416141,5.68368574687));
#18161=CARTESIAN_POINT('Ctrl Pts',(1.15536578219,1.24703367118,5.40598939268));
#18162=CARTESIAN_POINT('Ctrl Pts',(1.27813409168,0.818200873221,5.26131591792));
#18163=CARTESIAN_POINT('Ctrl Pts',(1.40829793407,0.54411461824,5.53901227217));
#18164=CARTESIAN_POINT('Ctrl Pts',(1.41569346702,0.698861161116,5.96138210112));
#18165=CARTESIAN_POINT('Ctrl Pts',(1.28552962459,0.972947416141,5.68368574687));
#18166=CARTESIAN_POINT('Ctrl Pts',(0.96115414174,0.839487880277,5.723116001));
#18167=CARTESIAN_POINT('Ctrl Pts',(0.74127868359,1.06881597577,5.45204285649));
#18168=CARTESIAN_POINT('Ctrl Pts',(1.006209403,0.696037547795,5.2975581171));
#18169=CARTESIAN_POINT('Ctrl Pts',(1.22608485766,0.466709451055,5.56863125442));
#18170=CARTESIAN_POINT('Ctrl Pts',(1.18102959711,0.610159786747,5.99418914888));
#18171=CARTESIAN_POINT('Ctrl Pts',(0.96115414174,0.839487880277,5.723116001));
#18172=CARTESIAN_POINT('Ctrl Pts',(0.719349726169,0.570303351505,5.76356154097));
#18173=CARTESIAN_POINT('Ctrl Pts',(0.424666243293,0.725378790738,5.50518196915));
#18174=CARTESIAN_POINT('Ctrl Pts',(0.791793967822,0.470116833477,5.33191308135));
#18175=CARTESIAN_POINT('Ctrl Pts',(1.08647745067,0.315041394268,5.59029265317));
#18176=CARTESIAN_POINT('Ctrl Pts',(1.01403320905,0.415227912322,6.02194111279));
#18177=CARTESIAN_POINT('Ctrl Pts',(0.719349726169,0.570303351505,5.76356154097));
#18178=CARTESIAN_POINT('Ctrl Pts',(0.526450314191,-0.0540891039221,5.84135313625));
#18179=CARTESIAN_POINT('Ctrl Pts',(0.158046420936,-0.0984167552536,5.61596727279));
#18180=CARTESIAN_POINT('Ctrl Pts',(0.597316565595,-0.0947528822891,5.40045435064));
#18181=CARTESIAN_POINT('Ctrl Pts',(0.965720458873,-0.0504252309802,5.62584021409));
#18182=CARTESIAN_POINT('Ctrl Pts',(0.894854207446,-0.00976145263575,6.06673899971));
#18183=CARTESIAN_POINT('Ctrl Pts',(0.526450314191,-0.0540891039221,5.84135313625));
#18184=CARTESIAN_POINT('Ctrl Pts',(0.803413795033,-0.629422297996,5.91770583468));
#18185=CARTESIAN_POINT('Ctrl Pts',(0.525379676781,-0.88088417987,5.72597178651));
#18186=CARTESIAN_POINT('Ctrl Pts',(0.850274032296,-0.655375460239,5.47364136464));
#18187=CARTESIAN_POINT('Ctrl Pts',(1.12830815053,-0.403913578345,5.66537541281));
#18188=CARTESIAN_POINT('Ctrl Pts',(1.08144791328,-0.377960416081,6.10943988285));
#18189=CARTESIAN_POINT('Ctrl Pts',(0.803413795033,-0.629422297996,5.91770583468));
#18190=CARTESIAN_POINT('Ctrl Pts',(1.03164350561,-0.835152320433,5.95270374963));
#18191=CARTESIAN_POINT('Ctrl Pts',(0.838561361978,-1.16563678038,5.77372745928));
#18192=CARTESIAN_POINT('Ctrl Pts',(1.0776529151,-0.865633126421,5.50891604907));
#18193=CARTESIAN_POINT('Ctrl Pts',(1.27073505722,-0.535148664218,5.68789233142));
#18194=CARTESIAN_POINT('Ctrl Pts',(1.2247256504,-0.504667857725,6.13168003571));
#18195=CARTESIAN_POINT('Ctrl Pts',(1.03164350561,-0.835152320433,5.95270374963));
#18196=CARTESIAN_POINT('Ctrl Pts',(1.30955927404,-0.940078793583,5.98706766581));
#18197=CARTESIAN_POINT('Ctrl Pts',(1.22456838523,-1.30682878056,5.81477631266));
#18198=CARTESIAN_POINT('Ctrl Pts',(1.36338898306,-0.963138607579,5.54340905389));
#18199=CARTESIAN_POINT('Ctrl Pts',(1.44837987186,-0.596388620632,5.71570040704));
#18200=CARTESIAN_POINT('Ctrl Pts',(1.39455016285,-0.573328806623,6.1593590189));
#18201=CARTESIAN_POINT('Ctrl Pts',(1.30955927404,-0.940078793583,5.98706766581));
#18202=CARTESIAN_POINT('Ctrl Pts',(1.5887327598,-0.94331699299,6.02067419928));
#18203=CARTESIAN_POINT('Ctrl Pts',(1.61039286485,-1.30384190183,5.84876541546));
#18204=CARTESIAN_POINT('Ctrl Pts',(1.64463177293,-0.95031147545,5.57702301023));
#18205=CARTESIAN_POINT('Ctrl Pts',(1.62297166788,-0.589786566611,5.74893179406));
#18206=CARTESIAN_POINT('Ctrl Pts',(1.56707265475,-0.582792084151,6.19258298311));
#18207=CARTESIAN_POINT('Ctrl Pts',(1.5887327598,-0.94331699299,6.02067419928));
#18208=CARTESIAN_POINT('',(1.5887327598,-0.94331699299,6.02067419928));
#18209=CARTESIAN_POINT('',(1.61126724011,-0.85668300701,5.84182580072));
#18210=CARTESIAN_POINT('Origin',(1.599999999951,-0.900000000002,5.931249999996));
#18211=CARTESIAN_POINT('Ctrl Pts',(1.60892185738,0.970045600334,5.64580970509));
#18212=CARTESIAN_POINT('Ctrl Pts',(1.28552962459,0.972947416141,5.68368574687));
#18213=CARTESIAN_POINT('Ctrl Pts',(0.96115414174,0.839487880277,5.723116001));
#18214=CARTESIAN_POINT('Ctrl Pts',(0.719349726169,0.570303351505,5.76356154097));
#18215=CARTESIAN_POINT('Ctrl Pts',(0.526450314191,-0.0540891039221,5.84135313625));
#18216=CARTESIAN_POINT('Ctrl Pts',(0.803413795033,-0.629422297996,5.91770583468));
#18217=CARTESIAN_POINT('Ctrl Pts',(1.03164350561,-0.835152320433,5.95270374963));
#18218=CARTESIAN_POINT('Ctrl Pts',(1.30955927404,-0.940078793583,5.98706766581));
#18219=CARTESIAN_POINT('Ctrl Pts',(1.5887327598,-0.94331699299,6.02067419928));
#18220=CARTESIAN_POINT('Ctrl Pts',(1.59107814262,0.829954399666,5.50419029491));
#18221=CARTESIAN_POINT('Ctrl Pts',(1.31437281874,0.827052580938,5.54192492096));
#18222=CARTESIAN_POINT('Ctrl Pts',(1.03865063569,0.710430690096,5.5781053438));
#18223=CARTESIAN_POINT('Ctrl Pts',(0.829242717708,0.481441232695,5.61233220411));
#18224=CARTESIAN_POINT('Ctrl Pts',(0.653984413213,-0.063339080284,5.67725020931));
#18225=CARTESIAN_POINT('Ctrl Pts',(0.896352443222,-0.579533408639,5.7436071117));
#18226=CARTESIAN_POINT('Ctrl Pts',(1.10291874603,-0.767771607531,5.7755539694));
#18227=CARTESIAN_POINT('Ctrl Pts',(1.35772185075,-0.859921203847,5.80831119813));
#18228=CARTESIAN_POINT('Ctrl Pts',(1.61126724011,-0.85668300701,5.84182580072));
#18229=CARTESIAN_POINT('Ctrl Pts',(1.5887327598,-0.94331699299,6.02067419928));
#18230=CARTESIAN_POINT('Ctrl Pts',(1.61039286485,-1.30384190183,5.84876541546));
#18231=CARTESIAN_POINT('Ctrl Pts',(1.64463177293,-0.95031147545,5.57702301023));
#18232=CARTESIAN_POINT('Ctrl Pts',(1.62297166788,-0.589786566611,5.74893179406));
#18233=CARTESIAN_POINT('Ctrl Pts',(1.56707265475,-0.582792084151,6.19258298311));
#18234=CARTESIAN_POINT('Ctrl Pts',(1.5887327598,-0.94331699299,6.02067419928));
#18235=CARTESIAN_POINT('Ctrl Pts',(1.91974169159,-0.94717419812,6.06051199982));
#18236=CARTESIAN_POINT('Ctrl Pts',(2.06786345281,-1.30028399816,5.88898627138));
#18237=CARTESIAN_POINT('Ctrl Pts',(1.9780939448,-0.935032299714,5.61686824169));
#18238=CARTESIAN_POINT('Ctrl Pts',(1.82997218354,-0.581922499688,5.78839397031));
#18239=CARTESIAN_POINT('Ctrl Pts',(1.77161993031,-0.594064398095,6.2320377285));
#18240=CARTESIAN_POINT('Ctrl Pts',(1.91974169159,-0.94717419812,6.06051199982));
#18241=CARTESIAN_POINT('Ctrl Pts',(2.25226614461,-0.803609676106,6.10141454991));
#18242=CARTESIAN_POINT('Ctrl Pts',(2.52256176228,-1.09814821515,5.93913485643));
#18243=CARTESIAN_POINT('Ctrl Pts',(2.30486614167,-0.782335422308,5.6579507741));
#18244=CARTESIAN_POINT('Ctrl Pts',(2.03457052529,-0.487796883293,5.8202304648));
#18245=CARTESIAN_POINT('Ctrl Pts',(1.9819705282,-0.509071139959,6.26369424704));
#18246=CARTESIAN_POINT('Ctrl Pts',(2.25226614461,-0.803609676106,6.10141454991));
#18247=CARTESIAN_POINT('Ctrl Pts',(2.4903139522,-0.512250295102,6.1428859743));
#18248=CARTESIAN_POINT('Ctrl Pts',(2.85473507997,-0.700163704436,5.99841473497));
#18249=CARTESIAN_POINT('Ctrl Pts',(2.55447969416,-0.496323121493,5.69982572153));
#18250=CARTESIAN_POINT('Ctrl Pts',(2.1900585665,-0.308409712202,5.84429696085));
#18251=CARTESIAN_POINT('Ctrl Pts',(2.12589282464,-0.3243368857,6.2873572134));
#18252=CARTESIAN_POINT('Ctrl Pts',(2.4903139522,-0.512250295102,6.1428859743));
#18253=CARTESIAN_POINT('Ctrl Pts',(2.63500257084,0.108848595973,6.21757141966));
#18254=CARTESIAN_POINT('Ctrl Pts',(3.06474375346,0.168815020585,6.11386364191));
#18255=CARTESIAN_POINT('Ctrl Pts',(2.73045780005,0.164594094713,5.78135277464));
#18256=CARTESIAN_POINT('Ctrl Pts',(2.30071661733,0.104627670134,5.8850605524));
#18257=CARTESIAN_POINT('Ctrl Pts',(2.20526138804,0.0488821713052,6.32127919759));
#18258=CARTESIAN_POINT('Ctrl Pts',(2.63500257084,0.108848595973,6.21757141966));
#18259=CARTESIAN_POINT('Ctrl Pts',(2.33241762416,0.641838240085,6.29070335451));
#18260=CARTESIAN_POINT('Ctrl Pts',(2.63873545941,0.926801550649,6.22378726084));
#18261=CARTESIAN_POINT('Ctrl Pts',(2.40186896993,0.769469940734,5.86555447668));
#18262=CARTESIAN_POINT('Ctrl Pts',(2.09555113475,0.484506630143,5.93247057036));
#18263=CARTESIAN_POINT('Ctrl Pts',(2.02609978905,0.356874929566,6.35761944804));
#18264=CARTESIAN_POINT('Ctrl Pts',(2.33241762416,0.641838240085,6.29070335451));
#18265=CARTESIAN_POINT('Ctrl Pts',(2.1196793059,0.818223205294,6.32257254751));
#18266=CARTESIAN_POINT('Ctrl Pts',(2.33476639965,1.17930117667,6.26811951923));
#18267=CARTESIAN_POINT('Ctrl Pts',(2.15553649158,0.976201467719,5.90217539184));
#18268=CARTESIAN_POINT('Ctrl Pts',(1.94044939903,0.615123497712,5.9566284277));
#18269=CARTESIAN_POINT('Ctrl Pts',(1.90459221394,0.457145235074,6.37702559435));
#18270=CARTESIAN_POINT('Ctrl Pts',(2.1196793059,0.818223205294,6.32257254751));
#18271=CARTESIAN_POINT('Ctrl Pts',(1.86662475479,0.908609356328,6.35438031358));
#18272=CARTESIAN_POINT('Ctrl Pts',(1.97128998369,1.30735396804,6.30648303541));
#18273=CARTESIAN_POINT('Ctrl Pts',(1.85597368444,1.07354423213,5.93647020465));
#18274=CARTESIAN_POINT('Ctrl Pts',(1.75130845551,0.674799620393,5.98436748292));
#18275=CARTESIAN_POINT('Ctrl Pts',(1.76195952587,0.509864744591,6.4022775918));
#18276=CARTESIAN_POINT('Ctrl Pts',(1.86662475479,0.908609356328,6.35438031358));
#18277=CARTESIAN_POINT('Ctrl Pts',(1.6124110634,0.911968980662,6.38600232996));
#18278=CARTESIAN_POINT('Ctrl Pts',(1.60642612862,1.30909351532,6.33850196654));
#18279=CARTESIAN_POINT('Ctrl Pts',(1.5597743424,1.06265532535,5.96824282842));
#18280=CARTESIAN_POINT('Ctrl Pts',(1.56575927718,0.665530790683,6.01574319184));
#18281=CARTESIAN_POINT('Ctrl Pts',(1.61839599819,0.514844446,6.43350269338));
#18282=CARTESIAN_POINT('Ctrl Pts',(1.6124110634,0.911968980662,6.38600232996));
#18283=CARTESIAN_POINT('',(1.6124110634,0.911968980662,6.38600232996));
#18284=CARTESIAN_POINT('',(1.5875889366,0.888031019338,6.18899767004));
#18285=CARTESIAN_POINT('Origin',(1.599999999998,0.9,6.287500000003));
#18286=CARTESIAN_POINT('Ctrl Pts',(1.5887327598,-0.94331699299,6.02067419928));
#18287=CARTESIAN_POINT('Ctrl Pts',(1.91974169159,-0.94717419812,6.06051199982));
#18288=CARTESIAN_POINT('Ctrl Pts',(2.25226614461,-0.803609676106,6.10141454991));
#18289=CARTESIAN_POINT('Ctrl Pts',(2.4903139522,-0.512250295102,6.1428859743));
#18290=CARTESIAN_POINT('Ctrl Pts',(2.63500257084,0.108848595973,6.21757141966));
#18291=CARTESIAN_POINT('Ctrl Pts',(2.33241762416,0.641838240085,6.29070335451));
#18292=CARTESIAN_POINT('Ctrl Pts',(2.1196793059,0.818223205294,6.32257254751));
#18293=CARTESIAN_POINT('Ctrl Pts',(1.86662475479,0.908609356328,6.35438031358));
#18294=CARTESIAN_POINT('Ctrl Pts',(1.6124110634,0.911968980662,6.38600232996));
#18295=CARTESIAN_POINT('Ctrl Pts',(1.61126724011,-0.85668300701,5.84182580072));
#18296=CARTESIAN_POINT('Ctrl Pts',(1.91188737787,-0.852825798913,5.88157155294));
#18297=CARTESIAN_POINT('Ctrl Pts',(2.2109922392,-0.719337914816,5.92025258514));
#18298=CARTESIAN_POINT('Ctrl Pts',(2.43129154129,-0.457308355966,5.95747365772));
#18299=CARTESIAN_POINT('Ctrl Pts',(2.57529488974,0.121729739191,6.02538904161));
#18300=CARTESIAN_POINT('Ctrl Pts',(2.29056383827,0.634413262767,6.094857939));
#18301=CARTESIAN_POINT('Ctrl Pts',(2.08383612583,0.80694284415,6.12598723096));
#18302=CARTESIAN_POINT('Ctrl Pts',(1.83513291238,0.891390641292,6.15739957869));
#18303=CARTESIAN_POINT('Ctrl Pts',(1.5875889366,0.888031019338,6.18899767004));
#18304=CARTESIAN_POINT('Ctrl Pts',(1.6124110634,0.911968980662,6.38600232996));
#18305=CARTESIAN_POINT('Ctrl Pts',(1.60642612862,1.30909351532,6.33850196654));
#18306=CARTESIAN_POINT('Ctrl Pts',(1.5597743424,1.06265532535,5.96824282842));
#18307=CARTESIAN_POINT('Ctrl Pts',(1.56575927718,0.665530790683,6.01574319184));
#18308=CARTESIAN_POINT('Ctrl Pts',(1.61839599819,0.514844446,6.43350269338));
#18309=CARTESIAN_POINT('Ctrl Pts',(1.6124110634,0.911968980662,6.38600232996));
#18310=CARTESIAN_POINT('Ctrl Pts',(1.29264350824,0.916214504187,6.42577629947));
#18311=CARTESIAN_POINT('Ctrl Pts',(1.14746558361,1.31129171214,6.37869755483));
#18312=CARTESIAN_POINT('Ctrl Pts',(1.18719110498,1.04889508536,6.00817677787));
#18313=CARTESIAN_POINT('Ctrl Pts',(1.33236902957,0.653817877393,6.05525552252));
#18314=CARTESIAN_POINT('Ctrl Pts',(1.43782143286,0.521137296243,6.47285504424));
#18315=CARTESIAN_POINT('Ctrl Pts',(1.29264350824,0.916214504187,6.42577629947));
#18316=CARTESIAN_POINT('Ctrl Pts',(0.971098751847,0.777851934868,6.46584392303));
#18317=CARTESIAN_POINT('Ctrl Pts',(0.6888309325,1.11108140491,6.42893436736));
#18318=CARTESIAN_POINT('Ctrl Pts',(0.820991112177,0.879803612359,6.05210357993));
#18319=CARTESIAN_POINT('Ctrl Pts',(1.10325893573,0.546574145092,6.0890131356));
#18320=CARTESIAN_POINT('Ctrl Pts',(1.25336657838,0.44462246602,6.5027534758));
#18321=CARTESIAN_POINT('Ctrl Pts',(0.971098751847,0.777851934868,6.46584392303));
#18322=CARTESIAN_POINT('Ctrl Pts',(0.740755665364,0.496269096252,6.50575569327));
#18323=CARTESIAN_POINT('Ctrl Pts',(0.357798647711,0.709835006931,6.48841507078));
#18324=CARTESIAN_POINT('Ctrl Pts',(0.543639579872,0.559569097849,6.09948766779));
#18325=CARTESIAN_POINT('Ctrl Pts',(0.926596597608,0.346003187198,6.11682829006));
#18326=CARTESIAN_POINT('Ctrl Pts',(1.12371268291,0.282703185489,6.52309631599));
#18327=CARTESIAN_POINT('Ctrl Pts',(0.740755665364,0.496269096252,6.50575569327));
#18328=CARTESIAN_POINT('Ctrl Pts',(0.601124543307,-0.103784467249,6.57697763338));
#18329=CARTESIAN_POINT('Ctrl Pts',(0.155790809692,-0.152000526181,6.60259202974));
#18330=CARTESIAN_POINT('Ctrl Pts',(0.35305970147,-0.171583317831,6.19249968609));
#18331=CARTESIAN_POINT('Ctrl Pts',(0.798393435018,-0.12336725892,6.16688528991));
#18332=CARTESIAN_POINT('Ctrl Pts',(1.04645827701,-0.0555684082488,6.55136323685));
#18333=CARTESIAN_POINT('Ctrl Pts',(0.601124543307,-0.103784467249,6.57697763338));
#18334=CARTESIAN_POINT('Ctrl Pts',(0.893066441115,-0.618152660417,6.64704881196));
#18335=CARTESIAN_POINT('Ctrl Pts',(0.575979464985,-0.892470449016,6.70985625139));
#18336=CARTESIAN_POINT('Ctrl Pts',(0.715072055712,-0.833026932977,6.28608300182));
#18337=CARTESIAN_POINT('Ctrl Pts',(1.0321590319,-0.55870914436,6.22327556224));
#18338=CARTESIAN_POINT('Ctrl Pts',(1.21015341717,-0.343834871872,6.58424137267));
#18339=CARTESIAN_POINT('Ctrl Pts',(0.893066441115,-0.618152660417,6.64704881196));
#18340=CARTESIAN_POINT('Ctrl Pts',(1.09841815756,-0.788774495334,6.6779440417));
#18341=CARTESIAN_POINT('Ctrl Pts',(0.87162378687,-1.13783853507,6.75306065648));
#18342=CARTESIAN_POINT('Ctrl Pts',(0.983568183254,-1.05827950892,6.32575133395));
#18343=CARTESIAN_POINT('Ctrl Pts',(1.21036255207,-0.709215468733,6.25063472866));
#18344=CARTESIAN_POINT('Ctrl Pts',(1.32521252654,-0.439710456189,6.60282743271));
#18345=CARTESIAN_POINT('Ctrl Pts',(1.09841815756,-0.788774495334,6.6779440417));
#18346=CARTESIAN_POINT('Ctrl Pts',(1.34255353406,-0.87603236342,6.70922478595));
#18347=CARTESIAN_POINT('Ctrl Pts',(1.22313647727,-1.26460948319,6.79080705724));
#18348=CARTESIAN_POINT('Ctrl Pts',(1.30874090016,-1.16619146499,6.36162935882));
#18349=CARTESIAN_POINT('Ctrl Pts',(1.42815795694,-0.777614345203,6.28004708773));
#18350=CARTESIAN_POINT('Ctrl Pts',(1.46197059085,-0.487455243625,6.62764251471));
#18351=CARTESIAN_POINT('Ctrl Pts',(1.34255353406,-0.87603236342,6.70922478595));
#18352=CARTESIAN_POINT('Ctrl Pts',(1.58776865227,-0.879344573896,6.74082598831));
#18353=CARTESIAN_POINT('Ctrl Pts',(1.57744017217,-1.27071863277,6.82279957271));
#18354=CARTESIAN_POINT('Ctrl Pts',(1.63152980297,-1.15765330775,6.39350882727));
#18355=CARTESIAN_POINT('Ctrl Pts',(1.64185828306,-0.766279248875,6.31153524287));
#18356=CARTESIAN_POINT('Ctrl Pts',(1.59809713236,-0.487970515022,6.65885240391));
#18357=CARTESIAN_POINT('Ctrl Pts',(1.58776865227,-0.879344573896,6.74082598831));
#18358=CARTESIAN_POINT('',(1.58776865227,-0.879344573896,6.74082598831));
#18359=CARTESIAN_POINT('',(1.61223134764,-0.920655426104,6.54667401169));
#18360=CARTESIAN_POINT('Origin',(1.599999999956,-0.9,6.64375));
#18361=CARTESIAN_POINT('Ctrl Pts',(1.6124110634,0.911968980662,6.38600232996));
#18362=CARTESIAN_POINT('Ctrl Pts',(1.29264350824,0.916214504187,6.42577629947));
#18363=CARTESIAN_POINT('Ctrl Pts',(0.971098751847,0.777851934868,6.46584392303));
#18364=CARTESIAN_POINT('Ctrl Pts',(0.740755665364,0.496269096252,6.50575569327));
#18365=CARTESIAN_POINT('Ctrl Pts',(0.601124543307,-0.103784467249,6.57697763338));
#18366=CARTESIAN_POINT('Ctrl Pts',(0.893066441115,-0.618152660417,6.64704881196));
#18367=CARTESIAN_POINT('Ctrl Pts',(1.09841815756,-0.788774495334,6.6779440417));
#18368=CARTESIAN_POINT('Ctrl Pts',(1.34255353406,-0.87603236342,6.70922478595));
#18369=CARTESIAN_POINT('Ctrl Pts',(1.58776865227,-0.879344573896,6.74082598831));
#18370=CARTESIAN_POINT('Ctrl Pts',(1.5875889366,0.888031019338,6.18899767004));
#18371=CARTESIAN_POINT('Ctrl Pts',(1.27621178776,0.883785492783,6.22874622485));
#18372=CARTESIAN_POINT('Ctrl Pts',(0.966611888799,0.745520406946,6.26820114004));
#18373=CARTESIAN_POINT('Ctrl Pts',(0.737936877038,0.474527619377,6.30695683613));
#18374=CARTESIAN_POINT('Ctrl Pts',(0.588425555787,-0.125629877804,6.37833506067));
#18375=CARTESIAN_POINT('Ctrl Pts',(0.883340992451,-0.657010349549,6.45086404701));
#18376=CARTESIAN_POINT('Ctrl Pts',(1.0976917624,-0.836260992154,6.48306853723));
#18377=CARTESIAN_POINT('Ctrl Pts',(1.3555014813,-0.923967634254,6.51503150462));
#18378=CARTESIAN_POINT('Ctrl Pts',(1.61223134764,-0.920655426104,6.54667401169));
#18379=CARTESIAN_POINT('Ctrl Pts',(1.58776865227,-0.879344573896,6.74082598831));
#18380=CARTESIAN_POINT('Ctrl Pts',(1.57744017217,-1.27071863277,6.82279957271));
#18381=CARTESIAN_POINT('Ctrl Pts',(1.63152980297,-1.15765330775,6.39350882727));
#18382=CARTESIAN_POINT('Ctrl Pts',(1.64185828306,-0.766279248875,6.31153524287));
#18383=CARTESIAN_POINT('Ctrl Pts',(1.59809713236,-0.487970515022,6.65885240391));
#18384=CARTESIAN_POINT('Ctrl Pts',(1.58776865227,-0.879344573896,6.74082598831));
#18385=CARTESIAN_POINT('Ctrl Pts',(1.88040397035,-0.883315611811,6.77854217924));
#18386=CARTESIAN_POINT('Ctrl Pts',(2.00026924115,-1.27804289932,6.86091012361));
#18387=CARTESIAN_POINT('Ctrl Pts',(2.01674658267,-1.14741680272,6.43150544955));
#18388=CARTESIAN_POINT('Ctrl Pts',(1.89688131186,-0.752689515225,6.34913750529));
#18389=CARTESIAN_POINT('Ctrl Pts',(1.76053869956,-0.488588324321,6.69617423504));
#18390=CARTESIAN_POINT('Ctrl Pts',(1.88040397035,-0.883315611811,6.77854217924));
#18391=CARTESIAN_POINT('Ctrl Pts',(2.17470745692,-0.763374287071,6.8158015711));
#18392=CARTESIAN_POINT('Ctrl Pts',(2.42503619235,-1.10547558819,6.90721690554));
#18393=CARTESIAN_POINT('Ctrl Pts',(2.39709400872,-0.982571310555,6.47519899439));
#18394=CARTESIAN_POINT('Ctrl Pts',(2.14676527477,-0.6404700128,6.38378366302));
#18395=CARTESIAN_POINT('Ctrl Pts',(1.92437872169,-0.421272988065,6.72438623216));
#18396=CARTESIAN_POINT('Ctrl Pts',(2.17470745692,-0.763374287071,6.8158015711));
#18397=CARTESIAN_POINT('Ctrl Pts',(2.3943932916,-0.519418215856,6.8522028938));
#18398=CARTESIAN_POINT('Ctrl Pts',(2.74041399885,-0.753804819889,6.96094923785));
#18399=CARTESIAN_POINT('Ctrl Pts',(2.69103656404,-0.667531143186,6.52392909067));
#18400=CARTESIAN_POINT('Ctrl Pts',(2.3450158567,-0.433144539153,6.41518274642));
#18401=CARTESIAN_POINT('Ctrl Pts',(2.04837258436,-0.285031611823,6.74345654935));
#18402=CARTESIAN_POINT('Ctrl Pts',(2.3943932916,-0.519418215856,6.8522028938));
#18403=CARTESIAN_POINT('Ctrl Pts',(2.56846450472,0.0457236604824,6.92025104844));
#18404=CARTESIAN_POINT('Ctrl Pts',(2.98487218008,0.0543526524595,7.06870842685));
#18405=CARTESIAN_POINT('Ctrl Pts',(2.94224484171,0.0969905222164,6.62505013068));
#18406=CARTESIAN_POINT('Ctrl Pts',(2.52583716644,0.0883615302394,6.47659275244));
#18407=CARTESIAN_POINT('Ctrl Pts',(2.15205682936,0.0370946685053,6.77179367038));
#18408=CARTESIAN_POINT('Ctrl Pts',(2.56846450472,0.0457236604824,6.92025104844));
#18409=CARTESIAN_POINT('Ctrl Pts',(2.31852105725,0.564769096113,6.98736564543));
#18410=CARTESIAN_POINT('Ctrl Pts',(2.62748130473,0.786596779785,7.17110561889));
#18411=CARTESIAN_POINT('Ctrl Pts',(2.60171603878,0.829612599651,6.7267576265));
#18412=CARTESIAN_POINT('Ctrl Pts',(2.29275579121,0.607784915979,6.54301765287));
#18413=CARTESIAN_POINT('Ctrl Pts',(2.00956080976,0.342941412442,6.80362567164));
#18414=CARTESIAN_POINT('Ctrl Pts',(2.31852105725,0.564769096113,6.98736564543));
#18415=CARTESIAN_POINT('Ctrl Pts',(2.11325427977,0.750930011423,7.01904653415));
#18416=CARTESIAN_POINT('Ctrl Pts',(2.33925477097,1.0459526342,7.21498480069));
#18417=CARTESIAN_POINT('Ctrl Pts',(2.30838632426,1.09898659926,6.77180653311));
#18418=CARTESIAN_POINT('Ctrl Pts',(2.08238583614,0.803963979775,6.57586826229));
#18419=CARTESIAN_POINT('Ctrl Pts',(1.88725379147,0.455907390973,6.82310825711));
#18420=CARTESIAN_POINT('Ctrl Pts',(2.11325427977,0.750930011423,7.01904653415));
#18421=CARTESIAN_POINT('Ctrl Pts',(1.86250085367,0.845827953711,7.05172371679));
#18422=CARTESIAN_POINT('Ctrl Pts',(1.98997422552,1.18235963354,7.25406378793));
#18423=CARTESIAN_POINT('Ctrl Pts',(1.94380862328,1.2307819736,6.81148738797));
#18424=CARTESIAN_POINT('Ctrl Pts',(1.81633525141,0.894250293813,6.60914731678));
#18425=CARTESIAN_POINT('Ctrl Pts',(1.73502748174,0.509296273882,6.8493836457));
#18426=CARTESIAN_POINT('Ctrl Pts',(1.86250085367,0.845827953711,7.05172371679));
#18427=CARTESIAN_POINT('Ctrl Pts',(1.61074725822,0.848922900323,7.08529728207));
#18428=CARTESIAN_POINT('Ctrl Pts',(1.63628770481,1.19280962327,7.28800299825));
#18429=CARTESIAN_POINT('Ctrl Pts',(1.58052844862,1.2251746605,6.84546101187));
#18430=CARTESIAN_POINT('Ctrl Pts',(1.55498800204,0.881287937558,6.64275529569));
#18431=CARTESIAN_POINT('Ctrl Pts',(1.58520681164,0.505036177379,6.8825915659));
#18432=CARTESIAN_POINT('Ctrl Pts',(1.61074725822,0.848922900323,7.08529728207));
#18433=CARTESIAN_POINT('',(1.61074725822,0.848922900323,7.08529728207));
#18434=CARTESIAN_POINT('',(1.58925274178,0.951077099677,6.91470271793));
#18435=CARTESIAN_POINT('Origin',(1.599999999998,0.900000000002,6.999999999999));
#18436=CARTESIAN_POINT('Ctrl Pts',(1.58776865227,-0.879344573896,6.74082598831));
#18437=CARTESIAN_POINT('Ctrl Pts',(1.88040397035,-0.883315611811,6.77854217924));
#18438=CARTESIAN_POINT('Ctrl Pts',(2.17470745692,-0.763374287071,6.8158015711));
#18439=CARTESIAN_POINT('Ctrl Pts',(2.3943932916,-0.519418215856,6.8522028938));
#18440=CARTESIAN_POINT('Ctrl Pts',(2.56846450472,0.0457236604824,6.92025104844));
#18441=CARTESIAN_POINT('Ctrl Pts',(2.31852105725,0.564769096113,6.98736564543));
#18442=CARTESIAN_POINT('Ctrl Pts',(2.11325427977,0.750930011423,7.01904653415));
#18443=CARTESIAN_POINT('Ctrl Pts',(1.86250085367,0.845827953711,7.05172371679));
#18444=CARTESIAN_POINT('Ctrl Pts',(1.61074725822,0.848922900323,7.08529728207));
#18445=CARTESIAN_POINT('Ctrl Pts',(1.61223134764,-0.920655426104,6.54667401169));
#18446=CARTESIAN_POINT('Ctrl Pts',(1.91860895881,-0.916684385395,6.58443182835));
#18447=CARTESIAN_POINT('Ctrl Pts',(2.22331854936,-0.787447474639,6.62264644934));
#18448=CARTESIAN_POINT('Ctrl Pts',(2.45620975098,-0.534878028513,6.66087940612));
#18449=CARTESIAN_POINT('Ctrl Pts',(2.6512527544,0.0691998433551,6.73553624504));
#18450=CARTESIAN_POINT('Ctrl Pts',(2.38287848612,0.641733926964,6.81112664252));
#18451=CARTESIAN_POINT('Ctrl Pts',(2.15432018035,0.851202650762,6.84644196462));
#18452=CARTESIAN_POINT('Ctrl Pts',(1.8712863955,0.954172043709,6.88102053459));
#18453=CARTESIAN_POINT('Ctrl Pts',(1.58925274178,0.951077099677,6.91470271793));
#18454=CARTESIAN_POINT('Ctrl Pts',(1.6,0.8,1.3));
#18455=CARTESIAN_POINT('Ctrl Pts',(1.65000371347,0.799999999999,1.69686222879));
#18456=CARTESIAN_POINT('Ctrl Pts',(1.62500185674,1.2,1.49843111439));
#18457=CARTESIAN_POINT('Ctrl Pts',(1.57499814327,1.2,1.10156888561));
#18458=CARTESIAN_POINT('Ctrl Pts',(1.54999628653,0.800000000001,0.903137771211));
#18459=CARTESIAN_POINT('Ctrl Pts',(1.6,0.8,1.3));
#18460=CARTESIAN_POINT('Ctrl Pts',(1.34139626734,0.800000004356,1.33655667105));
#18461=CARTESIAN_POINT('Ctrl Pts',(1.39139979737,0.815768577645,1.73341890042));
#18462=CARTESIAN_POINT('Ctrl Pts',(1.23715165934,1.20788426808,1.53537927598));
#18463=CARTESIAN_POINT('Ctrl Pts',(1.18714812933,1.19211569475,1.13851704657));
#18464=CARTESIAN_POINT('Ctrl Pts',(1.29139273735,0.784231431067,0.939694441652));
#18465=CARTESIAN_POINT('Ctrl Pts',(1.34139626734,0.800000004356,1.33655667105));
#18466=CARTESIAN_POINT('Ctrl Pts',(1.08252970449,0.695506494838,1.37102740247));
#18467=CARTESIAN_POINT('Ctrl Pts',(1.12632116121,0.718633586197,1.76788917694));
#18468=CARTESIAN_POINT('Ctrl Pts',(0.846984020073,1.05486756509,1.57858503413));
#18469=CARTESIAN_POINT('Ctrl Pts',(0.803192563474,1.03174047178,1.18172326208));
#18470=CARTESIAN_POINT('Ctrl Pts',(1.03873824728,0.672379402811,0.974165631063));
#18471=CARTESIAN_POINT('Ctrl Pts',(1.08252970449,0.695506494838,1.37102740247));
#18472=CARTESIAN_POINT('Ctrl Pts',(0.882084964569,0.486412286892,1.40323426365));
#18473=CARTESIAN_POINT('Ctrl Pts',(0.930771169292,0.504829970541,1.80010850977));
#18474=CARTESIAN_POINT('Ctrl Pts',(0.550372344911,0.74037966556,1.62756303149));
#18475=CARTESIAN_POINT('Ctrl Pts',(0.501686140307,0.721961981911,1.23068878532));
#18476=CARTESIAN_POINT('Ctrl Pts',(0.833398759798,0.46799460329,1.00636001748));
#18477=CARTESIAN_POINT('Ctrl Pts',(0.882084964569,0.486412286892,1.40323426365));
#18478=CARTESIAN_POINT('Ctrl Pts',(0.699534758193,-0.0269351071278,1.46436085151));
#18479=CARTESIAN_POINT('Ctrl Pts',(0.774136942789,0.014914982535,1.85685300978));
#18480=CARTESIAN_POINT('Ctrl Pts',(0.294424216813,-0.0116451843843,1.72749956496));
#18481=CARTESIAN_POINT('Ctrl Pts',(0.219822032105,-0.0534952740471,1.33500740673));
#18482=CARTESIAN_POINT('Ctrl Pts',(0.624932573643,-0.0687851968358,1.07186869329));
#18483=CARTESIAN_POINT('Ctrl Pts',(0.699534758193,-0.0269351071278,1.46436085151));
#18484=CARTESIAN_POINT('Ctrl Pts',(0.914340322914,-0.524541629587,1.52603269051));
#18485=CARTESIAN_POINT('Ctrl Pts',(0.978716676232,-0.422565044954,1.90928437751));
#18486=CARTESIAN_POINT('Ctrl Pts',(0.609500172203,-0.714778377976,1.82337115249));
#18487=CARTESIAN_POINT('Ctrl Pts',(0.545123818993,-0.816754962609,1.44011946545));
#18488=CARTESIAN_POINT('Ctrl Pts',(0.849963969553,-0.626518214178,1.14278100348));
#18489=CARTESIAN_POINT('Ctrl Pts',(0.914340322914,-0.524541629587,1.52603269051));
#18490=CARTESIAN_POINT('Ctrl Pts',(1.11089391786,-0.71300904464,1.55691877364));
#18491=CARTESIAN_POINT('Ctrl Pts',(1.14723134357,-0.578194236509,1.93530623295));
#18492=CARTESIAN_POINT('Ctrl Pts',(0.884172253746,-0.972924063902,1.86607770022));
#18493=CARTESIAN_POINT('Ctrl Pts',(0.847834827434,-1.10773887053,1.48769024378));
#18494=CARTESIAN_POINT('Ctrl Pts',(1.07455649035,-0.847823856212,1.1785313176));
#18495=CARTESIAN_POINT('Ctrl Pts',(1.11089391786,-0.71300904464,1.55691877364));
#18496=CARTESIAN_POINT('Ctrl Pts',(1.35779368802,-0.806527867899,1.58971873296));
#18497=CARTESIAN_POINT('Ctrl Pts',(1.34983944157,-0.6636021488,1.96556116949));
#18498=CARTESIAN_POINT('Ctrl Pts',(1.22198445689,-1.10895353146,1.90508517213));
#18499=CARTESIAN_POINT('Ctrl Pts',(1.22993870334,-1.25187925055,1.52924273562));
#18500=CARTESIAN_POINT('Ctrl Pts',(1.36574793443,-0.949453587031,1.2138762964));
#18501=CARTESIAN_POINT('Ctrl Pts',(1.35779368802,-0.806527867899,1.58971873296));
#18502=CARTESIAN_POINT('Ctrl Pts',(1.60402752563,-0.805332093325,1.62428491776));
#18503=CARTESIAN_POINT('Ctrl Pts',(1.55669005683,-0.676460843104,1.99998608213));
#18504=CARTESIAN_POINT('Ctrl Pts',(1.56424868854,-1.11956809491,1.93999582892));
#18505=CARTESIAN_POINT('Ctrl Pts',(1.61158615734,-1.24843934513,1.56429466454));
#18506=CARTESIAN_POINT('Ctrl Pts',(1.65136499443,-0.934203343547,1.24858375338));
#18507=CARTESIAN_POINT('Ctrl Pts',(1.60402752563,-0.805332093325,1.62428491776));
#18508=CARTESIAN_POINT('Origin',(1.599999999958,-0.899999999999,1.656250000001));
#18509=CARTESIAN_POINT('Origin',(1.600000000001,0.9,1.3));
#18510=CARTESIAN_POINT('Ctrl Pts',(1.60402752563,-0.805332093325,1.62428491776));
#18511=CARTESIAN_POINT('Ctrl Pts',(1.55669005683,-0.676460843104,1.99998608213));
#18512=CARTESIAN_POINT('Ctrl Pts',(1.56424868854,-1.11956809491,1.93999582892));
#18513=CARTESIAN_POINT('Ctrl Pts',(1.61158615734,-1.24843934513,1.56429466454));
#18514=CARTESIAN_POINT('Ctrl Pts',(1.65136499443,-0.934203343547,1.24858375338));
#18515=CARTESIAN_POINT('Ctrl Pts',(1.60402752563,-0.805332093325,1.62428491776));
#18516=CARTESIAN_POINT('Ctrl Pts',(1.86420776483,-0.804062739089,1.66082625122));
#18517=CARTESIAN_POINT('Ctrl Pts',(1.77525352681,-0.690110881666,2.03640135753));
#18518=CARTESIAN_POINT('Ctrl Pts',(1.92590664669,-1.13083584848,1.97684454077));
#18519=CARTESIAN_POINT('Ctrl Pts',(2.01486088473,-1.24478770588,1.60126943449));
#18520=CARTESIAN_POINT('Ctrl Pts',(1.95316200288,-0.918014596505,1.28525114497));
#18521=CARTESIAN_POINT('Ctrl Pts',(1.86420776483,-0.804062739089,1.66082625122));
#18522=CARTESIAN_POINT('Ctrl Pts',(2.12413676413,-0.698398869547,1.69539512602));
#18523=CARTESIAN_POINT('Ctrl Pts',(1.9997781483,-0.608213307496,2.06815858147));
#18524=CARTESIAN_POINT('Ctrl Pts',(2.29142449076,-0.990062654891,2.01826783955));
#18525=CARTESIAN_POINT('Ctrl Pts',(2.41578310769,-1.08024821652,1.64550437806));
#18526=CARTESIAN_POINT('Ctrl Pts',(2.24849537858,-0.78858443411,1.32263166515));
#18527=CARTESIAN_POINT('Ctrl Pts',(2.12413676413,-0.698398869547,1.69539512602));
#18528=CARTESIAN_POINT('Ctrl Pts',(2.32664863716,-0.488007589095,1.72788535659));
#18529=CARTESIAN_POINT('Ctrl Pts',(2.16582649297,-0.426623862521,2.09525001876));
#18530=CARTESIAN_POINT('Ctrl Pts',(2.56764846449,-0.694875881226,2.06395623364));
#18531=CARTESIAN_POINT('Ctrl Pts',(2.72847060858,-0.756259607824,1.69659157132));
#18532=CARTESIAN_POINT('Ctrl Pts',(2.48747078125,-0.549391315812,1.36052069433));
#18533=CARTESIAN_POINT('Ctrl Pts',(2.32664863716,-0.488007589095,1.72788535659));
#18534=CARTESIAN_POINT('Ctrl Pts',(2.51231056362,0.0304080465949,1.78989311771));
#18535=CARTESIAN_POINT('Ctrl Pts',(2.29916494727,-0.0110372016181,2.13990421155));
#18536=CARTESIAN_POINT('Ctrl Pts',(2.80049842339,0.00154528876422,2.15467838069));
#18537=CARTESIAN_POINT('Ctrl Pts',(3.01364403983,0.0429905369998,1.804667287));
#18538=CARTESIAN_POINT('Ctrl Pts',(2.72545618007,0.0718532949434,1.43988202397));
#18539=CARTESIAN_POINT('Ctrl Pts',(2.51231056362,0.0304080465949,1.78989311771));
#18540=CARTESIAN_POINT('Ctrl Pts',(2.29538993546,0.535848722437,1.85280783239));
#18541=CARTESIAN_POINT('Ctrl Pts',(2.12585249443,0.361624282094,2.18157102354));
#18542=CARTESIAN_POINT('Ctrl Pts',(2.50896152886,0.644195370429,2.24073250162));
#18543=CARTESIAN_POINT('Ctrl Pts',(2.67849896981,0.818419810751,1.91196931035));
#18544=CARTESIAN_POINT('Ctrl Pts',(2.46492737641,0.710073162652,1.52404464116));
#18545=CARTESIAN_POINT('Ctrl Pts',(2.29538993546,0.535848722437,1.85280783239));
#18546=CARTESIAN_POINT('Ctrl Pts',(2.09539123881,0.728195583288,1.88427855995));
#18547=CARTESIAN_POINT('Ctrl Pts',(1.98206382749,0.495121556248,2.20384168005));
#18548=CARTESIAN_POINT('Ctrl Pts',(2.25888757568,0.878078011677,2.2795344915));
#18549=CARTESIAN_POINT('Ctrl Pts',(2.3722149888,1.11115204111,1.95997137103));
#18550=CARTESIAN_POINT('Ctrl Pts',(2.20871864784,0.961269610271,1.5647154382));
#18551=CARTESIAN_POINT('Ctrl Pts',(2.09539123881,0.728195583288,1.88427855995));
#18552=CARTESIAN_POINT('Ctrl Pts',(1.84336976895,0.823024196224,1.91738910841));
#18553=CARTESIAN_POINT('Ctrl Pts',(1.80841256739,0.567258513567,2.23213126295));
#18554=CARTESIAN_POINT('Ctrl Pts',(1.95327460394,1.00304456475,2.31649805546));
#18555=CARTESIAN_POINT('Ctrl Pts',(1.9882318055,1.25881024741,2.00175590094));
#18556=CARTESIAN_POINT('Ctrl Pts',(1.87832697047,1.07878987887,1.60264695389));
#18557=CARTESIAN_POINT('Ctrl Pts',(1.84336976895,0.823024196224,1.91738910841));
#18558=CARTESIAN_POINT('Ctrl Pts',(1.59237445151,0.820759748917,1.95197865155));
#18559=CARTESIAN_POINT('Ctrl Pts',(1.63199751961,0.576760319137,2.26645327809));
#18560=CARTESIAN_POINT('Ctrl Pts',(1.64268817951,1.01572103836,2.35130135863));
#18561=CARTESIAN_POINT('Ctrl Pts',(1.60306511141,1.25972046814,2.03682673209));
#18562=CARTESIAN_POINT('Ctrl Pts',(1.55275138341,1.0647591787,1.637504025));
#18563=CARTESIAN_POINT('Ctrl Pts',(1.59237445151,0.820759748917,1.95197865155));
#18564=CARTESIAN_POINT('Origin',(1.599999999997,0.900000000001,2.012500000002));
#18565=CARTESIAN_POINT('Ctrl Pts',(1.59237445151,0.820759748917,1.95197865155));
#18566=CARTESIAN_POINT('Ctrl Pts',(1.63199751961,0.576760319137,2.26645327809));
#18567=CARTESIAN_POINT('Ctrl Pts',(1.64268817951,1.01572103836,2.35130135863));
#18568=CARTESIAN_POINT('Ctrl Pts',(1.60306511141,1.25972046814,2.03682673209));
#18569=CARTESIAN_POINT('Ctrl Pts',(1.55275138341,1.0647591787,1.637504025));
#18570=CARTESIAN_POINT('Ctrl Pts',(1.59237445151,0.820759748917,1.95197865155));
#18571=CARTESIAN_POINT('Ctrl Pts',(1.32001980913,0.818291213595,1.98952663711));
#18572=CARTESIAN_POINT('Ctrl Pts',(1.44057577203,0.587118557168,2.30375611616));
#18573=CARTESIAN_POINT('Ctrl Pts',(1.30566593985,1.02954002538,2.38904522389));
#18574=CARTESIAN_POINT('Ctrl Pts',(1.185109977,1.26071268182,2.07481574487));
#18575=CARTESIAN_POINT('Ctrl Pts',(1.19946384625,1.04946387004,1.67529715812));
#18576=CARTESIAN_POINT('Ctrl Pts',(1.32001980913,0.818291213595,1.98952663711));
#18577=CARTESIAN_POINT('Ctrl Pts',(1.04844395928,0.704204122053,2.02533286799));
#18578=CARTESIAN_POINT('Ctrl Pts',(1.24406987729,0.512392092741,2.3339533141));
#18579=CARTESIAN_POINT('Ctrl Pts',(0.96337582054,0.89601056468,2.42933240799));
#18580=CARTESIAN_POINT('Ctrl Pts',(0.767749902718,1.08782259169,2.1207119601));
#18581=CARTESIAN_POINT('Ctrl Pts',(0.852818038582,0.896016150842,1.71671241946));
#18582=CARTESIAN_POINT('Ctrl Pts',(1.04844395928,0.704204122053,2.02533286799));
#18583=CARTESIAN_POINT('Ctrl Pts',(0.83968181453,0.478935197805,2.05920121537));
#18584=CARTESIAN_POINT('Ctrl Pts',(1.10084033136,0.349129478788,2.35704772945));
#18585=CARTESIAN_POINT('Ctrl Pts',(0.71204794153,0.612325646469,2.47182007968));
#18586=CARTESIAN_POINT('Ctrl Pts',(0.450889424687,0.742131365435,2.1739735655));
#18587=CARTESIAN_POINT('Ctrl Pts',(0.578523297687,0.608740916796,1.76135470124));
#18588=CARTESIAN_POINT('Ctrl Pts',(0.83968181453,0.478935197805,2.05920121537));
#18589=CARTESIAN_POINT('Ctrl Pts',(0.665948611973,-0.0594280789711,2.12304074849));
#18590=CARTESIAN_POINT('Ctrl Pts',(0.995578898129,-0.0137805951751,2.3917719109));
#18591=CARTESIAN_POINT('Ctrl Pts',(0.527128116899,-0.0236735942497,2.55117765262));
#18592=CARTESIAN_POINT('Ctrl Pts',(0.197497830754,-0.0693210780006,2.2824464903));
#18593=CARTESIAN_POINT('Ctrl Pts',(0.336318325828,-0.105075562745,1.85430958612));
#18594=CARTESIAN_POINT('Ctrl Pts',(0.665948611973,-0.0594280789711,2.12304074849));
#18595=CARTESIAN_POINT('Ctrl Pts',(0.904463225887,-0.568836869265,2.18828275686));
#18596=CARTESIAN_POINT('Ctrl Pts',(1.15447989834,-0.3344167749,2.4264508818));
#18597=CARTESIAN_POINT('Ctrl Pts',(0.806582780869,-0.58457015734,2.6256039567));
#18598=CARTESIAN_POINT('Ctrl Pts',(0.556566108406,-0.818990251745,2.38743583169));
#18599=CARTESIAN_POINT('Ctrl Pts',(0.654446553424,-0.80325696365,1.95011463189));
#18600=CARTESIAN_POINT('Ctrl Pts',(0.904463225887,-0.568836869265,2.18828275686));
#18601=CARTESIAN_POINT('Ctrl Pts',(1.10735970497,-0.755986274239,2.21984594453));
#18602=CARTESIAN_POINT('Ctrl Pts',(1.2796366318,-0.447551687313,2.44613437691));
#18603=CARTESIAN_POINT('Ctrl Pts',(1.02516473944,-0.780699518325,2.65911146634));
#18604=CARTESIAN_POINT('Ctrl Pts',(0.852887807256,-1.08913410373,2.43282303391));
#18605=CARTESIAN_POINT('Ctrl Pts',(0.93508277332,-1.06442086385,1.99355750683));
#18606=CARTESIAN_POINT('Ctrl Pts',(1.10735970497,-0.755986274239,2.21984594453));
#18607=CARTESIAN_POINT('Ctrl Pts',(1.35948746936,-0.847640925593,2.25249859628));
#18608=CARTESIAN_POINT('Ctrl Pts',(1.43071534825,-0.506547820365,2.47256532917));
#18609=CARTESIAN_POINT('Ctrl Pts',(1.28770420746,-0.886530665334,2.69279010985));
#18610=CARTESIAN_POINT('Ctrl Pts',(1.2164763286,-1.22762377059,2.47272337693));
#18611=CARTESIAN_POINT('Ctrl Pts',(1.28825959049,-1.18873403087,2.03243186338));
#18612=CARTESIAN_POINT('Ctrl Pts',(1.35948746936,-0.847640925593,2.25249859628));
#18613=CARTESIAN_POINT('Ctrl Pts',(1.61041036853,-0.844637732787,2.2861264949));
#18614=CARTESIAN_POINT('Ctrl Pts',(1.58272717907,-0.511530678067,2.50583842247));
#18615=CARTESIAN_POINT('Ctrl Pts',(1.55492729949,-0.899533274281,2.72647647909));
#18616=CARTESIAN_POINT('Ctrl Pts',(1.58261048896,-1.232640329,2.50676455152));
#18617=CARTESIAN_POINT('Ctrl Pts',(1.63809355799,-1.17774478751,2.06641456733));
#18618=CARTESIAN_POINT('Ctrl Pts',(1.61041036853,-0.844637732787,2.2861264949));
#18619=CARTESIAN_POINT('Origin',(1.599999999954,-0.9,2.368750000002));
#18620=CARTESIAN_POINT('Ctrl Pts',(1.61041036853,-0.844637732787,2.2861264949));
#18621=CARTESIAN_POINT('Ctrl Pts',(1.58272717907,-0.511530678067,2.50583842247));
#18622=CARTESIAN_POINT('Ctrl Pts',(1.55492729949,-0.899533274281,2.72647647909));
#18623=CARTESIAN_POINT('Ctrl Pts',(1.58261048896,-1.232640329,2.50676455152));
#18624=CARTESIAN_POINT('Ctrl Pts',(1.63809355799,-1.17774478751,2.06641456733));
#18625=CARTESIAN_POINT('Ctrl Pts',(1.61041036853,-0.844637732787,2.2861264949));
#18626=CARTESIAN_POINT('Ctrl Pts',(1.89049883597,-0.84126993608,2.32367349139));
#18627=CARTESIAN_POINT('Ctrl Pts',(1.75239973774,-0.517118530639,2.54305096668));
#18628=CARTESIAN_POINT('Ctrl Pts',(1.85321236862,-0.914114483392,2.76407859351));
#18629=CARTESIAN_POINT('Ctrl Pts',(1.99131146691,-1.23826588887,2.54470111825));
#18630=CARTESIAN_POINT('Ctrl Pts',(2.02859793428,-1.16542134157,2.10429601613));
#18631=CARTESIAN_POINT('Ctrl Pts',(1.89049883597,-0.84126993608,2.32367349139));
#18632=CARTESIAN_POINT('Ctrl Pts',(2.16937941291,-0.723645363311,2.36000525731));
#18633=CARTESIAN_POINT('Ctrl Pts',(1.92540503427,-0.449299984592,2.57173551661));
#18634=CARTESIAN_POINT('Ctrl Pts',(2.1573914362,-0.79707876123,2.80167003485));
#18635=CARTESIAN_POINT('Ctrl Pts',(2.40136581499,-1.07142414193,2.58993977038));
#18636=CARTESIAN_POINT('Ctrl Pts',(2.41335378901,-0.997990747243,2.14827499405));
#18637=CARTESIAN_POINT('Ctrl Pts',(2.16937941291,-0.723645363311,2.36000525731));
#18638=CARTESIAN_POINT('Ctrl Pts',(2.38460982629,-0.492605036717,2.39490787518));
#18639=CARTESIAN_POINT('Ctrl Pts',(2.05426775744,-0.30560241106,2.59195433445));
#18640=CARTESIAN_POINT('Ctrl Pts',(2.37972261738,-0.545125768524,2.83900618945));
#18641=CARTESIAN_POINT('Ctrl Pts',(2.71006468614,-0.732128394156,2.64195973018));
#18642=CARTESIAN_POINT('Ctrl Pts',(2.71495189495,-0.6796076624,2.19786141623));
#18643=CARTESIAN_POINT('Ctrl Pts',(2.38460982629,-0.492605036717,2.39490787518));
#18644=CARTESIAN_POINT('Ctrl Pts',(2.56468696077,0.0623884719532,2.46149420933));
#18645=CARTESIAN_POINT('Ctrl Pts',(2.15479502068,0.0235681585547,2.62128694672));
#18646=CARTESIAN_POINT('Ctrl Pts',(2.54100266101,0.0159321630088,2.90606080101));
#18647=CARTESIAN_POINT('Ctrl Pts',(2.95089460119,0.0547524763847,2.74626806362));
#18648=CARTESIAN_POINT('Ctrl Pts',(2.97457890104,0.101208785374,2.30170147167));
#18649=CARTESIAN_POINT('Ctrl Pts',(2.56468696077,0.0623884719532,2.46149420933));
#18650=CARTESIAN_POINT('Ctrl Pts',(2.31888716897,0.588972590043,2.52952490778));
#18651=CARTESIAN_POINT('Ctrl Pts',(2.01029209576,0.324442464633,2.65250083794));
#18652=CARTESIAN_POINT('Ctrl Pts',(2.29509379222,0.506961186518,2.96900077735));
#18653=CARTESIAN_POINT('Ctrl Pts',(2.60368886535,0.771491311948,2.84602484719));
#18654=CARTESIAN_POINT('Ctrl Pts',(2.62748224202,0.853502715432,2.40654897785));
#18655=CARTESIAN_POINT('Ctrl Pts',(2.31888716897,0.588972590043,2.52952490778));
#18656=CARTESIAN_POINT('Ctrl Pts',(2.10907111034,0.783101375531,2.56217737137));
#18657=CARTESIAN_POINT('Ctrl Pts',(1.89160949509,0.433513840709,2.67133934759));
#18658=CARTESIAN_POINT('Ctrl Pts',(2.10422410779,0.678304661309,2.99839347918));
#18659=CARTESIAN_POINT('Ctrl Pts',(2.32168572501,1.02789219621,2.88923150382));
#18660=CARTESIAN_POINT('Ctrl Pts',(2.32653273296,1.13268890895,2.45301539084));
#18661=CARTESIAN_POINT('Ctrl Pts',(2.10907111034,0.783101375531,2.56217737137));
#18662=CARTESIAN_POINT('Ctrl Pts',(1.84783585578,0.877908020518,2.59540579976));
#18663=CARTESIAN_POINT('Ctrl Pts',(1.74573651338,0.48752432869,2.6973366635));
#18664=CARTESIAN_POINT('Ctrl Pts',(1.8755268939,0.771084087391,3.02992032875));
#18665=CARTESIAN_POINT('Ctrl Pts',(1.97762623627,1.16146777926,2.92798946496));
#18666=CARTESIAN_POINT('Ctrl Pts',(1.94993519819,1.26829171241,2.49347493597));
#18667=CARTESIAN_POINT('Ctrl Pts',(1.84783585578,0.877908020518,2.59540579976));
#18668=CARTESIAN_POINT('Ctrl Pts',(1.58791499247,0.874419652166,2.62908546305));
#18669=CARTESIAN_POINT('Ctrl Pts',(1.6007061163,0.487728130569,2.7306042016));
#18670=CARTESIAN_POINT('Ctrl Pts',(1.6426505845,0.783395282704,3.06350298011));
#18671=CARTESIAN_POINT('Ctrl Pts',(1.62985946068,1.1700868043,2.96198424157));
#18672=CARTESIAN_POINT('Ctrl Pts',(1.57512386864,1.26111117376,2.52756672451));
#18673=CARTESIAN_POINT('Ctrl Pts',(1.58791499247,0.874419652166,2.62908546305));
#18674=CARTESIAN_POINT('Origin',(1.6,0.899999999998,2.724999999999));
#18675=CARTESIAN_POINT('Ctrl Pts',(1.58791499247,0.874419652166,2.62908546305));
#18676=CARTESIAN_POINT('Ctrl Pts',(1.6007061163,0.487728130569,2.7306042016));
#18677=CARTESIAN_POINT('Ctrl Pts',(1.6426505845,0.783395282704,3.06350298011));
#18678=CARTESIAN_POINT('Ctrl Pts',(1.62985946068,1.1700868043,2.96198424157));
#18679=CARTESIAN_POINT('Ctrl Pts',(1.57512386864,1.26111117376,2.52756672451));
#18680=CARTESIAN_POINT('Ctrl Pts',(1.58791499247,0.874419652166,2.62908546305));
#18681=CARTESIAN_POINT('Ctrl Pts',(1.28289360418,0.870307032194,2.6686141684));
#18682=CARTESIAN_POINT('Ctrl Pts',(1.43052026632,0.487968451245,2.769724487));
#18683=CARTESIAN_POINT('Ctrl Pts',(1.36936829566,0.797909606671,3.10293554703));
#18684=CARTESIAN_POINT('Ctrl Pts',(1.22174163353,1.18024818759,3.0018252284));
#18685=CARTESIAN_POINT('Ctrl Pts',(1.13526694199,1.25264561311,2.56750384973));
#18686=CARTESIAN_POINT('Ctrl Pts',(1.28289360418,0.870307032194,2.6686141684));
#18687=CARTESIAN_POINT('Ctrl Pts',(0.97954229633,0.735561680246,2.70752160204));
#18688=CARTESIAN_POINT('Ctrl Pts',(1.25897036411,0.413841055021,2.79882981619));
#18689=CARTESIAN_POINT('Ctrl Pts',(1.08955876372,0.68490446014,3.1395350848));
#18690=CARTESIAN_POINT('Ctrl Pts',(0.810130697273,1.00662508163,3.04822687504));
#18691=CARTESIAN_POINT('Ctrl Pts',(0.700114231314,1.05728230541,2.61621338776));
#18692=CARTESIAN_POINT('Ctrl Pts',(0.97954229633,0.735561680246,2.70752160204));
#18693=CARTESIAN_POINT('Ctrl Pts',(0.752299321005,0.471689778695,2.74548599923));
#18694=CARTESIAN_POINT('Ctrl Pts',(1.13187089548,0.264239240921,2.81795060187));
#18695=CARTESIAN_POINT('Ctrl Pts',(0.89463986768,0.440827619701,3.17305783211));
#18696=CARTESIAN_POINT('Ctrl Pts',(0.515068293176,0.648278157475,3.10059322958));
#18697=CARTESIAN_POINT('Ctrl Pts',(0.372727746487,0.679140316497,2.67302139692));
#18698=CARTESIAN_POINT('Ctrl Pts',(0.752299321005,0.471689778695,2.74548599923));
#18699=CARTESIAN_POINT('Ctrl Pts',(0.603108903625,-0.120621453646,2.81548584972));
#18700=CARTESIAN_POINT('Ctrl Pts',(1.04801696214,-0.0682440794042,2.84527736138));
#18701=CARTESIAN_POINT('Ctrl Pts',(0.789078497895,-0.0577592026493,3.22737957147));
#18702=CARTESIAN_POINT('Ctrl Pts',(0.344170439403,-0.110136576891,3.19758805973));
#18703=CARTESIAN_POINT('Ctrl Pts',(0.158200845144,-0.172998827911,2.78569433781));
#18704=CARTESIAN_POINT('Ctrl Pts',(0.603108903625,-0.120621453646,2.81548584972));
#18705=CARTESIAN_POINT('Ctrl Pts',(0.893100418892,-0.645090596683,2.88682886778));
#18706=CARTESIAN_POINT('Ctrl Pts',(1.2103803172,-0.363645948606,2.87903380507));
#18707=CARTESIAN_POINT('Ctrl Pts',(1.0271140505,-0.46533590565,3.28021506703));
#18708=CARTESIAN_POINT('Ctrl Pts',(0.709834152178,-0.746780553726,3.28801012981));
#18709=CARTESIAN_POINT('Ctrl Pts',(0.575820520557,-0.926535244742,2.8946239307));
#18710=CARTESIAN_POINT('Ctrl Pts',(0.893100418892,-0.645090596683,2.88682886778));
#18711=CARTESIAN_POINT('Ctrl Pts',(1.1036820109,-0.823337107243,2.91867653857));
#18712=CARTESIAN_POINT('Ctrl Pts',(1.32930213756,-0.464781412037,2.89821527593));
#18713=CARTESIAN_POINT('Ctrl Pts',(1.18666430848,-0.598225672422,3.30484264243));
#18714=CARTESIAN_POINT('Ctrl Pts',(0.961044180533,-0.956781365912,3.32530389768));
#18715=CARTESIAN_POINT('Ctrl Pts',(0.878061882331,-1.18189279883,2.93913779267));
#18716=CARTESIAN_POINT('Ctrl Pts',(1.1036820109,-0.823337107243,2.91867653857));
#18717=CARTESIAN_POINT('Ctrl Pts',(1.35864485368,-0.910318892425,2.95052884375));
#18718=CARTESIAN_POINT('Ctrl Pts',(1.47374028024,-0.512222164193,2.92342867656));
#18719=CARTESIAN_POINT('Ctrl Pts',(1.37406328853,-0.669994953657,3.3329148297));
#18720=CARTESIAN_POINT('Ctrl Pts',(1.25896786201,-1.06809168189,3.36001499691));
#18721=CARTESIAN_POINT('Ctrl Pts',(1.24354942714,-1.30841562067,2.9776290109));
#18722=CARTESIAN_POINT('Ctrl Pts',(1.35864485368,-0.910318892425,2.95052884375));
#18723=CARTESIAN_POINT('Ctrl Pts',(1.61247087868,-0.906929507584,2.98227293645));
#18724=CARTESIAN_POINT('Ctrl Pts',(1.61593588981,-0.507891024735,2.95477233821));
#18725=CARTESIAN_POINT('Ctrl Pts',(1.56431986934,-0.679692235824,3.36443089152));
#18726=CARTESIAN_POINT('Ctrl Pts',(1.56085485821,-1.07873071867,3.39193148976));
#18727=CARTESIAN_POINT('Ctrl Pts',(1.60900586755,-1.30596799043,3.00977353469));
#18728=CARTESIAN_POINT('Ctrl Pts',(1.61247087868,-0.906929507584,2.98227293645));
#18729=CARTESIAN_POINT('Origin',(1.599999999954,-0.899999999999,3.081249999997));
#18730=CARTESIAN_POINT('Ctrl Pts',(1.61247087868,-0.906929507584,2.98227293645));
#18731=CARTESIAN_POINT('Ctrl Pts',(1.61593588981,-0.507891024735,2.95477233821));
#18732=CARTESIAN_POINT('Ctrl Pts',(1.56431986934,-0.679692235824,3.36443089152));
#18733=CARTESIAN_POINT('Ctrl Pts',(1.56085485821,-1.07873071867,3.39193148976));
#18734=CARTESIAN_POINT('Ctrl Pts',(1.60900586755,-1.30596799043,3.00977353469));
#18735=CARTESIAN_POINT('Ctrl Pts',(1.61247087868,-0.906929507584,2.98227293645));
#18736=CARTESIAN_POINT('Ctrl Pts',(1.92860859781,-0.902688515932,3.02180852327));
#18737=CARTESIAN_POINT('Ctrl Pts',(1.79302929873,-0.5024717064,2.99388675655));
#18738=CARTESIAN_POINT('Ctrl Pts',(1.80127732914,-0.691826041579,3.40372663951));
#18739=CARTESIAN_POINT('Ctrl Pts',(1.93685662818,-1.09204285111,3.43164840617));
#18740=CARTESIAN_POINT('Ctrl Pts',(2.06418789689,-1.30290532543,3.04973028988));
#18741=CARTESIAN_POINT('Ctrl Pts',(1.92860859781,-0.902688515932,3.02180852327));
#18742=CARTESIAN_POINT('Ctrl Pts',(2.24292341492,-0.763137437488,3.06151233217));
#18743=CARTESIAN_POINT('Ctrl Pts',(1.96901893029,-0.422982784467,3.02348940593));
#18744=CARTESIAN_POINT('Ctrl Pts',(2.04406290801,-0.593719870355,3.43767768978));
#18745=CARTESIAN_POINT('Ctrl Pts',(2.31796739325,-0.933874523264,3.47570061568));
#18746=CARTESIAN_POINT('Ctrl Pts',(2.51682789811,-1.103292089,3.09953526394));
#18747=CARTESIAN_POINT('Ctrl Pts',(2.24292341492,-0.763137437488,3.06151233217));
#18748=CARTESIAN_POINT('Ctrl Pts',(2.47864628149,-0.490400027994,3.10099265577));
#18749=CARTESIAN_POINT('Ctrl Pts',(2.10412599893,-0.270103672427,3.04358319829));
#18750=CARTESIAN_POINT('Ctrl Pts',(2.21406467876,-0.382310838622,3.46612145919));
#18751=CARTESIAN_POINT('Ctrl Pts',(2.58858496132,-0.602607194047,3.52353091667));
#18752=CARTESIAN_POINT('Ctrl Pts',(2.85316656405,-0.710696383391,3.15840211325));
#18753=CARTESIAN_POINT('Ctrl Pts',(2.47864628149,-0.490400027994,3.10099265577));
#18754=CARTESIAN_POINT('Ctrl Pts',(2.63344662752,0.12382512271,3.17455751441));
#18755=CARTESIAN_POINT('Ctrl Pts',(2.200409142,0.0862669572106,3.07489124862));
#18756=CARTESIAN_POINT('Ctrl Pts',(2.30810583246,0.0535225877123,3.51016311828));
#18757=CARTESIAN_POINT('Ctrl Pts',(2.74114331798,0.0910807531,3.60982938408));
#18758=CARTESIAN_POINT('Ctrl Pts',(3.06648411305,0.161383288075,3.27422378021));
#18759=CARTESIAN_POINT('Ctrl Pts',(2.63344662752,0.12382512271,3.17455751441));
#18760=CARTESIAN_POINT('Ctrl Pts',(2.33285217787,0.667114123683,3.2489854793));
#18761=CARTESIAN_POINT('Ctrl Pts',(2.0245271849,0.413301493347,3.1136181423));
#18762=CARTESIAN_POINT('Ctrl Pts',(2.09977537628,0.412598879397,3.55489332902));
#18763=CARTESIAN_POINT('Ctrl Pts',(2.40810036925,0.666411509821,3.69026066602));
#18764=CARTESIAN_POINT('Ctrl Pts',(2.64117717084,0.920926754125,3.38435281629));
#18765=CARTESIAN_POINT('Ctrl Pts',(2.33285217787,0.667114123683,3.2489854793));
#18766=CARTESIAN_POINT('Ctrl Pts',(2.11541267891,0.85142624615,3.28179422316));
#18767=CARTESIAN_POINT('Ctrl Pts',(1.89201270322,0.526833078639,3.13472583473));
#18768=CARTESIAN_POINT('Ctrl Pts',(1.95916613209,0.530237942404,3.57693347309));
#18769=CARTESIAN_POINT('Ctrl Pts',(2.18256610627,0.854831109315,3.72400185965));
#18770=CARTESIAN_POINT('Ctrl Pts',(2.33881265447,1.17601941259,3.42886261068));
#18771=CARTESIAN_POINT('Ctrl Pts',(2.11541267891,0.85142624615,3.28179422316));
#18772=CARTESIAN_POINT('Ctrl Pts',(1.85144836679,0.941836310029,3.31420792681));
#18773=CARTESIAN_POINT('Ctrl Pts',(1.7288141713,0.578269789713,3.16099119328));
#18774=CARTESIAN_POINT('Ctrl Pts',(1.79288987033,0.592707804926,3.60369302238));
#18775=CARTESIAN_POINT('Ctrl Pts',(1.91552406582,0.95627432523,3.75690975591));
#18776=CARTESIAN_POINT('Ctrl Pts',(1.97408256226,1.30540283035,3.46742466039));
#18777=CARTESIAN_POINT('Ctrl Pts',(1.85144836679,0.941836310029,3.31420792681));
#18778=CARTESIAN_POINT('Ctrl Pts',(1.58847316786,0.938700387379,3.34601550865));
#18779=CARTESIAN_POINT('Ctrl Pts',(1.56912153704,0.569869151898,3.19242828875));
#18780=CARTESIAN_POINT('Ctrl Pts',(1.62490468099,0.599483220121,3.6351598641));
#18781=CARTESIAN_POINT('Ctrl Pts',(1.64425631182,0.968314455603,3.788747084));
#18782=CARTESIAN_POINT('Ctrl Pts',(1.60782479869,1.30753162286,3.49960272855));
#18783=CARTESIAN_POINT('Ctrl Pts',(1.58847316786,0.938700387379,3.34601550865));
#18784=CARTESIAN_POINT('Origin',(1.599999999997,0.9,3.4375));
#18785=CARTESIAN_POINT('Ctrl Pts',(1.58847316786,0.938700387379,3.34601550865));
#18786=CARTESIAN_POINT('Ctrl Pts',(1.56912153704,0.569869151898,3.19242828875));
#18787=CARTESIAN_POINT('Ctrl Pts',(1.62490468099,0.599483220121,3.6351598641));
#18788=CARTESIAN_POINT('Ctrl Pts',(1.64425631182,0.968314455603,3.788747084));
#18789=CARTESIAN_POINT('Ctrl Pts',(1.60782479869,1.30753162286,3.49960272855));
#18790=CARTESIAN_POINT('Ctrl Pts',(1.58847316786,0.938700387379,3.34601550865));
#18791=CARTESIAN_POINT('Ctrl Pts',(1.27795676833,0.934980404984,3.38356609354));
#18792=CARTESIAN_POINT('Ctrl Pts',(1.38056773632,0.559903966594,3.22960944613));
#18793=CARTESIAN_POINT('Ctrl Pts',(1.42655809843,0.607520560192,3.67237068412));
#18794=CARTESIAN_POINT('Ctrl Pts',(1.32394713046,0.982596998611,3.82632733147));
#18795=CARTESIAN_POINT('Ctrl Pts',(1.17534580032,1.31005684337,3.53752274096));
#18796=CARTESIAN_POINT('Ctrl Pts',(1.27795676833,0.934980404984,3.38356609354));
#18797=CARTESIAN_POINT('Ctrl Pts',(0.969046656064,0.80489452691,3.42196225334));
#18798=CARTESIAN_POINT('Ctrl Pts',(1.19512271644,0.477394237443,3.25957867622));
#18799=CARTESIAN_POINT('Ctrl Pts',(1.22414401717,0.529139567027,3.70301601043));
#18800=CARTESIAN_POINT('Ctrl Pts',(0.998067955554,0.856639855852,3.86539958484));
#18801=CARTESIAN_POINT('Ctrl Pts',(0.742970596357,1.13239482018,3.58434583168));
#18802=CARTESIAN_POINT('Ctrl Pts',(0.969046656064,0.80489452691,3.42196225334));
#18803=CARTESIAN_POINT('Ctrl Pts',(0.72934908989,0.549747124612,3.4609606874));
#18804=CARTESIAN_POINT('Ctrl Pts',(1.04552136701,0.323918469982,3.2823799851));
#18805=CARTESIAN_POINT('Ctrl Pts',(1.07362640492,0.361564061118,3.72714607836));
#18806=CARTESIAN_POINT('Ctrl Pts',(0.757454127822,0.587392715748,3.90572678057));
#18807=CARTESIAN_POINT('Ctrl Pts',(0.413176812898,0.775575779242,3.6395413898));
#18808=CARTESIAN_POINT('Ctrl Pts',(0.72934908989,0.549747124612,3.4609606874));
#18809=CARTESIAN_POINT('Ctrl Pts',(0.529427452188,-0.0662312269548,3.5375125167));
#18810=CARTESIAN_POINT('Ctrl Pts',(0.907423116528,-0.0676720154051,3.3223595277));
#18811=CARTESIAN_POINT('Ctrl Pts',(0.959478878779,-0.019938405968,3.76494265365));
#18812=CARTESIAN_POINT('Ctrl Pts',(0.581483214416,-0.0184976175177,3.98009564274));
#18813=CARTESIAN_POINT('Ctrl Pts',(0.151431787735,-0.0647904385045,3.7526655056));
#18814=CARTESIAN_POINT('Ctrl Pts',(0.529427452188,-0.0662312269548,3.5375125167));
#18815=CARTESIAN_POINT('Ctrl Pts',(0.802023013625,-0.64905676888,3.61477449577));
#18816=CARTESIAN_POINT('Ctrl Pts',(1.08164866848,-0.460951382503,3.36811293227));
#18817=CARTESIAN_POINT('Ctrl Pts',(1.12663141343,-0.362682333273,3.80314063517));
#18818=CARTESIAN_POINT('Ctrl Pts',(0.847005758593,-0.55078771965,4.04980219859));
#18819=CARTESIAN_POINT('Ctrl Pts',(0.52239735887,-0.837162155257,3.86143605935));
#18820=CARTESIAN_POINT('Ctrl Pts',(0.802023013625,-0.64905676888,3.61477449577));
#18821=CARTESIAN_POINT('Ctrl Pts',(1.03264957295,-0.863176631267,3.65061764261));
#18822=CARTESIAN_POINT('Ctrl Pts',(1.23996821035,-0.61153172986,3.3932662909));
#18823=CARTESIAN_POINT('Ctrl Pts',(1.26029436617,-0.485097893361,3.82415474956));
#18824=CARTESIAN_POINT('Ctrl Pts',(1.05297573023,-0.736742795717,4.08150609705));
#18825=CARTESIAN_POINT('Ctrl Pts',(0.825330936475,-1.11482152938,3.90796899863));
#18826=CARTESIAN_POINT('Ctrl Pts',(1.03264957295,-0.863176631267,3.65061764261));
#18827=CARTESIAN_POINT('Ctrl Pts',(1.32141653875,-0.96905072541,3.68565369678));
#18828=CARTESIAN_POINT('Ctrl Pts',(1.44373181377,-0.679359006266,3.42267844094));
#18829=CARTESIAN_POINT('Ctrl Pts',(1.42419990436,-0.548001959131,3.85139296303));
#18830=CARTESIAN_POINT('Ctrl Pts',(1.30188462934,-0.837693678223,4.11436821894));
#18831=CARTESIAN_POINT('Ctrl Pts',(1.1991012637,-1.25874244453,3.94862895267));
#18832=CARTESIAN_POINT('Ctrl Pts',(1.32141653875,-0.96905072541,3.68565369678));
#18833=CARTESIAN_POINT('Ctrl Pts',(1.60935354261,-0.96634418563,3.71951415776));
#18834=CARTESIAN_POINT('Ctrl Pts',(1.6425280991,-0.667053048893,3.456219144));
#18835=CARTESIAN_POINT('Ctrl Pts',(1.58852665024,-0.551321874741,3.88481001984));
#18836=CARTESIAN_POINT('Ctrl Pts',(1.55535209375,-0.850613011478,4.1481050336));
#18837=CARTESIAN_POINT('Ctrl Pts',(1.57617898611,-1.26563532237,3.98280917152));
#18838=CARTESIAN_POINT('Ctrl Pts',(1.60935354261,-0.96634418563,3.71951415776));
#18839=CARTESIAN_POINT('Origin',(1.599999999956,-0.899999999999,3.793749999999));
#18840=CARTESIAN_POINT('Ctrl Pts',(1.60935354261,-0.96634418563,3.71951415776));
#18841=CARTESIAN_POINT('Ctrl Pts',(1.6425280991,-0.667053048893,3.456219144));
#18842=CARTESIAN_POINT('Ctrl Pts',(1.58852665024,-0.551321874741,3.88481001984));
#18843=CARTESIAN_POINT('Ctrl Pts',(1.55535209375,-0.850613011478,4.1481050336));
#18844=CARTESIAN_POINT('Ctrl Pts',(1.57617898611,-1.26563532237,3.98280917152));
#18845=CARTESIAN_POINT('Ctrl Pts',(1.60935354261,-0.96634418563,3.71951415776));
#18846=CARTESIAN_POINT('Ctrl Pts',(1.81420654572,-0.964409702863,3.74359625495));
#18847=CARTESIAN_POINT('Ctrl Pts',(1.78395754386,-0.658257487706,3.48010912977));
#18848=CARTESIAN_POINT('Ctrl Pts',(1.7054313636,-0.553694780276,3.90862571966));
#18849=CARTESIAN_POINT('Ctrl Pts',(1.73568036541,-0.859846995395,4.17211284489));
#18850=CARTESIAN_POINT('Ctrl Pts',(1.84445554756,-1.27056191805,4.00708338013));
#18851=CARTESIAN_POINT('Ctrl Pts',(1.81420654572,-0.964409702863,3.74359625495));
#18852=CARTESIAN_POINT('Ctrl Pts',(2.0184847371,-0.908868932535,3.76827364252));
#18853=CARTESIAN_POINT('Ctrl Pts',(1.92337788504,-0.615055985719,3.50190924381));
#18854=CARTESIAN_POINT('Ctrl Pts',(1.823343321,-0.524251614799,3.92931297529));
#18855=CARTESIAN_POINT('Ctrl Pts',(1.91845017269,-0.818064561622,4.19567737354));
#18856=CARTESIAN_POINT('Ctrl Pts',(2.11359158779,-1.20268187838,4.03463803902));
#18857=CARTESIAN_POINT('Ctrl Pts',(2.0184847371,-0.908868932535,3.76827364252));
#18858=CARTESIAN_POINT('Ctrl Pts',(2.20396398824,-0.800028831438,3.79353462535));
#18859=CARTESIAN_POINT('Ctrl Pts',(2.05107219168,-0.538051948961,3.52168491077));
#18860=CARTESIAN_POINT('Ctrl Pts',(1.93039924828,-0.462349416892,3.94697437673));
#18861=CARTESIAN_POINT('Ctrl Pts',(2.08329104488,-0.724326299379,4.21882409131));
#18862=CARTESIAN_POINT('Ctrl Pts',(2.35685578484,-1.06200571392,4.06538433993));
#18863=CARTESIAN_POINT('Ctrl Pts',(2.20396398824,-0.800028831438,3.79353462535));
#18864=CARTESIAN_POINT('Ctrl Pts',(2.49811267011,-0.496348612972,3.84487899354));
#18865=CARTESIAN_POINT('Ctrl Pts',(2.25988974196,-0.323752830867,3.5584190072));
#18866=CARTESIAN_POINT('Ctrl Pts',(2.09802704867,-0.288886666565,3.97695986489));
#18867=CARTESIAN_POINT('Ctrl Pts',(2.33624997678,-0.46148244866,4.26341985123));
#18868=CARTESIAN_POINT('Ctrl Pts',(2.73633559822,-0.668944395078,4.13133897989));
#18869=CARTESIAN_POINT('Ctrl Pts',(2.49811267011,-0.496348612972,3.84487899354));
#18870=CARTESIAN_POINT('Ctrl Pts',(2.60574224573,-0.0860695909967,3.89777434204));
#18871=CARTESIAN_POINT('Ctrl Pts',(2.34449418362,-0.0254191922921,3.59324737729));
#18872=CARTESIAN_POINT('Ctrl Pts',(2.15717566741,-0.056492331576,4.00056405944));
#18873=CARTESIAN_POINT('Ctrl Pts',(2.41842372956,-0.11714273029,4.30509102419));
#18874=CARTESIAN_POINT('Ctrl Pts',(2.86699030789,-0.146719989701,4.2023013068));
#18875=CARTESIAN_POINT('Ctrl Pts',(2.60574224573,-0.0860695909967,3.89777434204));
#18876=CARTESIAN_POINT('Ctrl Pts',(2.60420375888,0.128029942344,3.92423259957));
#18877=CARTESIAN_POINT('Ctrl Pts',(2.34797275796,0.13463382246,3.61082226311));
#18878=CARTESIAN_POINT('Ctrl Pts',(2.15535045524,0.0635748539094,4.01158426969));
#18879=CARTESIAN_POINT('Ctrl Pts',(2.41158145616,0.0569709737627,4.32499460623));
#18880=CARTESIAN_POINT('Ctrl Pts',(2.86043475984,0.121426062258,4.23764293612));
#18881=CARTESIAN_POINT('Ctrl Pts',(2.60420375888,0.128029942344,3.92423259957));
#18882=CARTESIAN_POINT('Ctrl Pts',(2.48814763353,0.533499373125,3.97684155209));
#18883=CARTESIAN_POINT('Ctrl Pts',(2.26529543867,0.446527051138,3.64773425385));
#18884=CARTESIAN_POINT('Ctrl Pts',(2.08973508591,0.289680880865,4.03482680858));
#18885=CARTESIAN_POINT('Ctrl Pts',(2.31258728077,0.376653202882,4.36393410674));
#18886=CARTESIAN_POINT('Ctrl Pts',(2.71099982836,0.620471695082,4.30594885025));
#18887=CARTESIAN_POINT('Ctrl Pts',(2.48814763353,0.533499373125,3.97684155209));
#18888=CARTESIAN_POINT('Ctrl Pts',(2.18749739301,0.831113404582,4.02823910257));
#18889=CARTESIAN_POINT('Ctrl Pts',(2.02899239727,0.681153400271,3.68877016517));
#18890=CARTESIAN_POINT('Ctrl Pts',(1.92318303901,0.454442223624,4.06437121491));
#18891=CARTESIAN_POINT('Ctrl Pts',(2.08168803475,0.604402227906,4.40384015239));
#18892=CARTESIAN_POINT('Ctrl Pts',(2.34600238879,0.981073408923,4.36770804005));
#18893=CARTESIAN_POINT('Ctrl Pts',(2.18749739301,0.831113404582,4.02823910257));
#18894=CARTESIAN_POINT('Ctrl Pts',(2.00201485719,0.936265200426,4.05318022135));
#18895=CARTESIAN_POINT('Ctrl Pts',(1.8792059363,0.763446534089,3.71023621408));
#18896=CARTESIAN_POINT('Ctrl Pts',(1.82081395954,0.512527019329,4.08147022068));
#18897=CARTESIAN_POINT('Ctrl Pts',(1.94362287927,0.685345685796,4.42441422599));
#18898=CARTESIAN_POINT('Ctrl Pts',(2.12482377769,1.10908386666,4.39612423269));
#18899=CARTESIAN_POINT('Ctrl Pts',(2.00201485719,0.936265200426,4.05318022135));
#18900=CARTESIAN_POINT('Ctrl Pts',(1.79780717664,0.98815396558,4.07742540303));
#18901=CARTESIAN_POINT('Ctrl Pts',(1.71347313247,0.799043460235,3.73264748809));
#18902=CARTESIAN_POINT('Ctrl Pts',(1.70854294713,0.540982846841,4.10157627926));
#18903=CARTESIAN_POINT('Ctrl Pts',(1.79287699131,0.730093352231,4.44635419424));
#18904=CARTESIAN_POINT('Ctrl Pts',(1.88214122083,1.17726447099,4.42220331798));
#18905=CARTESIAN_POINT('Ctrl Pts',(1.79780717664,0.98815396558,4.07742540303));
#18906=CARTESIAN_POINT('Ctrl Pts',(1.59381722608,0.986912916093,4.10092945565));
#18907=CARTESIAN_POINT('Ctrl Pts',(1.55035754054,0.789078843552,3.75600491974));
#18908=CARTESIAN_POINT('Ctrl Pts',(1.596818479,0.540344215449,4.12474936509));
#18909=CARTESIAN_POINT('Ctrl Pts',(1.64027816453,0.73817828799,4.46967390101));
#18910=CARTESIAN_POINT('Ctrl Pts',(1.63727691162,1.18474698863,4.44585399156));
#18911=CARTESIAN_POINT('Ctrl Pts',(1.59381722608,0.986912916093,4.10092945565));
#18912=CARTESIAN_POINT('Origin',(1.600000000001,0.899999999999,4.149999999999));
#18913=CARTESIAN_POINT('Ctrl Pts',(1.59381722608,0.986912916093,4.10092945565));
#18914=CARTESIAN_POINT('Ctrl Pts',(1.55035754054,0.789078843552,3.75600491974));
#18915=CARTESIAN_POINT('Ctrl Pts',(1.596818479,0.540344215449,4.12474936509));
#18916=CARTESIAN_POINT('Ctrl Pts',(1.64027816453,0.73817828799,4.46967390101));
#18917=CARTESIAN_POINT('Ctrl Pts',(1.63727691162,1.18474698863,4.44585399156));
#18918=CARTESIAN_POINT('Ctrl Pts',(1.59381722608,0.986912916093,4.10092945565));
#18919=CARTESIAN_POINT('Ctrl Pts',(1.38832269304,0.985656924047,4.12459663384));
#18920=CARTESIAN_POINT('Ctrl Pts',(1.38604169672,0.778994322796,3.77954736667));
#18921=CARTESIAN_POINT('Ctrl Pts',(1.48427591438,0.539697923749,4.14813498966));
#18922=CARTESIAN_POINT('Ctrl Pts',(1.48655691069,0.746360524983,4.49318425677));
#18923=CARTESIAN_POINT('Ctrl Pts',(1.39060368934,1.19231952527,4.469645901));
#18924=CARTESIAN_POINT('Ctrl Pts',(1.38832269304,0.985656924047,4.12459663384));
#18925=CARTESIAN_POINT('Ctrl Pts',(1.18324170326,0.931347414043,4.14901616718));
#18926=CARTESIAN_POINT('Ctrl Pts',(1.22416404821,0.729603627265,3.80212984673));
#18927=CARTESIAN_POINT('Ctrl Pts',(1.37150509435,0.509973467787,4.16840737845));
#18928=CARTESIAN_POINT('Ctrl Pts',(1.33058274847,0.711717254289,4.51529369878));
#18929=CARTESIAN_POINT('Ctrl Pts',(1.14231935532,1.13309119973,4.49590248965));
#18930=CARTESIAN_POINT('Ctrl Pts',(1.18324170326,0.931347414043,4.14901616718));
#18931=CARTESIAN_POINT('Ctrl Pts',(0.996663493387,0.8243082358,4.17415015898));
#18932=CARTESIAN_POINT('Ctrl Pts',(1.07579407512,0.641812602894,3.82376365825));
#18933=CARTESIAN_POINT('Ctrl Pts',(1.2685206577,0.450868420728,4.18564841955));
#18934=CARTESIAN_POINT('Ctrl Pts',(1.18939007592,0.633364053629,4.53603492032));
#18935=CARTESIAN_POINT('Ctrl Pts',(0.917532911613,1.00680386866,4.52453665983));
#18936=CARTESIAN_POINT('Ctrl Pts',(0.996663493387,0.8243082358,4.17415015898));
#18937=CARTESIAN_POINT('Ctrl Pts',(0.695320820349,0.522111511558,4.22594859622));
#18938=CARTESIAN_POINT('Ctrl Pts',(0.828958655221,0.395256723209,3.86645358115));
#18939=CARTESIAN_POINT('Ctrl Pts',(1.10162646952,0.283614096748,4.21532904379));
#18940=CARTESIAN_POINT('Ctrl Pts',(0.967988634698,0.410468885102,4.57482405882));
#18941=CARTESIAN_POINT('Ctrl Pts',(0.561682985518,0.648966299951,4.58544361117));
#18942=CARTESIAN_POINT('Ctrl Pts',(0.695320820349,0.522111511558,4.22594859622));
#18943=CARTESIAN_POINT('Ctrl Pts',(0.579388383657,0.110298449234,4.27951026494));
#18944=CARTESIAN_POINT('Ctrl Pts',(0.724385183586,0.0498103963925,3.90950538447));
#18945=CARTESIAN_POINT('Ctrl Pts',(1.03619156664,0.054113823359,4.23901929794));
#18946=CARTESIAN_POINT('Ctrl Pts',(0.89119476666,0.114601876196,4.60902417845));
#18947=CARTESIAN_POINT('Ctrl Pts',(0.434391583688,0.170786502031,4.64951514553));
#18948=CARTESIAN_POINT('Ctrl Pts',(0.579388383657,0.110298449234,4.27951026494));
#18949=CARTESIAN_POINT('Ctrl Pts',(0.57741378233,-0.107263750766,4.30653678892));
#18950=CARTESIAN_POINT('Ctrl Pts',(0.717306638664,-0.137793649558,3.93161839011));
#18951=CARTESIAN_POINT('Ctrl Pts',(1.03418206368,-0.0677455866572,4.25033205337));
#18952=CARTESIAN_POINT('Ctrl Pts',(0.894289207365,-0.0372156878353,4.62525045218));
#18953=CARTESIAN_POINT('Ctrl Pts',(0.437520925985,-0.0767338519647,4.68145518789));
#18954=CARTESIAN_POINT('Ctrl Pts',(0.57741378233,-0.107263750766,4.30653678892));
#18955=CARTESIAN_POINT('Ctrl Pts',(0.688795591056,-0.524429699651,4.36064396974));
#18956=CARTESIAN_POINT('Ctrl Pts',(0.808378799125,-0.507806734599,3.97759986316));
#18957=CARTESIAN_POINT('Ctrl Pts',(1.09544249301,-0.303616338716,4.27460613565));
#18958=CARTESIAN_POINT('Ctrl Pts',(0.975859284924,-0.320239303799,4.65765024223));
#18959=CARTESIAN_POINT('Ctrl Pts',(0.569212382996,-0.541052664714,4.74368807615));
#18960=CARTESIAN_POINT('Ctrl Pts',(0.688795591056,-0.524429699651,4.36064396974));
#18961=CARTESIAN_POINT('Ctrl Pts',(0.99193112719,-0.833395479464,4.41320603252));
#18962=CARTESIAN_POINT('Ctrl Pts',(1.08307071835,-0.789170657116,4.02558267004));
#18963=CARTESIAN_POINT('Ctrl Pts',(1.26777929405,-0.479595535965,4.30528879651));
#18964=CARTESIAN_POINT('Ctrl Pts',(1.1766397029,-0.523820358283,4.69291215899));
#18965=CARTESIAN_POINT('Ctrl Pts',(0.900791536015,-0.877620301803,4.80082939516));
#18966=CARTESIAN_POINT('Ctrl Pts',(0.99193112719,-0.833395479464,4.41320603252));
#18967=CARTESIAN_POINT('Ctrl Pts',(1.18213246047,-0.943728934947,4.43882316346));
#18968=CARTESIAN_POINT('Ctrl Pts',(1.26027267428,-0.889189846323,4.04983208307));
#18969=CARTESIAN_POINT('Ctrl Pts',(1.37715269525,-0.542168448481,4.32308356625));
#18970=CARTESIAN_POINT('Ctrl Pts',(1.29901248275,-0.596707536011,4.71207464356));
#18971=CARTESIAN_POINT('Ctrl Pts',(1.10399224798,-0.998268024244,4.82781424076));
#18972=CARTESIAN_POINT('Ctrl Pts',(1.18213246047,-0.943728934947,4.43882316346));
#18973=CARTESIAN_POINT('Ctrl Pts',(1.39224921966,-0.998693979809,4.4636346773));
#18974=CARTESIAN_POINT('Ctrl Pts',(1.4571976596,-0.933452684015,4.07392082914));
#18975=CARTESIAN_POINT('Ctrl Pts',(1.49796651674,-0.571297408968,4.3437633296));
#18976=CARTESIAN_POINT('Ctrl Pts',(1.43301807679,-0.636538704761,4.73347717776));
#18977=CARTESIAN_POINT('Ctrl Pts',(1.32730077972,-1.06393527557,4.85334852546));
#18978=CARTESIAN_POINT('Ctrl Pts',(1.39224921966,-0.998693979809,4.4636346773));
#18979=CARTESIAN_POINT('Ctrl Pts',(1.60235266259,-0.998213090961,4.48757772798));
#18980=CARTESIAN_POINT('Ctrl Pts',(1.65146285519,-0.92293347737,4.09780706623));
#18981=CARTESIAN_POINT('Ctrl Pts',(1.61749710833,-0.567720920322,4.36738148519));
#18982=CARTESIAN_POINT('Ctrl Pts',(1.56838691573,-0.643000533913,4.75715214694));
#18983=CARTESIAN_POINT('Ctrl Pts',(1.55324247,-1.07349270455,4.87734838973));
#18984=CARTESIAN_POINT('Ctrl Pts',(1.60235266259,-0.998213090961,4.48757772798));
#18985=CARTESIAN_POINT('Origin',(1.599999999951,-0.9,4.506250000001));
#18986=CARTESIAN_POINT('Ctrl Pts',(1.60235266259,-0.998213090961,4.48757772798));
#18987=CARTESIAN_POINT('Ctrl Pts',(1.65146285519,-0.92293347737,4.09780706623));
#18988=CARTESIAN_POINT('Ctrl Pts',(1.61749710833,-0.567720920322,4.36738148519));
#18989=CARTESIAN_POINT('Ctrl Pts',(1.56838691573,-0.643000533913,4.75715214694));
#18990=CARTESIAN_POINT('Ctrl Pts',(1.55324247,-1.07349270455,4.87734838973));
#18991=CARTESIAN_POINT('Ctrl Pts',(1.60235266259,-0.998213090961,4.48757772798));
#18992=CARTESIAN_POINT('Ctrl Pts',(1.80689976313,-0.997742746316,4.51087620422));
#18993=CARTESIAN_POINT('Ctrl Pts',(1.84058935616,-0.912645111917,4.12105883306));
#18994=CARTESIAN_POINT('Ctrl Pts',(1.73386096051,-0.564222940326,4.39041285234));
#18995=CARTESIAN_POINT('Ctrl Pts',(1.70017136749,-0.64932057468,4.78023022346));
#18996=CARTESIAN_POINT('Ctrl Pts',(1.7732101701,-1.08284038071,4.90069357531));
#18997=CARTESIAN_POINT('Ctrl Pts',(1.80689976313,-0.997742746316,4.51087620422));
#18998=CARTESIAN_POINT('Ctrl Pts',(2.01122564088,-0.945038340807,4.53499805858));
#18999=CARTESIAN_POINT('Ctrl Pts',(2.02712217133,-0.85739084523,4.14450305229));
#19000=CARTESIAN_POINT('Ctrl Pts',(1.84970220722,-0.532094428514,4.41065861212));
#19001=CARTESIAN_POINT('Ctrl Pts',(1.8338056757,-0.619741925267,4.80115361834));
#19002=CARTESIAN_POINT('Ctrl Pts',(1.9953291091,-1.03268583742,4.9254930678));
#19003=CARTESIAN_POINT('Ctrl Pts',(2.01122564088,-0.945038340807,4.53499805858));
#19004=CARTESIAN_POINT('Ctrl Pts',(2.19733753705,-0.840415998446,4.55987659963));
#19005=CARTESIAN_POINT('Ctrl Pts',(2.1980166239,-0.758285404808,4.1680900181));
#19006=CARTESIAN_POINT('Ctrl Pts',(1.9558862485,-0.47137672556,4.42816563889));
#19007=CARTESIAN_POINT('Ctrl Pts',(1.95520716165,-0.553507319208,4.81995222043));
#19008=CARTESIAN_POINT('Ctrl Pts',(2.1966584502,-0.922546592084,4.95166318125));
#19009=CARTESIAN_POINT('Ctrl Pts',(2.19733753705,-0.840415998446,4.55987659963));
#19010=CARTESIAN_POINT('Ctrl Pts',(2.50283854506,-0.541926596604,4.6116896798));
#19011=CARTESIAN_POINT('Ctrl Pts',(2.48593853581,-0.477501191133,4.21697658248));
#19012=CARTESIAN_POINT('Ctrl Pts',(2.13312713525,-0.298455268868,4.45938529982));
#19013=CARTESIAN_POINT('Ctrl Pts',(2.1500271445,-0.362880674329,4.85409839713));
#19014=CARTESIAN_POINT('Ctrl Pts',(2.5197385543,-0.606352002075,5.00640277704));
#19015=CARTESIAN_POINT('Ctrl Pts',(2.50283854506,-0.541926596604,4.6116896798));
#19016=CARTESIAN_POINT('Ctrl Pts',(2.62519566559,-0.132051376588,4.66530609738));
#19017=CARTESIAN_POINT('Ctrl Pts',(2.61141542982,-0.0827762020648,4.26852426312));
#19018=CARTESIAN_POINT('Ctrl Pts',(2.208570057,-0.0566075182886,4.48562383681));
#19019=CARTESIAN_POINT('Ctrl Pts',(2.22235029277,-0.105882692822,4.88240567108));
#19020=CARTESIAN_POINT('Ctrl Pts',(2.63897590136,-0.181326551112,5.06208793172));
#19021=CARTESIAN_POINT('Ctrl Pts',(2.62519566559,-0.132051376588,4.66530609738));
#19022=CARTESIAN_POINT('Ctrl Pts',(2.63015436136,0.0868041361418,4.69255217362));
#19023=CARTESIAN_POINT('Ctrl Pts',(2.62196744922,0.133378901308,4.29534776046));
#19024=CARTESIAN_POINT('Ctrl Pts',(2.21422195129,0.0748526304123,4.49852977299));
#19025=CARTESIAN_POINT('Ctrl Pts',(2.22240886339,0.028277865226,4.89573418622));
#19026=CARTESIAN_POINT('Ctrl Pts',(2.63834127351,0.0402293709454,5.08975658685));
#19027=CARTESIAN_POINT('Ctrl Pts',(2.63015436136,0.0868041361418,4.69255217362));
#19028=CARTESIAN_POINT('Ctrl Pts',(2.5240354132,0.510861206869,4.74743764276));
#19029=CARTESIAN_POINT('Ctrl Pts',(2.5226131736,0.563090993615,4.35077096114));
#19030=CARTESIAN_POINT('Ctrl Pts',(2.15335036476,0.335188269294,4.52633408992));
#19031=CARTESIAN_POINT('Ctrl Pts',(2.15477260439,0.282958482569,4.92300077146));
#19032=CARTESIAN_POINT('Ctrl Pts',(2.5254576528,0.458631420154,5.1441043243));
#19033=CARTESIAN_POINT('Ctrl Pts',(2.5240354132,0.510861206869,4.74743764276));
#19034=CARTESIAN_POINT('Ctrl Pts',(2.22150089668,0.827333034246,4.80060070094));
#19035=CARTESIAN_POINT('Ctrl Pts',(2.20996690732,0.892133237114,4.40592356494));
#19036=CARTESIAN_POINT('Ctrl Pts',(1.96477650108,0.53353711558,4.56003154514));
#19037=CARTESIAN_POINT('Ctrl Pts',(1.97631049039,0.468736912691,4.95470868122));
#19038=CARTESIAN_POINT('Ctrl Pts',(2.23303488604,0.762532831347,5.19527783702));
#19039=CARTESIAN_POINT('Ctrl Pts',(2.22150089668,0.827333034246,4.80060070094));
#19040=CARTESIAN_POINT('Ctrl Pts',(2.02882372368,0.941335455424,4.82665742147));
#19041=CARTESIAN_POINT('Ctrl Pts',(2.00554871554,1.0104044331,4.43301712127));
#19042=CARTESIAN_POINT('Ctrl Pts',(1.8417277205,0.604703708367,4.57919237032));
#19043=CARTESIAN_POINT('Ctrl Pts',(1.86500272869,0.535634730332,4.97283267386));
#19044=CARTESIAN_POINT('Ctrl Pts',(2.05209873124,0.872266477203,5.22029772408));
#19045=CARTESIAN_POINT('Ctrl Pts',(2.02882372368,0.941335455424,4.82665742147));
#19046=CARTESIAN_POINT('Ctrl Pts',(1.81537954097,0.998680685884,4.85188939944));
#19047=CARTESIAN_POINT('Ctrl Pts',(1.77767821925,1.06426870235,4.45879607523));
#19048=CARTESIAN_POINT('Ctrl Pts',(1.70492889956,0.63675194694,4.60077753294));
#19049=CARTESIAN_POINT('Ctrl Pts',(1.74263022129,0.571163930488,4.99387085715));
#19050=CARTESIAN_POINT('Ctrl Pts',(1.85308086267,0.933092669423,5.24498272369));
#19051=CARTESIAN_POINT('Ctrl Pts',(1.81537954097,0.998680685884,4.85188939944));
#19052=CARTESIAN_POINT('Ctrl Pts',(1.60172834098,0.999039638493,4.87621724625));
#19053=CARTESIAN_POINT('Ctrl Pts',(1.55220484392,1.05434244236,4.48316632954));
#19054=CARTESIAN_POINT('Ctrl Pts',(1.57005322854,0.630532486452,4.6248228029));
#19055=CARTESIAN_POINT('Ctrl Pts',(1.6195767256,0.57522968259,5.01787371961));
#19056=CARTESIAN_POINT('Ctrl Pts',(1.65125183803,0.943736834631,5.26926816296));
#19057=CARTESIAN_POINT('Ctrl Pts',(1.60172834098,0.999039638493,4.87621724625));
#19058=CARTESIAN_POINT('Origin',(1.600000000002,0.9,4.862500000002));
#19059=CARTESIAN_POINT('Ctrl Pts',(1.60172834098,0.999039638493,4.87621724625));
#19060=CARTESIAN_POINT('Ctrl Pts',(1.55220484392,1.05434244236,4.48316632954));
#19061=CARTESIAN_POINT('Ctrl Pts',(1.57005322854,0.630532486452,4.6248228029));
#19062=CARTESIAN_POINT('Ctrl Pts',(1.6195767256,0.57522968259,5.01787371961));
#19063=CARTESIAN_POINT('Ctrl Pts',(1.65125183803,0.943736834631,5.26926816296));
#19064=CARTESIAN_POINT('Ctrl Pts',(1.60172834098,0.999039638493,4.87621724625));
#19065=CARTESIAN_POINT('Ctrl Pts',(1.39338145808,0.999391288438,4.89992942169));
#19066=CARTESIAN_POINT('Ctrl Pts',(1.33232879961,1.04461786054,4.50691342704));
#19067=CARTESIAN_POINT('Ctrl Pts',(1.43853112668,0.624439417182,4.64830227437));
#19068=CARTESIAN_POINT('Ctrl Pts',(1.49958378518,0.579212845063,5.04131826899));
#19069=CARTESIAN_POINT('Ctrl Pts',(1.45443411657,0.954164716347,5.29294541639));
#19070=CARTESIAN_POINT('Ctrl Pts',(1.39338145808,0.999391288438,4.89992942169));
#19071=CARTESIAN_POINT('Ctrl Pts',(1.18505358129,0.945309167969,4.92450160441));
#19072=CARTESIAN_POINT('Ctrl Pts',(1.11509336821,0.980922395012,4.5320009385));
#19073=CARTESIAN_POINT('Ctrl Pts',(1.30826289751,0.586150571824,4.66944193491));
#19074=CARTESIAN_POINT('Ctrl Pts',(1.37822311215,0.550537346204,5.06194259345));
#19075=CARTESIAN_POINT('Ctrl Pts',(1.25501379436,0.90969594302,5.31700226309));
#19076=CARTESIAN_POINT('Ctrl Pts',(1.18505358129,0.945309167969,4.92450160441));
#19077=CARTESIAN_POINT('Ctrl Pts',(0.99601742334,0.836856204707,4.94988225849));
#19078=CARTESIAN_POINT('Ctrl Pts',(0.916976658473,0.864338543786,4.55836086063));
#19079=CARTESIAN_POINT('Ctrl Pts',(1.18908184915,0.515913701087,4.68828046385));
#19080=CARTESIAN_POINT('Ctrl Pts',(1.26812261403,0.488431362039,5.07980186179));
#19081=CARTESIAN_POINT('Ctrl Pts',(1.07505818823,0.809373865658,5.34140365651));
#19082=CARTESIAN_POINT('Ctrl Pts',(0.99601742334,0.836856204707,4.94988225849));
#19083=CARTESIAN_POINT('Ctrl Pts',(0.691871299136,0.531367458007,5.00220313872));
#19084=CARTESIAN_POINT('Ctrl Pts',(0.590619172529,0.537560015878,4.61418410147));
#19085=CARTESIAN_POINT('Ctrl Pts',(0.992039541031,0.318744538829,4.7228560955));
#19086=CARTESIAN_POINT('Ctrl Pts',(1.09329166763,0.312551980928,5.11087513267));
#19087=CARTESIAN_POINT('Ctrl Pts',(0.793123425722,0.525174900105,5.39022217581));
#19088=CARTESIAN_POINT('Ctrl Pts',(0.691871299136,0.531367458007,5.00220313872));
#19089=CARTESIAN_POINT('Ctrl Pts',(0.576790668461,0.116626274357,5.0561375802));
#19090=CARTESIAN_POINT('Ctrl Pts',(0.45719252016,0.0843754433377,4.67481802864));
#19091=CARTESIAN_POINT('Ctrl Pts',(0.910122064989,0.0436416537577,4.75418960546));
#19092=CARTESIAN_POINT('Ctrl Pts',(1.0297202133,0.0758924848073,5.1355091571));
#19093=CARTESIAN_POINT('Ctrl Pts',(0.696388816782,0.148877105407,5.43745713192));
#19094=CARTESIAN_POINT('Ctrl Pts',(0.576790668461,0.116626274357,5.0561375802));
#19095=CARTESIAN_POINT('Ctrl Pts',(0.576577964284,-0.101324259277,5.0832261664));
#19096=CARTESIAN_POINT('Ctrl Pts',(0.451499835563,-0.15915438141,4.70610963375));
#19097=CARTESIAN_POINT('Ctrl Pts',(0.905726579329,-0.104876136979,4.76987948385));
#19098=CARTESIAN_POINT('Ctrl Pts',(1.03080470806,-0.0470460147758,5.14699601642));
#19099=CARTESIAN_POINT('Ctrl Pts',(0.701656093005,-0.0434941370745,5.46034269897));
#19100=CARTESIAN_POINT('Ctrl Pts',(0.576577964284,-0.101324259277,5.0832261664));
#19101=CARTESIAN_POINT('Ctrl Pts',(0.689247523869,-0.516960845662,5.1371888979));
#19102=CARTESIAN_POINT('Ctrl Pts',(0.572524388296,-0.633573448994,4.76934418536));
#19103=CARTESIAN_POINT('Ctrl Pts',(0.978427165584,-0.396365529629,4.80313440564));
#19104=CARTESIAN_POINT('Ctrl Pts',(1.09515030115,-0.279752926367,5.17097911826));
#19105=CARTESIAN_POINT('Ctrl Pts',(0.805970659441,-0.400348242401,5.50503361051));
#19106=CARTESIAN_POINT('Ctrl Pts',(0.689247523869,-0.516960845662,5.1371888979));
#19107=CARTESIAN_POINT('Ctrl Pts',(0.990635386987,-0.823588769387,5.18938924187));
#19108=CARTESIAN_POINT('Ctrl Pts',(0.92249018164,-0.990983687665,4.82985801109));
#19109=CARTESIAN_POINT('Ctrl Pts',(1.19439372677,-0.617238646832,4.84119732146));
#19110=CARTESIAN_POINT('Ctrl Pts',(1.26253893212,-0.449843728483,5.20072855216));
#19111=CARTESIAN_POINT('Ctrl Pts',(1.05878059233,-0.656193851039,5.54892047258));
#19112=CARTESIAN_POINT('Ctrl Pts',(0.990635386987,-0.823588769387,5.18938924187));
#19113=CARTESIAN_POINT('Ctrl Pts',(1.17900075774,-0.932805136721,5.21481374414));
#19114=CARTESIAN_POINT('Ctrl Pts',(1.14592286786,-1.11791848231,4.85854095854));
#19115=CARTESIAN_POINT('Ctrl Pts',(1.33345787529,-0.695428340983,4.86178836225));
#19116=CARTESIAN_POINT('Ctrl Pts',(1.36653576491,-0.510314994377,5.21806114777));
#19117=CARTESIAN_POINT('Ctrl Pts',(1.21207864766,-0.74769179108,5.57108652246));
#19118=CARTESIAN_POINT('Ctrl Pts',(1.17900075774,-0.932805136721,5.21481374414));
#19119=CARTESIAN_POINT('Ctrl Pts',(1.38649200868,-0.988156542831,5.23949739324));
#19120=CARTESIAN_POINT('Ctrl Pts',(1.39334209045,-1.17725675365,4.88494629249));
#19121=CARTESIAN_POINT('Ctrl Pts',(1.48744857334,-0.730080473291,4.88391526201));
#19122=CARTESIAN_POINT('Ctrl Pts',(1.48059849154,-0.540980262444,5.23846636273));
#19123=CARTESIAN_POINT('Ctrl Pts',(1.37964192686,-0.799056332002,5.59404849407));
#19124=CARTESIAN_POINT('Ctrl Pts',(1.38649200868,-0.988156542831,5.23949739324));
#19125=CARTESIAN_POINT('Ctrl Pts',(1.59437496887,-0.989304414118,5.26339393178));
#19126=CARTESIAN_POINT('Ctrl Pts',(1.63903049222,-1.16929204121,4.9089784435));
#19127=CARTESIAN_POINT('Ctrl Pts',(1.63920285488,-0.722080571191,4.90761046054));
#19128=CARTESIAN_POINT('Ctrl Pts',(1.59454733154,-0.542092944102,5.26202594881));
#19129=CARTESIAN_POINT('Ctrl Pts',(1.54971944552,-0.809316787029,5.61780942005));
#19130=CARTESIAN_POINT('Ctrl Pts',(1.59437496887,-0.989304414118,5.26339393178));
#19131=CARTESIAN_POINT('Origin',(1.599999999955,-0.900000000001,5.218750000002));
#19132=CARTESIAN_POINT('Ctrl Pts',(1.59437496887,-0.989304414118,5.26339393178));
#19133=CARTESIAN_POINT('Ctrl Pts',(1.63903049222,-1.16929204121,4.9089784435));
#19134=CARTESIAN_POINT('Ctrl Pts',(1.63920285488,-0.722080571191,4.90761046054));
#19135=CARTESIAN_POINT('Ctrl Pts',(1.59454733154,-0.542092944102,5.26202594881));
#19136=CARTESIAN_POINT('Ctrl Pts',(1.54971944552,-0.809316787029,5.61780942005));
#19137=CARTESIAN_POINT('Ctrl Pts',(1.59437496887,-0.989304414118,5.26339393178));
#19138=CARTESIAN_POINT('Ctrl Pts',(1.80082518018,-0.990449636176,5.28711522716));
#19139=CARTESIAN_POINT('Ctrl Pts',(1.88302777102,-1.1613456309,4.93281346982));
#19140=CARTESIAN_POINT('Ctrl Pts',(1.78990746191,-0.714099085304,4.9311629012));
#19141=CARTESIAN_POINT('Ctrl Pts',(1.70770487109,-0.543203090606,5.28546465858));
#19142=CARTESIAN_POINT('Ctrl Pts',(1.71862258937,-0.819553641459,5.64141698454));
#19143=CARTESIAN_POINT('Ctrl Pts',(1.80082518018,-0.990449636176,5.28711522716));
#19144=CARTESIAN_POINT('Ctrl Pts',(2.00746883258,-0.937347350813,5.31161297661));
#19145=CARTESIAN_POINT('Ctrl Pts',(2.12470898032,-1.09249131645,4.9589900597));
#19146=CARTESIAN_POINT('Ctrl Pts',(1.93877701317,-0.669549201416,4.95316853838));
#19147=CARTESIAN_POINT('Ctrl Pts',(1.821536865,-0.514405236605,5.30579145538));
#19148=CARTESIAN_POINT('Ctrl Pts',(1.89022868319,-0.782203385984,5.66423589377));
#19149=CARTESIAN_POINT('Ctrl Pts',(2.00746883258,-0.937347350813,5.31161297661));
#19150=CARTESIAN_POINT('Ctrl Pts',(2.19482211605,-0.829873481513,5.33684221807));
#19151=CARTESIAN_POINT('Ctrl Pts',(2.34464227975,-0.963658632333,4.98741944151));
#19152=CARTESIAN_POINT('Ctrl Pts',(2.07490758035,-0.588889948724,4.97364316489));
#19153=CARTESIAN_POINT('Ctrl Pts',(1.9250874166,-0.455104797909,5.32306594137));
#19154=CARTESIAN_POINT('Ctrl Pts',(2.04500195234,-0.696088330703,5.68626499462));
#19155=CARTESIAN_POINT('Ctrl Pts',(2.19482211605,-0.829873481513,5.33684221807));
#19156=CARTESIAN_POINT('Ctrl Pts',(2.49556846038,-0.527569789179,5.38863218852));
#19157=CARTESIAN_POINT('Ctrl Pts',(2.70449776573,-0.602846000084,5.04881088045));
#19158=CARTESIAN_POINT('Ctrl Pts',(2.30047289651,-0.36313159001,5.01289931443));
#19159=CARTESIAN_POINT('Ctrl Pts',(2.0915435912,-0.287855379099,5.35272062258));
#19160=CARTESIAN_POINT('Ctrl Pts',(2.28663915503,-0.452293578263,5.72845349659));
#19161=CARTESIAN_POINT('Ctrl Pts',(2.49556846038,-0.527569789179,5.38863218852));
#19162=CARTESIAN_POINT('Ctrl Pts',(2.60849639785,-0.117883851429,5.44169268492));
#19163=CARTESIAN_POINT('Ctrl Pts',(2.84841955546,-0.105546974475,5.1165809705));
#19164=CARTESIAN_POINT('Ctrl Pts',(2.39477297023,-0.0476936390144,5.0508979497));
#19165=CARTESIAN_POINT('Ctrl Pts',(2.15484981258,-0.060030515974,5.37600966404));
#19166=CARTESIAN_POINT('Ctrl Pts',(2.36857324024,-0.130220728394,5.76680439935));
#19167=CARTESIAN_POINT('Ctrl Pts',(2.60849639785,-0.117883851429,5.44169268492));
#19168=CARTESIAN_POINT('Ctrl Pts',(2.60797554584,0.0968814772983,5.46825893618));
#19169=CARTESIAN_POINT('Ctrl Pts',(2.85254761745,0.159941738386,5.1514776324));
#19170=CARTESIAN_POINT('Ctrl Pts',(2.39980942569,0.122861367823,5.07020658393));
#19171=CARTESIAN_POINT('Ctrl Pts',(2.15523735404,0.0598011066905,5.38698788771));
#19172=CARTESIAN_POINT('Ctrl Pts',(2.36340347427,0.0338212161804,5.78504023989));
#19173=CARTESIAN_POINT('Ctrl Pts',(2.60797554584,0.0968814772983,5.46825893618));
#19174=CARTESIAN_POINT('Ctrl Pts',(2.49649277687,0.505479596811,5.52111212982));
#19175=CARTESIAN_POINT('Ctrl Pts',(2.71890226075,0.673592998092,5.22126367137));
#19176=CARTESIAN_POINT('Ctrl Pts',(2.31636169706,0.457655231833,5.11053477942));
#19177=CARTESIAN_POINT('Ctrl Pts',(2.09395221321,0.289541830599,5.41038323787));
#19178=CARTESIAN_POINT('Ctrl Pts',(2.27408329294,0.337366195562,5.82096058835));
#19179=CARTESIAN_POINT('Ctrl Pts',(2.49649277687,0.505479596811,5.52111212982));
#19180=CARTESIAN_POINT('Ctrl Pts',(2.20057177067,0.806375663102,5.5723755307));
#19181=CARTESIAN_POINT('Ctrl Pts',(2.34167057971,1.05832981989,5.28628433174));
#19182=CARTESIAN_POINT('Ctrl Pts',(2.0679663593,0.711661595545,5.15404456042));
#19183=CARTESIAN_POINT('Ctrl Pts',(1.92686755021,0.45970743871,5.44013575939));
#19184=CARTESIAN_POINT('Ctrl Pts',(2.05947296167,0.554421506282,5.85846672959));
#19185=CARTESIAN_POINT('Ctrl Pts',(2.20057177067,0.806375663102,5.5723755307));
#19186=CARTESIAN_POINT('Ctrl Pts',(2.01578686735,0.913569490228,5.59746063153));
#19187=CARTESIAN_POINT('Ctrl Pts',(2.10211095673,1.19512440835,5.31653366069));
#19188=CARTESIAN_POINT('Ctrl Pts',(1.90780241796,0.801618621666,5.1766465675));
#19189=CARTESIAN_POINT('Ctrl Pts',(1.82147832722,0.520063702067,5.45757353714));
#19190=CARTESIAN_POINT('Ctrl Pts',(1.92946277742,0.632014571387,5.8783876056));
#19191=CARTESIAN_POINT('Ctrl Pts',(2.01578686735,0.913569490228,5.59746063153));
#19192=CARTESIAN_POINT('Ctrl Pts',(1.81262490326,0.968226168932,5.62194345975));
#19193=CARTESIAN_POINT('Ctrl Pts',(1.83752297095,1.26084709673,5.34374397676));
#19194=CARTESIAN_POINT('Ctrl Pts',(1.73057483026,0.841631953365,5.19981586208));
#19195=CARTESIAN_POINT('Ctrl Pts',(1.70567676253,0.549011025606,5.47801534503));
#19196=CARTESIAN_POINT('Ctrl Pts',(1.78772683555,0.675605241158,5.90014294274));
#19197=CARTESIAN_POINT('Ctrl Pts',(1.81262490326,0.968226168932,5.62194345975));
#19198=CARTESIAN_POINT('Ctrl Pts',(1.60892185738,0.970045600334,5.64580970509));
#19199=CARTESIAN_POINT('Ctrl Pts',(1.5738964561,1.25552383415,5.36782517443));
#19200=CARTESIAN_POINT('Ctrl Pts',(1.55572172722,0.832602315905,5.22357861941));
#19201=CARTESIAN_POINT('Ctrl Pts',(1.5907471285,0.547124082091,5.50156315006));
#19202=CARTESIAN_POINT('Ctrl Pts',(1.64394725866,0.68456736652,5.92379423574));
#19203=CARTESIAN_POINT('Ctrl Pts',(1.60892185738,0.970045600334,5.64580970509));
#19204=CARTESIAN_POINT('Origin',(1.6,0.900000000001,5.575));
#19205=CARTESIAN_POINT('Ctrl Pts',(1.60892185738,0.970045600334,5.64580970509));
#19206=CARTESIAN_POINT('Ctrl Pts',(1.5738964561,1.25552383415,5.36782517443));
#19207=CARTESIAN_POINT('Ctrl Pts',(1.55572172722,0.832602315905,5.22357861941));
#19208=CARTESIAN_POINT('Ctrl Pts',(1.5907471285,0.547124082091,5.50156315006));
#19209=CARTESIAN_POINT('Ctrl Pts',(1.64394725866,0.68456736652,5.92379423574));
#19210=CARTESIAN_POINT('Ctrl Pts',(1.60892185738,0.970045600334,5.64580970509));
#19211=CARTESIAN_POINT('Ctrl Pts',(1.28552962459,0.972947416141,5.68368574687));
#19212=CARTESIAN_POINT('Ctrl Pts',(1.15536578219,1.24703367118,5.40598939268));
#19213=CARTESIAN_POINT('Ctrl Pts',(1.27813409168,0.818200873221,5.26131591792));
#19214=CARTESIAN_POINT('Ctrl Pts',(1.40829793407,0.54411461824,5.53901227217));
#19215=CARTESIAN_POINT('Ctrl Pts',(1.41569346702,0.698861161116,5.96138210112));
#19216=CARTESIAN_POINT('Ctrl Pts',(1.28552962459,0.972947416141,5.68368574687));
#19217=CARTESIAN_POINT('Ctrl Pts',(0.96115414174,0.839487880277,5.723116001));
#19218=CARTESIAN_POINT('Ctrl Pts',(0.74127868359,1.06881597577,5.45204285649));
#19219=CARTESIAN_POINT('Ctrl Pts',(1.006209403,0.696037547795,5.2975581171));
#19220=CARTESIAN_POINT('Ctrl Pts',(1.22608485766,0.466709451055,5.56863125442));
#19221=CARTESIAN_POINT('Ctrl Pts',(1.18102959711,0.610159786747,5.99418914888));
#19222=CARTESIAN_POINT('Ctrl Pts',(0.96115414174,0.839487880277,5.723116001));
#19223=CARTESIAN_POINT('Ctrl Pts',(0.719349726169,0.570303351505,5.76356154097));
#19224=CARTESIAN_POINT('Ctrl Pts',(0.424666243293,0.725378790738,5.50518196915));
#19225=CARTESIAN_POINT('Ctrl Pts',(0.791793967822,0.470116833477,5.33191308135));
#19226=CARTESIAN_POINT('Ctrl Pts',(1.08647745067,0.315041394268,5.59029265317));
#19227=CARTESIAN_POINT('Ctrl Pts',(1.01403320905,0.415227912322,6.02194111279));
#19228=CARTESIAN_POINT('Ctrl Pts',(0.719349726169,0.570303351505,5.76356154097));
#19229=CARTESIAN_POINT('Ctrl Pts',(0.526450314191,-0.0540891039221,5.84135313625));
#19230=CARTESIAN_POINT('Ctrl Pts',(0.158046420936,-0.0984167552536,5.61596727279));
#19231=CARTESIAN_POINT('Ctrl Pts',(0.597316565595,-0.0947528822891,5.40045435064));
#19232=CARTESIAN_POINT('Ctrl Pts',(0.965720458873,-0.0504252309802,5.62584021409));
#19233=CARTESIAN_POINT('Ctrl Pts',(0.894854207446,-0.00976145263575,6.06673899971));
#19234=CARTESIAN_POINT('Ctrl Pts',(0.526450314191,-0.0540891039221,5.84135313625));
#19235=CARTESIAN_POINT('Ctrl Pts',(0.803413795033,-0.629422297996,5.91770583468));
#19236=CARTESIAN_POINT('Ctrl Pts',(0.525379676781,-0.88088417987,5.72597178651));
#19237=CARTESIAN_POINT('Ctrl Pts',(0.850274032296,-0.655375460239,5.47364136464));
#19238=CARTESIAN_POINT('Ctrl Pts',(1.12830815053,-0.403913578345,5.66537541281));
#19239=CARTESIAN_POINT('Ctrl Pts',(1.08144791328,-0.377960416081,6.10943988285));
#19240=CARTESIAN_POINT('Ctrl Pts',(0.803413795033,-0.629422297996,5.91770583468));
#19241=CARTESIAN_POINT('Ctrl Pts',(1.03164350561,-0.835152320433,5.95270374963));
#19242=CARTESIAN_POINT('Ctrl Pts',(0.838561361978,-1.16563678038,5.77372745928));
#19243=CARTESIAN_POINT('Ctrl Pts',(1.0776529151,-0.865633126421,5.50891604907));
#19244=CARTESIAN_POINT('Ctrl Pts',(1.27073505722,-0.535148664218,5.68789233142));
#19245=CARTESIAN_POINT('Ctrl Pts',(1.2247256504,-0.504667857725,6.13168003571));
#19246=CARTESIAN_POINT('Ctrl Pts',(1.03164350561,-0.835152320433,5.95270374963));
#19247=CARTESIAN_POINT('Ctrl Pts',(1.30955927404,-0.940078793583,5.98706766581));
#19248=CARTESIAN_POINT('Ctrl Pts',(1.22456838523,-1.30682878056,5.81477631266));
#19249=CARTESIAN_POINT('Ctrl Pts',(1.36338898306,-0.963138607579,5.54340905389));
#19250=CARTESIAN_POINT('Ctrl Pts',(1.44837987186,-0.596388620632,5.71570040704));
#19251=CARTESIAN_POINT('Ctrl Pts',(1.39455016285,-0.573328806623,6.1593590189));
#19252=CARTESIAN_POINT('Ctrl Pts',(1.30955927404,-0.940078793583,5.98706766581));
#19253=CARTESIAN_POINT('Ctrl Pts',(1.5887327598,-0.94331699299,6.02067419928));
#19254=CARTESIAN_POINT('Ctrl Pts',(1.61039286485,-1.30384190183,5.84876541546));
#19255=CARTESIAN_POINT('Ctrl Pts',(1.64463177293,-0.95031147545,5.57702301023));
#19256=CARTESIAN_POINT('Ctrl Pts',(1.62297166788,-0.589786566611,5.74893179406));
#19257=CARTESIAN_POINT('Ctrl Pts',(1.56707265475,-0.582792084151,6.19258298311));
#19258=CARTESIAN_POINT('Ctrl Pts',(1.5887327598,-0.94331699299,6.02067419928));
#19259=CARTESIAN_POINT('Origin',(1.599999999951,-0.899999999999,5.931249999998));
#19260=CARTESIAN_POINT('Ctrl Pts',(1.5887327598,-0.94331699299,6.02067419928));
#19261=CARTESIAN_POINT('Ctrl Pts',(1.61039286485,-1.30384190183,5.84876541546));
#19262=CARTESIAN_POINT('Ctrl Pts',(1.64463177293,-0.95031147545,5.57702301023));
#19263=CARTESIAN_POINT('Ctrl Pts',(1.62297166788,-0.589786566611,5.74893179406));
#19264=CARTESIAN_POINT('Ctrl Pts',(1.56707265475,-0.582792084151,6.19258298311));
#19265=CARTESIAN_POINT('Ctrl Pts',(1.5887327598,-0.94331699299,6.02067419928));
#19266=CARTESIAN_POINT('Ctrl Pts',(1.91974169159,-0.94717419812,6.06051199982));
#19267=CARTESIAN_POINT('Ctrl Pts',(2.06786345281,-1.30028399816,5.88898627138));
#19268=CARTESIAN_POINT('Ctrl Pts',(1.9780939448,-0.935032299714,5.61686824169));
#19269=CARTESIAN_POINT('Ctrl Pts',(1.82997218354,-0.581922499688,5.78839397031));
#19270=CARTESIAN_POINT('Ctrl Pts',(1.77161993031,-0.594064398095,6.2320377285));
#19271=CARTESIAN_POINT('Ctrl Pts',(1.91974169159,-0.94717419812,6.06051199982));
#19272=CARTESIAN_POINT('Ctrl Pts',(2.25226614461,-0.803609676106,6.10141454991));
#19273=CARTESIAN_POINT('Ctrl Pts',(2.52256176228,-1.09814821515,5.93913485643));
#19274=CARTESIAN_POINT('Ctrl Pts',(2.30486614167,-0.782335422308,5.6579507741));
#19275=CARTESIAN_POINT('Ctrl Pts',(2.03457052529,-0.487796883293,5.8202304648));
#19276=CARTESIAN_POINT('Ctrl Pts',(1.9819705282,-0.509071139959,6.26369424704));
#19277=CARTESIAN_POINT('Ctrl Pts',(2.25226614461,-0.803609676106,6.10141454991));
#19278=CARTESIAN_POINT('Ctrl Pts',(2.4903139522,-0.512250295102,6.1428859743));
#19279=CARTESIAN_POINT('Ctrl Pts',(2.85473507997,-0.700163704436,5.99841473497));
#19280=CARTESIAN_POINT('Ctrl Pts',(2.55447969416,-0.496323121493,5.69982572153));
#19281=CARTESIAN_POINT('Ctrl Pts',(2.1900585665,-0.308409712202,5.84429696085));
#19282=CARTESIAN_POINT('Ctrl Pts',(2.12589282464,-0.3243368857,6.2873572134));
#19283=CARTESIAN_POINT('Ctrl Pts',(2.4903139522,-0.512250295102,6.1428859743));
#19284=CARTESIAN_POINT('Ctrl Pts',(2.63500257084,0.108848595973,6.21757141966));
#19285=CARTESIAN_POINT('Ctrl Pts',(3.06474375346,0.168815020585,6.11386364191));
#19286=CARTESIAN_POINT('Ctrl Pts',(2.73045780005,0.164594094713,5.78135277464));
#19287=CARTESIAN_POINT('Ctrl Pts',(2.30071661733,0.104627670134,5.8850605524));
#19288=CARTESIAN_POINT('Ctrl Pts',(2.20526138804,0.0488821713052,6.32127919759));
#19289=CARTESIAN_POINT('Ctrl Pts',(2.63500257084,0.108848595973,6.21757141966));
#19290=CARTESIAN_POINT('Ctrl Pts',(2.33241762416,0.641838240085,6.29070335451));
#19291=CARTESIAN_POINT('Ctrl Pts',(2.63873545941,0.926801550649,6.22378726084));
#19292=CARTESIAN_POINT('Ctrl Pts',(2.40186896993,0.769469940734,5.86555447668));
#19293=CARTESIAN_POINT('Ctrl Pts',(2.09555113475,0.484506630143,5.93247057036));
#19294=CARTESIAN_POINT('Ctrl Pts',(2.02609978905,0.356874929566,6.35761944804));
#19295=CARTESIAN_POINT('Ctrl Pts',(2.33241762416,0.641838240085,6.29070335451));
#19296=CARTESIAN_POINT('Ctrl Pts',(2.1196793059,0.818223205294,6.32257254751));
#19297=CARTESIAN_POINT('Ctrl Pts',(2.33476639965,1.17930117667,6.26811951923));
#19298=CARTESIAN_POINT('Ctrl Pts',(2.15553649158,0.976201467719,5.90217539184));
#19299=CARTESIAN_POINT('Ctrl Pts',(1.94044939903,0.615123497712,5.9566284277));
#19300=CARTESIAN_POINT('Ctrl Pts',(1.90459221394,0.457145235074,6.37702559435));
#19301=CARTESIAN_POINT('Ctrl Pts',(2.1196793059,0.818223205294,6.32257254751));
#19302=CARTESIAN_POINT('Ctrl Pts',(1.86662475479,0.908609356328,6.35438031358));
#19303=CARTESIAN_POINT('Ctrl Pts',(1.97128998369,1.30735396804,6.30648303541));
#19304=CARTESIAN_POINT('Ctrl Pts',(1.85597368444,1.07354423213,5.93647020465));
#19305=CARTESIAN_POINT('Ctrl Pts',(1.75130845551,0.674799620393,5.98436748292));
#19306=CARTESIAN_POINT('Ctrl Pts',(1.76195952587,0.509864744591,6.4022775918));
#19307=CARTESIAN_POINT('Ctrl Pts',(1.86662475479,0.908609356328,6.35438031358));
#19308=CARTESIAN_POINT('Ctrl Pts',(1.6124110634,0.911968980662,6.38600232996));
#19309=CARTESIAN_POINT('Ctrl Pts',(1.60642612862,1.30909351532,6.33850196654));
#19310=CARTESIAN_POINT('Ctrl Pts',(1.5597743424,1.06265532535,5.96824282842));
#19311=CARTESIAN_POINT('Ctrl Pts',(1.56575927718,0.665530790683,6.01574319184));
#19312=CARTESIAN_POINT('Ctrl Pts',(1.61839599819,0.514844446,6.43350269338));
#19313=CARTESIAN_POINT('Ctrl Pts',(1.6124110634,0.911968980662,6.38600232996));
#19314=CARTESIAN_POINT('Origin',(1.599999999998,0.9,6.287500000003));
#19315=CARTESIAN_POINT('Ctrl Pts',(1.6124110634,0.911968980662,6.38600232996));
#19316=CARTESIAN_POINT('Ctrl Pts',(1.60642612862,1.30909351532,6.33850196654));
#19317=CARTESIAN_POINT('Ctrl Pts',(1.5597743424,1.06265532535,5.96824282842));
#19318=CARTESIAN_POINT('Ctrl Pts',(1.56575927718,0.665530790683,6.01574319184));
#19319=CARTESIAN_POINT('Ctrl Pts',(1.61839599819,0.514844446,6.43350269338));
#19320=CARTESIAN_POINT('Ctrl Pts',(1.6124110634,0.911968980662,6.38600232996));
#19321=CARTESIAN_POINT('Ctrl Pts',(1.29264350824,0.916214504187,6.42577629947));
#19322=CARTESIAN_POINT('Ctrl Pts',(1.14746558361,1.31129171214,6.37869755483));
#19323=CARTESIAN_POINT('Ctrl Pts',(1.18719110498,1.04889508536,6.00817677787));
#19324=CARTESIAN_POINT('Ctrl Pts',(1.33236902957,0.653817877393,6.05525552252));
#19325=CARTESIAN_POINT('Ctrl Pts',(1.43782143286,0.521137296243,6.47285504424));
#19326=CARTESIAN_POINT('Ctrl Pts',(1.29264350824,0.916214504187,6.42577629947));
#19327=CARTESIAN_POINT('Ctrl Pts',(0.971098751847,0.777851934868,6.46584392303));
#19328=CARTESIAN_POINT('Ctrl Pts',(0.6888309325,1.11108140491,6.42893436736));
#19329=CARTESIAN_POINT('Ctrl Pts',(0.820991112177,0.879803612359,6.05210357993));
#19330=CARTESIAN_POINT('Ctrl Pts',(1.10325893573,0.546574145092,6.0890131356));
#19331=CARTESIAN_POINT('Ctrl Pts',(1.25336657838,0.44462246602,6.5027534758));
#19332=CARTESIAN_POINT('Ctrl Pts',(0.971098751847,0.777851934868,6.46584392303));
#19333=CARTESIAN_POINT('Ctrl Pts',(0.740755665364,0.496269096252,6.50575569327));
#19334=CARTESIAN_POINT('Ctrl Pts',(0.357798647711,0.709835006931,6.48841507078));
#19335=CARTESIAN_POINT('Ctrl Pts',(0.543639579872,0.559569097849,6.09948766779));
#19336=CARTESIAN_POINT('Ctrl Pts',(0.926596597608,0.346003187198,6.11682829006));
#19337=CARTESIAN_POINT('Ctrl Pts',(1.12371268291,0.282703185489,6.52309631599));
#19338=CARTESIAN_POINT('Ctrl Pts',(0.740755665364,0.496269096252,6.50575569327));
#19339=CARTESIAN_POINT('Ctrl Pts',(0.601124543307,-0.103784467249,6.57697763338));
#19340=CARTESIAN_POINT('Ctrl Pts',(0.155790809692,-0.152000526181,6.60259202974));
#19341=CARTESIAN_POINT('Ctrl Pts',(0.35305970147,-0.171583317831,6.19249968609));
#19342=CARTESIAN_POINT('Ctrl Pts',(0.798393435018,-0.12336725892,6.16688528991));
#19343=CARTESIAN_POINT('Ctrl Pts',(1.04645827701,-0.0555684082488,6.55136323685));
#19344=CARTESIAN_POINT('Ctrl Pts',(0.601124543307,-0.103784467249,6.57697763338));
#19345=CARTESIAN_POINT('Ctrl Pts',(0.893066441115,-0.618152660417,6.64704881196));
#19346=CARTESIAN_POINT('Ctrl Pts',(0.575979464985,-0.892470449016,6.70985625139));
#19347=CARTESIAN_POINT('Ctrl Pts',(0.715072055712,-0.833026932977,6.28608300182));
#19348=CARTESIAN_POINT('Ctrl Pts',(1.0321590319,-0.55870914436,6.22327556224));
#19349=CARTESIAN_POINT('Ctrl Pts',(1.21015341717,-0.343834871872,6.58424137267));
#19350=CARTESIAN_POINT('Ctrl Pts',(0.893066441115,-0.618152660417,6.64704881196));
#19351=CARTESIAN_POINT('Ctrl Pts',(1.09841815756,-0.788774495334,6.6779440417));
#19352=CARTESIAN_POINT('Ctrl Pts',(0.87162378687,-1.13783853507,6.75306065648));
#19353=CARTESIAN_POINT('Ctrl Pts',(0.983568183254,-1.05827950892,6.32575133395));
#19354=CARTESIAN_POINT('Ctrl Pts',(1.21036255207,-0.709215468733,6.25063472866));
#19355=CARTESIAN_POINT('Ctrl Pts',(1.32521252654,-0.439710456189,6.60282743271));
#19356=CARTESIAN_POINT('Ctrl Pts',(1.09841815756,-0.788774495334,6.6779440417));
#19357=CARTESIAN_POINT('Ctrl Pts',(1.34255353406,-0.87603236342,6.70922478595));
#19358=CARTESIAN_POINT('Ctrl Pts',(1.22313647727,-1.26460948319,6.79080705724));
#19359=CARTESIAN_POINT('Ctrl Pts',(1.30874090016,-1.16619146499,6.36162935882));
#19360=CARTESIAN_POINT('Ctrl Pts',(1.42815795694,-0.777614345203,6.28004708773));
#19361=CARTESIAN_POINT('Ctrl Pts',(1.46197059085,-0.487455243625,6.62764251471));
#19362=CARTESIAN_POINT('Ctrl Pts',(1.34255353406,-0.87603236342,6.70922478595));
#19363=CARTESIAN_POINT('Ctrl Pts',(1.58776865227,-0.879344573896,6.74082598831));
#19364=CARTESIAN_POINT('Ctrl Pts',(1.57744017217,-1.27071863277,6.82279957271));
#19365=CARTESIAN_POINT('Ctrl Pts',(1.63152980297,-1.15765330775,6.39350882727));
#19366=CARTESIAN_POINT('Ctrl Pts',(1.64185828306,-0.766279248875,6.31153524287));
#19367=CARTESIAN_POINT('Ctrl Pts',(1.59809713236,-0.487970515022,6.65885240391));
#19368=CARTESIAN_POINT('Ctrl Pts',(1.58776865227,-0.879344573896,6.74082598831));
#19369=CARTESIAN_POINT('Origin',(1.599999999956,-0.900000000001,6.64375));
#19370=CARTESIAN_POINT('Ctrl Pts',(1.58776865227,-0.879344573896,6.74082598831));
#19371=CARTESIAN_POINT('Ctrl Pts',(1.57744017217,-1.27071863277,6.82279957271));
#19372=CARTESIAN_POINT('Ctrl Pts',(1.63152980297,-1.15765330775,6.39350882727));
#19373=CARTESIAN_POINT('Ctrl Pts',(1.64185828306,-0.766279248875,6.31153524287));
#19374=CARTESIAN_POINT('Ctrl Pts',(1.59809713236,-0.487970515022,6.65885240391));
#19375=CARTESIAN_POINT('Ctrl Pts',(1.58776865227,-0.879344573896,6.74082598831));
#19376=CARTESIAN_POINT('Ctrl Pts',(1.88040397035,-0.883315611811,6.77854217924));
#19377=CARTESIAN_POINT('Ctrl Pts',(2.00026924115,-1.27804289932,6.86091012361));
#19378=CARTESIAN_POINT('Ctrl Pts',(2.01674658267,-1.14741680272,6.43150544955));
#19379=CARTESIAN_POINT('Ctrl Pts',(1.89688131186,-0.752689515225,6.34913750529));
#19380=CARTESIAN_POINT('Ctrl Pts',(1.76053869956,-0.488588324321,6.69617423504));
#19381=CARTESIAN_POINT('Ctrl Pts',(1.88040397035,-0.883315611811,6.77854217924));
#19382=CARTESIAN_POINT('Ctrl Pts',(2.17470745692,-0.763374287071,6.8158015711));
#19383=CARTESIAN_POINT('Ctrl Pts',(2.42503619235,-1.10547558819,6.90721690554));
#19384=CARTESIAN_POINT('Ctrl Pts',(2.39709400872,-0.982571310555,6.47519899439));
#19385=CARTESIAN_POINT('Ctrl Pts',(2.14676527477,-0.6404700128,6.38378366302));
#19386=CARTESIAN_POINT('Ctrl Pts',(1.92437872169,-0.421272988065,6.72438623216));
#19387=CARTESIAN_POINT('Ctrl Pts',(2.17470745692,-0.763374287071,6.8158015711));
#19388=CARTESIAN_POINT('Ctrl Pts',(2.3943932916,-0.519418215856,6.8522028938));
#19389=CARTESIAN_POINT('Ctrl Pts',(2.74041399885,-0.753804819889,6.96094923785));
#19390=CARTESIAN_POINT('Ctrl Pts',(2.69103656404,-0.667531143186,6.52392909067));
#19391=CARTESIAN_POINT('Ctrl Pts',(2.3450158567,-0.433144539153,6.41518274642));
#19392=CARTESIAN_POINT('Ctrl Pts',(2.04837258436,-0.285031611823,6.74345654935));
#19393=CARTESIAN_POINT('Ctrl Pts',(2.3943932916,-0.519418215856,6.8522028938));
#19394=CARTESIAN_POINT('Ctrl Pts',(2.56846450472,0.0457236604824,6.92025104844));
#19395=CARTESIAN_POINT('Ctrl Pts',(2.98487218008,0.0543526524595,7.06870842685));
#19396=CARTESIAN_POINT('Ctrl Pts',(2.94224484171,0.0969905222164,6.62505013068));
#19397=CARTESIAN_POINT('Ctrl Pts',(2.52583716644,0.0883615302394,6.47659275244));
#19398=CARTESIAN_POINT('Ctrl Pts',(2.15205682936,0.0370946685053,6.77179367038));
#19399=CARTESIAN_POINT('Ctrl Pts',(2.56846450472,0.0457236604824,6.92025104844));
#19400=CARTESIAN_POINT('Ctrl Pts',(2.31852105725,0.564769096113,6.98736564543));
#19401=CARTESIAN_POINT('Ctrl Pts',(2.62748130473,0.786596779785,7.17110561889));
#19402=CARTESIAN_POINT('Ctrl Pts',(2.60171603878,0.829612599651,6.7267576265));
#19403=CARTESIAN_POINT('Ctrl Pts',(2.29275579121,0.607784915979,6.54301765287));
#19404=CARTESIAN_POINT('Ctrl Pts',(2.00956080976,0.342941412442,6.80362567164));
#19405=CARTESIAN_POINT('Ctrl Pts',(2.31852105725,0.564769096113,6.98736564543));
#19406=CARTESIAN_POINT('Ctrl Pts',(2.11325427977,0.750930011423,7.01904653415));
#19407=CARTESIAN_POINT('Ctrl Pts',(2.33925477097,1.0459526342,7.21498480069));
#19408=CARTESIAN_POINT('Ctrl Pts',(2.30838632426,1.09898659926,6.77180653311));
#19409=CARTESIAN_POINT('Ctrl Pts',(2.08238583614,0.803963979775,6.57586826229));
#19410=CARTESIAN_POINT('Ctrl Pts',(1.88725379147,0.455907390973,6.82310825711));
#19411=CARTESIAN_POINT('Ctrl Pts',(2.11325427977,0.750930011423,7.01904653415));
#19412=CARTESIAN_POINT('Ctrl Pts',(1.86250085367,0.845827953711,7.05172371679));
#19413=CARTESIAN_POINT('Ctrl Pts',(1.98997422552,1.18235963354,7.25406378793));
#19414=CARTESIAN_POINT('Ctrl Pts',(1.94380862328,1.2307819736,6.81148738797));
#19415=CARTESIAN_POINT('Ctrl Pts',(1.81633525141,0.894250293813,6.60914731678));
#19416=CARTESIAN_POINT('Ctrl Pts',(1.73502748174,0.509296273882,6.8493836457));
#19417=CARTESIAN_POINT('Ctrl Pts',(1.86250085367,0.845827953711,7.05172371679));
#19418=CARTESIAN_POINT('Ctrl Pts',(1.61074725822,0.848922900323,7.08529728207));
#19419=CARTESIAN_POINT('Ctrl Pts',(1.63628770481,1.19280962327,7.28800299825));
#19420=CARTESIAN_POINT('Ctrl Pts',(1.58052844862,1.2251746605,6.84546101187));
#19421=CARTESIAN_POINT('Ctrl Pts',(1.55498800204,0.881287937558,6.64275529569));
#19422=CARTESIAN_POINT('Ctrl Pts',(1.58520681164,0.505036177379,6.8825915659));
#19423=CARTESIAN_POINT('Ctrl Pts',(1.61074725822,0.848922900323,7.08529728207));
#19424=CARTESIAN_POINT('Origin',(1.599999999998,0.899999999998,6.999999999997));
#19425=CARTESIAN_POINT('Origin',(1.41649882395,-3.6645016326E-11,-0.156385549161));
#19426=CARTESIAN_POINT('Origin',(1.6029982454,-0.821672532303,7.02379604008));
#19427=CARTESIAN_POINT('Origin',(1.24102540378,0.,1.73349364905));
#19428=CARTESIAN_POINT('',(0.741025403784,-3.061616997868E-17,1.733493649056));
#19429=CARTESIAN_POINT('',(0.866025403785693,-0.25,1.51698729810707));
#19430=CARTESIAN_POINT('Origin',(0.866025403784,0.,1.51698729811));
#19431=CARTESIAN_POINT('Origin',(0.866025403784,0.,1.51698729811));
#19432=CARTESIAN_POINT('',(1.616025403782,-0.25,1.949999999997));
#19433=CARTESIAN_POINT('',(1.24102540378,-0.25,1.73349364905));
#19434=CARTESIAN_POINT('Origin',(1.61602540378,0.,1.95));
#19435=CARTESIAN_POINT('Origin',(0.616025403784,0.,1.95));
#19436=CARTESIAN_POINT('',(0.616025403784,-0.25,1.45));
#19437=CARTESIAN_POINT('',(0.616025403784,-3.06161699786838E-17,1.7));
#19438=CARTESIAN_POINT('Origin',(0.616025403784,0.,1.45));
#19439=CARTESIAN_POINT('Origin',(0.616025403784,-3.06161699786838E-17,1.95));
#19440=CARTESIAN_POINT('Origin',(0.616025403784,0.,1.45));
#19441=CARTESIAN_POINT('Origin',(-0.566987298108,0.,1.45));
#19442=CARTESIAN_POINT('',(-1.75,-3.061616997868E-17,1.7));
#19443=CARTESIAN_POINT('',(-1.75,-0.25,1.45));
#19444=CARTESIAN_POINT('Origin',(-1.75,0.,1.45));
#19445=CARTESIAN_POINT('Origin',(-1.75,0.,1.45));
#19446=CARTESIAN_POINT('',(-0.566987298108,-0.25,1.45));
#19447=CARTESIAN_POINT('Origin',(-1.75,0.,1.95));
#19448=CARTESIAN_POINT('',(-2.25,-0.25,1.95));
#19449=CARTESIAN_POINT('',(-2.,-3.06161699786838E-17,1.95));
#19450=CARTESIAN_POINT('Origin',(-2.25,0.,1.95));
#19451=CARTESIAN_POINT('Origin',(-1.75,-3.06161699786838E-17,1.95));
#19452=CARTESIAN_POINT('Origin',(-2.25,0.,1.95));
#19453=CARTESIAN_POINT('Origin',(-2.25,0.,3.95));
#19454=CARTESIAN_POINT('',(-2.,-3.061616997868E-17,5.95));
#19455=CARTESIAN_POINT('',(-2.25,-0.25,5.95));
#19456=CARTESIAN_POINT('Origin',(-2.25,0.,5.95));
#19457=CARTESIAN_POINT('Origin',(-2.25,0.,5.95));
#19458=CARTESIAN_POINT('',(-2.25,-0.25,3.95));
#19459=CARTESIAN_POINT('Origin',(-1.75,0.,5.95));
#19460=CARTESIAN_POINT('',(-1.75,-0.25,6.45));
#19461=CARTESIAN_POINT('',(-1.75,-3.06161699786838E-17,6.2));
#19462=CARTESIAN_POINT('Origin',(-1.75,0.,6.45));
#19463=CARTESIAN_POINT('Origin',(-1.75,-3.06161699786838E-17,5.95));
#19464=CARTESIAN_POINT('Origin',(-1.75,0.,6.45));
#19465=CARTESIAN_POINT('Origin',(-1.3,0.,6.45));
#19466=CARTESIAN_POINT('',(-0.85,-0.25,6.45));
#19467=CARTESIAN_POINT('Origin',(-0.85,0.,6.45));
#19468=CARTESIAN_POINT('',(-1.3,-0.25,6.45));
#19469=CARTESIAN_POINT('Origin',(-1.60897459622,0.,7.53586385441));
#19470=CARTESIAN_POINT('Origin',(-0.85,0.,0.));
#19471=CARTESIAN_POINT('',(7.499999937061,4.49999948,0.));
#19472=UNCERTAINTY_MEASURE_WITH_UNIT(LENGTH_MEASURE(0.01),#19478,
'DISTANCE_ACCURACY_VALUE',
'Maximum model space distance between geometric entities at asserted c
onnectivities');
#19473=UNCERTAINTY_MEASURE_WITH_UNIT(LENGTH_MEASURE(0.01),#19478,
'DISTANCE_ACCURACY_VALUE',
'Maximum model space distance between geometric entities at asserted c
onnectivities');
#19474=UNCERTAINTY_MEASURE_WITH_UNIT(LENGTH_MEASURE(0.01),#19478,
'DISTANCE_ACCURACY_VALUE',
'Maximum model space distance between geometric entities at asserted c
onnectivities');
#19475=(
GEOMETRIC_REPRESENTATION_CONTEXT(3)
GLOBAL_UNCERTAINTY_ASSIGNED_CONTEXT((#19472))
GLOBAL_UNIT_ASSIGNED_CONTEXT((#19478,#19480,#19481))
REPRESENTATION_CONTEXT('','3D')
);
#19476=(
GEOMETRIC_REPRESENTATION_CONTEXT(3)
GLOBAL_UNCERTAINTY_ASSIGNED_CONTEXT((#19473))
GLOBAL_UNIT_ASSIGNED_CONTEXT((#19478,#19480,#19481))
REPRESENTATION_CONTEXT('','3D')
);
#19477=(
GEOMETRIC_REPRESENTATION_CONTEXT(3)
GLOBAL_UNCERTAINTY_ASSIGNED_CONTEXT((#19474))
GLOBAL_UNIT_ASSIGNED_CONTEXT((#19478,#19480,#19481))
REPRESENTATION_CONTEXT('','3D')
);
#19478=(
LENGTH_UNIT()
NAMED_UNIT(*)
SI_UNIT(.MILLI.,.METRE.)
);
#19479=(
LENGTH_UNIT()
NAMED_UNIT(*)
SI_UNIT(.CENTI.,.METRE.)
);
#19480=(
NAMED_UNIT(*)
PLANE_ANGLE_UNIT()
SI_UNIT($,.RADIAN.)
);
#19481=(
NAMED_UNIT(*)
SI_UNIT($,.STERADIAN.)
SOLID_ANGLE_UNIT()
);
#19482=SHAPE_DEFINITION_REPRESENTATION(#19484,#19487);
#19483=SHAPE_DEFINITION_REPRESENTATION(#19485,#19488);
#19484=PRODUCT_DEFINITION_SHAPE('',$,#19490);
#19485=PRODUCT_DEFINITION_SHAPE('',$,#19491);
#19486=PRODUCT_DEFINITION_SHAPE($,$,#14);
#19487=SHAPE_REPRESENTATION('',(#10738,#11451),#19475);
#19488=SHAPE_REPRESENTATION('',(#10739),#19476);
#19489=PRODUCT_DEFINITION_CONTEXT('part definition',#19497,'design');
#19490=PRODUCT_DEFINITION('SA1Control_PCB_Lite','SA1Control_PCB_Lite',#19492,
#19489);
#19491=PRODUCT_DEFINITION('Push_Switch_8x8_6pin_with_Lock',
'Push_Switch_8x8_6pin_with_Lock',#19493,#19489);
#19492=PRODUCT_DEFINITION_FORMATION('',$,#19499);
#19493=PRODUCT_DEFINITION_FORMATION('',$,#19500);
#19494=PRODUCT_RELATED_PRODUCT_CATEGORY('SA1Control_PCB_Lite',
'SA1Control_PCB_Lite',(#19499));
#19495=PRODUCT_RELATED_PRODUCT_CATEGORY(
'Push_Switch_8x8_6pin_with_Lock','Push_Switch_8x8_6pin_with_Lock',(#19500));
#19496=APPLICATION_PROTOCOL_DEFINITION('international standard',
'automotive_design',2009,#19497);
#19497=APPLICATION_CONTEXT(
'Core Data for Automotive Mechanical Design Process');
#19498=PRODUCT_CONTEXT('part definition',#19497,'mechanical');
#19499=PRODUCT('SA1Control_PCB_Lite','SA1Control_PCB_Lite',$,(#19498));
#19500=PRODUCT('Push_Switch_8x8_6pin_with_Lock',
'Push_Switch_8x8_6pin_with_Lock',$,(#19498));
ENDSEC;
END-ISO-10303-21;
